"vouch0","sex_name","match_i","match_ic","match_i7","age","phone","checkid","math","read","match_ic7","readcens1","readcens10","mathcens1","mathcens10"
0,0,0,0,0,10,1,1,0,0,0,32,40,32,35.0000038146973
0,0,1,1,1,10,0,1,39,54,1,54,54,39,39
0,0,1,1,1,10,0,1,42,41,1,41,41,42,42
0,0,1,1,1,10,1,1,45,52,1,52,52,45,45
0,0,0,0,0,10,1,1,0,0,0,32,40,32,35.0000038146973
0,0,1,1,1,10,1,1,50,54,1,54,54,50,50
0,0,1,1,1,10,1,1,34,41,1,41,41,34,35.0000038146973
0,0,0,0,0,10,1,1,0,0,0,32,40,32,35.0000038146973
0,0,0,0,0,10,1,1,0,0,0,32,40,32,35.0000038146973
0,0,1,1,1,10,1,1,43,36,1,36,40,43,43
0,0,1,1,1,10,1,1,42,44,1,44,44,42,42
0,0,1,1,1,10,1,1,35,47,1,47,47,35,35.0000038146973
0,1,1,1,1,10,1,1,37,47,1,47,47,37,37
0,1,1,1,1,10,1,1,45,54,1,54,54,45,45
0,1,1,1,1,10,1,1,35,47,1,47,47,35,35.0000038146973
0,1,0,0,0,10,1,1,0,0,0,32,40,32,35.0000038146973
0,1,1,0,1,10,1,1,45,44,0,44,44,45,45
0,1,0,0,0,10,1,1,0,0,0,32,40,32,35.0000038146973
0,1,0,0,0,10,1,1,0,0,0,32,40,32,35.0000038146973
0,1,1,1,1,10,1,1,45,52,1,52,52,45,45
0,0,0,0,0,11,1,1,0,0,0,32,40,32,35.0000038146973
0,0,1,1,1,11,1,1,37,47,1,47,47,37,37
0,0,0,0,0,11,1,1,0,0,0,32,40,32,35.0000038146973
0,0,1,1,1,11,1,1,42,46,1,46,46,42,42
0,0,1,1,1,11,0,1,35,38,1,38,40,35,35.0000038146973
0,0,0,0,0,11,1,1,0,0,0,32,40,32,35.0000038146973
0,0,1,1,1,11,1,1,37,54,1,54,54,37,37
0,0,1,1,1,11,1,1,40,58,1,58,58,40,40
0,0,1,1,1,11,1,1,42,52,1,52,52,42,42
0,0,1,1,1,11,1,1,52,56,1,56,56,52,52
0,0,0,0,0,11,0,1,0,0,0,32,40,32,35.0000038146973
0,0,0,0,0,11,1,1,0,0,0,32,40,32,35.0000038146973
0,0,1,1,1,11,1,1,37,44,1,44,44,37,37
0,0,1,1,1,11,1,1,39,36,1,36,40,39,39
0,0,0,0,0,11,1,1,0,0,0,32,40,32,35.0000038146973
0,0,1,1,1,11,1,1,47,51,1,51,51,47,47
0,0,1,1,1,11,0,1,47,48,1,48,48,47,47
0,0,1,1,1,11,1,1,40,47,1,47,47,40,40
0,0,1,1,1,11,1,1,42,50,1,50,50,42,42
0,0,1,1,0,11,1,1,43,44,0,44,44,43,43
0,0,1,1,0,11,1,1,45,36,0,36,40,45,45
0,0,0,0,0,11,1,1,0,0,0,32,40,32,35.0000038146973
0,0,1,1,1,11,1,1,43,52,1,52,52,43,43
0,0,1,1,1,11,1,1,48,48,1,48,48,48,48
0,0,1,1,1,11,1,1,39,47,1,47,47,39,39
0,0,1,1,1,11,1,1,39,43,1,43,43,39,39
0,0,1,1,1,11,1,1,40,48,1,48,48,40,40
0,0,0,0,0,11,1,1,0,0,0,32,40,32,35.0000038146973
0,0,0,0,0,11,1,1,0,0,0,32,40,32,35.0000038146973
0,0,1,0,1,11,0,1,47,48,0,48,48,47,47
0,0,0,0,0,11,1,1,0,0,0,32,40,32,35.0000038146973
0,0,1,1,1,11,1,1,47,47,1,47,47,47,47
0,0,1,1,1,11,1,1,43,54,1,54,54,43,43
0,0,0,0,0,11,1,1,0,0,0,32,40,32,35.0000038146973
0,0,0,0,0,11,0,1,0,0,0,32,40,32,35.0000038146973
0,0,0,0,0,11,1,1,0,0,0,32,40,32,35.0000038146973
0,0,0,0,0,11,1,1,0,0,0,32,40,32,35.0000038146973
0,0,0,0,0,11,1,1,0,0,0,32,40,32,35.0000038146973
0,0,0,0,0,11,1,1,0,0,0,32,40,32,35.0000038146973
0,0,0,0,0,11,0,1,0,0,0,32,40,32,35.0000038146973
0,0,1,1,0,11,1,1,43,41,0,41,41,43,43
0,0,0,0,0,11,0,1,0,0,0,32,40,32,35.0000038146973
0,0,1,1,1,11,1,1,42,55,1,55,55,42,42
0,0,1,1,1,11,1,1,43,56,1,56,56,43,43
0,0,1,1,1,11,0,1,47,46,1,46,46,47,47
0,0,1,1,1,11,1,1,43,47,1,47,47,43,43
0,0,0,0,0,11,1,1,0,0,0,32,40,32,35.0000038146973
0,0,1,1,1,11,1,1,53,36,1,36,40,53,53
0,0,1,1,1,11,1,1,48,48,1,48,48,48,48
0,0,1,1,1,11,1,1,43,51,1,51,51,43,43
0,0,1,1,1,11,1,1,45,51,1,51,51,45,45
0,0,1,1,1,11,1,1,45,47,1,47,47,45,45
0,0,1,1,1,11,1,1,35,46,1,46,46,35,35.0000038146973
0,0,0,0,0,11,1,0,0,0,0,32,40,32,35.0000038146973
0,0,0,0,0,11,1,1,0,0,0,32,40,32,35.0000038146973
0,0,1,1,1,11,1,1,52,50,1,50,50,52,52
0,0,0,0,0,11,1,0,0,0,0,32,40,32,35.0000038146973
0,0,1,1,1,11,1,1,34,36,1,36,40,34,35.0000038146973
0,0,1,1,1,11,1,1,39,51,1,51,51,39,39
0,0,0,0,0,11,1,1,0,0,0,32,40,32,35.0000038146973
0,0,0,0,0,11,1,1,0,0,0,32,40,32,35.0000038146973
0,0,1,1,1,11,1,1,43,43,1,43,43,43,43
0,0,0,0,0,11,1,1,0,0,0,32,40,32,35.0000038146973
0,0,1,1,0,11,1,1,34,50,0,50,50,34,35.0000038146973
0,0,0,0,0,11,1,1,0,0,0,32,40,32,35.0000038146973
0,0,0,0,0,11,1,1,0,0,0,32,40,32,35.0000038146973
0,0,0,0,0,11,1,1,0,0,0,32,40,32,35.0000038146973
0,0,1,1,1,11,1,1,42,32,1,32,40,42,42
0,0,0,0,0,11,1,1,0,0,0,32,40,32,35.0000038146973
0,0,1,1,1,11,1,1,47,48,1,48,48,47,47
0,0,1,1,1,11,1,1,50,61,1,61,61,50,50
0,0,1,1,1,11,1,1,42,51,1,51,51,42,42
0,0,1,0,1,11,1,1,42,47,0,47,47,42,42
0,0,1,1,1,11,1,1,39,52,1,52,52,39,39
0,0,1,1,1,11,1,1,30,46,1,46,46,32,35.0000038146973
0,0,1,1,1,11,1,1,39,58,1,58,58,39,39
0,0,0,0,0,11,0,1,0,0,0,32,40,32,35.0000038146973
0,0,0,0,0,11,1,1,0,0,0,32,40,32,35.0000038146973
0,0,1,1,0,11,1,1,43,43,0,43,43,43,43
0,0,1,1,1,11,1,1,39,47,1,47,47,39,39
0,0,0,0,0,11,1,1,0,0,0,32,40,32,35.0000038146973
0,0,0,0,0,11,1,1,0,0,0,32,40,32,35.0000038146973
0,0,1,1,1,11,1,1,43,38,1,38,40,43,43
0,0,1,1,1,11,1,1,35,48,1,48,48,35,35.0000038146973
0,0,1,0,1,11,1,1,43,43,0,43,43,43,43
0,0,1,1,1,11,1,1,50,32,1,32,40,50,50
0,0,1,1,1,11,1,1,34,50,1,50,50,34,35.0000038146973
0,0,1,1,1,11,1,1,45,46,1,46,46,45,45
0,0,0,0,0,11,0,1,0,0,0,32,40,32,35.0000038146973
0,0,1,1,1,11,1,1,45,48,1,48,48,45,45
0,0,1,1,1,11,1,1,45,50,1,50,50,45,45
0,0,0,0,0,11,1,1,0,0,0,32,40,32,35.0000038146973
0,0,0,0,0,11,1,1,0,0,0,32,40,32,35.0000038146973
0,0,1,1,1,11,1,1,42,41,1,41,41,42,42
0,0,0,0,0,11,1,1,0,0,0,32,40,32,35.0000038146973
0,0,0,0,0,11,1,1,0,0,0,32,40,32,35.0000038146973
0,0,0,0,0,11,1,1,0,0,0,32,40,32,35.0000038146973
0,0,0,0,0,11,1,1,0,0,0,32,40,32,35.0000038146973
0,0,1,1,1,11,1,1,40,56,1,56,56,40,40
0,0,1,1,1,11,1,1,39,46,1,46,46,39,39
0,0,1,1,1,11,1,1,45,48,1,48,48,45,45
0,0,0,0,0,11,1,1,0,0,0,32,40,32,35.0000038146973
0,0,1,1,1,11,1,1,39,46,1,46,46,39,39
0,0,1,1,1,11,1,1,45,54,1,54,54,45,45
0,0,1,1,0,11,1,1,50,41,0,41,41,50,50
0,0,1,1,1,11,0,1,42.4567909240723,47.2098770141602,1,47.2098770141602,47.2098770141602,42.4567909240723,42.4567909240723
0,0,1,1,1,11,1,1,39,50,1,50,50,39,39
0,0,1,1,1,11,1,1,43,43,1,43,43,43,43
0,0,0,0,0,11,1,1,0,0,0,32,40,32,35.0000038146973
0,0,1,1,1,11,1,1,47,51,1,51,51,47,47
0,0,0,0,0,11,1,1,0,0,0,32,40,32,35.0000038146973
0,0,1,1,1,11,1,1,50,48,1,48,48,50,50
0,0,1,1,1,11,1,1,37,41,1,41,41,37,37
0,0,1,1,1,11,1,1,42,51,1,51,51,42,42
0,0,0,0,0,11,1,1,0,0,0,32,40,32,35.0000038146973
0,0,1,1,1,11,1,1,50,51,1,51,51,50,50
0,0,0,0,0,11,1,1,0,0,0,32,40,32,35.0000038146973
0,0,1,1,1,11,1,1,39,50,1,50,50,39,39
0,0,1,1,1,11,1,1,47,46,1,46,46,47,47
0,0,0,0,0,11,1,1,0,0,0,32,40,32,35.0000038146973
0,0,0,0,0,11,1,1,0,0,0,32,40,32,35.0000038146973
0,0,1,1,1,11,1,1,35,44,1,44,44,35,35.0000038146973
0,0,0,0,0,11,1,1,0,0,0,32,40,32,35.0000038146973
0,0,1,1,1,11,1,1,47,47,1,47,47,47,47
0,0,0,0,0,11,0,1,0,0,0,32,40,32,35.0000038146973
0,0,0,0,0,11,1,1,0,0,0,32,40,32,35.0000038146973
0,0,1,1,1,11,1,1,35,48,1,48,48,35,35.0000038146973
0,0,0,0,0,11,1,1,0,0,0,32,40,32,35.0000038146973
0,0,1,1,1,11,1,1,48,38,1,38,40,48,48
0,0,1,1,0,11,1,1,45,44,0,44,44,45,45
0,0,0,0,0,11,1,0,0,0,0,32,40,32,35.0000038146973
0,0,1,1,1,11,1,1,40,48,1,48,48,40,40
0,0,1,1,1,11,1,1,40,56,1,56,56,40,40
0,0,1,1,1,11,1,1,42,48,1,48,48,42,42
0,1,1,1,1,11,1,1,39,46,1,46,46,39,39
0,1,1,1,1,11,1,1,42,48,1,48,48,42,42
0,1,1,1,1,11,1,1,0,0,1,32,40,32,35.0000038146973
0,1,1,1,1,11,1,1,52,58,1,58,58,52,52
0,1,1,1,1,11,1,1,30,47,1,47,47,32,35.0000038146973
0,1,0,0,0,11,1,1,0,0,0,32,40,32,35.0000038146973
0,1,1,1,1,11,1,1,47,38,1,38,40,47,47
0,1,0,0,0,11,1,1,0,0,0,32,40,32,35.0000038146973
0,1,0,0,0,11,1,1,0,0,0,32,40,32,35.0000038146973
0,1,1,1,1,11,1,1,47,50,1,50,50,47,47
0,1,0,0,0,11,1,1,0,0,0,32,40,32,35.0000038146973
0,1,1,1,1,11,1,1,35,44,1,44,44,35,35.0000038146973
0,1,0,0,0,11,1,1,0,0,0,32,40,32,35.0000038146973
0,1,0,0,0,11,1,1,0,0,0,32,40,32,35.0000038146973
0,1,0,0,0,11,1,1,0,0,0,32,40,32,35.0000038146973
0,1,1,1,1,11,0,1,42,38,1,38,40,42,42
0,1,1,1,1,11,1,1,37,56,1,56,56,37,37
0,1,0,0,0,11,1,1,0,0,0,32,40,32,35.0000038146973
0,1,0,0,0,11,1,1,0,0,0,32,40,32,35.0000038146973
0,1,0,0,0,11,1,1,0,0,0,32,40,32,35.0000038146973
0,1,0,0,0,11,1,1,0,0,0,32,40,32,35.0000038146973
0,1,0,0,0,11,1,1,0,0,0,32,40,32,35.0000038146973
0,1,0,0,0,11,1,1,0,0,0,32,40,32,35.0000038146973
0,1,0,0,0,11,1,1,0,0,0,32,40,32,35.0000038146973
0,1,1,1,1,11,1,1,43,47,1,47,47,43,43
0,1,0,0,0,11,1,1,0,0,0,32,40,32,35.0000038146973
0,1,1,1,1,11,1,1,34,44,1,44,44,34,35.0000038146973
0,1,0,0,0,11,1,1,0,0,0,32,40,32,35.0000038146973
0,1,1,1,1,11,1,1,43,46,1,46,46,43,43
0,1,1,1,1,11,0,1,45,54,1,54,54,45,45
0,1,0,0,0,11,1,1,0,0,0,32,40,32,35.0000038146973
0,1,1,1,1,11,1,1,35,54,1,54,54,35,35.0000038146973
0,1,1,1,1,11,1,1,48,50,1,50,50,48,48
0,1,0,0,0,11,1,1,0,0,0,32,40,32,35.0000038146973
0,1,1,1,1,11,1,1,0,0,1,32,40,32,35.0000038146973
0,1,1,1,1,11,1,1,45,41,1,41,41,45,45
0,1,0,0,0,11,1,1,0,0,0,32,40,32,35.0000038146973
0,1,0,0,0,11,1,1,0,0,0,32,40,32,35.0000038146973
0,1,0,0,0,11,1,1,0,0,0,32,40,32,35.0000038146973
0,1,1,1,1,11,0,1,39,55,1,55,55,39,39
0,1,0,0,0,11,1,1,0,0,0,32,40,32,35.0000038146973
0,1,1,1,1,11,1,1,35,44,1,44,44,35,35.0000038146973
0,1,1,1,1,11,1,1,42,46,1,46,46,42,42
0,1,0,0,0,11,1,1,0,0,0,32,40,32,35.0000038146973
0,1,0,0,0,11,1,1,0,0,0,32,40,32,35.0000038146973
0,1,0,0,0,11,1,1,0,0,0,32,40,32,35.0000038146973
0,1,1,1,1,11,1,1,47,47,1,47,47,47,47
0,1,0,0,0,11,1,1,0,0,0,32,40,32,35.0000038146973
0,1,0,0,0,11,1,1,0,0,0,32,40,32,35.0000038146973
0,1,0,0,0,11,0,1,0,0,0,32,40,32,35.0000038146973
0,1,0,0,0,11,1,1,0,0,0,32,40,32,35.0000038146973
0,1,1,1,1,11,1,1,42,51,1,51,51,42,42
0,1,0,0,0,11,1,1,0,0,0,32,40,32,35.0000038146973
0,1,1,1,1,11,1,1,43,43,1,43,43,43,43
0,1,1,1,1,11,1,1,45,52,1,52,52,45,45
0,1,1,1,1,11,1,1,45,43,1,43,43,45,45
0,1,0,0,0,11,1,1,0,0,0,32,40,32,35.0000038146973
0,1,0,0,0,11,1,1,0,0,0,32,40,32,35.0000038146973
0,1,1,1,1,11,1,1,48,56,1,56,56,48,48
0,1,1,1,1,11,1,1,42,46,1,46,46,42,42
0,1,1,1,1,11,1,1,39,46,1,46,46,39,39
0,1,0,0,0,11,1,1,0,0,0,32,40,32,35.0000038146973
0,1,1,0,1,11,1,1,39,38,0,38,40,39,39
0,1,1,1,1,11,1,1,45,44,1,44,44,45,45
0,1,1,1,1,11,0,1,44,49,1,49,49,44,44
0,1,0,0,0,11,1,1,0,0,0,32,40,32,35.0000038146973
0,1,0,0,0,11,0,1,0,0,0,32,40,32,35.0000038146973
0,1,1,1,1,11,1,1,53,54,1,54,54,53,53
0,1,1,1,0,11,0,1,50,54,0,54,54,50,50
0,1,1,1,1,11,1,1,42,43,1,43,43,42,42
0,1,0,0,0,11,1,1,0,0,0,32,40,32,35.0000038146973
0,1,0,0,0,11,1,0,0,0,0,32,40,32,35.0000038146973
0,1,0,0,0,11,1,1,0,0,0,32,40,32,35.0000038146973
0,1,0,0,0,11,1,1,0,0,0,32,40,32,35.0000038146973
0,1,0,0,0,11,1,1,0,0,0,32,40,32,35.0000038146973
0,1,1,1,1,11,1,1,47,50,1,50,50,47,47
0,1,0,0,0,11,1,0,0,0,0,32,40,32,35.0000038146973
0,1,0,0,0,11,1,1,0,0,0,32,40,32,35.0000038146973
0,1,1,1,1,11,1,1,48,52,1,52,52,48,48
0,1,1,1,1,11,1,1,43,51,1,51,51,43,43
0,1,0,0,0,11,1,1,0,0,0,32,40,32,35.0000038146973
0,1,1,1,1,11,0,1,52,52,1,52,52,52,52
0,1,0,0,0,11,1,1,0,0,0,32,40,32,35.0000038146973
0,1,1,1,1,11,0,1,42,40,1,40,40,42,42
0,1,1,1,1,11,1,1,35,43,1,43,43,35,35.0000038146973
0,1,1,1,1,11,0,1,37,50,1,50,50,37,37
0,1,0,0,0,11,1,1,0,0,0,32,40,32,35.0000038146973
0,1,0,0,0,11,1,1,0,0,0,32,40,32,35.0000038146973
0,1,0,0,0,11,0,1,0,0,0,32,40,32,35.0000038146973
0,1,0,0,0,11,1,1,0,0,0,32,40,32,35.0000038146973
0,1,1,1,1,11,1,1,42,44,1,44,44,42,42
0,1,1,1,1,11,1,1,35,47,1,47,47,35,35.0000038146973
0,1,1,1,1,11,1,1,35,47,1,47,47,35,35.0000038146973
0,1,1,1,0,11,1,1,42,47,0,47,47,42,42
0,1,1,1,1,11,1,1,37,44,1,44,44,37,37
0,1,0,0,0,11,1,1,0,0,0,32,40,32,35.0000038146973
0,1,1,1,1,11,1,1,40,47,1,47,47,40,40
0,1,1,1,1,11,1,1,47,43,1,43,43,47,47
0,1,0,0,0,11,1,1,0,0,0,32,40,32,35.0000038146973
0,1,1,1,1,11,1,1,45,47,1,47,47,45,45
0,1,1,1,1,11,1,1,43,38,1,38,40,43,43
0,1,0,0,0,11,1,1,0,0,0,32,40,32,35.0000038146973
0,1,0,0,0,11,1,0,0,0,0,32,40,32,35.0000038146973
0,1,0,0,0,11,1,1,0,0,0,32,40,32,35.0000038146973
0,1,1,1,1,11,1,1,45,54,1,54,54,45,45
0,1,0,0,0,11,1,1,0,0,0,32,40,32,35.0000038146973
0,1,0,0,0,11,1,1,0,0,0,32,40,32,35.0000038146973
0,1,0,0,0,11,1,1,0,0,0,32,40,32,35.0000038146973
0,1,1,1,1,11,1,1,39,40,1,40,40,39,39
0,0,1,1,1,12,1,1,40,32,1,32,40,40,40
0,0,1,1,1,12,1,1,45,41,1,41,41,45,45
0,0,0,0,0,12,1,1,0,0,0,32,40,32,35.0000038146973
0,0,0,0,0,12,1,1,0,0,0,32,40,32,35.0000038146973
0,0,1,1,1,12,0,1,42.7117118835449,46.6036033630371,1,46.6036033630371,46.6036033630371,42.7117118835449,42.7117118835449
0,0,0,0,0,12,1,1,0,0,0,32,40,32,35.0000038146973
0,0,1,1,1,12,1,1,0,0,1,32,40,32,35.0000038146973
0,0,0,0,0,12,0,1,0,0,0,32,40,32,35.0000038146973
0,0,0,0,0,12,1,1,0,0,0,32,40,32,35.0000038146973
0,0,0,0,0,12,1,1,0,0,0,32,40,32,35.0000038146973
0,0,0,0,0,12,0,1,0,0,0,32,40,32,35.0000038146973
0,0,0,0,0,12,1,0,0,0,0,32,40,32,35.0000038146973
0,0,0,0,0,12,1,0,0,0,0,32,40,32,35.0000038146973
0,0,0,0,0,12,1,1,0,0,0,32,40,32,35.0000038146973
0,0,1,1,1,12,1,1,40,44,1,44,44,40,40
0,0,0,0,0,12,1,1,0,0,0,32,40,32,35.0000038146973
0,0,1,1,1,12,1,1,42,47,1,47,47,42,42
0,0,1,1,1,12,1,1,38,46,1,46,46,38,38
0,0,0,0,0,12,1,1,0,0,0,32,40,32,35.0000038146973
0,0,1,1,1,12,1,1,42,48,1,48,48,42,42
0,0,0,0,0,12,1,1,0,0,0,32,40,32,35.0000038146973
0,0,1,1,1,12,1,1,45,50,1,50,50,45,45
0,0,0,0,0,12,0,1,0,0,0,32,40,32,35.0000038146973
0,0,0,0,0,12,1,1,0,0,0,32,40,32,35.0000038146973
0,0,0,0,0,12,1,1,0,0,0,32,40,32,35.0000038146973
0,0,0,0,0,12,1,1,0,0,0,32,40,32,35.0000038146973
0,0,1,1,1,12,1,1,34,46,1,46,46,34,35.0000038146973
0,0,1,1,1,12,0,1,48,44,1,44,44,48,48
0,0,0,0,0,12,1,1,0,0,0,32,40,32,35.0000038146973
0,0,1,1,1,12,1,1,43,47,1,47,47,43,43
0,0,0,0,0,12,1,1,0,0,0,32,40,32,35.0000038146973
0,0,1,1,1,12,1,1,40,44,1,44,44,40,40
0,0,0,0,0,12,1,1,0,0,0,32,40,32,35.0000038146973
0,0,0,0,0,12,1,1,0,0,0,32,40,32,35.0000038146973
0,0,1,1,1,12,1,1,47,47,1,47,47,47,47
0,0,0,0,0,12,1,1,0,0,0,32,40,32,35.0000038146973
0,0,1,1,1,12,1,1,32,32,1,32,40,32,35.0000038146973
0,0,1,1,0,12,1,1,39,50,0,50,50,39,39
0,0,0,0,0,12,1,1,0,0,0,32,40,32,35.0000038146973
0,0,1,0,1,12,1,1,42,32,0,32,40,42,42
0,0,0,0,0,12,0,1,0,0,0,32,40,32,35.0000038146973
0,0,1,1,0,12,1,1,50,50,0,50,50,50,50
0,0,0,0,0,12,1,1,0,0,0,32,40,32,35.0000038146973
0,0,1,1,1,12,1,1,43,46,1,46,46,43,43
0,0,0,0,0,12,1,1,0,0,0,32,40,32,35.0000038146973
0,0,0,0,0,12,1,1,0,0,0,32,40,32,35.0000038146973
0,0,1,1,1,12,1,1,40,55,1,55,55,40,40
0,0,0,0,0,12,0,1,0,0,0,32,40,32,35.0000038146973
0,0,1,1,1,12,1,1,37,34,1,34,40,37,37
0,0,1,1,1,12,1,1,35,43,1,43,43,35,35.0000038146973
0,0,1,0,1,12,1,1,47,46,0,46,46,47,47
0,0,0,0,0,12,1,1,0,0,0,32,40,32,35.0000038146973
0,0,0,0,0,12,1,1,0,0,0,32,40,32,35.0000038146973
0,0,0,0,0,12,1,1,0,0,0,32,40,32,35.0000038146973
0,0,1,1,1,12,1,1,34,51,1,51,51,34,35.0000038146973
0,0,0,0,0,12,0,1,0,0,0,32,40,32,35.0000038146973
0,0,0,0,0,12,1,1,0,0,0,32,40,32,35.0000038146973
0,0,1,1,1,12,1,1,47,43,1,43,43,47,47
0,0,0,0,0,12,1,1,0,0,0,32,40,32,35.0000038146973
0,0,0,0,0,12,1,1,0,0,0,32,40,32,35.0000038146973
0,0,0,0,0,12,1,1,0,0,0,32,40,32,35.0000038146973
0,0,0,0,0,12,1,1,0,0,0,32,40,32,35.0000038146973
0,0,0,0,0,12,1,1,0,0,0,32,40,32,35.0000038146973
0,0,0,0,0,12,1,1,0,0,0,32,40,32,35.0000038146973
0,0,0,0,0,12,1,1,0,0,0,32,40,32,35.0000038146973
0,0,1,1,1,12,1,1,43,43,1,43,43,43,43
0,0,0,0,0,12,1,1,0,0,0,32,40,32,35.0000038146973
0,0,0,0,0,12,1,1,0,0,0,32,40,32,35.0000038146973
0,0,1,1,1,12,0,1,42,52,1,52,52,42,42
0,0,0,0,0,12,1,1,0,0,0,32,40,32,35.0000038146973
0,0,1,1,1,12,1,1,52,55,1,55,55,52,52
0,0,0,0,0,12,1,1,0,0,0,32,40,32,35.0000038146973
0,0,0,0,0,12,1,0,0,0,0,32,40,32,35.0000038146973
0,0,1,1,1,12,1,1,50,44,1,44,44,50,50
0,0,0,0,0,12,1,1,0,0,0,32,40,32,35.0000038146973
0,0,0,0,0,12,1,1,0,0,0,32,40,32,35.0000038146973
0,0,0,0,0,12,1,1,0,0,0,32,40,32,35.0000038146973
0,0,1,1,1,12,1,1,40,46,1,46,46,40,40
0,0,1,1,0,12,1,1,45,44,0,44,44,45,45
0,0,0,0,0,12,1,1,0,0,0,32,40,32,35.0000038146973
0,0,0,0,0,12,1,1,0,0,0,32,40,32,35.0000038146973
0,0,0,0,0,12,1,1,0,0,0,32,40,32,35.0000038146973
0,0,0,0,0,12,1,1,0,0,0,32,40,32,35.0000038146973
0,0,1,1,1,12,1,1,45,47,1,47,47,45,45
0,0,1,1,1,12,0,1,39,51,1,51,51,39,39
0,0,1,1,1,12,1,1,50,40,1,40,40,50,50
0,0,1,1,1,12,1,1,48,47,1,47,47,48,48
0,0,0,0,0,12,0,1,0,0,0,32,40,32,35.0000038146973
0,0,0,0,0,12,0,1,0,0,0,32,40,32,35.0000038146973
0,0,0,0,0,12,1,1,0,0,0,32,40,32,35.0000038146973
0,0,0,0,0,12,1,1,0,0,0,32,40,32,35.0000038146973
0,0,1,1,1,12,1,1,50,47,1,47,47,50,50
0,0,0,0,0,12,0,1,0,0,0,32,40,32,35.0000038146973
0,0,1,1,1,12,1,1,53,51,1,51,51,53,53
0,0,1,1,0,12,1,1,40,51,0,51,51,40,40
0,0,0,0,0,12,1,1,0,0,0,32,40,32,35.0000038146973
0,0,1,1,1,12,1,1,39,41,1,41,41,39,39
0,0,0,0,0,12,1,1,0,0,0,32,40,32,35.0000038146973
0,0,1,1,0,12,1,1,42,47,0,47,47,42,42
0,0,1,1,1,12,0,1,52,44,1,44,44,52,52
0,0,1,1,1,12,1,1,50,41,1,41,41,50,50
0,0,1,1,1,12,1,1,47,50,1,50,50,47,47
0,0,0,0,0,12,1,1,0,0,0,32,40,32,35.0000038146973
0,0,0,0,0,12,1,1,0,0,0,32,40,32,35.0000038146973
0,0,0,0,0,12,1,1,0,0,0,32,40,32,35.0000038146973
0,0,1,1,1,12,0,1,40,47,1,47,47,40,40
0,0,1,1,1,12,1,1,52,40,1,40,40,52,52
0,0,0,0,0,12,1,1,0,0,0,32,40,32,35.0000038146973
0,0,0,0,0,12,1,1,0,0,0,32,40,32,35.0000038146973
0,0,0,0,0,12,1,1,0,0,0,32,40,32,35.0000038146973
0,0,0,0,0,12,1,1,0,0,0,32,40,32,35.0000038146973
0,0,1,0,1,12,1,1,45,52,0,52,52,45,45
0,0,1,1,1,12,1,1,39,48,1,48,48,39,39
0,0,0,0,0,12,1,1,0,0,0,32,40,32,35.0000038146973
0,0,1,1,1,12,1,1,40,44,1,44,44,40,40
0,0,0,0,0,12,1,1,0,0,0,32,40,32,35.0000038146973
0,0,0,0,0,12,1,1,0,0,0,32,40,32,35.0000038146973
0,0,1,1,1,12,1,1,45,59,1,59,59,45,45
0,0,0,0,0,12,1,1,0,0,0,32,40,32,35.0000038146973
0,0,0,0,0,12,1,1,0,0,0,32,40,32,35.0000038146973
0,0,1,1,1,12,1,1,0,0,1,32,40,32,35.0000038146973
0,0,0,0,0,12,1,1,0,0,0,32,40,32,35.0000038146973
0,0,1,1,1,12,1,1,0,0,1,32,40,32,35.0000038146973
0,0,0,0,0,12,1,1,0,0,0,32,40,32,35.0000038146973
0,0,1,1,1,12,0,1,47,50,1,50,50,47,47
0,0,1,0,1,12,1,1,40,52,0,52,52,40,40
0,0,0,0,0,12,1,1,0,0,0,32,40,32,35.0000038146973
0,0,1,1,1,12,1,1,42,43,1,43,43,42,42
0,0,0,0,0,12,1,1,0,0,0,32,40,32,35.0000038146973
0,0,0,0,0,12,0,1,0,0,0,32,40,32,35.0000038146973
0,0,1,1,1,12,1,1,47,56,1,56,56,47,47
0,0,0,0,0,12,0,1,0,0,0,32,40,32,35.0000038146973
0,0,0,0,0,12,0,1,0,0,0,32,40,32,35.0000038146973
0,0,0,0,0,12,1,1,0,0,0,32,40,32,35.0000038146973
0,0,0,0,0,12,1,1,0,0,0,32,40,32,35.0000038146973
0,0,0,0,0,12,1,1,0,0,0,32,40,32,35.0000038146973
0,0,0,0,0,12,1,1,0,0,0,32,40,32,35.0000038146973
0,0,0,0,0,12,1,1,0,0,0,32,40,32,35.0000038146973
0,0,0,0,0,12,1,1,0,0,0,32,40,32,35.0000038146973
0,0,0,0,0,12,1,1,0,0,0,32,40,32,35.0000038146973
0,0,1,1,1,12,1,1,40,50,1,50,50,40,40
0,0,0,0,0,12,1,1,0,0,0,32,40,32,35.0000038146973
0,0,0,0,0,12,1,1,0,0,0,32,40,32,35.0000038146973
0,0,1,1,1,12,1,1,39,44,1,44,44,39,39
0,0,0,0,0,12,1,1,0,0,0,32,40,32,35.0000038146973
0,0,1,1,1,12,1,1,43,47,1,47,47,43,43
0,0,1,1,1,12,1,1,47,46,1,46,46,47,47
0,0,1,1,0,12,1,1,40,46,0,46,46,40,40
0,0,0,0,0,12,1,1,0,0,0,32,40,32,35.0000038146973
0,0,0,0,0,12,1,1,0,0,0,32,40,32,35.0000038146973
0,0,0,0,0,12,1,1,0,0,0,32,40,32,35.0000038146973
0,0,1,1,1,12,1,1,43,48,1,48,48,43,43
0,0,1,1,1,12,1,1,35,43,1,43,43,35,35.0000038146973
0,0,1,1,1,12,1,1,39,54,1,54,54,39,39
0,0,1,1,1,12,1,1,43,48,1,48,48,43,43
0,0,0,0,0,12,0,1,0,0,0,32,40,32,35.0000038146973
0,0,0,0,0,12,1,1,0,0,0,32,40,32,35.0000038146973
0,0,1,1,1,12,1,1,42,41,1,41,41,42,42
0,0,0,0,0,12,1,1,0,0,0,32,40,32,35.0000038146973
0,0,0,0,0,12,0,1,0,0,0,32,40,32,35.0000038146973
0,0,1,1,1,12,1,1,42,40,1,40,40,42,42
0,0,0,0,0,12,1,1,0,0,0,32,40,32,35.0000038146973
0,0,0,0,0,12,1,1,0,0,0,32,40,32,35.0000038146973
0,0,0,0,0,12,1,1,0,0,0,32,40,32,35.0000038146973
0,0,1,1,1,12,1,1,43,48,1,48,48,43,43
0,0,0,0,0,12,1,1,0,0,0,32,40,32,35.0000038146973
0,0,0,0,0,12,1,1,0,0,0,32,40,32,35.0000038146973
0,0,1,1,1,12,1,1,40,47,1,47,47,40,40
0,0,1,1,1,12,1,1,45,46,1,46,46,45,45
0,0,0,0,0,12,1,1,0,0,0,32,40,32,35.0000038146973
0,0,1,1,0,12,1,1,48,55,0,55,55,48,48
0,0,0,0,0,12,1,1,0,0,0,32,40,32,35.0000038146973
0,0,0,0,0,12,1,1,0,0,0,32,40,32,35.0000038146973
0,0,1,1,1,12,1,1,37,43,1,43,43,37,37
0,0,1,1,1,12,1,1,39,34,1,34,40,39,39
0,0,1,1,1,12,0,1,42,55,1,55,55,42,42
0,0,1,1,1,12,1,1,45,54,1,54,54,45,45
0,0,0,0,0,12,1,1,0,0,0,32,40,32,35.0000038146973
0,0,0,0,0,12,0,1,0,0,0,32,40,32,35.0000038146973
0,0,0,0,0,12,1,1,0,0,0,32,40,32,35.0000038146973
0,0,0,0,0,12,1,1,0,0,0,32,40,32,35.0000038146973
0,0,1,1,1,12,1,1,37,41,1,41,41,37,37
0,0,1,1,1,12,1,1,43,43,1,43,43,43,43
0,0,0,0,0,12,1,1,0,0,0,32,40,32,35.0000038146973
0,0,1,1,1,12,1,1,45,52,1,52,52,45,45
0,0,0,0,0,12,1,0,0,0,0,32,40,32,35.0000038146973
0,0,1,1,1,12,1,1,50,52,1,52,52,50,50
0,0,0,0,0,12,1,1,0,0,0,32,40,32,35.0000038146973
0,0,1,1,1,12,1,1,47,44,1,44,44,47,47
0,0,1,1,1,12,1,1,47,46,1,46,46,47,47
0,0,1,1,1,12,1,1,35,51,1,51,51,35,35.0000038146973
0,0,0,0,0,12,1,1,0,0,0,32,40,32,35.0000038146973
0,0,0,0,0,12,1,1,0,0,0,32,40,32,35.0000038146973
0,0,1,1,1,12,1,1,40,48,1,48,48,40,40
0,0,1,0,1,12,1,1,43,46,0,46,46,43,43
0,0,0,0,0,12,1,1,0,0,0,32,40,32,35.0000038146973
0,0,0,0,0,12,1,1,0,0,0,32,40,32,35.0000038146973
0,0,1,1,1,12,1,1,45,44,1,44,44,45,45
0,0,0,0,0,12,1,1,0,0,0,32,40,32,35.0000038146973
0,0,0,0,0,12,1,1,0,0,0,32,40,32,35.0000038146973
0,0,1,1,0,12,1,1,47,43,0,43,43,47,47
0,0,0,0,0,12,1,1,0,0,0,32,40,32,35.0000038146973
0,0,0,0,0,12,1,1,0,0,0,32,40,32,35.0000038146973
0,0,0,0,0,12,1,1,0,0,0,32,40,32,35.0000038146973
0,0,0,0,0,12,1,1,0,0,0,32,40,32,35.0000038146973
0,0,1,1,1,12,1,1,43,46,1,46,46,43,43
0,0,1,1,1,12,1,1,47,44,1,44,44,47,47
0,0,1,1,1,12,1,1,45,56,1,56,56,45,45
0,0,0,0,0,12,1,1,0,0,0,32,40,32,35.0000038146973
0,0,1,1,1,12,1,1,45,46,1,46,46,45,45
0,0,1,1,1,12,0,1,42,47,1,47,47,42,42
0,0,0,0,0,12,1,0,0,0,0,32,40,32,35.0000038146973
0,0,1,1,1,12,1,1,45,51,1,51,51,45,45
0,0,1,1,1,12,1,1,42,47,1,47,47,42,42
0,0,1,1,1,12,0,1,34,55,1,55,55,34,35.0000038146973
0,0,0,0,0,12,1,1,0,0,0,32,40,32,35.0000038146973
0,0,0,0,0,12,1,1,0,0,0,32,40,32,35.0000038146973
0,0,0,0,0,12,1,1,0,0,0,32,40,32,35.0000038146973
0,0,1,1,1,12,0,1,40,43,1,43,43,40,40
0,0,1,1,0,12,1,1,50,47,0,47,47,50,50
0,0,1,1,1,12,0,1,43,48,1,48,48,43,43
0,0,1,1,1,12,1,1,45,43,1,43,43,45,45
0,0,1,1,1,12,0,1,35,51,1,51,51,35,35.0000038146973
0,0,1,1,1,12,1,1,35,43,1,43,43,35,35.0000038146973
0,0,0,0,0,12,1,1,0,0,0,32,40,32,35.0000038146973
0,0,0,0,0,12,0,1,0,0,0,32,40,32,35.0000038146973
0,0,0,0,0,12,1,1,0,0,0,32,40,32,35.0000038146973
0,0,1,1,1,12,1,1,47,51,1,51,51,47,47
0,0,1,1,1,12,1,1,40,55,1,55,55,40,40
0,0,0,0,0,12,1,1,0,0,0,32,40,32,35.0000038146973
0,0,1,1,1,12,1,1,42,50,1,50,50,42,42
0,0,1,1,1,12,1,1,50,51,1,51,51,50,50
0,0,1,1,1,12,1,1,43,38,1,38,40,43,43
0,0,0,0,0,12,1,1,0,0,0,32,40,32,35.0000038146973
0,0,1,1,1,12,1,1,48,32,1,32,40,48,48
0,0,0,0,0,12,1,1,0,0,0,32,40,32,35.0000038146973
0,0,1,1,1,12,0,1,40,47,1,47,47,40,40
0,0,1,1,1,12,1,1,42,36,1,36,40,42,42
0,0,0,0,0,12,0,1,0,0,0,32,40,32,35.0000038146973
0,0,1,1,1,12,1,1,43,47,1,47,47,43,43
0,0,1,1,1,12,1,1,45,51,1,51,51,45,45
0,0,0,0,0,12,0,1,0,0,0,32,40,32,35.0000038146973
0,0,1,1,1,12,1,1,37,58,1,58,58,37,37
0,0,1,1,1,12,1,1,43,46,1,46,46,43,43
0,0,1,1,1,12,1,1,34,46,1,46,46,34,35.0000038146973
0,0,0,0,0,12,1,1,0,0,0,32,40,32,35.0000038146973
0,0,0,0,0,12,1,1,0,0,0,32,40,32,35.0000038146973
0,0,1,1,1,12,1,1,35,46,1,46,46,35,35.0000038146973
0,0,0,0,0,12,1,0,0,0,0,32,40,32,35.0000038146973
0,0,1,1,1,12,1,1,42,51,1,51,51,42,42
0,0,1,1,1,12,1,1,34,52,1,52,52,34,35.0000038146973
0,1,0,0,0,12,1,1,0,0,0,32,40,32,35.0000038146973
0,1,0,0,0,12,1,1,0,0,0,32,40,32,35.0000038146973
0,1,0,0,0,12,1,1,0,0,0,32,40,32,35.0000038146973
0,1,1,1,1,12,1,1,37,36,1,36,40,37,37
0,1,0,0,0,12,1,1,0,0,0,32,40,32,35.0000038146973
0,1,1,1,1,12,1,1,47,41,1,41,41,47,47
0,1,0,0,0,12,1,1,0,0,0,32,40,32,35.0000038146973
0,1,0,0,0,12,1,1,0,0,0,32,40,32,35.0000038146973
0,1,0,0,0,12,1,1,0,0,0,32,40,32,35.0000038146973
0,1,0,0,0,12,1,1,0,0,0,32,40,32,35.0000038146973
0,1,0,0,0,12,1,1,0,0,0,32,40,32,35.0000038146973
0,1,1,1,1,12,1,1,43,48,1,48,48,43,43
0,1,1,0,1,12,1,1,43,51,0,51,51,43,43
0,1,1,1,1,12,0,1,39,52,1,52,52,39,39
0,1,0,0,0,12,1,1,0,0,0,32,40,32,35.0000038146973
0,1,1,1,1,12,1,1,43,48,1,48,48,43,43
0,1,1,1,1,12,1,1,42,51,1,51,51,42,42
0,1,0,0,0,12,1,1,0,0,0,32,40,32,35.0000038146973
0,1,0,0,0,12,1,1,0,0,0,32,40,32,35.0000038146973
0,1,1,1,1,12,1,1,47,48,1,48,48,47,47
0,1,0,0,0,12,1,1,0,0,0,32,40,32,35.0000038146973
0,1,0,0,0,12,1,1,0,0,0,32,40,32,35.0000038146973
0,1,0,0,0,12,1,1,0,0,0,32,40,32,35.0000038146973
0,1,1,1,1,12,1,1,43,50,1,50,50,43,43
0,1,1,1,1,12,1,1,39,50,1,50,50,39,39
0,1,0,0,0,12,1,1,0,0,0,32,40,32,35.0000038146973
0,1,0,0,0,12,1,1,0,0,0,32,40,32,35.0000038146973
0,1,0,0,0,12,1,1,0,0,0,32,40,32,35.0000038146973
0,1,0,0,0,12,1,1,0,0,0,32,40,32,35.0000038146973
0,1,1,1,1,12,1,1,35,48,1,48,48,35,35.0000038146973
0,1,1,1,1,12,0,1,47,51,1,51,51,47,47
0,1,1,1,1,12,1,1,37,50,1,50,50,37,37
0,1,0,0,0,12,1,0,0,0,0,32,40,32,35.0000038146973
0,1,0,0,0,12,1,1,0,0,0,32,40,32,35.0000038146973
0,1,0,0,0,12,1,1,0,0,0,32,40,32,35.0000038146973
0,1,1,1,1,12,1,1,43,34,1,34,40,43,43
0,1,1,0,1,12,1,1,45,48,0,48,48,45,45
0,1,0,0,0,12,1,1,0,0,0,32,40,32,35.0000038146973
0,1,1,1,0,12,1,1,42,51,0,51,51,42,42
0,1,0,0,0,12,1,1,0,0,0,32,40,32,35.0000038146973
0,1,1,1,1,12,1,1,40,54,1,54,54,40,40
0,1,1,1,1,12,1,1,37,51,1,51,51,37,37
0,1,0,0,0,12,1,1,0,0,0,32,40,32,35.0000038146973
0,1,0,0,0,12,0,1,0,0,0,32,40,32,35.0000038146973
0,1,0,0,0,12,1,1,0,0,0,32,40,32,35.0000038146973
0,1,0,0,0,12,1,1,0,0,0,32,40,32,35.0000038146973
0,1,1,1,1,12,1,1,42,55,1,55,55,42,42
0,1,0,0,0,12,1,1,0,0,0,32,40,32,35.0000038146973
0,1,0,0,0,12,1,1,0,0,0,32,40,32,35.0000038146973
0,1,1,1,1,12,1,1,41,51,1,51,51,41,41
0,1,0,0,0,12,1,1,0,0,0,32,40,32,35.0000038146973
0,1,1,1,1,12,0,1,39,50,1,50,50,39,39
0,1,1,1,1,12,1,1,40,46,1,46,46,40,40
0,1,0,0,0,12,1,1,0,0,0,32,40,32,35.0000038146973
0,1,1,1,1,12,1,1,40,50,1,50,50,40,40
0,1,1,1,0,12,1,1,40,52,0,52,52,40,40
0,1,0,0,0,12,1,1,0,0,0,32,40,32,35.0000038146973
0,1,0,0,0,12,1,1,0,0,0,32,40,32,35.0000038146973
0,1,1,1,1,12,1,1,47,47,1,47,47,47,47
0,1,0,0,0,12,1,1,0,0,0,32,40,32,35.0000038146973
0,1,1,1,1,12,1,1,35,50,1,50,50,35,35.0000038146973
0,1,1,1,1,12,1,1,48,50,1,50,50,48,48
0,1,0,0,0,12,1,1,0,0,0,32,40,32,35.0000038146973
0,1,1,1,1,12,1,1,30,41,1,41,41,32,35.0000038146973
0,1,0,0,0,12,1,1,0,0,0,32,40,32,35.0000038146973
0,1,1,1,1,12,1,1,43,51,1,51,51,43,43
0,1,0,0,0,12,1,1,0,0,0,32,40,32,35.0000038146973
0,1,0,0,0,12,1,1,0,0,0,32,40,32,35.0000038146973
0,1,0,0,0,12,1,1,0,0,0,32,40,32,35.0000038146973
0,1,1,1,1,12,1,1,0,0,1,32,40,32,35.0000038146973
0,1,1,1,1,12,1,1,40,56,1,56,56,40,40
0,1,1,1,1,12,1,1,40,58,1,58,58,40,40
0,1,0,0,0,12,1,1,0,0,0,32,40,32,35.0000038146973
0,1,1,1,1,12,1,1,35,47,1,47,47,35,35.0000038146973
0,1,0,0,0,12,1,1,0,0,0,32,40,32,35.0000038146973
0,1,1,1,1,12,1,1,37,46,1,46,46,37,37
0,1,0,0,0,12,1,0,0,0,0,32,40,32,35.0000038146973
0,1,0,0,0,12,1,1,0,0,0,32,40,32,35.0000038146973
0,1,0,0,0,12,1,1,0,0,0,32,40,32,35.0000038146973
0,1,0,0,0,12,1,1,0,0,0,32,40,32,35.0000038146973
0,1,0,0,0,12,1,1,0,0,0,32,40,32,35.0000038146973
0,1,0,0,0,12,1,1,0,0,0,32,40,32,35.0000038146973
0,1,1,1,1,12,1,1,42.5578956604004,48.2526321411133,1,48.2526321411133,48.2526321411133,42.5578956604004,42.5578956604004
0,1,0,0,0,12,1,1,0,0,0,32,40,32,35.0000038146973
0,1,0,0,0,12,1,1,0,0,0,32,40,32,35.0000038146973
0,1,0,0,0,12,1,1,0,0,0,32,40,32,35.0000038146973
0,1,0,0,0,12,1,1,0,0,0,32,40,32,35.0000038146973
0,1,0,0,0,12,1,1,0,0,0,32,40,32,35.0000038146973
0,1,0,0,0,12,1,1,0,0,0,32,40,32,35.0000038146973
0,1,0,0,0,12,1,1,0,0,0,32,40,32,35.0000038146973
0,1,1,1,1,12,1,1,52,51,1,51,51,52,52
0,1,0,0,0,12,1,1,0,0,0,32,40,32,35.0000038146973
0,1,0,0,0,12,1,1,0,0,0,32,40,32,35.0000038146973
0,1,0,0,0,12,0,1,0,0,0,32,40,32,35.0000038146973
0,1,1,1,1,12,1,1,40,46,1,46,46,40,40
0,1,1,1,1,12,1,1,39,46,1,46,46,39,39
0,1,0,0,0,12,1,1,0,0,0,32,40,32,35.0000038146973
0,1,1,1,0,12,0,1,37,44,0,44,44,37,37
0,1,0,0,0,12,1,1,0,0,0,32,40,32,35.0000038146973
0,1,0,0,0,12,1,1,0,0,0,32,40,32,35.0000038146973
0,1,0,0,0,12,1,1,0,0,0,32,40,32,35.0000038146973
0,1,1,1,1,12,1,1,50,34,1,34,40,50,50
0,1,1,1,1,12,1,1,43,40,1,40,40,43,43
0,1,0,0,0,12,0,1,0,0,0,32,40,32,35.0000038146973
0,1,0,0,0,12,1,1,0,0,0,32,40,32,35.0000038146973
0,1,1,1,1,12,1,1,39,44,1,44,44,39,39
0,1,1,1,1,12,1,1,53,46,1,46,46,53,53
0,1,0,0,0,12,1,1,0,0,0,32,40,32,35.0000038146973
0,1,0,0,0,12,1,1,0,0,0,32,40,32,35.0000038146973
0,1,0,0,0,12,1,1,0,0,0,32,40,32,35.0000038146973
0,1,0,0,0,12,1,1,0,0,0,32,40,32,35.0000038146973
0,1,1,1,1,12,1,1,42,44,1,44,44,42,42
0,1,0,0,0,12,1,0,0,0,0,32,40,32,35.0000038146973
0,1,0,0,0,12,1,1,0,0,0,32,40,32,35.0000038146973
0,1,1,1,1,12,1,1,48,36,1,36,40,48,48
0,1,1,1,1,12,1,1,42,47,1,47,47,42,42
0,1,1,1,1,12,1,1,43,47,1,47,47,43,43
0,1,0,0,0,12,1,1,0,0,0,32,40,32,35.0000038146973
0,1,0,0,0,12,0,1,0,0,0,32,40,32,35.0000038146973
0,1,0,0,0,12,1,1,0,0,0,32,40,32,35.0000038146973
0,1,1,1,1,12,1,1,45,55,1,55,55,45,45
0,1,0,0,0,12,0,1,0,0,0,32,40,32,35.0000038146973
0,1,0,0,0,12,1,1,0,0,0,32,40,32,35.0000038146973
0,1,0,0,0,12,1,1,0,0,0,32,40,32,35.0000038146973
0,1,1,1,1,12,1,1,35,48,1,48,48,35,35.0000038146973
0,1,1,1,1,12,1,1,40,50,1,50,50,40,40
0,1,1,1,1,12,1,1,53,46,1,46,46,53,53
0,1,0,0,0,12,1,1,0,0,0,32,40,32,35.0000038146973
0,1,0,0,0,12,1,1,0,0,0,32,40,32,35.0000038146973
0,1,1,1,1,12,1,1,52,56,1,56,56,52,52
0,1,0,0,0,12,1,1,0,0,0,32,40,32,35.0000038146973
0,1,1,1,1,12,1,1,40,43,1,43,43,40,40
0,1,1,1,0,12,1,1,43,48,0,48,48,43,43
0,1,0,0,0,12,1,1,0,0,0,32,40,32,35.0000038146973
0,1,0,0,0,12,1,1,0,0,0,32,40,32,35.0000038146973
0,1,0,0,0,12,1,1,0,0,0,32,40,32,35.0000038146973
0,1,1,1,1,12,0,1,53,38,1,38,40,53,53
0,1,1,1,1,12,1,1,42,54,1,54,54,42,42
0,1,1,1,1,12,1,1,42,51,1,51,51,42,42
0,1,0,0,0,12,1,1,0,0,0,32,40,32,35.0000038146973
0,1,0,0,0,12,1,1,0,0,0,32,40,32,35.0000038146973
0,1,1,1,1,12,1,1,45,55,1,55,55,45,45
0,1,1,1,1,12,1,1,45,48,1,48,48,45,45
0,1,1,1,1,12,1,1,62,59,1,59,59,62,62
0,1,1,1,1,12,1,1,37,47,1,47,47,37,37
0,1,0,0,0,12,1,1,0,0,0,32,40,32,35.0000038146973
0,1,0,0,0,12,1,1,0,0,0,32,40,32,35.0000038146973
0,1,0,0,0,12,1,1,0,0,0,32,40,32,35.0000038146973
0,1,0,0,0,12,0,1,0,0,0,32,40,32,35.0000038146973
0,1,1,1,1,12,1,1,43,50,1,50,50,43,43
0,1,1,1,1,12,1,1,50,51,1,51,51,50,50
0,1,0,0,0,12,1,1,0,0,0,32,40,32,35.0000038146973
0,1,0,0,0,12,1,1,0,0,0,32,40,32,35.0000038146973
0,1,1,1,1,12,1,1,45,51,1,51,51,45,45
0,1,0,0,0,12,0,1,0,0,0,32,40,32,35.0000038146973
0,1,1,1,1,12,1,1,42,52,1,52,52,42,42
0,1,1,1,1,12,1,1,48,47,1,47,47,48,48
0,1,0,0,0,12,1,1,0,0,0,32,40,32,35.0000038146973
0,1,1,1,1,12,1,1,40,51,1,51,51,40,40
0,1,1,1,1,12,1,1,42,59,1,59,59,42,42
0,1,0,0,0,12,1,1,0,0,0,32,40,32,35.0000038146973
0,1,0,0,0,12,1,1,0,0,0,32,40,32,35.0000038146973
0,1,0,0,0,12,1,1,0,0,0,32,40,32,35.0000038146973
0,1,0,0,0,12,1,1,0,0,0,32,40,32,35.0000038146973
0,1,1,1,1,12,0,1,43,48,1,48,48,43,43
0,1,1,1,1,12,1,1,50,48,1,48,48,50,50
0,1,0,0,0,12,1,1,0,0,0,32,40,32,35.0000038146973
0,1,1,1,1,12,1,1,40,43,1,43,43,40,40
0,1,1,1,1,12,1,1,42.5578956604004,48.2526321411133,1,48.2526321411133,48.2526321411133,42.5578956604004,42.5578956604004
0,1,0,0,0,12,1,1,0,0,0,32,40,32,35.0000038146973
0,1,0,0,0,12,1,1,0,0,0,32,40,32,35.0000038146973
0,1,0,0,0,12,1,1,0,0,0,32,40,32,35.0000038146973
0,1,0,0,0,12,1,0,0,0,0,32,40,32,35.0000038146973
0,1,0,0,0,12,1,1,0,0,0,32,40,32,35.0000038146973
0,1,0,0,0,12,1,1,0,0,0,32,40,32,35.0000038146973
0,1,1,1,1,12,1,1,35,54,1,54,54,35,35.0000038146973
0,1,0,0,0,12,1,1,0,0,0,32,40,32,35.0000038146973
0,1,1,1,1,12,1,1,40,43,1,43,43,40,40
0,1,1,1,1,12,0,1,39,32,1,32,40,39,39
0,1,1,1,1,12,1,1,40,41,1,41,41,40,40
0,1,0,0,0,12,1,1,0,0,0,32,40,32,35.0000038146973
0,1,1,1,1,12,0,1,40,41,1,41,41,40,40
0,1,0,0,0,12,1,1,0,0,0,32,40,32,35.0000038146973
0,1,0,0,0,12,1,1,0,0,0,32,40,32,35.0000038146973
0,1,1,1,1,12,1,1,43,46,1,46,46,43,43
0,1,1,1,1,12,1,1,48,48,1,48,48,48,48
0,1,1,1,1,12,1,1,45,50,1,50,50,45,45
0,1,0,0,0,12,1,1,0,0,0,32,40,32,35.0000038146973
0,1,0,0,0,12,0,1,0,0,0,32,40,32,35.0000038146973
0,1,1,1,1,12,1,1,37,46,1,46,46,37,37
0,1,0,0,0,12,0,1,0,0,0,32,40,32,35.0000038146973
0,1,0,0,0,12,0,1,0,0,0,32,40,32,35.0000038146973
0,1,1,1,1,12,1,1,45,54,1,54,54,45,45
0,1,0,0,0,12,1,1,0,0,0,32,40,32,35.0000038146973
0,1,1,1,1,12,1,1,37,55,1,55,55,37,37
0,1,0,0,0,12,1,1,0,0,0,32,40,32,35.0000038146973
0,1,0,0,0,12,1,1,0,0,0,32,40,32,35.0000038146973
0,1,0,0,0,12,0,1,0,0,0,32,40,32,35.0000038146973
0,1,1,1,0,12,1,1,40,58,0,58,58,40,40
0,1,1,1,1,12,1,1,39,51,1,51,51,39,39
0,1,1,1,1,12,0,1,42,56,1,56,56,42,42
0,1,0,0,0,12,1,1,0,0,0,32,40,32,35.0000038146973
0,1,1,1,1,12,1,1,42,41,1,41,41,42,42
0,1,1,1,1,12,1,1,42,44,1,44,44,42,42
0,1,1,1,1,12,0,1,35,48,1,48,48,35,35.0000038146973
0,1,1,1,1,12,0,1,52,44,1,44,44,52,52
0,1,1,1,1,12,1,1,40,51,1,51,51,40,40
0,1,0,0,0,12,1,1,0,0,0,32,40,32,35.0000038146973
0,1,0,0,0,12,1,1,0,0,0,32,40,32,35.0000038146973
0,1,1,1,1,12,1,1,48,51,1,51,51,48,48
0,1,0,0,0,12,1,1,0,0,0,32,40,32,35.0000038146973
0,1,1,1,1,12,1,1,45,46,1,46,46,45,45
0,1,0,0,0,12,1,1,0,0,0,32,40,32,35.0000038146973
0,1,0,0,0,12,0,1,0,0,0,32,40,32,35.0000038146973
0,1,0,0,0,12,1,1,0,0,0,32,40,32,35.0000038146973
0,1,0,0,0,12,1,1,0,0,0,32,40,32,35.0000038146973
0,1,0,0,0,12,1,1,0,0,0,32,40,32,35.0000038146973
0,1,1,1,1,12,1,1,45,51,1,51,51,45,45
0,1,1,1,1,12,1,1,42,47,1,47,47,42,42
0,1,0,0,0,12,1,0,0,0,0,32,40,32,35.0000038146973
0,1,0,0,0,12,1,1,0,0,0,32,40,32,35.0000038146973
0,1,0,0,0,12,1,1,0,0,0,32,40,32,35.0000038146973
0,1,0,0,0,12,0,1,0,0,0,32,40,32,35.0000038146973
0,1,1,1,1,12,1,1,48,47,1,47,47,48,48
0,1,0,0,0,12,1,1,0,0,0,32,40,32,35.0000038146973
0,1,1,1,1,12,1,1,43,56,1,56,56,43,43
0,1,0,0,0,12,1,1,0,0,0,32,40,32,35.0000038146973
0,1,0,0,0,12,1,1,0,0,0,32,40,32,35.0000038146973
0,1,1,1,1,12,1,1,40,48,1,48,48,40,40
0,1,0,0,0,12,1,1,0,0,0,32,40,32,35.0000038146973
0,0,0,0,0,13,1,1,0,0,0,32,40,32,35.0000038146973
0,0,1,1,0,13,1,1,41.073169708252,46.4390258789062,0,46.4390258789062,46.4390258789062,41.073169708252,41.073169708252
0,0,0,0,0,13,1,1,0,0,0,32,40,32,35.0000038146973
0,0,1,1,1,13,0,1,42,48,1,48,48,42,42
0,0,0,0,0,13,1,1,0,0,0,32,40,32,35.0000038146973
0,0,0,0,0,13,1,1,0,0,0,32,40,32,35.0000038146973
0,0,0,0,0,13,1,1,0,0,0,32,40,32,35.0000038146973
0,0,1,1,0,13,1,1,41.073169708252,46.4390258789062,0,46.4390258789062,46.4390258789062,41.073169708252,41.073169708252
0,0,1,1,1,13,1,1,0,0,1,32,40,32,35.0000038146973
0,0,0,0,0,13,1,1,0,0,0,32,40,32,35.0000038146973
0,0,1,1,1,13,0,1,39,41,1,41,41,39,39
0,0,0,0,0,13,1,1,0,0,0,32,40,32,35.0000038146973
0,0,0,0,0,13,1,1,0,0,0,32,40,32,35.0000038146973
0,0,0,0,0,13,1,0,0,0,0,32,40,32,35.0000038146973
0,0,1,0,0,13,1,1,41.073169708252,46.4390258789062,0,46.4390258789062,46.4390258789062,41.073169708252,41.073169708252
0,0,0,0,0,13,1,1,0,0,0,32,40,32,35.0000038146973
0,0,0,0,0,13,1,1,0,0,0,32,40,32,35.0000038146973
0,0,0,0,0,13,1,1,0,0,0,32,40,32,35.0000038146973
0,0,0,0,0,13,0,1,0,0,0,32,40,32,35.0000038146973
0,0,1,1,1,13,1,1,42,47,1,47,47,42,42
0,0,0,0,0,13,1,1,0,0,0,32,40,32,35.0000038146973
0,0,0,0,0,13,1,1,0,0,0,32,40,32,35.0000038146973
0,0,0,0,0,13,1,1,0,0,0,32,40,32,35.0000038146973
0,0,0,0,0,13,1,1,0,0,0,32,40,32,35.0000038146973
0,0,0,0,0,13,0,1,0,0,0,32,40,32,35.0000038146973
0,0,0,0,0,13,1,1,0,0,0,32,40,32,35.0000038146973
0,0,0,0,0,13,1,1,0,0,0,32,40,32,35.0000038146973
0,0,0,0,0,13,1,1,0,0,0,32,40,32,35.0000038146973
0,0,0,0,0,13,1,1,0,0,0,32,40,32,35.0000038146973
0,0,1,1,1,13,0,1,48,50,1,50,50,48,48
0,0,0,0,0,13,1,1,0,0,0,32,40,32,35.0000038146973
0,0,0,0,0,13,1,1,0,0,0,32,40,32,35.0000038146973
0,0,0,0,0,13,1,1,0,0,0,32,40,32,35.0000038146973
0,0,1,1,1,13,1,1,0,0,1,32,40,32,35.0000038146973
0,0,0,0,0,13,1,1,0,0,0,32,40,32,35.0000038146973
0,0,0,0,0,13,1,1,0,0,0,32,40,32,35.0000038146973
0,0,0,0,0,13,1,1,0,0,0,32,40,32,35.0000038146973
0,0,1,1,1,13,1,1,42,54,1,54,54,42,42
0,0,1,1,1,13,1,1,41.073169708252,46.4390258789062,1,46.4390258789062,46.4390258789062,41.073169708252,41.073169708252
0,0,0,0,0,13,1,1,0,0,0,32,40,32,35.0000038146973
0,0,0,0,0,13,1,1,0,0,0,32,40,32,35.0000038146973
0,0,0,0,0,13,1,1,0,0,0,32,40,32,35.0000038146973
0,0,0,0,0,13,1,1,0,0,0,32,40,32,35.0000038146973
0,0,1,1,1,13,1,1,48,48,1,48,48,48,48
0,0,0,0,0,13,1,1,0,0,0,32,40,32,35.0000038146973
0,0,0,0,0,13,1,1,0,0,0,32,40,32,35.0000038146973
0,0,1,1,1,13,0,1,45,34,1,34,40,45,45
0,0,0,0,0,13,1,1,0,0,0,32,40,32,35.0000038146973
0,0,0,0,0,13,1,1,0,0,0,32,40,32,35.0000038146973
0,0,0,0,0,13,0,1,0,0,0,32,40,32,35.0000038146973
0,0,0,0,0,13,1,1,0,0,0,32,40,32,35.0000038146973
0,0,1,1,1,13,1,1,43,48,1,48,48,43,43
0,0,0,0,0,13,1,0,0,0,0,32,40,32,35.0000038146973
0,0,0,0,0,13,1,1,0,0,0,32,40,32,35.0000038146973
0,0,0,0,0,13,1,1,0,0,0,32,40,32,35.0000038146973
0,0,1,1,1,13,1,1,0,0,1,32,40,32,35.0000038146973
0,0,0,0,0,13,1,1,0,0,0,32,40,32,35.0000038146973
0,0,0,0,0,13,1,1,0,0,0,32,40,32,35.0000038146973
0,0,0,0,0,13,1,1,0,0,0,32,40,32,35.0000038146973
0,0,0,0,0,13,1,1,0,0,0,32,40,32,35.0000038146973
0,0,1,1,1,13,1,1,35,36,1,36,40,35,35.0000038146973
0,0,1,1,1,13,1,1,34,40,1,40,40,34,35.0000038146973
0,0,0,0,0,13,1,1,0,0,0,32,40,32,35.0000038146973
0,0,0,0,0,13,1,1,0,0,0,32,40,32,35.0000038146973
0,0,0,0,0,13,1,1,0,0,0,32,40,32,35.0000038146973
0,0,0,0,0,13,1,1,0,0,0,32,40,32,35.0000038146973
0,0,0,0,0,13,1,1,0,0,0,32,40,32,35.0000038146973
0,0,0,0,0,13,1,1,0,0,0,32,40,32,35.0000038146973
0,0,1,1,1,13,1,1,37,58,1,58,58,37,37
0,0,0,0,0,13,1,1,0,0,0,32,40,32,35.0000038146973
0,0,1,1,1,13,1,1,42,43,1,43,43,42,42
0,0,0,0,0,13,0,1,0,0,0,32,40,32,35.0000038146973
0,0,0,0,0,13,1,1,0,0,0,32,40,32,35.0000038146973
0,0,0,0,0,13,0,1,0,0,0,32,40,32,35.0000038146973
0,0,0,0,0,13,0,1,0,0,0,32,40,32,35.0000038146973
0,0,0,0,0,13,1,1,0,0,0,32,40,32,35.0000038146973
0,0,0,0,0,13,1,1,0,0,0,32,40,32,35.0000038146973
0,0,1,1,1,13,1,1,0,0,1,32,40,32,35.0000038146973
0,0,0,0,0,13,1,1,0,0,0,32,40,32,35.0000038146973
0,0,0,0,0,13,0,1,0,0,0,32,40,32,35.0000038146973
0,0,0,0,0,13,1,1,0,0,0,32,40,32,35.0000038146973
0,0,0,0,0,13,1,1,0,0,0,32,40,32,35.0000038146973
0,0,0,0,0,13,1,1,0,0,0,32,40,32,35.0000038146973
0,0,1,1,1,13,0,1,39,36,1,36,40,39,39
0,0,0,0,0,13,0,1,0,0,0,32,40,32,35.0000038146973
0,0,1,1,1,13,0,1,35,54,1,54,54,35,35.0000038146973
0,0,0,0,0,13,1,1,0,0,0,32,40,32,35.0000038146973
0,0,0,0,0,13,1,1,0,0,0,32,40,32,35.0000038146973
0,0,1,1,1,13,1,1,50,41,1,41,41,50,50
0,0,1,1,1,13,1,1,42,41,1,41,41,42,42
0,0,1,1,1,13,1,1,37,48,1,48,48,37,37
0,0,0,0,0,13,1,1,0,0,0,32,40,32,35.0000038146973
0,0,0,0,0,13,1,1,0,0,0,32,40,32,35.0000038146973
0,0,0,0,0,13,1,1,0,0,0,32,40,32,35.0000038146973
0,0,0,0,0,13,1,1,0,0,0,32,40,32,35.0000038146973
0,0,1,1,1,13,1,1,47,47,1,47,47,47,47
0,0,1,1,1,13,1,1,34,44,1,44,44,34,35.0000038146973
0,0,0,0,0,13,1,1,0,0,0,32,40,32,35.0000038146973
0,0,0,0,0,13,1,1,0,0,0,32,40,32,35.0000038146973
0,0,0,0,0,13,0,1,0,0,0,32,40,32,35.0000038146973
0,0,1,1,1,13,1,1,42,43,1,43,43,42,42
0,0,0,0,0,13,1,1,0,0,0,32,40,32,35.0000038146973
0,0,1,1,1,13,0,1,48,51,1,51,51,48,48
0,0,1,1,1,13,0,1,39,46,1,46,46,39,39
0,0,0,0,0,13,1,1,0,0,0,32,40,32,35.0000038146973
0,0,0,0,0,13,1,1,0,0,0,32,40,32,35.0000038146973
0,0,0,0,0,13,1,1,0,0,0,32,40,32,35.0000038146973
0,0,0,0,0,13,1,1,0,0,0,32,40,32,35.0000038146973
0,0,1,1,1,13,1,1,32,52,1,52,52,32,35.0000038146973
0,0,0,0,0,13,1,1,0,0,0,32,40,32,35.0000038146973
0,0,1,1,0,13,0,1,40,47,0,47,47,40,40
0,0,0,0,0,13,1,1,0,0,0,32,40,32,35.0000038146973
0,0,1,1,1,13,0,1,45,48,1,48,48,45,45
0,0,0,0,0,13,1,1,0,0,0,32,40,32,35.0000038146973
0,0,0,0,0,13,1,0,0,0,0,32,40,32,35.0000038146973
0,0,1,1,1,13,0,1,40,47,1,47,47,40,40
0,0,1,1,1,13,1,1,0,0,1,32,40,32,35.0000038146973
0,0,0,0,0,13,1,1,0,0,0,32,40,32,35.0000038146973
0,0,0,0,0,13,1,1,0,0,0,32,40,32,35.0000038146973
0,0,0,0,0,13,0,1,0,0,0,32,40,32,35.0000038146973
0,0,0,0,0,13,1,1,0,0,0,32,40,32,35.0000038146973
0,0,0,0,0,13,1,1,0,0,0,32,40,32,35.0000038146973
0,0,1,1,1,13,1,1,39,50,1,50,50,39,39
0,0,0,0,0,13,1,1,0,0,0,32,40,32,35.0000038146973
0,0,0,0,0,13,1,0,0,0,0,32,40,32,35.0000038146973
0,0,0,0,0,13,1,1,0,0,0,32,40,32,35.0000038146973
0,0,0,0,0,13,1,1,0,0,0,32,40,32,35.0000038146973
0,0,1,1,1,13,0,1,41.073169708252,46.4390258789062,1,46.4390258789062,46.4390258789062,41.073169708252,41.073169708252
0,0,0,0,0,13,1,1,0,0,0,32,40,32,35.0000038146973
0,0,0,0,0,13,0,1,0,0,0,32,40,32,35.0000038146973
0,0,0,0,0,13,1,1,0,0,0,32,40,32,35.0000038146973
0,0,0,0,0,13,1,1,0,0,0,32,40,32,35.0000038146973
0,0,0,0,0,13,0,1,0,0,0,32,40,32,35.0000038146973
0,0,1,1,1,13,1,1,45,48,1,48,48,45,45
0,0,0,0,0,13,1,1,0,0,0,32,40,32,35.0000038146973
0,0,0,0,0,13,1,1,0,0,0,32,40,32,35.0000038146973
0,0,1,0,0,13,1,1,41.073169708252,46.4390258789062,0,46.4390258789062,46.4390258789062,41.073169708252,41.073169708252
0,0,0,0,0,13,1,1,0,0,0,32,40,32,35.0000038146973
0,0,0,0,0,13,1,1,0,0,0,32,40,32,35.0000038146973
0,0,1,1,1,13,1,1,45,47,1,47,47,45,45
0,0,1,1,1,13,1,1,45,55,1,55,55,45,45
0,0,1,1,1,13,0,1,42,40,1,40,40,42,42
0,0,0,0,0,13,1,1,0,0,0,32,40,32,35.0000038146973
0,0,1,1,1,13,0,1,45,50,1,50,50,45,45
0,0,0,0,0,13,1,1,0,0,0,32,40,32,35.0000038146973
0,0,0,0,0,13,1,1,0,0,0,32,40,32,35.0000038146973
0,0,1,1,1,13,0,1,32,36,1,36,40,32,35.0000038146973
0,0,1,1,1,13,1,1,50,58,1,58,58,50,50
0,0,0,0,0,13,1,1,0,0,0,32,40,32,35.0000038146973
0,0,1,1,1,13,0,1,42,51,1,51,51,42,42
0,0,0,0,0,13,1,0,0,0,0,32,40,32,35.0000038146973
0,0,0,0,0,13,1,1,0,0,0,32,40,32,35.0000038146973
0,0,1,1,1,13,1,1,43,47,1,47,47,43,43
0,0,0,0,0,13,1,1,0,0,0,32,40,32,35.0000038146973
0,0,0,0,0,13,1,1,0,0,0,32,40,32,35.0000038146973
0,0,1,0,1,13,0,1,37,38,0,38,40,37,37
0,0,0,0,0,13,1,1,0,0,0,32,40,32,35.0000038146973
0,0,0,0,0,13,1,1,0,0,0,32,40,32,35.0000038146973
0,0,0,0,0,13,1,1,0,0,0,32,40,32,35.0000038146973
0,0,0,0,0,13,1,1,0,0,0,32,40,32,35.0000038146973
0,0,0,0,0,13,1,1,0,0,0,32,40,32,35.0000038146973
0,0,0,0,0,13,1,1,0,0,0,32,40,32,35.0000038146973
0,0,1,1,1,13,1,1,35,40,1,40,40,35,35.0000038146973
0,0,0,0,0,13,1,1,0,0,0,32,40,32,35.0000038146973
0,0,0,0,0,13,1,1,0,0,0,32,40,32,35.0000038146973
0,0,0,0,0,13,1,0,0,0,0,32,40,32,35.0000038146973
0,0,0,0,0,13,1,1,0,0,0,32,40,32,35.0000038146973
0,0,0,0,0,13,1,1,0,0,0,32,40,32,35.0000038146973
0,0,0,0,0,13,0,1,0,0,0,32,40,32,35.0000038146973
0,0,1,1,1,13,1,1,41,50,1,50,50,41,41
0,0,0,0,0,13,1,1,0,0,0,32,40,32,35.0000038146973
0,0,0,0,0,13,1,1,0,0,0,32,40,32,35.0000038146973
0,0,0,0,0,13,1,1,0,0,0,32,40,32,35.0000038146973
0,0,1,1,1,13,1,1,42,50,1,50,50,42,42
0,0,0,0,0,13,0,1,0,0,0,32,40,32,35.0000038146973
0,0,1,1,0,13,1,1,34,52,0,52,52,34,35.0000038146973
0,0,0,0,0,13,1,1,0,0,0,32,40,32,35.0000038146973
0,0,0,0,0,13,1,1,0,0,0,32,40,32,35.0000038146973
0,0,0,0,0,13,1,1,0,0,0,32,40,32,35.0000038146973
0,1,0,0,0,13,1,1,0,0,0,32,40,32,35.0000038146973
0,1,0,0,0,13,1,1,0,0,0,32,40,32,35.0000038146973
0,1,0,0,0,13,0,1,0,0,0,32,40,32,35.0000038146973
0,1,0,0,0,13,1,1,0,0,0,32,40,32,35.0000038146973
0,1,0,0,0,13,1,1,0,0,0,32,40,32,35.0000038146973
0,1,0,0,0,13,0,1,0,0,0,32,40,32,35.0000038146973
0,1,0,0,0,13,1,1,0,0,0,32,40,32,35.0000038146973
0,1,0,0,0,13,1,1,0,0,0,32,40,32,35.0000038146973
0,1,0,0,0,13,1,0,0,0,0,32,40,32,35.0000038146973
0,1,0,0,0,13,1,1,0,0,0,32,40,32,35.0000038146973
0,1,0,0,0,13,1,1,0,0,0,32,40,32,35.0000038146973
0,1,0,0,0,13,1,1,0,0,0,32,40,32,35.0000038146973
0,1,0,0,0,13,1,1,0,0,0,32,40,32,35.0000038146973
0,1,0,0,0,13,1,1,0,0,0,32,40,32,35.0000038146973
0,1,1,1,1,13,1,1,37,47,1,47,47,37,37
0,1,0,0,0,13,1,1,0,0,0,32,40,32,35.0000038146973
0,1,1,1,1,13,1,1,55,54,1,54,54,55,55
0,1,0,0,0,13,1,1,0,0,0,32,40,32,35.0000038146973
0,1,1,1,1,13,0,1,41.6666679382324,44.7777786254883,1,44.7777786254883,44.7777786254883,41.6666679382324,41.6666679382324
0,1,0,0,0,13,1,1,0,0,0,32,40,32,35.0000038146973
0,1,0,0,0,13,1,1,0,0,0,32,40,32,35.0000038146973
0,1,0,0,0,13,1,1,0,0,0,32,40,32,35.0000038146973
0,1,1,1,1,13,1,1,37,43,1,43,43,37,37
0,1,0,0,0,13,1,1,0,0,0,32,40,32,35.0000038146973
0,1,0,0,0,13,1,1,0,0,0,32,40,32,35.0000038146973
0,1,0,0,0,13,0,1,0,0,0,32,40,32,35.0000038146973
0,1,1,1,1,13,1,1,43,41,1,41,41,43,43
0,1,0,0,0,13,1,1,0,0,0,32,40,32,35.0000038146973
0,1,1,1,1,13,1,1,39,44,1,44,44,39,39
0,1,0,0,0,13,1,1,0,0,0,32,40,32,35.0000038146973
0,1,0,0,0,13,0,1,0,0,0,32,40,32,35.0000038146973
0,1,1,1,1,13,1,1,39,48,1,48,48,39,39
0,1,1,1,1,13,1,1,41.6666679382324,44.7777786254883,1,44.7777786254883,44.7777786254883,41.6666679382324,41.6666679382324
0,1,0,0,0,13,1,1,0,0,0,32,40,32,35.0000038146973
0,1,0,0,0,13,1,1,0,0,0,32,40,32,35.0000038146973
0,1,0,0,0,13,1,1,0,0,0,32,40,32,35.0000038146973
0,1,0,0,0,13,1,1,0,0,0,32,40,32,35.0000038146973
0,1,1,1,1,13,1,1,42,51,1,51,51,42,42
0,1,0,0,0,13,1,1,0,0,0,32,40,32,35.0000038146973
0,1,0,0,0,13,1,1,0,0,0,32,40,32,35.0000038146973
0,1,0,0,0,13,1,1,0,0,0,32,40,32,35.0000038146973
0,1,0,0,0,13,1,1,0,0,0,32,40,32,35.0000038146973
0,1,1,1,1,13,0,1,37,48,1,48,48,37,37
0,1,1,1,1,13,1,1,42,44,1,44,44,42,42
0,1,0,0,0,13,1,1,0,0,0,32,40,32,35.0000038146973
0,1,0,0,0,13,1,1,0,0,0,32,40,32,35.0000038146973
0,1,1,1,1,13,1,1,43,44,1,44,44,43,43
0,1,0,0,0,13,1,1,0,0,0,32,40,32,35.0000038146973
0,1,0,0,0,13,1,1,0,0,0,32,40,32,35.0000038146973
0,1,0,0,0,13,0,1,0,0,0,32,40,32,35.0000038146973
0,1,0,0,0,13,1,1,0,0,0,32,40,32,35.0000038146973
0,1,0,0,0,13,1,1,0,0,0,32,40,32,35.0000038146973
0,1,0,0,0,13,1,1,0,0,0,32,40,32,35.0000038146973
0,1,0,0,0,13,1,1,0,0,0,32,40,32,35.0000038146973
0,1,1,1,1,13,1,1,0,0,1,32,40,32,35.0000038146973
0,1,0,0,0,13,1,1,0,0,0,32,40,32,35.0000038146973
0,1,0,0,0,13,1,1,0,0,0,32,40,32,35.0000038146973
0,1,0,0,0,13,1,1,0,0,0,32,40,32,35.0000038146973
0,1,0,0,0,13,1,0,0,0,0,32,40,32,35.0000038146973
0,1,0,0,0,13,1,1,0,0,0,32,40,32,35.0000038146973
0,1,0,0,0,13,1,1,0,0,0,32,40,32,35.0000038146973
0,1,0,0,0,13,1,0,0,0,0,32,40,32,35.0000038146973
0,1,0,0,0,13,1,1,0,0,0,32,40,32,35.0000038146973
0,1,0,0,0,13,1,1,0,0,0,32,40,32,35.0000038146973
0,1,1,1,1,13,1,1,41.6666679382324,44.7777786254883,1,44.7777786254883,44.7777786254883,41.6666679382324,41.6666679382324
0,1,0,0,0,13,1,1,0,0,0,32,40,32,35.0000038146973
0,1,0,0,0,13,1,1,0,0,0,32,40,32,35.0000038146973
0,1,0,0,0,13,1,1,0,0,0,32,40,32,35.0000038146973
0,1,1,0,1,13,1,1,42,47,0,47,47,42,42
0,1,0,0,0,13,1,1,0,0,0,32,40,32,35.0000038146973
0,1,0,0,0,13,1,1,0,0,0,32,40,32,35.0000038146973
0,1,0,0,0,13,1,1,0,0,0,32,40,32,35.0000038146973
0,1,0,0,0,13,1,1,0,0,0,32,40,32,35.0000038146973
0,1,1,1,1,13,1,1,45,43,1,43,43,45,45
0,1,1,1,1,13,1,1,40,40,1,40,40,40,40
0,1,0,0,0,13,1,1,0,0,0,32,40,32,35.0000038146973
0,1,1,1,1,13,1,1,34,38,1,38,40,34,35.0000038146973
0,1,0,0,0,13,0,1,0,0,0,32,40,32,35.0000038146973
0,1,1,1,1,13,1,1,40,36,1,36,40,40,40
0,1,0,0,0,13,1,1,0,0,0,32,40,32,35.0000038146973
0,1,1,1,1,13,1,1,35,34,1,34,40,35,35.0000038146973
0,1,0,0,0,13,1,1,0,0,0,32,40,32,35.0000038146973
0,1,0,0,0,13,1,1,0,0,0,32,40,32,35.0000038146973
0,1,0,0,0,13,1,1,0,0,0,32,40,32,35.0000038146973
0,1,0,0,0,13,1,1,0,0,0,32,40,32,35.0000038146973
0,1,0,0,0,13,1,1,0,0,0,32,40,32,35.0000038146973
0,1,0,0,0,13,1,1,0,0,0,32,40,32,35.0000038146973
0,1,0,0,0,13,1,1,0,0,0,32,40,32,35.0000038146973
0,1,0,0,0,13,0,1,0,0,0,32,40,32,35.0000038146973
0,1,0,0,0,13,1,1,0,0,0,32,40,32,35.0000038146973
0,1,0,0,0,13,1,1,0,0,0,32,40,32,35.0000038146973
0,1,0,0,0,13,1,1,0,0,0,32,40,32,35.0000038146973
0,1,0,0,0,13,1,0,0,0,0,32,40,32,35.0000038146973
0,1,0,0,0,13,1,1,0,0,0,32,40,32,35.0000038146973
0,1,0,0,0,13,1,1,0,0,0,32,40,32,35.0000038146973
0,1,0,0,0,13,1,1,0,0,0,32,40,32,35.0000038146973
0,1,1,1,1,13,1,1,42,44,1,44,44,42,42
0,1,0,0,0,13,1,1,0,0,0,32,40,32,35.0000038146973
0,1,0,0,0,13,1,1,0,0,0,32,40,32,35.0000038146973
0,1,0,0,0,13,1,1,0,0,0,32,40,32,35.0000038146973
0,1,0,0,0,13,1,1,0,0,0,32,40,32,35.0000038146973
0,1,0,0,0,13,1,1,0,0,0,32,40,32,35.0000038146973
0,1,1,0,0,13,0,1,41.6666679382324,44.7777786254883,0,44.7777786254883,44.7777786254883,41.6666679382324,41.6666679382324
0,1,1,1,1,13,0,1,50,48,1,48,48,50,50
0,1,0,0,0,13,1,1,0,0,0,32,40,32,35.0000038146973
0,1,0,0,0,13,1,1,0,0,0,32,40,32,35.0000038146973
0,1,1,1,0,13,1,1,45,51,0,51,51,45,45
0,1,1,1,1,13,1,1,42,32,1,32,40,42,42
0,1,0,0,0,13,1,1,0,0,0,32,40,32,35.0000038146973
0,1,0,0,0,13,0,1,0,0,0,32,40,32,35.0000038146973
0,1,0,0,0,13,1,1,0,0,0,32,40,32,35.0000038146973
0,1,0,0,0,13,1,1,0,0,0,32,40,32,35.0000038146973
0,1,0,0,0,13,1,1,0,0,0,32,40,32,35.0000038146973
0,1,0,0,0,13,0,1,0,0,0,32,40,32,35.0000038146973
0,1,0,0,0,13,1,1,0,0,0,32,40,32,35.0000038146973
0,1,1,1,1,13,1,1,47,43,1,43,43,47,47
0,1,1,1,1,13,1,1,0,0,1,32,40,32,35.0000038146973
0,1,0,0,0,13,1,1,0,0,0,32,40,32,35.0000038146973
0,1,0,0,0,13,0,1,0,0,0,32,40,32,35.0000038146973
0,1,0,0,0,13,1,1,0,0,0,32,40,32,35.0000038146973
0,1,0,0,0,13,1,1,0,0,0,32,40,32,35.0000038146973
0,1,0,0,0,13,1,1,0,0,0,32,40,32,35.0000038146973
0,1,0,0,0,13,1,1,0,0,0,32,40,32,35.0000038146973
0,1,0,0,0,13,1,1,0,0,0,32,40,32,35.0000038146973
0,1,0,0,0,13,1,1,0,0,0,32,40,32,35.0000038146973
0,1,0,0,0,13,1,1,0,0,0,32,40,32,35.0000038146973
0,1,0,0,0,13,1,1,0,0,0,32,40,32,35.0000038146973
0,1,0,0,0,13,1,1,0,0,0,32,40,32,35.0000038146973
0,1,0,0,0,13,1,1,0,0,0,32,40,32,35.0000038146973
0,1,0,0,0,13,1,1,0,0,0,32,40,32,35.0000038146973
0,1,1,1,1,13,1,1,41.6666679382324,44.7777786254883,1,44.7777786254883,44.7777786254883,41.6666679382324,41.6666679382324
0,1,0,0,0,13,1,1,0,0,0,32,40,32,35.0000038146973
0,1,1,0,1,13,1,1,35,52,0,52,52,35,35.0000038146973
0,1,1,1,1,13,1,1,43,52,1,52,52,43,43
0,1,0,0,0,13,1,1,0,0,0,32,40,32,35.0000038146973
0,1,0,0,0,13,0,1,0,0,0,32,40,32,35.0000038146973
0,1,0,0,0,13,1,1,0,0,0,32,40,32,35.0000038146973
0,1,0,0,0,13,1,1,0,0,0,32,40,32,35.0000038146973
0,1,0,0,0,13,1,1,0,0,0,32,40,32,35.0000038146973
0,1,0,0,0,13,1,1,0,0,0,32,40,32,35.0000038146973
0,1,0,0,0,13,1,1,0,0,0,32,40,32,35.0000038146973
0,1,1,1,0,13,1,1,0,0,0,32,40,32,35.0000038146973
0,1,0,0,0,13,1,1,0,0,0,32,40,32,35.0000038146973
0,1,0,0,0,13,1,1,0,0,0,32,40,32,35.0000038146973
0,1,0,0,0,13,1,1,0,0,0,32,40,32,35.0000038146973
0,1,0,0,0,13,1,1,0,0,0,32,40,32,35.0000038146973
0,1,0,0,0,13,1,1,0,0,0,32,40,32,35.0000038146973
0,1,0,0,0,13,1,1,0,0,0,32,40,32,35.0000038146973
0,1,0,0,0,13,1,1,0,0,0,32,40,32,35.0000038146973
0,1,1,1,1,13,0,1,50,50,1,50,50,50,50
0,1,0,0,0,13,1,1,0,0,0,32,40,32,35.0000038146973
0,1,0,0,0,13,1,1,0,0,0,32,40,32,35.0000038146973
0,1,0,0,0,13,1,1,0,0,0,32,40,32,35.0000038146973
0,1,0,0,0,13,1,1,0,0,0,32,40,32,35.0000038146973
0,1,0,0,0,13,1,1,0,0,0,32,40,32,35.0000038146973
0,1,0,0,0,13,1,1,0,0,0,32,40,32,35.0000038146973
0,1,0,0,0,13,1,1,0,0,0,32,40,32,35.0000038146973
0,1,0,0,0,13,1,1,0,0,0,32,40,32,35.0000038146973
0,1,0,0,0,13,1,1,0,0,0,32,40,32,35.0000038146973
0,1,0,0,0,13,1,1,0,0,0,32,40,32,35.0000038146973
0,1,0,0,0,13,1,1,0,0,0,32,40,32,35.0000038146973
0,1,0,0,0,13,1,1,0,0,0,32,40,32,35.0000038146973
0,1,0,0,0,13,1,1,0,0,0,32,40,32,35.0000038146973
0,1,0,0,0,13,1,1,0,0,0,32,40,32,35.0000038146973
0,1,0,0,0,13,1,1,0,0,0,32,40,32,35.0000038146973
0,1,1,1,1,13,1,1,39,48,1,48,48,39,39
0,1,0,0,0,13,1,1,0,0,0,32,40,32,35.0000038146973
0,1,0,0,0,13,1,1,0,0,0,32,40,32,35.0000038146973
0,1,0,0,0,13,1,1,0,0,0,32,40,32,35.0000038146973
0,1,0,0,0,13,1,1,0,0,0,32,40,32,35.0000038146973
0,1,1,1,1,13,1,1,39,44,1,44,44,39,39
0,1,0,0,0,13,1,1,0,0,0,32,40,32,35.0000038146973
0,1,0,0,0,13,0,1,0,0,0,32,40,32,35.0000038146973
0,1,0,0,0,13,1,1,0,0,0,32,40,32,35.0000038146973
0,1,1,1,1,13,1,1,43,43,1,43,43,43,43
0,1,0,0,0,13,1,1,0,0,0,32,40,32,35.0000038146973
0,1,0,0,0,13,0,1,0,0,0,32,40,32,35.0000038146973
0,0,0,0,0,14,1,1,0,0,0,32,40,32,35.0000038146973
0,0,0,0,0,14,1,1,0,0,0,32,40,32,35.0000038146973
0,0,0,0,0,14,1,1,0,0,0,32,40,32,35.0000038146973
0,0,0,0,0,14,1,1,0,0,0,32,40,32,35.0000038146973
0,0,0,0,0,14,1,0,0,0,0,32,40,32,35.0000038146973
0,0,0,0,0,14,1,1,0,0,0,32,40,32,35.0000038146973
0,0,0,0,0,14,1,1,0,0,0,32,40,32,35.0000038146973
0,0,0,0,0,14,1,1,0,0,0,32,40,32,35.0000038146973
0,0,0,0,0,14,1,1,0,0,0,32,40,32,35.0000038146973
0,0,0,0,0,14,1,1,0,0,0,32,40,32,35.0000038146973
0,0,0,0,0,14,1,1,0,0,0,32,40,32,35.0000038146973
0,0,0,0,0,14,1,1,0,0,0,32,40,32,35.0000038146973
0,0,0,0,0,14,1,1,0,0,0,32,40,32,35.0000038146973
0,0,0,0,0,14,0,1,0,0,0,32,40,32,35.0000038146973
0,0,0,0,0,14,1,1,0,0,0,32,40,32,35.0000038146973
0,0,0,0,0,14,1,1,0,0,0,32,40,32,35.0000038146973
0,0,0,0,0,14,1,1,0,0,0,32,40,32,35.0000038146973
0,0,0,0,0,14,1,1,0,0,0,32,40,32,35.0000038146973
0,0,0,0,0,14,1,1,0,0,0,32,40,32,35.0000038146973
0,0,0,0,0,14,1,1,0,0,0,32,40,32,35.0000038146973
0,0,0,0,0,14,1,1,0,0,0,32,40,32,35.0000038146973
0,0,0,0,0,14,1,1,0,0,0,32,40,32,35.0000038146973
0,0,0,0,0,14,1,1,0,0,0,32,40,32,35.0000038146973
0,0,0,0,0,14,0,1,0,0,0,32,40,32,35.0000038146973
0,0,0,0,0,14,1,1,0,0,0,32,40,32,35.0000038146973
0,0,0,0,0,14,1,1,0,0,0,32,40,32,35.0000038146973
0,0,0,0,0,14,1,1,0,0,0,32,40,32,35.0000038146973
0,0,0,0,0,14,1,1,0,0,0,32,40,32,35.0000038146973
0,0,0,0,0,14,1,1,0,0,0,32,40,32,35.0000038146973
0,0,0,0,0,14,0,1,0,0,0,32,40,32,35.0000038146973
0,0,0,0,0,14,1,1,0,0,0,32,40,32,35.0000038146973
0,0,1,1,1,14,1,1,41,39.5,1,39.5,40,41,41
0,0,0,0,0,14,1,1,0,0,0,32,40,32,35.0000038146973
0,0,0,0,0,14,1,1,0,0,0,32,40,32,35.0000038146973
0,0,0,0,0,14,1,1,0,0,0,32,40,32,35.0000038146973
0,0,0,0,0,14,1,1,0,0,0,32,40,32,35.0000038146973
0,0,0,0,0,14,0,1,0,0,0,32,40,32,35.0000038146973
0,0,0,0,0,14,1,1,0,0,0,32,40,32,35.0000038146973
0,0,0,0,0,14,1,1,0,0,0,32,40,32,35.0000038146973
0,0,0,0,0,14,1,1,0,0,0,32,40,32,35.0000038146973
0,0,0,0,0,14,1,1,0,0,0,32,40,32,35.0000038146973
0,0,0,0,0,14,1,1,0,0,0,32,40,32,35.0000038146973
0,0,0,0,0,14,1,1,0,0,0,32,40,32,35.0000038146973
0,0,0,0,0,14,1,1,0,0,0,32,40,32,35.0000038146973
0,0,0,0,0,14,1,1,0,0,0,32,40,32,35.0000038146973
0,0,0,0,0,14,1,1,0,0,0,32,40,32,35.0000038146973
0,0,1,0,1,14,1,1,41,39.5,0,39.5,40,41,41
0,0,0,0,0,14,1,1,0,0,0,32,40,32,35.0000038146973
0,0,0,0,0,14,1,1,0,0,0,32,40,32,35.0000038146973
0,0,0,0,0,14,1,1,0,0,0,32,40,32,35.0000038146973
0,0,0,0,0,14,1,1,0,0,0,32,40,32,35.0000038146973
0,0,0,0,0,14,0,1,0,0,0,32,40,32,35.0000038146973
0,0,0,0,0,14,1,1,0,0,0,32,40,32,35.0000038146973
0,0,0,0,0,14,1,1,0,0,0,32,40,32,35.0000038146973
0,0,0,0,0,14,1,1,0,0,0,32,40,32,35.0000038146973
0,0,0,0,0,14,0,1,0,0,0,32,40,32,35.0000038146973
0,0,0,0,0,14,1,1,0,0,0,32,40,32,35.0000038146973
0,0,1,1,1,14,0,1,41,39.5,1,39.5,40,41,41
0,0,0,0,0,14,1,1,0,0,0,32,40,32,35.0000038146973
0,0,0,0,0,14,1,1,0,0,0,32,40,32,35.0000038146973
0,0,0,0,0,14,1,0,0,0,0,32,40,32,35.0000038146973
0,0,0,0,0,14,1,1,0,0,0,32,40,32,35.0000038146973
0,0,0,0,0,14,1,1,0,0,0,32,40,32,35.0000038146973
0,0,0,0,0,14,1,1,0,0,0,32,40,32,35.0000038146973
0,0,0,0,0,14,1,1,0,0,0,32,40,32,35.0000038146973
0,0,0,0,0,14,1,1,0,0,0,32,40,32,35.0000038146973
0,0,0,0,0,14,1,1,0,0,0,32,40,32,35.0000038146973
0,0,0,0,0,14,1,1,0,0,0,32,40,32,35.0000038146973
0,0,0,0,0,14,1,1,0,0,0,32,40,32,35.0000038146973
0,0,0,0,0,14,1,1,0,0,0,32,40,32,35.0000038146973
0,0,1,1,1,14,1,1,43,36,1,36,40,43,43
0,0,0,0,0,14,1,1,0,0,0,32,40,32,35.0000038146973
0,0,0,0,0,14,0,0,0,0,0,32,40,32,35.0000038146973
0,0,0,0,0,14,1,1,0,0,0,32,40,32,35.0000038146973
0,0,0,0,0,14,1,1,0,0,0,32,40,32,35.0000038146973
0,0,0,0,0,14,0,0,0,0,0,32,40,32,35.0000038146973
0,0,0,0,0,14,1,1,0,0,0,32,40,32,35.0000038146973
0,0,0,0,0,14,0,0,0,0,0,32,40,32,35.0000038146973
0,0,0,0,0,14,1,1,0,0,0,32,40,32,35.0000038146973
0,0,0,0,0,14,1,1,0,0,0,32,40,32,35.0000038146973
0,0,0,0,0,14,1,1,0,0,0,32,40,32,35.0000038146973
0,0,1,1,1,14,1,1,39,43,1,43,43,39,39
0,0,0,0,0,14,1,1,0,0,0,32,40,32,35.0000038146973
0,0,0,0,0,14,1,1,0,0,0,32,40,32,35.0000038146973
0,0,0,0,0,14,1,1,0,0,0,32,40,32,35.0000038146973
0,0,0,0,0,14,1,1,0,0,0,32,40,32,35.0000038146973
0,0,0,0,0,14,0,1,0,0,0,32,40,32,35.0000038146973
0,0,0,0,0,14,1,0,0,0,0,32,40,32,35.0000038146973
0,0,0,0,0,14,1,1,0,0,0,32,40,32,35.0000038146973
0,0,0,0,0,14,1,1,0,0,0,32,40,32,35.0000038146973
0,0,0,0,0,14,1,1,0,0,0,32,40,32,35.0000038146973
0,0,0,0,0,14,1,1,0,0,0,32,40,32,35.0000038146973
0,0,0,0,0,14,1,1,0,0,0,32,40,32,35.0000038146973
0,0,0,0,0,14,1,1,0,0,0,32,40,32,35.0000038146973
0,0,0,0,0,14,1,1,0,0,0,32,40,32,35.0000038146973
0,0,0,0,0,14,1,1,0,0,0,32,40,32,35.0000038146973
0,0,0,0,0,14,1,1,0,0,0,32,40,32,35.0000038146973
0,0,0,0,0,14,1,1,0,0,0,32,40,32,35.0000038146973
0,0,0,0,0,14,1,1,0,0,0,32,40,32,35.0000038146973
0,0,0,0,0,14,1,1,0,0,0,32,40,32,35.0000038146973
0,0,0,0,0,14,1,1,0,0,0,32,40,32,35.0000038146973
0,0,0,0,0,14,1,1,0,0,0,32,40,32,35.0000038146973
0,0,0,0,0,14,1,1,0,0,0,32,40,32,35.0000038146973
0,0,0,0,0,14,1,1,0,0,0,32,40,32,35.0000038146973
0,0,0,0,0,14,1,1,0,0,0,32,40,32,35.0000038146973
0,0,0,0,0,14,1,1,0,0,0,32,40,32,35.0000038146973
0,0,0,0,0,14,1,1,0,0,0,32,40,32,35.0000038146973
0,0,0,0,0,14,1,1,0,0,0,32,40,32,35.0000038146973
0,0,0,0,0,14,1,1,0,0,0,32,40,32,35.0000038146973
0,0,0,0,0,14,1,1,0,0,0,32,40,32,35.0000038146973
0,0,0,0,0,14,1,1,0,0,0,32,40,32,35.0000038146973
0,0,0,0,0,14,1,1,0,0,0,32,40,32,35.0000038146973
0,0,0,0,0,14,1,1,0,0,0,32,40,32,35.0000038146973
0,0,0,0,0,14,1,1,0,0,0,32,40,32,35.0000038146973
0,0,0,0,0,14,1,1,0,0,0,32,40,32,35.0000038146973
0,0,0,0,0,14,1,1,0,0,0,32,40,32,35.0000038146973
0,0,0,0,0,14,1,1,0,0,0,32,40,32,35.0000038146973
0,0,0,0,0,14,1,1,0,0,0,32,40,32,35.0000038146973
0,0,0,0,0,14,1,1,0,0,0,32,40,32,35.0000038146973
0,0,0,0,0,14,0,1,0,0,0,32,40,32,35.0000038146973
0,0,0,0,0,14,1,1,0,0,0,32,40,32,35.0000038146973
0,0,0,0,0,14,1,1,0,0,0,32,40,32,35.0000038146973
0,1,0,0,0,14,1,1,0,0,0,32,40,32,35.0000038146973
0,1,0,0,0,14,1,1,0,0,0,32,40,32,35.0000038146973
0,1,0,0,0,14,1,1,0,0,0,32,40,32,35.0000038146973
0,1,0,0,0,14,0,1,0,0,0,32,40,32,35.0000038146973
0,1,0,0,0,14,0,1,0,0,0,32,40,32,35.0000038146973
0,1,0,0,0,14,1,1,0,0,0,32,40,32,35.0000038146973
0,1,0,0,0,14,1,1,0,0,0,32,40,32,35.0000038146973
0,1,0,0,0,14,1,1,0,0,0,32,40,32,35.0000038146973
0,1,0,0,0,14,0,1,0,0,0,32,40,32,35.0000038146973
0,1,0,0,0,14,1,1,0,0,0,32,40,32,35.0000038146973
0,1,0,0,0,14,1,1,0,0,0,32,40,32,35.0000038146973
0,1,0,0,0,14,1,1,0,0,0,32,40,32,35.0000038146973
0,1,0,0,0,14,1,1,0,0,0,32,40,32,35.0000038146973
0,1,0,0,0,14,1,1,0,0,0,32,40,32,35.0000038146973
0,1,0,0,0,14,1,1,0,0,0,32,40,32,35.0000038146973
0,1,0,0,0,14,1,1,0,0,0,32,40,32,35.0000038146973
0,1,0,0,0,14,0,1,0,0,0,32,40,32,35.0000038146973
0,1,0,0,0,14,1,1,0,0,0,32,40,32,35.0000038146973
0,1,0,0,0,14,1,1,0,0,0,32,40,32,35.0000038146973
0,1,0,0,0,14,1,1,0,0,0,32,40,32,35.0000038146973
0,1,0,0,0,14,1,1,0,0,0,32,40,32,35.0000038146973
0,1,0,0,0,14,1,1,0,0,0,32,40,32,35.0000038146973
0,1,0,0,0,14,1,1,0,0,0,32,40,32,35.0000038146973
0,1,0,0,0,14,1,1,0,0,0,32,40,32,35.0000038146973
0,1,0,0,0,14,1,1,0,0,0,32,40,32,35.0000038146973
0,1,0,0,0,14,1,1,0,0,0,32,40,32,35.0000038146973
0,1,0,0,0,14,1,1,0,0,0,32,40,32,35.0000038146973
0,1,0,0,0,14,1,1,0,0,0,32,40,32,35.0000038146973
0,1,0,0,0,14,0,0,0,0,0,32,40,32,35.0000038146973
0,1,0,0,0,14,1,1,0,0,0,32,40,32,35.0000038146973
0,1,0,0,0,14,0,1,0,0,0,32,40,32,35.0000038146973
0,1,0,0,0,14,1,1,0,0,0,32,40,32,35.0000038146973
0,1,0,0,0,14,1,1,0,0,0,32,40,32,35.0000038146973
0,1,0,0,0,14,1,1,0,0,0,32,40,32,35.0000038146973
0,1,0,0,0,14,1,1,0,0,0,32,40,32,35.0000038146973
0,1,0,0,0,14,1,1,0,0,0,32,40,32,35.0000038146973
0,1,0,0,0,14,1,1,0,0,0,32,40,32,35.0000038146973
0,1,1,1,1,14,1,1,42.5,45.5,1,45.5,45.5,42.5,42.5
0,1,0,0,0,14,1,1,0,0,0,32,40,32,35.0000038146973
0,1,0,0,0,14,1,1,0,0,0,32,40,32,35.0000038146973
0,1,0,0,0,14,1,1,0,0,0,32,40,32,35.0000038146973
0,1,0,0,0,14,1,1,0,0,0,32,40,32,35.0000038146973
0,1,0,0,0,14,1,1,0,0,0,32,40,32,35.0000038146973
0,1,0,0,0,14,1,1,0,0,0,32,40,32,35.0000038146973
0,1,0,0,0,14,0,1,0,0,0,32,40,32,35.0000038146973
0,1,0,0,0,14,0,1,0,0,0,32,40,32,35.0000038146973
0,1,0,0,0,14,1,1,0,0,0,32,40,32,35.0000038146973
0,1,0,0,0,14,1,1,0,0,0,32,40,32,35.0000038146973
0,1,0,0,0,14,1,1,0,0,0,32,40,32,35.0000038146973
0,1,0,0,0,14,1,1,0,0,0,32,40,32,35.0000038146973
0,1,0,0,0,14,1,1,0,0,0,32,40,32,35.0000038146973
0,1,0,0,0,14,1,1,0,0,0,32,40,32,35.0000038146973
0,1,0,0,0,14,1,1,0,0,0,32,40,32,35.0000038146973
0,1,0,0,0,14,1,1,0,0,0,32,40,32,35.0000038146973
0,1,0,0,0,14,1,1,0,0,0,32,40,32,35.0000038146973
0,1,0,0,0,14,1,1,0,0,0,32,40,32,35.0000038146973
0,1,0,0,0,14,1,1,0,0,0,32,40,32,35.0000038146973
0,1,0,0,0,14,0,1,0,0,0,32,40,32,35.0000038146973
0,1,0,0,0,14,1,1,0,0,0,32,40,32,35.0000038146973
0,1,0,0,0,14,1,1,0,0,0,32,40,32,35.0000038146973
0,1,0,0,0,14,0,1,0,0,0,32,40,32,35.0000038146973
0,1,0,0,0,14,1,1,0,0,0,32,40,32,35.0000038146973
0,1,0,0,0,14,1,1,0,0,0,32,40,32,35.0000038146973
0,1,0,0,0,14,1,0,0,0,0,32,40,32,35.0000038146973
0,1,0,0,0,14,1,1,0,0,0,32,40,32,35.0000038146973
0,1,0,0,0,14,1,1,0,0,0,32,40,32,35.0000038146973
0,1,0,0,0,14,1,1,0,0,0,32,40,32,35.0000038146973
0,1,0,0,0,14,1,1,0,0,0,32,40,32,35.0000038146973
0,1,1,1,1,14,1,1,43,44,1,44,44,43,43
0,1,0,0,0,14,1,1,0,0,0,32,40,32,35.0000038146973
0,1,0,0,0,14,1,1,0,0,0,32,40,32,35.0000038146973
0,1,0,0,0,14,1,1,0,0,0,32,40,32,35.0000038146973
0,1,0,0,0,14,1,1,0,0,0,32,40,32,35.0000038146973
0,1,0,0,0,14,1,1,0,0,0,32,40,32,35.0000038146973
0,1,0,0,0,14,1,1,0,0,0,32,40,32,35.0000038146973
0,1,0,0,0,14,1,1,0,0,0,32,40,32,35.0000038146973
0,1,0,0,0,14,1,1,0,0,0,32,40,32,35.0000038146973
0,1,0,0,0,14,1,1,0,0,0,32,40,32,35.0000038146973
0,1,0,0,0,14,1,1,0,0,0,32,40,32,35.0000038146973
0,1,0,0,0,14,1,1,0,0,0,32,40,32,35.0000038146973
0,1,1,0,0,14,1,1,42.5,45.5,0,45.5,45.5,42.5,42.5
0,1,0,0,0,14,0,1,0,0,0,32,40,32,35.0000038146973
0,1,0,0,0,14,1,1,0,0,0,32,40,32,35.0000038146973
0,1,0,0,0,14,1,1,0,0,0,32,40,32,35.0000038146973
0,1,0,0,0,14,1,1,0,0,0,32,40,32,35.0000038146973
0,1,0,0,0,14,1,1,0,0,0,32,40,32,35.0000038146973
0,1,0,0,0,14,1,1,0,0,0,32,40,32,35.0000038146973
0,1,0,0,0,14,1,1,0,0,0,32,40,32,35.0000038146973
0,1,0,0,0,14,1,1,0,0,0,32,40,32,35.0000038146973
0,1,0,0,0,14,1,1,0,0,0,32,40,32,35.0000038146973
0,1,0,0,0,14,1,1,0,0,0,32,40,32,35.0000038146973
0,1,0,0,0,14,1,0,0,0,0,32,40,32,35.0000038146973
0,1,0,0,0,14,0,1,0,0,0,32,40,32,35.0000038146973
0,1,0,0,0,14,1,1,0,0,0,32,40,32,35.0000038146973
0,1,0,0,0,14,1,1,0,0,0,32,40,32,35.0000038146973
0,1,0,0,0,14,1,1,0,0,0,32,40,32,35.0000038146973
0,1,1,1,1,14,1,1,42,47,1,47,47,42,42
0,1,0,0,0,14,1,1,0,0,0,32,40,32,35.0000038146973
0,1,0,0,0,14,1,1,0,0,0,32,40,32,35.0000038146973
0,1,0,0,0,14,1,1,0,0,0,32,40,32,35.0000038146973
0,1,0,0,0,14,1,1,0,0,0,32,40,32,35.0000038146973
0,1,0,0,0,14,1,0,0,0,0,32,40,32,35.0000038146973
0,1,0,0,0,14,1,1,0,0,0,32,40,32,35.0000038146973
0,1,0,0,0,14,1,1,0,0,0,32,40,32,35.0000038146973
0,1,0,0,0,14,1,1,0,0,0,32,40,32,35.0000038146973
0,1,1,1,1,14,1,1,42.5,45.5,1,45.5,45.5,42.5,42.5
0,1,0,0,0,14,1,1,0,0,0,32,40,32,35.0000038146973
0,1,0,0,0,14,1,0,0,0,0,32,40,32,35.0000038146973
0,1,0,0,0,14,1,1,0,0,0,32,40,32,35.0000038146973
0,1,0,0,0,14,1,1,0,0,0,32,40,32,35.0000038146973
0,1,0,0,0,14,1,1,0,0,0,32,40,32,35.0000038146973
0,1,0,0,0,14,1,1,0,0,0,32,40,32,35.0000038146973
0,1,0,0,0,14,1,1,0,0,0,32,40,32,35.0000038146973
0,1,0,0,0,14,1,1,0,0,0,32,40,32,35.0000038146973
0,1,0,0,0,14,1,1,0,0,0,32,40,32,35.0000038146973
0,1,0,0,0,14,1,1,0,0,0,32,40,32,35.0000038146973
0,1,0,0,0,14,1,1,0,0,0,32,40,32,35.0000038146973
0,1,0,0,0,14,1,1,0,0,0,32,40,32,35.0000038146973
0,1,0,0,0,14,1,1,0,0,0,32,40,32,35.0000038146973
0,1,0,0,0,14,1,0,0,0,0,32,40,32,35.0000038146973
0,1,0,0,0,14,1,1,0,0,0,32,40,32,35.0000038146973
0,1,0,0,0,14,0,1,0,0,0,32,40,32,35.0000038146973
0,1,0,0,0,14,1,1,0,0,0,32,40,32,35.0000038146973
0,1,0,0,0,14,1,1,0,0,0,32,40,32,35.0000038146973
0,1,0,0,0,14,1,1,0,0,0,32,40,32,35.0000038146973
0,0,0,0,0,15,0,1,0,0,0,32,40,32,35.0000038146973
0,0,0,0,0,15,1,0,0,0,0,32,40,32,35.0000038146973
0,0,0,0,0,15,1,1,0,0,0,32,40,32,35.0000038146973
0,0,0,0,0,15,1,1,0,0,0,32,40,32,35.0000038146973
0,0,0,0,0,15,1,1,0,0,0,32,40,32,35.0000038146973
0,0,0,0,0,15,1,1,0,0,0,32,40,32,35.0000038146973
0,0,0,0,0,15,0,1,0,0,0,32,40,32,35.0000038146973
0,0,0,0,0,15,1,1,0,0,0,32,40,32,35.0000038146973
0,0,0,0,0,15,1,0,0,0,0,32,40,32,35.0000038146973
0,0,0,0,0,15,1,1,0,0,0,32,40,32,35.0000038146973
0,0,0,0,0,15,1,1,0,0,0,32,40,32,35.0000038146973
0,0,0,0,0,15,1,1,0,0,0,32,40,32,35.0000038146973
0,0,0,0,0,15,1,1,0,0,0,32,40,32,35.0000038146973
0,0,0,0,0,15,1,1,0,0,0,32,40,32,35.0000038146973
0,0,0,0,0,15,1,1,0,0,0,32,40,32,35.0000038146973
0,0,0,0,0,15,1,1,0,0,0,32,40,32,35.0000038146973
0,0,0,0,0,15,0,0,0,0,0,32,40,32,35.0000038146973
0,0,0,0,0,15,1,1,0,0,0,32,40,32,35.0000038146973
0,0,0,0,0,15,1,1,0,0,0,32,40,32,35.0000038146973
0,0,0,0,0,15,0,1,0,0,0,32,40,32,35.0000038146973
0,0,0,0,0,15,0,1,0,0,0,32,40,32,35.0000038146973
0,0,0,0,0,15,1,1,0,0,0,32,40,32,35.0000038146973
0,0,0,0,0,15,1,1,0,0,0,32,40,32,35.0000038146973
0,0,0,0,0,15,1,1,0,0,0,32,40,32,35.0000038146973
0,0,0,0,0,15,1,1,0,0,0,32,40,32,35.0000038146973
0,0,0,0,0,15,1,1,0,0,0,32,40,32,35.0000038146973
0,0,0,0,0,15,1,1,0,0,0,32,40,32,35.0000038146973
0,0,0,0,0,15,1,1,0,0,0,32,40,32,35.0000038146973
0,0,0,0,0,15,1,1,0,0,0,32,40,32,35.0000038146973
0,0,0,0,0,15,1,1,0,0,0,32,40,32,35.0000038146973
0,0,0,0,0,15,1,1,0,0,0,32,40,32,35.0000038146973
0,0,0,0,0,15,1,1,0,0,0,32,40,32,35.0000038146973
0,0,0,0,0,15,1,1,0,0,0,32,40,32,35.0000038146973
0,0,0,0,0,15,1,1,0,0,0,32,40,32,35.0000038146973
0,0,0,0,0,15,1,1,0,0,0,32,40,32,35.0000038146973
0,0,0,0,0,15,0,1,0,0,0,32,40,32,35.0000038146973
0,0,0,0,0,15,0,1,0,0,0,32,40,32,35.0000038146973
0,0,0,0,0,15,1,1,0,0,0,32,40,32,35.0000038146973
0,0,0,0,0,15,0,1,0,0,0,32,40,32,35.0000038146973
0,0,0,0,0,15,1,1,0,0,0,32,40,32,35.0000038146973
0,0,0,0,0,15,0,1,0,0,0,32,40,32,35.0000038146973
0,0,0,0,0,15,1,0,0,0,0,32,40,32,35.0000038146973
0,0,0,0,0,15,1,1,0,0,0,32,40,32,35.0000038146973
0,0,0,0,0,15,0,1,0,0,0,32,40,32,35.0000038146973
0,0,0,0,0,15,1,0,0,0,0,32,40,32,35.0000038146973
0,0,0,0,0,15,1,1,0,0,0,32,40,32,35.0000038146973
0,0,0,0,0,15,1,1,0,0,0,32,40,32,35.0000038146973
0,0,0,0,0,15,1,1,0,0,0,32,40,32,35.0000038146973
0,0,0,0,0,15,0,1,0,0,0,32,40,32,35.0000038146973
0,0,0,0,0,15,1,1,0,0,0,32,40,32,35.0000038146973
0,0,0,0,0,15,1,1,0,0,0,32,40,32,35.0000038146973
0,0,0,0,0,15,1,1,0,0,0,32,40,32,35.0000038146973
0,0,0,0,0,15,1,1,0,0,0,32,40,32,35.0000038146973
0,0,0,0,0,15,1,1,0,0,0,32,40,32,35.0000038146973
0,0,0,0,0,15,1,1,0,0,0,32,40,32,35.0000038146973
0,0,0,0,0,15,1,1,0,0,0,32,40,32,35.0000038146973
0,0,0,0,0,15,1,1,0,0,0,32,40,32,35.0000038146973
0,0,0,0,0,15,1,1,0,0,0,32,40,32,35.0000038146973
0,0,0,0,0,15,1,1,0,0,0,32,40,32,35.0000038146973
0,0,0,0,0,15,1,1,0,0,0,32,40,32,35.0000038146973
0,1,0,0,0,15,1,1,0,0,0,32,40,32,35.0000038146973
0,1,0,0,0,15,0,1,0,0,0,32,40,32,35.0000038146973
0,1,0,0,0,15,1,1,0,0,0,32,40,32,35.0000038146973
0,1,0,0,0,15,1,1,0,0,0,32,40,32,35.0000038146973
0,1,0,0,0,15,1,1,0,0,0,32,40,32,35.0000038146973
0,1,0,0,0,15,0,1,0,0,0,32,40,32,35.0000038146973
0,1,0,0,0,15,1,1,0,0,0,32,40,32,35.0000038146973
0,1,0,0,0,15,1,1,0,0,0,32,40,32,35.0000038146973
0,1,0,0,0,15,1,1,0,0,0,32,40,32,35.0000038146973
0,1,0,0,0,15,1,1,0,0,0,32,40,32,35.0000038146973
0,1,0,0,0,15,1,1,0,0,0,32,40,32,35.0000038146973
0,1,0,0,0,15,1,1,0,0,0,32,40,32,35.0000038146973
0,1,0,0,0,15,1,1,0,0,0,32,40,32,35.0000038146973
0,1,0,0,0,15,1,1,0,0,0,32,40,32,35.0000038146973
0,1,0,0,0,15,1,1,0,0,0,32,40,32,35.0000038146973
0,1,0,0,0,15,1,1,0,0,0,32,40,32,35.0000038146973
0,1,0,0,0,15,1,1,0,0,0,32,40,32,35.0000038146973
0,1,0,0,0,15,1,1,0,0,0,32,40,32,35.0000038146973
0,1,0,0,0,15,1,1,0,0,0,32,40,32,35.0000038146973
0,1,0,0,0,15,1,1,0,0,0,32,40,32,35.0000038146973
0,1,0,0,0,15,1,1,0,0,0,32,40,32,35.0000038146973
0,1,0,0,0,15,1,0,0,0,0,32,40,32,35.0000038146973
0,1,0,0,0,15,1,1,0,0,0,32,40,32,35.0000038146973
0,1,0,0,0,15,0,1,0,0,0,32,40,32,35.0000038146973
0,1,0,0,0,15,0,1,0,0,0,32,40,32,35.0000038146973
0,1,0,0,0,15,1,1,0,0,0,32,40,32,35.0000038146973
0,1,0,0,0,15,1,0,0,0,0,32,40,32,35.0000038146973
0,1,0,0,0,15,0,0,0,0,0,32,40,32,35.0000038146973
0,1,0,0,0,15,1,1,0,0,0,32,40,32,35.0000038146973
0,1,0,0,0,15,0,1,0,0,0,32,40,32,35.0000038146973
0,1,0,0,0,15,1,1,0,0,0,32,40,32,35.0000038146973
0,1,0,0,0,15,1,1,0,0,0,32,40,32,35.0000038146973
0,1,0,0,0,15,1,1,0,0,0,32,40,32,35.0000038146973
0,1,0,0,0,15,1,1,0,0,0,32,40,32,35.0000038146973
0,1,0,0,0,15,1,1,0,0,0,32,40,32,35.0000038146973
0,1,0,0,0,15,0,1,0,0,0,32,40,32,35.0000038146973
0,1,0,0,0,15,1,1,0,0,0,32,40,32,35.0000038146973
0,1,0,0,0,15,1,1,0,0,0,32,40,32,35.0000038146973
0,1,0,0,0,15,1,1,0,0,0,32,40,32,35.0000038146973
0,1,0,0,0,15,1,1,0,0,0,32,40,32,35.0000038146973
0,1,0,0,0,15,1,1,0,0,0,32,40,32,35.0000038146973
0,1,0,0,0,15,1,1,0,0,0,32,40,32,35.0000038146973
0,1,0,0,0,15,1,1,0,0,0,32,40,32,35.0000038146973
0,1,0,0,0,15,1,1,0,0,0,32,40,32,35.0000038146973
0,1,0,0,0,15,1,0,0,0,0,32,40,32,35.0000038146973
0,1,0,0,0,15,1,1,0,0,0,32,40,32,35.0000038146973
0,1,0,0,0,15,1,1,0,0,0,32,40,32,35.0000038146973
0,1,0,0,0,15,1,1,0,0,0,32,40,32,35.0000038146973
0,1,0,0,0,15,1,1,0,0,0,32,40,32,35.0000038146973
0,1,0,0,0,15,1,1,0,0,0,32,40,32,35.0000038146973
0,1,0,0,0,15,1,1,0,0,0,32,40,32,35.0000038146973
0,1,0,0,0,15,1,1,0,0,0,32,40,32,35.0000038146973
0,1,0,0,0,15,1,1,0,0,0,32,40,32,35.0000038146973
0,1,0,0,0,15,1,1,0,0,0,32,40,32,35.0000038146973
0,1,0,0,0,15,0,1,0,0,0,32,40,32,35.0000038146973
0,1,0,0,0,15,1,1,0,0,0,32,40,32,35.0000038146973
0,1,0,0,0,15,1,1,0,0,0,32,40,32,35.0000038146973
0,1,0,0,0,15,1,1,0,0,0,32,40,32,35.0000038146973
0,1,0,0,0,15,1,1,0,0,0,32,40,32,35.0000038146973
0,1,0,0,0,15,1,1,0,0,0,32,40,32,35.0000038146973
0,1,0,0,0,15,1,1,0,0,0,32,40,32,35.0000038146973
0,1,0,0,0,15,1,1,0,0,0,32,40,32,35.0000038146973
0,1,0,0,0,15,1,1,0,0,0,32,40,32,35.0000038146973
0,1,0,0,0,15,1,1,0,0,0,32,40,32,35.0000038146973
0,1,0,0,0,15,0,1,0,0,0,32,40,32,35.0000038146973
0,1,0,0,0,15,1,1,0,0,0,32,40,32,35.0000038146973
0,1,0,0,0,15,1,1,0,0,0,32,40,32,35.0000038146973
0,1,0,0,0,15,1,1,0,0,0,32,40,32,35.0000038146973
0,1,0,0,0,15,1,1,0,0,0,32,40,32,35.0000038146973
0,1,0,0,0,15,1,1,0,0,0,32,40,32,35.0000038146973
0,1,0,0,0,15,1,1,0,0,0,32,40,32,35.0000038146973
0,1,0,0,0,15,1,1,0,0,0,32,40,32,35.0000038146973
0,1,0,0,0,15,1,1,0,0,0,32,40,32,35.0000038146973
0,1,0,0,0,15,0,1,0,0,0,32,40,32,35.0000038146973
0,1,0,0,0,15,1,1,0,0,0,32,40,32,35.0000038146973
0,0,0,0,0,16,1,1,0,0,0,32,40,32,35.0000038146973
0,0,0,0,0,16,1,1,0,0,0,32,40,32,35.0000038146973
0,0,0,0,0,16,0,1,0,0,0,32,40,32,35.0000038146973
0,0,0,0,0,16,1,1,0,0,0,32,40,32,35.0000038146973
0,0,0,0,0,16,0,1,0,0,0,32,40,32,35.0000038146973
0,0,0,0,0,16,1,1,0,0,0,32,40,32,35.0000038146973
0,0,0,0,0,16,1,1,0,0,0,32,40,32,35.0000038146973
0,0,0,0,0,16,1,1,0,0,0,32,40,32,35.0000038146973
0,0,0,0,0,16,1,1,0,0,0,32,40,32,35.0000038146973
0,0,0,0,0,16,1,1,0,0,0,32,40,32,35.0000038146973
0,0,0,0,0,16,1,1,0,0,0,32,40,32,35.0000038146973
0,0,0,0,0,16,1,1,0,0,0,32,40,32,35.0000038146973
0,0,0,0,0,16,1,1,0,0,0,32,40,32,35.0000038146973
0,0,0,0,0,16,1,1,0,0,0,32,40,32,35.0000038146973
0,0,0,0,0,16,1,1,0,0,0,32,40,32,35.0000038146973
0,0,0,0,0,16,1,1,0,0,0,32,40,32,35.0000038146973
0,0,0,0,0,16,1,1,0,0,0,32,40,32,35.0000038146973
0,0,0,0,0,16,1,1,0,0,0,32,40,32,35.0000038146973
0,0,0,0,0,16,1,1,0,0,0,32,40,32,35.0000038146973
0,0,0,0,0,16,1,0,0,0,0,32,40,32,35.0000038146973
0,1,0,0,0,16,1,1,0,0,0,32,40,32,35.0000038146973
0,1,0,0,0,16,1,1,0,0,0,32,40,32,35.0000038146973
0,1,0,0,0,16,0,1,0,0,0,32,40,32,35.0000038146973
0,1,0,0,0,16,1,1,0,0,0,32,40,32,35.0000038146973
0,1,0,0,0,16,1,1,0,0,0,32,40,32,35.0000038146973
0,1,0,0,0,16,1,1,0,0,0,32,40,32,35.0000038146973
0,1,0,0,0,16,1,1,0,0,0,32,40,32,35.0000038146973
0,1,0,0,0,16,1,1,0,0,0,32,40,32,35.0000038146973
0,1,0,0,0,16,1,1,0,0,0,32,40,32,35.0000038146973
0,1,0,0,0,16,1,1,0,0,0,32,40,32,35.0000038146973
0,1,0,0,0,16,1,1,0,0,0,32,40,32,35.0000038146973
0,1,0,0,0,16,1,1,0,0,0,32,40,32,35.0000038146973
0,1,0,0,0,16,0,1,0,0,0,32,40,32,35.0000038146973
0,1,0,0,0,16,1,1,0,0,0,32,40,32,35.0000038146973
0,1,0,0,0,16,1,1,0,0,0,32,40,32,35.0000038146973
0,0,0,0,0,17,1,1,0,0,0,32,40,32,35.0000038146973
0,0,0,0,0,18,1,0,0,0,0,32,40,32,35.0000038146973
0,1,0,0,0,82,1,0,0,0,0,32,40,32,35.0000038146973
0,0,0,0,0,,1,0,0,0,0,32,40,32,35.0000038146973
0,0,0,0,0,,1,0,0,0,0,32,40,32,35.0000038146973
0,0,0,0,0,,1,0,0,0,0,32,40,32,35.0000038146973
0,0,0,0,0,,1,0,0,0,0,32,40,32,35.0000038146973
0,0,0,0,0,,1,0,0,0,0,32,40,32,35.0000038146973
0,0,0,0,0,,1,0,0,0,0,32,40,32,35.0000038146973
0,0,0,0,0,,1,0,0,0,0,32,40,32,35.0000038146973
0,0,0,0,0,,1,0,0,0,0,32,40,32,35.0000038146973
0,0,0,0,0,,0,0,0,0,0,32,40,32,35.0000038146973
0,0,0,0,0,,1,0,0,0,0,32,40,32,35.0000038146973
0,0,0,0,0,,0,0,0,0,0,32,40,32,35.0000038146973
0,0,0,0,0,,1,0,0,0,0,32,40,32,35.0000038146973
0,0,0,0,0,,1,0,0,0,0,32,40,32,35.0000038146973
0,0,0,0,0,,1,0,0,0,0,32,40,32,35.0000038146973
0,0,0,0,0,,0,0,0,0,0,32,40,32,35.0000038146973
0,0,0,0,0,,1,0,0,0,0,32,40,32,35.0000038146973
0,0,0,0,0,,0,0,0,0,0,32,40,32,35.0000038146973
0,0,0,0,0,,1,0,0,0,0,32,40,32,35.0000038146973
0,0,0,0,0,,0,0,0,0,0,32,40,32,35.0000038146973
0,0,0,0,0,,1,0,0,0,0,32,40,32,35.0000038146973
0,0,0,0,0,,1,0,0,0,0,32,40,32,35.0000038146973
0,0,0,0,0,,0,0,0,0,0,32,40,32,35.0000038146973
0,0,0,0,0,,1,0,0,0,0,32,40,32,35.0000038146973
0,0,0,0,0,,1,0,0,0,0,32,40,32,35.0000038146973
0,0,0,0,0,,1,0,0,0,0,32,40,32,35.0000038146973
0,0,0,0,0,,1,0,0,0,0,32,40,32,35.0000038146973
0,0,0,0,0,,0,0,0,0,0,32,40,32,35.0000038146973
0,0,0,0,0,,1,0,0,0,0,32,40,32,35.0000038146973
0,0,0,0,0,,1,0,0,0,0,32,40,32,35.0000038146973
0,0,0,0,0,,1,0,0,0,0,32,40,32,35.0000038146973
0,0,0,0,0,,1,0,0,0,0,32,40,32,35.0000038146973
0,0,0,0,0,,1,0,0,0,0,32,40,32,35.0000038146973
0,0,0,0,0,,0,0,0,0,0,32,40,32,35.0000038146973
0,0,0,0,0,,0,0,0,0,0,32,40,32,35.0000038146973
0,0,0,0,0,,1,0,0,0,0,32,40,32,35.0000038146973
0,0,0,0,0,,1,0,0,0,0,32,40,32,35.0000038146973
0,0,0,0,0,,1,0,0,0,0,32,40,32,35.0000038146973
0,0,0,0,0,,1,0,0,0,0,32,40,32,35.0000038146973
0,0,0,0,0,,1,0,0,0,0,32,40,32,35.0000038146973
0,0,0,0,0,,1,0,0,0,0,32,40,32,35.0000038146973
0,0,0,0,0,,0,0,0,0,0,32,40,32,35.0000038146973
0,0,0,0,0,,1,0,0,0,0,32,40,32,35.0000038146973
0,0,0,0,0,,1,0,0,0,0,32,40,32,35.0000038146973
0,0,0,0,0,,1,0,0,0,0,32,40,32,35.0000038146973
0,0,0,0,0,,0,0,0,0,0,32,40,32,35.0000038146973
0,0,0,0,0,,1,0,0,0,0,32,40,32,35.0000038146973
0,0,0,0,0,,1,0,0,0,0,32,40,32,35.0000038146973
0,0,0,0,0,,0,0,0,0,0,32,40,32,35.0000038146973
0,0,0,0,0,,1,0,0,0,0,32,40,32,35.0000038146973
0,0,0,0,0,,1,0,0,0,0,32,40,32,35.0000038146973
0,0,0,0,0,,1,0,0,0,0,32,40,32,35.0000038146973
0,0,0,0,0,,1,0,0,0,0,32,40,32,35.0000038146973
0,0,0,0,0,,1,0,0,0,0,32,40,32,35.0000038146973
0,0,0,0,0,,1,0,0,0,0,32,40,32,35.0000038146973
0,0,0,0,0,,0,0,0,0,0,32,40,32,35.0000038146973
0,0,0,0,0,,1,0,0,0,0,32,40,32,35.0000038146973
0,0,0,0,0,,0,0,0,0,0,32,40,32,35.0000038146973
0,0,0,0,0,,1,0,0,0,0,32,40,32,35.0000038146973
0,0,0,0,0,,0,0,0,0,0,32,40,32,35.0000038146973
0,0,0,0,0,,1,0,0,0,0,32,40,32,35.0000038146973
0,0,0,0,0,,1,0,0,0,0,32,40,32,35.0000038146973
0,0,0,0,0,,1,0,0,0,0,32,40,32,35.0000038146973
0,0,0,0,0,,1,0,0,0,0,32,40,32,35.0000038146973
0,0,0,0,0,,1,0,0,0,0,32,40,32,35.0000038146973
0,0,0,0,0,,1,0,0,0,0,32,40,32,35.0000038146973
0,0,0,0,0,,0,0,0,0,0,32,40,32,35.0000038146973
0,0,0,0,0,,1,0,0,0,0,32,40,32,35.0000038146973
0,0,0,0,0,,1,0,0,0,0,32,40,32,35.0000038146973
0,0,0,0,0,,1,0,0,0,0,32,40,32,35.0000038146973
0,0,0,0,0,,1,0,0,0,0,32,40,32,35.0000038146973
0,0,0,0,0,,1,0,0,0,0,32,40,32,35.0000038146973
0,0,0,0,0,,1,0,0,0,0,32,40,32,35.0000038146973
0,0,0,0,0,,0,0,0,0,0,32,40,32,35.0000038146973
0,0,0,0,0,,1,0,0,0,0,32,40,32,35.0000038146973
0,0,0,0,0,,1,0,0,0,0,32,40,32,35.0000038146973
0,0,0,0,0,,0,0,0,0,0,32,40,32,35.0000038146973
0,0,0,0,0,,1,0,0,0,0,32,40,32,35.0000038146973
0,0,0,0,0,,1,0,0,0,0,32,40,32,35.0000038146973
0,0,0,0,0,,1,0,0,0,0,32,40,32,35.0000038146973
0,1,0,0,0,,1,0,0,0,0,32,40,32,35.0000038146973
0,1,0,0,0,,1,0,0,0,0,32,40,32,35.0000038146973
0,1,0,0,0,,1,0,0,0,0,32,40,32,35.0000038146973
0,1,0,0,0,,1,0,0,0,0,32,40,32,35.0000038146973
0,1,0,0,0,,1,0,0,0,0,32,40,32,35.0000038146973
0,1,0,0,0,,1,0,0,0,0,32,40,32,35.0000038146973
0,1,0,0,0,,0,0,0,0,0,32,40,32,35.0000038146973
0,1,0,0,0,,1,0,0,0,0,32,40,32,35.0000038146973
0,1,0,0,0,,1,0,0,0,0,32,40,32,35.0000038146973
0,1,0,0,0,,1,0,0,0,0,32,40,32,35.0000038146973
0,1,0,0,0,,1,0,0,0,0,32,40,32,35.0000038146973
0,1,0,0,0,,1,0,0,0,0,32,40,32,35.0000038146973
0,1,0,0,0,,1,0,0,0,0,32,40,32,35.0000038146973
0,1,0,0,0,,1,0,0,0,0,32,40,32,35.0000038146973
0,1,0,0,0,,1,0,0,0,0,32,40,32,35.0000038146973
0,1,0,0,0,,1,0,0,0,0,32,40,32,35.0000038146973
0,1,0,0,0,,1,0,0,0,0,32,40,32,35.0000038146973
0,1,0,0,0,,1,0,0,0,0,32,40,32,35.0000038146973
0,1,0,0,0,,1,0,0,0,0,32,40,32,35.0000038146973
0,1,0,0,0,,1,0,0,0,0,32,40,32,35.0000038146973
0,1,0,0,0,,1,0,0,0,0,32,40,32,35.0000038146973
0,1,0,0,0,,1,0,0,0,0,32,40,32,35.0000038146973
0,1,0,0,0,,1,0,0,0,0,32,40,32,35.0000038146973
0,1,0,0,0,,0,0,0,0,0,32,40,32,35.0000038146973
0,1,0,0,0,,1,0,0,0,0,32,40,32,35.0000038146973
0,1,0,0,0,,1,0,0,0,0,32,40,32,35.0000038146973
0,1,0,0,0,,1,0,0,0,0,32,40,32,35.0000038146973
0,1,0,0,0,,1,0,0,0,0,32,40,32,35.0000038146973
0,1,0,0,0,,0,0,0,0,0,32,40,32,35.0000038146973
0,1,0,0,0,,1,0,0,0,0,32,40,32,35.0000038146973
0,1,0,0,0,,1,0,0,0,0,32,40,32,35.0000038146973
0,1,0,0,0,,0,0,0,0,0,32,40,32,35.0000038146973
0,1,0,0,0,,0,0,0,0,0,32,40,32,35.0000038146973
0,1,0,0,0,,1,0,0,0,0,32,40,32,35.0000038146973
0,1,0,0,0,,0,0,0,0,0,32,40,32,35.0000038146973
0,1,0,0,0,,0,0,0,0,0,32,40,32,35.0000038146973
0,1,0,0,0,,1,0,0,0,0,32,40,32,35.0000038146973
0,1,0,0,0,,1,0,0,0,0,32,40,32,35.0000038146973
0,1,0,0,0,,1,0,0,0,0,32,40,32,35.0000038146973
0,1,0,0,0,,1,0,0,0,0,32,40,32,35.0000038146973
0,1,0,0,0,,1,0,0,0,0,32,40,32,35.0000038146973
0,1,0,0,0,,1,0,0,0,0,32,40,32,35.0000038146973
0,1,0,0,0,,1,0,0,0,0,32,40,32,35.0000038146973
0,1,0,0,0,,1,0,0,0,0,32,40,32,35.0000038146973
0,1,0,0,0,,1,0,0,0,0,32,40,32,35.0000038146973
0,1,0,0,0,,1,0,0,0,0,32,40,32,35.0000038146973
0,1,0,0,0,,1,0,0,0,0,32,40,32,35.0000038146973
0,1,0,0,0,,1,0,0,0,0,32,40,32,35.0000038146973
0,1,0,0,0,,1,0,0,0,0,32,40,32,35.0000038146973
0,1,0,0,0,,1,0,0,0,0,32,40,32,35.0000038146973
0,1,0,0,0,,1,0,0,0,0,32,40,32,35.0000038146973
0,1,0,0,0,,1,0,0,0,0,32,40,32,35.0000038146973
0,1,0,0,0,,1,0,0,0,0,32,40,32,35.0000038146973
0,1,0,0,0,,1,0,0,0,0,32,40,32,35.0000038146973
0,1,0,0,0,,1,0,0,0,0,32,40,32,35.0000038146973
0,1,0,0,0,,1,0,0,0,0,32,40,32,35.0000038146973
0,1,0,0,0,,1,0,0,0,0,32,40,32,35.0000038146973
0,1,0,0,0,,1,0,0,0,0,32,40,32,35.0000038146973
0,1,0,0,0,,1,0,0,0,0,32,40,32,35.0000038146973
0,1,0,0,0,,1,0,0,0,0,32,40,32,35.0000038146973
0,1,0,0,0,,1,0,0,0,0,32,40,32,35.0000038146973
0,1,0,0,0,,0,0,0,0,0,32,40,32,35.0000038146973
0,1,0,0,0,,0,0,0,0,0,32,40,32,35.0000038146973
0,1,0,0,0,,0,0,0,0,0,32,40,32,35.0000038146973
0,1,0,0,0,,0,0,0,0,0,32,40,32,35.0000038146973
0,1,0,0,0,,0,0,0,0,0,32,40,32,35.0000038146973
0,1,0,0,0,,1,0,0,0,0,32,40,32,35.0000038146973
1,0,0,0,0,7,1,0,0,0,0,32,40,32,35.0000038146973
1,1,0,0,0,7,1,0,0,0,0,32,40,32,35.0000038146973
1,0,1,1,1,10,1,1,40,44,1,44,44,40,40
1,0,0,0,0,10,1,1,0,0,0,32,40,32,35.0000038146973
1,0,1,1,1,10,1,1,42,50,1,50,50,42,42
1,0,1,1,1,10,1,1,43,54,1,54,54,43,43
1,0,0,0,0,10,1,1,0,0,0,32,40,32,35.0000038146973
1,0,1,1,1,10,1,1,0,0,1,32,40,32,35.0000038146973
1,0,0,0,0,10,1,1,0,0,0,32,40,32,35.0000038146973
1,0,1,1,1,10,1,1,47,43,1,43,43,47,47
1,0,1,1,1,10,1,1,50,58,1,58,58,50,50
1,0,1,1,1,10,1,1,37,51,1,51,51,37,37
1,0,1,1,1,10,1,1,37,48,1,48,48,37,37
1,0,0,0,0,10,1,1,0,0,0,32,40,32,35.0000038146973
1,0,1,0,1,10,1,1,40,44,0,44,44,40,40
1,0,1,1,1,10,1,1,48,50,1,50,50,48,48
1,0,1,1,1,10,1,1,43,52,1,52,52,43,43
1,0,0,0,0,10,1,1,0,0,0,32,40,32,35.0000038146973
1,0,1,1,1,10,1,1,47,51,1,51,51,47,47
1,0,0,0,0,10,1,0,0,0,0,32,40,32,35.0000038146973
1,1,1,1,1,10,1,1,39,40,1,40,40,39,39
1,1,1,1,1,10,1,1,40,50,1,50,50,40,40
1,1,0,0,0,10,1,1,0,0,0,32,40,32,35.0000038146973
1,1,0,0,0,10,1,1,0,0,0,32,40,32,35.0000038146973
1,1,0,0,0,10,1,1,0,0,0,32,40,32,35.0000038146973
1,1,1,1,1,10,1,1,42,50,1,50,50,42,42
1,1,0,0,0,10,1,1,0,0,0,32,40,32,35.0000038146973
1,1,1,1,1,10,1,1,43,40,1,40,40,43,43
1,1,1,1,1,10,1,1,45,61,1,61,61,45,45
1,1,0,0,0,10,1,1,0,0,0,32,40,32,35.0000038146973
1,1,0,0,0,10,1,1,0,0,0,32,40,32,35.0000038146973
1,1,0,0,0,10,1,1,0,0,0,32,40,32,35.0000038146973
1,1,0,0,0,10,1,1,0,0,0,32,40,32,35.0000038146973
1,1,1,1,1,10,1,1,42,58,1,58,58,42,42
1,0,1,1,1,11,1,1,48,47,1,47,47,48,48
1,0,1,1,1,11,1,1,39,44,1,44,44,39,39
1,0,1,1,1,11,1,1,45,41,1,41,41,45,45
1,0,1,1,1,11,1,1,53,48,1,48,48,53,53
1,0,0,0,0,11,1,1,0,0,0,32,40,32,35.0000038146973
1,0,0,0,0,11,1,1,0,0,0,32,40,32,35.0000038146973
1,0,0,0,0,11,1,1,0,0,0,32,40,32,35.0000038146973
1,0,0,0,0,11,1,1,0,0,0,32,40,32,35.0000038146973
1,0,1,1,1,11,1,1,45,47,1,47,47,45,45
1,0,0,0,0,11,1,1,0,0,0,32,40,32,35.0000038146973
1,0,0,0,0,11,1,1,0,0,0,32,40,32,35.0000038146973
1,0,0,0,0,11,0,1,0,0,0,32,40,32,35.0000038146973
1,0,0,0,0,11,1,1,0,0,0,32,40,32,35.0000038146973
1,0,1,1,1,11,0,1,34,46,1,46,46,34,35.0000038146973
1,0,1,1,1,11,1,1,42,54,1,54,54,42,42
1,0,0,0,0,11,1,1,0,0,0,32,40,32,35.0000038146973
1,0,1,1,1,11,1,1,52,44,1,44,44,52,52
1,0,1,1,1,11,1,1,48,48,1,48,48,48,48
1,0,1,1,1,11,1,1,55,50,1,50,50,55,55
1,0,1,1,1,11,1,1,43,51,1,51,51,43,43
1,0,1,1,1,11,1,1,48,48,1,48,48,48,48
1,0,1,1,1,11,1,1,39,46,1,46,46,39,39
1,0,1,1,1,11,0,1,45,50,1,50,50,45,45
1,0,0,0,0,11,1,1,0,0,0,32,40,32,35.0000038146973
1,0,1,1,1,11,1,1,52,48,1,48,48,52,52
1,0,1,1,1,11,1,1,40,50,1,50,50,40,40
1,0,1,1,1,11,0,1,50,41,1,41,41,50,50
1,0,0,0,0,11,1,1,0,0,0,32,40,32,35.0000038146973
1,0,0,0,0,11,1,0,0,0,0,32,40,32,35.0000038146973
1,0,1,1,1,11,1,1,53,51,1,51,51,53,53
1,0,0,0,0,11,1,1,0,0,0,32,40,32,35.0000038146973
1,0,1,1,1,11,1,1,42,47,1,47,47,42,42
1,0,1,1,1,11,1,1,43,41,1,41,41,43,43
1,0,1,1,1,11,1,1,39,50,1,50,50,39,39
1,0,1,1,1,11,1,1,40,47,1,47,47,40,40
1,0,1,1,1,11,1,1,37,54,1,54,54,37,37
1,0,0,0,0,11,1,0,0,0,0,32,40,32,35.0000038146973
1,0,1,1,1,11,1,1,42,51,1,51,51,42,42
1,0,1,1,1,11,1,1,34,38,1,38,40,34,35.0000038146973
1,0,0,0,0,11,1,1,0,0,0,32,40,32,35.0000038146973
1,0,0,0,0,11,1,0,0,0,0,32,40,32,35.0000038146973
1,0,1,1,1,11,1,1,37,48,1,48,48,37,37
1,0,1,1,1,11,1,1,47,56,1,56,56,47,47
1,0,1,1,1,11,1,1,47,58,1,58,58,47,47
1,0,1,1,1,11,1,1,42,52,1,52,52,42,42
1,0,1,1,0,11,1,1,40,51,0,51,51,40,40
1,0,0,0,0,11,1,1,0,0,0,32,40,32,35.0000038146973
1,0,1,1,1,11,1,1,43,47,1,47,47,43,43
1,0,0,0,0,11,0,1,0,0,0,32,40,32,35.0000038146973
1,0,0,0,0,11,1,1,0,0,0,32,40,32,35.0000038146973
1,0,0,0,0,11,1,1,0,0,0,32,40,32,35.0000038146973
1,0,0,0,0,11,1,1,0,0,0,32,40,32,35.0000038146973
1,0,0,0,0,11,1,1,0,0,0,32,40,32,35.0000038146973
1,0,1,1,1,11,1,1,39,44,1,44,44,39,39
1,0,0,0,0,11,1,1,0,0,0,32,40,32,35.0000038146973
1,0,0,0,0,11,1,1,0,0,0,32,40,32,35.0000038146973
1,0,1,1,1,11,1,1,40,47,1,47,47,40,40
1,0,0,0,0,11,1,1,0,0,0,32,40,32,35.0000038146973
1,0,1,1,1,11,0,1,48,43,1,43,43,48,48
1,0,1,1,1,11,1,1,40,46,1,46,46,40,40
1,0,1,1,0,11,1,1,47,34,0,34,40,47,47
1,0,1,1,1,11,1,1,45,41,1,41,41,45,45
1,0,1,1,1,11,1,1,52,55,1,55,55,52,52
1,0,1,1,1,11,1,1,0,0,1,32,40,32,35.0000038146973
1,0,1,1,1,11,1,1,48,58,1,58,58,48,48
1,0,1,1,1,11,1,1,47,36,1,36,40,47,47
1,0,0,0,0,11,1,1,0,0,0,32,40,32,35.0000038146973
1,0,1,1,1,11,1,1,42,54,1,54,54,42,42
1,0,1,1,1,11,1,1,50,55,1,55,55,50,50
1,0,1,1,1,11,1,1,35,50,1,50,50,35,35.0000038146973
1,0,1,1,1,11,1,1,47,47,1,47,47,47,47
1,0,1,1,1,11,1,1,39,52,1,52,52,39,39
1,0,0,0,0,11,1,1,0,0,0,32,40,32,35.0000038146973
1,0,1,1,1,11,1,1,43,54,1,54,54,43,43
1,0,0,0,0,11,1,1,0,0,0,32,40,32,35.0000038146973
1,0,0,0,0,11,0,1,0,0,0,32,40,32,35.0000038146973
1,0,0,0,0,11,1,1,0,0,0,32,40,32,35.0000038146973
1,0,0,0,0,11,1,1,0,0,0,32,40,32,35.0000038146973
1,0,1,1,1,11,1,1,45,56,1,56,56,45,45
1,0,0,0,0,11,1,0,0,0,0,32,40,32,35.0000038146973
1,0,0,0,0,11,1,1,0,0,0,32,40,32,35.0000038146973
1,0,0,0,0,11,1,1,0,0,0,32,40,32,35.0000038146973
1,0,1,1,1,11,1,1,43,51,1,51,51,43,43
1,0,1,1,1,11,1,1,40,48,1,48,48,40,40
1,0,0,0,0,11,1,1,0,0,0,32,40,32,35.0000038146973
1,0,0,0,0,11,1,1,0,0,0,32,40,32,35.0000038146973
1,0,0,0,0,11,1,1,0,0,0,32,40,32,35.0000038146973
1,0,1,1,1,11,1,1,43,43,1,43,43,43,43
1,0,0,0,0,11,1,1,0,0,0,32,40,32,35.0000038146973
1,0,0,0,0,11,1,0,0,0,0,32,40,32,35.0000038146973
1,0,0,0,0,11,1,1,0,0,0,32,40,32,35.0000038146973
1,0,0,0,0,11,1,0,0,0,0,32,40,32,35.0000038146973
1,0,1,0,1,11,1,1,45,51,0,51,51,45,45
1,0,0,0,0,11,1,1,0,0,0,32,40,32,35.0000038146973
1,0,1,1,1,11,0,1,45,43,1,43,43,45,45
1,0,1,1,1,11,1,1,39,40,1,40,40,39,39
1,0,1,1,1,11,1,1,45,43,1,43,43,45,45
1,0,1,1,1,11,1,1,40,44,1,44,44,40,40
1,0,1,1,1,11,1,1,48,58,1,58,58,48,48
1,0,0,0,0,11,1,1,0,0,0,32,40,32,35.0000038146973
1,0,0,0,0,11,1,1,0,0,0,32,40,32,35.0000038146973
1,0,1,1,1,11,1,1,42,46,1,46,46,42,42
1,0,0,0,0,11,1,1,0,0,0,32,40,32,35.0000038146973
1,0,1,1,1,11,1,1,52,54,1,54,54,52,52
1,0,0,0,0,11,1,1,0,0,0,32,40,32,35.0000038146973
1,0,0,0,0,11,1,1,0,0,0,32,40,32,35.0000038146973
1,0,1,1,1,11,1,1,42,52,1,52,52,42,42
1,0,0,0,0,11,1,1,0,0,0,32,40,32,35.0000038146973
1,0,1,1,1,11,1,1,45,43,1,43,43,45,45
1,0,1,0,1,11,1,1,45,44,0,44,44,45,45
1,0,1,1,1,11,1,1,43,56,1,56,56,43,43
1,0,1,1,1,11,1,1,37,52,1,52,52,37,37
1,0,1,1,0,11,1,1,48,36,0,36,40,48,48
1,0,1,1,1,11,1,1,35,46,1,46,46,35,35.0000038146973
1,0,1,1,1,11,1,1,42,46,1,46,46,42,42
1,0,1,1,1,11,1,1,43,47,1,47,47,43,43
1,0,1,1,1,11,1,1,37,48,1,48,48,37,37
1,0,0,0,0,11,1,1,0,0,0,32,40,32,35.0000038146973
1,0,0,0,0,11,1,1,0,0,0,32,40,32,35.0000038146973
1,0,0,0,0,11,1,1,0,0,0,32,40,32,35.0000038146973
1,0,1,1,1,11,1,1,42,46,1,46,46,42,42
1,0,1,1,1,11,1,1,40,43,1,43,43,40,40
1,0,0,0,0,11,0,1,0,0,0,32,40,32,35.0000038146973
1,0,0,0,0,11,1,1,0,0,0,32,40,32,35.0000038146973
1,0,0,0,0,11,1,1,0,0,0,32,40,32,35.0000038146973
1,0,1,1,1,11,1,1,50,41,1,41,41,50,50
1,0,0,0,0,11,1,1,0,0,0,32,40,32,35.0000038146973
1,0,1,1,1,11,1,1,47,52,1,52,52,47,47
1,0,1,1,0,11,1,1,39,47,0,47,47,39,39
1,0,1,1,1,11,1,1,42,56,1,56,56,42,42
1,0,0,0,0,11,0,1,0,0,0,32,40,32,35.0000038146973
1,0,1,1,1,11,1,1,42,44,1,44,44,42,42
1,0,1,1,1,11,1,1,42.5999984741211,47.5142860412598,1,47.5142860412598,47.5142860412598,42.5999984741211,42.5999984741211
1,0,1,1,1,11,0,1,42,58,1,58,58,42,42
1,0,0,0,0,11,1,1,0,0,0,32,40,32,35.0000038146973
1,0,1,1,1,11,1,1,45,56,1,56,56,45,45
1,0,1,1,1,11,1,1,43,50,1,50,50,43,43
1,0,1,1,1,11,1,1,39,48,1,48,48,39,39
1,0,0,0,0,11,0,1,0,0,0,32,40,32,35.0000038146973
1,0,1,1,0,11,0,1,45,52,0,52,52,45,45
1,0,0,0,0,11,1,0,0,0,0,32,40,32,35.0000038146973
1,0,1,1,1,11,1,1,42,50,1,50,50,42,42
1,0,0,0,0,11,1,1,0,0,0,32,40,32,35.0000038146973
1,0,0,0,0,11,1,1,0,0,0,32,40,32,35.0000038146973
1,0,1,1,1,11,1,1,48,50,1,50,50,48,48
1,0,0,0,0,11,1,1,0,0,0,32,40,32,35.0000038146973
1,0,1,1,1,11,1,1,45,44,1,44,44,45,45
1,0,1,1,1,11,1,1,35,43,1,43,43,35,35.0000038146973
1,0,1,1,1,11,1,1,35,36,1,36,40,35,35.0000038146973
1,0,1,1,1,11,0,1,0,0,1,32,40,32,35.0000038146973
1,0,1,1,1,11,1,1,35,41,1,41,41,35,35.0000038146973
1,0,1,1,1,11,1,1,42,51,1,51,51,42,42
1,0,0,0,0,11,1,1,0,0,0,32,40,32,35.0000038146973
1,0,1,1,1,11,1,1,0,0,1,32,40,32,35.0000038146973
1,0,0,0,0,11,1,1,0,0,0,32,40,32,35.0000038146973
1,0,1,0,1,11,1,1,42,50,0,50,50,42,42
1,0,1,1,1,11,1,1,35,43,1,43,43,35,35.0000038146973
1,0,0,0,0,11,1,1,0,0,0,32,40,32,35.0000038146973
1,0,1,1,1,11,1,1,42,46,1,46,46,42,42
1,0,0,0,0,11,1,1,0,0,0,32,40,32,35.0000038146973
1,0,1,1,1,11,1,1,39,43,1,43,43,39,39
1,0,1,1,1,11,0,1,35,46,1,46,46,35,35.0000038146973
1,0,1,1,1,11,1,1,45,50,1,50,50,45,45
1,0,1,1,1,11,1,1,42,61,1,61,61,42,42
1,0,1,1,1,11,1,1,0,0,1,32,40,32,35.0000038146973
1,0,0,0,0,11,1,1,0,0,0,32,40,32,35.0000038146973
1,0,1,1,1,11,1,1,37,50,1,50,50,37,37
1,0,1,1,1,11,1,1,47,38,1,38,40,47,47
1,0,1,1,1,11,0,1,39,51,1,51,51,39,39
1,0,1,1,0,11,1,1,39,50,0,50,50,39,39
1,0,0,0,0,11,1,0,0,0,0,32,40,32,35.0000038146973
1,0,0,0,0,11,1,1,0,0,0,32,40,32,35.0000038146973
1,0,0,0,0,11,1,1,0,0,0,32,40,32,35.0000038146973
1,0,0,0,0,11,1,1,0,0,0,32,40,32,35.0000038146973
1,0,0,0,0,11,1,1,0,0,0,32,40,32,35.0000038146973
1,0,1,1,1,11,1,1,48,51,1,51,51,48,48
1,0,1,1,1,11,1,1,55,55,1,55,55,55,55
1,0,1,1,1,11,1,1,39,47,1,47,47,39,39
1,0,1,1,1,11,1,1,30,50,1,50,50,32,35.0000038146973
1,0,0,0,0,11,1,1,0,0,0,32,40,32,35.0000038146973
1,0,1,1,1,11,1,1,43,55,1,55,55,43,43
1,0,1,1,1,11,1,1,48,38,1,38,40,48,48
1,0,0,0,0,11,1,1,0,0,0,32,40,32,35.0000038146973
1,0,0,0,0,11,1,1,0,0,0,32,40,32,35.0000038146973
1,1,1,1,1,11,1,1,47,54,1,54,54,47,47
1,1,0,0,0,11,1,1,0,0,0,32,40,32,35.0000038146973
1,1,0,0,0,11,1,1,0,0,0,32,40,32,35.0000038146973
1,1,1,1,1,11,1,1,40,47,1,47,47,40,40
1,1,1,1,1,11,0,1,48,62,1,62,62,48,48
1,1,1,1,1,11,0,1,45,48,1,48,48,45,45
1,1,0,0,0,11,1,1,0,0,0,32,40,32,35.0000038146973
1,1,1,1,1,11,1,1,48,52,1,52,52,48,48
1,1,1,1,1,11,1,1,47,52,1,52,52,47,47
1,1,1,1,1,11,1,1,47,43,1,43,43,47,47
1,1,1,1,1,11,1,1,48,54,1,54,54,48,48
1,1,0,0,0,11,1,1,0,0,0,32,40,32,35.0000038146973
1,1,1,1,1,11,1,1,40,51,1,51,51,40,40
1,1,1,1,1,11,1,1,35,44,1,44,44,35,35.0000038146973
1,1,0,0,0,11,1,1,0,0,0,32,40,32,35.0000038146973
1,1,1,1,1,11,1,1,47,55,1,55,55,47,47
1,1,0,0,0,11,1,1,0,0,0,32,40,32,35.0000038146973
1,1,0,0,0,11,1,1,0,0,0,32,40,32,35.0000038146973
1,1,1,1,1,11,1,1,48,46,1,46,46,48,48
1,1,1,1,1,11,1,1,40,58,1,58,58,40,40
1,1,1,1,1,11,0,1,48,59,1,59,59,48,48
1,1,1,1,1,11,1,1,42,56,1,56,56,42,42
1,1,1,1,1,11,0,1,48,48,1,48,48,48,48
1,1,1,1,1,11,1,1,42,40,1,40,40,42,42
1,1,0,0,0,11,1,1,0,0,0,32,40,32,35.0000038146973
1,1,0,0,0,11,1,1,0,0,0,32,40,32,35.0000038146973
1,1,1,1,1,11,1,1,39,36,1,36,40,39,39
1,1,1,1,1,11,1,1,43,47,1,47,47,43,43
1,1,1,1,1,11,1,1,47,47,1,47,47,47,47
1,1,1,1,1,11,1,1,39,47,1,47,47,39,39
1,1,1,1,1,11,1,1,43,55,1,55,55,43,43
1,1,1,1,1,11,1,1,35,50,1,50,50,35,35.0000038146973
1,1,0,0,0,11,1,1,0,0,0,32,40,32,35.0000038146973
1,1,0,0,0,11,1,1,0,0,0,32,40,32,35.0000038146973
1,1,1,1,0,11,1,1,45,50,0,50,50,45,45
1,1,0,0,0,11,1,1,0,0,0,32,40,32,35.0000038146973
1,1,1,1,1,11,1,1,45,44,1,44,44,45,45
1,1,1,1,1,11,1,1,40,54,1,54,54,40,40
1,1,1,1,1,11,1,1,42,51,1,51,51,42,42
1,1,0,0,0,11,0,1,0,0,0,32,40,32,35.0000038146973
1,1,1,1,1,11,1,1,37,50,1,50,50,37,37
1,1,0,0,0,11,1,1,0,0,0,32,40,32,35.0000038146973
1,1,0,0,0,11,1,1,0,0,0,32,40,32,35.0000038146973
1,1,0,0,0,11,0,1,0,0,0,32,40,32,35.0000038146973
1,1,0,0,0,11,0,1,0,0,0,32,40,32,35.0000038146973
1,1,1,1,1,11,0,1,42,47,1,47,47,42,42
1,1,0,0,0,11,1,1,0,0,0,32,40,32,35.0000038146973
1,1,1,1,1,11,1,1,42,44,1,44,44,42,42
1,1,0,0,0,11,1,1,0,0,0,32,40,32,35.0000038146973
1,1,1,1,1,11,1,1,37,48,1,48,48,37,37
1,1,0,0,0,11,0,1,0,0,0,32,40,32,35.0000038146973
1,1,1,1,1,11,1,1,50,50,1,50,50,50,50
1,1,0,0,0,11,1,1,0,0,0,32,40,32,35.0000038146973
1,1,0,0,0,11,1,1,0,0,0,32,40,32,35.0000038146973
1,1,0,0,0,11,1,1,0,0,0,32,40,32,35.0000038146973
1,1,0,0,0,11,1,1,0,0,0,32,40,32,35.0000038146973
1,1,0,0,0,11,1,1,0,0,0,32,40,32,35.0000038146973
1,1,0,0,0,11,1,1,0,0,0,32,40,32,35.0000038146973
1,1,1,0,1,11,1,1,47,58,0,58,58,47,47
1,1,1,1,1,11,1,1,53,50,1,50,50,53,53
1,1,1,1,1,11,1,1,39,41,1,41,41,39,39
1,1,1,1,1,11,0,1,45,56,1,56,56,45,45
1,1,1,1,1,11,1,1,42,43,1,43,43,42,42
1,1,0,0,0,11,1,1,0,0,0,32,40,32,35.0000038146973
1,1,0,0,0,11,1,1,0,0,0,32,40,32,35.0000038146973
1,1,1,1,1,11,1,1,42,36,1,36,40,42,42
1,1,0,0,0,11,1,1,0,0,0,32,40,32,35.0000038146973
1,1,0,0,0,11,1,1,0,0,0,32,40,32,35.0000038146973
1,1,1,1,1,11,1,1,40,51,1,51,51,40,40
1,1,0,0,0,11,1,1,0,0,0,32,40,32,35.0000038146973
1,1,0,0,0,11,1,1,0,0,0,32,40,32,35.0000038146973
1,1,1,1,1,11,1,1,47,44,1,44,44,47,47
1,1,1,1,1,11,1,1,48,46,1,46,46,48,48
1,1,0,0,0,11,1,1,0,0,0,32,40,32,35.0000038146973
1,1,1,1,1,11,1,1,39,52,1,52,52,39,39
1,1,1,1,1,11,1,1,39,44,1,44,44,39,39
1,1,0,0,0,11,1,1,0,0,0,32,40,32,35.0000038146973
1,1,1,1,0,11,1,1,47,54,0,54,54,47,47
1,1,0,0,0,11,0,1,0,0,0,32,40,32,35.0000038146973
1,1,0,0,0,11,1,1,0,0,0,32,40,32,35.0000038146973
1,1,0,0,0,11,1,0,0,0,0,32,40,32,35.0000038146973
1,1,0,0,0,11,1,1,0,0,0,32,40,32,35.0000038146973
1,1,0,0,0,11,1,1,0,0,0,32,40,32,35.0000038146973
1,1,1,1,1,11,1,1,42,50,1,50,50,42,42
1,1,1,1,1,11,1,1,42,55,1,55,55,42,42
1,1,0,0,0,11,1,1,0,0,0,32,40,32,35.0000038146973
1,1,1,1,1,11,1,1,37,47,1,47,47,37,37
1,1,0,0,0,11,1,1,0,0,0,32,40,32,35.0000038146973
1,1,0,0,0,11,1,1,0,0,0,32,40,32,35.0000038146973
1,1,0,0,0,11,1,1,0,0,0,32,40,32,35.0000038146973
1,1,0,0,0,11,1,1,0,0,0,32,40,32,35.0000038146973
1,1,1,1,1,11,1,1,52,40,1,40,40,52,52
1,1,0,0,0,11,0,1,0,0,0,32,40,32,35.0000038146973
1,1,1,1,1,11,1,1,43,40,1,40,40,43,43
1,1,0,0,0,11,1,1,0,0,0,32,40,32,35.0000038146973
1,1,1,1,1,11,1,1,48,51,1,51,51,48,48
1,1,0,0,0,11,0,1,0,0,0,32,40,32,35.0000038146973
1,1,1,1,1,11,1,1,52,52,1,52,52,52,52
1,1,1,0,1,11,1,1,47,48,0,48,48,47,47
1,1,1,0,1,11,1,1,47,38,0,38,40,47,47
1,1,0,0,0,11,0,1,0,0,0,32,40,32,35.0000038146973
1,1,1,1,1,11,1,1,40,47,1,47,47,40,40
1,1,0,0,0,11,1,1,0,0,0,32,40,32,35.0000038146973
1,1,1,1,1,11,1,1,50,47,1,47,47,50,50
1,1,1,1,1,11,1,1,45,44,1,44,44,45,45
1,1,0,0,0,11,1,0,0,0,0,32,40,32,35.0000038146973
1,1,1,1,1,11,1,1,43,46,1,46,46,43,43
1,1,0,0,0,11,1,1,0,0,0,32,40,32,35.0000038146973
1,1,0,0,0,11,1,1,0,0,0,32,40,32,35.0000038146973
1,1,0,0,0,11,0,1,0,0,0,32,40,32,35.0000038146973
1,1,0,0,0,11,1,1,0,0,0,32,40,32,35.0000038146973
1,1,1,1,1,11,1,1,39,46,1,46,46,39,39
1,1,0,0,0,11,1,0,0,0,0,32,40,32,35.0000038146973
1,1,1,1,1,11,1,1,40,58,1,58,58,40,40
1,1,1,1,1,11,1,1,43,44,1,44,44,43,43
1,1,1,1,1,11,1,1,47,46,1,46,46,47,47
1,1,1,1,1,11,1,1,57,59,1,59,59,57,57
1,1,0,0,0,11,1,1,0,0,0,32,40,32,35.0000038146973
1,1,1,1,1,11,1,1,37,43,1,43,43,37,37
1,1,1,1,1,11,1,1,37,47,1,47,47,37,37
1,1,1,1,1,11,1,1,39,50,1,50,50,39,39
1,1,0,0,0,11,1,1,0,0,0,32,40,32,35.0000038146973
1,1,1,1,0,11,1,1,47,52,0,52,52,47,47
1,1,0,0,0,11,1,1,0,0,0,32,40,32,35.0000038146973
1,1,0,0,0,11,1,1,0,0,0,32,40,32,35.0000038146973
1,1,0,0,0,11,1,1,0,0,0,32,40,32,35.0000038146973
1,1,1,1,1,11,1,1,53,41,1,41,41,53,53
1,1,1,1,1,11,1,1,48,43,1,43,43,48,48
1,1,0,0,0,11,1,1,0,0,0,32,40,32,35.0000038146973
1,1,1,1,0,11,1,1,50,59,0,59,59,50,50
1,1,1,1,1,11,1,1,50,52,1,52,52,50,50
1,1,1,1,1,11,1,1,42,40,1,40,40,42,42
1,1,0,0,0,11,1,1,0,0,0,32,40,32,35.0000038146973
1,1,0,0,0,11,0,1,0,0,0,32,40,32,35.0000038146973
1,1,0,0,0,11,1,1,0,0,0,32,40,32,35.0000038146973
1,1,1,1,1,11,1,1,37,51,1,51,51,37,37
1,1,0,0,0,11,1,1,0,0,0,32,40,32,35.0000038146973
1,1,1,1,1,11,1,1,39,47,1,47,47,39,39
1,1,0,0,0,11,0,1,0,0,0,32,40,32,35.0000038146973
1,1,0,0,0,11,1,1,0,0,0,32,40,32,35.0000038146973
1,1,0,0,0,11,1,1,0,0,0,32,40,32,35.0000038146973
1,1,1,1,1,11,0,1,62,54,1,54,54,62,62
1,1,0,0,0,11,1,1,0,0,0,32,40,32,35.0000038146973
1,1,1,1,1,11,1,1,35,44,1,44,44,35,35.0000038146973
1,1,0,0,0,11,1,1,0,0,0,32,40,32,35.0000038146973
1,1,1,1,1,11,1,1,40,50,1,50,50,40,40
1,1,1,1,1,11,1,1,35,50,1,50,50,35,35.0000038146973
1,1,0,0,0,11,1,1,0,0,0,32,40,32,35.0000038146973
1,1,0,0,0,11,1,1,0,0,0,32,40,32,35.0000038146973
1,1,1,1,0,11,1,1,42,55,0,55,55,42,42
1,1,1,1,1,11,1,1,45,43,1,43,43,45,45
1,1,1,1,0,11,1,1,40,51,0,51,51,40,40
1,1,0,0,0,11,0,1,0,0,0,32,40,32,35.0000038146973
1,1,1,1,1,11,1,1,40,47,1,47,47,40,40
1,1,1,1,1,11,1,1,43,47,1,47,47,43,43
1,1,1,1,1,11,1,1,42,38,1,38,40,42,42
1,1,1,1,1,11,1,1,42,43,1,43,43,42,42
1,1,1,1,1,11,1,1,48,43,1,43,43,48,48
1,1,1,1,1,11,1,1,40,44,1,44,44,40,40
1,1,1,1,1,11,1,1,35,52,1,52,52,35,35.0000038146973
1,1,0,0,0,11,1,1,0,0,0,32,40,32,35.0000038146973
1,1,1,1,1,11,1,1,45,46,1,46,46,45,45
1,1,1,0,1,11,1,1,40,46,0,46,46,40,40
1,1,1,1,1,11,1,1,45,46,1,46,46,45,45
1,1,0,0,0,11,1,1,0,0,0,32,40,32,35.0000038146973
1,1,1,1,1,11,1,1,45,40,1,40,40,45,45
1,1,1,1,1,11,1,1,37,47,1,47,47,37,37
1,1,0,0,0,11,1,1,0,0,0,32,40,32,35.0000038146973
1,1,0,0,0,11,1,1,0,0,0,32,40,32,35.0000038146973
1,1,1,1,1,11,1,1,34,40,1,40,40,34,35.0000038146973
1,1,1,1,1,11,1,1,40,54,1,54,54,40,40
1,1,1,1,1,11,1,1,43,46,1,46,46,43,43
1,1,1,0,1,11,0,1,52,48,0,48,48,52,52
1,1,1,1,1,11,1,1,52,51,1,51,51,52,52
1,1,0,0,0,11,1,1,0,0,0,32,40,32,35.0000038146973
1,1,0,0,0,11,1,1,0,0,0,32,40,32,35.0000038146973
1,1,1,1,1,11,1,1,47,48,1,48,48,47,47
1,1,0,0,0,11,1,1,0,0,0,32,40,32,35.0000038146973
1,1,1,1,1,11,1,1,35,52,1,52,52,35,35.0000038146973
1,1,1,1,1,11,1,1,43,48,1,48,48,43,43
1,1,1,1,1,11,1,1,39,50,1,50,50,39,39
1,1,1,1,0,11,1,1,47,46,0,46,46,47,47
1,0,0,0,0,12,1,0,0,0,0,32,40,32,35.0000038146973
1,0,0,0,0,12,1,1,0,0,0,32,40,32,35.0000038146973
1,0,0,0,0,12,1,1,0,0,0,32,40,32,35.0000038146973
1,0,1,1,1,12,1,1,39,48,1,48,48,39,39
1,0,1,1,1,12,1,1,43,40,1,40,40,43,43
1,0,1,1,1,12,1,1,40,47,1,47,47,40,40
1,0,1,1,0,12,1,1,47,50,0,50,50,47,47
1,0,1,1,1,12,1,1,39,48,1,48,48,39,39
1,0,0,0,0,12,1,1,0,0,0,32,40,32,35.0000038146973
1,0,1,1,1,12,1,1,38,50,1,50,50,38,38
1,0,0,0,0,12,1,0,0,0,0,32,40,32,35.0000038146973
1,0,0,0,0,12,1,1,0,0,0,32,40,32,35.0000038146973
1,0,1,1,0,12,1,1,45,47,0,47,47,45,45
1,0,0,0,0,12,1,1,0,0,0,32,40,32,35.0000038146973
1,0,0,0,0,12,1,1,0,0,0,32,40,32,35.0000038146973
1,0,1,1,1,12,1,1,43,50,1,50,50,43,43
1,0,1,1,1,12,1,1,37,40,1,40,40,37,37
1,0,1,1,1,12,1,1,42,50,1,50,50,42,42
1,0,1,1,1,12,1,1,37,46,1,46,46,37,37
1,0,0,0,0,12,1,1,0,0,0,32,40,32,35.0000038146973
1,0,0,0,0,12,1,1,0,0,0,32,40,32,35.0000038146973
1,0,0,0,0,12,1,1,0,0,0,32,40,32,35.0000038146973
1,0,1,1,1,12,1,1,40,46,1,46,46,40,40
1,0,1,1,1,12,1,1,40,46,1,46,46,40,40
1,0,0,0,0,12,1,1,0,0,0,32,40,32,35.0000038146973
1,0,1,1,1,12,0,1,35,43,1,43,43,35,35.0000038146973
1,0,1,1,1,12,1,1,43,52,1,52,52,43,43
1,0,0,0,0,12,1,1,0,0,0,32,40,32,35.0000038146973
1,0,1,1,1,12,0,1,35,0,1,32,40,35,35.0000038146973
1,0,1,1,1,12,1,1,43,54,1,54,54,43,43
1,0,1,1,1,12,1,1,50,46,1,46,46,50,50
1,0,1,1,1,12,1,1,45,47,1,47,47,45,45
1,0,0,0,0,12,1,1,0,0,0,32,40,32,35.0000038146973
1,0,0,0,0,12,1,1,0,0,0,32,40,32,35.0000038146973
1,0,1,1,1,12,1,1,48,38,1,38,40,48,48
1,0,1,1,1,12,1,1,52,44,1,44,44,52,52
1,0,1,1,1,12,1,1,47,56,1,56,56,47,47
1,0,1,1,0,12,1,1,42,40,0,40,40,42,42
1,0,1,1,1,12,1,1,50,46,1,46,46,50,50
1,0,0,0,0,12,1,1,0,0,0,32,40,32,35.0000038146973
1,0,1,1,1,12,1,1,42.3732719421387,47.7453689575195,1,47.7453689575195,47.7453689575195,42.3732719421387,42.3732719421387
1,0,1,1,1,12,1,1,42,46,1,46,46,42,42
1,0,1,1,1,12,1,1,34,41,1,41,41,34,35.0000038146973
1,0,0,0,0,12,1,1,0,0,0,32,40,32,35.0000038146973
1,0,0,0,0,12,1,1,0,0,0,32,40,32,35.0000038146973
1,0,0,0,0,12,0,1,0,0,0,32,40,32,35.0000038146973
1,0,0,0,0,12,1,1,0,0,0,32,40,32,35.0000038146973
1,0,0,0,0,12,1,1,0,0,0,32,40,32,35.0000038146973
1,0,1,1,1,12,1,1,40,48,1,48,48,40,40
1,0,1,1,1,12,1,1,42,48,1,48,48,42,42
1,0,1,1,1,12,0,1,37,44,1,44,44,37,37
1,0,0,0,0,12,1,1,0,0,0,32,40,32,35.0000038146973
1,0,1,1,1,12,1,1,39,61,1,61,61,39,39
1,0,1,1,1,12,1,1,48,59,1,59,59,48,48
1,0,1,1,1,12,1,1,47,56,1,56,56,47,47
1,0,1,1,1,12,1,1,35,43,1,43,43,35,35.0000038146973
1,0,1,1,1,12,1,1,48,47,1,47,47,48,48
1,0,1,1,1,12,1,1,47,51,1,51,51,47,47
1,0,0,0,0,12,1,1,0,0,0,32,40,32,35.0000038146973
1,0,0,0,0,12,1,1,0,0,0,32,40,32,35.0000038146973
1,0,1,1,1,12,1,1,40,56,1,56,56,40,40
1,0,1,0,1,12,1,1,35,47,0,47,47,35,35.0000038146973
1,0,0,0,0,12,0,0,0,0,0,32,40,32,35.0000038146973
1,0,0,0,0,12,1,1,0,0,0,32,40,32,35.0000038146973
1,0,1,1,1,12,1,1,48,47,1,47,47,48,48
1,0,1,1,1,12,0,1,43,50,1,50,50,43,43
1,0,1,1,1,12,1,1,37,51,1,51,51,37,37
1,0,1,1,1,12,1,1,42,48,1,48,48,42,42
1,0,0,0,0,12,0,1,0,0,0,32,40,32,35.0000038146973
1,0,1,1,1,12,1,1,42,40,1,40,40,42,42
1,0,1,1,1,12,1,1,40,44,1,44,44,40,40
1,0,1,1,1,12,1,1,40,46,1,46,46,40,40
1,0,1,1,1,12,1,1,35,36,1,36,40,35,35.0000038146973
1,0,0,0,0,12,1,1,0,0,0,32,40,32,35.0000038146973
1,0,1,1,1,12,1,1,43,55,1,55,55,43,43
1,0,0,0,0,12,1,1,0,0,0,32,40,32,35.0000038146973
1,0,0,0,0,12,1,1,0,0,0,32,40,32,35.0000038146973
1,0,1,1,1,12,1,1,47,61,1,61,61,47,47
1,0,0,0,0,12,1,1,0,0,0,32,40,32,35.0000038146973
1,0,0,0,0,12,1,1,0,0,0,32,40,32,35.0000038146973
1,0,1,1,1,12,1,1,42,55,1,55,55,42,42
1,0,0,0,0,12,1,1,0,0,0,32,40,32,35.0000038146973
1,0,0,0,0,12,1,1,0,0,0,32,40,32,35.0000038146973
1,0,0,0,0,12,1,1,0,0,0,32,40,32,35.0000038146973
1,0,1,1,1,12,1,1,43,58,1,58,58,43,43
1,0,1,1,1,12,1,1,45,40,1,40,40,45,45
1,0,1,1,1,12,1,1,39,48,1,48,48,39,39
1,0,0,0,0,12,1,1,0,0,0,32,40,32,35.0000038146973
1,0,1,1,1,12,1,1,40,50,1,50,50,40,40
1,0,1,1,1,12,1,1,52,40,1,40,40,52,52
1,0,0,0,0,12,1,1,0,0,0,32,40,32,35.0000038146973
1,0,1,1,1,12,1,1,40,43,1,43,43,40,40
1,0,0,0,0,12,1,1,0,0,0,32,40,32,35.0000038146973
1,0,0,0,0,12,1,0,0,0,0,32,40,32,35.0000038146973
1,0,1,1,1,12,0,1,35,36,1,36,40,35,35.0000038146973
1,0,0,0,0,12,1,1,0,0,0,32,40,32,35.0000038146973
1,0,1,1,1,12,1,1,39,55,1,55,55,39,39
1,0,0,0,0,12,1,1,0,0,0,32,40,32,35.0000038146973
1,0,0,0,0,12,1,0,0,0,0,32,40,32,35.0000038146973
1,0,0,0,0,12,1,1,0,0,0,32,40,32,35.0000038146973
1,0,1,1,1,12,1,1,47,47,1,47,47,47,47
1,0,1,1,1,12,0,1,43,51,1,51,51,43,43
1,0,1,1,1,12,1,1,35,51,1,51,51,35,35.0000038146973
1,0,0,0,0,12,1,1,0,0,0,32,40,32,35.0000038146973
1,0,0,0,0,12,1,1,0,0,0,32,40,32,35.0000038146973
1,0,1,1,1,12,1,1,43,32,1,32,40,43,43
1,0,1,1,1,12,1,1,47,51,1,51,51,47,47
1,0,1,1,1,12,1,1,0,0,1,32,40,32,35.0000038146973
1,0,0,0,0,12,0,1,0,0,0,32,40,32,35.0000038146973
1,0,1,1,1,12,1,1,48,47,1,47,47,48,48
1,0,1,1,1,12,1,1,42,44,1,44,44,42,42
1,0,1,1,1,12,1,1,40,36,1,36,40,40,40
1,0,0,0,0,12,1,1,0,0,0,32,40,32,35.0000038146973
1,0,1,1,1,12,0,1,42,55,1,55,55,42,42
1,0,0,0,0,12,1,1,0,0,0,32,40,32,35.0000038146973
1,0,0,0,0,12,1,1,0,0,0,32,40,32,35.0000038146973
1,0,1,1,1,12,1,1,45,30,1,32,40,45,45
1,0,0,0,0,12,1,1,0,0,0,32,40,32,35.0000038146973
1,0,1,1,1,12,1,1,42,55,1,55,55,42,42
1,0,1,1,1,12,1,1,50,52,1,52,52,50,50
1,0,1,1,1,12,1,1,43,46,1,46,46,43,43
1,0,1,1,1,12,0,1,42.3732719421387,47.7453689575195,1,47.7453689575195,47.7453689575195,42.3732719421387,42.3732719421387
1,0,1,1,1,12,1,1,47,50,1,50,50,47,47
1,0,1,1,1,12,1,1,35,54,1,54,54,35,35.0000038146973
1,0,0,0,0,12,1,1,0,0,0,32,40,32,35.0000038146973
1,0,1,1,1,12,1,1,39,47,1,47,47,39,39
1,0,1,1,1,12,1,1,37,54,1,54,54,37,37
1,0,0,0,0,12,1,1,0,0,0,32,40,32,35.0000038146973
1,0,0,0,0,12,1,1,0,0,0,32,40,32,35.0000038146973
1,0,0,0,0,12,1,1,0,0,0,32,40,32,35.0000038146973
1,0,0,0,0,12,1,0,0,0,0,32,40,32,35.0000038146973
1,0,1,1,1,12,1,1,45,54,1,54,54,45,45
1,0,0,0,0,12,1,1,0,0,0,32,40,32,35.0000038146973
1,0,0,0,0,12,1,1,0,0,0,32,40,32,35.0000038146973
1,0,1,1,1,12,1,1,50,54,1,54,54,50,50
1,0,1,1,1,12,1,1,39,47,1,47,47,39,39
1,0,1,1,1,12,1,1,48,50,1,50,50,48,48
1,0,1,1,1,12,1,1,43,48,1,48,48,43,43
1,0,0,0,0,12,1,1,0,0,0,32,40,32,35.0000038146973
1,0,1,1,1,12,1,1,42,51,1,51,51,42,42
1,0,1,1,1,12,1,1,35,44,1,44,44,35,35.0000038146973
1,0,0,0,0,12,1,1,0,0,0,32,40,32,35.0000038146973
1,0,1,1,1,12,0,1,45,54,1,54,54,45,45
1,0,0,0,0,12,1,0,0,0,0,32,40,32,35.0000038146973
1,0,0,0,0,12,1,1,0,0,0,32,40,32,35.0000038146973
1,0,0,0,0,12,1,1,0,0,0,32,40,32,35.0000038146973
1,0,1,1,1,12,1,1,35,50,1,50,50,35,35.0000038146973
1,0,1,1,1,12,1,1,39,43,1,43,43,39,39
1,0,1,1,1,12,1,1,37,58,1,58,58,37,37
1,0,1,1,1,12,1,1,45,43,1,43,43,45,45
1,0,1,1,1,12,1,1,48,46,1,46,46,48,48
1,0,1,1,1,12,1,1,53,43,1,43,43,53,53
1,0,1,1,1,12,1,1,52,50,1,50,50,52,52
1,0,1,1,1,12,1,1,53,51,1,51,51,53,53
1,0,1,1,1,12,1,1,45,41,1,41,41,45,45
1,0,0,0,0,12,1,0,0,0,0,32,40,32,35.0000038146973
1,0,0,0,0,12,1,1,0,0,0,32,40,32,35.0000038146973
1,0,1,1,1,12,1,1,47,55,1,55,55,47,47
1,0,1,1,1,12,1,1,42,43,1,43,43,42,42
1,0,1,1,1,12,1,1,47,34,1,34,40,47,47
1,0,1,1,1,12,0,1,47,43,1,43,43,47,47
1,0,0,0,0,12,1,1,0,0,0,32,40,32,35.0000038146973
1,0,0,0,0,12,1,1,0,0,0,32,40,32,35.0000038146973
1,0,0,0,0,12,1,1,0,0,0,32,40,32,35.0000038146973
1,0,1,0,1,12,1,1,43,48,0,48,48,43,43
1,0,0,0,0,12,0,1,0,0,0,32,40,32,35.0000038146973
1,0,0,0,0,12,1,1,0,0,0,32,40,32,35.0000038146973
1,0,1,1,1,12,1,1,43,51,1,51,51,43,43
1,0,1,1,1,12,1,1,39,48,1,48,48,39,39
1,0,0,0,0,12,1,1,0,0,0,32,40,32,35.0000038146973
1,0,1,1,1,12,1,1,37,51,1,51,51,37,37
1,0,1,1,1,12,1,1,40,54,1,54,54,40,40
1,0,1,1,1,12,1,1,40,52,1,52,52,40,40
1,0,0,0,0,12,0,1,0,0,0,32,40,32,35.0000038146973
1,0,0,0,0,12,1,1,0,0,0,32,40,32,35.0000038146973
1,0,1,0,1,12,1,1,39,46,0,46,46,39,39
1,0,1,1,1,12,0,1,43,52,1,52,52,43,43
1,0,1,1,1,12,1,1,43,50,1,50,50,43,43
1,0,1,1,1,12,1,1,48,50,1,50,50,48,48
1,0,0,0,0,12,1,1,0,0,0,32,40,32,35.0000038146973
1,0,1,1,1,12,0,1,39,50,1,50,50,39,39
1,0,0,0,0,12,1,1,0,0,0,32,40,32,35.0000038146973
1,0,1,1,1,12,1,1,35,54,1,54,54,35,35.0000038146973
1,0,0,0,0,12,1,1,0,0,0,32,40,32,35.0000038146973
1,0,1,1,1,12,0,1,48,48,1,48,48,48,48
1,0,1,1,1,12,1,1,45,48,1,48,48,45,45
1,0,1,1,1,12,0,1,47,58,1,58,58,47,47
1,0,0,0,0,12,1,1,0,0,0,32,40,32,35.0000038146973
1,0,1,1,1,12,1,1,42.3732719421387,47.7453689575195,1,47.7453689575195,47.7453689575195,42.3732719421387,42.3732719421387
1,0,0,0,0,12,0,1,0,0,0,32,40,32,35.0000038146973
1,0,1,1,1,12,1,1,39,36,1,36,40,39,39
1,0,0,0,0,12,1,1,0,0,0,32,40,32,35.0000038146973
1,0,0,0,0,12,1,1,0,0,0,32,40,32,35.0000038146973
1,0,1,1,1,12,1,1,42,41,1,41,41,42,42
1,0,1,1,1,12,1,1,48,52,1,52,52,48,48
1,0,0,0,0,12,1,1,0,0,0,32,40,32,35.0000038146973
1,0,1,1,1,12,1,1,43,51,1,51,51,43,43
1,0,1,1,1,12,0,1,45,46,1,46,46,45,45
1,0,1,1,1,12,1,1,42,58,1,58,58,42,42
1,0,1,1,1,12,1,1,35,48,1,48,48,35,35.0000038146973
1,0,1,1,1,12,1,1,42,43,1,43,43,42,42
1,0,1,1,1,12,1,1,48,48,1,48,48,48,48
1,0,1,1,1,12,1,1,48,50,1,50,50,48,48
1,0,0,0,0,12,1,1,0,0,0,32,40,32,35.0000038146973
1,0,1,1,1,12,1,1,34,43,1,43,43,34,35.0000038146973
1,0,1,1,1,12,1,1,39,51,1,51,51,39,39
1,0,1,1,1,12,1,1,43,52,1,52,52,43,43
1,0,1,1,1,12,1,1,45,52,1,52,52,45,45
1,0,0,0,0,12,1,1,0,0,0,32,40,32,35.0000038146973
1,0,1,1,1,12,1,1,48,54,1,54,54,48,48
1,0,1,1,1,12,1,1,43,54,1,54,54,43,43
1,0,0,0,0,12,1,1,0,0,0,32,40,32,35.0000038146973
1,0,0,0,0,12,1,1,0,0,0,32,40,32,35.0000038146973
1,0,1,1,1,12,1,1,35,55,1,55,55,35,35.0000038146973
1,0,0,0,0,12,1,1,0,0,0,32,40,32,35.0000038146973
1,0,0,0,0,12,1,1,0,0,0,32,40,32,35.0000038146973
1,0,0,0,0,12,1,1,0,0,0,32,40,32,35.0000038146973
1,0,0,0,0,12,1,0,0,0,0,32,40,32,35.0000038146973
1,0,1,1,1,12,1,1,48,38,1,38,40,48,48
1,0,1,1,1,12,1,1,47,46,1,46,46,47,47
1,0,1,1,1,12,1,1,42,47,1,47,47,42,42
1,0,0,0,0,12,1,1,0,0,0,32,40,32,35.0000038146973
1,0,1,1,1,12,1,1,39,41,1,41,41,39,39
1,0,1,1,1,12,1,1,39,50,1,50,50,39,39
1,0,1,1,1,12,0,1,44,43,1,43,43,44,44
1,0,1,1,1,12,0,1,35,38,1,38,40,35,35.0000038146973
1,0,1,1,1,12,1,1,37,44,1,44,44,37,37
1,0,1,1,1,12,1,1,40,44,1,44,44,40,40
1,0,1,1,1,12,1,1,43,43,1,43,43,43,43
1,0,1,1,1,12,1,1,42.3732719421387,47.7453689575195,1,47.7453689575195,47.7453689575195,42.3732719421387,42.3732719421387
1,0,0,0,0,12,1,1,0,0,0,32,40,32,35.0000038146973
1,0,1,1,1,12,1,1,39,44,1,44,44,39,39
1,0,0,0,0,12,0,0,0,0,0,32,40,32,35.0000038146973
1,0,0,0,0,12,1,1,0,0,0,32,40,32,35.0000038146973
1,0,1,1,1,12,1,1,37,52,1,52,52,37,37
1,0,1,1,1,12,1,1,37,48,1,48,48,37,37
1,0,1,1,1,12,1,1,43,50,1,50,50,43,43
1,0,1,1,1,12,1,1,48,46,1,46,46,48,48
1,0,1,1,1,12,1,1,43,47,1,47,47,43,43
1,0,0,0,0,12,1,1,0,0,0,32,40,32,35.0000038146973
1,0,1,1,1,12,1,1,43,41,1,41,41,43,43
1,0,1,1,1,12,1,1,0,0,1,32,40,32,35.0000038146973
1,0,0,0,0,12,1,1,0,0,0,32,40,32,35.0000038146973
1,0,1,1,1,12,1,1,48,55,1,55,55,48,48
1,0,0,0,0,12,0,1,0,0,0,32,40,32,35.0000038146973
1,0,0,0,0,12,0,0,0,0,0,32,40,32,35.0000038146973
1,0,1,1,1,12,1,1,47,54,1,54,54,47,47
1,0,0,0,0,12,1,1,0,0,0,32,40,32,35.0000038146973
1,0,1,1,1,12,1,1,45,48,1,48,48,45,45
1,0,1,1,1,12,1,1,37,51,1,51,51,37,37
1,0,0,0,0,12,1,0,0,0,0,32,40,32,35.0000038146973
1,0,1,0,1,12,1,1,43,64,0,64,64,43,43
1,0,1,1,1,12,1,1,43,38,1,38,40,43,43
1,0,0,0,0,12,1,1,0,0,0,32,40,32,35.0000038146973
1,0,0,0,0,12,0,1,0,0,0,32,40,32,35.0000038146973
1,0,0,0,0,12,1,1,0,0,0,32,40,32,35.0000038146973
1,0,1,1,1,12,1,1,47,40,1,40,40,47,47
1,0,0,0,0,12,1,1,0,0,0,32,40,32,35.0000038146973
1,0,1,1,1,12,1,1,25,50,1,50,50,32,35.0000038146973
1,0,0,0,0,12,1,1,0,0,0,32,40,32,35.0000038146973
1,0,0,0,0,12,1,1,0,0,0,32,40,32,35.0000038146973
1,0,1,1,1,12,1,1,39,50,1,50,50,39,39
1,0,0,0,0,12,1,1,0,0,0,32,40,32,35.0000038146973
1,0,1,1,1,12,1,1,48,46,1,46,46,48,48
1,0,1,1,1,12,1,1,42.3732719421387,47.7453689575195,1,47.7453689575195,47.7453689575195,42.3732719421387,42.3732719421387
1,0,1,1,1,12,1,1,47,48,1,48,48,47,47
1,0,1,1,1,12,1,1,53,64,1,64,64,53,53
1,0,1,1,1,12,1,1,43,50,1,50,50,43,43
1,0,0,0,0,12,1,1,0,0,0,32,40,32,35.0000038146973
1,0,0,0,0,12,1,1,0,0,0,32,40,32,35.0000038146973
1,0,1,1,1,12,1,1,52,43,1,43,43,52,52
1,0,1,1,1,12,1,1,29,40,1,40,40,32,35.0000038146973
1,0,0,0,0,12,1,1,0,0,0,32,40,32,35.0000038146973
1,0,1,1,1,12,1,1,40,44,1,44,44,40,40
1,0,1,1,1,12,1,1,42,44,1,44,44,42,42
1,0,0,0,0,12,1,1,0,0,0,32,40,32,35.0000038146973
1,0,1,1,1,12,0,1,45,47,1,47,47,45,45
1,0,0,0,0,12,1,1,0,0,0,32,40,32,35.0000038146973
1,0,1,1,1,12,1,1,42,46,1,46,46,42,42
1,0,0,0,0,12,1,1,0,0,0,32,40,32,35.0000038146973
1,0,1,1,1,12,1,1,40,52,1,52,52,40,40
1,0,1,1,1,12,1,1,53,52,1,52,52,53,53
1,0,1,1,1,12,1,1,42,38,1,38,40,42,42
1,0,0,0,0,12,0,1,0,0,0,32,40,32,35.0000038146973
1,0,1,1,1,12,0,1,42,44,1,44,44,42,42
1,0,0,0,0,12,1,1,0,0,0,32,40,32,35.0000038146973
1,0,0,0,0,12,1,1,0,0,0,32,40,32,35.0000038146973
1,0,0,0,0,12,1,1,0,0,0,32,40,32,35.0000038146973
1,0,0,0,0,12,1,1,0,0,0,32,40,32,35.0000038146973
1,0,0,0,0,12,1,1,0,0,0,32,40,32,35.0000038146973
1,0,0,0,0,12,0,1,0,0,0,32,40,32,35.0000038146973
1,0,1,1,1,12,1,1,45,41,1,41,41,45,45
1,0,1,1,1,12,1,1,45,51,1,51,51,45,45
1,0,0,0,0,12,1,1,0,0,0,32,40,32,35.0000038146973
1,0,1,1,1,12,1,1,39,50,1,50,50,39,39
1,0,1,1,1,12,0,1,40,48,1,48,48,40,40
1,0,1,1,1,12,1,1,39,43,1,43,43,39,39
1,0,1,1,1,12,1,1,48,46,1,46,46,48,48
1,0,1,1,1,12,1,1,34,47,1,47,47,34,35.0000038146973
1,0,1,1,1,12,0,1,43,50,1,50,50,43,43
1,0,0,0,0,12,1,1,0,0,0,32,40,32,35.0000038146973
1,0,0,0,0,12,0,1,0,0,0,32,40,32,35.0000038146973
1,0,1,1,1,12,1,1,37,44,1,44,44,37,37
1,0,1,1,1,12,1,1,40,51,1,51,51,40,40
1,0,1,1,1,12,1,1,45,47,1,47,47,45,45
1,0,0,0,0,12,1,1,0,0,0,32,40,32,35.0000038146973
1,0,0,0,0,12,1,1,0,0,0,32,40,32,35.0000038146973
1,0,1,1,1,12,1,1,45,48,1,48,48,45,45
1,0,1,1,1,12,0,1,40,47,1,47,47,40,40
1,0,0,0,0,12,1,1,0,0,0,32,40,32,35.0000038146973
1,0,0,0,0,12,0,1,0,0,0,32,40,32,35.0000038146973
1,0,1,1,1,12,1,1,32,38,1,38,40,32,35.0000038146973
1,0,1,1,0,12,1,1,45,38,0,38,40,45,45
1,0,0,0,0,12,1,1,0,0,0,32,40,32,35.0000038146973
1,0,0,0,0,12,1,1,0,0,0,32,40,32,35.0000038146973
1,0,0,0,0,12,1,1,0,0,0,32,40,32,35.0000038146973
1,0,1,1,1,12,1,1,45,43,1,43,43,45,45
1,0,1,1,1,12,1,1,47,43,1,43,43,47,47
1,0,0,0,0,12,1,1,0,0,0,32,40,32,35.0000038146973
1,0,1,1,1,12,1,1,47,54,1,54,54,47,47
1,0,1,1,1,12,1,1,48,52,1,52,52,48,48
1,0,1,1,1,12,1,1,37,41,1,41,41,37,37
1,0,1,1,1,12,1,1,40,50,1,50,50,40,40
1,0,0,0,0,12,1,1,0,0,0,32,40,32,35.0000038146973
1,0,0,0,0,12,1,1,0,0,0,32,40,32,35.0000038146973
1,0,1,1,0,12,1,1,37,44,0,44,44,37,37
1,0,0,0,0,12,1,1,0,0,0,32,40,32,35.0000038146973
1,0,1,1,1,12,1,1,45,36,1,36,40,45,45
1,0,0,0,0,12,1,1,0,0,0,32,40,32,35.0000038146973
1,0,0,0,0,12,1,1,0,0,0,32,40,32,35.0000038146973
1,0,0,0,0,12,1,1,0,0,0,32,40,32,35.0000038146973
1,0,1,1,1,12,1,1,47,51,1,51,51,47,47
1,0,0,0,0,12,1,1,0,0,0,32,40,32,35.0000038146973
1,0,1,1,1,12,1,1,35,47,1,47,47,35,35.0000038146973
1,0,1,1,1,12,1,1,55,54,1,54,54,55,55
1,0,1,1,1,12,1,1,40,41,1,41,41,40,40
1,0,0,0,0,12,1,1,0,0,0,32,40,32,35.0000038146973
1,0,1,1,1,12,1,1,43,51,1,51,51,43,43
1,0,1,1,1,12,1,1,39,55,1,55,55,39,39
1,0,1,1,1,12,1,1,40,50,1,50,50,40,40
1,0,1,1,1,12,1,1,0,0,1,32,40,32,35.0000038146973
1,0,1,1,1,12,1,1,48,44,1,44,44,48,48
1,0,1,0,0,12,1,1,56,43,0,43,43,56,56
1,0,1,1,1,12,1,1,40,52,1,52,52,40,40
1,0,0,0,0,12,1,1,0,0,0,32,40,32,35.0000038146973
1,0,1,1,1,12,1,1,40,47,1,47,47,40,40
1,0,0,0,0,12,1,1,0,0,0,32,40,32,35.0000038146973
1,0,1,1,0,12,1,1,39,50,0,50,50,39,39
1,0,0,0,0,12,0,1,0,0,0,32,40,32,35.0000038146973
1,0,1,1,0,12,0,1,35,50,0,50,50,35,35.0000038146973
1,0,0,0,0,12,1,1,0,0,0,32,40,32,35.0000038146973
1,0,1,1,1,12,1,1,42,43,1,43,43,42,42
1,0,1,1,1,12,1,1,39,36,1,36,40,39,39
1,0,1,1,1,12,1,1,39,54,1,54,54,39,39
1,0,0,0,0,12,1,1,0,0,0,32,40,32,35.0000038146973
1,0,1,1,1,12,1,1,43,51,1,51,51,43,43
1,0,0,0,0,12,1,1,0,0,0,32,40,32,35.0000038146973
1,0,0,0,0,12,1,1,0,0,0,32,40,32,35.0000038146973
1,0,1,1,1,12,0,1,42,41,1,41,41,42,42
1,0,1,1,1,12,1,1,40,48,1,48,48,40,40
1,0,1,1,1,12,1,1,35,51,1,51,51,35,35.0000038146973
1,0,0,0,0,12,1,1,0,0,0,32,40,32,35.0000038146973
1,0,1,1,1,12,0,1,55,50,1,50,50,55,55
1,0,1,1,1,12,0,1,42,58,1,58,58,42,42
1,0,0,0,0,12,1,1,0,0,0,32,40,32,35.0000038146973
1,0,0,0,0,12,1,1,0,0,0,32,40,32,35.0000038146973
1,0,1,1,1,12,1,1,47,54,1,54,54,47,47
1,0,0,0,0,12,1,1,0,0,0,32,40,32,35.0000038146973
1,0,1,1,1,12,1,1,35,46,1,46,46,35,35.0000038146973
1,0,0,0,0,12,1,0,0,0,0,32,40,32,35.0000038146973
1,0,1,1,1,12,1,1,43,47,1,47,47,43,43
1,0,1,1,1,12,0,1,34,46,1,46,46,34,35.0000038146973
1,0,0,0,0,12,1,1,0,0,0,32,40,32,35.0000038146973
1,0,0,0,0,12,1,1,0,0,0,32,40,32,35.0000038146973
1,0,0,0,0,12,1,1,0,0,0,32,40,32,35.0000038146973
1,0,1,1,1,12,1,1,47,54,1,54,54,47,47
1,0,1,1,1,12,1,1,40,55,1,55,55,40,40
1,0,0,0,0,12,1,1,0,0,0,32,40,32,35.0000038146973
1,1,1,1,1,12,1,1,47,43,1,43,43,47,47
1,1,0,0,0,12,1,1,0,0,0,32,40,32,35.0000038146973
1,1,1,1,1,12,1,1,48,50,1,50,50,48,48
1,1,1,1,1,12,1,1,43,46,1,46,46,43,43
1,1,1,1,1,12,1,1,40,50,1,50,50,40,40
1,1,0,0,0,12,1,1,0,0,0,32,40,32,35.0000038146973
1,1,0,0,0,12,1,1,0,0,0,32,40,32,35.0000038146973
1,1,0,0,0,12,1,1,0,0,0,32,40,32,35.0000038146973
1,1,1,1,1,12,1,1,45,46,1,46,46,45,45
1,1,1,1,1,12,1,1,42,50,1,50,50,42,42
1,1,0,0,0,12,1,1,0,0,0,32,40,32,35.0000038146973
1,1,1,1,1,12,1,1,35,52,1,52,52,35,35.0000038146973
1,1,0,0,0,12,1,1,0,0,0,32,40,32,35.0000038146973
1,1,1,1,1,12,1,1,39,58,1,58,58,39,39
1,1,1,1,1,12,1,1,42,52,1,52,52,42,42
1,1,1,1,1,12,1,1,42,50,1,50,50,42,42
1,1,1,1,1,12,1,1,35,32,1,32,40,35,35.0000038146973
1,1,1,1,1,12,1,1,45,44,1,44,44,45,45
1,1,1,1,1,12,1,1,52,55,1,55,55,52,52
1,1,0,0,0,12,1,1,0,0,0,32,40,32,35.0000038146973
1,1,0,0,0,12,1,1,0,0,0,32,40,32,35.0000038146973
1,1,0,0,0,12,1,1,0,0,0,32,40,32,35.0000038146973
1,1,1,1,1,12,1,1,39,50,1,50,50,39,39
1,1,0,0,0,12,1,1,0,0,0,32,40,32,35.0000038146973
1,1,1,1,1,12,1,1,45,47,1,47,47,45,45
1,1,0,0,0,12,0,1,0,0,0,32,40,32,35.0000038146973
1,1,0,0,0,12,1,1,0,0,0,32,40,32,35.0000038146973
1,1,0,0,0,12,1,1,0,0,0,32,40,32,35.0000038146973
1,1,1,1,1,12,1,1,43,48,1,48,48,43,43
1,1,0,0,0,12,1,1,0,0,0,32,40,32,35.0000038146973
1,1,1,0,1,12,1,1,40,40,0,40,40,40,40
1,1,1,1,1,12,1,1,55,55,1,55,55,55,55
1,1,0,0,0,12,1,1,0,0,0,32,40,32,35.0000038146973
1,1,0,0,0,12,0,1,0,0,0,32,40,32,35.0000038146973
1,1,0,0,0,12,1,1,0,0,0,32,40,32,35.0000038146973
1,1,0,0,0,12,1,1,0,0,0,32,40,32,35.0000038146973
1,1,0,0,0,12,1,1,0,0,0,32,40,32,35.0000038146973
1,1,1,1,1,12,1,1,34,59,1,59,59,34,35.0000038146973
1,1,1,1,1,12,1,1,42,50,1,50,50,42,42
1,1,1,1,1,12,1,1,37,44,1,44,44,37,37
1,1,1,1,1,12,1,1,52,54,1,54,54,52,52
1,1,1,1,1,12,1,1,47,52,1,52,52,47,47
1,1,0,0,0,12,1,1,0,0,0,32,40,32,35.0000038146973
1,1,0,0,0,12,1,1,0,0,0,32,40,32,35.0000038146973
1,1,0,0,0,12,1,1,0,0,0,32,40,32,35.0000038146973
1,1,0,0,0,12,1,1,0,0,0,32,40,32,35.0000038146973
1,1,1,1,1,12,0,1,48,44,1,44,44,48,48
1,1,1,1,1,12,1,1,43,56,1,56,56,43,43
1,1,1,1,1,12,1,1,43,40,1,40,40,43,43
1,1,1,1,1,12,1,1,42,46,1,46,46,42,42
1,1,1,1,1,12,1,1,37,55,1,55,55,37,37
1,1,1,1,1,12,1,1,39,61,1,61,61,39,39
1,1,0,0,0,12,1,1,0,0,0,32,40,32,35.0000038146973
1,1,0,0,0,12,1,1,0,0,0,32,40,32,35.0000038146973
1,1,0,0,0,12,1,1,0,0,0,32,40,32,35.0000038146973
1,1,0,0,0,12,0,1,0,0,0,32,40,32,35.0000038146973
1,1,0,0,0,12,1,1,0,0,0,32,40,32,35.0000038146973
1,1,0,0,0,12,1,1,0,0,0,32,40,32,35.0000038146973
1,1,0,0,0,12,1,1,0,0,0,32,40,32,35.0000038146973
1,1,0,0,0,12,1,0,0,0,0,32,40,32,35.0000038146973
1,1,1,1,1,12,1,1,43,43,1,43,43,43,43
1,1,1,1,1,12,1,1,43,40,1,40,40,43,43
1,1,0,0,0,12,1,1,0,0,0,32,40,32,35.0000038146973
1,1,1,1,1,12,0,1,42,56,1,56,56,42,42
1,1,1,1,1,12,1,1,40,41,1,41,41,40,40
1,1,0,0,0,12,1,1,0,0,0,32,40,32,35.0000038146973
1,1,0,0,0,12,1,0,0,0,0,32,40,32,35.0000038146973
1,1,1,1,1,12,1,1,42,32,1,32,40,42,42
1,1,0,0,0,12,1,1,0,0,0,32,40,32,35.0000038146973
1,1,1,1,1,12,1,1,47,54,1,54,54,47,47
1,1,1,1,1,12,1,1,42,46,1,46,46,42,42
1,1,1,1,1,12,1,1,37,50,1,50,50,37,37
1,1,1,1,1,12,1,1,50,46,1,46,46,50,50
1,1,1,1,1,12,1,1,39,51,1,51,51,39,39
1,1,1,1,1,12,0,1,40,48,1,48,48,40,40
1,1,0,0,0,12,1,1,0,0,0,32,40,32,35.0000038146973
1,1,1,1,1,12,1,1,40,44,1,44,44,40,40
1,1,0,0,0,12,1,1,0,0,0,32,40,32,35.0000038146973
1,1,1,1,1,12,1,1,27,47,1,47,47,32,35.0000038146973
1,1,1,1,1,12,1,1,48,52,1,52,52,48,48
1,1,0,0,0,12,1,1,0,0,0,32,40,32,35.0000038146973
1,1,0,0,0,12,1,1,0,0,0,32,40,32,35.0000038146973
1,1,0,0,0,12,1,0,0,0,0,32,40,32,35.0000038146973
1,1,1,1,1,12,1,1,42,40,1,40,40,42,42
1,1,1,1,1,12,1,1,42,50,1,50,50,42,42
1,1,1,1,1,12,1,1,42,41,1,41,41,42,42
1,1,1,1,1,12,1,1,43,44,1,44,44,43,43
1,1,0,0,0,12,1,1,0,0,0,32,40,32,35.0000038146973
1,1,1,1,1,12,1,1,40,48,1,48,48,40,40
1,1,0,0,0,12,1,0,0,0,0,32,40,32,35.0000038146973
1,1,0,0,0,12,1,1,0,0,0,32,40,32,35.0000038146973
1,1,1,1,1,12,0,1,53,51,1,51,51,53,53
1,1,0,0,0,12,1,1,0,0,0,32,40,32,35.0000038146973
1,1,1,1,1,12,0,1,39,54,1,54,54,39,39
1,1,1,1,1,12,1,1,43,50,1,50,50,43,43
1,1,1,1,1,12,1,1,40,48,1,48,48,40,40
1,1,0,0,0,12,1,1,0,0,0,32,40,32,35.0000038146973
1,1,1,1,1,12,1,1,45,62,1,62,62,45,45
1,1,0,0,0,12,1,1,0,0,0,32,40,32,35.0000038146973
1,1,1,0,1,12,1,1,43,50,0,50,50,43,43
1,1,1,1,1,12,0,1,40,41,1,41,41,40,40
1,1,0,0,0,12,1,0,0,0,0,32,40,32,35.0000038146973
1,1,0,0,0,12,1,1,0,0,0,32,40,32,35.0000038146973
1,1,0,0,0,12,1,1,0,0,0,32,40,32,35.0000038146973
1,1,0,0,0,12,1,1,0,0,0,32,40,32,35.0000038146973
1,1,1,1,1,12,1,1,34,48,1,48,48,34,35.0000038146973
1,1,1,1,1,12,1,1,42,54,1,54,54,42,42
1,1,0,0,0,12,0,1,0,0,0,32,40,32,35.0000038146973
1,1,0,0,0,12,1,1,0,0,0,32,40,32,35.0000038146973
1,1,0,0,0,12,1,1,0,0,0,32,40,32,35.0000038146973
1,1,1,1,0,12,1,1,45,44,0,44,44,45,45
1,1,0,0,0,12,0,1,0,0,0,32,40,32,35.0000038146973
1,1,1,1,1,12,1,1,45,51,1,51,51,45,45
1,1,1,1,1,12,1,1,43,40,1,40,40,43,43
1,1,0,0,0,12,1,1,0,0,0,32,40,32,35.0000038146973
1,1,1,1,1,12,0,1,45,54,1,54,54,45,45
1,1,1,1,1,12,1,1,37,44,1,44,44,37,37
1,1,0,0,0,12,0,1,0,0,0,32,40,32,35.0000038146973
1,1,0,0,0,12,1,1,0,0,0,32,40,32,35.0000038146973
1,1,1,1,1,12,1,1,43,47,1,47,47,43,43
1,1,0,0,0,12,1,1,0,0,0,32,40,32,35.0000038146973
1,1,0,0,0,12,1,1,0,0,0,32,40,32,35.0000038146973
1,1,1,1,0,12,1,1,53,54,0,54,54,53,53
1,1,0,0,0,12,1,1,0,0,0,32,40,32,35.0000038146973
1,1,1,1,1,12,1,1,35,50,1,50,50,35,35.0000038146973
1,1,0,0,0,12,1,1,0,0,0,32,40,32,35.0000038146973
1,1,1,1,1,12,1,1,40,30,1,32,40,40,40
1,1,1,1,1,12,1,1,47,44,1,44,44,47,47
1,1,1,1,1,12,0,1,42,52,1,52,52,42,42
1,1,0,0,0,12,1,1,0,0,0,32,40,32,35.0000038146973
1,1,0,0,0,12,1,0,0,0,0,32,40,32,35.0000038146973
1,1,1,1,1,12,1,1,40,0,1,32,40,40,40
1,1,1,1,0,12,1,1,45,56,0,56,56,45,45
1,1,0,0,0,12,1,1,0,0,0,32,40,32,35.0000038146973
1,1,1,1,1,12,1,1,37,54,1,54,54,37,37
1,1,1,1,1,12,1,1,35,47,1,47,47,35,35.0000038146973
1,1,1,1,1,12,0,1,48,46,1,46,46,48,48
1,1,1,1,1,12,1,1,45,46,1,46,46,45,45
1,1,0,0,0,12,1,1,0,0,0,32,40,32,35.0000038146973
1,1,0,0,0,12,1,1,0,0,0,32,40,32,35.0000038146973
1,1,0,0,0,12,1,1,0,0,0,32,40,32,35.0000038146973
1,1,0,0,0,12,1,1,0,0,0,32,40,32,35.0000038146973
1,1,1,1,1,12,1,1,27,55,1,55,55,32,35.0000038146973
1,1,0,0,0,12,1,1,0,0,0,32,40,32,35.0000038146973
1,1,1,1,1,12,1,1,42,41,1,41,41,42,42
1,1,1,1,1,12,1,1,42,52,1,52,52,42,42
1,1,1,1,1,12,1,1,42,51,1,51,51,42,42
1,1,1,1,1,12,1,1,48,52,1,52,52,48,48
1,1,1,1,1,12,1,1,48,41,1,41,41,48,48
1,1,1,1,1,12,1,1,43,56,1,56,56,43,43
1,1,0,0,0,12,1,1,0,0,0,32,40,32,35.0000038146973
1,1,1,1,1,12,1,1,45,48,1,48,48,45,45
1,1,1,1,1,12,1,1,42,48,1,48,48,42,42
1,1,1,1,1,12,1,1,40,47,1,47,47,40,40
1,1,0,0,0,12,1,1,0,0,0,32,40,32,35.0000038146973
1,1,0,0,0,12,0,1,0,0,0,32,40,32,35.0000038146973
1,1,1,1,1,12,1,1,47,50,1,50,50,47,47
1,1,0,0,0,12,1,1,0,0,0,32,40,32,35.0000038146973
1,1,0,0,0,12,0,1,0,0,0,32,40,32,35.0000038146973
1,1,0,0,0,12,1,1,0,0,0,32,40,32,35.0000038146973
1,1,0,0,0,12,1,1,0,0,0,32,40,32,35.0000038146973
1,1,0,0,0,12,1,1,0,0,0,32,40,32,35.0000038146973
1,1,0,0,0,12,1,1,0,0,0,32,40,32,35.0000038146973
1,1,1,1,1,12,1,1,43,43,1,43,43,43,43
1,1,1,1,1,12,1,1,35,47,1,47,47,35,35.0000038146973
1,1,1,1,1,12,1,1,34,46,1,46,46,34,35.0000038146973
1,1,0,0,0,12,1,1,0,0,0,32,40,32,35.0000038146973
1,1,0,0,0,12,1,1,0,0,0,32,40,32,35.0000038146973
1,1,1,0,1,12,0,1,45,47,0,47,47,45,45
1,1,1,1,1,12,1,1,35,58,1,58,58,35,35.0000038146973
1,1,1,1,1,12,0,1,42,44,1,44,44,42,42
1,1,1,1,1,12,1,1,43,52,1,52,52,43,43
1,1,0,0,0,12,1,1,0,0,0,32,40,32,35.0000038146973
1,1,1,1,1,12,1,1,39,54,1,54,54,39,39
1,1,0,0,0,12,1,1,0,0,0,32,40,32,35.0000038146973
1,1,1,1,1,12,1,1,47,44,1,44,44,47,47
1,1,0,0,0,12,1,1,0,0,0,32,40,32,35.0000038146973
1,1,0,0,0,12,1,1,0,0,0,32,40,32,35.0000038146973
1,1,0,0,0,12,1,1,0,0,0,32,40,32,35.0000038146973
1,1,0,0,0,12,1,1,0,0,0,32,40,32,35.0000038146973
1,1,0,0,0,12,1,1,0,0,0,32,40,32,35.0000038146973
1,1,0,0,0,12,0,1,0,0,0,32,40,32,35.0000038146973
1,1,0,0,0,12,1,1,0,0,0,32,40,32,35.0000038146973
1,1,1,1,1,12,1,1,45,47,1,47,47,45,45
1,1,1,1,1,12,1,1,42,44,1,44,44,42,42
1,1,0,0,0,12,1,1,0,0,0,32,40,32,35.0000038146973
1,1,1,1,1,12,1,1,47,54,1,54,54,47,47
1,1,0,0,0,12,1,1,0,0,0,32,40,32,35.0000038146973
1,1,1,1,1,12,1,1,40,52,1,52,52,40,40
1,1,0,0,0,12,0,1,0,0,0,32,40,32,35.0000038146973
1,1,1,0,0,12,1,1,45,34,0,34,40,45,45
1,1,0,0,0,12,1,1,0,0,0,32,40,32,35.0000038146973
1,1,1,1,1,12,1,1,45,40,1,40,40,45,45
1,1,1,1,1,12,1,1,40,50,1,50,50,40,40
1,1,1,1,1,12,0,1,33,44,1,44,44,33,35.0000038146973
1,1,0,0,0,12,1,1,0,0,0,32,40,32,35.0000038146973
1,1,1,1,1,12,1,1,42,58,1,58,58,42,42
1,1,1,1,1,12,1,1,35,46,1,46,46,35,35.0000038146973
1,1,0,0,0,12,0,1,0,0,0,32,40,32,35.0000038146973
1,1,1,1,1,12,1,1,37,48,1,48,48,37,37
1,1,1,1,1,12,1,1,47,43,1,43,43,47,47
1,1,1,1,1,12,1,1,43,46,1,46,46,43,43
1,1,1,1,1,12,1,1,42,50,1,50,50,42,42
1,1,0,0,0,12,1,1,0,0,0,32,40,32,35.0000038146973
1,1,0,0,0,12,1,1,0,0,0,32,40,32,35.0000038146973
1,1,1,1,1,12,1,1,40,46,1,46,46,40,40
1,1,0,0,0,12,1,1,0,0,0,32,40,32,35.0000038146973
1,1,1,1,0,12,1,1,43,34,0,34,40,43,43
1,1,0,0,0,12,1,1,0,0,0,32,40,32,35.0000038146973
1,1,0,0,0,12,0,1,0,0,0,32,40,32,35.0000038146973
1,1,1,1,1,12,1,1,37,50,1,50,50,37,37
1,1,1,0,1,12,1,1,39,46,0,46,46,39,39
1,1,0,0,0,12,1,1,0,0,0,32,40,32,35.0000038146973
1,1,1,1,1,12,1,1,43,43,1,43,43,43,43
1,1,0,0,0,12,1,1,0,0,0,32,40,32,35.0000038146973
1,1,0,0,0,12,1,1,0,0,0,32,40,32,35.0000038146973
1,1,1,1,1,12,1,1,37,51,1,51,51,37,37
1,1,1,1,1,12,1,1,42,47,1,47,47,42,42
1,1,1,1,1,12,1,1,47,48,1,48,48,47,47
1,1,1,1,1,12,1,1,39,55,1,55,55,39,39
1,1,1,1,1,12,1,1,43,46,1,46,46,43,43
1,1,1,1,1,12,0,1,42,50,1,50,50,42,42
1,1,0,0,0,12,1,1,0,0,0,32,40,32,35.0000038146973
1,1,1,1,1,12,1,1,45,50,1,50,50,45,45
1,1,0,0,0,12,1,1,0,0,0,32,40,32,35.0000038146973
1,1,1,1,1,12,1,1,43,48,1,48,48,43,43
1,1,1,1,0,12,1,1,50,52,0,52,52,50,50
1,1,0,0,0,12,1,1,0,0,0,32,40,32,35.0000038146973
1,1,1,1,1,12,1,1,50,55,1,55,55,50,50
1,1,1,1,1,12,1,1,45,40,1,40,40,45,45
1,1,1,1,1,12,1,1,39,43,1,43,43,39,39
1,1,0,0,0,12,1,1,0,0,0,32,40,32,35.0000038146973
1,1,0,0,0,12,1,1,0,0,0,32,40,32,35.0000038146973
1,1,0,0,0,12,1,1,0,0,0,32,40,32,35.0000038146973
1,1,0,0,0,12,1,1,0,0,0,32,40,32,35.0000038146973
1,1,0,0,0,12,1,1,0,0,0,32,40,32,35.0000038146973
1,1,1,1,1,12,0,1,42,47,1,47,47,42,42
1,1,1,1,1,12,1,1,55,48,1,48,48,55,55
1,1,1,1,1,12,1,1,50,48,1,48,48,50,50
1,1,0,0,0,12,1,1,0,0,0,32,40,32,35.0000038146973
1,1,1,1,1,12,1,1,48,55,1,55,55,48,48
1,1,1,1,1,12,1,1,42.7472534179688,48.3977890014648,1,48.3977890014648,48.3977890014648,42.7472534179688,42.7472534179688
1,1,1,1,1,12,1,1,52,50,1,50,50,52,52
1,1,1,1,1,12,1,1,47,50,1,50,50,47,47
1,1,1,1,1,12,1,1,45,44,1,44,44,45,45
1,1,0,0,0,12,1,1,0,0,0,32,40,32,35.0000038146973
1,1,0,0,0,12,1,1,0,0,0,32,40,32,35.0000038146973
1,1,0,0,0,12,1,1,0,0,0,32,40,32,35.0000038146973
1,1,0,0,0,12,0,0,0,0,0,32,40,32,35.0000038146973
1,1,0,0,0,12,1,1,0,0,0,32,40,32,35.0000038146973
1,1,0,0,0,12,1,1,0,0,0,32,40,32,35.0000038146973
1,1,0,0,0,12,0,1,0,0,0,32,40,32,35.0000038146973
1,1,1,1,1,12,1,1,37,47,1,47,47,37,37
1,1,1,1,1,12,1,1,42,44,1,44,44,42,42
1,1,0,0,0,12,1,1,0,0,0,32,40,32,35.0000038146973
1,1,0,0,0,12,1,1,0,0,0,32,40,32,35.0000038146973
1,1,0,0,0,12,1,1,0,0,0,32,40,32,35.0000038146973
1,1,0,0,0,12,1,1,0,0,0,32,40,32,35.0000038146973
1,1,1,1,1,12,1,1,50,50,1,50,50,50,50
1,1,1,1,1,12,1,1,47,54,1,54,54,47,47
1,1,1,1,1,12,1,1,43,47,1,47,47,43,43
1,1,0,0,0,12,1,0,0,0,0,32,40,32,35.0000038146973
1,1,1,1,0,12,1,1,39,56,0,56,56,39,39
1,1,1,1,1,12,1,1,55,56,1,56,56,55,55
1,1,1,1,1,12,1,1,37,46,1,46,46,37,37
1,1,1,0,1,12,1,1,43,46,0,46,46,43,43
1,1,1,1,1,12,1,1,45,54,1,54,54,45,45
1,1,0,0,0,12,1,1,0,0,0,32,40,32,35.0000038146973
1,1,0,0,0,12,1,1,0,0,0,32,40,32,35.0000038146973
1,1,1,1,1,12,1,1,48,44,1,44,44,48,48
1,1,0,0,0,12,1,1,0,0,0,32,40,32,35.0000038146973
1,1,1,1,1,12,1,1,35,54,1,54,54,35,35.0000038146973
1,1,1,1,1,12,1,1,40,50,1,50,50,40,40
1,1,1,1,1,12,1,1,43,43,1,43,43,43,43
1,1,1,1,0,12,1,1,45,52,0,52,52,45,45
1,1,0,0,0,12,1,1,0,0,0,32,40,32,35.0000038146973
1,1,1,1,1,12,1,1,50,44,1,44,44,50,50
1,1,0,0,0,12,0,1,0,0,0,32,40,32,35.0000038146973
1,1,0,0,0,12,1,1,0,0,0,32,40,32,35.0000038146973
1,1,1,1,1,12,1,1,47,47,1,47,47,47,47
1,1,1,1,1,12,1,1,47,46,1,46,46,47,47
1,1,0,0,0,12,0,1,0,0,0,32,40,32,35.0000038146973
1,1,0,0,0,12,1,1,0,0,0,32,40,32,35.0000038146973
1,1,1,1,1,12,1,1,40,51,1,51,51,40,40
1,1,0,0,0,12,1,1,0,0,0,32,40,32,35.0000038146973
1,1,0,0,0,12,1,1,0,0,0,32,40,32,35.0000038146973
1,1,0,0,0,12,1,1,0,0,0,32,40,32,35.0000038146973
1,1,0,0,0,12,0,1,0,0,0,32,40,32,35.0000038146973
1,1,0,0,0,12,1,1,0,0,0,32,40,32,35.0000038146973
1,1,1,1,1,12,1,1,43,51,1,51,51,43,43
1,1,1,1,1,12,1,1,40,43,1,43,43,40,40
1,1,1,1,1,12,1,1,50,52,1,52,52,50,50
1,1,1,1,1,12,1,1,48,41,1,41,41,48,48
1,1,0,0,0,12,1,1,0,0,0,32,40,32,35.0000038146973
1,1,0,0,0,12,1,1,0,0,0,32,40,32,35.0000038146973
1,1,1,1,1,12,1,1,43,51,1,51,51,43,43
1,1,1,1,1,12,1,1,42,47,1,47,47,42,42
1,1,0,0,0,12,1,1,0,0,0,32,40,32,35.0000038146973
1,1,1,1,1,12,1,1,50,52,1,52,52,50,50
1,1,1,1,1,12,1,1,40,51,1,51,51,40,40
1,1,1,1,1,12,1,1,42,43,1,43,43,42,42
1,1,1,1,1,12,1,1,49,57,1,57,57,49,49
1,1,1,1,1,12,1,1,35,58,1,58,58,35,35.0000038146973
1,1,0,0,0,12,1,1,0,0,0,32,40,32,35.0000038146973
1,1,1,1,1,12,1,1,42,52,1,52,52,42,42
1,1,1,1,1,12,1,1,35,47,1,47,47,35,35.0000038146973
1,1,1,1,1,12,0,1,42,52,1,52,52,42,42
1,1,0,0,0,12,1,1,0,0,0,32,40,32,35.0000038146973
1,1,0,0,0,12,1,1,0,0,0,32,40,32,35.0000038146973
1,1,1,1,1,12,1,1,45,55,1,55,55,45,45
1,1,0,0,0,12,1,1,0,0,0,32,40,32,35.0000038146973
1,1,1,1,1,12,1,1,47,55,1,55,55,47,47
1,1,0,0,0,12,1,1,0,0,0,32,40,32,35.0000038146973
1,1,1,1,1,12,1,1,43,55,1,55,55,43,43
1,1,0,0,0,12,1,0,0,0,0,32,40,32,35.0000038146973
1,1,1,1,1,12,1,1,39,48,1,48,48,39,39
1,1,1,1,1,12,1,1,40,52,1,52,52,40,40
1,1,1,1,1,12,0,1,39,51,1,51,51,39,39
1,1,1,1,1,12,1,1,40,43,1,43,43,40,40
1,1,0,0,0,12,1,1,0,0,0,32,40,32,35.0000038146973
1,1,1,0,1,12,1,1,43,59,0,59,59,43,43
1,1,1,1,1,12,1,1,57,47,1,47,47,57,57
1,1,1,1,1,12,1,1,43,46,1,46,46,43,43
1,1,1,1,1,12,0,1,45,46,1,46,46,45,45
1,1,0,0,0,12,1,1,0,0,0,32,40,32,35.0000038146973
1,1,1,1,1,12,1,1,47,38,1,38,40,47,47
1,1,1,1,1,12,1,1,47,55,1,55,55,47,47
1,1,0,0,0,12,1,1,0,0,0,32,40,32,35.0000038146973
1,1,0,0,0,12,1,0,0,0,0,32,40,32,35.0000038146973
1,1,1,1,1,12,1,1,45,44,1,44,44,45,45
1,1,1,1,1,12,1,1,43,46,1,46,46,43,43
1,1,0,0,0,12,1,1,0,0,0,32,40,32,35.0000038146973
1,1,1,1,1,12,1,1,40,47,1,47,47,40,40
1,1,1,1,1,12,1,1,34,48,1,48,48,34,35.0000038146973
1,1,0,0,0,12,1,1,0,0,0,32,40,32,35.0000038146973
1,0,0,0,0,13,0,1,0,0,0,32,40,32,35.0000038146973
1,0,0,0,0,13,1,1,0,0,0,32,40,32,35.0000038146973
1,0,0,0,0,13,1,1,0,0,0,32,40,32,35.0000038146973
1,0,1,1,1,13,0,1,0,0,1,32,40,32,35.0000038146973
1,0,1,0,1,13,1,1,39,43,0,43,43,39,39
1,0,0,0,0,13,1,1,0,0,0,32,40,32,35.0000038146973
1,0,0,0,0,13,1,1,0,0,0,32,40,32,35.0000038146973
1,0,0,0,0,13,1,1,0,0,0,32,40,32,35.0000038146973
1,0,0,0,0,13,1,1,0,0,0,32,40,32,35.0000038146973
1,0,1,1,1,13,1,1,42,47,1,47,47,42,42
1,0,0,0,0,13,1,1,0,0,0,32,40,32,35.0000038146973
1,0,0,0,0,13,1,1,0,0,0,32,40,32,35.0000038146973
1,0,0,0,0,13,1,1,0,0,0,32,40,32,35.0000038146973
1,0,1,1,1,13,1,1,35,32,1,32,40,35,35.0000038146973
1,0,0,0,0,13,0,1,0,0,0,32,40,32,35.0000038146973
1,0,1,1,1,13,0,1,42,34,1,34,40,42,42
1,0,1,1,1,13,0,1,37,44,1,44,44,37,37
1,0,1,1,1,13,1,1,47,34,1,34,40,47,47
1,0,1,1,1,13,1,1,50,47,1,47,47,50,50
1,0,0,0,0,13,1,1,0,0,0,32,40,32,35.0000038146973
1,0,0,0,0,13,0,1,0,0,0,32,40,32,35.0000038146973
1,0,0,0,0,13,1,1,0,0,0,32,40,32,35.0000038146973
1,0,0,0,0,13,0,1,0,0,0,32,40,32,35.0000038146973
1,0,0,0,0,13,1,1,0,0,0,32,40,32,35.0000038146973
1,0,0,0,0,13,1,1,0,0,0,32,40,32,35.0000038146973
1,0,0,0,0,13,1,1,0,0,0,32,40,32,35.0000038146973
1,0,0,0,0,13,1,1,0,0,0,32,40,32,35.0000038146973
1,0,0,0,0,13,1,1,0,0,0,32,40,32,35.0000038146973
1,0,0,0,0,13,1,1,0,0,0,32,40,32,35.0000038146973
1,0,0,0,0,13,1,1,0,0,0,32,40,32,35.0000038146973
1,0,1,1,1,13,1,1,0,0,1,32,40,32,35.0000038146973
1,0,1,1,1,13,1,1,41.328125,44.984375,1,44.984375,44.984375,41.328125,41.328125
1,0,0,0,0,13,1,1,0,0,0,32,40,32,35.0000038146973
1,0,1,1,1,13,1,1,45,50,1,50,50,45,45
1,0,0,0,0,13,1,1,0,0,0,32,40,32,35.0000038146973
1,0,0,0,0,13,1,1,0,0,0,32,40,32,35.0000038146973
1,0,1,1,1,13,1,1,52,46,1,46,46,52,52
1,0,0,0,0,13,0,1,0,0,0,32,40,32,35.0000038146973
1,0,0,0,0,13,1,1,0,0,0,32,40,32,35.0000038146973
1,0,0,0,0,13,1,1,0,0,0,32,40,32,35.0000038146973
1,0,1,1,0,13,1,1,42,52,0,52,52,42,42
1,0,0,0,0,13,1,1,0,0,0,32,40,32,35.0000038146973
1,0,0,0,0,13,1,1,0,0,0,32,40,32,35.0000038146973
1,0,1,1,1,13,1,1,43,50,1,50,50,43,43
1,0,0,0,0,13,1,1,0,0,0,32,40,32,35.0000038146973
1,0,0,0,0,13,1,1,0,0,0,32,40,32,35.0000038146973
1,0,0,0,0,13,1,1,0,0,0,32,40,32,35.0000038146973
1,0,0,0,0,13,1,1,0,0,0,32,40,32,35.0000038146973
1,0,0,0,0,13,1,1,0,0,0,32,40,32,35.0000038146973
1,0,1,1,0,13,1,1,42,32,0,32,40,42,42
1,0,0,0,0,13,1,0,0,0,0,32,40,32,35.0000038146973
1,0,0,0,0,13,0,1,0,0,0,32,40,32,35.0000038146973
1,0,0,0,0,13,1,1,0,0,0,32,40,32,35.0000038146973
1,0,1,1,1,13,1,1,40,44,1,44,44,40,40
1,0,1,1,1,13,0,1,42,51,1,51,51,42,42
1,0,0,0,0,13,1,1,0,0,0,32,40,32,35.0000038146973
1,0,0,0,0,13,0,1,0,0,0,32,40,32,35.0000038146973
1,0,1,1,0,13,1,1,37,46,0,46,46,37,37
1,0,0,0,0,13,1,1,0,0,0,32,40,32,35.0000038146973
1,0,0,0,0,13,1,1,0,0,0,32,40,32,35.0000038146973
1,0,0,0,0,13,0,1,0,0,0,32,40,32,35.0000038146973
1,0,0,0,0,13,0,1,0,0,0,32,40,32,35.0000038146973
1,0,1,1,1,13,1,1,39,50,1,50,50,39,39
1,0,0,0,0,13,1,1,0,0,0,32,40,32,35.0000038146973
1,0,0,0,0,13,1,0,0,0,0,32,40,32,35.0000038146973
1,0,1,1,1,13,1,1,47,36,1,36,40,47,47
1,0,0,0,0,13,1,1,0,0,0,32,40,32,35.0000038146973
1,0,1,1,1,13,1,1,45,50,1,50,50,45,45
1,0,0,0,0,13,1,1,0,0,0,32,40,32,35.0000038146973
1,0,1,1,1,13,1,1,43,43,1,43,43,43,43
1,0,1,1,1,13,1,1,48,43,1,43,43,48,48
1,0,0,0,0,13,1,1,0,0,0,32,40,32,35.0000038146973
1,0,0,0,0,13,1,1,0,0,0,32,40,32,35.0000038146973
1,0,0,0,0,13,1,1,0,0,0,32,40,32,35.0000038146973
1,0,0,0,0,13,1,1,0,0,0,32,40,32,35.0000038146973
1,0,0,0,0,13,1,1,0,0,0,32,40,32,35.0000038146973
1,0,0,0,0,13,1,1,0,0,0,32,40,32,35.0000038146973
1,0,0,0,0,13,1,0,0,0,0,32,40,32,35.0000038146973
1,0,0,0,0,13,1,1,0,0,0,32,40,32,35.0000038146973
1,0,0,0,0,13,1,1,0,0,0,32,40,32,35.0000038146973
1,0,0,0,0,13,1,0,0,0,0,32,40,32,35.0000038146973
1,0,1,1,1,13,1,1,40,47,1,47,47,40,40
1,0,0,0,0,13,1,1,0,0,0,32,40,32,35.0000038146973
1,0,0,0,0,13,1,1,0,0,0,32,40,32,35.0000038146973
1,0,0,0,0,13,1,1,0,0,0,32,40,32,35.0000038146973
1,0,1,1,0,13,1,1,37,47,0,47,47,37,37
1,0,0,0,0,13,1,1,0,0,0,32,40,32,35.0000038146973
1,0,1,1,1,13,1,1,41.328125,44.984375,1,44.984375,44.984375,41.328125,41.328125
1,0,1,1,1,13,0,1,41.328125,44.984375,1,44.984375,44.984375,41.328125,41.328125
1,0,1,1,1,13,1,1,37,46,1,46,46,37,37
1,0,1,1,1,13,1,1,40,34,1,34,40,40,40
1,0,0,0,0,13,0,1,0,0,0,32,40,32,35.0000038146973
1,0,1,1,1,13,0,1,52,43,1,43,43,52,52
1,0,0,0,0,13,0,1,0,0,0,32,40,32,35.0000038146973
1,0,0,0,0,13,1,1,0,0,0,32,40,32,35.0000038146973
1,0,1,1,1,13,1,1,42,47,1,47,47,42,42
1,0,0,0,0,13,1,1,0,0,0,32,40,32,35.0000038146973
1,0,0,0,0,13,1,1,0,0,0,32,40,32,35.0000038146973
1,0,0,0,0,13,1,1,0,0,0,32,40,32,35.0000038146973
1,0,0,0,0,13,1,1,0,0,0,32,40,32,35.0000038146973
1,0,0,0,0,13,1,1,0,0,0,32,40,32,35.0000038146973
1,0,0,0,0,13,1,1,0,0,0,32,40,32,35.0000038146973
1,0,0,0,0,13,1,1,0,0,0,32,40,32,35.0000038146973
1,0,0,0,0,13,1,1,0,0,0,32,40,32,35.0000038146973
1,0,0,0,0,13,1,1,0,0,0,32,40,32,35.0000038146973
1,0,1,1,1,13,1,1,42,44,1,44,44,42,42
1,0,1,1,1,13,1,1,39,50,1,50,50,39,39
1,0,0,0,0,13,1,1,0,0,0,32,40,32,35.0000038146973
1,0,0,0,0,13,1,1,0,0,0,32,40,32,35.0000038146973
1,0,0,0,0,13,1,1,0,0,0,32,40,32,35.0000038146973
1,0,0,0,0,13,1,1,0,0,0,32,40,32,35.0000038146973
1,0,1,1,1,13,1,1,39,41,1,41,41,39,39
1,0,0,0,0,13,1,1,0,0,0,32,40,32,35.0000038146973
1,0,0,0,0,13,1,1,0,0,0,32,40,32,35.0000038146973
1,0,0,0,0,13,1,1,0,0,0,32,40,32,35.0000038146973
1,0,1,1,1,13,1,1,43,41,1,41,41,43,43
1,0,0,0,0,13,1,1,0,0,0,32,40,32,35.0000038146973
1,0,1,1,1,13,1,1,40,52,1,52,52,40,40
1,0,1,1,1,13,1,1,43,38,1,38,40,43,43
1,0,0,0,0,13,1,1,0,0,0,32,40,32,35.0000038146973
1,0,0,0,0,13,1,1,0,0,0,32,40,32,35.0000038146973
1,0,0,0,0,13,1,1,0,0,0,32,40,32,35.0000038146973
1,0,0,0,0,13,0,1,0,0,0,32,40,32,35.0000038146973
1,0,0,0,0,13,0,1,0,0,0,32,40,32,35.0000038146973
1,0,0,0,0,13,1,1,0,0,0,32,40,32,35.0000038146973
1,0,0,0,0,13,1,1,0,0,0,32,40,32,35.0000038146973
1,0,0,0,0,13,0,1,0,0,0,32,40,32,35.0000038146973
1,0,0,0,0,13,1,1,0,0,0,32,40,32,35.0000038146973
1,0,1,1,1,13,0,1,47,50,1,50,50,47,47
1,0,0,0,0,13,1,1,0,0,0,32,40,32,35.0000038146973
1,0,1,1,1,13,1,1,48,43,1,43,43,48,48
1,0,0,0,0,13,1,1,0,0,0,32,40,32,35.0000038146973
1,0,0,0,0,13,1,1,0,0,0,32,40,32,35.0000038146973
1,0,0,0,0,13,1,1,0,0,0,32,40,32,35.0000038146973
1,0,0,0,0,13,1,1,0,0,0,32,40,32,35.0000038146973
1,0,0,0,0,13,0,1,0,0,0,32,40,32,35.0000038146973
1,0,0,0,0,13,0,1,0,0,0,32,40,32,35.0000038146973
1,0,0,0,0,13,1,1,0,0,0,32,40,32,35.0000038146973
1,0,1,0,1,13,1,1,43,50,0,50,50,43,43
1,0,0,0,0,13,1,1,0,0,0,32,40,32,35.0000038146973
1,0,1,1,0,13,1,1,40,43,0,43,43,40,40
1,0,0,0,0,13,1,1,0,0,0,32,40,32,35.0000038146973
1,0,0,0,0,13,1,1,0,0,0,32,40,32,35.0000038146973
1,0,0,0,0,13,1,1,0,0,0,32,40,32,35.0000038146973
1,0,0,0,0,13,1,1,0,0,0,32,40,32,35.0000038146973
1,0,0,0,0,13,1,1,0,0,0,32,40,32,35.0000038146973
1,0,1,1,0,13,1,1,41.328125,44.984375,0,44.984375,44.984375,41.328125,41.328125
1,0,0,0,0,13,1,1,0,0,0,32,40,32,35.0000038146973
1,0,0,0,0,13,1,1,0,0,0,32,40,32,35.0000038146973
1,0,0,0,0,13,1,1,0,0,0,32,40,32,35.0000038146973
1,0,0,0,0,13,1,1,0,0,0,32,40,32,35.0000038146973
1,0,1,1,1,13,1,1,37,47,1,47,47,37,37
1,0,0,0,0,13,1,0,0,0,0,32,40,32,35.0000038146973
1,0,0,0,0,13,1,1,0,0,0,32,40,32,35.0000038146973
1,0,1,1,1,13,0,1,45,52,1,52,52,45,45
1,0,1,1,0,13,0,1,43,47,0,47,47,43,43
1,0,0,0,0,13,1,1,0,0,0,32,40,32,35.0000038146973
1,0,0,0,0,13,1,1,0,0,0,32,40,32,35.0000038146973
1,0,0,0,0,13,1,1,0,0,0,32,40,32,35.0000038146973
1,0,1,1,1,13,1,1,40,43,1,43,43,40,40
1,0,0,0,0,13,1,1,0,0,0,32,40,32,35.0000038146973
1,0,0,0,0,13,1,0,0,0,0,32,40,32,35.0000038146973
1,0,0,0,0,13,1,1,0,0,0,32,40,32,35.0000038146973
1,0,1,1,1,13,1,1,40,41,1,41,41,40,40
1,0,0,0,0,13,1,1,0,0,0,32,40,32,35.0000038146973
1,0,0,0,0,13,1,1,0,0,0,32,40,32,35.0000038146973
1,0,1,1,1,13,1,1,30,46,1,46,46,32,35.0000038146973
1,0,0,0,0,13,1,1,0,0,0,32,40,32,35.0000038146973
1,0,0,0,0,13,1,1,0,0,0,32,40,32,35.0000038146973
1,0,0,0,0,13,1,1,0,0,0,32,40,32,35.0000038146973
1,0,0,0,0,13,1,1,0,0,0,32,40,32,35.0000038146973
1,0,0,0,0,13,1,1,0,0,0,32,40,32,35.0000038146973
1,0,0,0,0,13,1,1,0,0,0,32,40,32,35.0000038146973
1,0,0,0,0,13,1,1,0,0,0,32,40,32,35.0000038146973
1,0,0,0,0,13,1,1,0,0,0,32,40,32,35.0000038146973
1,0,0,0,0,13,1,1,0,0,0,32,40,32,35.0000038146973
1,0,1,0,0,13,0,1,41.328125,44.984375,0,44.984375,44.984375,41.328125,41.328125
1,0,0,0,0,13,1,1,0,0,0,32,40,32,35.0000038146973
1,0,1,1,1,13,1,1,34,46,1,46,46,34,35.0000038146973
1,0,0,0,0,13,0,1,0,0,0,32,40,32,35.0000038146973
1,0,0,0,0,13,1,1,0,0,0,32,40,32,35.0000038146973
1,0,0,0,0,13,1,1,0,0,0,32,40,32,35.0000038146973
1,0,1,1,1,13,1,1,40,52,1,52,52,40,40
1,0,0,0,0,13,1,1,0,0,0,32,40,32,35.0000038146973
1,0,0,0,0,13,1,1,0,0,0,32,40,32,35.0000038146973
1,0,0,0,0,13,1,1,0,0,0,32,40,32,35.0000038146973
1,0,0,0,0,13,1,1,0,0,0,32,40,32,35.0000038146973
1,0,1,1,1,13,1,1,47,44,1,44,44,47,47
1,0,0,0,0,13,1,1,0,0,0,32,40,32,35.0000038146973
1,0,1,1,1,13,1,1,47,40,1,40,40,47,47
1,0,0,0,0,13,1,1,0,0,0,32,40,32,35.0000038146973
1,0,0,0,0,13,0,1,0,0,0,32,40,32,35.0000038146973
1,0,0,0,0,13,1,1,0,0,0,32,40,32,35.0000038146973
1,0,1,1,1,13,1,1,35,48,1,48,48,35,35.0000038146973
1,0,0,0,0,13,0,1,0,0,0,32,40,32,35.0000038146973
1,0,0,0,0,13,1,1,0,0,0,32,40,32,35.0000038146973
1,0,1,1,1,13,1,1,37,43,1,43,43,37,37
1,0,1,1,1,13,1,1,40,43,1,43,43,40,40
1,0,1,1,0,13,0,1,39,54,0,54,54,39,39
1,0,1,1,1,13,1,1,35,47,1,47,47,35,35.0000038146973
1,0,1,1,1,13,1,1,47,54,1,54,54,47,47
1,0,0,0,0,13,1,1,0,0,0,32,40,32,35.0000038146973
1,0,0,0,0,13,0,1,0,0,0,32,40,32,35.0000038146973
1,0,0,0,0,13,0,1,0,0,0,32,40,32,35.0000038146973
1,0,0,0,0,13,1,1,0,0,0,32,40,32,35.0000038146973
1,0,1,1,1,13,1,1,45,44,1,44,44,45,45
1,0,1,1,1,13,0,1,42,38,1,38,40,42,42
1,0,1,1,1,13,1,1,37,54,1,54,54,37,37
1,0,0,0,0,13,1,1,0,0,0,32,40,32,35.0000038146973
1,0,0,0,0,13,1,1,0,0,0,32,40,32,35.0000038146973
1,0,0,0,0,13,1,1,0,0,0,32,40,32,35.0000038146973
1,0,0,0,0,13,1,1,0,0,0,32,40,32,35.0000038146973
1,0,0,0,0,13,1,1,0,0,0,32,40,32,35.0000038146973
1,0,1,1,1,13,1,1,40,47,1,47,47,40,40
1,0,0,0,0,13,1,1,0,0,0,32,40,32,35.0000038146973
1,0,0,0,0,13,1,1,0,0,0,32,40,32,35.0000038146973
1,0,1,1,1,13,1,1,43,48,1,48,48,43,43
1,0,0,0,0,13,1,1,0,0,0,32,40,32,35.0000038146973
1,0,0,0,0,13,1,1,0,0,0,32,40,32,35.0000038146973
1,0,1,1,1,13,1,1,40,46,1,46,46,40,40
1,0,0,0,0,13,1,1,0,0,0,32,40,32,35.0000038146973
1,0,0,0,0,13,1,1,0,0,0,32,40,32,35.0000038146973
1,0,0,0,0,13,1,1,0,0,0,32,40,32,35.0000038146973
1,0,0,0,0,13,1,1,0,0,0,32,40,32,35.0000038146973
1,0,0,0,0,13,1,1,0,0,0,32,40,32,35.0000038146973
1,0,0,0,0,13,1,1,0,0,0,32,40,32,35.0000038146973
1,0,0,0,0,13,1,1,0,0,0,32,40,32,35.0000038146973
1,0,0,0,0,13,1,1,0,0,0,32,40,32,35.0000038146973
1,0,1,1,1,13,1,1,45,43,1,43,43,45,45
1,0,0,0,0,13,1,1,0,0,0,32,40,32,35.0000038146973
1,0,0,0,0,13,1,1,0,0,0,32,40,32,35.0000038146973
1,0,1,1,1,13,0,1,32,44,1,44,44,32,35.0000038146973
1,0,1,1,1,13,1,1,47,41,1,41,41,47,47
1,0,0,0,0,13,1,1,0,0,0,32,40,32,35.0000038146973
1,0,1,1,1,13,0,1,40,51,1,51,51,40,40
1,0,0,0,0,13,1,1,0,0,0,32,40,32,35.0000038146973
1,0,0,0,0,13,1,1,0,0,0,32,40,32,35.0000038146973
1,0,0,0,0,13,1,0,0,0,0,32,40,32,35.0000038146973
1,0,0,0,0,13,1,1,0,0,0,32,40,32,35.0000038146973
1,0,0,0,0,13,1,0,0,0,0,32,40,32,35.0000038146973
1,0,1,1,1,13,1,1,37,40,1,40,40,37,37
1,0,1,1,1,13,1,1,32,46,1,46,46,32,35.0000038146973
1,0,0,0,0,13,0,1,0,0,0,32,40,32,35.0000038146973
1,0,0,0,0,13,1,1,0,0,0,32,40,32,35.0000038146973
1,0,0,0,0,13,1,1,0,0,0,32,40,32,35.0000038146973
1,0,1,0,0,13,1,1,41.328125,44.984375,0,44.984375,44.984375,41.328125,41.328125
1,0,0,0,0,13,1,1,0,0,0,32,40,32,35.0000038146973
1,0,0,0,0,13,1,1,0,0,0,32,40,32,35.0000038146973
1,0,0,0,0,13,1,1,0,0,0,32,40,32,35.0000038146973
1,0,0,0,0,13,1,1,0,0,0,32,40,32,35.0000038146973
1,0,0,0,0,13,1,1,0,0,0,32,40,32,35.0000038146973
1,1,1,1,0,13,0,1,42,47,0,47,47,42,42
1,1,0,0,0,13,1,1,0,0,0,32,40,32,35.0000038146973
1,1,1,1,1,13,1,1,45,55,1,55,55,45,45
1,1,0,0,0,13,1,1,0,0,0,32,40,32,35.0000038146973
1,1,1,1,1,13,1,1,48,52,1,52,52,48,48
1,1,1,1,1,13,1,1,48,52,1,52,52,48,48
1,1,0,0,0,13,1,1,0,0,0,32,40,32,35.0000038146973
1,1,0,0,0,13,1,1,0,0,0,32,40,32,35.0000038146973
1,1,0,0,0,13,0,1,0,0,0,32,40,32,35.0000038146973
1,1,0,0,0,13,1,1,0,0,0,32,40,32,35.0000038146973
1,1,0,0,0,13,1,1,0,0,0,32,40,32,35.0000038146973
1,1,0,0,0,13,1,1,0,0,0,32,40,32,35.0000038146973
1,1,0,0,0,13,1,1,0,0,0,32,40,32,35.0000038146973
1,1,0,0,0,13,1,1,0,0,0,32,40,32,35.0000038146973
1,1,1,1,1,13,0,1,35,41,1,41,41,35,35.0000038146973
1,1,1,1,1,13,1,1,45,50,1,50,50,45,45
1,1,0,0,0,13,1,1,0,0,0,32,40,32,35.0000038146973
1,1,0,0,0,13,1,1,0,0,0,32,40,32,35.0000038146973
1,1,0,0,0,13,1,1,0,0,0,32,40,32,35.0000038146973
1,1,0,0,0,13,1,1,0,0,0,32,40,32,35.0000038146973
1,1,1,1,1,13,1,1,37,51,1,51,51,37,37
1,1,1,1,1,13,1,1,47,51,1,51,51,47,47
1,1,0,0,0,13,1,1,0,0,0,32,40,32,35.0000038146973
1,1,0,0,0,13,1,1,0,0,0,32,40,32,35.0000038146973
1,1,0,0,0,13,0,1,0,0,0,32,40,32,35.0000038146973
1,1,1,1,1,13,1,1,37,47,1,47,47,37,37
1,1,0,0,0,13,1,1,0,0,0,32,40,32,35.0000038146973
1,1,0,0,0,13,1,1,0,0,0,32,40,32,35.0000038146973
1,1,0,0,0,13,1,1,0,0,0,32,40,32,35.0000038146973
1,1,1,1,0,13,1,1,39,50,0,50,50,39,39
1,1,0,0,0,13,0,1,0,0,0,32,40,32,35.0000038146973
1,1,0,0,0,13,1,1,0,0,0,32,40,32,35.0000038146973
1,1,0,0,0,13,1,1,0,0,0,32,40,32,35.0000038146973
1,1,0,0,0,13,1,1,0,0,0,32,40,32,35.0000038146973
1,1,0,0,0,13,1,1,0,0,0,32,40,32,35.0000038146973
1,1,1,1,1,13,1,1,40,46,1,46,46,40,40
1,1,0,0,0,13,1,0,0,0,0,32,40,32,35.0000038146973
1,1,0,0,0,13,1,1,0,0,0,32,40,32,35.0000038146973
1,1,0,0,0,13,1,1,0,0,0,32,40,32,35.0000038146973
1,1,0,0,0,13,1,1,0,0,0,32,40,32,35.0000038146973
1,1,0,0,0,13,1,1,0,0,0,32,40,32,35.0000038146973
1,1,0,0,0,13,0,1,0,0,0,32,40,32,35.0000038146973
1,1,1,1,1,13,1,1,42,51,1,51,51,42,42
1,1,1,1,1,13,1,1,42,40,1,40,40,42,42
1,1,0,0,0,13,1,1,0,0,0,32,40,32,35.0000038146973
1,1,0,0,0,13,1,1,0,0,0,32,40,32,35.0000038146973
1,1,0,0,0,13,0,1,0,0,0,32,40,32,35.0000038146973
1,1,0,0,0,13,1,1,0,0,0,32,40,32,35.0000038146973
1,1,0,0,0,13,1,1,0,0,0,32,40,32,35.0000038146973
1,1,0,0,0,13,1,1,0,0,0,32,40,32,35.0000038146973
1,1,0,0,0,13,1,1,0,0,0,32,40,32,35.0000038146973
1,1,0,0,0,13,1,1,0,0,0,32,40,32,35.0000038146973
1,1,1,1,1,13,1,1,42,52,1,52,52,42,42
1,1,1,1,1,13,1,1,22,44,1,44,44,32,35.0000038146973
1,1,0,0,0,13,1,1,0,0,0,32,40,32,35.0000038146973
1,1,0,0,0,13,1,1,0,0,0,32,40,32,35.0000038146973
1,1,0,0,0,13,1,1,0,0,0,32,40,32,35.0000038146973
1,1,0,0,0,13,1,1,0,0,0,32,40,32,35.0000038146973
1,1,0,0,0,13,1,1,0,0,0,32,40,32,35.0000038146973
1,1,0,0,0,13,1,1,0,0,0,32,40,32,35.0000038146973
1,1,0,0,0,13,1,1,0,0,0,32,40,32,35.0000038146973
1,1,0,0,0,13,1,1,0,0,0,32,40,32,35.0000038146973
1,1,0,0,0,13,1,1,0,0,0,32,40,32,35.0000038146973
1,1,0,0,0,13,1,1,0,0,0,32,40,32,35.0000038146973
1,1,1,1,1,13,1,1,40,46,1,46,46,40,40
1,1,0,0,0,13,1,1,0,0,0,32,40,32,35.0000038146973
1,1,0,0,0,13,1,1,0,0,0,32,40,32,35.0000038146973
1,1,0,0,0,13,1,1,0,0,0,32,40,32,35.0000038146973
1,1,0,0,0,13,1,1,0,0,0,32,40,32,35.0000038146973
1,1,1,1,1,13,1,1,45,50,1,50,50,45,45
1,1,1,1,1,13,1,1,45,32,1,32,40,45,45
1,1,1,1,1,13,1,1,45,44,1,44,44,45,45
1,1,0,0,0,13,1,1,0,0,0,32,40,32,35.0000038146973
1,1,0,0,0,13,1,1,0,0,0,32,40,32,35.0000038146973
1,1,1,1,1,13,1,1,42,44,1,44,44,42,42
1,1,1,1,1,13,1,1,47,47,1,47,47,47,47
1,1,0,0,0,13,1,1,0,0,0,32,40,32,35.0000038146973
1,1,0,0,0,13,1,1,0,0,0,32,40,32,35.0000038146973
1,1,0,0,0,13,0,1,0,0,0,32,40,32,35.0000038146973
1,1,0,0,0,13,1,1,0,0,0,32,40,32,35.0000038146973
1,1,1,1,1,13,1,1,43.2419357299805,46.5161285400391,1,46.5161285400391,46.5161285400391,43.2419357299805,43.2419357299805
1,1,0,0,0,13,1,1,0,0,0,32,40,32,35.0000038146973
1,1,0,0,0,13,1,1,0,0,0,32,40,32,35.0000038146973
1,1,0,0,0,13,1,1,0,0,0,32,40,32,35.0000038146973
1,1,0,0,0,13,1,1,0,0,0,32,40,32,35.0000038146973
1,1,1,1,1,13,1,1,48,43,1,43,43,48,48
1,1,0,0,0,13,1,1,0,0,0,32,40,32,35.0000038146973
1,1,1,1,1,13,0,1,39,38,1,38,40,39,39
1,1,0,0,0,13,1,1,0,0,0,32,40,32,35.0000038146973
1,1,0,0,0,13,1,1,0,0,0,32,40,32,35.0000038146973
1,1,0,0,0,13,1,1,0,0,0,32,40,32,35.0000038146973
1,1,0,0,0,13,0,1,0,0,0,32,40,32,35.0000038146973
1,1,0,0,0,13,1,1,0,0,0,32,40,32,35.0000038146973
1,1,1,1,1,13,1,1,45,51,1,51,51,45,45
1,1,0,0,0,13,1,1,0,0,0,32,40,32,35.0000038146973
1,1,0,0,0,13,1,1,0,0,0,32,40,32,35.0000038146973
1,1,1,0,1,13,1,1,47,46,0,46,46,47,47
1,1,1,1,1,13,1,1,45,56,1,56,56,45,45
1,1,0,0,0,13,1,1,0,0,0,32,40,32,35.0000038146973
1,1,0,0,0,13,1,1,0,0,0,32,40,32,35.0000038146973
1,1,0,0,0,13,1,1,0,0,0,32,40,32,35.0000038146973
1,1,1,1,1,13,1,1,47,51,1,51,51,47,47
1,1,0,0,0,13,1,1,0,0,0,32,40,32,35.0000038146973
1,1,0,0,0,13,1,1,0,0,0,32,40,32,35.0000038146973
1,1,0,0,0,13,1,1,0,0,0,32,40,32,35.0000038146973
1,1,0,0,0,13,1,1,0,0,0,32,40,32,35.0000038146973
1,1,0,0,0,13,1,1,0,0,0,32,40,32,35.0000038146973
1,1,0,0,0,13,1,1,0,0,0,32,40,32,35.0000038146973
1,1,0,0,0,13,1,1,0,0,0,32,40,32,35.0000038146973
1,1,0,0,0,13,1,1,0,0,0,32,40,32,35.0000038146973
1,1,0,0,0,13,0,1,0,0,0,32,40,32,35.0000038146973
1,1,0,0,0,13,1,1,0,0,0,32,40,32,35.0000038146973
1,1,1,1,0,13,1,1,43,38,0,38,40,43,43
1,1,0,0,0,13,1,1,0,0,0,32,40,32,35.0000038146973
1,1,0,0,0,13,1,1,0,0,0,32,40,32,35.0000038146973
1,1,0,0,0,13,1,1,0,0,0,32,40,32,35.0000038146973
1,1,0,0,0,13,1,1,0,0,0,32,40,32,35.0000038146973
1,1,0,0,0,13,1,1,0,0,0,32,40,32,35.0000038146973
1,1,0,0,0,13,1,1,0,0,0,32,40,32,35.0000038146973
1,1,0,0,0,13,1,1,0,0,0,32,40,32,35.0000038146973
1,1,0,0,0,13,1,1,0,0,0,32,40,32,35.0000038146973
1,1,1,1,1,13,1,1,45,50,1,50,50,45,45
1,1,1,1,1,13,1,1,43,47,1,47,47,43,43
1,1,0,0,0,13,1,1,0,0,0,32,40,32,35.0000038146973
1,1,1,1,1,13,1,1,48,50,1,50,50,48,48
1,1,0,0,0,13,1,1,0,0,0,32,40,32,35.0000038146973
1,1,1,1,1,13,1,1,47,51,1,51,51,47,47
1,1,0,0,0,13,1,1,0,0,0,32,40,32,35.0000038146973
1,1,0,0,0,13,1,1,0,0,0,32,40,32,35.0000038146973
1,1,1,1,1,13,1,1,48,46,1,46,46,48,48
1,1,1,1,1,13,1,1,42,52,1,52,52,42,42
1,1,0,0,0,13,1,1,0,0,0,32,40,32,35.0000038146973
1,1,1,1,0,13,1,1,40,52,0,52,52,40,40
1,1,0,0,0,13,1,1,0,0,0,32,40,32,35.0000038146973
1,1,1,0,1,13,1,1,47,54,0,54,54,47,47
1,1,0,0,0,13,1,1,0,0,0,32,40,32,35.0000038146973
1,1,0,0,0,13,1,1,0,0,0,32,40,32,35.0000038146973
1,1,0,0,0,13,1,1,0,0,0,32,40,32,35.0000038146973
1,1,0,0,0,13,1,1,0,0,0,32,40,32,35.0000038146973
1,1,0,0,0,13,1,1,0,0,0,32,40,32,35.0000038146973
1,1,0,0,0,13,0,1,0,0,0,32,40,32,35.0000038146973
1,1,1,1,1,13,1,1,47,40,1,40,40,47,47
1,1,1,1,1,13,1,1,35,38,1,38,40,35,35.0000038146973
1,1,1,1,0,13,1,1,43.2419357299805,46.5161285400391,0,46.5161285400391,46.5161285400391,43.2419357299805,43.2419357299805
1,1,0,0,0,13,0,1,0,0,0,32,40,32,35.0000038146973
1,1,1,1,1,13,1,1,55,59,1,59,59,55,55
1,1,0,0,0,13,1,1,0,0,0,32,40,32,35.0000038146973
1,1,1,1,1,13,1,1,43.2419357299805,46.5161285400391,1,46.5161285400391,46.5161285400391,43.2419357299805,43.2419357299805
1,1,0,0,0,13,1,1,0,0,0,32,40,32,35.0000038146973
1,1,1,1,1,13,1,1,0,0,1,32,40,32,35.0000038146973
1,1,0,0,0,13,1,1,0,0,0,32,40,32,35.0000038146973
1,1,0,0,0,13,1,1,0,0,0,32,40,32,35.0000038146973
1,1,0,0,0,13,1,1,0,0,0,32,40,32,35.0000038146973
1,1,0,0,0,13,1,1,0,0,0,32,40,32,35.0000038146973
1,1,0,0,0,13,1,1,0,0,0,32,40,32,35.0000038146973
1,1,1,1,1,13,1,1,52,46,1,46,46,52,52
1,1,0,0,0,13,1,1,0,0,0,32,40,32,35.0000038146973
1,1,0,0,0,13,1,1,0,0,0,32,40,32,35.0000038146973
1,1,0,0,0,13,0,1,0,0,0,32,40,32,35.0000038146973
1,1,0,0,0,13,1,1,0,0,0,32,40,32,35.0000038146973
1,1,1,1,1,13,1,1,37,38,1,38,40,37,37
1,1,0,0,0,13,1,1,0,0,0,32,40,32,35.0000038146973
1,1,0,0,0,13,1,1,0,0,0,32,40,32,35.0000038146973
1,1,1,1,1,13,1,1,37,34,1,34,40,37,37
1,1,1,0,0,13,1,1,44,44,0,44,44,44,44
1,1,0,0,0,13,1,1,0,0,0,32,40,32,35.0000038146973
1,1,0,0,0,13,0,1,0,0,0,32,40,32,35.0000038146973
1,1,1,1,1,13,1,1,52,46,1,46,46,52,52
1,1,0,0,0,13,1,1,0,0,0,32,40,32,35.0000038146973
1,1,0,0,0,13,1,1,0,0,0,32,40,32,35.0000038146973
1,1,0,0,0,13,1,1,0,0,0,32,40,32,35.0000038146973
1,1,0,0,0,13,1,1,0,0,0,32,40,32,35.0000038146973
1,1,1,1,1,13,1,1,43,48,1,48,48,43,43
1,1,0,0,0,13,1,1,0,0,0,32,40,32,35.0000038146973
1,1,1,1,1,13,1,1,35,40,1,40,40,35,35.0000038146973
1,1,0,0,0,13,1,1,0,0,0,32,40,32,35.0000038146973
1,1,1,1,1,13,1,1,43.2419357299805,46.5161285400391,1,46.5161285400391,46.5161285400391,43.2419357299805,43.2419357299805
1,1,1,1,1,13,1,1,42,48,1,48,48,42,42
1,1,0,0,0,13,1,1,0,0,0,32,40,32,35.0000038146973
1,1,0,0,0,13,1,1,0,0,0,32,40,32,35.0000038146973
1,1,0,0,0,13,1,1,0,0,0,32,40,32,35.0000038146973
1,1,0,0,0,13,1,1,0,0,0,32,40,32,35.0000038146973
1,1,0,0,0,13,0,1,0,0,0,32,40,32,35.0000038146973
1,1,0,0,0,13,0,1,0,0,0,32,40,32,35.0000038146973
1,1,1,1,1,13,1,1,45,47,1,47,47,45,45
1,1,0,0,0,13,1,1,0,0,0,32,40,32,35.0000038146973
1,1,0,0,0,13,1,1,0,0,0,32,40,32,35.0000038146973
1,1,0,0,0,13,0,1,0,0,0,32,40,32,35.0000038146973
1,1,0,0,0,13,1,1,0,0,0,32,40,32,35.0000038146973
1,1,0,0,0,13,1,1,0,0,0,32,40,32,35.0000038146973
1,1,0,0,0,13,1,1,0,0,0,32,40,32,35.0000038146973
1,1,1,1,1,13,1,1,35,48,1,48,48,35,35.0000038146973
1,1,1,0,1,13,0,1,45,44,0,44,44,45,45
1,1,1,1,1,13,1,1,45,50,1,50,50,45,45
1,1,0,0,0,13,1,1,0,0,0,32,40,32,35.0000038146973
1,1,0,0,0,13,1,1,0,0,0,32,40,32,35.0000038146973
1,1,0,0,0,13,1,1,0,0,0,32,40,32,35.0000038146973
1,1,0,0,0,13,1,1,0,0,0,32,40,32,35.0000038146973
1,1,0,0,0,13,1,1,0,0,0,32,40,32,35.0000038146973
1,1,1,1,1,13,1,1,52,41,1,41,41,52,52
1,1,0,0,0,13,0,1,0,0,0,32,40,32,35.0000038146973
1,1,1,1,1,13,1,1,43,36,1,36,40,43,43
1,1,0,0,0,13,0,1,0,0,0,32,40,32,35.0000038146973
1,1,1,1,1,13,0,1,43.2419357299805,46.5161285400391,1,46.5161285400391,46.5161285400391,43.2419357299805,43.2419357299805
1,1,0,0,0,13,1,1,0,0,0,32,40,32,35.0000038146973
1,1,0,0,0,13,1,1,0,0,0,32,40,32,35.0000038146973
1,1,0,0,0,13,1,1,0,0,0,32,40,32,35.0000038146973
1,1,0,0,0,13,1,1,0,0,0,32,40,32,35.0000038146973
1,1,0,0,0,13,1,1,0,0,0,32,40,32,35.0000038146973
1,1,0,0,0,13,1,1,0,0,0,32,40,32,35.0000038146973
1,1,0,0,0,13,1,1,0,0,0,32,40,32,35.0000038146973
1,1,0,0,0,13,1,1,0,0,0,32,40,32,35.0000038146973
1,1,1,1,1,13,1,1,43,48,1,48,48,43,43
1,1,0,0,0,13,1,0,0,0,0,32,40,32,35.0000038146973
1,1,1,1,1,13,1,1,50,56,1,56,56,50,50
1,1,0,0,0,13,1,1,0,0,0,32,40,32,35.0000038146973
1,1,0,0,0,13,1,1,0,0,0,32,40,32,35.0000038146973
1,1,0,0,0,13,1,1,0,0,0,32,40,32,35.0000038146973
1,1,1,1,1,13,1,1,39,46,1,46,46,39,39
1,1,1,1,1,13,1,1,45,46,1,46,46,45,45
1,1,0,0,0,13,1,1,0,0,0,32,40,32,35.0000038146973
1,1,0,0,0,13,1,1,0,0,0,32,40,32,35.0000038146973
1,1,1,0,1,13,1,1,45,47,0,47,47,45,45
1,1,1,1,1,13,0,1,45,50,1,50,50,45,45
1,1,0,0,0,13,1,1,0,0,0,32,40,32,35.0000038146973
1,1,0,0,0,13,1,1,0,0,0,32,40,32,35.0000038146973
1,1,0,0,0,13,1,1,0,0,0,32,40,32,35.0000038146973
1,1,1,1,1,13,1,1,42,34,1,34,40,42,42
1,1,0,0,0,13,1,1,0,0,0,32,40,32,35.0000038146973
1,1,0,0,0,13,1,1,0,0,0,32,40,32,35.0000038146973
1,1,0,0,0,13,1,1,0,0,0,32,40,32,35.0000038146973
1,1,1,1,1,13,0,1,40,43,1,43,43,40,40
1,1,0,0,0,13,1,1,0,0,0,32,40,32,35.0000038146973
1,1,0,0,0,13,1,1,0,0,0,32,40,32,35.0000038146973
1,1,0,0,0,13,1,1,0,0,0,32,40,32,35.0000038146973
1,1,0,0,0,13,1,1,0,0,0,32,40,32,35.0000038146973
1,1,0,0,0,13,1,1,0,0,0,32,40,32,35.0000038146973
1,1,0,0,0,13,1,1,0,0,0,32,40,32,35.0000038146973
1,1,0,0,0,13,1,1,0,0,0,32,40,32,35.0000038146973
1,1,0,0,0,13,1,1,0,0,0,32,40,32,35.0000038146973
1,1,0,0,0,13,1,1,0,0,0,32,40,32,35.0000038146973
1,1,0,0,0,13,0,1,0,0,0,32,40,32,35.0000038146973
1,1,0,0,0,13,1,1,0,0,0,32,40,32,35.0000038146973
1,1,0,0,0,13,1,1,0,0,0,32,40,32,35.0000038146973
1,1,1,1,1,13,1,1,39,50,1,50,50,39,39
1,1,0,0,0,13,1,1,0,0,0,32,40,32,35.0000038146973
1,1,0,0,0,13,1,1,0,0,0,32,40,32,35.0000038146973
1,1,0,0,0,13,1,1,0,0,0,32,40,32,35.0000038146973
1,1,0,0,0,13,1,1,0,0,0,32,40,32,35.0000038146973
1,1,0,0,0,13,1,1,0,0,0,32,40,32,35.0000038146973
1,1,0,0,0,13,1,1,0,0,0,32,40,32,35.0000038146973
1,0,0,0,0,14,1,1,0,0,0,32,40,32,35.0000038146973
1,0,0,0,0,14,0,1,0,0,0,32,40,32,35.0000038146973
1,0,0,0,0,14,1,1,0,0,0,32,40,32,35.0000038146973
1,0,0,0,0,14,1,1,0,0,0,32,40,32,35.0000038146973
1,0,1,1,1,14,1,1,39,48,1,48,48,39,39
1,0,0,0,0,14,1,1,0,0,0,32,40,32,35.0000038146973
1,0,0,0,0,14,1,1,0,0,0,32,40,32,35.0000038146973
1,0,0,0,0,14,1,1,0,0,0,32,40,32,35.0000038146973
1,0,0,0,0,14,1,1,0,0,0,32,40,32,35.0000038146973
1,0,0,0,0,14,1,1,0,0,0,32,40,32,35.0000038146973
1,0,0,0,0,14,1,1,0,0,0,32,40,32,35.0000038146973
1,0,0,0,0,14,1,1,0,0,0,32,40,32,35.0000038146973
1,0,0,0,0,14,1,1,0,0,0,32,40,32,35.0000038146973
1,0,0,0,0,14,1,1,0,0,0,32,40,32,35.0000038146973
1,0,0,0,0,14,1,1,0,0,0,32,40,32,35.0000038146973
1,0,1,1,1,14,1,1,39,48,1,48,48,39,39
1,0,0,0,0,14,1,1,0,0,0,32,40,32,35.0000038146973
1,0,0,0,0,14,1,1,0,0,0,32,40,32,35.0000038146973
1,0,0,0,0,14,1,1,0,0,0,32,40,32,35.0000038146973
1,0,0,0,0,14,1,1,0,0,0,32,40,32,35.0000038146973
1,0,1,0,1,14,1,1,42.75,43.125,0,43.125,43.125,42.75,42.75
1,0,0,0,0,14,1,1,0,0,0,32,40,32,35.0000038146973
1,0,0,0,0,14,1,1,0,0,0,32,40,32,35.0000038146973
1,0,0,0,0,14,1,1,0,0,0,32,40,32,35.0000038146973
1,0,0,0,0,14,1,1,0,0,0,32,40,32,35.0000038146973
1,0,0,0,0,14,0,1,0,0,0,32,40,32,35.0000038146973
1,0,0,0,0,14,1,1,0,0,0,32,40,32,35.0000038146973
1,0,0,0,0,14,1,1,0,0,0,32,40,32,35.0000038146973
1,0,0,0,0,14,1,1,0,0,0,32,40,32,35.0000038146973
1,0,0,0,0,14,1,1,0,0,0,32,40,32,35.0000038146973
1,0,0,0,0,14,1,1,0,0,0,32,40,32,35.0000038146973
1,0,0,0,0,14,1,1,0,0,0,32,40,32,35.0000038146973
1,0,0,0,0,14,1,1,0,0,0,32,40,32,35.0000038146973
1,0,0,0,0,14,0,1,0,0,0,32,40,32,35.0000038146973
1,0,0,0,0,14,1,1,0,0,0,32,40,32,35.0000038146973
1,0,0,0,0,14,1,1,0,0,0,32,40,32,35.0000038146973
1,0,0,0,0,14,0,1,0,0,0,32,40,32,35.0000038146973
1,0,0,0,0,14,1,1,0,0,0,32,40,32,35.0000038146973
1,0,0,0,0,14,1,1,0,0,0,32,40,32,35.0000038146973
1,0,0,0,0,14,1,1,0,0,0,32,40,32,35.0000038146973
1,0,0,0,0,14,1,1,0,0,0,32,40,32,35.0000038146973
1,0,1,1,1,14,1,1,45,44,1,44,44,45,45
1,0,0,0,0,14,1,1,0,0,0,32,40,32,35.0000038146973
1,0,0,0,0,14,1,1,0,0,0,32,40,32,35.0000038146973
1,0,0,0,0,14,1,1,0,0,0,32,40,32,35.0000038146973
1,0,0,0,0,14,1,1,0,0,0,32,40,32,35.0000038146973
1,0,0,0,0,14,0,1,0,0,0,32,40,32,35.0000038146973
1,0,0,0,0,14,1,1,0,0,0,32,40,32,35.0000038146973
1,0,0,0,0,14,1,1,0,0,0,32,40,32,35.0000038146973
1,0,0,0,0,14,1,1,0,0,0,32,40,32,35.0000038146973
1,0,0,0,0,14,0,1,0,0,0,32,40,32,35.0000038146973
1,0,0,0,0,14,1,1,0,0,0,32,40,32,35.0000038146973
1,0,0,0,0,14,1,1,0,0,0,32,40,32,35.0000038146973
1,0,0,0,0,14,1,1,0,0,0,32,40,32,35.0000038146973
1,0,0,0,0,14,1,1,0,0,0,32,40,32,35.0000038146973
1,0,0,0,0,14,1,1,0,0,0,32,40,32,35.0000038146973
1,0,0,0,0,14,1,1,0,0,0,32,40,32,35.0000038146973
1,0,0,0,0,14,1,1,0,0,0,32,40,32,35.0000038146973
1,0,0,0,0,14,1,1,0,0,0,32,40,32,35.0000038146973
1,0,0,0,0,14,0,1,0,0,0,32,40,32,35.0000038146973
1,0,0,0,0,14,1,1,0,0,0,32,40,32,35.0000038146973
1,0,0,0,0,14,1,1,0,0,0,32,40,32,35.0000038146973
1,0,1,1,0,14,1,1,42.75,43.125,0,43.125,43.125,42.75,42.75
1,0,0,0,0,14,1,1,0,0,0,32,40,32,35.0000038146973
1,0,0,0,0,14,0,1,0,0,0,32,40,32,35.0000038146973
1,0,0,0,0,14,0,0,0,0,0,32,40,32,35.0000038146973
1,0,0,0,0,14,1,1,0,0,0,32,40,32,35.0000038146973
1,0,1,1,1,14,1,1,50,36,1,36,40,50,50
1,0,0,0,0,14,1,1,0,0,0,32,40,32,35.0000038146973
1,0,0,0,0,14,1,1,0,0,0,32,40,32,35.0000038146973
1,0,0,0,0,14,1,1,0,0,0,32,40,32,35.0000038146973
1,0,0,0,0,14,1,1,0,0,0,32,40,32,35.0000038146973
1,0,1,1,1,14,1,1,32,43,1,43,43,32,35.0000038146973
1,0,0,0,0,14,1,1,0,0,0,32,40,32,35.0000038146973
1,0,0,0,0,14,0,1,0,0,0,32,40,32,35.0000038146973
1,0,0,0,0,14,1,1,0,0,0,32,40,32,35.0000038146973
1,0,0,0,0,14,0,1,0,0,0,32,40,32,35.0000038146973
1,0,0,0,0,14,1,1,0,0,0,32,40,32,35.0000038146973
1,0,0,0,0,14,0,1,0,0,0,32,40,32,35.0000038146973
1,0,0,0,0,14,1,1,0,0,0,32,40,32,35.0000038146973
1,0,0,0,0,14,1,0,0,0,0,32,40,32,35.0000038146973
1,0,0,0,0,14,1,1,0,0,0,32,40,32,35.0000038146973
1,0,0,0,0,14,1,1,0,0,0,32,40,32,35.0000038146973
1,0,0,0,0,14,1,1,0,0,0,32,40,32,35.0000038146973
1,0,0,0,0,14,1,1,0,0,0,32,40,32,35.0000038146973
1,0,0,0,0,14,0,1,0,0,0,32,40,32,35.0000038146973
1,0,0,0,0,14,1,1,0,0,0,32,40,32,35.0000038146973
1,0,0,0,0,14,1,1,0,0,0,32,40,32,35.0000038146973
1,0,0,0,0,14,0,1,0,0,0,32,40,32,35.0000038146973
1,0,0,0,0,14,1,1,0,0,0,32,40,32,35.0000038146973
1,0,0,0,0,14,1,1,0,0,0,32,40,32,35.0000038146973
1,0,1,1,0,14,0,1,47,40,0,40,40,47,47
1,0,0,0,0,14,1,1,0,0,0,32,40,32,35.0000038146973
1,0,0,0,0,14,1,1,0,0,0,32,40,32,35.0000038146973
1,0,0,0,0,14,1,1,0,0,0,32,40,32,35.0000038146973
1,0,0,0,0,14,1,1,0,0,0,32,40,32,35.0000038146973
1,0,0,0,0,14,1,1,0,0,0,32,40,32,35.0000038146973
1,0,0,0,0,14,1,1,0,0,0,32,40,32,35.0000038146973
1,0,0,0,0,14,1,1,0,0,0,32,40,32,35.0000038146973
1,0,0,0,0,14,1,1,0,0,0,32,40,32,35.0000038146973
1,0,0,0,0,14,1,0,0,0,0,32,40,32,35.0000038146973
1,0,0,0,0,14,1,1,0,0,0,32,40,32,35.0000038146973
1,0,0,0,0,14,1,1,0,0,0,32,40,32,35.0000038146973
1,0,0,0,0,14,1,1,0,0,0,32,40,32,35.0000038146973
1,0,0,0,0,14,1,1,0,0,0,32,40,32,35.0000038146973
1,0,0,0,0,14,1,1,0,0,0,32,40,32,35.0000038146973
1,0,0,0,0,14,1,0,0,0,0,32,40,32,35.0000038146973
1,0,0,0,0,14,1,1,0,0,0,32,40,32,35.0000038146973
1,0,0,0,0,14,1,1,0,0,0,32,40,32,35.0000038146973
1,0,0,0,0,14,1,1,0,0,0,32,40,32,35.0000038146973
1,0,1,0,1,14,1,1,42.75,43.125,0,43.125,43.125,42.75,42.75
1,0,0,0,0,14,1,1,0,0,0,32,40,32,35.0000038146973
1,0,0,0,0,14,1,1,0,0,0,32,40,32,35.0000038146973
1,0,0,0,0,14,1,1,0,0,0,32,40,32,35.0000038146973
1,0,0,0,0,14,1,1,0,0,0,32,40,32,35.0000038146973
1,0,0,0,0,14,1,1,0,0,0,32,40,32,35.0000038146973
1,0,0,0,0,14,1,1,0,0,0,32,40,32,35.0000038146973
1,0,0,0,0,14,1,1,0,0,0,32,40,32,35.0000038146973
1,0,0,0,0,14,1,1,0,0,0,32,40,32,35.0000038146973
1,0,0,0,0,14,1,1,0,0,0,32,40,32,35.0000038146973
1,0,0,0,0,14,1,1,0,0,0,32,40,32,35.0000038146973
1,0,0,0,0,14,1,1,0,0,0,32,40,32,35.0000038146973
1,0,0,0,0,14,1,1,0,0,0,32,40,32,35.0000038146973
1,0,0,0,0,14,1,1,0,0,0,32,40,32,35.0000038146973
1,0,0,0,0,14,1,1,0,0,0,32,40,32,35.0000038146973
1,0,0,0,0,14,1,1,0,0,0,32,40,32,35.0000038146973
1,0,0,0,0,14,1,1,0,0,0,32,40,32,35.0000038146973
1,0,0,0,0,14,1,1,0,0,0,32,40,32,35.0000038146973
1,0,0,0,0,14,0,1,0,0,0,32,40,32,35.0000038146973
1,0,0,0,0,14,1,1,0,0,0,32,40,32,35.0000038146973
1,0,0,0,0,14,1,1,0,0,0,32,40,32,35.0000038146973
1,0,0,0,0,14,1,0,0,0,0,32,40,32,35.0000038146973
1,0,0,0,0,14,0,1,0,0,0,32,40,32,35.0000038146973
1,0,0,0,0,14,1,1,0,0,0,32,40,32,35.0000038146973
1,0,0,0,0,14,1,1,0,0,0,32,40,32,35.0000038146973
1,0,0,0,0,14,1,1,0,0,0,32,40,32,35.0000038146973
1,0,0,0,0,14,1,1,0,0,0,32,40,32,35.0000038146973
1,0,0,0,0,14,1,1,0,0,0,32,40,32,35.0000038146973
1,0,1,1,1,14,1,1,42,50,1,50,50,42,42
1,0,0,0,0,14,1,1,0,0,0,32,40,32,35.0000038146973
1,0,0,0,0,14,1,1,0,0,0,32,40,32,35.0000038146973
1,0,0,0,0,14,1,1,0,0,0,32,40,32,35.0000038146973
1,0,0,0,0,14,0,1,0,0,0,32,40,32,35.0000038146973
1,0,0,0,0,14,1,1,0,0,0,32,40,32,35.0000038146973
1,0,1,1,1,14,1,1,48,36,1,36,40,48,48
1,0,0,0,0,14,1,1,0,0,0,32,40,32,35.0000038146973
1,0,0,0,0,14,1,1,0,0,0,32,40,32,35.0000038146973
1,0,0,0,0,14,1,1,0,0,0,32,40,32,35.0000038146973
1,0,0,0,0,14,1,1,0,0,0,32,40,32,35.0000038146973
1,0,0,0,0,14,1,1,0,0,0,32,40,32,35.0000038146973
1,0,0,0,0,14,1,1,0,0,0,32,40,32,35.0000038146973
1,0,1,1,1,14,1,1,0,0,1,32,40,32,35.0000038146973
1,0,0,0,0,14,0,1,0,0,0,32,40,32,35.0000038146973
1,1,0,0,0,14,0,1,0,0,0,32,40,32,35.0000038146973
1,1,0,0,0,14,1,1,0,0,0,32,40,32,35.0000038146973
1,1,0,0,0,14,1,1,0,0,0,32,40,32,35.0000038146973
1,1,0,0,0,14,1,1,0,0,0,32,40,32,35.0000038146973
1,1,0,0,0,14,1,1,0,0,0,32,40,32,35.0000038146973
1,1,0,0,0,14,1,1,0,0,0,32,40,32,35.0000038146973
1,1,0,0,0,14,1,1,0,0,0,32,40,32,35.0000038146973
1,1,0,0,0,14,0,0,0,0,0,32,40,32,35.0000038146973
1,1,0,0,0,14,1,1,0,0,0,32,40,32,35.0000038146973
1,1,0,0,0,14,1,1,0,0,0,32,40,32,35.0000038146973
1,1,0,0,0,14,1,1,0,0,0,32,40,32,35.0000038146973
1,1,0,0,0,14,1,1,0,0,0,32,40,32,35.0000038146973
1,1,0,0,0,14,1,1,0,0,0,32,40,32,35.0000038146973
1,1,0,0,0,14,1,1,0,0,0,32,40,32,35.0000038146973
1,1,0,0,0,14,0,1,0,0,0,32,40,32,35.0000038146973
1,1,0,0,0,14,1,1,0,0,0,32,40,32,35.0000038146973
1,1,0,0,0,14,1,1,0,0,0,32,40,32,35.0000038146973
1,1,0,0,0,14,1,1,0,0,0,32,40,32,35.0000038146973
1,1,0,0,0,14,1,1,0,0,0,32,40,32,35.0000038146973
1,1,0,0,0,14,1,1,0,0,0,32,40,32,35.0000038146973
1,1,0,0,0,14,1,1,0,0,0,32,40,32,35.0000038146973
1,1,0,0,0,14,1,1,0,0,0,32,40,32,35.0000038146973
1,1,0,0,0,14,1,1,0,0,0,32,40,32,35.0000038146973
1,1,0,0,0,14,1,1,0,0,0,32,40,32,35.0000038146973
1,1,0,0,0,14,1,1,0,0,0,32,40,32,35.0000038146973
1,1,0,0,0,14,1,1,0,0,0,32,40,32,35.0000038146973
1,1,0,0,0,14,1,1,0,0,0,32,40,32,35.0000038146973
1,1,0,0,0,14,0,1,0,0,0,32,40,32,35.0000038146973
1,1,0,0,0,14,1,1,0,0,0,32,40,32,35.0000038146973
1,1,0,0,0,14,1,1,0,0,0,32,40,32,35.0000038146973
1,1,0,0,0,14,1,1,0,0,0,32,40,32,35.0000038146973
1,1,0,0,0,14,1,1,0,0,0,32,40,32,35.0000038146973
1,1,0,0,0,14,1,1,0,0,0,32,40,32,35.0000038146973
1,1,0,0,0,14,1,0,0,0,0,32,40,32,35.0000038146973
1,1,0,0,0,14,1,1,0,0,0,32,40,32,35.0000038146973
1,1,0,0,0,14,1,1,0,0,0,32,40,32,35.0000038146973
1,1,0,0,0,14,1,1,0,0,0,32,40,32,35.0000038146973
1,1,0,0,0,14,1,1,0,0,0,32,40,32,35.0000038146973
1,1,0,0,0,14,1,0,0,0,0,32,40,32,35.0000038146973
1,1,0,0,0,14,1,1,0,0,0,32,40,32,35.0000038146973
1,1,0,0,0,14,1,1,0,0,0,32,40,32,35.0000038146973
1,1,0,0,0,14,1,1,0,0,0,32,40,32,35.0000038146973
1,1,0,0,0,14,0,1,0,0,0,32,40,32,35.0000038146973
1,1,0,0,0,14,1,1,0,0,0,32,40,32,35.0000038146973
1,1,0,0,0,14,1,1,0,0,0,32,40,32,35.0000038146973
1,1,0,0,0,14,1,1,0,0,0,32,40,32,35.0000038146973
1,1,0,0,0,14,1,1,0,0,0,32,40,32,35.0000038146973
1,1,0,0,0,14,1,1,0,0,0,32,40,32,35.0000038146973
1,1,0,0,0,14,1,1,0,0,0,32,40,32,35.0000038146973
1,1,0,0,0,14,1,1,0,0,0,32,40,32,35.0000038146973
1,1,0,0,0,14,0,1,0,0,0,32,40,32,35.0000038146973
1,1,0,0,0,14,1,1,0,0,0,32,40,32,35.0000038146973
1,1,0,0,0,14,1,1,0,0,0,32,40,32,35.0000038146973
1,1,0,0,0,14,1,1,0,0,0,32,40,32,35.0000038146973
1,1,0,0,0,14,1,1,0,0,0,32,40,32,35.0000038146973
1,1,0,0,0,14,1,1,0,0,0,32,40,32,35.0000038146973
1,1,0,0,0,14,1,1,0,0,0,32,40,32,35.0000038146973
1,1,0,0,0,14,1,1,0,0,0,32,40,32,35.0000038146973
1,1,0,0,0,14,1,1,0,0,0,32,40,32,35.0000038146973
1,1,1,1,1,14,1,1,45,47,1,47,47,45,45
1,1,1,1,1,14,1,1,39.6666679382324,46.6666679382324,1,46.6666679382324,46.6666679382324,39.6666679382324,39.6666679382324
1,1,0,0,0,14,1,1,0,0,0,32,40,32,35.0000038146973
1,1,0,0,0,14,1,0,0,0,0,32,40,32,35.0000038146973
1,1,0,0,0,14,1,1,0,0,0,32,40,32,35.0000038146973
1,1,0,0,0,14,1,1,0,0,0,32,40,32,35.0000038146973
1,1,0,0,0,14,0,1,0,0,0,32,40,32,35.0000038146973
1,1,0,0,0,14,1,1,0,0,0,32,40,32,35.0000038146973
1,1,0,0,0,14,1,1,0,0,0,32,40,32,35.0000038146973
1,1,0,0,0,14,1,1,0,0,0,32,40,32,35.0000038146973
1,1,0,0,0,14,1,1,0,0,0,32,40,32,35.0000038146973
1,1,0,0,0,14,1,1,0,0,0,32,40,32,35.0000038146973
1,1,0,0,0,14,1,1,0,0,0,32,40,32,35.0000038146973
1,1,0,0,0,14,0,1,0,0,0,32,40,32,35.0000038146973
1,1,0,0,0,14,1,1,0,0,0,32,40,32,35.0000038146973
1,1,0,0,0,14,1,1,0,0,0,32,40,32,35.0000038146973
1,1,0,0,0,14,1,1,0,0,0,32,40,32,35.0000038146973
1,1,0,0,0,14,1,1,0,0,0,32,40,32,35.0000038146973
1,1,0,0,0,14,1,1,0,0,0,32,40,32,35.0000038146973
1,1,0,0,0,14,1,1,0,0,0,32,40,32,35.0000038146973
1,1,0,0,0,14,1,1,0,0,0,32,40,32,35.0000038146973
1,1,0,0,0,14,1,1,0,0,0,32,40,32,35.0000038146973
1,1,0,0,0,14,1,1,0,0,0,32,40,32,35.0000038146973
1,1,0,0,0,14,1,1,0,0,0,32,40,32,35.0000038146973
1,1,0,0,0,14,1,1,0,0,0,32,40,32,35.0000038146973
1,1,0,0,0,14,1,1,0,0,0,32,40,32,35.0000038146973
1,1,1,0,1,14,1,1,42,50,0,50,50,42,42
1,1,0,0,0,14,1,1,0,0,0,32,40,32,35.0000038146973
1,1,0,0,0,14,1,1,0,0,0,32,40,32,35.0000038146973
1,1,0,0,0,14,1,1,0,0,0,32,40,32,35.0000038146973
1,1,0,0,0,14,1,1,0,0,0,32,40,32,35.0000038146973
1,1,0,0,0,14,1,1,0,0,0,32,40,32,35.0000038146973
1,1,0,0,0,14,1,1,0,0,0,32,40,32,35.0000038146973
1,1,0,0,0,14,1,1,0,0,0,32,40,32,35.0000038146973
1,1,0,0,0,14,1,1,0,0,0,32,40,32,35.0000038146973
1,1,0,0,0,14,1,1,0,0,0,32,40,32,35.0000038146973
1,1,0,0,0,14,1,1,0,0,0,32,40,32,35.0000038146973
1,1,0,0,0,14,1,1,0,0,0,32,40,32,35.0000038146973
1,1,0,0,0,14,1,1,0,0,0,32,40,32,35.0000038146973
1,1,0,0,0,14,1,1,0,0,0,32,40,32,35.0000038146973
1,1,0,0,0,14,1,1,0,0,0,32,40,32,35.0000038146973
1,1,0,0,0,14,1,1,0,0,0,32,40,32,35.0000038146973
1,1,0,0,0,14,1,1,0,0,0,32,40,32,35.0000038146973
1,1,0,0,0,14,1,1,0,0,0,32,40,32,35.0000038146973
1,1,0,0,0,14,1,1,0,0,0,32,40,32,35.0000038146973
1,1,0,0,0,14,1,1,0,0,0,32,40,32,35.0000038146973
1,1,0,0,0,14,1,1,0,0,0,32,40,32,35.0000038146973
1,1,0,0,0,14,1,1,0,0,0,32,40,32,35.0000038146973
1,1,0,0,0,14,0,1,0,0,0,32,40,32,35.0000038146973
1,1,0,0,0,14,1,1,0,0,0,32,40,32,35.0000038146973
1,1,0,0,0,14,1,1,0,0,0,32,40,32,35.0000038146973
1,1,0,0,0,14,1,1,0,0,0,32,40,32,35.0000038146973
1,1,0,0,0,14,1,1,0,0,0,32,40,32,35.0000038146973
1,1,1,0,1,14,1,1,32,43,0,43,43,32,35.0000038146973
1,1,0,0,0,14,1,1,0,0,0,32,40,32,35.0000038146973
1,1,0,0,0,14,1,1,0,0,0,32,40,32,35.0000038146973
1,1,0,0,0,14,0,1,0,0,0,32,40,32,35.0000038146973
1,1,0,0,0,14,0,1,0,0,0,32,40,32,35.0000038146973
1,1,0,0,0,14,1,1,0,0,0,32,40,32,35.0000038146973
1,1,0,0,0,14,1,1,0,0,0,32,40,32,35.0000038146973
1,1,0,0,0,14,1,1,0,0,0,32,40,32,35.0000038146973
1,1,0,0,0,14,1,1,0,0,0,32,40,32,35.0000038146973
1,1,0,0,0,14,1,1,0,0,0,32,40,32,35.0000038146973
1,1,0,0,0,14,1,1,0,0,0,32,40,32,35.0000038146973
1,1,0,0,0,14,1,1,0,0,0,32,40,32,35.0000038146973
1,1,0,0,0,14,1,1,0,0,0,32,40,32,35.0000038146973
1,1,0,0,0,14,1,1,0,0,0,32,40,32,35.0000038146973
1,1,0,0,0,14,1,1,0,0,0,32,40,32,35.0000038146973
1,1,0,0,0,14,1,1,0,0,0,32,40,32,35.0000038146973
1,1,0,0,0,14,1,1,0,0,0,32,40,32,35.0000038146973
1,1,0,0,0,14,1,1,0,0,0,32,40,32,35.0000038146973
1,1,0,0,0,14,1,1,0,0,0,32,40,32,35.0000038146973
1,1,0,0,0,14,1,1,0,0,0,32,40,32,35.0000038146973
1,1,0,0,0,14,1,1,0,0,0,32,40,32,35.0000038146973
1,1,0,0,0,14,1,0,0,0,0,32,40,32,35.0000038146973
1,1,0,0,0,14,1,1,0,0,0,32,40,32,35.0000038146973
1,1,0,0,0,14,1,1,0,0,0,32,40,32,35.0000038146973
1,1,0,0,0,14,0,1,0,0,0,32,40,32,35.0000038146973
1,1,0,0,0,14,1,1,0,0,0,32,40,32,35.0000038146973
1,1,0,0,0,14,0,1,0,0,0,32,40,32,35.0000038146973
1,1,0,0,0,14,1,1,0,0,0,32,40,32,35.0000038146973
1,1,0,0,0,14,1,1,0,0,0,32,40,32,35.0000038146973
1,1,0,0,0,14,1,1,0,0,0,32,40,32,35.0000038146973
1,1,0,0,0,14,1,1,0,0,0,32,40,32,35.0000038146973
1,1,0,0,0,14,1,1,0,0,0,32,40,32,35.0000038146973
1,1,0,0,0,14,1,1,0,0,0,32,40,32,35.0000038146973
1,1,0,0,0,14,1,1,0,0,0,32,40,32,35.0000038146973
1,1,0,0,0,14,1,1,0,0,0,32,40,32,35.0000038146973
1,1,0,0,0,14,1,1,0,0,0,32,40,32,35.0000038146973
1,1,0,0,0,14,1,0,0,0,0,32,40,32,35.0000038146973
1,1,0,0,0,14,1,1,0,0,0,32,40,32,35.0000038146973
1,1,0,0,0,14,1,1,0,0,0,32,40,32,35.0000038146973
1,1,1,1,1,14,0,1,0,0,1,32,40,32,35.0000038146973
1,1,0,0,0,14,1,1,0,0,0,32,40,32,35.0000038146973
1,1,0,0,0,14,1,1,0,0,0,32,40,32,35.0000038146973
1,1,0,0,0,14,1,1,0,0,0,32,40,32,35.0000038146973
1,1,0,0,0,14,1,1,0,0,0,32,40,32,35.0000038146973
1,1,0,0,0,14,1,1,0,0,0,32,40,32,35.0000038146973
1,1,0,0,0,14,1,1,0,0,0,32,40,32,35.0000038146973
1,1,1,0,1,14,1,1,0,0,0,32,40,32,35.0000038146973
1,1,0,0,0,14,1,1,0,0,0,32,40,32,35.0000038146973
1,1,0,0,0,14,1,1,0,0,0,32,40,32,35.0000038146973
1,1,0,0,0,14,0,1,0,0,0,32,40,32,35.0000038146973
1,1,0,0,0,14,1,1,0,0,0,32,40,32,35.0000038146973
1,1,0,0,0,14,1,1,0,0,0,32,40,32,35.0000038146973
1,1,0,0,0,14,1,1,0,0,0,32,40,32,35.0000038146973
1,1,0,0,0,14,1,1,0,0,0,32,40,32,35.0000038146973
1,1,0,0,0,14,1,0,0,0,0,32,40,32,35.0000038146973
1,1,0,0,0,14,1,1,0,0,0,32,40,32,35.0000038146973
1,1,0,0,0,14,1,1,0,0,0,32,40,32,35.0000038146973
1,1,0,0,0,14,1,1,0,0,0,32,40,32,35.0000038146973
1,1,0,0,0,14,1,1,0,0,0,32,40,32,35.0000038146973
1,1,0,0,0,14,1,1,0,0,0,32,40,32,35.0000038146973
1,1,0,0,0,14,1,1,0,0,0,32,40,32,35.0000038146973
1,1,0,0,0,14,0,1,0,0,0,32,40,32,35.0000038146973
1,0,0,0,0,15,1,1,0,0,0,32,40,32,35.0000038146973
1,0,0,0,0,15,1,1,0,0,0,32,40,32,35.0000038146973
1,0,0,0,0,15,0,1,0,0,0,32,40,32,35.0000038146973
1,0,0,0,0,15,1,1,0,0,0,32,40,32,35.0000038146973
1,0,0,0,0,15,1,0,0,0,0,32,40,32,35.0000038146973
1,0,0,0,0,15,1,1,0,0,0,32,40,32,35.0000038146973
1,0,0,0,0,15,1,1,0,0,0,32,40,32,35.0000038146973
1,0,0,0,0,15,1,1,0,0,0,32,40,32,35.0000038146973
1,0,0,0,0,15,1,1,0,0,0,32,40,32,35.0000038146973
1,0,0,0,0,15,1,1,0,0,0,32,40,32,35.0000038146973
1,0,0,0,0,15,1,1,0,0,0,32,40,32,35.0000038146973
1,0,0,0,0,15,0,1,0,0,0,32,40,32,35.0000038146973
1,0,0,0,0,15,0,1,0,0,0,32,40,32,35.0000038146973
1,0,0,0,0,15,1,1,0,0,0,32,40,32,35.0000038146973
1,0,0,0,0,15,1,1,0,0,0,32,40,32,35.0000038146973
1,0,0,0,0,15,1,1,0,0,0,32,40,32,35.0000038146973
1,0,0,0,0,15,1,1,0,0,0,32,40,32,35.0000038146973
1,0,0,0,0,15,1,0,0,0,0,32,40,32,35.0000038146973
1,0,0,0,0,15,1,1,0,0,0,32,40,32,35.0000038146973
1,0,0,0,0,15,1,1,0,0,0,32,40,32,35.0000038146973
1,0,0,0,0,15,1,1,0,0,0,32,40,32,35.0000038146973
1,0,0,0,0,15,1,0,0,0,0,32,40,32,35.0000038146973
1,0,0,0,0,15,0,1,0,0,0,32,40,32,35.0000038146973
1,0,0,0,0,15,1,1,0,0,0,32,40,32,35.0000038146973
1,0,0,0,0,15,1,1,0,0,0,32,40,32,35.0000038146973
1,0,0,0,0,15,1,1,0,0,0,32,40,32,35.0000038146973
1,0,0,0,0,15,1,1,0,0,0,32,40,32,35.0000038146973
1,0,0,0,0,15,1,1,0,0,0,32,40,32,35.0000038146973
1,0,0,0,0,15,1,1,0,0,0,32,40,32,35.0000038146973
1,0,0,0,0,15,1,1,0,0,0,32,40,32,35.0000038146973
1,0,0,0,0,15,1,1,0,0,0,32,40,32,35.0000038146973
1,0,0,0,0,15,1,1,0,0,0,32,40,32,35.0000038146973
1,0,0,0,0,15,1,1,0,0,0,32,40,32,35.0000038146973
1,0,0,0,0,15,0,1,0,0,0,32,40,32,35.0000038146973
1,0,0,0,0,15,1,1,0,0,0,32,40,32,35.0000038146973
1,0,0,0,0,15,1,1,0,0,0,32,40,32,35.0000038146973
1,0,0,0,0,15,1,1,0,0,0,32,40,32,35.0000038146973
1,0,0,0,0,15,1,1,0,0,0,32,40,32,35.0000038146973
1,0,0,0,0,15,1,1,0,0,0,32,40,32,35.0000038146973
1,0,0,0,0,15,1,1,0,0,0,32,40,32,35.0000038146973
1,0,0,0,0,15,1,1,0,0,0,32,40,32,35.0000038146973
1,0,0,0,0,15,1,1,0,0,0,32,40,32,35.0000038146973
1,0,0,0,0,15,1,1,0,0,0,32,40,32,35.0000038146973
1,0,0,0,0,15,1,1,0,0,0,32,40,32,35.0000038146973
1,0,1,1,1,15,1,1,,,1,,,,
1,0,0,0,0,15,1,1,0,0,0,32,40,32,35.0000038146973
1,0,0,0,0,15,1,1,0,0,0,32,40,32,35.0000038146973
1,0,0,0,0,15,1,1,0,0,0,32,40,32,35.0000038146973
1,0,0,0,0,15,1,1,0,0,0,32,40,32,35.0000038146973
1,0,0,0,0,15,1,1,0,0,0,32,40,32,35.0000038146973
1,0,0,0,0,15,0,1,0,0,0,32,40,32,35.0000038146973
1,0,0,0,0,15,0,1,0,0,0,32,40,32,35.0000038146973
1,0,0,0,0,15,1,1,0,0,0,32,40,32,35.0000038146973
1,0,0,0,0,15,1,1,0,0,0,32,40,32,35.0000038146973
1,0,0,0,0,15,0,1,0,0,0,32,40,32,35.0000038146973
1,0,0,0,0,15,1,1,0,0,0,32,40,32,35.0000038146973
1,0,0,0,0,15,1,1,0,0,0,32,40,32,35.0000038146973
1,0,0,0,0,15,0,1,0,0,0,32,40,32,35.0000038146973
1,0,0,0,0,15,1,1,0,0,0,32,40,32,35.0000038146973
1,0,0,0,0,15,1,1,0,0,0,32,40,32,35.0000038146973
1,0,0,0,0,15,0,1,0,0,0,32,40,32,35.0000038146973
1,0,0,0,0,15,1,1,0,0,0,32,40,32,35.0000038146973
1,0,0,0,0,15,1,1,0,0,0,32,40,32,35.0000038146973
1,0,0,0,0,15,1,1,0,0,0,32,40,32,35.0000038146973
1,0,0,0,0,15,1,1,0,0,0,32,40,32,35.0000038146973
1,0,0,0,0,15,1,1,0,0,0,32,40,32,35.0000038146973
1,0,0,0,0,15,1,1,0,0,0,32,40,32,35.0000038146973
1,0,0,0,0,15,1,1,0,0,0,32,40,32,35.0000038146973
1,0,0,0,0,15,1,1,0,0,0,32,40,32,35.0000038146973
1,0,0,0,0,15,1,1,0,0,0,32,40,32,35.0000038146973
1,0,0,0,0,15,1,1,0,0,0,32,40,32,35.0000038146973
1,1,0,0,0,15,1,1,0,0,0,32,40,32,35.0000038146973
1,1,0,0,0,15,1,1,0,0,0,32,40,32,35.0000038146973
1,1,0,0,0,15,1,1,0,0,0,32,40,32,35.0000038146973
1,1,0,0,0,15,0,1,0,0,0,32,40,32,35.0000038146973
1,1,0,0,0,15,1,1,0,0,0,32,40,32,35.0000038146973
1,1,0,0,0,15,1,1,0,0,0,32,40,32,35.0000038146973
1,1,0,0,0,15,1,1,0,0,0,32,40,32,35.0000038146973
1,1,0,0,0,15,1,1,0,0,0,32,40,32,35.0000038146973
1,1,0,0,0,15,1,1,0,0,0,32,40,32,35.0000038146973
1,1,0,0,0,15,1,1,0,0,0,32,40,32,35.0000038146973
1,1,0,0,0,15,1,1,0,0,0,32,40,32,35.0000038146973
1,1,0,0,0,15,1,1,0,0,0,32,40,32,35.0000038146973
1,1,0,0,0,15,1,1,0,0,0,32,40,32,35.0000038146973
1,1,0,0,0,15,1,1,0,0,0,32,40,32,35.0000038146973
1,1,0,0,0,15,0,1,0,0,0,32,40,32,35.0000038146973
1,1,0,0,0,15,1,1,0,0,0,32,40,32,35.0000038146973
1,1,0,0,0,15,1,1,0,0,0,32,40,32,35.0000038146973
1,1,0,0,0,15,1,1,0,0,0,32,40,32,35.0000038146973
1,1,0,0,0,15,1,1,0,0,0,32,40,32,35.0000038146973
1,1,0,0,0,15,1,1,0,0,0,32,40,32,35.0000038146973
1,1,0,0,0,15,1,1,0,0,0,32,40,32,35.0000038146973
1,1,0,0,0,15,1,0,0,0,0,32,40,32,35.0000038146973
1,1,0,0,0,15,1,1,0,0,0,32,40,32,35.0000038146973
1,1,0,0,0,15,1,1,0,0,0,32,40,32,35.0000038146973
1,1,0,0,0,15,1,1,0,0,0,32,40,32,35.0000038146973
1,1,0,0,0,15,1,1,0,0,0,32,40,32,35.0000038146973
1,1,0,0,0,15,1,1,0,0,0,32,40,32,35.0000038146973
1,1,0,0,0,15,0,1,0,0,0,32,40,32,35.0000038146973
1,1,0,0,0,15,1,1,0,0,0,32,40,32,35.0000038146973
1,1,0,0,0,15,1,1,0,0,0,32,40,32,35.0000038146973
1,1,0,0,0,15,1,1,0,0,0,32,40,32,35.0000038146973
1,1,0,0,0,15,1,1,0,0,0,32,40,32,35.0000038146973
1,1,0,0,0,15,1,1,0,0,0,32,40,32,35.0000038146973
1,1,0,0,0,15,1,1,0,0,0,32,40,32,35.0000038146973
1,1,0,0,0,15,1,1,0,0,0,32,40,32,35.0000038146973
1,1,0,0,0,15,1,1,0,0,0,32,40,32,35.0000038146973
1,1,0,0,0,15,0,1,0,0,0,32,40,32,35.0000038146973
1,1,0,0,0,15,1,1,0,0,0,32,40,32,35.0000038146973
1,1,0,0,0,15,1,1,0,0,0,32,40,32,35.0000038146973
1,1,0,0,0,15,0,1,0,0,0,32,40,32,35.0000038146973
1,1,0,0,0,15,1,1,0,0,0,32,40,32,35.0000038146973
1,1,0,0,0,15,1,1,0,0,0,32,40,32,35.0000038146973
1,1,0,0,0,15,1,1,0,0,0,32,40,32,35.0000038146973
1,1,0,0,0,15,0,1,0,0,0,32,40,32,35.0000038146973
1,1,0,0,0,15,1,1,0,0,0,32,40,32,35.0000038146973
1,1,0,0,0,15,1,0,0,0,0,32,40,32,35.0000038146973
1,1,0,0,0,15,1,1,0,0,0,32,40,32,35.0000038146973
1,1,0,0,0,15,1,1,0,0,0,32,40,32,35.0000038146973
1,1,0,0,0,15,1,1,0,0,0,32,40,32,35.0000038146973
1,1,0,0,0,15,1,1,0,0,0,32,40,32,35.0000038146973
1,1,0,0,0,15,1,1,0,0,0,32,40,32,35.0000038146973
1,1,0,0,0,15,1,1,0,0,0,32,40,32,35.0000038146973
1,1,0,0,0,15,1,1,0,0,0,32,40,32,35.0000038146973
1,1,0,0,0,15,1,1,0,0,0,32,40,32,35.0000038146973
1,1,0,0,0,15,1,1,0,0,0,32,40,32,35.0000038146973
1,1,0,0,0,15,0,1,0,0,0,32,40,32,35.0000038146973
1,1,0,0,0,15,0,1,0,0,0,32,40,32,35.0000038146973
1,1,0,0,0,15,1,1,0,0,0,32,40,32,35.0000038146973
1,1,0,0,0,15,1,1,0,0,0,32,40,32,35.0000038146973
1,1,0,0,0,15,1,1,0,0,0,32,40,32,35.0000038146973
1,1,0,0,0,15,1,1,0,0,0,32,40,32,35.0000038146973
1,1,0,0,0,15,1,1,0,0,0,32,40,32,35.0000038146973
1,1,0,0,0,15,1,1,0,0,0,32,40,32,35.0000038146973
1,1,0,0,0,15,1,1,0,0,0,32,40,32,35.0000038146973
1,1,0,0,0,15,1,1,0,0,0,32,40,32,35.0000038146973
1,1,0,0,0,15,1,1,0,0,0,32,40,32,35.0000038146973
1,1,0,0,0,15,1,1,0,0,0,32,40,32,35.0000038146973
1,1,0,0,0,15,1,1,0,0,0,32,40,32,35.0000038146973
1,1,0,0,0,15,1,1,0,0,0,32,40,32,35.0000038146973
1,1,0,0,0,15,1,1,0,0,0,32,40,32,35.0000038146973
1,1,0,0,0,15,0,1,0,0,0,32,40,32,35.0000038146973
1,1,0,0,0,15,1,1,0,0,0,32,40,32,35.0000038146973
1,1,0,0,0,15,1,1,0,0,0,32,40,32,35.0000038146973
1,1,0,0,0,15,1,1,0,0,0,32,40,32,35.0000038146973
1,1,0,0,0,15,1,1,0,0,0,32,40,32,35.0000038146973
1,1,0,0,0,15,1,1,0,0,0,32,40,32,35.0000038146973
1,1,0,0,0,15,0,1,0,0,0,32,40,32,35.0000038146973
1,1,0,0,0,15,1,0,0,0,0,32,40,32,35.0000038146973
1,1,0,0,0,15,1,1,0,0,0,32,40,32,35.0000038146973
1,1,0,0,0,15,0,1,0,0,0,32,40,32,35.0000038146973
1,1,0,0,0,15,0,1,0,0,0,32,40,32,35.0000038146973
1,1,0,0,0,15,1,1,0,0,0,32,40,32,35.0000038146973
1,1,0,0,0,15,1,1,0,0,0,32,40,32,35.0000038146973
1,1,0,0,0,15,1,1,0,0,0,32,40,32,35.0000038146973
1,1,0,0,0,15,1,1,0,0,0,32,40,32,35.0000038146973
1,0,0,0,0,16,1,1,0,0,0,32,40,32,35.0000038146973
1,0,0,0,0,16,1,1,0,0,0,32,40,32,35.0000038146973
1,0,0,0,0,16,1,1,0,0,0,32,40,32,35.0000038146973
1,0,0,0,0,16,1,1,0,0,0,32,40,32,35.0000038146973
1,0,0,0,0,16,1,1,0,0,0,32,40,32,35.0000038146973
1,0,0,0,0,16,1,1,0,0,0,32,40,32,35.0000038146973
1,0,0,0,0,16,1,1,0,0,0,32,40,32,35.0000038146973
1,0,0,0,0,16,1,1,0,0,0,32,40,32,35.0000038146973
1,0,0,0,0,16,1,1,0,0,0,32,40,32,35.0000038146973
1,0,0,0,0,16,1,1,0,0,0,32,40,32,35.0000038146973
1,0,0,0,0,16,1,1,0,0,0,32,40,32,35.0000038146973
1,0,0,0,0,16,1,1,0,0,0,32,40,32,35.0000038146973
1,0,0,0,0,16,1,1,0,0,0,32,40,32,35.0000038146973
1,0,0,0,0,16,1,1,0,0,0,32,40,32,35.0000038146973
1,0,0,0,0,16,1,1,0,0,0,32,40,32,35.0000038146973
1,0,0,0,0,16,1,1,0,0,0,32,40,32,35.0000038146973
1,0,0,0,0,16,1,1,0,0,0,32,40,32,35.0000038146973
1,0,0,0,0,16,1,1,0,0,0,32,40,32,35.0000038146973
1,0,0,0,0,16,1,1,0,0,0,32,40,32,35.0000038146973
1,0,0,0,0,16,1,1,0,0,0,32,40,32,35.0000038146973
1,1,0,0,0,16,0,1,0,0,0,32,40,32,35.0000038146973
1,1,0,0,0,16,1,1,0,0,0,32,40,32,35.0000038146973
1,1,0,0,0,16,0,1,0,0,0,32,40,32,35.0000038146973
1,1,0,0,0,16,1,1,0,0,0,32,40,32,35.0000038146973
1,1,0,0,0,16,1,1,0,0,0,32,40,32,35.0000038146973
1,1,0,0,0,16,1,1,0,0,0,32,40,32,35.0000038146973
1,1,0,0,0,16,1,1,0,0,0,32,40,32,35.0000038146973
1,1,0,0,0,16,1,1,0,0,0,32,40,32,35.0000038146973
1,1,0,0,0,16,1,1,0,0,0,32,40,32,35.0000038146973
1,1,0,0,0,16,1,1,0,0,0,32,40,32,35.0000038146973
1,1,0,0,0,16,0,0,0,0,0,32,40,32,35.0000038146973
1,1,0,0,0,16,0,1,0,0,0,32,40,32,35.0000038146973
1,1,0,0,0,16,1,1,0,0,0,32,40,32,35.0000038146973
1,1,0,0,0,16,1,1,0,0,0,32,40,32,35.0000038146973
1,1,0,0,0,16,1,1,0,0,0,32,40,32,35.0000038146973
1,1,0,0,0,16,0,1,0,0,0,32,40,32,35.0000038146973
1,1,0,0,0,16,1,1,0,0,0,32,40,32,35.0000038146973
1,1,0,0,0,16,1,1,0,0,0,32,40,32,35.0000038146973
1,1,0,0,0,16,1,1,0,0,0,32,40,32,35.0000038146973
1,1,0,0,0,16,1,1,0,0,0,32,40,32,35.0000038146973
1,1,0,0,0,16,1,0,0,0,0,32,40,32,35.0000038146973
1,1,0,0,0,17,1,1,0,0,0,32,40,32,35.0000038146973
1,1,0,0,0,18,1,0,0,0,0,32,40,32,35.0000038146973
1,0,0,0,0,21,1,0,0,0,0,32,40,32,35.0000038146973
1,0,0,0,0,23,1,0,0,0,0,32,40,32,35.0000038146973
1,1,0,0,0,23,0,0,0,0,0,32,40,32,35.0000038146973
1,0,0,0,0,,1,0,0,0,0,32,40,32,35.0000038146973
1,0,0,0,0,,1,0,0,0,0,32,40,32,35.0000038146973
1,0,0,0,0,,1,0,0,0,0,32,40,32,35.0000038146973
1,0,0,0,0,,1,0,0,0,0,32,40,32,35.0000038146973
1,0,0,0,0,,0,0,0,0,0,32,40,32,35.0000038146973
1,0,0,0,0,,1,0,0,0,0,32,40,32,35.0000038146973
1,0,0,0,0,,1,0,0,0,0,32,40,32,35.0000038146973
1,0,0,0,0,,1,0,0,0,0,32,40,32,35.0000038146973
1,0,0,0,0,,1,0,0,0,0,32,40,32,35.0000038146973
1,0,0,0,0,,1,0,0,0,0,32,40,32,35.0000038146973
1,0,0,0,0,,1,0,0,0,0,32,40,32,35.0000038146973
1,0,0,0,0,,1,0,0,0,0,32,40,32,35.0000038146973
1,0,0,0,0,,1,0,0,0,0,32,40,32,35.0000038146973
1,0,0,0,0,,1,0,0,0,0,32,40,32,35.0000038146973
1,0,0,0,0,,0,0,0,0,0,32,40,32,35.0000038146973
1,0,0,0,0,,1,0,0,0,0,32,40,32,35.0000038146973
1,0,0,0,0,,1,0,0,0,0,32,40,32,35.0000038146973
1,0,0,0,0,,1,0,0,0,0,32,40,32,35.0000038146973
1,0,0,0,0,,1,0,0,0,0,32,40,32,35.0000038146973
1,0,0,0,0,,1,0,0,0,0,32,40,32,35.0000038146973
1,0,0,0,0,,1,0,0,0,0,32,40,32,35.0000038146973
1,0,0,0,0,,1,0,0,0,0,32,40,32,35.0000038146973
1,0,0,0,0,,0,0,0,0,0,32,40,32,35.0000038146973
1,0,0,0,0,,1,0,0,0,0,32,40,32,35.0000038146973
1,0,0,0,0,,1,0,0,0,0,32,40,32,35.0000038146973
1,0,0,0,0,,1,0,0,0,0,32,40,32,35.0000038146973
1,0,0,0,0,,1,0,0,0,0,32,40,32,35.0000038146973
1,0,0,0,0,,1,0,0,0,0,32,40,32,35.0000038146973
1,0,0,0,0,,1,0,0,0,0,32,40,32,35.0000038146973
1,0,0,0,0,,1,0,0,0,0,32,40,32,35.0000038146973
1,0,0,0,0,,1,0,0,0,0,32,40,32,35.0000038146973
1,0,0,0,0,,1,0,0,0,0,32,40,32,35.0000038146973
1,0,0,0,0,,1,0,0,0,0,32,40,32,35.0000038146973
1,0,0,0,0,,1,0,0,0,0,32,40,32,35.0000038146973
1,0,0,0,0,,1,0,0,0,0,32,40,32,35.0000038146973
1,0,0,0,0,,1,0,0,0,0,32,40,32,35.0000038146973
1,0,0,0,0,,0,0,0,0,0,32,40,32,35.0000038146973
1,0,0,0,0,,1,0,0,0,0,32,40,32,35.0000038146973
1,0,0,0,0,,1,0,0,0,0,32,40,32,35.0000038146973
1,0,0,0,0,,1,0,0,0,0,32,40,32,35.0000038146973
1,0,0,0,0,,1,0,0,0,0,32,40,32,35.0000038146973
1,0,0,0,0,,1,0,0,0,0,32,40,32,35.0000038146973
1,0,0,0,0,,1,0,0,0,0,32,40,32,35.0000038146973
1,0,0,0,0,,1,0,0,0,0,32,40,32,35.0000038146973
1,0,0,0,0,,1,0,0,0,0,32,40,32,35.0000038146973
1,0,0,0,0,,1,0,0,0,0,32,40,32,35.0000038146973
1,0,0,0,0,,1,0,0,0,0,32,40,32,35.0000038146973
1,0,0,0,0,,1,0,0,0,0,32,40,32,35.0000038146973
1,0,0,0,0,,1,0,0,0,0,32,40,32,35.0000038146973
1,0,0,0,0,,1,0,0,0,0,32,40,32,35.0000038146973
1,0,0,0,0,,1,0,0,0,0,32,40,32,35.0000038146973
1,0,0,0,0,,1,0,0,0,0,32,40,32,35.0000038146973
1,0,0,0,0,,1,0,0,0,0,32,40,32,35.0000038146973
1,0,0,0,0,,1,0,0,0,0,32,40,32,35.0000038146973
1,0,0,0,0,,1,0,0,0,0,32,40,32,35.0000038146973
1,0,0,0,0,,1,0,0,0,0,32,40,32,35.0000038146973
1,0,0,0,0,,1,0,0,0,0,32,40,32,35.0000038146973
1,0,0,0,0,,1,0,0,0,0,32,40,32,35.0000038146973
1,0,0,0,0,,0,0,0,0,0,32,40,32,35.0000038146973
1,0,0,0,0,,1,0,0,0,0,32,40,32,35.0000038146973
1,0,0,0,0,,1,0,0,0,0,32,40,32,35.0000038146973
1,0,0,0,0,,1,0,0,0,0,32,40,32,35.0000038146973
1,0,0,0,0,,1,0,0,0,0,32,40,32,35.0000038146973
1,0,0,0,0,,1,0,0,0,0,32,40,32,35.0000038146973
1,0,0,0,0,,1,0,0,0,0,32,40,32,35.0000038146973
1,0,0,0,0,,1,0,0,0,0,32,40,32,35.0000038146973
1,0,0,0,0,,1,0,0,0,0,32,40,32,35.0000038146973
1,0,0,0,0,,1,0,0,0,0,32,40,32,35.0000038146973
1,0,0,0,0,,1,0,0,0,0,32,40,32,35.0000038146973
1,0,0,0,0,,1,0,0,0,0,32,40,32,35.0000038146973
1,0,0,0,0,,1,0,0,0,0,32,40,32,35.0000038146973
1,0,0,0,0,,1,0,0,0,0,32,40,32,35.0000038146973
1,0,0,0,0,,1,0,0,0,0,32,40,32,35.0000038146973
1,0,0,0,0,,0,0,0,0,0,32,40,32,35.0000038146973
1,0,0,0,0,,1,0,0,0,0,32,40,32,35.0000038146973
1,0,0,0,0,,1,0,0,0,0,32,40,32,35.0000038146973
1,0,0,0,0,,1,0,0,0,0,32,40,32,35.0000038146973
1,0,0,0,0,,1,0,0,0,0,32,40,32,35.0000038146973
1,0,0,0,0,,1,0,0,0,0,32,40,32,35.0000038146973
1,0,0,0,0,,1,0,0,0,0,32,40,32,35.0000038146973
1,0,0,0,0,,1,0,0,0,0,32,40,32,35.0000038146973
1,0,0,0,0,,1,0,0,0,0,32,40,32,35.0000038146973
1,0,0,0,0,,1,0,0,0,0,32,40,32,35.0000038146973
1,0,0,0,0,,1,0,0,0,0,32,40,32,35.0000038146973
1,0,0,0,0,,1,0,0,0,0,32,40,32,35.0000038146973
1,0,0,0,0,,1,0,0,0,0,32,40,32,35.0000038146973
1,0,0,0,0,,0,0,0,0,0,32,40,32,35.0000038146973
1,0,0,0,0,,1,0,0,0,0,32,40,32,35.0000038146973
1,0,0,0,0,,0,0,0,0,0,32,40,32,35.0000038146973
1,0,0,0,0,,1,0,0,0,0,32,40,32,35.0000038146973
1,0,0,0,0,,1,0,0,0,0,32,40,32,35.0000038146973
1,0,0,0,0,,1,0,0,0,0,32,40,32,35.0000038146973
1,0,0,0,0,,1,0,0,0,0,32,40,32,35.0000038146973
1,0,0,0,0,,0,0,0,0,0,32,40,32,35.0000038146973
1,0,0,0,0,,1,0,0,0,0,32,40,32,35.0000038146973
1,0,0,0,0,,1,0,0,0,0,32,40,32,35.0000038146973
1,0,0,0,0,,0,0,0,0,0,32,40,32,35.0000038146973
1,0,0,0,0,,1,0,0,0,0,32,40,32,35.0000038146973
1,0,0,0,0,,1,0,0,0,0,32,40,32,35.0000038146973
1,0,0,0,0,,1,0,0,0,0,32,40,32,35.0000038146973
1,0,0,0,0,,0,0,0,0,0,32,40,32,35.0000038146973
1,0,0,0,0,,1,0,0,0,0,32,40,32,35.0000038146973
1,0,0,0,0,,1,0,0,0,0,32,40,32,35.0000038146973
1,0,0,0,0,,1,0,0,0,0,32,40,32,35.0000038146973
1,0,0,0,0,,0,0,0,0,0,32,40,32,35.0000038146973
1,0,0,0,0,,1,0,0,0,0,32,40,32,35.0000038146973
1,0,0,0,0,,1,0,0,0,0,32,40,32,35.0000038146973
1,0,0,0,0,,1,0,0,0,0,32,40,32,35.0000038146973
1,0,0,0,0,,1,0,0,0,0,32,40,32,35.0000038146973
1,0,0,0,0,,1,0,0,0,0,32,40,32,35.0000038146973
1,0,0,0,0,,0,0,0,0,0,32,40,32,35.0000038146973
1,0,0,0,0,,1,0,0,0,0,32,40,32,35.0000038146973
1,0,0,0,0,,1,0,0,0,0,32,40,32,35.0000038146973
1,0,0,0,0,,1,0,0,0,0,32,40,32,35.0000038146973
1,0,0,0,0,,1,0,0,0,0,32,40,32,35.0000038146973
1,0,0,0,0,,1,0,0,0,0,32,40,32,35.0000038146973
1,0,0,0,0,,0,0,0,0,0,32,40,32,35.0000038146973
1,0,0,0,0,,1,0,0,0,0,32,40,32,35.0000038146973
1,0,0,0,0,,1,0,0,0,0,32,40,32,35.0000038146973
1,0,0,0,0,,1,0,0,0,0,32,40,32,35.0000038146973
1,0,0,0,0,,1,0,0,0,0,32,40,32,35.0000038146973
1,0,0,0,0,,0,0,0,0,0,32,40,32,35.0000038146973
1,0,0,0,0,,0,0,0,0,0,32,40,32,35.0000038146973
1,0,0,0,0,,1,0,0,0,0,32,40,32,35.0000038146973
1,0,0,0,0,,1,0,0,0,0,32,40,32,35.0000038146973
1,0,0,0,0,,1,0,0,0,0,32,40,32,35.0000038146973
1,0,0,0,0,,0,0,0,0,0,32,40,32,35.0000038146973
1,0,0,0,0,,1,0,0,0,0,32,40,32,35.0000038146973
1,0,0,0,0,,1,0,0,0,0,32,40,32,35.0000038146973
1,0,0,0,0,,1,0,0,0,0,32,40,32,35.0000038146973
1,0,0,0,0,,1,0,0,0,0,32,40,32,35.0000038146973
1,0,0,0,0,,1,0,0,0,0,32,40,32,35.0000038146973
1,0,0,0,0,,1,0,0,0,0,32,40,32,35.0000038146973
1,0,0,0,0,,1,0,0,0,0,32,40,32,35.0000038146973
1,0,0,0,0,,1,0,0,0,0,32,40,32,35.0000038146973
1,0,0,0,0,,0,0,0,0,0,32,40,32,35.0000038146973
1,0,0,0,0,,1,0,0,0,0,32,40,32,35.0000038146973
1,0,0,0,0,,1,0,0,0,0,32,40,32,35.0000038146973
1,0,0,0,0,,1,0,0,0,0,32,40,32,35.0000038146973
1,1,0,0,0,,1,0,0,0,0,32,40,32,35.0000038146973
1,1,0,0,0,,1,0,0,0,0,32,40,32,35.0000038146973
1,1,0,0,0,,0,0,0,0,0,32,40,32,35.0000038146973
1,1,0,0,0,,1,0,0,0,0,32,40,32,35.0000038146973
1,1,0,0,0,,1,0,0,0,0,32,40,32,35.0000038146973
1,1,0,0,0,,1,0,0,0,0,32,40,32,35.0000038146973
1,1,0,0,0,,1,0,0,0,0,32,40,32,35.0000038146973
1,1,0,0,0,,1,0,0,0,0,32,40,32,35.0000038146973
1,1,0,0,0,,1,0,0,0,0,32,40,32,35.0000038146973
1,1,0,0,0,,1,0,0,0,0,32,40,32,35.0000038146973
1,1,0,0,0,,1,0,0,0,0,32,40,32,35.0000038146973
1,1,0,0,0,,1,0,0,0,0,32,40,32,35.0000038146973
1,1,0,0,0,,0,0,0,0,0,32,40,32,35.0000038146973
1,1,0,0,0,,1,0,0,0,0,32,40,32,35.0000038146973
1,1,0,0,0,,1,0,0,0,0,32,40,32,35.0000038146973
1,1,0,0,0,,1,0,0,0,0,32,40,32,35.0000038146973
1,1,0,0,0,,1,0,0,0,0,32,40,32,35.0000038146973
1,1,0,0,0,,0,0,0,0,0,32,40,32,35.0000038146973
1,1,0,0,0,,1,0,0,0,0,32,40,32,35.0000038146973
1,1,0,0,0,,1,0,0,0,0,32,40,32,35.0000038146973
1,1,0,0,0,,1,0,0,0,0,32,40,32,35.0000038146973
1,1,0,0,0,,1,0,0,0,0,32,40,32,35.0000038146973
1,1,0,0,0,,1,0,0,0,0,32,40,32,35.0000038146973
1,1,0,0,0,,1,0,0,0,0,32,40,32,35.0000038146973
1,1,0,0,0,,1,0,0,0,0,32,40,32,35.0000038146973
1,1,0,0,0,,1,0,0,0,0,32,40,32,35.0000038146973
1,1,0,0,0,,1,0,0,0,0,32,40,32,35.0000038146973
1,1,0,0,0,,1,0,0,0,0,32,40,32,35.0000038146973
1,1,0,0,0,,1,0,0,0,0,32,40,32,35.0000038146973
1,1,0,0,0,,1,0,0,0,0,32,40,32,35.0000038146973
1,1,0,0,0,,1,0,0,0,0,32,40,32,35.0000038146973
1,1,0,0,0,,0,0,0,0,0,32,40,32,35.0000038146973
1,1,0,0,0,,0,0,0,0,0,32,40,32,35.0000038146973
1,1,0,0,0,,0,0,0,0,0,32,40,32,35.0000038146973
1,1,0,0,0,,1,0,0,0,0,32,40,32,35.0000038146973
1,1,0,0,0,,0,0,0,0,0,32,40,32,35.0000038146973
1,1,0,0,0,,1,0,0,0,0,32,40,32,35.0000038146973
1,1,0,0,0,,1,0,0,0,0,32,40,32,35.0000038146973
1,1,0,0,0,,1,0,0,0,0,32,40,32,35.0000038146973
1,1,0,0,0,,1,0,0,0,0,32,40,32,35.0000038146973
1,1,0,0,0,,1,0,0,0,0,32,40,32,35.0000038146973
1,1,0,0,0,,1,0,0,0,0,32,40,32,35.0000038146973
1,1,0,0,0,,0,0,0,0,0,32,40,32,35.0000038146973
1,1,0,0,0,,1,0,0,0,0,32,40,32,35.0000038146973
1,1,0,0,0,,1,0,0,0,0,32,40,32,35.0000038146973
1,1,0,0,0,,1,0,0,0,0,32,40,32,35.0000038146973
1,1,0,0,0,,1,0,0,0,0,32,40,32,35.0000038146973
1,1,0,0,0,,1,0,0,0,0,32,40,32,35.0000038146973
1,1,0,0,0,,1,0,0,0,0,32,40,32,35.0000038146973
1,1,0,0,0,,1,0,0,0,0,32,40,32,35.0000038146973
1,1,0,0,0,,1,0,0,0,0,32,40,32,35.0000038146973
1,1,0,0,0,,1,0,0,0,0,32,40,32,35.0000038146973
1,1,0,0,0,,1,0,0,0,0,32,40,32,35.0000038146973
1,1,0,0,0,,1,0,0,0,0,32,40,32,35.0000038146973
1,1,0,0,0,,1,0,0,0,0,32,40,32,35.0000038146973
1,1,0,0,0,,1,0,0,0,0,32,40,32,35.0000038146973
1,1,0,0,0,,1,0,0,0,0,32,40,32,35.0000038146973
1,1,0,0,0,,1,0,0,0,0,32,40,32,35.0000038146973
1,1,0,0,0,,1,0,0,0,0,32,40,32,35.0000038146973
1,1,0,0,0,,1,0,0,0,0,32,40,32,35.0000038146973
1,1,0,0,0,,1,0,0,0,0,32,40,32,35.0000038146973
1,1,0,0,0,,0,0,0,0,0,32,40,32,35.0000038146973
1,1,0,0,0,,1,0,0,0,0,32,40,32,35.0000038146973
1,1,0,0,0,,1,0,0,0,0,32,40,32,35.0000038146973
1,1,0,0,0,,1,0,0,0,0,32,40,32,35.0000038146973
1,1,0,0,0,,1,0,0,0,0,32,40,32,35.0000038146973
1,1,0,0,0,,1,0,0,0,0,32,40,32,35.0000038146973
1,1,0,0,0,,1,0,0,0,0,32,40,32,35.0000038146973
1,1,0,0,0,,0,0,0,0,0,32,40,32,35.0000038146973
1,1,0,0,0,,0,0,0,0,0,32,40,32,35.0000038146973
1,1,0,0,0,,1,0,0,0,0,32,40,32,35.0000038146973
1,1,0,0,0,,1,0,0,0,0,32,40,32,35.0000038146973
1,1,0,0,0,,1,0,0,0,0,32,40,32,35.0000038146973
1,1,0,0,0,,1,0,0,0,0,32,40,32,35.0000038146973
1,1,0,0,0,,1,0,0,0,0,32,40,32,35.0000038146973
1,1,0,0,0,,1,0,0,0,0,32,40,32,35.0000038146973
1,1,0,0,0,,0,0,0,0,0,32,40,32,35.0000038146973
1,1,0,0,0,,1,0,0,0,0,32,40,32,35.0000038146973
1,1,0,0,0,,1,0,0,0,0,32,40,32,35.0000038146973
1,1,0,0,0,,1,0,0,0,0,32,40,32,35.0000038146973
1,1,0,0,0,,1,0,0,0,0,32,40,32,35.0000038146973
1,1,0,0,0,,1,0,0,0,0,32,40,32,35.0000038146973
1,1,0,0,0,,1,0,0,0,0,32,40,32,35.0000038146973
1,1,0,0,0,,1,0,0,0,0,32,40,32,35.0000038146973
1,1,0,0,0,,1,0,0,0,0,32,40,32,35.0000038146973
1,1,0,0,0,,1,0,0,0,0,32,40,32,35.0000038146973
1,1,0,0,0,,1,0,0,0,0,32,40,32,35.0000038146973
1,1,0,0,0,,1,0,0,0,0,32,40,32,35.0000038146973
1,1,0,0,0,,1,0,0,0,0,32,40,32,35.0000038146973
1,1,0,0,0,,0,0,0,0,0,32,40,32,35.0000038146973
1,1,0,0,0,,0,0,0,0,0,32,40,32,35.0000038146973
1,1,0,0,0,,1,0,0,0,0,32,40,32,35.0000038146973
1,1,0,0,0,,1,0,0,0,0,32,40,32,35.0000038146973
1,1,0,0,0,,1,0,0,0,0,32,40,32,35.0000038146973
1,1,0,0,0,,1,0,0,0,0,32,40,32,35.0000038146973
