"czone","statefip","city","yr","t2","timepwt48","reg_midatl","reg_encen","reg_wncen","reg_satl","reg_escen","reg_wscen","reg_mount","reg_pacif","l_popcount","l_shind_manuf_cbp","l_sh_popedu_c","l_sh_popfborn","l_sh_empl_f","l_sh_routine33","l_task_outsource","d_sh_empl","d_sh_empl_mfg","d_sh_empl_nmfg","d_sh_unempl","d_sh_nilf","d_avg_lnwkwage","d_avg_lnwkwage_mfg","d_avg_lnwkwage_nmfg","d_tradeusch_pw","d_tradeotch_pw_lag"
100,47,"undefined",1990,0,0.00211352226324379,0,0,0,0,1,0,0,0,520876.572582603,39.7874755859375,33.8840026855469,1.06547617912292,57.6590347290039,31.3227424621582,-0.174807235598564,0.15873908996582,-3.80597853660583,3.96471619606018,-1.0439727306366,0.885236263275146,11.3145351409912,12.4594211578369,12.3270988464355,5.29378633866603,2.2788275965015
100,47,"undefined",2000,1,0.00206688861362636,0,0,0,0,1,0,0,0,577874.535342336,29.7034320831299,42.1183242797852,1.78944206237793,60.5140686035156,31.7964324951172,-0.668904900550842,-1.84520649909973,-4.62167167663574,2.77646946907043,1.58979368209839,0.255405902862549,1.88037323951721,8.44880485534668,2.08275651931763,6.61986099692699,8.96840013893459
200,47,"undefined",1990,0,0.000731699808966368,0,0,0,0,1,0,0,0,180327.066532135,42.2330017089844,31.591215133667,0.965239584445953,57.3897285461426,29.6157569885254,-0.132126152515411,2.53535509109497,-0.681447982788086,3.21680307388306,-1.1363867521286,-1.398965716362,6.33525848388672,9.83986854553223,5.15627861022949,3.03047916643889,2.79773471223084
200,47,"undefined",2000,1,0.000815414357930422,0,0,0,0,1,0,0,0,227979,30.8156185150146,34.1658630371094,3.48515653610229,59.9777145385742,31.8697071075439,-0.38259682059288,0.103516235947609,-6.97361135482788,7.07713222503662,0.276776283979416,-0.380298912525177,0.935486435890198,5.03478717803955,2.01170778274536,10.2607459103788,4.48170081478377
301,47,"undefined",1990,0,0.000260799919487908,0,0,0,0,1,0,0,0,64274.0167000145,33.0256576538086,26.1375370025635,0.752831220626831,46.7205467224121,28.8123092651367,-0.427936583757401,-3.12408208847046,-2.16580033302307,-0.958281755447388,-2.42873811721802,5.55281925201416,4.45218086242676,-0.522136688232422,6.31623268127441,2.06259635167653,0.7209086374351
301,47,"undefined",2000,1,0.00024038898118306,0,0,0,0,1,0,0,0,67209.560045898,29.4428558349609,26.3196620941162,0.947363793849945,46.0889053344727,28.5539569854736,-0.870132803916931,0.509211003780365,-3.77817797660828,4.28738355636597,0.745527982711792,-1.25473308563232,2.27151608467102,10.5084009170532,-0.236443102359772,6.19785764486543,4.07175174442892
302,47,"undefined",1990,0,0.00256947218440473,0,0,0,0,1,0,0,0,633245.210448027,21.3046951293945,42.2844619750977,1.90975308418274,60.6166534423828,30.025016784668,0.110030621290207,0.41651725769043,-2.82908749580383,3.24560403823853,-1.22150552272797,0.804987549781799,16.3395881652832,12.4226093292236,17.9697036743164,1.07830849762657,1.4521378654168
302,47,"undefined",2000,1,0.00260446034371853,0,0,0,0,1,0,0,0,728172.460058689,17.0615711212158,49.9344482421875,2.82873201370239,62.2419242858887,31.8861179351807,-0.221714377403259,0.101881369948387,-3.95230102539062,4.05418014526367,0.900670349597931,-1.00255012512207,4.41660213470459,14.8118572235107,3.12634897232056,3.11154622737557,2.90649870012464
401,37,"undefined",1990,0,0.00171448907349259,0,0,0,1,0,0,0,0,422535,32.2829704284668,45.1083106994629,2.15760350227356,68.6706237792969,32.3579788208008,0.0690532475709915,-1.6340434551239,-5.03768014907837,3.403639793396,-0.503984451293945,2.13802766799927,12.0811939239502,12.9270076751709,12.5779628753662,1.0160847787978,1.33383259999764
401,37,"undefined",2000,1,0.00175543921068311,0,0,0,1,0,0,0,0,490797.442517519,20.5756969451904,49.9820785522461,7.24686288833618,67.7510223388672,32.7914199829102,-0.0945477187633514,-2.95644998550415,-4.95805263519287,2.00160908699036,1.59234666824341,1.3640969991684,-3.52300930023193,2.97519135475159,-4.21374177932739,2.98923875997982,2.53379939503051
402,51,"undefined",1990,0,0.00036491992068477,0,0,0,1,0,0,0,0,89934.3358185291,61.8196716308594,30.7956523895264,0.750681638717651,67.4001235961914,34.0864791870117,0.428130596876144,-5.21331405639648,-9.88196182250977,4.66865301132202,0.927406013011932,4.2859034538269,11.2548828125,11.5649700164795,11.6925239562988,3.27667141380185,1.85419345808218
402,51,"undefined",2000,1,0.000326796784065664,0,0,0,1,0,0,0,0,91368.0297738314,47.4429512023926,39.2128105163574,2.84079933166504,63.5037841796875,33.6079025268555,-0.170951038599014,-3.78875207901001,-11.872350692749,8.08359050750732,3.21398687362671,0.574776113033295,-1.09958648681641,-3.37770986557007,0.55973869562149,9.94108102929606,3.96714179337603
500,37,"Greensboro NC",1990,0,0.00366679951548576,0,0,0,1,0,0,0,0,903681,39.2569427490234,41.5323181152344,1.79850852489471,70.9934921264648,34.9975204467773,0.321018368005753,-3.5585880279541,-7.25831985473633,3.69973182678223,0.383401274681091,3.1751856803894,15.7078266143799,18.6031341552734,14.8757934570312,2.05050014471393,1.10781382525301
500,37,"Greensboro NC",2000,1,0.00378754618577659,0,0,0,1,0,0,0,0,1058947.46988678,29.3266201019287,48.1010665893555,6.57351541519165,68.1034774780273,34.369312286377,0.0797874480485916,-3.83097791671753,-7.54923295974731,3.71825695037842,2.42646789550781,1.40450894832611,-2.14249753952026,2.64944338798523,-2.50646042823792,4.67178760389288,3.9520253431684
601,37,"undefined",1990,0,0.000330636219587177,0,0,0,1,0,0,0,0,81485.138859868,47.7615928649902,38.8012428283691,1.24009108543396,62.2356643676758,29.1360645294189,-0.0770720690488815,1.14913582801819,-1.32986760139465,2.47900485992432,-0.291461497545242,-0.857678055763245,19.5992469787598,18.7397956848145,20.1242446899414,2.57285269813057,3.70039447045002
601,37,"undefined",2000,1,0.000322128791594878,0,0,0,1,0,0,0,0,90062.9259970486,38.8516654968262,42.0613327026367,4.64880084991455,64.9245300292969,31.0309028625488,-0.331421554088593,-3.57743692398071,-10.3073844909668,6.72995233535767,1.68892848491669,1.88851356506348,-6.03457880020142,-5.84609174728394,-6.26298332214355,6.87960854327043,5.08177587999559
602,51,"undefined",1990,0,0.00023671357485,0,0,0,1,0,0,0,0,58337.9466968477,56.3792724609375,32.6884307861328,1.05589389801025,60.4665031433105,29.8049278259277,0.000649308785796165,-4.95188236236572,-7.78852558135986,2.83664178848267,-0.282832980155945,5.23471832275391,15.137767791748,16.0141468048096,14.7675514221191,4.30258311577138,4.17761776229892
602,51,"undefined",2000,1,0.000229535493417643,0,0,0,1,0,0,0,0,64175.069777146,45.0672760009766,36.5316047668457,2.60507345199585,58.1919860839844,30.3286724090576,-0.816774666309357,-0.953393340110779,-7.75680637359619,6.80341482162476,1.07486009597778,-0.121474266052246,-3.27389574050903,2.87812089920044,-4.1008677482605,9.85759218165096,9.80616929958555
700,45,"undefined",1990,0,0.00127993989735842,0,0,0,1,0,0,0,0,315440.568162069,39.7759742736816,34.9886932373047,1.86491107940674,65.7103424072266,33.3413543701172,-0.0144849438220263,-3.31175923347473,-6.52831363677979,3.21655869483948,-0.0561613589525223,3.36791563034058,14.160680770874,17.2108173370361,13.9863967895508,0.945886281670405,1.3601246557803
700,45,"undefined",2000,1,0.00126404082402587,0,0,0,1,0,0,0,0,353408.971628726,30.5957221984863,41.9084739685059,4.2572340965271,65.0757446289062,34.3574409484863,-0.179184824228287,-6.24044466018677,-8.56894302368164,2.32849812507629,2.79652762413025,3.44392251968384,1.68330335617065,8.68906307220459,1.48044312000275,3.61788094922749,2.93570824963325
800,37,"undefined",1990,0,0.00147635012399405,0,0,0,1,0,0,0,0,363845.775652885,51.0656661987305,35.6362152099609,1.41375756263733,69.2347640991211,37.7475776672363,0.092378631234169,-4.51640510559082,-8.5912914276123,4.07488632202148,0.195406004786491,4.32099866867065,14.127254486084,17.2360897064209,12.2920036315918,1.46638849262402,1.08408414058798
800,37,"undefined",2000,1,0.0014731049304828,0,0,0,1,0,0,0,0,411860.522478104,37.7400588989258,42.0464782714844,3.96633410453796,64.6879043579102,35.3776473999023,-0.217626661062241,-5.28419017791748,-11.6928863525391,6.40869140625,3.02383255958557,2.26036357879639,-0.132152006030083,5.07034587860107,-0.696386635303497,4.06753070604061,4.43612894616216
900,37,"Charlotte NC",1990,0,0.00445597060024738,0,0,0,1,0,0,0,0,1098171.83434445,25.5708923339844,47.9696159362793,3.29664540290833,69.563850402832,33.0031394958496,0.347166210412979,-1.69477462768555,-4.87144756317139,3.17667126655579,0.529500842094421,1.16527378559113,19.4651126861572,19.7576522827148,19.7393417358398,0.836801808320326,1.00152961024661
900,37,"Charlotte NC",2000,1,0.00511037092655897,0,0,0,1,0,0,0,0,1428791.6820665,16.2127456665039,55.5187110900879,9.50242614746094,68.3303985595703,32.8087730407715,0.220594853162766,-1.99531650543213,-6.34351682662964,4.34820127487183,1.97521424293518,0.0200995374470949,2.99801135063171,12.0028085708618,1.99992322921753,2.40375036075817,2.58493292625015
1001,37,"undefined",1990,0,0.0002660455647856,0,0,0,1,0,0,0,0,65566.8019173145,17.8875923156738,36.0704574584961,1.09319067001343,61.0210418701172,30.0173873901367,-0.111604765057564,-1.02498531341553,-7.57038164138794,6.54539489746094,0.357474029064178,0.6675124168396,11.1733913421631,15.7779216766357,10.4845523834229,2.01136046798101,1.72491676503995
1001,37,"undefined",2000,1,0.000279647123534232,0,0,0,1,0,0,0,0,78185.6164054722,12.3981943130493,47.6703872680664,2.91782259941101,62.5781402587891,28.9410419464111,-0.715512096881866,-2.04185938835144,-7.58757352828979,5.5457181930542,0.771126568317413,1.27073276042938,0.741141200065613,6.78321266174316,1.18739259243011,2.05858541583869,2.37047083938829
1002,37,"undefined",1990,0,0.000572452554479241,0,0,0,1,0,0,0,0,141080.65375185,60.9001502990723,33.9928779602051,1.02859652042389,68.6719512939453,35.3876419067383,-0.0165275856852531,-2.2937536239624,-7.46387243270874,5.17012166976929,-0.144193321466446,2.43794465065002,13.3327007293701,17.7041053771973,10.3516578674316,3.33164980795415,2.40564191497772
1002,37,"undefined",2000,1,0.000589993083849549,0,0,0,1,0,0,0,0,164954.219286978,49.9186363220215,40.8956031799316,4.03312730789185,67.5360946655273,33.5702705383301,-0.361721068620682,-8.6826343536377,-14.1659545898438,5.48331642150879,3.11619997024536,5.56644153594971,-2.45101118087769,0.646454930305481,-1.35053908824921,9.10549593409527,5.63372331746194
1100,37,"undefined",1990,0,0.00125670235138386,0,0,0,1,0,0,0,0,309713.688359737,53.2674674987793,35.6750717163086,1.52990007400513,72.2694702148438,36.0856857299805,0.21666419506073,-2.6008129119873,-6.52486705780029,3.92405080795288,-0.340941905975342,2.94175887107849,17.6103591918945,19.618034362793,15.7273769378662,3.94859225854096,2.12514154246637
1100,37,"undefined",2000,1,0.00134982727468014,0,0,0,1,0,0,0,0,377393.724784851,43.032657623291,44.0432548522949,6.58656358718872,70.6696014404297,34.8196487426758,-0.102757103741169,-6.79169368743896,-14.3785667419434,7.58686637878418,3.79874110221863,2.99295353889465,-2.41007113456726,6.96986103057861,-5.93682718276978,9.7608143565339,6.10501312262072
1201,37,"undefined",1990,0,0.000141039330628701,0,0,0,1,0,0,0,0,34759.0742122456,25.5668411254883,36.5088424682617,2.03929924964905,60.4148216247559,29.1168842315674,-0.366270214319229,-1.73172354698181,-5.34649276733398,3.61477136611938,-0.314446538686752,2.04616785049438,12.3055934906006,13.1759166717529,12.9935741424561,1.09970222609122,1.88195415117254
1201,37,"undefined",2000,1,0.0001598824019311,0,0,0,1,0,0,0,0,44700.9902249724,22.9350070953369,45.6953544616699,3.61861991882324,58.9932975769043,28.7616367340088,-0.898495852947235,3.21468305587769,-4.90532684326172,8.1200008392334,-0.135608553886414,-3.0790696144104,-1.08528137207031,-0.427927315235138,-0.127656117081642,2.40042840615863,3.11699847688102
1202,37,"undefined",1990,0,0.000181938667083159,0,0,0,1,0,0,0,0,44838.6986012459,24.8643016815186,38.2748870849609,1.40337884426117,57.7434768676758,28.2367877960205,-0.447601139545441,0.249719619750977,-4.6635947227478,4.91331815719604,-0.116537138819695,-0.133180618286133,16.4663314819336,16.9490337371826,17.7542209625244,6.56726943713168,8.52971718715667
1202,37,"undefined",2000,1,0.000193370142369531,0,0,0,1,0,0,0,0,54063.7158504128,10.6216382980347,49.0127563476562,2.61183929443359,58.5315246582031,28.126558303833,-0.960891962051392,4.89264726638794,-4.45132493972778,9.34396457672119,-1.32531833648682,-3.56732940673828,1.27983093261719,11.8312158584595,1.00101745128632,2.17100049371585,6.29762569758892
1203,37,"undefined",1990,0,0.00134730478748679,0,0,0,1,0,0,0,0,332042.617019296,29.1070346832275,44.2007637023926,2.33257150650024,63.4376754760742,31.0357151031494,-0.281943678855896,-0.449627637863159,-4.36368560791016,3.91405820846558,-0.0199045985937119,0.469532608985901,13.5474681854248,14.6121978759766,14.7810459136963,1.82745561378178,1.36528837930812
1203,37,"undefined",2000,1,0.0014145135646686,0,0,0,1,0,0,0,0,395479.168422163,20.4868011474609,52.6743469238281,5.550856590271,64.68701171875,30.8923072814941,-0.692660868167877,-0.0035507339052856,-6.43238735198975,6.42883777618408,0.15047724545002,-0.146925449371338,1.68309903144836,7.1922025680542,2.9743058681488,2.6871083023987,2.42423199692954
1204,37,"undefined",1990,0,0.000184930584509857,0,0,0,1,0,0,0,0,45576.0546851978,43.9954299926758,36.1161308288574,2.1807074546814,61.0181503295898,29.3027782440186,-0.349091351032257,-2.07576751708984,-5.31577682495117,3.24000716209412,-0.435543805360794,2.51131057739258,11.5131378173828,12.2825145721436,12.067985534668,2.85294303979317,2.93111216041898
1204,37,"undefined",2000,1,0.000213079358218238,0,0,0,1,0,0,0,0,59574.1536877155,30.8412761688232,44.5961303710938,3.95221781730652,59.1474761962891,28.9692096710205,-0.878101706504822,2.66303324699402,-5.08274364471436,7.74577713012695,0.257062584161758,-2.92009544372559,-1.83664059638977,-3.48057079315186,-0.518253862857819,16.1907139649459,5.20742798164632
1301,45,"undefined",1990,0,0.000272293837042525,0,0,0,1,0,0,0,0,67106.6873826981,54.3534088134766,26.4102210998535,0.641543865203857,61.120849609375,31.7187538146973,0.148019969463348,-0.551068782806396,-5.89936542510986,5.34830093383789,0.380398690700531,0.170665979385376,18.9574718475342,21.815013885498,19.1679000854492,2.82832354839367,3.51092615173156
1301,45,"undefined",2000,1,0.000258261599810794,0,0,0,1,0,0,0,0,72206.5090711713,50.0838584899902,34.2803497314453,2.4027247428894,61.4375991821289,33.2790184020996,-0.204751864075661,-6.99342107772827,-8.27510643005371,1.28167867660522,0.357681632041931,6.63574695587158,-0.835078120231628,1.94713044166565,0.812666773796082,5.4280650232935,7.96713057044826
1302,45,"undefined",1990,0,0.00187802582513541,0,0,0,1,0,0,0,0,462838.573527813,30.1210975646973,34.6329078674316,1.62441110610962,61.8306922912598,29.7839698791504,-0.0834552943706512,-0.560301542282104,-5.11447477340698,4.55417633056641,0.557635724544525,0.00266432762145996,15.6291007995605,18.2820796966553,16.3556098937988,1.05979349723774,1.54005466553176
1302,45,"undefined",2000,1,0.00196236511692405,0,0,0,1,0,0,0,0,548651.133188009,19.2520923614502,42.034725189209,3.51011300086975,62.5165596008301,29.643518447876,-0.556494355201721,-1.66669058799744,-4.7208776473999,3.05418467521667,1.12195312976837,0.544739603996277,3.95727157592773,13.7666969299316,3.68622350692749,2.8868644339882,3.30576228542609
1400,37,"undefined",1990,0,0.00228177523240447,0,0,0,1,0,0,0,0,562342.416976452,36.4605369567871,39.8664016723633,4.41732597351074,59.5924606323242,31.5198574066162,-0.321821421384811,-1.41030550003052,-4.98826360702515,3.57795667648315,0.294817626476288,1.11549198627472,16.3018226623535,17.0077800750732,16.2120342254639,4.16112634668184,2.64600647736437
1400,37,"undefined",2000,1,0.00228891079314053,0,0,0,1,0,0,0,0,639948.991975307,26.3607139587402,47.5728912353516,7.18587732315063,58.0072860717773,29.5141448974609,-0.917094349861145,0.228592336177826,-6.39077520370483,6.61936855316162,0.745670080184937,-0.974267721176147,4.48049831390381,3.28377294540405,-0.0341960377991199,5.78043843376353,6.50064158493721
1500,37,"undefined",1990,0,0.00112514395732433,0,0,0,1,0,0,0,0,277291.200888008,23.9037170410156,41.9922828674316,1.62309074401855,61.4003295898438,28.0557842254639,-0.323149085044861,-0.922286510467529,-5.11834335327148,4.19605350494385,-0.0907346606254578,1.01302266120911,14.6831035614014,20.2506065368652,15.2278900146484,0.489680787383975,1.4160132870671
1500,37,"undefined",2000,1,0.00129036186262965,0,0,0,1,0,0,0,0,360768,18.693021774292,51.8473930358887,4.22950267791748,61.7395706176758,27.7506923675537,-0.796796679496765,2.14926695823669,-2.39512872695923,4.54439449310303,0.192540034651756,-2.34180688858032,4.40379571914673,4.22075796127319,5.49377727508545,1.61216316230293,2.66945469105106
1600,37,"undefined",1990,0,0.000806116673629731,0,0,0,1,0,0,0,0,198667.068121433,36.3994903564453,33.7240257263184,1.13477826118469,64.4795684814453,31.7831840515137,0.0335783511400223,-4.67615699768066,-4.27825164794922,-0.397908687591553,0.143039971590042,4.53312110900879,15.803337097168,18.6344623565674,14.8655891418457,3.63343979844071,2.68024447824388
1600,37,"undefined",2000,1,0.0007793222903274,0,0,0,1,0,0,0,0,217888.14005506,27.7698554992676,37.9353256225586,4.14498949050903,62.2045593261719,30.7409591674805,-0.44563490152359,2.61065793037415,-4.52525520324707,7.13591957092285,1.24488830566406,-3.85555624961853,-2.85557341575623,5.98273944854736,-4.49064779281616,4.65946300795472,6.99928494075693
1701,37,"Raleigh NC",1990,0,0.00417686859145761,0,0,0,1,0,0,0,0,1029387.2106607,22.6341857910156,56.2113838195801,4.30755853652954,70.8453750610352,30.3921070098877,0.267397165298462,-2.39378213882446,-2.89185118675232,0.498074293136597,0.341251134872437,2.05252909660339,19.7879791259766,27.4246692657471,18.4608936309814,2.94095538100451,1.87616064904515
1701,37,"Raleigh NC",2000,1,0.00503839273005724,0,0,0,1,0,0,0,0,1408667.48318285,17.0196514129639,62.1957969665527,11.5192832946777,68.3068618774414,29.3900318145752,0.338234603404999,-1.94454193115234,-4.40636920928955,2.46182513237,1.45794081687927,0.486605942249298,3.55400371551514,12.8258972167969,3.28404569625854,13.3377882455744,4.29905476576947
1702,37,"undefined",1990,0,0.000226473668590188,0,0,0,1,0,0,0,0,55814.3279559612,41.1106948852539,32.0053520202637,0.854570865631104,67.5398101806641,32.6118927001953,0.146485865116119,-5.08273839950562,-6.91704320907593,1.8343061208725,0.106138363480568,4.97659730911255,17.9433822631836,23.6873626708984,15.4537677764893,1.0731109005963,1.640662851854
1702,37,"undefined",2000,1,0.000222601607674733,0,0,0,1,0,0,0,0,62236.4448623657,31.1600322723389,37.1829605102539,3.26254773139954,62.2478675842285,29.4841995239258,-0.558637678623199,-5.99858570098877,-6.6871223449707,0.688535809516907,1.10332238674164,4.89526987075806,-0.324521750211716,0.53685051202774,0.293186724185944,3.9294083203315,3.24892407007182
1800,37,"undefined",1990,0,0.000776573026087135,0,0,0,1,0,0,0,0,191386.056192517,34.6991691589355,38.3217811584473,2.99834537506104,62.1940536499023,28.9600315093994,-0.666444957256317,-0.617802143096924,-3.55456161499023,2.93675947189331,0.327962636947632,0.289839506149292,13.685941696167,20.7930564880371,12.8763675689697,1.48144122905771,2.74774224680584
1800,37,"undefined",2000,1,0.000785023090429604,0,0,0,1,0,0,0,0,219482,27.0857849121094,40.0602798461914,9.9262866973877,60.4999313354492,26.139497756958,-0.764751434326172,0.7452113032341,-3.82109618186951,4.56631183624268,1.86477172374725,-2.60998511314392,-3.0811173915863,-4.28431367874146,-3.25741100311279,3.48521473574884,3.74370431153725
1900,37,"undefined",1990,0,0.00195220520254225,0,0,0,1,0,0,0,0,481120.02212131,22.3113422393799,43.5317268371582,3.3010528087616,59.657054901123,29.1680221557617,-0.801921248435974,3.10758352279663,-1.76303017139435,4.8706111907959,-0.0899314880371094,-3.01764917373657,13.4977340698242,18.8944339752197,16.5748119354248,0.810921694636326,1.18874389057145
1900,37,"undefined",2000,1,0.0019227754091844,0,0,0,1,0,0,0,0,537582.424205303,16.4873523712158,49.5788383483887,5.60475015640259,61.0811309814453,28.5548515319824,-0.9764404296875,0.633299350738525,-2.97688484191895,3.61019372940063,1.44825446605682,-2.0815601348877,6.61870384216309,12.5392513275146,4.25563526153564,2.21554413399221,2.4255186531762
2000,51,"Virginia Beach VA",1990,0,0.00424389913678169,0,0,0,1,0,0,0,0,1045906.85693753,10.1608867645264,48.0295753479004,5.46143245697021,61.604850769043,30.1877670288086,-0.731072962284088,2.76723504066467,-1.28499341011047,4.05222797393799,-0.161342322826385,-2.60589122772217,12.0172023773193,11.2035274505615,10.2093696594238,0.406064074903051,0.99819871208147
2000,51,"Virginia Beach VA",2000,1,0.00401340425014496,0,0,0,1,0,0,0,0,1122094.39272106,8.24056243896484,55.6579055786133,6.91649532318115,63.621223449707,30.3501129150391,-0.68140834569931,5.43957948684692,-0.916815757751465,6.35640096664429,0.141188502311707,-5.58077001571655,13.47194480896,14.1500072479248,12.464319229126,0.558149044106108,1.05726104748869
2100,37,"undefined",1990,0,0.000460573442978784,0,0,0,1,0,0,0,0,113508.104921103,33.7268562316895,35.0219116210938,1.17917335033417,59.8900375366211,28.0885276794434,-0.470786541700363,-4.5187292098999,-6.20042705535889,1.68169140815735,-0.132308155298233,4.65103673934937,17.1552658081055,18.2641983032227,18.0923461914062,1.9298402330599,2.57453661683587
2100,37,"undefined",2000,1,0.000448278617113829,0,0,0,1,0,0,0,0,125332.730608582,22.098051071167,43.0199584960938,3.1141209602356,59.5667190551758,26.0388603210449,-0.879399180412292,2.77935600280762,-2.36144542694092,5.14080715179443,2.39192533493042,-5.17127752304077,5.38240146636963,3.29385471343994,5.89261722564697,1.3040663533579,4.39628411329226
2200,51,"undefined",1990,0,0.000593893637415022,0,0,0,1,0,0,0,0,146364.80281353,41.9969177246094,28.9226856231689,1.04743027687073,62.8100090026855,27.382287979126,-0.277868181467056,-3.11117768287659,-4.93421411514282,1.82303488254547,0.344163924455643,2.767014503479,18.5391426086426,30.0894737243652,13.8373374938965,2.78590991237252,2.62369890882406
2200,51,"undefined",2000,1,0.000564776943065226,0,0,0,1,0,0,0,0,157904.11388588,29.5091361999512,36.5869674682617,1.77037489414215,60.770450592041,28.5279693603516,-0.914852619171143,-0.31079563498497,-7.55058670043945,7.23980140686035,1.98432636260986,-1.67353653907776,-0.294344753026962,6.2507905960083,0.0779969319701195,3.34822467218442,5.39479977945556
2300,51,"undefined",1990,0,0.000830445904284716,0,0,0,1,0,0,0,0,204663,31.6835193634033,41.9162483215332,2.21438336372375,65.3544006347656,32.1775131225586,-0.24836391210556,-1.86880826950073,-3.40686583518982,1.53806209564209,-0.295884162187576,2.16468572616577,13.7932300567627,11.8588924407959,15.5599594116211,1.30912336087453,1.33339157072634
2300,51,"undefined",2000,1,0.000813197402749211,0,0,0,1,0,0,0,0,227359.175765514,26.9476203918457,47.727897644043,2.7693407535553,64.9232940673828,33.1907234191895,-0.173831582069397,-0.22423267364502,-5.2462420463562,5.02200651168823,0.581223011016846,-0.356985002756119,-0.220503121614456,12.4093465805054,-1.08160293102264,7.5960853300811,5.30428458352954
2400,51,"Richmond VA",1990,0,0.00365279288962483,0,0,0,1,0,0,0,0,900229.034271061,18.1242389678955,51.3811531066895,3.97361993789673,70.4361724853516,32.9183235168457,0.339576303958893,-2.14000940322876,-2.10518383979797,-0.0348210334777832,-0.150688365101814,2.29069590568542,12.4300479888916,8.404541015625,13.9998435974121,0.569902719164153,0.513599736315426
2400,51,"Richmond VA",2000,1,0.0037161554209888,0,0,0,1,0,0,0,0,1038987.56101456,13.3108777999878,57.5271797180176,6.53137397766113,69.4585418701172,33.0428695678711,0.185432434082031,-0.833903074264526,-3.11777949333191,2.28387117385864,2.35128355026245,-1.51737880706787,6.40630722045898,9.87890815734863,6.82776355743408,1.20725558861816,1.23325546826443
2500,51,"undefined",1990,0,0.00205202028155327,0,0,0,1,0,0,0,0,505719.436357796,25.5071220397949,48.8742446899414,5.02941656112671,61.2266616821289,28.2725219726562,-0.349652707576752,0.256997346878052,-2.977778673172,3.23477387428284,0.0764481723308563,-0.333446264266968,10.4135513305664,5.08437156677246,13.1060600280762,0.321489719766754,0.472883571065087
2500,51,"undefined",2000,1,0.00204087165184319,0,0,0,1,0,0,0,0,570600.561821647,19.7889862060547,56.1469955444336,6.63209629058838,64.3961334228516,29.4568653106689,-0.370596051216125,3.20607423782349,-2.53946018218994,5.74553871154785,-1.1497677564621,-2.05630493164062,10.9942302703857,25.1015930175781,8.27094459533691,4.51644239671911,1.93999329033901
2600,37,"undefined",1990,0,0.000538314634468406,0,0,0,1,0,0,0,0,132667.376493216,37.8918876647949,29.6364212036133,1.0459748506546,61.8531036376953,29.6796054840088,-0.105454847216606,-8.54010009765625,-6.74285125732422,-1.79724395275116,0.733509302139282,7.80658721923828,16.6177749633789,20.8542346954346,15.712308883667,0.561655609624676,2.2364726625778
2600,37,"undefined",2000,1,0.00049921777099371,0,0,0,1,0,0,0,0,139574.646495342,29.5224838256836,36.0496101379395,1.71955096721649,55.9961547851562,28.0307350158691,-1.00017178058624,2.50190496444702,-5.43820095062256,7.94010066986084,2.03127360343933,-4.53317594528198,-6.39445400238037,2.3679051399231,-6.68593788146973,2.60758965150919,2.89186868514302
2700,28,"undefined",1990,0,0.00158357131294906,0,0,0,0,1,0,0,0,390270.390675068,27.1225490570068,42.6803932189941,3.48086285591125,53.4994964599609,28.0920295715332,-0.487284362316132,3.35003137588501,-2.9800853729248,6.33011770248413,-1.38909149169922,-1.96094214916229,14.3352508544922,17.5580501556396,14.7812843322754,0.401336418786838,0.906480269884556
2700,28,"undefined",2000,1,0.00162774906493723,0,0,0,0,1,0,0,0,455096.954137087,15.2092142105103,48.7121124267578,3.91642141342163,58.2189102172852,27.5611610412598,-0.842897653579712,-0.0834720507264137,-1.4234504699707,1.33998048305511,1.67119443416595,-1.58771872520447,8.22162628173828,8.9639253616333,8.51433658599854,1.05314840139188,2.29130095878016
2800,28,"undefined",1990,0,0.00045699137263,0,0,0,0,1,0,0,0,112625.30209446,34.2177124023438,32.9056091308594,0.583130955696106,51.7486038208008,25.3275279998779,-0.660336375236511,0.881665945053101,-1.1359691619873,2.01763510704041,-1.63254964351654,0.750884413719177,14.3632411956787,15.0994777679443,14.0389442443848,2.1989096058787,2.32156303691552
2800,28,"undefined",2000,1,0.000431826221756637,0,0,0,0,1,0,0,0,120732.865542769,38.0987739562988,38.0870552062988,1.9871152639389,54.8350257873535,28.0146007537842,-1.11659336090088,1.53002572059631,-4.66048192977905,6.19050455093384,-0.305723935365677,-1.22430074214935,9.07870674133301,-1.29256927967072,12.6502857208252,6.48548319009274,5.7247944472169
2900,28,"undefined",1990,0,0.000569116848055273,0,0,0,0,1,0,0,0,140258.580770493,24.6099166870117,46.138053894043,1.72380185127258,53.5952568054199,28.4817752838135,-0.435061752796173,2.37130522727966,-2.08691215515137,4.45821285247803,-0.644273698329926,-1.72702968120575,13.3474349975586,16.4159297943115,12.996768951416,1.09405742675951,1.39222662072682
2900,28,"undefined",2000,1,0.000563542649615556,0,0,0,0,1,0,0,0,157559.017651975,17.9863319396973,52.2562370300293,2.61322450637817,58.6142234802246,29.9288806915283,-0.769757091999054,0.156079024076462,-2.25492882728577,2.41100788116455,0.109527796506882,-0.265606820583344,3.92082738876343,-1.35517120361328,4.45761013031006,3.44210418119319,2.74306374536732
3001,28,"undefined",1990,0,0.000162150245159864,0,0,0,0,1,0,0,0,39961.8483971357,37.9020233154297,31.0458831787109,0.427384912967682,51.1962432861328,31.0798206329346,-0.231506809592247,2.9924213886261,-0.215168297290802,3.20758819580078,-2.06860184669495,-0.923818349838257,19.1840171813965,18.3411598205566,19.4389343261719,5.35275818717327,3.27954063538945
3001,28,"undefined",2000,1,0.000147474624100141,0,0,0,0,1,0,0,0,41231.9399649501,24.7369861602783,39.5555572509766,1.69721651077271,56.3723564147949,28.8452739715576,-0.543758511543274,-0.221065104007721,-4.33550786972046,4.11444044113159,2.3965916633606,-2.17552280426025,-2.04113554954529,8.02993774414062,-5.12402391433716,2.35337420375389,4.49645199779041
3002,28,"undefined",1990,0,0.000152183929458261,0,0,0,0,1,0,0,0,37505.6560885906,31.6063365936279,44.3634567260742,1.13715887069702,55.6272277832031,32.7650489807129,0.0326388329267502,-4.26490879058838,0.809425830841064,-5.07433700561523,0.0104419887065887,4.25446605682373,1.80010795593262,-2.51030921936035,3.14087867736816,0.407043889891526,0.657724982061738
3002,28,"undefined",2000,1,0.000140232688863762,0,0,0,0,1,0,0,0,39207.1917378306,27.5301780700684,41.7287063598633,1.58089923858643,54.7482261657715,28.4715538024902,-0.685288667678833,-1.30206346511841,-3.49090361595154,2.18884015083313,3.31624937057495,-2.01418566703796,-4.79030609130859,12.4363899230957,-8.59498977661133,9.42658558794205,2.81686077634313
3003,28,"undefined",1990,0,0.00197108322754502,0,0,0,0,1,0,0,0,485772.531371593,17.674633026123,50.2740325927734,1.56829988956451,63.4296112060547,34.6677322387695,0.0568810105323792,-1.39544010162354,-2.89614057540894,1.50070190429688,-0.309254974126816,1.70469582080841,15.6256198883057,13.3791923522949,16.0586357116699,0.643649637023248,0.927684383993881
3003,28,"undefined",2000,1,0.00194871530402452,0,0,0,0,1,0,0,0,544834.865259528,14.0205116271973,55.0417709350586,2.05657362937927,63.429069519043,33.6089324951172,-0.183717012405396,1.57624483108521,-1.47297656536102,3.04921174049377,0.153031200170517,-1.7292754650116,3.55795431137085,15.1882171630859,1.80646347999573,1.6493290771593,1.50398360850787
3101,28,"undefined",1990,0,0.000397385156247765,0,0,0,0,1,0,0,0,97935.3793442249,32.4292793273926,34.9880332946777,0.79991203546524,48.6901473999023,26.1214771270752,-0.728037357330322,1.42512917518616,-1.59021472930908,3.01534533500671,-1.66581201553345,0.240683555603027,5.94549179077148,4.22921180725098,6.44927024841309,0.758193403823347,1.44722183659481
3101,28,"undefined",2000,1,0.000368215522030368,0,0,0,0,1,0,0,0,102948.156274319,31.0660743713379,36.9034652709961,0.91452568769455,53.2712936401367,26.2487354278564,-1.22301650047302,-1.14527773857117,-5.56483745574951,4.41955232620239,1.67800283432007,-0.532720744609833,8.3770751953125,-2.32962203025818,10.447434425354,2.89157821013152,2.18419224977453
3102,28,"undefined",1990,0,0.000169976774486713,0,0,0,0,1,0,0,0,41890.6962399483,27.7437801361084,34.972972869873,0.730220794677734,48.8688774108887,26.2491798400879,-0.721909940242767,1.6379714012146,-2.15612936019897,3.79410076141357,-1.35077166557312,-0.287196040153503,10.1755142211914,6.83455467224121,11.3461017608643,0.60320210253286,1.5729797645083
3102,28,"undefined",2000,1,0.000166962301591411,0,0,0,0,1,0,0,0,46680.4385368824,23.8946189880371,39.6986427307129,1.15371036529541,52.3958282470703,29.8971652984619,-0.796058833599091,3.3834490776062,-1.10547137260437,4.48891925811768,-1.57743203639984,-1.80601644515991,14.61008644104,20.5775661468506,13.2710590362549,2.40331943325482,2.41105068429081
3201,22,"undefined",1990,0,8.69780778884888e-05,0,0,0,0,0,1,0,0,21435.7047672272,21.6274642944336,26.3171577453613,2.16007280349731,46.0135231018066,23.8261947631836,-1.3360550403595,3.57165932655334,0.101107358932495,3.4705491065979,-2.24013924598694,-1.33151710033417,13.9416694641113,16.9779777526855,14.0192985534668,0.617634324311875,1.97070002507612
3201,22,"undefined",2000,1,9.14643751457334e-05,0,0,0,0,0,1,0,0,25572.2219814658,22.0443553924561,28.7758502960205,0.989125311374664,51.1703910827637,26.0682163238525,-1.63591814041138,5.03456592559814,-1.88621187210083,6.92078018188477,1.58481132984161,-6.61938571929932,9.96051502227783,-3.34474039077759,12.8581867218018,4.42725975343848,2.20945623214168
3202,28,"undefined",1990,0,0.000275403144769371,0,0,0,0,1,0,0,0,67872.9742541313,18.6690845489502,31.8558597564697,1.07612252235413,47.8264923095703,25.3926315307617,-0.897106170654297,2.67840623855591,-1.07963538169861,3.75804305076599,-2.0389187335968,-0.63948929309845,9.8360538482666,6.93635940551758,10.9707355499268,0.437547346053222,0.238127182849931
3202,28,"undefined",2000,1,0.000249157543294132,0,0,0,0,1,0,0,0,69661.1361724883,16.3189373016357,33.8589515686035,0.960133790969849,52.6815643310547,26.1152992248535,-1.32132577896118,0.881757020950317,-4.20869159698486,5.09044933319092,1.64621698856354,-2.52797770500183,8.67789173126221,0.80912458896637,10.6784954071045,1.57218362645161,1.34544759353288
3203,28,"undefined",1990,0,0.000322693405905738,0,0,0,0,1,0,0,0,79527.6352995038,24.6299705505371,41.9943504333496,1.04807078838348,53.5835266113281,30.905818939209,-0.154748037457466,-2.41239666938782,-0.439698994159698,-1.97269916534424,-0.0487782061100006,2.461177110672,1.46217346191406,0.13275146484375,1.87420845031738,2.19401928400751,0.68044831367331
3203,28,"undefined",2000,1,0.000302084925351664,0,0,0,0,1,0,0,0,84458.9203532189,24.3035888671875,39.8906631469727,1.52522349357605,54.6902046203613,28.0744647979736,-0.762710332870483,1.72093081474304,-1.92556214332581,3.6465015411377,1.90256214141846,-3.62350273132324,2.41790509223938,18.9273700714111,-0.732217490673065,1.92606849552314,2.34902746010201
3300,22,"New Orleans LA",1990,0,0.0053562093526125,0,0,0,0,0,1,0,0,1320035.24697268,11.0255174636841,44.9503593444824,5.35126686096191,56.2497062683105,32.2180786132812,0.0747865438461304,1.80624127388,-0.977561235427856,2.78379917144775,-1.58679747581482,-0.219443440437317,9.8081111907959,11.1152172088623,10.2102756500244,0.185299674836683,0.357488425850905
3300,22,"New Orleans LA",2000,1,0.00494207907468081,0,0,0,0,0,1,0,0,1381739.56762624,8.7962064743042,50.3088111877441,6.60992193222046,60.4587669372559,32.1648826599121,-0.235593318939209,1.55376541614532,-0.81040495634079,2.36417555809021,0.457609355449677,-2.0113799571991,6.91059684753418,15.5988426208496,6.26952266693115,0.701153568795116,0.982561930999654
3400,22,"undefined",1990,0,0.00107351259794086,0,0,0,0,0,1,0,0,264566.675881088,12.7564926147461,24.6150760650635,1.83823430538177,44.5761260986328,25.3916053771973,-0.785806775093079,3.95081639289856,-0.165702402591705,4.11651706695557,-1.20494294166565,-2.74587273597717,11.1170768737793,16.0605430603027,10.2658271789551,0.110049061122715,0.21953195201356
3400,22,"undefined",2000,1,0.000966697698459029,0,0,0,0,0,1,0,0,270275.800091028,12.6760883331299,29.7743072509766,2.19840717315674,51.8356628417969,26.9851741790771,-0.969488680362701,5.85494709014893,-0.989154994487762,6.84410333633423,-2.04841613769531,-3.80653548240662,7.75010204315186,12.3905458450317,7.91549682617188,0.527778827933301,0.817347787428631
3500,22,"undefined",1990,0,0.00289123342372477,0,0,0,0,0,1,0,0,712543.067787409,13.4492635726929,44.0686225891113,2.70658826828003,54.7917556762695,30.1439647674561,-0.249948799610138,2.6329517364502,-1.3055100440979,3.93846035003662,-1.1898934841156,-1.44305527210236,8.7491512298584,10.9305858612061,9.76996421813965,0.374545975136677,0.478902223335934
3500,22,"undefined",2000,1,0.00290043489076197,0,0,0,0,0,1,0,0,810923,10.4989576339722,48.8252258300781,3.58721733093262,60.5514221191406,30.3748035430908,-0.439760684967041,3.14857292175293,-0.763983607292175,3.91255950927734,-0.670918405056,-2.47765874862671,8.41488170623779,7.78136920928955,9.47046279907227,1.20915042408819,1.86857283585593
3600,22,"undefined",1990,0,0.000733411870896816,0,0,0,0,0,1,0,0,180749.009123802,13.2541122436523,35.0932922363281,2.43292427062988,51.9311447143555,27.13405418396,-1.11880171298981,2.96112895011902,-0.119819492101669,3.08094620704651,-1.62596213817596,-1.33516788482666,12.5984191894531,9.6916675567627,13.5448455810547,0.196579002603412,0.281885506114889
3600,22,"undefined",2000,1,0.000676535826642066,0,0,0,0,0,1,0,0,189150.403960288,8.64297580718994,37.7056312561035,2.29815936088562,55.9571266174316,26.6679725646973,-1.34989166259766,4.97636604309082,1.17556858062744,3.80079221725464,0.22103425860405,-5.19739723205566,10.8018598556519,6.22095394134521,11.1563549041748,0.849445205872377,0.686573946269046
3700,22,"undefined",1990,0,0.00126437447033823,0,0,0,0,0,1,0,0,311604.495060921,19.2863025665283,32.817813873291,1.5488646030426,48.977165222168,25.2631225585938,-1.10485136508942,1.63648128509521,-2.04820251464844,3.68468165397644,-1.21286141872406,-0.423616170883179,9.32025909423828,15.4105663299561,12.0499134063721,0.356709900604489,0.394033169781883
3700,22,"undefined",2000,1,0.00118943431880325,0,0,0,0,0,1,0,0,332550,14.2595920562744,41.9366073608398,3.19210171699524,55.2855377197266,27.4926452636719,-1.28723359107971,5.63422250747681,-2.78397536277771,8.41820240020752,-0.326757460832596,-5.30746984481812,8.20384693145752,20.8152370452881,9.01699066162109,1.21937155765278,2.27189802887232
3800,22,"undefined",1990,0,0.00202415091916919,0,0,0,0,0,1,0,0,498851.000386715,13.9394197463989,31.784200668335,2.08924221992493,48.8307189941406,28.132173538208,-0.367472231388092,3.17595601081848,-1.49702322483063,4.67298030853271,-1.7770357131958,-1.3989269733429,13.170051574707,20.0072765350342,12.3793125152588,0.209437180320761,0.531666970067387
3800,22,"undefined",2000,1,0.00194694963283837,0,0,0,0,0,1,0,0,544341.199748755,10.2752132415771,37.9540481567383,2.7648241519928,55.3737564086914,28.2769641876221,-0.832284808158875,7.27864646911621,-0.932362496852875,8.21100807189941,-1.43539905548096,-5.84323930740356,7.27810192108154,13.153621673584,7.06039142608643,1.30540237947857,1.44584140939582
3901,22,"undefined",1990,0,0.000994074624031782,0,0,0,0,0,1,0,0,244989.222071648,19.0166168212891,38.5590438842773,1.19766139984131,51.8438339233398,29.0211448669434,-0.486455708742142,3.11681628227234,-0.907713890075684,4.02453517913818,-0.0971447676420212,-3.01967573165894,10.9683036804199,9.32979583740234,11.5166187286377,0.294686022104614,0.646258106786292
3901,22,"undefined",2000,1,0.000907793757505715,0,0,0,0,0,1,0,0,253807.05055213,15.5149059295654,41.3093566894531,1.79781746864319,58.8702735900879,30.5204563140869,-0.756765007972717,-0.27136293053627,-1.40144038200378,1.13006997108459,-0.218824088573456,0.490188598632812,2.29528975486755,11.5244731903076,2.31463575363159,1.41126905897108,1.03413526427874
3902,22,"undefined",1990,0,8.77991260495037e-05,0,0,0,0,0,1,0,0,21638.0518429875,21.2750453948975,26.903736114502,0.384526908397675,45.9052505493164,24.1938819885254,-0.818738996982574,3.37443947792053,-1.39472186565399,4.76916122436523,-0.883290886878967,-2.49114942550659,10.8274936676025,9.26837921142578,12.1790885925293,2.11213607156302,-0.467242923153732
3902,22,"undefined",2000,1,7.75971275288612e-05,0,0,0,0,0,1,0,0,21695.1238737702,13.4181413650513,28.8518810272217,1.17981278896332,53.3258666992188,25.4129295349121,-1.00753176212311,1.17411780357361,-1.85679650306702,3.03091311454773,1.85415887832642,-3.0282735824585,3.40291452407837,12.9241256713867,3.10189390182495,0.446628757104252,2.47691939849112
4001,5,"undefined",1990,0,0.000143251396366395,0,0,0,0,0,1,0,0,35304.2385575622,39.2232818603516,33.4408836364746,1.19322311878204,57.8777008056641,28.8909530639648,-0.468472868204117,-0.102716684341431,0.511956214904785,-0.614672899246216,-0.758082389831543,0.860798358917236,13.0823612213135,11.9463920593262,13.2802486419678,1.7489800412348,1.1085499068429
4001,5,"undefined",2000,1,0.000122716242913157,0,0,0,0,0,1,0,0,34309.8262879848,34.1886291503906,40.2770233154297,2.24343967437744,59.8378410339355,28.2578105926514,-0.920015871524811,-1.61920285224915,-3.91414356231689,2.29494071006775,1.1693366765976,0.44987028837204,1.56341290473938,6.79622364044189,1.36477601528168,4.993125390315,4.03734739465203
4002,22,"undefined",1990,0,0.00194619176909328,0,0,0,0,0,1,0,0,479638.036725998,19.507230758667,43.3197784423828,2.14915752410889,55.7210388183594,30.6970710754395,-0.508908867835999,1.89161896705627,-0.944211363792419,2.83583402633667,-1.64816904067993,-0.243452191352844,10.8779430389404,10.8114242553711,11.7834568023682,1.14596551141492,0.818421794327408
4002,22,"undefined",2000,1,0.00178986496757716,0,0,0,0,0,1,0,0,500422.409485102,13.7468967437744,47.8271255493164,3.10537362098694,59.2873916625977,30.1096858978271,-0.758807778358459,2.25635075569153,-2.92869591712952,5.18504190444946,0.451271563768387,-2.70762181282043,0.539915919303894,5.56530284881592,0.61736786365509,1.63463414782655,3.19323983709879
4003,22,"undefined",1990,0,0.000291510368697345,0,0,0,0,0,1,0,0,71842.5906928778,23.1576080322266,33.3852615356445,1.39023721218109,46.9404449462891,25.4769687652588,-0.992798507213593,2.89366841316223,-0.886502146720886,3.78017139434814,-1.26769948005676,-1.62597000598907,9.81154441833496,10.0188255310059,10.301399230957,0.794438339472189,0.56637151427528
4003,22,"undefined",2000,1,0.000268230127403513,0,0,0,0,0,1,0,0,74993.5699305534,22.5236797332764,38.6969871520996,1.79776120185852,52.6749114990234,26.5478134155273,-1.13200080394745,2.84246897697449,-1.31933069229126,4.16179656982422,0.754972100257874,-3.5974383354187,5.85222244262695,13.0541667938232,5.56441736221313,1.81616988642734,1.27423463175266
4004,22,"undefined",1990,0,9.23093321034685e-05,0,0,0,0,0,1,0,0,22749.5911820829,37.3421058654785,38.0492324829102,1.49086391925812,47.6071090698242,26.4969654083252,-0.936708927154541,2.54133939743042,-0.943357467651367,3.48469614982605,-1.02266001701355,-1.51867866516113,7.97915458679199,8.69474411010742,8.19010734558105,1.44120348299861,1.08654275382549
4004,22,"undefined",2000,1,8.38662817841396e-05,0,0,0,0,0,1,0,0,23447.8963912725,32.2638854980469,45.727653503418,2.30807685852051,53.0070953369141,27.1477489471436,-0.982860624790192,2.55549812316895,-0.900306820869446,3.45580911636353,0.11697943508625,-2.67248058319092,4.9046106338501,16.9298305511475,3.07566785812378,4.41409699398118,3.41510112852743
4101,5,"undefined",1990,0,9.82643468887545e-05,0,0,0,0,0,1,0,0,24217.2004908919,55.4128456115723,28.1175384521484,0.832027196884155,53.005069732666,24.8927631378174,-0.543516159057617,-0.245290994644165,-3.76283836364746,3.51754713058472,-0.508090853691101,0.753381848335266,18.3714866638184,16.3468837738037,21.2953090667725,1.061793850794,1.43893772989674
4101,5,"undefined",2000,1,8.63762979861349e-05,0,0,0,0,0,1,0,0,24149.6639869213,46.4750099182129,33.5452575683594,3.23223781585693,54.6030158996582,25.1350345611572,-1.30873513221741,-2.88944578170776,-2.14744687080383,-0.741992652416229,2.4312756061554,0.458163857460022,4.31312847137451,14.1377449035645,3.8254599571228,5.57537266879471,4.02618462183994
4102,5,"undefined",1990,0,0.00068730436032638,0,0,0,0,0,1,0,0,169385.825708032,32.0297698974609,32.1204795837402,0.822328686714172,54.8387985229492,26.0113201141357,-0.557803571224213,0.908821821212769,-1.89065039157867,2.79947233200073,-0.748696208000183,-0.160127878189087,12.9501342773438,7.6967716217041,15.7185554504395,0.869009749697274,0.866382992340249
4102,5,"undefined",2000,1,0.000599997234530747,0,0,0,0,0,1,0,0,167751.235629559,30.1148948669434,37.4025001525879,2.82500338554382,58.1194114685059,27.9336204528809,-1.18429934978485,-2.37719511985779,-2.79932570457458,0.422137141227722,3.33295869827271,-0.955764770507812,3.27294206619263,14.6976203918457,1.49829041957855,2.58908020782541,2.1658747605404
4103,5,"undefined",1990,0,0.000375154486391693,0,0,0,0,0,1,0,0,92456.640422821,39.8974266052246,35.3056869506836,0.996776044368744,58.0762672424316,29.586353302002,-0.394918292760849,-1.11766457557678,0.842845439910889,-1.96051001548767,-0.407326579093933,1.52499079704285,10.6515407562256,6.53862953186035,11.9855880737305,1.45235973419293,1.35811860756361
4103,5,"undefined",2000,1,0.000321881176205352,0,0,0,0,0,1,0,0,89993.6948265433,33.5822296142578,40.7480392456055,1.85198593139648,59.3888206481934,28.8354396820068,-0.843906044960022,-1.27616095542908,-3.2463583946228,1.9701931476593,1.3149402141571,-0.0387770794332027,2.09924149513245,8.64655590057373,0.781604170799255,2.7025081495959,2.40832074734475
4200,5,"undefined",1990,0,0.00223837094381452,0,0,0,0,0,1,0,0,551645.456975281,16.1858654022217,47.186580657959,2.41222500801086,65.6011352539062,32.5079574584961,-0.115684568881989,-0.0616908073425293,-2.41160988807678,2.34991908073425,-0.139676406979561,0.201365351676941,12.651538848877,18.7232494354248,11.6971492767334,1.35286430270084,1.12458877884076
4200,5,"undefined",2000,1,0.00225877505727112,0,0,0,0,0,1,0,0,631523.428506613,12.8457679748535,53.485424041748,3.66101455688477,66.6859970092773,32.1442909240723,-0.331857055425644,-0.575465798377991,-2.67355465888977,2.09808349609375,0.933655619621277,-0.358185589313507,4.22818326950073,5.34657049179077,3.89936971664429,1.81761563796506,1.9063855514116
4301,5,"undefined",1990,0,0.000171431151102297,0,0,0,0,0,1,0,0,42249.1257603168,35.3624954223633,34.3949089050293,1.1926771402359,56.9226608276367,27.4949398040771,-0.426502525806427,0.168687105178833,-3.18140244483948,3.35008811950684,0.339653730392456,-0.508338212966919,14.4163608551025,9.32173728942871,17.5223350524902,6.22040868384502,1.12537782530245
4301,5,"undefined",2000,1,0.000144714344060048,0,0,0,0,0,1,0,0,40460.2053877115,33.552734375,39.9920463562012,2.42822551727295,59.5735130310059,30.1224174499512,-0.91148430109024,-1.61139464378357,-3.92593026161194,2.31453347206116,0.975218236446381,0.636168897151947,1.79283952713013,16.9625282287598,-1.66211819648743,5.19189896146742,6.8930919565704
4302,5,"undefined",1990,0,0.000334442767780274,0,0,0,0,0,1,0,0,82423.2581350803,31.425121307373,29.577428817749,1.20080983638763,56.0031661987305,29.8449039459229,-0.555168926715851,1.04619860649109,-3.24833106994629,4.2945294380188,1.33173537254333,-2.37792730331421,16.5011882781982,17.0133113861084,16.9620037078857,1.79805690926982,1.3457911913498
4302,5,"undefined",2000,1,0.000335583958076313,0,0,0,0,0,1,0,0,93824.8045697212,25.0923004150391,38.8271102905273,2.4221203327179,57.6154098510742,29.7138843536377,-0.743809938430786,-1.22886049747467,-4.37719392776489,3.14832592010498,-2.28297066688538,3.51182889938354,1.83514189720154,19.0929679870605,-2.38343644142151,3.02270238423643,4.29535795912764
4401,21,"undefined",1990,0,0.000512516475282609,0,0,0,0,1,0,0,0,126309.440103531,18.7917156219482,21.6852493286133,0.486820191144943,42.3801879882812,27.3783836364746,-0.79947417974472,1.67039036750793,0.654718995094299,1.01567208766937,-2.64439535140991,0.974002480506897,7.72600173950195,5.25388717651367,8.2087516784668,0.275489603851129,0.89895442762483
4401,21,"undefined",2000,1,0.000519801687914878,0,0,0,0,1,0,0,0,145329.627543569,19.767370223999,27.3487091064453,0.852995276451111,47.0200729370117,29.3957538604736,-0.858456432819366,-1.77546906471252,-2.43120312690735,0.655727744102478,1.58055925369263,0.194915696978569,8.54063034057617,6.17510938644409,8.67101097106934,1.37169048287845,0.752677817993249
4402,21,"undefined",1990,0,0.000396164105040953,0,0,0,0,1,0,0,0,97634.4521617889,26.2021102905273,32.4627380371094,0.731066644191742,53.7618751525879,29.5955715179443,-0.407538115978241,2.98662185668945,1.25423669815063,1.73238515853882,-2.2239134311676,-0.762709975242615,18.707799911499,17.6355838775635,18.7421798706055,2.0758097035579,1.30731436457365
4402,21,"undefined",2000,1,0.000415820482885465,0,0,0,0,1,0,0,0,116257.870237291,28.6996536254883,38.0366287231445,1.22684931755066,58.2433891296387,30.7205257415771,-0.69010466337204,-0.940901875495911,-3.52789568901062,2.58699488639832,2.18672633171082,-1.2458221912384,5.37892770767212,6.02606344223022,6.61522960662842,5.3117182471485,4.67470793133911
4501,21,"undefined",1990,0,0.000188509045983665,0,0,0,0,1,0,0,0,46457.9635094702,9.46826267242432,23.3954200744629,0.472286432981491,37.2169036865234,23.4755344390869,-1.29573011398315,1.88300311565399,1.81929922103882,0.0637024641036987,-1.09274351596832,-0.790256261825562,5.16753196716309,21.3573455810547,2.9207706451416,0.387895461797285,1.54827716864756
4501,21,"undefined",2000,1,0.000180052666109987,0,0,0,0,1,0,0,0,50340.3275118172,11.5165042877197,30.1524333953857,0.815083861351013,45.1020698547363,25.7693672180176,-1.47612357139587,3.08153033256531,-2.2273063659668,5.30883693695068,-0.66969758272171,-2.41183376312256,10.4848318099976,15.6286792755127,9.79961681365967,2.80683334460459,1.15911437039827
4502,21,"undefined",1990,0,0.000506281154230237,0,0,0,0,1,0,0,0,124772.742008686,2.72940683364868,22.6831569671631,0.566433906555176,33.2432632446289,23.6876735687256,-1.49100089073181,1.42106413841248,1.76813304424286,-0.347068905830383,-1.64948403835297,0.228419899940491,0.483417510986328,14.9298191070557,-0.334262847900391,0.00947663710753154,0.0102738665043489
4502,21,"undefined",2000,1,0.000425126607296988,0,0,0,0,1,0,0,0,118859.743896663,6.42968797683716,27.6800937652588,0.725719749927521,41.8363952636719,26.2186012268066,-1.52276062965393,2.6557445526123,-2.1350245475769,4.79077005386353,-1.00252509117126,-1.6532199382782,12.0739936828613,8.94859886169434,11.646951675415,0.540702163183937,0.0328932113592779
4601,21,"undefined",1990,0,0.000309139199089259,0,0,0,0,1,0,0,0,76187.2046335936,53.705394744873,22.8597202301025,0.592433214187622,54.8538627624512,25.6165142059326,0.520451724529266,-2.82289981842041,-5.61084461212158,2.78794169425964,0.24622306227684,2.57667899131775,17.8096771240234,17.4714088439941,18.3693408966064,1.48910689185348,3.21638244152439
4601,21,"undefined",2000,1,0.000300671468721703,0,0,0,0,1,0,0,0,84063.7440952063,23.9317264556885,29.6689872741699,1.39288711547852,53.658073425293,28.885217666626,-0.430265486240387,0.29286316037178,-5.06556987762451,5.3584361076355,-0.571508467197418,0.278643190860748,1.11702513694763,11.0034942626953,-1.20353698730469,5.42384489073421,6.90773000161273
4602,21,"undefined",1990,0,0.000448449514806271,0,0,0,0,1,0,0,0,110520.166317105,35.2470741271973,23.6316986083984,0.597342133522034,54.7981071472168,26.2814159393311,0.418576240539551,-3.39488387107849,-5.36778879165649,1.97290480136871,-0.146996974945068,3.54188084602356,15.294075012207,14.5524978637695,15.9598350524902,1.4714930891969,2.01432480822454
4602,21,"undefined",2000,1,0.000446478865342215,0,0,0,0,1,0,0,0,124829.544249892,33.8228302001953,29.0226020812988,1.30379295349121,52.8492393493652,28.7695922851562,-0.487059056758881,0.205559402704239,-5.22518396377563,5.43074941635132,-0.126111716032028,-0.0794529914855957,1.28998076915741,11.1094884872437,-1.20537626743317,4.49949429990662,4.73264642303566
4701,28,"undefined",1990,0,0.000326448178384453,0,0,0,0,1,0,0,0,80452.9933263063,33.8011703491211,31.0458831787109,0.427384912967682,51.1962432861328,31.0798206329346,-0.231506809592247,0.668340921401978,-0.0216573476791382,0.689995288848877,-0.877720832824707,0.209382176399231,14.8333549499512,14.6987915039062,14.8242473602295,1.38861654604266,1.39092120437677
4701,28,"undefined",2000,1,0.000307273818179965,0,0,0,0,1,0,0,0,85909.6654572487,30.4217872619629,37.3114776611328,1.28562140464783,53.6064453125,29.691463470459,-0.560854554176331,-4.96412181854248,-6.28055095672607,1.31642818450928,1.98515617847443,2.97896766662598,-6.96822547912598,-6.12354278564453,-7.59485816955566,4.10478486039275,5.13314252592453
4702,28,"undefined",1990,0,0.000526680669281632,0,0,0,0,1,0,0,0,129800.194626451,35.3976516723633,35.0081024169922,0.749469399452209,56.7324409484863,31.9327201843262,0.186496675014496,-4.103440284729,-5.12078380584717,1.01734399795532,0.0327110290527344,4.07073211669922,6.84599876403809,9.68103408813477,5.87453842163086,1.78918643179032,3.29233491571092
4702,28,"undefined",2000,1,0.000509358302224427,0,0,0,0,1,0,0,0,142409.807732582,22.1596660614014,41.4292030334473,1.83187580108643,55.169116973877,31.54030418396,-0.515808820724487,0.4238401055336,-5.14112091064453,5.56495761871338,2.13963341712952,-2.5634765625,-1.44679200649261,-0.122138425707817,-1.17513108253479,6.05385643160405,3.86627830549616
4800,28,"undefined",1990,0,0.000616425182670355,0,0,0,0,1,0,0,0,151917.690998077,25.9954147338867,34.6782608032227,0.667986989021301,51.6965446472168,29.8099002838135,-0.348148703575134,-2.3076593875885,0.293546169996262,-2.6012122631073,-1.26850974559784,3.57617139816284,17.4869537353516,9.91535186767578,19.6922779083252,0.853055406005912,0.444149003207694
4800,28,"undefined",2000,1,0.000529045530129224,0,0,0,0,1,0,0,0,147914.093976185,24.779821395874,41.8516311645508,1.07117068767548,51.9453048706055,28.9112205505371,-0.585894584655762,-3.32671403884888,-5.63972091674805,2.31301355361938,5.34782648086548,-2.02111268043518,-6.10889720916748,-2.83718109130859,-7.17047309875488,1.55859338286492,2.39676080328432
4901,47,"undefined",1990,0,0.000696218688972294,0,0,0,0,1,0,0,0,171582.759464443,35.6918678283691,33.3099021911621,0.871552646160126,61.177547454834,30.6897373199463,-0.151344820857048,-0.980854034423828,-5.04608297348022,4.06523036956787,0.265175461769104,0.715675950050354,18.8309192657471,25.8560657501221,16.7357444763184,2.15454125797068,1.91700308747405
4901,47,"undefined",2000,1,0.000708720064722002,0,0,0,0,1,0,0,0,198148.701642811,30.646900177002,42.0100402832031,2.15012812614441,62.9098815917969,30.7493114471436,-0.63522344827652,-1.85616517066956,-4.0096640586853,2.15349888801575,-0.0444389879703522,1.90060901641846,-3.58057022094727,-0.161579683423042,-2.61218214035034,5.94673600220419,4.23771106823189
4902,47,"undefined",1990,0,0.00034420719021,0,0,0,0,1,0,0,0,84829.6969283223,51.6937561035156,27.3290519714355,1.03589332103729,60.1647491455078,28.9116592407227,-0.197784602642059,-0.439155101776123,-2.99957704544067,2.56042194366455,-1.51771414279938,1.95686817169189,18.7864303588867,22.6385116577148,17.7200794219971,1.9836702089167,1.8210065449966
4902,47,"undefined",2000,1,0.000328546710079536,0,0,0,0,1,0,0,0,91857.289934516,41.5832481384277,34.5600318908691,1.75655877590179,60.3126754760742,31.5175895690918,-0.642412841320038,-1.08775925636292,-5.80904722213745,4.72128820419312,2.11680936813354,-1.02904438972473,-2.03711652755737,-2.07124447822571,-0.310148507356644,2.9203319676822,3.8867335655029
4903,47,"undefined",1990,0,0.000156636975589208,0,0,0,0,1,0,0,0,38603.1059578657,59.0632781982422,29.3768939971924,0.81628292798996,59.6145439147949,30.1519813537598,-0.138727739453316,-2.01778411865234,-1.52165293693542,-0.496131181716919,-0.582374274730682,2.60015439987183,14.8239135742188,18.2190895080566,12.6884937286377,5.47178842327719,3.600092602343
4903,47,"undefined",2000,1,0.000163272328791209,0,0,0,0,1,0,0,0,45648.7678855285,45.9407768249512,30.1126842498779,1.64667272567749,59.0369033813477,29.9098129272461,-0.938863098621368,-5.07826471328735,-7.91796588897705,2.83969736099243,5.05073213577271,0.0275416038930416,-1.6627311706543,0.641959071159363,-1.22921812534332,8.31022983788582,7.87787165311819
5000,28,"undefined",1990,0,0.000713546003680676,0,0,0,0,1,0,0,0,175853.063583255,53.1679077148438,37.758129119873,0.69437164068222,62.7215270996094,31.3397827148438,0.282405495643616,-2.73424983024597,-4.30146455764771,1.56721770763397,0.615242481231689,2.11900472640991,16.4483070373535,21.9413757324219,12.5277042388916,4.83809414919244,2.95925478533763
5000,28,"undefined",2000,1,0.000716931477654725,0,0,0,0,1,0,0,0,200444.499185473,43.6883316040039,42.4391479492188,1.65450811386108,61.776237487793,32.7053604125977,-0.344765067100525,-3.58047676086426,-8.20380878448486,4.62332344055176,1.7001496553421,1.88033080101013,-3.10352873802185,-1.43889021873474,-2.13752484321594,10.8449696142688,7.05156618259817
5100,28,"undefined",1990,0,0.000477390072774142,0,0,0,0,1,0,0,0,117652.555520773,52.6855125427246,29.1082382202148,0.645805418491364,57.2238693237305,31.6260871887207,0.082196444272995,-0.0488877296447754,-1.53148317337036,1.48258805274963,-1.47434067726135,1.52323246002197,15.4765605926514,22.396993637085,10.2628707885742,7.02788146021451,3.71629745300419
5100,28,"undefined",2000,1,0.000469897058792412,0,0,0,0,1,0,0,0,131376.959537983,37.4404907226562,33.7728309631348,1.49700653553009,59.1433181762695,31.6729717254639,-0.661498844623566,-5.13310098648071,-8.37487030029297,3.24177742004395,2.39671945571899,2.73637676239014,0.542913138866425,0.5459104180336,2.76647305488586,7.83352895271666,11.0122017685588
5201,28,"undefined",1990,0,0.000200502094230615,0,0,0,0,1,0,0,0,49413.6432415843,57.5641555786133,33.4681282043457,0.801469743251801,57.1338996887207,32.2577476501465,0.315679252147675,1.7300546169281,-6.68432855606079,8.41438484191895,-0.82886815071106,-0.901186466217041,20.2032566070557,24.4538307189941,18.0309295654297,4.22558722769029,2.67584778518567
5201,28,"undefined",2000,1,0.000195304630324244,0,0,0,0,1,0,0,0,54604.574765265,50.0732345581055,45.2360496520996,2.74383735656738,61.6399307250977,32.7240371704102,-0.479589700698853,-4.81384992599487,-7.11735248565674,2.30349802970886,1.39744901657104,3.41640186309814,-1.0664803981781,-8.52046680450439,2.81838011741638,12.5026377867792,7.20431645464038
5202,47,"Memphis TN",1990,0,0.00412267539650202,0,0,0,0,1,0,0,0,1016031.36470866,15.9285593032837,46.7318420410156,2.14926695823669,63.0394515991211,33.0514297485352,0.0835871696472168,0.259709358215332,-1.63683521747589,1.89654231071472,-0.731680154800415,0.471973419189453,17.4943923950195,19.2413806915283,16.5565013885498,1.26342305907231,0.867604467238093
5202,47,"Memphis TN",2000,1,0.0041068927384913,0,0,0,0,1,0,0,0,1148232.60374182,11.7971534729004,52.8325576782227,4.81496524810791,63.9159927368164,33.7942008972168,-0.118933469057083,-0.221584528684616,-2.03574991226196,1.8141610622406,2.76433992385864,-2.54275321960449,-0.336851388216019,9.71753215789795,-1.58923006057739,2.51667650866352,2.11435479853049
5300,5,"undefined",1990,0,0.000567298207897693,0,0,0,0,0,1,0,0,139810.365978956,26.2836132049561,27.8547344207764,1.00601387023926,52.2765235900879,28.2464923858643,-0.343005210161209,0.873231887817383,0.725390017032623,0.147846341133118,-1.50695300102234,0.633716583251953,18.0244445800781,19.5435047149658,17.2928810119629,4.29170290096252,3.95916386624397
5300,5,"undefined",2000,1,0.000492951483465731,0,0,0,0,0,1,0,0,137822.670277953,25.4034996032715,34.1506958007812,1.40775656700134,54.9618644714355,28.9819679260254,-0.727179765701294,-0.429664313793182,-4.52492618560791,4.09526491165161,2.52052927017212,-2.09085845947266,0.271115988492966,2.85625457763672,1.02472305297852,7.30817544934497,6.30797647857495
5401,21,"undefined",1990,0,0.000566486036404967,0,0,0,0,1,0,0,0,139610.21186161,33.6792793273926,36.3074226379395,1.33056318759918,62.9085884094238,32.495059967041,-0.219363361597061,0.409358739852905,-0.797030329704285,1.20639204978943,-0.776788949966431,0.367423892021179,17.7636623382568,16.2880897521973,18.4894561767578,0.74889848728926,1.91148284627763
5401,21,"undefined",2000,1,0.000591421092394739,0,0,0,0,1,0,0,0,165353.459798038,29.8350925445557,41.8050537109375,3.68416047096252,64.6415557861328,30.2468605041504,-0.341555207967758,-0.905309438705444,-2.37075567245483,1.46544826030731,1.39277052879333,-0.487459540367126,-1.78159976005554,2.04277038574219,-1.38119292259216,3.70145837359672,3.04719473878392
5402,21,"undefined",1990,0,0.000333720992784947,0,0,0,0,1,0,0,0,82245.3768780529,44.9169883728027,19.9439754486084,0.757937014102936,57.1739387512207,29.9875621795654,0.162798389792442,0.284725427627563,-1.11786580085754,1.40259563922882,0.156360492110252,-0.441089272499084,19.226598739624,22.7760791778564,17.339563369751,1.10074821730719,2.62223884624245
5402,21,"undefined",2000,1,0.000330094335367903,0,0,0,0,1,0,0,0,92289.9788250923,37.0204582214355,27.3245067596436,1.61396455764771,57.0456733703613,32.4124336242676,-0.495760977268219,-0.327646732330322,-4.7881326675415,4.46048355102539,0.656249821186066,-0.32860466837883,3.75434350967407,7.53028011322021,4.11496829986572,5.05644655292629,4.0815686873021
5500,47,"undefined",1990,0,0.000516469299327582,0,0,0,0,1,0,0,0,127283.614875793,50.6301040649414,30.3261585235596,1.00641310214996,61.8405990600586,31.2802352905273,0.188703462481499,-0.577479600906372,-2.26315402984619,1.68567299842834,-0.552695274353027,1.13017559051514,16.7916297912598,22.8699684143066,13.5388851165771,2.56013766653054,2.54528190688824
5500,47,"undefined",2000,1,0.000575346406549215,0,0,0,0,1,0,0,0,160859.202661157,43.8544692993164,34.5256729125977,3.27617216110229,63.0426292419434,34.2293243408203,-0.486501097679138,-5.14869165420532,-11.4689912796021,6.3202977180481,3.97694373130798,1.171750664711,-6.21468687057495,-7.29111289978027,-0.987938523292542,4.89237990842371,10.3523929904128
5600,47,"Nashville TN",1990,0,0.00402438873425126,0,0,0,0,1,0,0,0,991808.661908388,18.9762687683105,47.1763229370117,2.71562600135803,68.18798828125,33.3645858764648,0.247601568698883,-1.10483169555664,-2.50654435157776,1.40172243118286,-0.351836919784546,1.45666301250458,17.0374393463135,21.2495803833008,16.6028022766113,1.49899569053655,1.06147057602508
5600,47,"Nashville TN",2000,1,0.00446789339184761,0,0,0,0,1,0,0,0,1249163.52645391,15.3259696960449,54.5935211181641,6.62391328811646,67.7346954345703,33.7843742370605,0.127312690019608,-1.51228058338165,-3.09493064880371,1.58263945579529,1.37054491043091,0.141739845275879,1.9841194152832,-0.444275975227356,3.09269762039185,3.71185787921038,2.5366279900948
5700,47,"undefined",1990,0,0.000445408630184829,0,0,0,0,1,0,0,0,109770.740689993,38.1207809448242,29.9780101776123,1.00008225440979,61.4561805725098,31.3240165710449,0.171095862984657,-0.372898578643799,-5.01085805892944,4.63795948028564,-0.816173851490021,1.1890709400177,18.1018352508545,25.8068084716797,15.1021480560303,2.50881833915634,1.90938829756816
5700,47,"undefined",2000,1,0.0004670619382523,0,0,0,0,1,0,0,0,130584.296795905,34.2123641967773,39.9012908935547,3.09438061714172,62.9891204833984,34.3439636230469,-0.423273891210556,-2.91388368606567,-6.92647457122803,4.01259326934814,2.72689819335938,0.186988279223442,-2.87321639060974,-3.21905946731567,0.428267896175385,5.08576675351849,3.88096727937032
5800,47,"undefined",1990,0,0.000487692712340504,0,0,0,0,1,0,0,0,120191.634137511,39.3967132568359,30.0291786193848,1.10530769824982,60.9788970947266,29.9685039520264,0.0942987650632858,-0.783336162567139,-4.87284374237061,4.08951044082642,-0.222866609692574,1.00620090961456,12.4568939208984,20.5061912536621,8.53710174560547,3.83894067742327,2.84737823755921
5800,47,"undefined",2000,1,0.000493493222165853,0,0,0,0,1,0,0,0,137974.135935426,36.3451614379883,32.6000823974609,2.63333439826965,60.9900131225586,30.0794296264648,-0.73902428150177,-0.721914410591125,-4.51152420043945,3.78960371017456,0.269500285387039,0.452416300773621,1.65407991409302,4.81033325195312,1.64951586723328,6.26137127389361,6.63552382439025
5900,47,"undefined",1990,0,0.000837913248687983,0,0,0,0,1,0,0,0,206503.316674531,29.3113594055176,38.3159828186035,4.16657686233521,54.8764572143555,29.0412006378174,-0.73598176240921,2.82106995582581,0.654929876327515,2.16614294052124,-1.66836273670197,-1.15271210670471,16.0898685455322,14.8199081420898,15.3787612915039,2.667976032882,1.82409475516983
5900,47,"undefined",2000,1,0.000893050862941891,0,0,0,0,1,0,0,0,249685.137360543,26.2944221496582,47.6387939453125,6.2962064743042,58.5196304321289,29.3713264465332,-0.76553076505661,2.13186240196228,-1.9109855890274,4.0428466796875,1.77535951137543,-3.9072208404541,10.4673252105713,12.5008316040039,5.59609270095825,4.46335746073219,5.98571917041314
6000,1,"undefined",1990,0,0.0018246138934046,0,0,0,0,1,0,0,0,449675.217671275,32.8809547424316,48.0036392211914,3.28026366233826,60.1569480895996,29.5930824279785,0.385274231433868,0.0989317893981934,-2.08422541618347,2.18315720558167,-0.286905109882355,0.187972187995911,11.3927364349365,13.4694576263428,11.1762523651123,2.4790474091656,1.8988154129359
6000,1,"undefined",2000,1,0.00186417554505169,0,0,0,0,1,0,0,0,521198.675574601,25.4546604156494,53.4659461975098,4.89002227783203,62.5182456970215,31.2028255462646,0.202822238206863,-1.2573174238205,-5.18254518508911,3.92523002624512,1.44027650356293,-0.182960718870163,-0.863211512565613,-6.01979684829712,4.09773397445679,10.3569193684381,8.27073118473846
6100,1,"undefined",1990,0,0.00111172872129828,0,0,0,0,1,0,0,0,273985.003457069,46.6708946228027,32.1371040344238,0.943178951740265,57.9281997680664,30.9050350189209,-0.0511568412184715,0.781816244125366,-3.13515949249268,3.91697597503662,-1.32897639274597,0.547158718109131,13.0595207214355,12.98828125,13.8596534729004,2.00669444742057,2.93789137937722
6100,1,"undefined",2000,1,0.00107901194132864,0,0,0,0,1,0,0,0,301677.382074475,40.4230804443359,38.9164161682129,3.14082956314087,58.6622314453125,29.3675422668457,-0.680515766143799,-4.35508155822754,-6.00912952423096,1.65404582023621,0.617986798286438,3.73710060119629,-2.68139147758484,-2.22485399246216,-2.0282609462738,5.79771978452279,6.86539553831093
6200,1,"undefined",1990,0,0.000853480480145663,0,0,0,0,1,0,0,0,210339.847786605,40.1510162353516,34.7502250671387,0.832500100135803,56.2189292907715,28.2137298583984,-0.349471539258957,-1.58156752586365,-2.70482301712036,1.12325847148895,-0.306747853755951,1.88831090927124,11.6018772125244,10.9499454498291,12.3981952667236,1.3482505625172,3.36227511083837
6200,1,"undefined",2000,1,0.000828809686936438,0,0,0,0,1,0,0,0,231724.150415808,31.8992462158203,40.2556304931641,1.5443902015686,57.0718765258789,29.8099212646484,-0.661575734615326,-0.0710998252034187,-5.58731079101562,5.51621389389038,0.974631786346436,-0.903529763221741,-3.26612997055054,-1.98309755325317,-2.224036693573,4.44028440572034,3.50230087185529
6301,47,"undefined",1990,0,0.000292264245217666,0,0,0,0,1,0,0,0,72028.3801005483,58.4542999267578,23.4895267486572,0.995331823825836,61.6315422058105,30.0648174285889,0.139253363013268,-0.246977806091309,-5.23236227035522,4.98538589477539,-1.47813034057617,1.72510743141174,19.5286273956299,24.859094619751,16.6940212249756,4.63888569279629,4.6650892376962
6301,47,"undefined",2000,1,0.000304058630717918,0,0,0,0,1,0,0,0,85010.7436932325,48.9352607727051,30.1900444030762,2.7520158290863,61.2590560913086,31.5568885803223,-0.411436855792999,-6.83089637756348,-8.78182888031006,1.95093655586243,2.35917997360229,4.47171068191528,-1.79079604148865,1.85680389404297,-1.4848028421402,7.93502269224841,9.88456470974163
6302,47,"undefined",1990,0,0.000334718759404495,0,0,0,0,1,0,0,0,82491.2748272419,44.045482635498,28.341609954834,1.39863407611847,61.1808700561523,31.3097515106201,0.0255237147212029,-0.258630514144897,-3.81165742874146,3.55302691459656,-1.48610734939575,1.74473822116852,17.5761699676514,23.0885028839111,15.0793075561523,2.68271117686349,4.25330321289319
6302,47,"undefined",2000,1,0.000353587209247053,0,0,0,0,1,0,0,0,98858.2780090272,34.9462623596191,34.5233726501465,2.91739368438721,61.5329513549805,31.164249420166,-0.397267013788223,-4.8976879119873,-8.78950500488281,3.89181303977966,2.4551727771759,2.44251751899719,-3.6533899307251,2.58629655838013,-3.56585645675659,7.08361431547801,6.79174935387876
6401,47,"undefined",1990,0,0.00180009612813592,0,0,0,0,1,0,0,0,443632.834841728,28.3566055297852,40.4798164367676,1.90244805812836,62.3492584228516,32.8508377075195,0.167766734957695,1.62047743797302,-1.88073813915253,3.50121259689331,-0.527313709259033,-1.09316253662109,12.5328063964844,14.3964290618896,12.1646881103516,1.11372907884997,0.606961210690905
6401,47,"undefined",2000,1,0.00174462434370071,0,0,0,0,1,0,0,0,487773.740370393,22.9612426757812,49.3689193725586,3.84413528442383,64.2084426879883,32.8867568969727,-0.150237232446671,-3.16471719741821,-5.64323711395264,2.4785144329071,2.77953791618347,0.385180115699768,-2.15816497802734,2.11402344703674,-2.31381821632385,2.74364772092882,2.42310399544705
6402,47,"undefined",1990,0,0.000339794758474454,0,0,0,0,1,0,0,0,83742.2542509437,46.5346832275391,26.5448398590088,1.22121250629425,58.6107978820801,30.6235218048096,0.0841103866696358,0.226098299026489,-3.09524536132812,3.32134056091309,-1.14968454837799,0.923588871955872,16.1651611328125,22.1657276153564,12.9366397857666,2.23550278157597,4.55325136906784
6402,47,"undefined",2000,1,0.000372817914467305,0,0,0,0,1,0,0,0,104234.923416093,35.5931243896484,33.6169090270996,2.2595112323761,59.741081237793,31.692440032959,-0.457943230867386,-4.93076038360596,-8.86466312408447,3.93391060829163,1.99607181549072,2.93468141555786,-5.22804260253906,2.06899642944336,-5.96816205978394,10.808572940793,7.73959168935975
6501,13,"undefined",1990,0,0.000118695548735559,0,0,0,1,0,0,0,0,29252.4603360295,39.8786964416504,28.5445957183838,2.67207956314087,65.5903244018555,34.5110397338867,0.427404522895813,-6.44164085388184,-19.1670722961426,12.7254247665405,-0.848021388053894,7.28966903686523,5.59077262878418,6.76169395446777,6.88505172729492,0.59737863295442,2.52476960385287
6501,13,"undefined",2000,1,0.00015429247287102,0,0,0,1,0,0,0,0,43138.1221751571,38.5952835083008,39.1391639709473,5.60832262039185,59.9216117858887,29.9792461395264,-0.778866469860077,-0.0469173714518547,-6.14715480804443,6.1002459526062,2.19660139083862,-2.14969253540039,-5.35556268692017,-14.3085880279541,-2.58888506889343,2.32187386447941,2.64621564691083
6502,47,"undefined",1990,0,0.000689157808665186,0,0,0,0,1,0,0,0,169842.609676719,48.2089881896973,32.8449630737305,1.21806609630585,59.2811470031738,32.3775978088379,0.0938013195991516,-0.819599628448486,-4.99348783493042,4.17389297485352,-1.29353928565979,2.11313676834106,15.0070667266846,20.3870296478271,12.7872467041016,4.57535896687633,4.28362449932839
6502,47,"undefined",2000,1,0.000720354553777725,0,0,0,0,1,0,0,0,201401.545072645,39.9356918334961,39.458381652832,2.76719617843628,58.8718070983887,32.2549591064453,-0.302188336849213,-1.01992058753967,-6.75185489654541,5.73192739486694,2.12978768348694,-1.10986399650574,0.22404533624649,0.888075113296509,2.44147443771362,11.3874347649894,7.71916582173994
6600,13,"undefined",1990,0,0.00140304118394852,0,0,0,1,0,0,0,0,345778.830236733,51.2841033935547,28.3630790710449,1.84388959407806,63.8558616638184,32.8436508178711,-0.04880266264081,-0.944310426712036,-2.92543458938599,1.98112726211548,-0.806786894798279,1.75109505653381,14.6047592163086,12.8952980041504,16.2424564361572,1.60470528603425,0.60147030600406
6600,13,"undefined",2000,1,0.00149157480336726,0,0,0,1,0,0,0,0,417024.455431163,40.0030479431152,34.7930793762207,8.85014629364014,63.5557708740234,31.9204597473145,-0.236314654350281,-4.17998838424683,-5.79431867599487,1.61432790756226,2.2592933177948,1.92069578170776,-1.52683258056641,-2.65673232078552,-0.471251368522644,3.29109809573999,4.62123562834385
6700,12,"Tampa FL",1990,0,0.00837160926312208,0,0,0,1,0,0,0,0,2063179,11.0638599395752,47.9187049865723,8.37882900238037,66.2365798950195,33.2560615539551,0.0732000172138214,-1.14008188247681,-1.68291926383972,0.542843341827393,-0.395634025335312,1.53571224212646,15.2132511138916,14.1335964202881,15.4934406280518,0.621608833405476,0.516679697093799
6700,12,"Tampa FL",2000,1,0.00853681936860085,0,0,0,1,0,0,0,0,2386781,8.78471851348877,54.2443618774414,12.9018144607544,66.0698623657227,33.7112808227539,0.0809617340564728,-0.506673514842987,-1.80189144611359,1.29520893096924,1.71094703674316,-1.2042692899704,6.90167331695557,11.5498132705688,6.55964469909668,1.49367378674789,1.92252042521346
6800,12,"undefined",1990,0,0.00199757586233318,0,0,0,1,0,0,0,0,492301.603380442,15.0867576599121,35.3725280761719,5.70928573608398,59.7989730834961,28.7896099090576,-0.376286745071411,0.686591863632202,-1.8370316028595,2.5236189365387,-1.06310653686523,0.376516580581665,8.93006324768066,8.82763862609863,9.48891639709473,0.383276072746095,0.686058225109344
6800,12,"undefined",2000,1,0.00214047473855317,0,0,0,1,0,0,0,0,598448.234018326,10.9980430603027,39.8457183837891,11.3924522399902,61.3380889892578,27.6207275390625,-0.521415531635284,-0.862743139266968,-2.39699125289917,1.53424906730652,1.33750534057617,-0.474763751029968,4.44248723983765,5.79207277297974,5.07920122146606,0.765954422798925,1.53322257846129
6900,12,"undefined",1990,0,0.00252915639430285,0,0,0,1,0,0,0,0,623309.364587605,10.6110229492188,44.5778503417969,6.45510053634644,63.1456985473633,30.4370288848877,-0.535726249217987,-1.26264095306396,-0.657759606838226,-0.604879856109619,-0.38947594165802,1.6521155834198,16.2194728851318,19.7282314300537,15.8928871154785,0.623820293647689,0.41210486296087
6900,12,"undefined",2000,1,0.00272327405400574,0,0,0,1,0,0,0,0,761391.195004046,8.06477546691895,51.1960029602051,11.7475128173828,63.8571128845215,29.9864444732666,-0.547175705432892,1.76365876197815,-1.32522141933441,3.08888292312622,3.49559783935547,-5.25926065444946,7.06502342224121,6.15487766265869,7.74969387054443,1.05574456056706,1.2542665078811
7000,12,"Miami FL",1990,0,0.0132590159773827,0,0,0,1,0,0,0,0,3267678.14072585,10.4720163345337,46.2999229431152,39.9439735412598,64.7686538696289,33.744327545166,0.214465707540512,-6.39105415344238,-2.62979793548584,-3.76125574111938,-0.0117283314466476,6.40278291702271,10.0358009338379,13.9644145965576,9.39645767211914,0.887107850541213,0.916949125903415
7000,12,"Miami FL",2000,1,0.0141328042373061,0,0,0,1,0,0,0,0,3951344,7.57106971740723,51.4575004577637,48.9082260131836,59.9766311645508,33.8099670410156,0.132284909486771,7.97706842422485,-1.031334400177,9.00839900970459,-0.595032095909119,-7.38203096389771,3.26442718505859,8.4664478302002,2.79617309570312,1.93970707039356,1.851338007249
7100,12,"West Palm Beach FL",1990,0,0.00477712834253907,0,0,0,1,0,0,0,0,1177320.97640711,11.4910717010498,48.7574691772461,13.3475732803345,63.5406303405762,31.3319568634033,-0.0892801582813263,-2.48827338218689,-1.93216395378113,-0.556111335754395,-0.555315256118774,3.04358458518982,10.0163459777832,9.06758308410645,10.8814716339111,0.475014471985182,0.614918162104653
7100,12,"West Palm Beach FL",2000,1,0.00550703052431345,0,0,0,1,0,0,0,0,1539692.45647806,6.6831374168396,54.7604675292969,21.0200347900391,63.081169128418,30.5404148101807,-0.243387818336487,2.83364748954773,-2.08271932601929,4.91636991500854,2.39451289176941,-5.22815942764282,-0.187737599015236,6.97387981414795,0.37213733792305,1.21939804108766,0.937104432011115
7200,12,"undefined",1990,0,0.00197891588322818,0,0,0,1,0,0,0,0,487702.858407974,5.22430038452148,45.0099449157715,8.96917915344238,65.1920394897461,30.2655181884766,-0.387678891420364,-2.99668312072754,-0.575046598911285,-2.421635389328,0.0238841399550438,2.97279953956604,13.6248588562012,14.2297267913818,13.4954929351807,0.16860901907544,0.133578405204931
7200,12,"undefined",2000,1,0.00246814684942365,0,0,0,1,0,0,0,0,690061,4.77412033081055,49.7127227783203,17.1682395935059,62.5074577331543,29.1736755371094,-0.643249869346619,3.17725133895874,-0.658587694168091,3.83583974838257,2.64084982872009,-5.81810283660889,8.40650272369385,6.81836223602295,8.68599796295166,0.316172762778264,0.27739974141411
7300,12,"undefined",1990,0,0.00198589242063463,0,0,0,1,0,0,0,0,489422.255076885,16.6066951751709,52.0157279968262,7.71144485473633,62.0387840270996,30.5370445251465,0.0650613009929657,-0.367814302444458,-2.99847340583801,2.63066291809082,-0.866454124450684,1.23426616191864,7.91993141174316,6.439208984375,10.0394248962402,1.06712493507168,0.806817991603786
7300,12,"undefined",2000,1,0.00211566989310086,0,0,0,1,0,0,0,0,591513.11427474,11.7630701065063,56.9155464172363,9.99066066741943,63.4171257019043,29.2450008392334,-0.209828317165375,-0.181104451417923,-3.27321147918701,3.09210157394409,2.15148115158081,-1.97037196159363,4.87095975875854,9.27216625213623,6.11604976654053,1.82226494843009,6.45134431328394
7400,12,"Orlando FL",1990,0,0.00509991636499763,0,0,0,1,0,0,0,0,1256871.89520055,10.6394453048706,50.2801551818848,8.79104518890381,67.4890365600586,31.5566101074219,0.225589424371719,-2.03374028205872,-2.06748247146606,0.0337481498718262,-0.332214295864105,2.3659496307373,11.8710994720459,9.76138114929199,11.8629932403564,0.462265791456622,0.588715884600136
7400,12,"Orlando FL",2000,1,0.00610383460298181,0,0,0,1,0,0,0,0,1706550.90917796,7.21116495132446,56.2626609802246,15.8876848220825,66.180061340332,31.9930248260498,0.182376652956009,0.598660528659821,-1.89306163787842,2.49172115325928,2.03382968902588,-2.63248586654663,3.93186283111572,8.49825954437256,4.33983135223389,0.589202724903082,1.30849845606829
7500,12,"undefined",1990,0,0.00188367848750204,0,0,0,1,0,0,0,0,464231.655205488,13.3716373443604,45.4786491394043,6.11890697479248,61.1942100524902,30.0747928619385,-0.454849898815155,-0.532996654510498,-0.523762404918671,-0.00923871994018555,-0.167418271303177,0.700414180755615,9.37275886535645,9.91601943969727,9.56459045410156,0.538709380511934,0.440374891757493
7500,12,"undefined",2000,1,0.00202386593446136,0,0,0,1,0,0,0,0,565846,10.5589599609375,50.182746887207,8.18650054931641,61.8980522155762,30.4200210571289,-0.628416538238525,0.641499221324921,-2.60830140113831,3.24980688095093,0.192949816584587,-0.834452271461487,8.19499111175537,9.64770984649658,9.1000280380249,0.807739347147228,1.03140770280659
7600,12,"Jacksonville FL",1990,0,0.0039023351855576,0,0,0,1,0,0,0,0,961728.644397691,10.3479499816895,45.5999450683594,4.65959024429321,64.4705810546875,32.9054908752441,-0.0899679958820343,1.01918578147888,-1.20439457893372,2.22357511520386,-0.679421424865723,-0.339764356613159,14.5435333251953,13.3974552154541,14.0622615814209,0.352847387179851,0.269874639161582
7600,12,"Jacksonville FL",2000,1,0.0042120199650526,0,0,0,1,0,0,0,0,1177624.66101313,8.54330730438232,53.8461608886719,7.66716957092285,64.9893188476562,33.4241600036621,0.00218003988265991,0.962998151779175,-1.29222071170807,2.25522685050964,2.06975269317627,-3.03275036811829,8.83926677703857,12.8272609710693,7.70957088470459,1.08705937068032,0.718215443452676
7700,12,"undefined",1990,0,0.000486461911350489,0,0,0,1,0,0,0,0,119888.307246804,29.1006050109863,30.8528633117676,2.1146354675293,53.720085144043,25.3916149139404,-1.10550391674042,1.20269060134888,-3.99454379081726,5.19723320007324,-0.947548806667328,-0.25513768196106,10.2461338043213,4.59084510803223,11.8460178375244,0.201477209604574,0.820408465847982
7700,12,"undefined",2000,1,0.000534290331415832,0,0,0,1,0,0,0,0,149380.468942881,20.7829933166504,35.924633026123,3.57227253913879,57.7575912475586,25.9814777374268,-1.22789013385773,-0.892119765281677,-1.95679605007172,1.06467521190643,2.37706518173218,-1.48494327068329,3.4377236366272,24.1840915679932,1.67444777488708,0.566335773076422,1.62929944243752
7800,12,"undefined",1990,0,0.00116435182280838,0,0,0,1,0,0,0,0,286953.957538128,14.0991954803467,35.7055320739746,4.00540399551392,55.1654396057129,29.9441757202148,-0.618529438972473,1.50530338287354,-1.37896311283112,2.88426280021667,-0.839426755905151,-0.665870308876038,10.9452724456787,14.1945838928223,10.7187271118164,0.534860360430069,0.529200718655363
7800,12,"undefined",2000,1,0.00135529378894717,0,0,0,1,0,0,0,0,378922.091127634,11.4175033569336,43.1598091125488,6.07078552246094,57.3803672790527,29.2413539886475,-0.847074389457703,1.22299361228943,-1.13304913043976,2.35604381561279,2.80597543716431,-4.02897596359253,8.96106433868408,10.6077871322632,8.91658210754395,0.964293371773576,1.23577656574935
7900,12,"undefined",1990,0,0.00105330429505557,0,0,0,1,0,0,0,0,259586.346728265,10.4999990463257,59.6508445739746,7.39423036575317,59.7735824584961,28.0772571563721,-0.622386813163757,0.679022073745728,-0.75225305557251,1.43128037452698,0.515587985515594,-1.19461119174957,10.2736949920654,13.7866497039795,10.1967334747314,0.444383726774833,0.445768136330271
7900,12,"undefined",2000,1,0.00115262053441256,0,0,0,1,0,0,0,0,322257.364546239,9.09286499023438,63.12451171875,8.07257270812988,60.9689102172852,28.9170475006104,-0.715720653533936,-1.58119201660156,-0.555071949958801,-1.02612805366516,-0.686464011669159,2.26765871047974,9.27734375,14.4838600158691,9.11017799377441,1.06037319662957,1.4315854379607
8000,45,"undefined",1990,0,0.000778938934672624,0,0,0,1,0,0,0,0,191969.126473665,37.6626930236816,35.9098815917969,2.4733419418335,58.8064422607422,31.9477558135986,-0.312345385551453,2.47365832328796,-3.40439820289612,5.87805509567261,0.256164371967316,-2.72982406616211,13.9800071716309,15.4410839080811,17.387056350708,1.19548517751185,2.46826690861702
8000,45,"undefined",2000,1,0.000746873731259257,0,0,0,1,0,0,0,0,208815.95165199,33.9019432067871,40.3521385192871,3.59215784072876,60.6341667175293,31.4624633789062,-0.467673182487488,-7.34103536605835,-8.06083011627197,0.71979421377182,2.02806878089905,5.31297063827515,3.35625219345093,-1.38187408447266,3.98159027099609,3.4580379314206,4.26455553375346
8100,45,"undefined",1990,0,0.00252530048601329,0,0,0,1,0,0,0,0,622359.110280037,20.0397472381592,48.9769172668457,3.47060632705688,66.0862808227539,32.1784553527832,0.0351016223430634,-1.67750120162964,-2.61953997612,0.942033529281616,0.313606858253479,1.36390030384064,14.6206855773926,18.1280136108398,14.0093326568604,0.613040666131322,1.27241317064837
8100,45,"undefined",2000,1,0.00261510047130287,0,0,0,1,0,0,0,0,731147.249573022,15.4249773025513,54.7758750915527,4.89870405197144,65.0458221435547,31.8161735534668,-0.241283178329468,-1.37407433986664,-2.97988104820251,1.6058087348938,1.15863287448883,0.215445250272751,1.77635455131531,5.87545108795166,3.44283246994019,3.34433505909699,2.87310216627411
8201,45,"undefined",1990,0,0.0002708648389671,0,0,0,1,0,0,0,0,66754.5119533539,44.0922546386719,33.7954597473145,1.37722539901733,57.2974853515625,30.3711204528809,-0.323680400848389,-3.97188663482666,-3.18816447257996,-0.78372061252594,0.183816626667976,3.7880687713623,14.39528465271,20.4642772674561,12.0626926422119,1.28269397400499,2.56028810768942
8201,45,"undefined",2000,1,0.000261632900219411,0,0,0,1,0,0,0,0,73149.0756247044,44.2734565734863,38.6148872375488,1.62676906585693,56.7133483886719,30.8403129577637,-0.597162127494812,-1.50631153583527,-4.7493577003479,3.24304628372192,3.49628973007202,-1.98998188972473,-5.04813861846924,-4.68519735336304,-3.9907865524292,5.12576490795153,5.57435192843438
8202,45,"undefined",1990,0,0.00218814332038164,0,0,0,1,0,0,0,0,539266.861051798,14.6051387786865,46.7230606079102,3.34476161003113,61.1933364868164,28.6707096099854,-0.796605050563812,2.35859751701355,-1.83021426200867,4.18881177902222,0.385101139545441,-2.74369716644287,15.4012203216553,10.2324962615967,17.8330898284912,0.362235956378001,0.471623568338313
8202,45,"undefined",2000,1,0.00210272171534598,0,0,0,1,0,0,0,0,587893,11.4431619644165,54.2806205749512,5.26639986038208,62.5378952026367,29.8561000823975,-0.786864638328552,3.56519222259521,-1.77569890022278,5.34089136123657,0.859753310680389,-4.42494678497314,7.79267692565918,9.16201686859131,7.3794641494751,0.917577840451086,2.00224656108702
8300,45,"undefined",1990,0,0.00312165659852326,0,0,0,1,0,0,0,0,769330.760643005,33.4377975463867,40.9754524230957,1.94416844844818,65.3703842163086,32.6100044250488,0.251872688531876,-1.43426656723022,-4.81765413284302,3.38338899612427,-0.172882899641991,1.60714983940125,14.6639823913574,17.5238132476807,14.5058155059814,1.3550386551687,1.2439026116452
8300,45,"undefined",2000,1,0.00319971400313079,0,0,0,1,0,0,0,0,894597.47033906,25.5564575195312,48.219123840332,4.79487419128418,65.0565490722656,32.9211311340332,-0.0786761939525604,-3.86111211776733,-6.54900884628296,2.68788838386536,2.39521741867065,1.46589958667755,1.98112225532532,12.525899887085,0.292641788721085,3.32032645972894,3.71867070551443
8401,13,"undefined",1990,0,0.00186918850522488,0,0,0,1,0,0,0,0,460660.602981508,29.6284313201904,39.8520584106445,3.98539090156555,61.540210723877,29.4030914306641,-0.497460424900055,-2.20206379890442,-3.25201678276062,1.04995369911194,0.362218171358109,1.83984935283661,11.0352516174316,10.2539539337158,11.5064144134521,0.744643854282593,1.68662290961475
8401,13,"undefined",2000,1,0.00187341566197574,0,0,0,1,0,0,0,0,523782.068002254,26.5733089447021,47.5893898010254,5.16979789733887,60.2540321350098,28.2805824279785,-0.792983412742615,-1.89958310127258,-2.76711463928223,0.867528557777405,0.652297794818878,1.24728679656982,0.972475290298462,9.22931957244873,0.856876373291016,3.13078736493125,4.28641526752358
8402,13,"undefined",1990,0,0.000128458341350779,0,0,0,1,0,0,0,0,31658.4961207509,50.6315422058105,24.1292381286621,1.23873901367188,60.7154502868652,29.3272018432617,0.0144628621637821,-2.67255306243896,-3.43364930152893,0.761094689369202,-0.579817950725555,3.25236916542053,17.4505710601807,19.7145938873291,16.3440704345703,0.661905195323817,5.24803515406133
8402,13,"undefined",2000,1,0.00012873750529252,0,0,0,1,0,0,0,0,35993.2915376425,41.0851821899414,33.5939636230469,2.06121873855591,58.5236358642578,31.305700302124,-0.514863789081573,-2.79495549201965,-6.40181732177734,3.60686445236206,2.10903692245483,0.685917496681213,-5.33103942871094,0.49250465631485,-7.26645374298096,6.92297047692395,4.67236431730553
8501,13,"undefined",1990,0,9.96306480374187e-05,0,0,0,1,0,0,0,0,24553.9254890084,44.9135398864746,32.8419609069824,2.65677213668823,59.9027938842773,28.1341667175293,-0.257262259721756,-1.37251615524292,0.66261887550354,-2.03512907028198,-0.512343287467957,1.88485980033875,13.4568214416504,13.86399269104,13.7771129608154,2.16765027604015,2.42379984758835
8501,13,"undefined",2000,1,9.8013253591489e-05,0,0,0,1,0,0,0,0,27403.2000696361,52.8513793945312,34.6034774780273,4.36773681640625,59.9371032714844,27.9334125518799,-0.603236198425293,-3.02634930610657,-5.45605039596558,2.42969822883606,2.18923139572144,0.83711314201355,-4.09139919281006,-0.786985635757446,-4.33608484268188,4.98912952398181,4.56508489844611
8502,13,"undefined",1990,0,0.000149717467138544,0,0,0,1,0,0,0,0,36897.799253583,30.9846725463867,32.4684906005859,1.15891075134277,58.4520797729492,29.8764019012451,-0.166612640023232,-6.55911540985107,-1.41419625282288,-5.14491510391235,-1.4292106628418,7.9883279800415,6.63089752197266,7.26547241210938,7.67836570739746,0.550276641502244,1.83130508994556
8502,13,"undefined",2000,1,0.000150505205965601,0,0,0,1,0,0,0,0,42079.2529566288,35.6608734130859,35.4115142822266,4.09124851226807,55.6608657836914,27.7893600463867,-0.884078204631805,-2.7405788898468,-4.42104387283325,1.68045926094055,1.78594827651978,0.95463228225708,-0.0946862325072289,-11.8711338043213,-5.26312398910522,3.35031677408626,3.88499476348077
8503,13,"undefined",1990,0,0.000832037359941751,0,0,0,1,0,0,0,0,205055.212545991,33.4506721496582,31.6780033111572,2.60876703262329,59.7857780456543,27.9480361938477,-0.225062057375908,-1.86895728111267,-3.72212147712708,1.85316801071167,-0.512798130512238,2.38175106048584,13.7817859649658,15.2792453765869,13.8201713562012,0.541302655910888,1.08361318818435
8503,13,"undefined",2000,1,0.000873005366884172,0,0,0,1,0,0,0,0,244080.680503607,23.1164264678955,39.7852897644043,5.10417032241821,60.3320236206055,27.1137390136719,-0.713816821575165,0.322844296693802,-3.51436018943787,3.83720207214355,2.25092530250549,-2.57377123832703,0.866481184959412,0.477313995361328,1.15224289894104,1.76699836864178,2.64261842368886
8601,13,"undefined",1990,0,0.000404620397603139,0,0,0,1,0,0,0,0,99718.505551815,36.6015357971191,23.9652671813965,1.72976720333099,56.9534492492676,27.437744140625,-0.230652615427971,-1.25142335891724,-2.4631335735321,1.21171176433563,-1.38210797309875,2.63352990150452,15.0413990020752,21.7190742492676,12.7670764923096,1.7624742751775,3.16321399274026
8601,13,"undefined",2000,1,0.000403104262659326,0,0,0,1,0,0,0,0,112702.589286089,33.0966453552246,29.4120426177979,4.8172345161438,55.6111679077148,29.1407470703125,-0.951916873455048,2.74184775352478,-4.11391687393188,6.85576057434082,-0.679962873458862,-2.06187796592712,3.98315715789795,3.01429200172424,3.73629140853882,1.80090490790641,3.15709912992364
8602,13,"undefined",1990,0,0.000332217605318874,0,0,0,1,0,0,0,0,81874.8664573878,15.0623903274536,35.350471496582,3.15285396575928,55.5647735595703,27.9510765075684,-0.902606904506683,5.58092021942139,-2.18342256546021,7.76434230804443,0.122260674834251,-5.70318126678467,17.9033756256104,13.0166053771973,17.4077033996582,0.69476990944344,1.05411999890804
8602,13,"undefined",2000,1,0.000333383504766971,0,0,0,1,0,0,0,0,93209.5869054049,9.07388591766357,46.9833297729492,4.78008890151978,61.2439270019531,30.5546817779541,-0.867527425289154,6.00136184692383,-2.52853965759277,8.52989292144775,-0.910532295703888,-5.09082841873169,1.91688537597656,6.33437252044678,2.18268799781799,0.87322607487792,0.908134724605859
8701,13,"undefined",1990,0,0.00043751738849096,0,0,0,1,0,0,0,0,107825.953410029,29.289981842041,35.599006652832,2.69317412376404,56.0080604553223,26.8197689056396,-0.814588725566864,-2.3363471031189,-3.1422176361084,0.805869698524475,0.189579650759697,2.14676856994629,13.5659694671631,17.7624225616455,14.0631675720215,0.278297374301432,2.19415596152774
8701,13,"undefined",2000,1,0.000474411383038387,0,0,0,1,0,0,0,0,132639.108793795,21.6898765563965,42.4205589294434,6.01224184036255,54.6133232116699,27.2695388793945,-1.15479171276093,8.51462554931641,-1.47084140777588,9.98546409606934,0.394181996583939,-8.90880393981934,7.43791007995605,7.48620700836182,4.34711980819702,1.67745351458653,2.5945980527254
8702,13,"undefined",1990,0,0.000378820783225819,0,0,0,1,0,0,0,0,93360.2003731132,39.3427543640137,28.7692012786865,1.56019222736359,57.8177795410156,26.4458332061768,-0.289635896682739,-3.54024171829224,-5.12142705917358,1.58118903636932,0.352070093154907,3.18817186355591,17.2345638275146,22.4344730377197,15.3684616088867,1.48920386742931,2.57607895141435
8702,13,"undefined",2000,1,0.000395442155422643,0,0,0,1,0,0,0,0,110560.363856733,28.8629150390625,36.739315032959,4.80697631835938,55.4151229858398,26.3338031768799,-0.970110595226288,0.231410771608353,-3.74093317985535,3.97233891487122,0.106462404131889,-0.337868928909302,-2.73970198631287,0.189508706331253,-2.93718075752258,3.76256365836253,5.70989772438796
8800,13,"undefined",1990,0,0.00145296123810112,0,0,0,1,0,0,0,0,358081.590468347,14.5303754806519,43.1295471191406,3.17306852340698,61.4330291748047,30.444278717041,-0.563003540039062,-1.43682956695557,-2.20563125610352,0.768798589706421,-0.783017635345459,2.21984672546387,12.6925945281982,16.7288780212402,13.8855934143066,0.187334152927265,0.421232143892874
8800,13,"undefined",2000,1,0.00154870457481593,0,0,0,1,0,0,0,0,432997.175634027,11.5345935821533,52.8107986450195,6.96710443496704,60.3528327941895,27.8671531677246,-0.857640027999878,4.89997863769531,-1.79558074474335,6.69556045532227,0.312545478343964,-5.21252822875977,4.97681760787964,6.48198795318604,2.28091645240784,0.945603882355636,0.642086105370124
8900,13,"undefined",1990,0,0.0013917334144935,0,0,0,1,0,0,0,0,342992.039929986,21.0183925628662,38.5441513061523,2.44978785514832,61.8793601989746,30.8440418243408,-0.206485465168953,-2.17655897140503,-2.28500080108643,0.108444690704346,-0.00173896551132202,2.17829656600952,10.862398147583,13.0581855773926,11.5265846252441,1.13204041269054,1.44269307503769
8900,13,"undefined",2000,1,0.00137814343906939,0,0,0,1,0,0,0,0,385310.565729499,15.9178791046143,44.2996559143066,4.19151735305786,60.996955871582,31.291934967041,-0.541616380214691,-2.08812093734741,-3.66445112228394,1.5763213634491,1.71267557144165,0.375453919172287,1.97737550735474,-10.2828569412231,3.55952119827271,1.77173361612398,1.75918191643305
9001,13,"undefined",1990,0,0.000400587246986106,0,0,0,1,0,0,0,0,98724.5314019918,39.0991058349609,30.742374420166,1.35236895084381,58.7959632873535,27.8600807189941,-0.397261261940002,-2.25241184234619,-4.38783740997314,2.13542890548706,-0.120741128921509,2.3731529712677,13.9211654663086,18.071985244751,12.428617477417,1.15885837412675,2.0851077175875
9001,13,"undefined",2000,1,0.000380518671590835,0,0,0,1,0,0,0,0,106387.951683879,27.8687000274658,35.2881736755371,5.1251049041748,57.8589859008789,26.7816600799561,-0.92669278383255,-3.90001726150513,-4.58796119689941,0.687939763069153,-1.05899202823639,4.95900869369507,-6.11448287963867,4.47348165512085,-7.942063331604,4.13063270145354,5.93912828408647
9002,13,"undefined",1990,0,0.000295953272143379,0,0,0,1,0,0,0,0,72937.5385475159,35.3749351501465,28.151834487915,1.61750257015228,62.7835807800293,24.8746852874756,-0.619932353496552,-3.87706160545349,-2.72703623771667,-1.15002989768982,-1.12812972068787,5.00518989562988,14.4654750823975,21.8499183654785,11.8668079376221,0.761961345764265,0.716833545476412
9002,13,"undefined",2000,1,0.000303872511722147,0,0,0,1,0,0,0,0,84958.7102752179,28.5737209320068,35.944709777832,2.76565551757812,59.7553672790527,28.8223476409912,-0.910901129245758,-1.4709575176239,-4.82756757736206,3.35660982131958,-0.371866464614868,1.84282660484314,-7.27871513366699,2.50673294067383,-9.82693290710449,2.52772557394386,3.41633663711152
9003,13,"undefined",1990,0,0.000274537858786061,0,0,0,1,0,0,0,0,67659.7268481255,33.0317306518555,27.5182342529297,1.1001250743866,61.8241729736328,28.381814956665,-0.369979500770569,-4.57524681091309,-4.86325645446777,0.288012623786926,0.0174332410097122,4.55781221389771,16.6725635528564,24.167013168335,13.6343955993652,0.85522619534498,3.75910828625786
9003,13,"undefined",2000,1,0.000268693052930757,0,0,0,1,0,0,0,0,75122.9974533319,24.1706676483154,34.1058158874512,2.81168699264526,58.7868766784668,27.6865043640137,-0.990521252155304,-1.72580981254578,-4.49167728424072,2.76585984230042,-0.114875718951225,1.84068942070007,-8.26099967956543,1.88044142723083,-10.9917774200439,3.02822521183323,3.84663796890943
9100,13,"Atlanta GA",1990,0,0.0110618285834789,0,0,0,1,0,0,0,0,2726182.45861802,13.5592088699341,54.6032562255859,5.98152160644531,69.5555801391602,34.4546737670898,0.643584847450256,-2.77646780014038,-1.71505808830261,-1.06140971183777,-0.218968465924263,2.99543738365173,14.3874645233154,15.9520626068115,14.4395351409912,0.60990381784217,0.516618895150863
9100,13,"Atlanta GA",2000,1,0.0135798742994666,0,0,0,1,0,0,0,0,3796752.04759163,9.70363903045654,59.7689552307129,14.5627813339233,67.0223922729492,32.6905860900879,0.500757098197937,-1.50138986110687,-2.83575797080994,1.33436918258667,2.41681385040283,-0.915425181388855,-1.28187453746796,8.13933753967285,-1.81947445869446,1.30634652775382,1.48954545423429
9200,13,"undefined",1990,0,0.000475624692626297,0,0,0,1,0,0,0,0,117217.480512619,43.7373085021973,25.9084968566895,1.33921265602112,63.2075843811035,33.248950958252,-0.112679332494736,-0.352782011032104,-7.8035831451416,7.45080423355103,-1.96000635623932,2.31278538703918,26.771068572998,22.4323749542236,28.6460876464844,0.812137218442507,2.33548059170634
9200,13,"undefined",2000,1,0.00048251188127324,0,0,0,1,0,0,0,0,134903.896451592,32.6104125976562,42.5546188354492,3.8387086391449,63.2918243408203,31.5691032409668,-0.570070803165436,-3.48873662948608,-6.25692749023438,2.76818442344666,3.6716456413269,-0.182905361056328,-1.05796539783478,9.77134704589844,-3.6266188621521,6.9747685854905,4.7460623675459
9301,13,"undefined",1990,0,0.0006724126287736,0,0,0,1,0,0,0,0,165715.775413632,29.8472881317139,46.4696006774902,3.78467488288879,62.5139656066895,30.1228904724121,-0.226886048913002,-0.269824266433716,-3.0459680557251,2.77614593505859,0.681119441986084,-0.411292910575867,15.8922672271729,23.9855289459229,14.6255493164062,1.64558815717839,2.79414037101201
9301,13,"undefined",2000,1,0.000757655710913241,0,0,0,1,0,0,0,0,211830.447990656,22.4158515930176,55.1145668029785,7.46728467941284,62.6606864929199,30.0909252166748,-0.393152981996536,-2.11280584335327,-5.39645957946777,3.28364562988281,-0.854759871959686,2.96757054328918,0.0435965396463871,8.16849327087402,0.68725860118866,2.11959405498634,3.63435449731812
9302,13,"undefined",1990,0,0.000319055136060342,0,0,0,1,0,0,0,0,78630.9845659435,48.4206504821777,31.6920318603516,2.84220027923584,65.2615356445312,30.7860527038574,-0.190593898296356,-2.92223691940308,-2.78669452667236,-0.135540962219238,-0.444197654724121,3.3664345741272,8.45165252685547,11.1695766448975,7.0746898651123,1.86103897720555,6.00800631358785
9302,13,"undefined",2000,1,0.000319762213621289,0,0,0,1,0,0,0,0,89401.257496953,41.3201370239258,34.4375877380371,2.53042793273926,63.6896324157715,31.3695869445801,-0.369538962841034,-5.41537141799927,-9.33483695983887,3.91946506500244,1.82548105716705,3.58988976478577,-3.74732685089111,1.44147872924805,-3.96565008163452,6.3147940119604,6.23508511999203
9400,13,"undefined",1990,0,0.000774725805968046,0,0,0,1,0,0,0,0,190930.79963696,38.0935173034668,35.8811531066895,3.4493613243103,65.2727279663086,30.534761428833,-0.229832500219345,-1.89183354377747,-2.22774291038513,0.335913896560669,-0.784496963024139,2.67632603645325,14.9551391601562,14.2910003662109,15.189790725708,0.815824229500489,2.59585576961452
9400,13,"undefined",2000,1,0.000973148096818477,0,0,0,1,0,0,0,0,272079.247441828,32.8693656921387,38.2702903747559,12.6845941543579,62.5477142333984,30.585506439209,-0.372436225414276,-0.94579803943634,-6.15831995010376,5.21251964569092,1.27520787715912,-0.329405069351196,-4.67763614654541,-6.50957679748535,-3.84930181503296,2.80914018373543,3.04960383329091
9500,1,"undefined",1990,0,0.000556314305868,0,0,0,0,1,0,0,0,137103.38851738,54.7771987915039,29.8758296966553,0.693523705005646,60.6793899536133,30.7875537872314,0.241882771253586,-2.88122892379761,-6.25036525726318,3.36913776397705,-0.978080570697784,3.85930824279785,12.8403186798096,13.8776779174805,12.3595237731934,0.716591896904743,1.99724659378993
9500,1,"undefined",2000,1,0.000535803905222565,0,0,0,0,1,0,0,0,149803.632661462,32.6138458251953,34.2146873474121,1.60909402370453,57.0531616210938,29.9753494262695,-0.510464906692505,-2.04661059379578,-6.4355583190918,4.38894987106323,4.02829933166504,-1.98168849945068,0.69086891412735,12.8016471862793,-3.80195903778076,3.89449717648329,3.03877532919845
9600,13,"undefined",1990,0,0.00160560780204833,0,0,0,1,0,0,0,0,395701.285556406,43.202091217041,33.8292274475098,1.49128139019012,60.1768798828125,32.5380592346191,-0.0590464472770691,0.924563407897949,-6.14368486404419,7.06824970245361,-1.31404888629913,0.38948655128479,20.1135635375977,19.1073894500732,21.3468074798584,1.77398577671897,2.46730809818142
9600,13,"undefined",2000,1,0.00163669022731483,0,0,0,1,0,0,0,0,457596.783692807,32.8834114074707,43.2161903381348,4.08944177627563,61.3709945678711,31.0274696350098,-0.541001081466675,-1.8849458694458,-5.32534837722778,3.44039726257324,3.37611770629883,-1.49117195606232,0.919273972511292,10.2017269134521,-1.40190124511719,4.88213392218293,5.16248282664362
9701,13,"undefined",1990,0,0.00118293112609535,0,0,0,1,0,0,0,0,291532.794135153,26.7401962280273,42.018871307373,5.27697563171387,57.9448394775391,32.1340980529785,-0.273642003536224,3.04877161979675,-0.551973283290863,3.60074329376221,-0.187379866838455,-2.86139249801636,14.0786170959473,10.1912975311279,14.043664932251,0.724736734117679,0.698507591085201
9701,13,"undefined",2000,1,0.00108698930125684,0,0,0,1,0,0,0,0,303907.746236265,21.1722259521484,47.0018043518066,5.72562599182129,60.7561950683594,31.9023876190186,-0.410564601421356,-1.48363626003265,-5.1584267616272,3.67479658126831,0.869512557983398,0.614123702049255,-0.0949587151408195,0.140258237719536,-1.27472198009491,6.21139128110618,1.63441462177481
9702,13,"undefined",1990,0,0.000246247684117407,0,0,0,1,0,0,0,0,60687.6252354309,41.8027153015137,34.4248199462891,1.73195242881775,57.867359161377,29.9267654418945,-0.16617938876152,-6.39487504959106,-0.0102534890174866,-6.38462018966675,-1.59107184410095,7.98594665527344,4.85892295837402,1.7463207244873,6.46438598632812,3.40734484452181,2.46943473001221
9702,13,"undefined",2000,1,0.000236159306950867,0,0,0,1,0,0,0,0,66026.9997743368,34.5750846862793,35.7106513977051,3.97955846786499,54.9608116149902,27.7369403839111,-0.858622491359711,-1.79245638847351,-4.12856912612915,2.33611464500427,2.60761594772339,-0.8151615858078,1.67117810249329,-15.0239124298096,-3.18806505203247,3.53201686274624,4.88962549739831
9800,1,"undefined",1990,0,0.000502969196531922,0,0,0,0,1,0,0,0,123956.522967458,30.051549911499,46.7031021118164,2.89773011207581,55.3012313842773,30.0361404418945,-0.375865340232849,2.68783569335938,-3.87765097618103,6.56548118591309,-1.83008909225464,-0.857743620872498,13.411283493042,18.6357021331787,13.1144523620605,2.68590456919739,3.34716205992275
9800,1,"undefined",2000,1,0.000542502268217504,0,0,0,0,1,0,0,0,151676.40784508,20.3169593811035,58.1047515869141,4.42557001113892,59.5116424560547,30.0645942687988,-0.51492303609848,0.879083395004272,-3.69840121269226,4.57749176025391,0.741472721099854,-1.62055659294128,9.58626651763916,6.20726156234741,10.8356475830078,3.9190089236303,4.86291571758718
9900,12,"undefined",1990,0,0.00140905252192169,0,0,0,1,0,0,0,0,347260.310991824,10.0242443084717,55.3015594482422,3.91362619400024,66.1701889038086,32.0955238342285,0.0147172808647156,-3.22636365890503,-1.45202505588531,-1.77434086799622,1.85659635066986,1.36977136135101,13.1510257720947,14.6170139312744,13.1425380706787,0.332129983213885,0.510467060389908
9900,12,"undefined",2000,1,0.00152823247481138,0,0,0,1,0,0,0,0,427273.471138597,6.78454732894897,60.6005859375,5.86817979812622,63.4323654174805,30.7962265014648,-0.00554472208023071,0.158752709627151,-1.1277095079422,1.28646409511566,-0.961455881595612,0.802704215049744,4.66728210449219,21.6476573944092,3.90945148468018,1.50704375090199,1.03240750173316
10000,12,"undefined",1990,0,0.000600547704380006,0,0,0,1,0,0,0,0,148004.69001627,9.97498321533203,41.4495658874512,4.69962882995605,57.3413429260254,29.151948928833,-0.55189061164856,5.27468299865723,-1.11421799659729,6.38890266418457,-1.45548176765442,-3.81920337677002,18.2426929473877,23.9021301269531,17.9624557495117,0.142695588847894,0.361715950281789
10000,12,"undefined",2000,1,0.000609220820479095,0,0,0,1,0,0,0,0,170330.028986752,7.1388258934021,49.11328125,5.46411275863647,62.701099395752,29.8585891723633,-0.672969460487366,0.3039411008358,-1.27813327312469,1.58207750320435,1.72108840942383,-2.02502512931824,11.3011083602905,15.3728885650635,13.0212650299072,0.585054271698238,0.791137158204031
10101,13,"undefined",1990,0,0.000163899108883925,0,0,0,1,0,0,0,0,40392.8566160798,41.8708648681641,25.9369697570801,2.37198925018311,59.2266426086426,27.0064392089844,-0.06216711550951,-1.08501315116882,-5.3199200630188,4.23490715026855,0.129378959536552,0.95563530921936,17.9842948913574,25.8710861206055,15.7897472381592,1.66470257296594,0.965081367501802
10101,13,"undefined",2000,1,0.00015531200915575,0,0,0,1,0,0,0,0,43423.1698139906,28.8854656219482,37.4009132385254,3.33231735229492,60.0633010864258,28.4223136901855,-0.741954147815704,-6.13000583648682,-4.8136944770813,-1.31630051136017,-0.49478667974472,6.62478828430176,0.455379486083984,-4.4905800819397,2.40244174003601,2.27869144805896,3.41552732107264
10102,13,"undefined",1990,0,0.00023915889323689,0,0,0,1,0,0,0,0,58940.5939486623,38.2394828796387,25.9369697570801,2.37198925018311,59.2266426086426,27.0064392089844,-0.0621671043336391,-1.08501315116882,-5.3199200630188,4.23490715026855,0.129378959536552,0.95563530921936,17.9842948913574,25.8710861206055,15.7897472381592,0.950832287138041,1.22189389345886
10102,13,"undefined",2000,1,0.000233941143960692,0,0,0,1,0,0,0,0,65406.8296284676,24.8291931152344,37.4009132385254,3.33231735229492,60.0633010864258,28.4223136901855,-0.741954147815704,-6.13000583648682,-4.8136944770813,-1.31630051136017,-0.49478667974472,6.62478828430176,0.455379486083984,-4.4905800819397,2.40244174003601,3.23956716936781,2.38892576626586
10200,13,"undefined",1990,0,0.000674629351124167,0,0,0,1,0,0,0,0,166262.076598108,25.09130859375,31.2350215911865,1.60673487186432,58.2834777832031,28.7961330413818,-0.127362534403801,-2.11968421936035,-4.08645629882812,1.96676850318909,-0.246952101588249,2.3666353225708,17.0290946960449,24.3081569671631,16.2681579589844,0.71582349613117,1.11541227292025
10200,13,"undefined",2000,1,0.000649445399176329,0,0,0,1,0,0,0,0,181576.287877321,22.2554626464844,41.2522506713867,3.24011564254761,59.0923767089844,27.0682926177979,-0.621872782707214,2.18675827980042,-2.14369916915894,4.33045625686646,1.66185688972473,-3.8486123085022,-3.56708240509033,-6.24016332626343,-3.00652647018433,2.6423649256055,2.49160354400607
10301,13,"undefined",1990,0,0.000226206713705324,0,0,0,1,0,0,0,0,55748.5344662666,47.4925727844238,36.5393104553223,3.46413707733154,59.3886985778809,28.9964027404785,-0.320755392313004,-3.31026911735535,-2.2016019821167,-1.10866725444794,0.414406508207321,2.89586186408997,6.13665580749512,6.42304420471191,5.66277503967285,2.42792904579291,2.97474394083906
10301,13,"undefined",2000,1,0.000217880646232516,0,0,0,1,0,0,0,0,60916.5281803608,40.1126251220703,34.9449043273926,3.60901498794556,55.1383514404297,26.8273143768311,-0.626306414604187,0.354647636413574,-2.02959990501404,2.38425397872925,2.04625725746155,-2.40091347694397,-0.788892984390259,-0.395774841308594,-1.21355056762695,4.59321885166397,4.86497683746579
10302,1,"undefined",1990,0,0.000864232948515564,0,0,0,0,1,0,0,0,212989.800584078,31.3489856719971,39.0062446594238,2.62325811386108,59.767765045166,28.1344470977783,-0.355404675006866,-1.77955031394958,-5.83364200592041,4.05409336090088,0.344046950340271,1.43550336360931,13.2924556732178,18.7732696533203,10.3404998779297,0.744049178329508,3.01226237473757
10302,1,"undefined",2000,1,0.000800933630671352,0,0,0,0,1,0,0,0,223930.387356564,22.3038501739502,46.7615280151367,3.79462575912476,58.663158416748,28.4619960784912,-1.0411411523819,0.565196812152863,-3.60947203636169,4.17466688156128,-0.982307434082031,0.417109072208405,3.25890970230103,1.54638290405273,4.77313995361328,4.86976639781411,3.17231025579891
10400,28,"undefined",1990,0,0.000601289968471974,0,0,0,0,1,0,0,0,148187.624439716,34.0239486694336,38.0179977416992,0.804594874382019,57.6777381896973,31.0787258148193,-0.271208316087723,-0.29224157333374,-4.04130983352661,3.74907255172729,-0.370960295200348,0.663197040557861,11.8054389953613,9.8975658416748,12.0073795318604,10.0308227262654,2.74663812414797
10400,28,"undefined",2000,1,0.000566500355489552,0,0,0,0,1,0,0,0,158385.964915872,26.5364017486572,42.8089828491211,2.02550172805786,57.6762313842773,31.1322898864746,-0.913572609424591,-2.07753682136536,-3.93531131744385,1.85776615142822,2.24495363235474,-0.167416676878929,8.10555076599121,4.95011472702026,9.27434635162354,13.4903383264089,12.3627844678503
10501,28,"undefined",1990,0,0.000371658650692552,0,0,0,0,1,0,0,0,91595.0993549526,37.7574615478516,39.585563659668,1.88854968547821,55.7478675842285,29.1783447265625,0.0107884174212813,-1.5272319316864,-1.24701261520386,-0.280216336250305,-0.521131217479706,2.04836130142212,17.606258392334,15.0787830352783,18.1957721710205,1.60645691613348,2.57329408121359
10501,28,"undefined",2000,1,0.000339680875185877,0,0,0,0,1,0,0,0,94970.2489675879,27.9868488311768,40.6215362548828,1.68928146362305,55.1901741027832,30.3063545227051,-0.609144568443298,2.52264738082886,-4.97857999801636,7.50122308731079,2.99512052536011,-5.51776790618896,-1.98139452934265,10.057653427124,-3.62988901138306,3.7025121447,3.53198353986137
10502,28,"undefined",1990,0,0.000394706672523171,0,0,0,0,1,0,0,0,97275.273396492,52.1209373474121,43.322380065918,2.31137228012085,56.425422668457,29.6372203826904,-0.0271692499518394,0.0531435012817383,-1.05002522468567,1.10317170619965,0.55290013551712,-0.606048107147217,11.4644050598145,4.89768981933594,16.1667823791504,4.571128428279,3.68195520118326
10502,28,"undefined",2000,1,0.000371056201402098,0,0,0,0,1,0,0,0,103742.3752563,36.8646583557129,48.6588516235352,2.10145545005798,58.2858428955078,30.1109008789062,-0.280058920383453,-0.203907489776611,-5.98732471466064,5.78341722488403,0.549249351024628,-0.34534078836441,-4.48683309555054,5.38921356201172,-7.14717578887939,13.6783387722301,8.72707471265057
10600,1,"undefined",1990,0,0.000617812213022262,0,0,0,0,1,0,0,0,152259.524614334,45.4493179321289,26.0484008789062,0.477421432733536,52.5988883972168,26.317834854126,-0.250599533319473,0.334644317626953,-3.7987813949585,4.13342428207397,-0.532649457454681,0.198006629943848,18.0356979370117,27.261209487915,13.2143020629883,2.14886599999923,3.28481314902048
10600,1,"undefined",2000,1,0.000579232117161155,0,0,0,0,1,0,0,0,161945.587740868,38.8682250976562,36.4196014404297,2.66786336898804,54.3970413208008,28.344934463501,-0.877427756786346,2.35745739936829,-2.95381259918213,5.31127214431763,0.397929131984711,-2.75539064407349,-0.351769596338272,2.56899428367615,-1.09277451038361,4.73828672365061,4.60470653162032
10700,1,"Birmingham AL",1990,0,0.00381521857343614,0,0,0,0,1,0,0,0,940258.760262012,15.8813800811768,47.0091819763184,1.61987507343292,60.8528137207031,32.6694145202637,0.076921284198761,-0.603234767913818,-1.33553445339203,0.732302665710449,-0.276386737823486,0.879621505737305,15.8248424530029,17.3324584960938,15.5811309814453,0.37806647938054,0.427913259260434
10700,1,"Birmingham AL",2000,1,0.00370792020112276,0,0,0,0,1,0,0,0,1036685.1074931,13.2568464279175,53.3947334289551,3.49016833305359,61.5242195129395,32.2344017028809,-0.146032720804214,1.44529342651367,-2.13907670974731,3.5843677520752,0.901273846626282,-2.34656667709351,4.43444919586182,8.32217121124268,4.03765249252319,1.121801051159,1.36802543011059
10801,1,"undefined",1990,0,0.000986440340057015,0,0,0,0,1,0,0,0,243107.735770047,25.6448307037354,44.3976974487305,1.89551544189453,54.5645713806152,29.6719665527344,-0.440110921859741,-1.57555341720581,-1.32836627960205,-0.2471923828125,0.207256153225899,1.3683021068573,15.3264045715332,28.9462089538574,11.4985942840576,1.1945385265175,1.55576125631595
10801,1,"undefined",2000,1,0.000931406393647194,0,0,0,0,1,0,0,0,260408.829493761,23.5425720214844,48.1131362915039,2.55566453933716,54.941837310791,29.567590713501,-0.56862884759903,3.03902792930603,-0.4931560754776,3.53218841552734,-1.04683268070221,-1.99220013618469,5.08655834197998,0.0993183702230453,7.22258472442627,3.88153756813411,2.75838788333409
10802,1,"undefined",1990,0,0.000264819653239101,0,0,0,0,1,0,0,0,65264.6745863706,48.9732360839844,29.9243564605713,0.764311671257019,48.6568870544434,26.7575588226318,0.0203838367015123,-1.65674090385437,-3.04439353942871,1.38764977455139,-0.991058349609375,2.64780235290527,17.5634860992432,19.9258327484131,17.0804023742676,0.854290804775001,2.01447307933587
10802,1,"undefined",2000,1,0.000226092626689933,0,0,0,0,1,0,0,0,63212.4882102013,35.0081520080566,33.5973167419434,1.51994240283966,49.8065948486328,27.4024963378906,-0.786632418632507,4.44665145874023,-2.95859360694885,7.40524673461914,-0.454157590866089,-3.99249792098999,-1.95005965232849,1.0749272108078,-1.75516939163208,2.70216706930654,3.25520811070484
10900,12,"undefined",1990,0,0.0020919619128108,0,0,0,1,0,0,0,0,515563,11.5280227661133,50.9740905761719,5.1267991065979,58.5755157470703,29.3585777282715,-0.612348318099976,0.909066200256348,-1.9681636095047,2.87723541259766,-0.754399955272675,-0.1546710729599,13.5965347290039,16.6338920593262,14.7566318511963,0.247691888509627,0.479280797876653
10900,12,"undefined",2000,1,0.00222976179793477,0,0,0,1,0,0,0,0,623411.720203876,6.55841588973999,56.0713424682617,6.58059930801392,59.888500213623,27.7905426025391,-0.772937655448914,1.97083616256714,-0.541407108306885,2.51224207878113,1.15391457080841,-3.12474799156189,5.99479675292969,6.26468658447266,7.00896167755127,0.482237104498558,0.720291329297442
11001,1,"undefined",1990,0,0.00214984128251672,0,0,0,0,1,0,0,0,529827.365101933,19.2489147186279,39.4476890563965,2.08683466911316,55.2176361083984,28.3003234863281,-0.355760812759399,0.206929445266724,-2.16142988204956,2.36836075782776,-1.46963334083557,1.26270353794098,12.8252506256104,11.5596294403076,14.4649982452393,0.773093072473928,0.564485814825473
11001,1,"undefined",2000,1,0.00214422564022243,0,0,0,0,1,0,0,0,599496.946005583,15.062840461731,45.3876686096191,3.42332911491394,57.4492378234863,28.3702278137207,-0.654407978057861,1.79148578643799,-3.6995644569397,5.49104404449463,-0.113926291465759,-1.67756414413452,4.95828914642334,2.38806867599487,7.57115268707275,1.96934300529758,1.90751449194854
11002,1,"undefined",1990,0,0.000295529462164268,0,0,0,0,1,0,0,0,72833.0961239338,42.550163269043,33.251033782959,0.834266364574432,52.6218299865723,25.9687728881836,-0.0860092639923096,-4.77954149246216,-1.24378502368927,-3.53575038909912,-0.521493315696716,5.30102825164795,12.5438213348389,14.9564266204834,11.4424228668213,0.767617691183682,1.52786966147997
11002,1,"undefined",2000,1,0.000276119710179046,0,0,0,0,1,0,0,0,77199.3919129372,32.0679740905762,33.5459136962891,1.44067120552063,50.2718734741211,26.41286277771,-0.774668514728546,-2.67129278182983,-5.49319791793823,2.82190537452698,-0.208296954631805,2.87958979606628,-3.5478048324585,3.44153833389282,-3.38050317764282,4.77955066469743,2.80865561279061
11101,1,"undefined",1990,0,0.00130829378031194,0,0,0,0,1,0,0,0,322428.360887289,18.754581451416,46.6563262939453,2.14325928688049,62.0505981445312,32.9373550415039,0.0715112686157227,-2.37761735916138,-1.93703472614288,-0.440585613250732,-0.51104611158371,2.8886616230011,14.9298191070557,19.945240020752,13.8681888580322,0.558182616000631,0.585961210738229
11101,1,"undefined",2000,1,0.00131603691261262,0,0,0,0,1,0,0,0,367946.402024359,14.0485315322876,53.4189529418945,3.2066478729248,61.7862167358398,33.071647644043,-0.173185616731644,1.46299600601196,1.33947277069092,0.123526364564896,1.18874287605286,-2.65173411369324,4.97034597396851,22.1624374389648,2.02090406417847,1.49115858242096,2.17563565154244
11102,1,"undefined",1990,0,0.000317798840114847,0,0,0,0,1,0,0,0,78321.3746702671,42.1878356933594,35.3352508544922,1.59812378883362,56.7699012756348,27.1601142883301,0.0232188235968351,-2.10684537887573,-4.05351972579956,1.94667875766754,-0.85158497095108,2.95842599868774,16.3743495941162,25.4648685455322,13.3402347564697,0.839692604782394,3.19444296083827
11102,1,"undefined",2000,1,0.000287654198473319,0,0,0,0,1,0,0,0,80424.288136363,26.8047695159912,41.7814407348633,3.05716371536255,54.5449447631836,29.0006847381592,-0.691279292106628,2.93307638168335,-2.23595762252808,5.16902542114258,-0.630436182022095,-2.30263376235962,2.25360059738159,-3.05373334884644,2.68370771408081,2.5254793256942,3.82118789841878
11201,51,"undefined",1990,0,0.000819341745227575,0,0,0,1,0,0,0,0,201926.378172576,15.4344606399536,27.9857006072998,0.722354054450989,43.6584243774414,24.9993953704834,-1.0098614692688,2.2915780544281,1.63705122470856,0.654527544975281,-1.14470613002777,-1.14687383174896,4.31547164916992,13.9962196350098,1.91035270690918,0.321510959907051,0.633979514559226
11201,51,"undefined",2000,1,0.000708933686837554,0,0,0,1,0,0,0,0,198208.423331082,14.5098791122437,34.7679557800293,1.53822088241577,50.5515518188477,28.23171043396,-1.16719615459442,2.14806628227234,-4.15499496459961,6.30305910110474,-1.3596293926239,-0.788437485694885,-2.16947293281555,7.95139598846436,-3.37042140960693,2.2029571027114,1.66512167747311
11202,54,"undefined",1990,0,0.000258952233707532,0,0,0,1,0,0,0,0,63818.6505104303,2.28323721885681,27.1868057250977,0.697079598903656,39.6767997741699,26.490837097168,-1.06128418445587,-0.953373312950134,-0.00319071114063263,-0.950178503990173,-1.1752188205719,2.12858915328979,3.63469123840332,10.0024223327637,2.77423858642578,0.00852800266324196,0.0143476644269451
11202,54,"undefined",2000,1,0.000190493505215272,0,0,0,1,0,0,0,0,53259.4462646246,2.84424757957458,32.0843544006348,0.987087845802307,41.3393783569336,26.0759315490723,-1.54619312286377,4.47483587265015,0.173314869403839,4.30151414871216,-5.20420598983765,0.729377806186676,-0.782557845115662,10.9893932342529,-1.87839770317078,0.16101593795487,0.0483200205138193
11203,51,"undefined",1990,0,0.000348148780176416,0,0,0,1,0,0,0,0,85801.1032180786,10.5352554321289,24.196756362915,0.464047402143478,40.3418960571289,23.9769039154053,-1.20940315723419,2.46185064315796,-2.3005518913269,4.76240539550781,-1.83891129493713,-0.622940063476562,8.17809104919434,5.92555999755859,7.76710510253906,0.452518923848664,0.559988137814097
11203,51,"undefined",2000,1,0.000296609447104856,0,0,0,1,0,0,0,0,82928.0542129278,9.466383934021,35.5402793884277,0.727128326892853,48.414249420166,25.4710922241211,-1.29951524734497,4.99028825759888,-3.02766442298889,8.0179443359375,-1.22545230388641,-3.76483392715454,-4.85365724563599,9.73163318634033,-7.09901523590088,0.841130925083381,2.46367377017953
11301,51,"undefined",1990,0,0.000700220465660095,0,0,0,1,0,0,0,0,172569,10.8391447067261,43.9397964477539,4.35139131546021,67.3962707519531,27.6656513214111,-0.212257653474808,-0.788122415542603,-0.59433913230896,-0.19378662109375,-0.0686457380652428,0.856772065162659,13.7421131134033,17.1020984649658,12.7350330352783,0.233897672674842,0.195691843134012
11301,51,"undefined",2000,1,0.000854877347592264,0,0,0,1,0,0,0,0,239012.33406049,7.76086902618408,53.0584754943848,6.15398120880127,68.4311828613281,28.3544979095459,0.00843837857246399,-2.42678618431091,-3.15431642532349,0.727534294128418,1.61283886432648,0.813946127891541,15.3314037322998,3.99603176116943,16.5211811065674,0.482292984848332,0.620060622154049
11302,24,"Baltimore MD",1990,0,0.00951476767659187,0,0,0,1,0,0,0,0,2344910,14.3981962203979,49.4943695068359,5.17714929580688,67.9737930297852,31.819995880127,0.179305076599121,-1.53710842132568,-2.76751589775085,1.23040676116943,0.095580518245697,1.44152939319611,12.3129844665527,9.95945930480957,13.2162094116211,0.64672763001731,1.03000955457763
11302,24,"Baltimore MD",2000,1,0.00899063237011433,0,0,0,1,0,0,0,0,2513661,9.8516263961792,57.9706077575684,8.09005737304688,68.1704330444336,32.4066848754883,0.190967917442322,1.04383063316345,-2.33359217643738,3.37742042541504,0.771238327026367,-1.81506776809692,12.082576751709,13.8895168304443,11.6690912246704,1.24829063405949,1.59720482319051
11303,51,"undefined",1990,0,0.000212401369935833,0,0,0,1,0,0,0,0,52346.2171645164,18.3123207092285,37.0776519775391,2.07892274856567,62.0100250244141,26.8383083343506,-0.6341712474823,-1.81502103805542,-2.194007396698,0.378990173339844,0.182614475488663,1.63240134716034,8.90302658081055,-10.1195812225342,14.0675067901611,0.232584001614629,0.956519777611384
11303,51,"undefined",2000,1,0.000214873085496947,0,0,0,1,0,0,0,0,60075.6530801654,14.1341428756714,39.0924377441406,3.56183958053589,63.4044876098633,28.7380638122559,-0.697489321231842,7.0595064163208,-2.77749443054199,9.83699703216553,0.480010032653809,-7.5395131111145,8.88177299499512,22.5110054016113,6.8046703338623,0.953924587780607,0.736567045798811
11304,24,"Washington DC",1990,0,0.016332384198904,0,0,0,1,0,0,0,0,4025108.03131849,5.60473585128784,62.5564765930176,15.5961017608643,73.4371948242188,33.5910415649414,1.02482688426971,-3.34223508834839,-0.839922189712524,-2.50231027603149,0.309091240167618,3.03314185142517,12.9499912261963,19.4799900054932,12.4716758728027,0.209094973483948,0.170641670461906
11304,24,"Washington DC",2000,1,0.0165990442037582,0,0,0,1,0,0,0,0,4640871.94409496,5.35876274108887,66.4286270141602,23.4399375915527,70.1639022827148,31.9244651794434,1.04549312591553,2.07821822166443,-1.26524078845978,3.34345436096191,0.710957288742065,-2.78916954994202,14.7392406463623,12.3418397903442,15.0037498474121,0.855131801014873,0.602800023010994
11401,26,"undefined",1990,0,0.000509939272888005,0,1,0,0,0,0,0,0,125674.284621716,15.6551952362061,43.5114898681641,1.87413227558136,58.6471900939941,28.4350605010986,-1.07225000858307,4.96279001235962,-0.325582176446915,5.28836822509766,-0.709159672260284,-4.25362586975098,12.5429153442383,15.9392833709717,11.9100570678711,0.237537788755197,0.182278005025043
11401,26,"undefined",2000,1,0.000435758847743273,0,1,0,0,0,0,0,0,121832.374201179,13.9714164733887,53.3375434875488,1.95462203025818,66.6664047241211,29.8033332824707,-0.910689830780029,-1.37567520141602,-1.33999752998352,-0.0356691218912601,0.258948117494583,1.11671853065491,1.13064897060394,2.63840818405151,1.48303163051605,1.38385246967225,0.706866713072882
11402,26,"undefined",1990,0,0.00044627717579715,0,1,0,0,0,0,0,0,109984.792625129,38.2938385009766,43.3497276306152,1.87091660499573,63.5070190429688,29.5220146179199,-0.519442021846771,2.99398303031921,0.463424623012543,2.53055691719055,-0.242559984326363,-2.75142645835876,10.964822769165,7.58218765258789,12.0869636535645,1.19228818712378,0.542277485718709
11402,26,"undefined",2000,1,0.000410997949074954,0,1,0,0,0,0,0,0,114909.551947802,32.2306137084961,49.2236175537109,2.07265543937683,70.557502746582,30.1168060302734,-0.671914517879486,-0.830684423446655,-1.62218308448792,0.79149854183197,0.732095658779144,0.0985924750566483,3.65311765670776,5.85617351531982,3.6806378364563,2.77783904634883,2.40498461443873
11403,26,"undefined",1990,0,0.000206290758796968,0,1,0,0,0,0,0,0,50840.2580368519,10.9197702407837,38.4567337036133,1.54260647296906,55.2890586853027,28.0960502624512,-1.01115465164185,4.51410388946533,-2.49256873130798,7.00666904449463,-0.748338580131531,-3.7657618522644,11.5649223327637,11.5511417388916,13.9259338378906,0.251024104238099,0.303727387221057
11403,26,"undefined",2000,1,0.000208777157240547,0,1,0,0,0,0,0,0,58371.3155236244,8.66999053955078,51.9879112243652,2.70145583152771,64.4637756347656,29.4575901031494,-0.90174525976181,0.999263405799866,-0.665458202362061,1.664715051651,-0.134071066975594,-0.865191221237183,-1.41368591785431,-7.54233741760254,0.386169970035553,0.777002093697904,0.47492843772728
11500,26,"undefined",1990,0,0.00116104912012815,0,1,0,0,0,0,0,0,286140,32.6892356872559,42.7278213500977,1.94902288913727,62.3292388916016,34.3406600952148,-0.0653613731265068,4.06544208526611,0.780823826789856,3.28461837768555,-1.83391869068146,-2.23152041435242,15.2516841888428,15.1042938232422,15.446662902832,1.27885993022265,0.687063248936902
11500,26,"undefined",2000,1,0.00108913984149694,0,1,0,0,0,0,0,0,304509,29.8494167327881,49.5949249267578,2.39342308044434,68.5249710083008,34.5380096435547,-0.41241592168808,-7.17461919784546,-7.72795534133911,0.55333548784256,3.19220972061157,3.98240995407104,-9.0855188369751,-8.18497753143311,-5.41789197921753,4.18038970321118,3.23377208940901
11600,26,"Detroit MI",1990,0,0.0205559339374304,0,1,0,0,0,0,0,0,5066000.2635355,26.2637042999268,49.7685546875,6.03028774261475,60.3414459228516,35.0121002197266,0.304951608181,2.24579572677612,-0.68705677986145,2.93285846710205,-2.15925526618958,-0.0865459442138672,13.6250972747803,13.1933212280273,14.5208835601807,0.746641445429795,0.440535534411912
11600,26,"Detroit MI",2000,1,0.0190175995230675,0,1,0,0,0,0,0,0,5317067.70178282,19.7049522399902,56.5457649230957,8.77869987487793,64.3839874267578,33.9515113830566,0.197997987270355,-5.94866275787354,-5.18566370010376,-0.763007581233978,4.70772361755371,1.2409473657608,-7.27374172210693,-0.662122428417206,-5.47225141525269,1.8244309885031,1.77479474047096
11700,26,"undefined",1990,0,0.00175364513415843,0,1,0,0,0,0,0,0,432185,21.1924057006836,61.7489738464355,4.35759401321411,68.0177841186523,34.9151268005371,0.254227221012115,0.224471092224121,-2.24473476409912,2.46920585632324,-0.854524612426758,0.630055367946625,11.9781970977783,-0.221681594848633,16.2552833557129,0.19994089011466,0.176491437118146
11700,26,"undefined",2000,1,0.00159494357649237,0,1,0,0,0,0,0,0,445925,15.9220476150513,66.5300216674805,5.60684680938721,69.9371337890625,33.4469604492188,0.160995274782181,-5.84849309921265,-1.86627674102783,-3.98221206665039,2.05219531059265,3.7962920665741,-5.21285200119019,-15.0276584625244,-2.84624099731445,0.896669214091099,0.755397177557615
11800,26,"undefined",1990,0,0.000480114540550858,0,1,0,0,0,0,0,0,118324,16.6566543579102,49.2250137329102,1.76725447177887,57.8238716125488,29.8646068572998,-0.334328353404999,4.47813272476196,0.383494049310684,4.09464263916016,-1.63794386386871,-2.84018802642822,12.3584747314453,12.7587795257568,11.9146823883057,0.636228852058565,0.276798496370696
11800,26,"undefined",2000,1,0.000494472740683705,0,1,0,0,0,0,0,0,138248,15.5846138000488,55.2052383422852,2.15901613235474,63.7757797241211,29.1202602386475,-0.374029338359833,-5.06637763977051,-4.0585732460022,-1.00781238079071,5.49139308929443,-0.425010919570923,-5.08253908157349,-13.1023273468018,0.0965254679322243,1.12837656221806,2.06951972693774
11900,26,"undefined",1990,0,0.00214495998807251,0,1,0,0,0,0,0,0,528624.360109687,30.9858379364014,41.0470390319824,1.77326166629791,56.8841819763184,32.1136131286621,-0.361498892307281,5.57214641571045,-0.687392055988312,6.25953674316406,-2.84963059425354,-2.7225136756897,11.6536140441895,11.2176418304443,13.7614250183105,0.68348762915138,0.527873773584054
11900,26,"undefined",2000,1,0.00192437029909343,0,1,0,0,0,0,0,0,538028.312696934,22.3755397796631,49.8520431518555,2.63617372512817,65.1457061767578,31.6441707611084,-0.498719811439514,-5.91989088058472,-4.48068761825562,-1.43920528888702,2.93103551864624,2.988849401474,-6.86332130432129,-1.32765090465546,-4.07545900344849,1.84666436793992,2.45965423829452
12001,26,"undefined",1990,0,0.000422551267547533,0,1,0,0,0,0,0,0,104137.553549051,32.2916374206543,43.9815864562988,2.06656646728516,58.6525611877441,28.3072261810303,-0.467148721218109,1.82894468307495,0.112318992614746,1.71662271022797,-0.663433611392975,-1.16550624370575,7.77087211608887,-5.68828582763672,13.8712882995605,1.6307993891732,1.10179376971258
12001,26,"undefined",2000,1,0.000433020177297294,0,1,0,0,0,0,0,0,121066.676454604,33.8287887573242,45.8492469787598,2.34540271759033,63.7643051147461,30.5416641235352,-0.60104775428772,-3.40366363525391,-4.61950492858887,1.21584963798523,3.38446187973022,0.0191969536244869,-3.00155377388,6.10317516326904,-4.58376741409302,4.27894910140389,3.00324252246416
12002,26,"undefined",1990,0,0.000188216465176083,0,1,0,0,0,0,0,0,46385.8579774499,28.8941268920898,48.5539245605469,2.07139897346497,61.0480842590332,28.9242267608643,-0.414229989051819,2.3078441619873,-1.04444324970245,3.352290391922,-1.16537070274353,-1.14247500896454,8.61811637878418,-6.0215950012207,14.4058704376221,1.48140595656421,1.57358619127319
12002,26,"undefined",2000,1,0.000191176935913973,0,1,0,0,0,0,0,0,53450.5260035992,27.9791946411133,51.3394241333008,2.83887338638306,66.2021102905273,30.2979526519775,-0.538938999176025,-3.70189142227173,-3.84578967094421,0.143894121050835,3.92389035224915,-0.221993237733841,-2.70353055000305,1.74031949043274,-2.75938844680786,4.28933128282413,4.56055240284163
12100,26,"undefined",1990,0,0.0019256406230852,0,1,0,0,0,0,0,0,474573.219667494,31.1864624023438,50.7008209228516,2.94592475891113,65.8584365844727,31.9433269500732,-0.103940293192863,1.62624716758728,-1.16245746612549,2.78870463371277,-1.21225118637085,-0.413994491100311,10.4498386383057,8.40139389038086,12.5435829162598,0.780909115747275,0.575540996571523
12100,26,"undefined",2000,1,0.00182120501995087,0,1,0,0,0,0,0,0,509184.695886254,23.549934387207,56.968074798584,4.17447328567505,68.4692535400391,31.9106159210205,-0.0913433730602264,-6.09966707229614,-5.48234796524048,-0.617325305938721,3.23816609382629,2.86150193214417,-4.99016904830933,2.60421204566956,-4.26040363311768,2.07259941502252,1.86081905838646
12200,26,"Grand Rapids MI",1990,0,0.00450705783441663,0,1,0,0,0,0,0,0,1110762.24880672,33.5854225158691,47.3224334716797,3.36644053459167,66.6223983764648,33.6402282714844,0.121672451496124,0.937563180923462,-1.42552399635315,2.36309170722961,-1.39195466041565,0.454387068748474,12.8085613250732,10.3045463562012,15.0367736816406,1.19660363715018,0.90194599446323
12200,26,"Grand Rapids MI",2000,1,0.00460996199399233,0,1,0,0,0,0,0,0,1288883.94540536,30.0002956390381,53.5441589355469,6.20963478088379,69.8063278198242,33.980598449707,0.0389575958251953,-5.73255348205566,-5.96032381057739,0.227766364812851,4.16295957565308,1.56959688663483,-6.23089933395386,-5.34370946884155,-4.00332021713257,3.07567891819647,2.87704334389755
12301,26,"undefined",1990,0,0.000500907597597688,0,1,0,0,0,0,0,0,123448.435820818,17.4973011016846,46.8748397827148,1.66201567649841,64.2335739135742,30.3152046203613,-0.412640273571014,2.68204212188721,-0.822049379348755,3.50409746170044,-1.71041560173035,-0.971630215644836,15.6317710876465,16.6584491729736,15.556001663208,0.814479938576479,0.530524681907667
12301,26,"undefined",2000,1,0.000562585133593529,0,1,0,0,0,0,0,0,157291.312071145,16.813383102417,55.5137176513672,2.79330778121948,69.1578140258789,30.3311176300049,-0.501703143119812,-1.90181398391724,-3.03226399421692,1.13044464588165,3.96257495880127,-2.06075811386108,-1.01757049560547,-1.05217528343201,-0.494071424007416,2.31064096037431,1.72754782003575
12302,26,"undefined",1990,0,0.000273861893219873,0,1,0,0,0,0,0,0,67493.1288203001,21.6737976074219,36.9492835998535,1.35298311710358,58.9335021972656,29.9768333435059,-0.569698929786682,1.73028707504272,0.536553561687469,1.19373202323914,-0.825409591197968,-0.904875993728638,16.8657779693604,18.6283111572266,16.2008762359619,0.670614742520134,0.507797319480245
12302,26,"undefined",2000,1,0.000304146495182067,0,1,0,0,0,0,0,0,85035.3147084117,18.0534400939941,46.2142448425293,1.84433782100677,63.8089714050293,30.1380043029785,-0.710880279541016,0.215802878141403,-3.50606036186218,3.72186708450317,2.55944466590881,-2.77524757385254,-2.98568177223206,3.62743663787842,-4.01551389694214,2.02860163229541,1.98162945050877
12401,26,"undefined",1990,0,0.00034251541364938,0,1,0,0,0,0,0,0,84412.7608513832,21.503833770752,34.6311492919922,1.33210444450378,52.8245391845703,30.4689178466797,-0.762259840965271,2.67727375030518,-0.155674666166306,2.83294630050659,-1.02796185016632,-1.64931118488312,16.1596775054932,15.7036304473877,16.5894031524658,0.694758520443459,0.729904470743747
12401,26,"undefined",2000,1,0.000305826280964538,0,1,0,0,0,0,0,0,85504.9538422823,18.7259216308594,42.8510131835938,1.69738340377808,58.9162216186523,29.1916007995605,-0.956814408302307,-0.049514427781105,-2.68031334877014,2.63080430030823,2.26707005500793,-2.2175567150116,-7.57919025421143,-7.99771690368652,-6.21986389160156,1.22411898242283,2.00584470627823
12402,26,"undefined",1990,0,0.000345634500263259,0,1,0,0,0,0,0,0,85181.4574776888,20.1317558288574,34.4924774169922,1.42818069458008,52.2950057983398,30.4137878417969,-0.77385413646698,3.09616327285767,0.070403516292572,3.02576112747192,-1.2674309015274,-1.828733086586,15.98801612854,15.447473526001,16.3443565368652,1.07875922692916,0.539270212440604
12402,26,"undefined",2000,1,0.000376228534150869,0,1,0,0,0,0,0,0,105188.490239441,16.7198219299316,42.2953643798828,1.68936777114868,58.698169708252,29.4329948425293,-0.938461422920227,-0.910120368003845,-2.84182810783386,1.93170142173767,2.53493022918701,-1.62480974197388,-7.36910915374756,-7.15964221954346,-5.90808057785034,3.55497605609089,2.48626547683384
12501,39,"Dayton OH",1990,0,0.00473505025729537,0,1,0,0,0,0,0,0,1166950.85005569,28.8568820953369,44.4023780822754,2.23214793205261,62.8910942077637,34.3098068237305,0.131198540329933,2.12996006011963,-1.16478943824768,3.29475402832031,-0.681055307388306,-1.4489084482193,10.6311321258545,5.60412406921387,13.874626159668,0.941588901327134,0.746398497090728
12501,39,"Dayton OH",2000,1,0.00424344232305884,0,1,0,0,0,0,0,0,1186410.03838229,25.8578414916992,50.3350486755371,3.17612171173096,67.3747100830078,34.0901985168457,-0.042647197842598,-1.43285310268402,-4.9615478515625,3.52868843078613,2.25736832618713,-0.82451319694519,-4.90236282348633,-2.11143493652344,-3.58404445648193,3.71296416278758,3.36218439912307
12502,39,"undefined",1990,0,0.000397089374018833,0,1,0,0,0,0,0,0,97862.4867808819,35.1441612243652,27.1518173217773,0.708996951580048,58.7407188415527,30.1487884521484,-0.365285336971283,5.33699989318848,-1.25817203521729,6.59517049789429,-0.98770672082901,-4.34929275512695,17.7124977111816,13.3783340454102,21.6766357421875,3.35098838017282,1.05699494690845
12502,39,"undefined",2000,1,0.000393098103813827,0,1,0,0,0,0,0,0,109905,26.2515907287598,37.2230033874512,1.18542754650116,64.9431686401367,31.4650421142578,-0.869843602180481,-3.69308662414551,-5.82963466644287,2.13654541969299,3.83269667625427,-0.139606848359108,-6.50814628601074,-9.79668712615967,-3.95727157592773,2.40550659557653,4.47581606946712
12600,18,"undefined",1990,0,0.000424240017309785,0,1,0,0,0,0,0,0,104553.751371861,33.6830215454102,30.3250045776367,0.738961517810822,61.7493438720703,35.9840507507324,-0.135826587677002,2.08199024200439,-0.912567973136902,2.99456119537354,-1.47921931743622,-0.602774322032928,14.0861988067627,9.9693775177002,18.4040546417236,1.44362040470441,1.82821018279463
12600,18,"undefined",2000,1,0.000371174566680565,0,1,0,0,0,0,0,0,103775.469619632,30.7002487182617,37.0125007629395,1.65359401702881,65.7910919189453,34.5612525939941,-0.497990190982819,-3.83981657028198,-5.88171577453613,2.04189324378967,2.22912120819092,1.6107006072998,-0.461850821971893,-4.55059337615967,5.3656439781189,3.57579905426557,4.96564545918176
12701,39,"Cincinnati OH",1990,0,0.00727912504225969,0,1,0,0,0,0,0,0,1793936.81692916,22.8097400665283,45.9660491943359,2.60679817199707,64.5187149047852,33.3399696350098,0.292517006397247,1.31694674491882,-1.98422074317932,3.30116748809814,-0.573230504989624,-0.743716955184937,15.5175685882568,16.0659790039062,16.5311813354492,1.21624948309813,0.728788532877743
12701,39,"Cincinnati OH",2000,1,0.00697359722107649,0,1,0,0,0,0,0,0,1949725.00153756,16.8896503448486,52.9394569396973,3.73221588134766,67.5493087768555,32.748119354248,0.193094909191132,-1.67540144920349,-2.89404392242432,1.21864247322083,2.36236929893494,-0.686969101428986,1.28834593296051,5.14684391021729,2.06524991989136,2.15134927895192,2.766573249018
12702,21,"undefined",1990,0,0.00020351362763904,0,0,0,0,1,0,0,0,50155.8347587585,42.3405723571777,28.2956447601318,0.607327580451965,54.4042892456055,25.6104431152344,-0.397423982620239,0.224387645721436,-0.0900879502296448,0.314474105834961,-0.832142293453217,0.607752799987793,19.2432880401611,23.6503124237061,17.6455497741699,11.188971134348,4.22671487856999
12702,21,"undefined",2000,1,0.000191442770301364,0,0,0,0,1,0,0,0,53524.8484566212,34.9005584716797,35.806770324707,1.36003601551056,54.6456413269043,27.0843601226807,-1.00706744194031,2.2088885307312,-1.83024370670319,4.03913021087646,0.342556416988373,-2.55144500732422,-0.626359641551971,13.242790222168,-4.55549764633179,4.6346631087906,9.20054398051286
12800,18,"undefined",1990,0,0.00048388511640951,0,1,0,0,0,0,0,0,119253.251972556,40.3297996520996,32.920482635498,0.876663744449615,62.7086944580078,31.1692199707031,-0.316582858562469,2.35244035720825,-0.591389834880829,2.94383478164673,-0.445132315158844,-1.90730834007263,13.1431102752686,7.69705772399902,17.0807361602783,4.47648041173749,0.965738053384102
12800,18,"undefined",2000,1,0.000484589138068259,0,1,0,0,0,0,0,0,135484.673653245,30.0087699890137,36.6380577087402,1.23823010921478,67.6340942382812,32.7248458862305,-0.414961308240891,-1.01845610141754,-5.79354572296143,4.77508115768433,1.91540265083313,-0.896941304206848,-0.10456357896328,-1.01491379737854,3.15005445480347,2.90022413891222,3.6507454305783
12901,21,"undefined",1990,0,0.00182584917638451,0,0,0,0,1,0,0,0,449979.650153495,22.083553314209,48.9536819458008,2.16333985328674,67.1753311157227,31.9531955718994,0.171902924776077,-1.37974619865417,-0.285401940345764,-1.09434723854065,0.466196596622467,0.913546979427338,16.398811340332,17.8649425506592,15.8937931060791,2.3199992868416,1.29322289855316
12901,21,"undefined",2000,1,0.0018691869918257,0,0,0,0,1,0,0,0,522599.790286817,21.1735095977783,55.3598823547363,4.73161840438843,67.9786605834961,31.8044185638428,-0.162983983755112,-0.77428138256073,-2.86832332611084,2.09404730796814,0.0540172383189201,0.72026252746582,3.69623708724976,10.432243347168,3.85556888580322,4.94660887460853,3.34909170009501
12902,21,"undefined",1990,0,0.000140187534270808,0,0,0,0,1,0,0,0,34549.1510902643,34.6947364807129,28.2956447601318,0.607327580451965,54.4042892456055,25.6104431152344,-0.397424042224884,0.224387645721436,-0.0900879502296448,0.314474105834961,-0.832142293453217,0.607752799987793,19.2432880401611,23.6503124237061,17.6455497741699,1.39985527548184,4.44738669425012
12902,21,"undefined",2000,1,0.000145363490446471,0,0,0,0,1,0,0,0,40641.6958310604,35.8648262023926,35.806770324707,1.36003601551056,54.6456413269043,27.0843601226807,-1.00706744194031,2.2088885307312,-1.83024370670319,4.03913021087646,0.342556416988373,-2.55144500732422,-0.626359641551971,13.242790222168,-4.55549764633179,4.12121264278409,8.29566032232341
12903,21,"undefined",1990,0,0.000306930975057185,0,0,0,0,1,0,0,0,75642.9928809106,34.0270385742188,37.558765411377,0.89612865447998,59.9372940063477,31.1286659240723,-0.132954686880112,3.26115489006042,1.51329934597015,1.74785852432251,-1.90843605995178,-1.35271549224854,22.8748321533203,22.8874683380127,22.3103523254395,1.31908875303488,2.17134005952551
12903,21,"undefined",2000,1,0.000308276677969843,0,0,0,0,1,0,0,0,86190.0548995137,38.2960166931152,43.5786972045898,2.1087794303894,64.43359375,30.4747543334961,-0.60952627658844,-0.902456879615784,-3.15669393539429,2.25423908233643,2.69772911071777,-1.79527497291565,3.8217134475708,6.39976787567139,4.78397083282471,11.8243903297851,2.96951178527232
13000,21,"undefined",1990,0,0.000656117917969823,0,0,0,0,1,0,0,0,161699.944710016,23.3297367095947,32.9355850219727,5.03753566741943,53.6899566650391,29.4255619049072,-0.636287689208984,10.5521144866943,2.66666030883789,7.88545036315918,-1.43025028705597,-9.12186241149902,20.611572265625,16.7759418487549,19.8707103729248,0.750956839458693,1.13907253970919
13000,21,"undefined",2000,1,0.000629107351414859,0,0,0,0,1,0,0,0,175890.048262239,23.8958187103271,40.5586700439453,5.13218307495117,62.3334465026855,30.631986618042,-0.616209805011749,-2.75157189369202,-5.89226818084717,3.14070510864258,0.645392179489136,2.10617685317993,2.41879057884216,1.02472305297852,3.85059642791748,3.02343153185067,2.51580150249452
13101,21,"Louisville KY",1990,0,0.0040701818652451,0,0,0,0,1,0,0,0,1003094.34713602,22.2185974121094,43.9911499023438,1.91536784172058,65.0626525878906,34.1727180480957,0.0779702514410019,1.01938247680664,-1.47011280059814,2.48949527740479,-1.1210720539093,0.101689994335175,16.4120674133301,12.8795623779297,18.1685447692871,0.945318753455078,0.666843520282843
13101,21,"Louisville KY",2000,1,0.00395256839692593,0,0,0,0,1,0,0,0,1105085.55419528,17.4077339172363,50.3626174926758,3.91536140441895,68.1122360229492,34.0177001953125,-0.0734078884124756,-0.974169850349426,-2.97148847579956,1.99731755256653,2.1730363368988,-1.19886445999146,3.21735668182373,-0.478403925895691,5.56462144851685,2.27275713398046,2.44896008151652
13102,18,"undefined",1990,0,0.000181731433258392,0,0,0,0,1,0,0,0,44787.6242613494,37.0769462585449,33.6149826049805,0.916819274425507,62.5420379638672,30.7503337860107,-0.280705541372299,2.4319052696228,-1.2759313583374,3.70783805847168,-0.342468172311783,-2.08943796157837,17.0005321502686,18.0856704711914,17.4363613128662,6.02547103171079,1.47166966156675
13102,18,"undefined",2000,1,0.000179971510078758,0,0,0,0,1,0,0,0,50317.6399771869,35.4406967163086,40.7195434570312,1.97754597663879,67.2826995849609,31.8712463378906,-0.418761193752289,1.3026510477066,-5.19674587249756,6.49939250946045,2.01878905296326,-3.32143688201904,0.2763611972332,-0.15824182331562,3.14644384384155,3.24763586197382,6.15853412252735
13103,21,"undefined",1990,0,0.000231508078286424,0,0,0,0,1,0,0,0,57055.0549139977,36.0189590454102,21.5692691802979,0.510395228862762,55.8481521606445,28.0041275024414,-0.320441484451294,3.36938500404358,0.198882818222046,3.17050218582153,-1.35958456993103,-2.00980305671692,20.1563358306885,18.0018901824951,21.8908309936523,0.956108383270862,0.797335831318675
13103,21,"undefined",2000,1,0.000237405751249753,0,0,0,0,1,0,0,0,66375.4878613949,35.093376159668,30.4509677886963,1.27151429653168,60.5752105712891,28.9279766082764,-0.567621231079102,-2.49603819847107,-4.22741079330444,1.73137021064758,2.31101560592651,0.185025587677956,-0.483921587467194,-3.50979375839233,3.06000018119812,3.43447592576711,2.8123953721003
13200,21,"undefined",1990,0,0.000683492107782513,0,0,0,0,1,0,0,0,168446.304139882,29.8983039855957,31.4284286499023,0.82941073179245,57.1213722229004,28.3801078796387,-0.518579602241516,4.65037822723389,0.611832737922668,4.03854274749756,-1.49179136753082,-3.15858125686646,16.0647869110107,17.6156997680664,14.8111343383789,1.10802312147256,1.14378902649866
13200,21,"undefined",2000,1,0.000638037221506238,0,0,0,0,1,0,0,0,178386.711555958,26.1771469116211,40.34326171875,1.78194534778595,62.3789291381836,29.0771446228027,-0.816848516464233,-3.19129228591919,-2.4584743976593,-0.732813537120819,0.525332987308502,2.66595387458801,2.13711595535278,4.86040115356445,1.90952849388123,2.66359456779045,3.38055211617053
13300,39,"undefined",1990,0,0.000977540970779955,0,1,0,0,0,0,0,0,240914.516347647,38.5333251953125,36.9317169189453,1.54686760902405,63.843936920166,33.2947006225586,-0.0307651218026876,3.37080955505371,0.528250634670258,2.84255456924438,-2.04572129249573,-1.32508873939514,8.34450721740723,4.66914176940918,11.471700668335,1.28585702685199,1.0927027004298
13300,39,"undefined",2000,1,0.00088570942170918,0,1,0,0,0,0,0,0,247632.567785501,37.664966583252,43.8561363220215,2.15278315544128,69.7641754150391,34.1299362182617,-0.434755861759186,-0.118085309863091,-4.96218681335449,4.84410333633423,2.16631507873535,-2.04822850227356,-2.02322006225586,-1.83541440963745,1.48337233066559,4.64746045807733,5.53080603513226
13400,39,"undefined",1990,0,0.00104513403493911,0,1,0,0,0,0,0,0,257572.790704727,35.969051361084,33.6271209716797,1.16551232337952,63.6347465515137,32.1351547241211,-0.350485473871231,3.23092341423035,0.322204828262329,2.90871262550354,-1.35697531700134,-1.8739447593689,9.80448722839355,6.81724548339844,11.9153499603271,2.66553417866297,1.31882834460509
13400,39,"undefined",2000,1,0.000933333940338343,0,1,0,0,0,0,0,0,260947.742453218,30.2538967132568,41.9287376403809,1.65862274169922,70.3280181884766,31.9389247894287,-0.648586213588715,-0.00884703267365694,-3.23174476623535,3.22289991378784,2.35363960266113,-2.34479784965515,-1.76443362236023,-0.0858306884765625,0.321115761995316,2.486982265526,4.79639550785578
13501,39,"undefined",1990,0,0.00331550464034081,0,1,0,0,0,0,0,0,817104.555074453,24.7777767181396,45.0138397216797,2.83244752883911,62.7577362060547,32.5678176879883,-0.234584584832191,3.09785008430481,0.183683633804321,2.91416645050049,-1.45121884346008,-1.64662742614746,9.42554473876953,6.08973503112793,11.1470699310303,0.995635707520503,0.576923799123247
13501,39,"undefined",2000,1,0.00297841802239418,0,1,0,0,0,0,0,0,832726.002073467,21.8082714080811,51.5986862182617,3.35316252708435,67.8120269775391,32.4167175292969,-0.396678686141968,-2.59849858283997,-4.43265676498413,1.83416271209717,3.58558344841003,-0.987091183662415,-1.40939438343048,1.40646529197693,0.781059265136719,2.74384492513474,2.64468865571617
13502,39,"undefined",1990,0,0.000393188587622717,0,1,0,0,0,0,0,0,96901.1403610706,49.9577255249023,31.5340194702148,1.36577212810516,65.8872604370117,31.9770126342773,-0.346455276012421,2.98996567726135,2.71316766738892,0.276795029640198,-1.14667809009552,-1.84328556060791,11.2223625183105,6.24699592590332,15.369987487793,3.97110451683866,1.70243809313763
13502,39,"undefined",2000,1,0.000351661612512544,0,1,0,0,0,0,0,0,98319.9060890675,46.1228942871094,38.1358604431152,1.73356938362122,72.8969497680664,33.0251960754395,-0.368247777223587,-3.63145542144775,-7.74981737136841,4.11836576461792,3.0365002155304,0.594952285289764,-4.99493741989136,-7.09349727630615,0.943796992301941,7.42940645739854,6.25463124234735
13600,18,"undefined",1990,0,0.0025561151560396,0,1,0,0,0,0,0,0,629953.377023518,29.3740787506104,42.6756553649902,3.30286359786987,64.386360168457,33.3433799743652,-0.108420848846436,1.01622343063354,-1.11493611335754,2.13116407394409,-0.714967012405396,-0.301259756088257,12.7474308013916,10.0998878479004,14.6107196807861,1.3914478342174,1.16292210441605
13600,18,"undefined",2000,1,0.00236875610426068,0,1,0,0,0,0,0,0,662272.668138415,24.7526683807373,49.5363006591797,5.48018741607666,67.5725555419922,32.6630096435547,-0.263075530529022,-3.14529466629028,-3.69113278388977,0.545833766460419,2.49588966369629,0.649403274059296,-2.31068468093872,7.18879699707031,-4.52613830566406,3.42163623831784,4.86502452115322
13700,18,"undefined",1990,0,0.00131320592481643,0,1,0,0,0,0,0,0,323638.973402858,53.2499313354492,34.9051284790039,2.36893844604492,68.5769348144531,34.3069381713867,0.00906223431229591,0.327402353286743,1.49542987346649,-1.16802752017975,-1.00127923488617,0.673876702785492,12.6193523406982,10.6425285339355,14.045238494873,3.35936813008191,1.78805916626929
13700,18,"undefined",2000,1,0.00132653838954866,0,1,0,0,0,0,0,0,370882.462245464,52.0090026855469,38.8952598571777,7.66243696212769,69.979248046875,33.9105377197266,-0.145820379257202,-5.25654220581055,-6.09323787689209,0.836700201034546,4.56870365142822,0.687831223011017,-5.58219623565674,-1.40387666225433,-7.38859176635742,4.03109306539459,4.38570571211512
13800,18,"undefined",1990,0,0.000481892639072612,0,1,0,0,0,0,0,0,118762.212211072,50.7316780090332,34.7260551452637,1.51205849647522,65.6313247680664,34.4857292175293,-0.175608962774277,0.909298658370972,1.23006999492645,-0.320771336555481,-0.364644825458527,-0.544653832912445,11.8232727050781,7.95493125915527,13.5721683502197,1.89440967440657,1.91288229704507
13800,18,"undefined",2000,1,0.000467064208351076,0,1,0,0,0,0,0,0,130584.934794813,47.2202491760254,38.7736511230469,4.44841146469116,68.3122634887695,33.4760589599609,-0.472566246986389,-3.2548565864563,-5.50481033325195,2.2499475479126,2.88171005249023,0.373152762651443,-0.914301156997681,2.2224018573761,0.455447614192963,4.23780285675841,3.85298607468029
13900,18,"undefined",1990,0,0.000753940141294152,0,1,0,0,0,0,0,0,185808.18415302,43.9859046936035,35.2194290161133,1.41807377338409,63.1794052124023,34.2261772155762,-0.211961597204208,1.52100920677185,0.652454793453217,0.868555903434753,-1.21414697170258,-0.306862592697144,18.0317878723145,16.7060852050781,17.3419952392578,1.73322374445607,8.61631707513006
13900,18,"undefined",2000,1,0.000689839071128517,0,1,0,0,0,0,0,0,192869.828807831,42.0031509399414,41.6984786987305,2.82222747802734,64.8521347045898,34.8988761901855,-0.489333122968674,-4.85831499099731,-7.69418048858643,2.83586120605469,2.45035982131958,2.40795731544495,-10.630539894104,-5.06026411056519,-5.62572479248047,4.92105814373955,6.69676557798182
14000,18,"undefined",1990,0,0.00167580402921885,0,1,0,0,0,0,0,0,413001.097247362,34.1761283874512,37.572566986084,1.28210890293121,61.533260345459,34.4149169921875,-0.145314544439316,1.40069723129272,-2.67013168334961,4.07083320617676,-0.42072981595993,-0.979965925216675,12.9650592803955,3.84969711303711,20.5727577209473,1.12003916376366,1.28924928799889
14000,18,"undefined",2000,1,0.0014876447385177,0,1,0,0,0,0,0,0,415925.653383829,25.7108783721924,44.6405296325684,1.61584985256195,64.7558822631836,35.0451164245605,-0.545567154884338,-3.86055040359497,-6.24686908721924,2.38632297515869,2.4630389213562,1.39750325679779,-5.23233413696289,-9.59675693511963,0.713961482048035,1.98229314585056,3.08239651653669
14100,18,"undefined",1990,0,0.00205940124578774,0,1,0,0,0,0,0,0,507538.458464205,31.5565624237061,43.1577224731445,2.24676895141602,70.3715972900391,34.7562789916992,0.174954161047935,0.38832426071167,-0.489994883537292,0.878322124481201,-1.00341629981995,0.615094602108002,12.914514541626,12.5306129455566,13.1912708282471,2.13792308910533,0.983826620270431
14100,18,"undefined",2000,1,0.0019847871735692,0,1,0,0,0,0,0,0,554920.100063682,29.2468967437744,48.6110954284668,4.33448457717896,70.8438262939453,34.073169708252,-0.0654499232769012,-5.24133443832397,-3.90622425079346,-1.33510994911194,3.21162152290344,2.02971053123474,-4.90794849395752,-4.25815582275391,-3.7911958694458,5.65263866729542,4.46205455599477
14200,18,"Indianapolis IN",1990,0,0.00520373973995447,0,1,0,0,0,0,0,0,1282459.11951864,18.655345916748,46.5127143859863,2.62555813789368,69.2949676513672,34.3267364501953,0.30173122882843,0.0819385051727295,-1.19604170322418,1.27797722816467,-0.230596587061882,0.148659944534302,16.811466217041,16.3926124572754,17.5085544586182,0.936337382938509,0.62063997732556
14200,18,"Indianapolis IN",2000,1,0.00537546817213297,0,1,0,0,0,0,0,0,1502909.36524889,14.3875179290771,53.5591583251953,4.9302978515625,70.3378295898438,34.0531349182129,0.167419761419296,-2.29828691482544,-2.88429737091064,0.586007297039032,2.15888929367065,0.139396101236343,2.67090106010437,4.48390436172485,3.70161867141724,2.29803774249585,1.59476391050704
14300,18,"undefined",1990,0,0.000592135242186487,0,1,0,0,0,0,0,0,145931.452152967,42.6039619445801,30.3064727783203,1.13025200366974,63.4712028503418,32.4689407348633,-0.237204506993294,3.0131995677948,1.84521973133087,1.16797685623169,-1.50193536281586,-1.5112624168396,17.3916816711426,10.9838485717773,20.2227115631104,1.77032445730628,0.77088510666561
14300,18,"undefined",2000,1,0.000587381073273718,0,1,0,0,0,0,0,0,164223.929808617,37.7208786010742,41.780029296875,3.44330263137817,68.2896499633789,34.1643524169922,-0.297543287277222,-4.0166802406311,-3.06449627876282,-0.952184200286865,2.8578565120697,1.15882503986359,0.784533381462097,1.86845231056213,2.03820633888245,7.19415857836654,3.92370393081605
14400,18,"undefined",1990,0,0.000996994785964489,0,1,0,0,0,0,0,0,245708.882208586,29.449987411499,39.2267761230469,1.98921489715576,60.781795501709,29.462984085083,-0.544465303421021,2.80933976173401,0.913743674755096,1.89560055732727,-0.327831149101257,-2.48151111602783,13.4083271026611,7.21406936645508,15.3174877166748,1.94700997090217,0.715680482644823
14400,18,"undefined",2000,1,0.000935597694478929,0,1,0,0,0,0,0,0,261580.656889379,25.4310646057129,44.4915924072266,2.15601634979248,65.7416610717773,30.7612800598145,-0.595845758914948,-4.15094423294067,-2.1847038269043,-1.96624660491943,0.709651827812195,3.44129538536072,0.777925789356232,-5.48655652999878,3.72682285308838,4.23679998598588,3.93210146278469
14500,18,"undefined",1990,0,0.00132224941626191,0,1,0,0,0,0,0,0,325867.746710032,30.7655906677246,47.483570098877,3.59856033325195,63.7072067260742,29.79368019104,-0.28952431678772,1.40811800956726,1.2548611164093,0.153261423110962,0.46066826581955,-1.86878895759583,15.0290966033936,12.8396987915039,15.3560161590576,1.11485804973407,0.803090670331505
14500,18,"undefined",2000,1,0.00124216533731669,0,1,0,0,0,0,0,0,347292.906378388,31.5815143585205,51.7842063903809,6.81852197647095,67.2588729858398,31.3662147521973,-0.242434173822403,-3.54674053192139,-4.7307014465332,1.1839611530304,1.86352920532227,1.68321168422699,-1.40047073364258,-1.47397172451019,1.54290878772736,3.1138362196024,2.98936738964117
14600,18,"undefined",1990,0,0.00104149838443846,0,1,0,0,0,0,0,0,256676.77142638,29.8871726989746,47.228343963623,3.90255045890808,58.799732208252,30.7963409423828,-0.285680532455444,3.07103395462036,0.425455719232559,2.64557600021362,-0.987716019153595,-2.08331942558289,14.7061824798584,8.98900032043457,16.3130283355713,4.99367028309122,4.04157218821125
14600,18,"undefined",2000,1,0.00101122516207397,0,1,0,0,0,0,0,0,282725.09523201,24.8145294189453,53.9887771606445,4.16612815856934,64.4685821533203,30.0780067443848,-0.465757310390472,-5.06326150894165,-2.94633197784424,-2.11692714691162,1.64283180236816,3.42042970657349,0.0675065144896507,3.70345783233643,0.313622623682022,3.01919300965467,7.91853504858549
14700,18,"undefined",1990,0,0.0015019210986793,0,1,0,0,0,0,0,0,370147.734180957,28.5426712036133,40.0034713745117,1.25446629524231,66.0247116088867,31.5753345489502,-0.302567899227142,1.73878073692322,-2.07699990272522,3.81578803062439,-0.751933097839355,-0.986851751804352,11.569356918335,12.8878116607666,12.2943878173828,1.33731886873748,0.87748612500718
14700,18,"undefined",2000,1,0.00140146224293858,0,1,0,0,0,0,0,0,391830.177512437,25.3349151611328,48.0247230529785,1.98736488819122,69.9283218383789,31.7175540924072,-0.368881464004517,-2.36636400222778,-0.0914143696427345,-2.2749559879303,0.85286957025528,1.51349818706512,4.95120477676392,10.5340137481689,2.58118772506714,3.70957746025971,3.09095522066346
14801,17,"undefined",1990,0,0.000234198640100658,0,1,0,0,0,0,0,0,57718.1431053281,30.0166244506836,37.312915802002,0.863798797130585,57.5291137695312,26.5901508331299,-0.881205201148987,4.44307327270508,2.57035946846008,1.87271237373352,-2.33468008041382,-2.10839223861694,12.4038219451904,12.9967212677002,11.7222785949707,21.03054102922,3.14021990369494
14801,17,"undefined",2000,1,0.00020080604008399,0,1,0,0,0,0,0,0,56142.6952328682,28.8568801879883,47.7935485839844,1.57170462608337,65.6776275634766,28.6948928833008,-1.02916121482849,-0.525789618492126,-1.14567792415619,0.619888305664062,1.3110967874527,-0.785308241844177,7.18525505065918,9.35704326629639,6.80916690826416,2.99082528956238,24.6198686881172
14802,18,"undefined",1990,0,0.000227826181799173,0,1,0,0,0,0,0,0,56147.6540923417,13.9520111083984,35.3223190307617,0.943375289440155,60.8677787780762,28.6501293182373,-0.716159701347351,2.30756402015686,0.547398626804352,1.76016688346863,-0.327008217573166,-1.98055648803711,9.15169715881348,8.75253677368164,9.46946144104004,0.963095270579275,1.01141784308039
14802,18,"undefined",2000,1,0.000196766326553188,0,1,0,0,0,0,0,0,55013.2435961366,10.1859130859375,44.800853729248,1.84559261798859,66.8353424072266,28.0684909820557,-1.05470824241638,-2.18640065193176,0.580208659172058,-2.76660919189453,0.600170373916626,1.58623492717743,7.55752849578857,12.1316232681274,6.12510967254639,0.824939358597508,1.76077764752088
14900,18,"undefined",1990,0,0.00261949608102441,0,1,0,0,0,0,0,0,645573.577421069,27.553653717041,39.3891639709473,4.1891508102417,57.8535270690918,30.3693733215332,-0.494371056556702,1.29856467247009,-2.5968029499054,3.89536619186401,-0.854603946208954,-0.443956255912781,11.3383293151855,6.95700645446777,15.2490615844727,0.994202044340122,0.461819396010326
14900,18,"undefined",2000,1,0.00241603306494653,0,1,0,0,0,0,0,0,675490.714639187,20.7286739349365,46.1810989379883,6.24753379821777,62.3146820068359,30.5909366607666,-0.591732025146484,0.0737905502319336,-3.58838701248169,3.66218614578247,1.03732407093048,-1.11111998558044,0.86273467540741,8.14826107025146,2.30182909965515,3.87572255796085,5.15778421071954
15000,39,"undefined",1990,0,0.0026678133290261,0,1,0,0,0,0,0,0,657481.301225007,33.5622024536133,34.0751152038574,1.61129140853882,59.9411468505859,30.7285404205322,-0.237578809261322,3.89255285263062,-0.638669729232788,4.53122234344482,-1.49114394187927,-2.40140700340271,7.90948867797852,1.18303298950195,12.4030590057373,1.55016539956877,1.03042781104961
15000,39,"undefined",2000,1,0.00249822810292244,0,1,0,0,0,0,0,0,698471.305644989,29.5918560028076,40.6018180847168,2.14663887023926,66.6550598144531,32.3171997070312,-0.301438629627228,-2.22979283332825,-4.82488536834717,2.59509253501892,2.24650287628174,-0.0167148448526859,-0.0478880740702152,2.39815020561218,1.32615220546722,4.30480139424633,4.03753699697287
15100,39,"undefined",1990,0,0.00164086115546525,0,1,0,0,0,0,0,0,404389.443833709,37.1102867126465,37.983154296875,2.448899269104,61.6633644104004,34.0441818237305,-0.303689748048782,4.09062480926514,-1.40142738819122,5.49205541610718,-1.89915192127228,-2.19147491455078,10.8641147613525,4.2670726776123,16.0658836364746,1.4765645522093,0.871081747065576
15100,39,"undefined",2000,1,0.00152038619853556,0,1,0,0,0,0,0,0,425079.750541091,31.0188293457031,46.1453247070312,2.86423206329346,68.1862564086914,34.0107345581055,-0.410100489854813,-3.21218776702881,-5.90528774261475,2.69309973716736,4.20717763900757,-0.994990944862366,-3.30747890472412,-0.614438712596893,-1.29631590843201,2.7503192504951,4.13558467302052
15200,39,"Cleveland OH",1990,0,0.0104870153591037,0,1,0,0,0,0,0,0,2584520,24.9753437042236,46.8656044006348,4.98843812942505,62.8559303283691,34.4556045532227,0.235943868756294,2.88586020469666,-1.6099214553833,4.49577569961548,-1.00925707817078,-1.87659859657288,11.5169525146484,8.51521492004395,13.4963512420654,1.14400350620088,0.615447424644822
15200,39,"Cleveland OH",2000,1,0.00952139031141996,0,1,0,0,0,0,0,0,2662054,18.9193954467773,53.7946243286133,5.74884176254272,67.8786544799805,34.7741050720215,0.164915770292282,-1.38861787319183,-3.13114595413208,1.7425332069397,2.67142796516418,-1.28281760215759,-0.874655604362488,2.25162506103516,-0.350475311279297,2.54077682475987,2.40903778962318
15300,54,"undefined",1990,0,0.000802981841843575,0,0,0,1,0,0,0,0,197894.485325813,30.3432235717773,33.4846343994141,0.841592609882355,51.96435546875,26.6602878570557,-0.709786415100098,1.75478458404541,-1.66000866889954,3.41479182243347,-1.19379389286041,-0.56098997592926,7.06896781921387,6.83135986328125,9.0113639831543,1.38266236934218,1.03265276350884
15300,54,"undefined",2000,1,0.000730624480638653,0,0,0,1,0,0,0,0,204272.884365797,24.984281539917,39.9635543823242,1.15678250789642,57.2208595275879,28.6757888793945,-0.767635107040405,-0.463272869586945,-4.27448129653931,3.81120634078979,-0.667927503585815,1.13120245933533,0.891072392463684,1.9700186252594,4.08302021026611,4.25141576489359,7.15459365334418
15400,39,"undefined",1990,0,0.000723148288670927,0,1,0,0,0,0,0,0,178219.551747143,30.559534072876,29.0283298492432,0.832012116909027,55.4506912231445,30.3144989013672,-0.673570036888123,2.99361348152161,2.58270049095154,0.410911440849304,-2.0145058631897,-0.97910463809967,9.7048282623291,9.91110801696777,8.86869430541992,3.83998339759627,1.87989409771816
15400,39,"undefined",2000,1,0.000670977402478456,0,1,0,0,0,0,0,0,187596.346252739,28.4721546173096,35.836051940918,1.19440317153931,61.8928909301758,30.5646514892578,-0.809976756572723,-1.23528075218201,-8.96905612945557,7.7337794303894,2.59500002861023,-1.35972249507904,-0.0829015448689461,6.15133571624756,1.57090592384338,3.08881209732386,4.15464837762242
15500,39,"undefined",1990,0,0.000574255012907088,0,1,0,0,0,0,0,0,141524.869011045,39.0064277648926,32.2167282104492,1.24828791618347,49.8797340393066,27.9717178344727,-0.868215501308441,3.15361618995667,-4.03923416137695,7.19285297393799,-1.09227156639099,-2.06134605407715,3.23243141174316,0.320768356323242,10.3745937347412,1.31550933904881,0.573707094297112
15500,39,"undefined",2000,1,0.000473669002531096,0,1,0,0,0,0,0,0,132431.550064087,30.6283740997314,41.9408378601074,1.44918644428253,58.3464088439941,28.1270713806152,-1.14634537696838,2.27666759490967,-6.21511030197144,8.49178028106689,-1.06918966770172,-1.20747935771942,3.85958814620972,6.21352863311768,9.13429260253906,5.56814640022617,8.79064314863316
15600,54,"undefined",1990,0,0.00082515919348225,0,0,0,1,0,0,0,0,203360.090258032,18.4784412384033,34.5346603393555,1.22823429107666,52.3791122436523,27.9027290344238,-0.827568054199219,1.95927023887634,-2.03633308410645,3.99560642242432,-1.04036068916321,-0.918912887573242,5.74483871459961,5.44528961181641,8.55369567871094,0.794695779062043,0.98008318815772
15600,54,"undefined",2000,1,0.000701560638844967,0,0,0,1,0,0,0,0,196147.018515229,14.2262296676636,41.8473091125488,1.3474862575531,58.3233070373535,28.0188732147217,-1.10437333583832,2.15830969810486,-5.97045564651489,8.12876224517822,-0.95954966545105,-1.19875586032867,3.42300939559937,3.46394968032837,8.88388538360596,1.6263611898046,2.59617508626826
15700,39,"undefined",1990,0,0.000869103299919516,0,1,0,0,0,0,0,0,214190.094991386,27.8769397735596,28.8243808746338,0.910903215408325,48.3274116516113,27.1159496307373,-0.830756664276123,4.06919097900391,0.186924636363983,3.88226222991943,-1.27839040756226,-2.79079675674438,7.82761573791504,-0.941801071166992,11.2252235412598,0.378915973856625,0.914323565638056
15700,39,"undefined",2000,1,0.000811273057479411,0,1,0,0,0,0,0,0,226821.144729972,28.0267944335938,34.360466003418,1.23295748233795,56.1977272033691,28.0903987884521,-1.02917790412903,-1.00971114635468,-4.02459526062012,3.01488375663757,2.59824466705322,-1.58853626251221,-5.0931658744812,-8.21474647521973,-1.96116304397583,1.52505266799598,2.52787464433607
15800,39,"undefined",1990,0,0.000558781553991139,0,1,0,0,0,0,0,0,137711.445915222,11.8142395019531,36.9153442382812,1.82568836212158,48.6747550964355,27.0941047668457,-0.848107635974884,3.35123538970947,-0.449257344007492,3.80048751831055,-0.716895222663879,-2.63433456420898,8.02855491638184,6.71439170837402,8.48040580749512,0.948074458897985,0.599127645745456
15800,39,"undefined",2000,1,0.000514787156134844,0,1,0,0,0,0,0,0,143927.640178233,11.8284425735474,44.8204803466797,2.2186164855957,55.2544059753418,27.617057800293,-0.942846536636353,-0.582107484340668,-2.19120502471924,1.60910391807556,-0.414859503507614,0.996960043907166,-3.82062387466431,-0.896453857421875,-3.33963108062744,2.11293251181697,1.54170582900485
15900,39,"Columbus OH",1990,0,0.00587099837139249,0,1,0,0,0,0,0,0,1446904.681674,16.8163433074951,49.1779022216797,3.46678495407104,66.8067474365234,34.7818565368652,0.421359241008759,1.8229067325592,-1.64870476722717,3.47160696983337,-0.766130566596985,-1.05677247047424,17.0439720153809,11.6145610809326,18.7996387481689,0.844698391164793,0.568356145317182
15900,39,"Columbus OH",2000,1,0.00592859089374542,0,1,0,0,0,0,0,0,1657555.14850521,14.0739040374756,56.4926872253418,6.13351583480835,69.9185104370117,33.8545417785645,0.39956733584404,-2.68879103660583,-3.0105242729187,0.321737349033356,2.48569560050964,0.203090041875839,3.91244888305664,0.925268411636353,5.21925497055054,1.90314563111493,1.67936325300677
16000,39,"undefined",1990,0,0.00127004587557167,0,1,0,0,0,0,0,0,313002.192100585,38.6157913208008,31.7079544067383,1.69864237308502,62.7669448852539,34.253303527832,-0.217350661754608,2.14160084724426,-0.266711413860321,2.40831661224365,-1.87632513046265,-0.265277922153473,9.39464569091797,4.28996086120605,12.9727363586426,1.27515619742056,1.04077705419776
16000,39,"undefined",2000,1,0.00116886931937188,0,1,0,0,0,0,0,0,326800.301211774,32.8677787780762,36.3231201171875,1.73350596427917,67.3291015625,33.1972236633301,-0.396579504013062,-3.1146833896637,-4.19320154190063,1.07852053642273,2.09683752059937,1.01784300804138,-4.1379246711731,-0.956671595573425,-4.1046142578125,5.30261743415368,4.26495564526771
16100,42,"undefined",1990,0,0.00118117046076804,1,0,0,0,0,0,0,0,291098.892151356,24.07839012146,42.5109519958496,2.88796281814575,55.7753753662109,28.8415946960449,-0.414165019989014,3.58636379241943,0.627317309379578,2.95904874801636,-1.02980136871338,-2.556565284729,9.68890190124512,12.8373146057129,8.59975814819336,0.906972829524635,1.86872214635639
16100,42,"undefined",2000,1,0.00110211409628391,1,0,0,0,0,0,0,0,308136.434741437,22.6564922332764,49.5619583129883,4.48237133026123,61.1453399658203,28.5806427001953,-0.317253470420837,-1.70992946624756,-4.00821876525879,2.29829549789429,1.06188809871674,0.648038744926453,2.97205781936646,2.91367936134338,4.81782627105713,3.79407495871819,2.99835440375472
16200,42,"undefined",1990,0,0.00168839411344379,1,0,0,0,0,0,0,0,416103.908067584,21.1187591552734,29.1284828186035,0.947509050369263,55.4234848022461,28.9138431549072,-0.689710974693298,3.87319326400757,-1.2408435344696,5.11404275894165,-0.436233729124069,-3.43696475028992,9.00416374206543,9.83967781066895,8.88547897338867,1.44878525927266,1.15648682737373
16200,42,"undefined",2000,1,0.00148274225648493,1,0,0,0,0,0,0,0,414554.994994104,19.6587619781494,37.5001945495605,1.33369719982147,62.3327865600586,29.2590656280518,-0.746556997299194,1.09412837028503,-2.19008541107178,3.28420734405518,0.248713165521622,-1.3428373336792,4.62218713760376,10.9949111938477,3.78179550170898,3.50767792438196,2.60403235522165
16300,42,"Pittsburgh PA",1990,0,0.0105545949190855,1,0,0,0,0,0,0,0,2601174.82670522,15.7061443328857,43.7935752868652,2.41111516952515,58.365909576416,32.2390899658203,-0.100314766168594,3.5054087638855,-0.793745398521423,4.29915189743042,-0.930216193199158,-2.57519197463989,11.3184452056885,6.69069290161133,12.9279613494873,0.556262639361415,0.415090132226764
16300,42,"Pittsburgh PA",2000,1,0.00918327830731869,1,0,0,0,0,0,0,0,2567522.23999918,13.0265216827393,52.6782684326172,3.15107369422913,63.9439888000488,32.0020790100098,-0.1839579641819,1.54826474189758,-1.5052695274353,3.05352902412415,-0.232926964759827,-1.31532979011536,5.74077892303467,12.2763090133667,5.39370965957642,2.95059774570949,1.81181198096391
16400,39,"undefined",1990,0,0.00334011670202017,0,1,0,0,0,0,0,0,823170.166472435,28.4776916503906,35.7811164855957,2.20180916786194,55.4177055358887,31.8731937408447,-0.427591800689697,4.97300052642822,-0.0250920653343201,4.9980936050415,-1.57847476005554,-3.39452624320984,9.89899635314941,2.6787281036377,14.0848159790039,0.964512535853192,0.709617087296704
16400,39,"undefined",2000,1,0.00289414986036718,0,1,0,0,0,0,0,0,809165.759307623,24.7142658233643,43.1926116943359,2.31418132781982,63.3981475830078,31.7648105621338,-0.605835735797882,-1.99565720558167,-4.58385705947876,2.58820390701294,1.82372868061066,0.171925336122513,-4.57198286056519,-5.19037246704102,-1.0523796081543,3.56894381824496,3.55406289052264
16500,42,"undefined",1990,0,0.00265204417519271,1,0,0,0,0,0,0,0,653595,32.2214813232422,38.2703285217285,2.1107451915741,59.2361755371094,32.4142112731934,-0.353666603565216,2.33863592147827,-0.65329521894455,2.99193263053894,-0.633289277553558,-1.70534551143646,8.00237655639648,1.83773040771484,11.7264270782471,1.34121365005762,0.953885067520834
16500,42,"undefined",2000,1,0.00236041634343565,1,0,0,0,0,0,0,0,659941,28.8103580474854,43.4755363464355,2.6185507774353,64.7575912475586,32.7889366149902,-0.466663688421249,-1.97477841377258,-3.83014965057373,1.85536479949951,0.690574645996094,1.2841991186142,0.852925419807434,5.08846569061279,1.23521256446838,3.92030600259997,2.8769756682416
16600,51,"undefined",1990,0,0.00176566792652011,0,0,0,1,0,0,0,0,435148.004571661,25.9979190826416,47.1814460754395,3.24601650238037,63.5197334289551,32.2385444641113,0.0897368788719177,-0.149136781692505,-3.73513031005859,3.5860002040863,-0.228091701865196,0.377225875854492,11.4171504974365,11.8890285491943,12.2500896453857,1.10853268943941,0.768079289740054
16600,51,"undefined",2000,1,0.00167356466408819,0,0,0,1,0,0,0,0,467906.401650928,22.1220436096191,54.5398254394531,4.0067195892334,65.6271667480469,33.5781173706055,-0.118225812911987,-0.973897337913513,-3.51359701156616,2.53969430923462,1.48997926712036,-0.516078293323517,4.24712038040161,9.23163509368896,4.3099946975708,3.5980478773787,2.68273302530017
16701,54,"undefined",1990,0,0.000246496550971642,0,0,0,1,0,0,0,0,60748.9596250653,16.2499141693115,27.0080718994141,0.861856877803802,45.2541847229004,23.7426300048828,-1.3619886636734,3.87165546417236,0.728204846382141,3.14345359802246,-2.18590450286865,-1.68575346469879,8.81047248840332,19.7121620178223,6.76684379577637,2.17736848417422,1.88393319052276
16701,54,"undefined",2000,1,0.000215192761970684,0,0,0,1,0,0,0,0,60165.0321475267,17.1120624542236,32.8005256652832,1.05661475658417,51.0896072387695,24.4527015686035,-1.36774396896362,3.66976451873779,-2.94874405860901,6.61849975585938,-2.46241474151611,-1.20734322071075,4.66748666763306,3.74283123016357,5.48846387863159,0.670669484775388,3.17667337407298
16702,54,"undefined",1990,0,0.00102078099735081,0,0,0,1,0,0,0,0,251571,11.8921537399292,40.1188087463379,1.9998242855072,49.6333961486816,26.8026714324951,-0.819280624389648,3.93584370613098,-0.682058572769165,4.61790561676025,-0.856244921684265,-3.07960224151611,4.91547584533691,14.58420753479,3.8914680480957,0.572058574579503,0.610722366508808
16702,54,"undefined",2000,1,0.000933477946091443,0,0,0,1,0,0,0,0,260988,10.4967622756958,47.4642868041992,2.82269811630249,58.2264251708984,29.3853797912598,-0.789977788925171,2.87670755386353,0.383569180965424,2.49313449859619,-2.33511829376221,-0.541580557823181,5.71584701538086,11.0585346221924,5.45379114151001,0.790633968076751,1.36033133527392
16703,54,"undefined",1990,0,0.000164539407705888,0,0,0,1,0,0,0,0,40550.6594525576,22.4839916229248,27.4781589508057,0.829935908317566,45.4327621459961,23.622631072998,-1.42103135585785,4.16014766693115,1.12938058376312,3.03076791763306,-2.18525457382202,-1.97489261627197,8.44969749450684,19.0132141113281,6.47611618041992,0.740344609137983,0.617797563914435
16703,54,"undefined",2000,1,0.000144158853800036,0,0,0,1,0,0,0,0,40304.8957959414,15.4923543930054,32.9410247802734,1.0977041721344,51.6951065063477,24.1203079223633,-1.38354706764221,2.96467542648315,-3.1171669960022,6.0818452835083,-2.56716132164001,-0.397516131401062,3.57648324966431,1.09195709228516,4.54098844528198,1.52811913234193,2.02817515223956
16801,54,"undefined",1990,0,0.000700161210261285,0,0,0,1,0,0,0,0,172554.397963047,9.03305530548096,25.8148307800293,0.86177659034729,41.8049049377441,25.5056476593018,-1.03297245502472,6.13235855102539,0.0526759773492813,6.0796856880188,-2.4605073928833,-3.67185473442078,8.89973640441895,22.8030204772949,6.70943260192871,0.306298637348501,0.298087141813986
16801,54,"undefined",2000,1,0.000613364041782916,0,0,0,1,0,0,0,0,171488.415242434,7.22077131271362,33.9747085571289,1.3425760269165,49.8569679260254,26.4213733673096,-1.06318843364716,5.92214727401733,-1.65700376033783,7.57914781570435,-2.17531418800354,-3.74683332443237,8.10807132720947,12.7060070037842,8.62067127227783,1.40704419201055,3.22032074359888
16802,54,"undefined",1990,0,0.000235599844017997,0,0,0,1,0,0,0,0,58063.4695068002,15.6652431488037,25.425666809082,0.969309270381927,44.663501739502,24.1564865112305,-1.15836048126221,3.03711891174316,-0.550132274627686,3.58725500106812,-2.17401504516602,-0.863105058670044,9.96279716491699,23.0152606964111,7.64837265014648,0.16954200500522,1.39707914036202
16802,54,"undefined",2000,1,0.000206602606340311,0,0,0,1,0,0,0,0,57763.3399649262,15.7087249755859,32.3623695373535,0.92847615480423,49.2188339233398,25.5454292297363,-1.31579148769379,5.88778924942017,-2.41106367111206,8.29885196685791,-2.13416934013367,-3.75361514091492,7.83504772186279,12.1199741363525,8.25929641723633,1.62485709687685,0.262192812301306
16901,54,"undefined",1990,0,0.00141937623266131,0,0,0,1,0,0,0,0,349804.589347124,10.1408042907715,36.6401290893555,1.41477918624878,51.4292945861816,31.0246315002441,-0.308748185634613,1.77712440490723,-1.34113132953644,3.11825275421143,-1.53889548778534,-0.238227844238281,10.3047847747803,6.27756118774414,11.8386745452881,0.260439195032729,0.295477691096127
16901,54,"undefined",2000,1,0.00124052993487567,0,0,0,1,0,0,0,0,346835.671760321,8.36403560638428,41.049201965332,1.76897478103638,56.8510055541992,31.0201797485352,-0.493002384901047,1.24819791316986,-1.98954665660858,3.23775005340576,-0.183684483170509,-1.06451761722565,1.74863004684448,0.902516484260559,3.62913942337036,0.807488760801018,1.31309279756227
16902,54,"undefined",1990,0,9.32813636609353e-05,0,0,0,1,0,0,0,0,22989.1480170488,26.7767219543457,34.9107627868652,1.0128173828125,52.0558776855469,25.9787521362305,-0.725147187709808,0.865459442138672,-2.45158886909485,3.31704616546631,-1.52120888233185,0.655755400657654,7.34033584594727,4.69155311584473,10.477876663208,0.231039746778892,0.440143562274279
16902,54,"undefined",2000,1,8.33839803817682e-05,0,0,0,1,0,0,0,0,23313.0517385602,25.0808620452881,39.9221992492676,1.32425653934479,56.345588684082,29.303295135498,-0.655006885528564,-0.396558225154877,-4.36493968963623,3.9683837890625,-0.935600221157074,1.33215534687042,1.20598924160004,7.32013130187988,3.07519102096558,5.70777767939587,-0.723333552890613
17000,21,"undefined",1990,0,0.000858036626596004,0,0,0,0,1,0,0,0,211462.709709436,4.2099232673645,24.8422203063965,0.56693297624588,36.1842308044434,22.3890419006348,-1.48828482627869,0.445219874382019,-0.226974859833717,0.672197341918945,-2.64269185066223,2.19747114181519,4.99844551086426,-3.01909446716309,5.65047264099121,0.0230161006617477,0.0110416483300687
17000,21,"undefined",2000,1,0.000723054283298552,0,0,0,0,1,0,0,0,202156.353227273,5.46427249908447,31.246524810791,0.620554983615875,41.9100723266602,27.3997421264648,-1.27285420894623,4.24687337875366,-1.0982825756073,5.34515285491943,-0.0734866708517075,-4.17338085174561,6.29384136199951,11.9585990905762,6.23089933395386,0.166120475042954,0.0581556994659544
17100,21,"undefined",1990,0,0.0013666496379301,0,0,0,1,0,0,0,0,336810.157592356,20.2217426300049,30.9428730010986,0.977270424365997,45.3101539611816,26.1210136413574,-0.860037803649902,2.77677178382874,-2.21417856216431,4.99095010757446,-0.972526907920837,-1.80424451828003,5.44824600219727,-2.32391357421875,8.96844863891602,0.449622286985215,0.635138742865562
17100,21,"undefined",2000,1,0.00124337780289352,0,0,0,1,0,0,0,0,347631.890576005,15.0999231338501,39.1026000976562,1.04912126064301,53.0278968811035,27.6366863250732,-1.1528400182724,2.52658128738403,-1.03202676773071,3.55860185623169,-0.830014884471893,-1.69656109809875,3.1144278049469,15.2978897094727,1.95332932472229,2.00770227844708,2.9991178055963
17200,51,"undefined",1990,0,0.000605615612585098,0,0,0,1,0,0,0,0,149253.672004759,36.6687049865723,37.2841720581055,1.85261929035187,66.2134017944336,28.7212944030762,-0.43526753783226,-1.49983167648315,-2.83803486824036,1.33820176124573,0.188530057668686,1.31129920482635,10.6372833251953,5.52616119384766,12.9703521728516,1.54399864073936,2.01100723534616
17200,51,"undefined",2000,1,0.000623864296358079,0,0,0,1,0,0,0,0,174424.156337574,34.5585632324219,44.1075820922852,5.20022535324097,66.0717697143555,29.2550830841064,-0.484952181577682,-1.63604521751404,-6.01941585540771,4.38336801528931,0.0549315363168716,1.58111321926117,9.97992897033691,14.5184650421143,9.45452308654785,2.95085425417223,2.85667502649211
17300,51,"undefined",1990,0,0.000705590879078954,0,0,0,1,0,0,0,0,173892.534145236,33.053279876709,42.1277732849121,2.04630374908447,67.3748397827148,29.4388885498047,-0.32563704252243,-3.75379323959351,-1.57251811027527,-2.18127369880676,0.552843332290649,3.20094966888428,11.3472461700439,16.1684513092041,9.57250595092773,3.51976084395973,1.60246139826984
17300,51,"undefined",2000,1,0.00067682983353734,0,0,0,1,0,0,0,0,189232.615532875,26.0435333251953,41.9575881958008,3.53460240364075,63.9719200134277,29.5547695159912,-0.638623535633087,-0.00957931764423847,-4.66178369522095,4.65221071243286,0.173637911677361,-0.164061784744263,0.552381813526154,-3.69569253921509,4.43526697158813,2.88249288224986,4.14519509707745
17400,42,"undefined",1990,0,0.00146626180503517,0,0,0,1,0,0,0,0,361359.529432654,28.3158874511719,30.7120952606201,1.72001910209656,63.7700500488281,29.9481449127197,-0.405029505491257,0.759649276733398,-1.65876293182373,2.41841077804565,-0.613092422485352,-0.14655590057373,11.7006301879883,10.115385055542,12.7511978149414,1.42688455279424,1.86759110622421
17400,42,"undefined",2000,1,0.00145510851871222,0,0,0,1,0,0,0,0,406828.983284414,22.6983852386475,37.5896301269531,2.86443710327148,66.8578720092773,30.7533416748047,-0.522518396377563,-0.274930685758591,-5.46141719818115,5.18648958206177,1.28939616680145,-1.01446461677551,9.42134857177734,10.4294500350952,9.95274925231934,1.93262299642639,3.64988430760162
17501,24,"undefined",1990,0,0.000617002137005329,0,0,0,1,0,0,0,0,152059.885348558,20.9877681732178,34.4532203674316,1.30263435840607,57.7392349243164,27.0949935913086,-0.899258017539978,2.16869711875916,-0.239840894937515,2.40854024887085,-0.386756658554077,-1.78194046020508,9.2200756072998,6.54568672180176,9.96270179748535,0.739064897404976,1.2455354481053
17501,24,"undefined",2000,1,0.000560681626666337,0,0,0,1,0,0,0,0,156759.120444834,24.4460773468018,41.3603973388672,2.42226243019104,61.1872062683105,28.8391075134277,-0.784967064857483,3.1521577835083,-3.87534832954407,7.02749872207642,0.317471891641617,-3.46962475776672,7.71386241912842,1.0160037279129,9.95077419281006,4.11986100761323,2.54957278653643
17502,51,"undefined",1990,0,0.000391584821045399,0,0,0,1,0,0,0,0,96505.8946638703,27.9561576843262,33.3558959960938,1.98006010055542,64.0190582275391,28.4096984863281,-0.490946024656296,2.79566645622253,-1.66911780834198,4.46478748321533,-1.55290460586548,-1.24276423454285,18.0263996124268,16.8093204498291,18.538761138916,1.20492334825703,1.10097833580489
17502,51,"undefined",2000,1,0.0004128641448915,0,0,0,1,0,0,0,0,115431.32292892,27.7291526794434,44.1979331970215,5.76166009902954,69.1630630493164,29.7144508361816,-0.388261616230011,-0.166382104158401,-7.00163316726685,6.83524751663208,1.84382200241089,-1.67743861675262,11.5146636962891,11.1014499664307,12.2645921707153,3.26397859539053,1.88687874559634
17600,51,"undefined",1990,0,0.000916270131710917,0,0,0,1,0,0,0,0,225814.333714187,20.256814956665,48.6581726074219,3.74832344055176,65.7919387817383,29.2661876678467,-0.310145765542984,-1.64987444877625,-1.58580541610718,-0.0640749931335449,0.258764266967773,1.39111578464508,10.169506072998,16.6728019714355,8.94050598144531,1.08136613106276,0.992901373126998
17600,51,"undefined",2000,1,0.000979269621893764,0,0,0,1,0,0,0,0,273790.738180935,14.5700664520264,57.4008102416992,6.896559715271,65.8471221923828,29.4129257202148,-0.295052826404572,0.586892902851105,-3.79618144035339,4.38307857513428,0.488175868988037,-1.07507193088531,11.3407545089722,11.4983835220337,12.0878219604492,2.15780443038729,3.22016241982828
17700,36,"Syracuse NY",1990,0,0.00448902603238821,1,0,0,0,0,0,0,0,1106318.25605965,20.7792682647705,49.684326171875,4.13461494445801,64.7754745483398,32.0071182250977,-0.0640249252319336,0.913023948669434,-1.8085241317749,2.72154808044434,0.146153569221497,-1.05917751789093,7.62472152709961,4.10165786743164,9.05652046203613,1.2528775152626,1.0795265207796
17700,36,"Syracuse NY",2000,1,0.00386842433363199,1,0,0,0,0,0,0,0,1081559.97574615,17.3447113037109,54.3941421508789,5.18904495239258,67.1116943359375,31.8870487213135,-0.310658365488052,-1.11432588100433,-3.5364043712616,2.42206883430481,-0.282786786556244,1.39711582660675,2.39671969413757,4.7232084274292,3.24215221405029,3.42175632777312,2.60391017633638
17800,36,"undefined",1990,0,0.000643191742710769,1,0,0,0,0,0,0,0,158514.2977947,28.7760887145996,43.7546653747559,3.37135004997253,63.546688079834,30.5256614685059,-0.30650669336319,-1.15951299667358,-1.00991868972778,-0.149589776992798,1.44870173931122,-0.28918981552124,6.20517730712891,9.3752384185791,5.79228401184082,1.97781272219376,1.42371068463173
17800,36,"undefined",2000,1,0.000578535371460021,1,0,0,0,0,0,0,0,161750.794698715,22.2891788482666,49.5482902526855,2.95757699012756,64.4350509643555,28.2565441131592,-0.707138776779175,-0.283556312322617,-3.3346095085144,3.0510425567627,-1.64844727516174,1.9320080280304,3.8654465675354,5.78662347793579,4.62770462036133,3.05162239760798,3.9895720241261
17900,36,"undefined",1990,0,0.00123710266780108,1,0,0,0,0,0,0,0,304883.367125154,34.6528472900391,51.3282051086426,5.00163698196411,63.4276084899902,29.8734512329102,0.253356397151947,0.294923782348633,-3.68831014633179,3.98323535919189,-0.371484458446503,0.0765591859817505,7.44719505310059,3.82485389709473,11.613130569458,6.27201331188951,5.26569062363378
17900,36,"undefined",2000,1,0.00105783785693347,1,0,0,0,0,0,0,0,295757.370719075,22.7376918792725,53.5496101379395,5.78458213806152,66.6373596191406,31.4998779296875,0.118368119001389,-0.756272256374359,-4.37850284576416,3.62223386764526,0.735397338867188,0.020874397829175,5.6947979927063,8.46794700622559,7.5981273651123,7.29026003011192,6.24162133408832
18000,36,"Buffalo NY",1990,0,0.00951545871794224,1,0,0,0,0,0,0,0,2345080.19175464,25.6256065368652,51.1375122070312,5.3643012046814,65.5524291992188,33.0710334777832,-0.0467897951602936,0.254857540130615,-3.12788772583008,3.38274836540222,0.199370086193085,-0.454230606555939,9.0336799621582,6.8049430847168,12.1154308319092,2.24114729535019,2.01501490542817
18000,36,"Buffalo NY",2000,1,0.00848512817174196,1,0,0,0,0,0,0,0,2372328.87812126,19.8381462097168,58.1304664611816,5.89147043228149,68.6304779052734,32.5895538330078,-0.0623230636119843,-2.26031875610352,-4.71304893493652,2.45272254943848,-0.344394564628601,2.60471653938293,-1.77240371704102,-3.10141706466675,1.45660126209259,1.82708192665628,2.35677988492725
18100,36,"undefined",1990,0,0.00141137302853167,1,0,0,0,0,0,0,0,347832.207549632,25.1606578826904,45.6730270385742,3.51712489128113,62.7579345703125,29.1920700073242,-0.420482754707336,-0.552576780319214,-2.13402962684631,1.58145427703857,-0.0591475516557693,0.611722469329834,9.34081077575684,8.8890552520752,10.588550567627,1.28733231659797,0.958387166398181
18100,36,"undefined",2000,1,0.00124438235070556,1,0,0,0,0,0,0,0,347912.723815441,21.3729286193848,53.3196334838867,5.18881464004517,65.415412902832,29.0124950408936,-0.492487549781799,-0.242812305688858,-3.20798492431641,2.96516919136047,-0.927655279636383,1.1704648733139,0.812939286231995,3.62103319168091,2.12240219116211,3.95338663574937,3.43965999023711
18201,36,"undefined",1990,0,0.00080105266533792,1,0,0,0,0,0,0,0,197419.039087772,31.3141307830811,37.297779083252,1.80480623245239,58.2456398010254,29.6696434020996,-0.531575262546539,3.6213219165802,-1.34928822517395,4.97061014175415,-0.619583964347839,-3.00173473358154,9.76347923278809,8.1517219543457,11.9728565216064,2.47007009496675,1.39910683191902
18201,36,"undefined",2000,1,0.000708959181793034,1,0,0,0,0,0,0,0,198215.543117523,26.0795078277588,43.9450035095215,2.13401484489441,65.2845687866211,28.7153358459473,-0.761567234992981,-0.963330268859863,-2.48193526268005,1.5186071395874,0.461566686630249,0.501760423183441,-1.20053970813751,-1.56593322753906,0.5950927734375,4.9536131078308,5.05374778610972
18202,42,"undefined",1990,0,0.000164995086379349,1,0,0,0,0,0,0,0,40662.9604057074,54.4157257080078,28.4124736785889,1.06902575492859,55.7472152709961,31.1368789672852,-0.496075391769409,6.36954879760742,0.811934471130371,5.55761766433716,-2.00912737846375,-4.3604211807251,10.4795932769775,8.81533622741699,12.5851154327393,1.86822534942567,1.6698532264801
18202,42,"undefined",2000,1,0.000148138162330724,1,0,0,0,0,0,0,0,41417.4570770264,54.6601600646973,37.2404937744141,1.173415184021,66.8227844238281,29.3560256958008,-0.84188437461853,-1.97187495231628,-4.27833604812622,2.30645704269409,0.96867448091507,1.00319933891296,2.60312223434448,2.05768847465515,5.94976949691772,8.64205432374291,6.87531528295386
18300,36,"undefined",1990,0,0.00100761000066996,1,0,0,0,0,0,0,0,248325,21.2094230651855,40.2819061279297,3.67344832420349,56.8720474243164,25.9622688293457,-0.895526170730591,-1.0225772857666,-0.94091522693634,-0.0816643238067627,-1.28626334667206,2.30883955955505,7.86786079406738,7.92436599731445,6.03275299072266,0.657632956386212,1.00460073239199
18300,36,"undefined",2000,1,0.000903426436707377,1,0,0,0,0,0,0,0,252586,18.077880859375,46.7530250549316,4.44212579727173,58.9279937744141,27.8940029144287,-1.10276591777802,3.54810285568237,-3.05148386955261,6.59957981109619,0.607984960079193,-4.15607881546021,3.06149888038635,-2.34583449363708,2.35877728462219,1.61224235957479,2.20874507737606
18400,36,"undefined",1990,0,0.000680374621879309,1,0,0,0,0,0,0,0,167678,17.1807746887207,42.066967010498,4.86627292633057,59.5934257507324,25.8072853088379,-1.15705072879791,2.60990262031555,0.177077949047089,2.43282914161682,-0.00587627291679382,-2.60402870178223,9.6656322479248,10.5610370635986,9.08441543579102,0.997100150235335,0.571837724130862
18400,36,"undefined",2000,1,0.000607017835136503,1,0,0,0,0,0,0,0,169714.110113144,16.7699966430664,48.172794342041,4.61469221115112,65.3890686035156,25.8889045715332,-1.33306121826172,0.570671916007996,-3.92553091049194,4.49619102478027,-0.565463960170746,-0.00519837671890855,6.56768226623535,0.760487139225006,8.68633842468262,2.51841526868332,1.27530045853955
18500,36,"undefined",1990,0,0.000449186307378113,1,0,0,0,0,0,0,0,110701.746919252,33.8742523193359,41.7507286071777,2.54665732383728,62.224853515625,31.1936416625977,-0.360402792692184,1.36139988899231,-0.552286207675934,1.91368460655212,-0.323827922344208,-1.03757083415985,13.7565135955811,8.19487571716309,15.5768871307373,4.2843365263685,1.76301368855165
18500,36,"undefined",2000,1,0.000397743744542822,1,0,0,0,0,0,0,0,111203.853089005,29.018310546875,43.6655731201172,3.4658215045929,67.324462890625,30.40114402771,-0.507074534893036,-0.833860516548157,-5.02966737747192,4.19580936431885,1.73261499404907,-0.898755073547363,3.94616794586182,-1.79420208930969,5.08499145507812,4.85573300571837,4.995876885011
18600,36,"Albany NY",1990,0,0.00420402223244309,1,0,0,0,0,0,0,0,1036079.20601654,13.8858823776245,52.1492118835449,4.99440622329712,67.9620590209961,32.3479652404785,0.0142943859100342,0.10150671005249,-2.23355674743652,2.33506560325623,0.39125382900238,-0.492760539054871,9.32531356811523,5.95283508300781,10.6496810913086,0.466464428946785,0.713872731570903
18600,36,"Albany NY",2000,1,0.00380318961106241,1,0,0,0,0,0,0,0,1063321.16446659,11.8959922790527,58.3889961242676,5.88121032714844,69.8433074951172,32.7612533569336,-0.0571003556251526,-0.595876157283783,-1.21251809597015,0.616652607917786,-0.520805716514587,1.11667811870575,5.88846206665039,10.7154169082642,5.59663772583008,1.3110639235662,1.26272744705736
18700,42,"undefined",1990,0,0.000760651659220457,1,0,0,0,0,0,0,0,187462.237209082,35.0629615783691,30.3059425354004,1.39953327178955,60.6133041381836,29.648286819458,-0.385557234287262,2.28391885757446,-2.21570873260498,4.49963521957397,-0.70706570148468,-1.57685577869415,12.2617721557617,11.7228031158447,13.0325794219971,2.79654897242604,2.40773961173137
18700,42,"undefined",2000,1,0.000685189850628376,1,0,0,0,0,0,0,0,191569.959418476,28.5177917480469,35.1037101745605,1.7068065404892,65.6337051391602,28.9127082824707,-0.81801700592041,-1.21622431278229,-4.03103256225586,2.81480383872986,0.606374561786652,0.609853446483612,1.68827605247498,3.00305223464966,2.04638075828552,3.39905906921911,3.37171083327524
18800,42,"undefined",1990,0,0.00325255701318383,1,0,0,0,0,0,0,0,801591.098004758,25.2099514007568,37.0138206481934,2.41977953910828,61.6380233764648,31.6496486663818,-0.157160833477974,0.99143385887146,-3.03593420982361,4.02737236022949,-0.598100543022156,-0.39333701133728,13.3095741271973,18.6688423156738,12.2829437255859,1.68317325428965,1.55072250253288
18800,42,"undefined",2000,1,0.00306720472872257,1,0,0,0,0,0,0,0,857549.629930615,18.7089233398438,47.2263145446777,3.41561961174011,65.0648803710938,31.6402378082275,-0.428192555904388,-0.53401505947113,-3.96521806716919,3.43120098114014,0.754370212554932,-0.220354110002518,3.0937876701355,4.78315353393555,3.85965633392334,2.22958105250754,3.14112331404537
18900,42,"undefined",1990,0,0.000898681289982051,1,0,0,0,0,0,0,0,221479.568578124,37.0572814941406,33.6161231994629,1.22278034687042,60.4948806762695,29.4209594726562,-0.279345244169235,2.14165449142456,-2.42573308944702,4.56738471984863,-0.958742558956146,-1.1829137802124,8.75697135925293,6.37702941894531,10.7657432556152,2.49496089620293,1.70688240478397
18900,42,"undefined",2000,1,0.000821045483462512,1,0,0,0,0,0,0,0,229553.394820899,29.414249420166,40.6000823974609,1.83769428730011,65.4030685424805,30.7827434539795,-0.621754467487335,-1.39010798931122,-3.02896761894226,1.63885521888733,2.55845856666565,-1.16834473609924,2.24099850654602,3.01422381401062,2.82961988449097,4.20733033062535,3.94578590027928
19000,42,"undefined",1990,0,0.00242357165552676,1,0,0,0,0,0,0,0,597288.046720743,28.0444889068604,42.5191688537598,4.85795307159424,66.5097885131836,31.4977016448975,0.184697136282921,-0.332522392272949,-1.88043713569641,1.54792070388794,0.152201950550079,0.180314481258392,10.9477519989014,11.2978935241699,11.9030475616455,1.10197590923764,2.36343694411438
19000,42,"undefined",2000,1,0.00229494832456112,1,0,0,0,0,0,0,0,641637,19.4457015991211,49.3678855895996,6.95036649703979,68.0536041259766,31.5745677947998,-0.0238335132598877,-0.0740119367837906,-5.83636999130249,5.76235580444336,0.8632652759552,-0.789250612258911,4.74779939651489,13.5319576263428,4.66230916976929,3.45179714871122,3.70938102772599
19100,42,"Reading PA",1990,0,0.0041446378454566,1,0,0,0,0,0,0,0,1021444,33.4587860107422,32.6311416625977,2.74664688110352,67.2000350952148,31.4799423217773,0.0116279534995556,-0.354701280593872,-3.23476195335388,2.88005471229553,0.0943627208471298,0.260338187217712,10.3274822235107,12.9181861877441,10.3267192840576,2.02969361871566,1.86893951893973
19100,42,"Reading PA",2000,1,0.00395571766421199,1,0,0,0,0,0,0,0,1105966,26.9379787445068,40.5978126525879,4.28592681884766,68.9010925292969,31.6101303100586,-0.183646008372307,-0.968354105949402,-4.7713303565979,3.80298089981079,0.948970317840576,0.0193885397166014,0.999995589256287,0.579629600048065,2.83990597724915,4.08609791769606,4.66825911461931
19200,42,"Harrisburg PA",1990,0,0.00387938832864165,1,0,0,0,0,0,0,0,956073.368940473,25.2689800262451,38.0097198486328,2.60380005836487,69.1213455200195,32.8421325683594,0.240345373749733,-0.602853298187256,-2.59667181968689,1.99381709098816,-0.201504111289978,0.804358720779419,12.5900268554688,11.5862846374512,13.6125087738037,1.80407258418494,1.27432861347248
19200,42,"Harrisburg PA",2000,1,0.00376987783238292,1,0,0,0,0,0,0,0,1054007.63716936,20.4464340209961,46.0663452148438,4.18402719497681,70.162109375,33.2364845275879,0.0313329696655273,0.611552178859711,-3.71222949028015,4.32378053665161,1.31137585639954,-1.92292892932892,4.58145141601562,6.5699987411499,5.10072708129883,2.85591863190446,3.11832490524435
19300,36,"undefined",1990,0,0.00322560244239867,1,0,0,0,0,0,0,0,794948.152297616,20.4583415985107,51.758430480957,8.02654838562012,65.1155319213867,28.3999881744385,-0.283556878566742,-1.95364356040955,-4.67050075531006,2.71686315536499,0.221359357237816,1.73228240013123,4.52437400817871,4.19845581054688,7.78374671936035,1.94079703406843,2.31893588194585
19300,36,"undefined",2000,1,0.00311486935243011,1,0,0,0,0,0,0,0,870876,13.8264636993408,55.2577018737793,10.1634149551392,65.7625045776367,28.9297218322754,-0.469176173210144,1.24623942375183,-3.33179306983948,4.57802820205688,-0.234123319387436,-1.0121123790741,1.68269014358521,16.6015625,3.02253460884094,3.17840736763239,11.4845231924855
19400,36,"New York City NY",1990,0,0.0439895577728748,1,0,0,0,0,0,0,0,10841204.9616241,12.9047765731812,49.4527893066406,27.781867980957,60.6476058959961,36.2538146972656,0.587043881416321,-4.15868186950684,-2.7569260597229,-1.40175819396973,-0.183805450797081,4.34248733520508,7.37261772155762,3.74488830566406,7.43594169616699,0.77948864934654,1.10881543667823
19400,36,"New York City NY",2000,1,0.0421107709407806,1,0,0,0,0,0,0,0,11773611,8.18857574462891,53.9118041992188,37.3698463439941,58.0066070556641,35.010082244873,0.352293103933334,6.71525526046753,-1.57963311672211,8.29489707946777,-0.728172361850739,-5.98708629608154,4.3862886428833,21.2935047149658,2.84889769554138,1.59935399087868,1.43912410345197
19500,34,"Toms River NJ",1990,0,0.00400578184053302,1,0,0,0,0,0,0,0,987223,11.7940635681152,51.115650177002,8.23490810394287,64.3722686767578,31.0058364868164,-0.0799991190433502,-0.764483213424683,-2.18626999855042,1.42179131507874,-0.807020783424377,1.57150173187256,14.2977237701416,14.930248260498,14.5111560821533,0.623109358558224,1.1865452208719
19500,34,"Toms River NJ",2000,1,0.00403514550998807,1,0,0,0,0,0,0,0,1128173,7.28018569946289,58.1076316833496,11.1641836166382,64.9468078613281,30.5560741424561,-0.143480002880096,1.19871747493744,-2.32614254951477,3.52484846115112,1.87153196334839,-3.07024598121643,2.44951248168945,7.01284408569336,2.18139386177063,0.856607170977546,2.11705704807888
19600,34,"Newark NJ",1990,0,0.0216257069259882,1,0,0,0,0,0,0,0,5329645,21.5478897094727,51.4720840454102,19.7147941589355,66.8026885986328,34.737003326416,0.578590631484985,-3.84954214096069,-3.53995847702026,-0.309580564498901,-0.177424401044846,4.02696704864502,10.4194641113281,13.3243560791016,10.0341320037842,1.31631267818199,1.33374066098387
19600,34,"Newark NJ",2000,1,0.0208184011280537,1,0,0,0,0,0,0,0,5820548,13.9777393341064,57.8237075805664,29.1747303009033,64.3094863891602,33.8892974853516,0.50352156162262,3.1227810382843,-2.48622250556946,5.60900974273682,0.159862846136093,-3.28265142440796,5.67654180526733,16.3974075317383,4.62518405914307,1.95150512279222,2.62027835754008
19700,42,"Philadelphia PA",1990,0,0.0217346698045731,1,0,0,0,0,0,0,0,5356499,17.2604179382324,46.3708534240723,6.18492889404297,64.7879943847656,33.6749000549316,0.208909064531326,-1.3348400592804,-2.89430904388428,1.55946612358093,0.344264507293701,0.990580022335052,11.8846416473389,12.9930019378662,12.3428344726562,0.778043582447917,0.851543378679766
19700,42,"Philadelphia PA",2000,1,0.0199851393699646,1,0,0,0,0,0,0,0,5587579,12.281702041626,53.5361518859863,9.33354568481445,65.5833435058594,33.503345489502,0.180325657129288,0.612573981285095,-2.31357026100159,2.92614531517029,0.67516040802002,-1.28773701190948,6.58736896514893,14.546802520752,6.2548770904541,1.61153643296827,1.90902725183873
19800,10,"undefined",1990,0,0.00207718694582582,0,0,0,1,0,0,0,0,511921.716901898,20.938232421875,50.5475158691406,4.83177423477173,70.5856170654297,34.1836471557617,0.363868623971939,-1.95966362953186,-4.28861618041992,2.32895016670227,0.83898138999939,1.12068355083466,14.0295028686523,14.9500846862793,16.6675090789795,0.539595475167633,0.400039809909348
19800,10,"undefined",2000,1,0.00209293700754642,0,0,0,1,0,0,0,0,585157.299642682,11.6534070968628,56.4775886535645,8.14629650115967,70.1576690673828,34.7397956848145,0.376001298427582,-1.57438850402832,-3.51217269897461,1.93778109550476,0.748241603374481,0.826150178909302,0.7850102186203,6.79915332794189,2.29740142822266,1.02798996848919,1.3095584448945
19901,10,"undefined",1990,0,0.00143730686977506,0,0,0,1,0,0,0,0,354223.598417878,20.9465789794922,37.820728302002,3.13340973854065,66.6241607666016,29.0441036224365,-0.56559032201767,-2.41662859916687,-3.08561706542969,0.668990612030029,0.585105657577515,1.83152413368225,11.1593723297119,13.3939266204834,10.7602596282959,0.426327371780336,1.75754183033742
19901,10,"undefined",2000,1,0.00157991074956954,0,0,0,1,0,0,0,0,441722,16.4927616119385,47.0651016235352,5.76128530502319,65.3643035888672,28.9293174743652,-0.676838099956512,-0.627245247364044,-4.51410531997681,3.88685274124146,1.22095322608948,-0.59370481967926,12.1308736801147,11.9640483856201,12.9419059753418,1.75635402653187,0.869315384051553
19902,24,"undefined",1990,0,0.000564652378670871,0,0,0,1,0,0,0,0,139158.302076876,23.8219318389893,39.7482414245605,2.25661158561707,68.7349166870117,30.318187713623,-0.55179899930954,-1.36184692382812,-2.22922849655151,0.867378711700439,-0.413421541452408,1.77527213096619,12.8832817077637,5.85894584655762,14.6032810211182,0.394202173516365,1.23222714332166
19902,24,"undefined",2000,1,0.000551341334357858,0,0,0,1,0,0,0,0,154147.700035214,20.0968017578125,45.6644897460938,4.1346492767334,69.4207077026367,28.0228462219238,-0.733846366405487,1.47673916816711,-3.86154317855835,5.3382773399353,1.61554288864136,-3.09228038787842,13.1849555969238,8.81746864318848,13.9047069549561,3.28447371265911,0.955728717930085
19903,51,"undefined",1990,0,0.000183049472980201,0,0,0,1,0,0,0,0,45112.4546673298,29.1982078552246,51.7425346374512,5.53065204620361,61.9599990844727,26.120584487915,-0.169176608324051,0.943452119827271,-0.0254504382610321,0.968903303146362,0.204884260892868,-1.14834010601044,-1.10368728637695,-16.7834281921387,3.79023551940918,0.432058034757716,2.409363819266
19903,51,"undefined",2000,1,0.000187128476682119,0,0,0,1,0,0,0,0,52318.6310659051,27.8653793334961,39.0924377441406,3.56183958053589,63.4044876098633,28.7380638122559,-0.697489321231842,7.0595064163208,-2.77749443054199,9.83699703216553,0.480010032653809,-7.5395131111145,8.88177299499512,22.5110054016113,6.8046703338623,0.986647581282004,0.399048888274903
20001,23,"undefined",1990,0,0.0011413749307394,0,0,0,0,0,0,0,0,281291.317367554,23.9617195129395,43.8255157470703,3.29124712944031,62.5146675109863,26.6357593536377,-0.631013751029968,3.15830111503601,-2.53668212890625,5.69498538970947,-0.809551775455475,-2.34874773025513,7.75432586669922,4.96301651000977,10.1261615753174,2.78878665170182,2.814720089044
20001,23,"undefined",2000,1,0.00104065018240362,0,0,0,0,0,0,0,0,290951.950674534,16.7550144195557,51.2345809936523,3.44937372207642,66.7627182006836,27.1899108886719,-0.822232067584991,-0.435275673866272,-4.28856706619263,3.85329532623291,1.10395789146423,-0.668687462806702,4.00863361358643,6.44854164123535,5.25937747955322,2.19196393247296,2.13834523676035
20002,23,"undefined",1990,0,0.000140951829962432,0,0,0,0,0,0,0,0,34737.5115962029,25.1620941162109,36.9317817687988,8.42125034332275,55.8565216064453,26.3630447387695,-1.11847615242004,6.81009292602539,0.645174086093903,6.16492033004761,-1.92364823818207,-4.88644552230835,6.28538131713867,10.6412887573242,4.8027515411377,0.529991636506699,2.07528671242203
20002,23,"undefined",2000,1,0.00012005383905489,0,0,0,0,0,0,0,0,33565.4545768499,18.5373954772949,41.3860816955566,8.44495868682861,62.0986633300781,25.3173027038574,-0.934438765048981,0.722220957279205,-3.98379778862,4.70601654052734,1.73956525325775,-2.46178245544434,5.38451337814331,5.24044036865234,7.94662761688232,1.9431187452011,0.661484679163275
20003,23,"undefined",1990,0,0.000346770772011951,0,0,0,0,0,0,0,0,85461.4907240868,24.825626373291,36.9317817687988,8.42125034332275,55.8565216064453,26.3630447387695,-1.11847615242004,6.81009292602539,0.645174086093903,6.16492033004761,-1.92364823818207,-4.88644552230835,6.28538131713867,10.6412887573242,4.8027515411377,1.27096034273542,1.84208367887419
20003,23,"undefined",2000,1,0.000261069450061768,0,0,0,0,0,0,0,0,72991.5445041656,20.0492134094238,41.3860816955566,8.44495868682861,62.0986633300781,25.3173027038574,-0.934438765048981,0.722220957279205,-3.98379778862,4.70601654052734,1.73956525325775,-2.46178245544434,5.38451337814331,5.24044036865234,7.94662761688232,2.24613131719419,2.69587959190705
20100,23,"undefined",1990,0,0.00267811631783843,0,0,0,0,0,0,0,0,660020.454796553,23.538537979126,45.0101776123047,3.42862558364868,68.4386596679688,29.8838405609131,-0.222775340080261,1.29041075706482,-1.90569758415222,3.19611430168152,-1.35009920597076,0.0596866011619568,8.28437805175781,11.1313343048096,7.93414115905762,2.66892375322193,1.76448843254303
20100,23,"undefined",2000,1,0.00246788910590112,0,0,0,0,0,0,0,0,689988.933823049,16.696008682251,52.2566871643066,3.84834027290344,71.8356246948242,29.8040924072266,-0.247355550527573,-2.66358685493469,-5.1562352180481,2.49264931678772,1.10514998435974,1.55843579769135,8.47782421112061,8.94750881195068,9.76937198638916,2.42274616430795,3.13670051082506
20200,50,"undefined",1990,0,0.00118187686894089,0,0,0,0,0,0,0,0,291272.985710621,21.8450546264648,53.7950630187988,4.05090951919556,70.5746917724609,28.8029079437256,-0.161753743886948,2.1079421043396,1.63703036308289,0.470906496047974,-1.76366293430328,-0.344277918338776,7.03167915344238,12.6665115356445,5.01389503479004,1.42675525528625,1.39847511432831
20200,50,"undefined",2000,1,0.00115170457866043,0,0,0,0,0,0,0,0,322001.269319117,19.054012298584,58.8727645874023,5.08812761306763,73.7146301269531,29.8003578186035,-0.0190296769142151,-1.58783364295959,-4.37735891342163,2.78953146934509,1.27294254302979,0.314887076616287,8.2719669342041,12.5752849578857,9.63401794433594,3.04542214062525,5.29326148602919
20301,50,"undefined",1990,0,0.000370230030966923,0,0,0,0,0,0,0,0,91243.0108086467,29.3039226531982,41.6797714233398,4.05670070648193,65.8455352783203,27.2783432006836,-0.480964362621307,4.05829524993896,-0.836209177970886,4.89450693130493,-2.1783595085144,-1.87993502616882,11.7806911468506,13.1664276123047,11.5521430969238,1.80246424647713,2.27038331906395
20301,50,"undefined",2000,1,0.000339204736519605,0,0,0,0,0,0,0,0,94837.1307387352,23.7361011505127,52.4353981018066,4.76643562316895,72.6700057983398,29.359188079834,-0.434453934431076,-0.720415771007538,-3.620192527771,2.8997745513916,0.636047005653381,0.0843661203980446,8.01631355285645,6.47320079803467,9.20302486419678,5.29843688907379,3.05419596400404
20302,50,"undefined",1990,0,0.00100315292365849,0,0,0,0,0,0,0,0,247226.551237583,20.5489368438721,45.5112838745117,3.63334608078003,69.2020416259766,29.1842632293701,-0.330132246017456,1.73611044883728,-0.554303824901581,2.29041576385498,-1.62939763069153,-0.106717646121979,6.98890686035156,7.65576362609863,6.93812370300293,2.41566623458441,1.49847708119348
20302,50,"undefined",2000,1,0.000946039566770196,0,0,0,0,0,0,0,0,264500.070797622,17.4799957275391,52.7498970031738,4.01872825622559,72.8591918945312,29.5645809173584,-0.476970225572586,-1.80681252479553,-4.35466194152832,2.5478515625,0.566930651664734,1.23988091945648,6.38961791992188,8.94056034088135,6.95623683929443,3.63024287394252,3.44540235097884
20401,44,"Providence RI",1990,0,0.00611461140215397,0,0,0,0,0,0,0,0,1506943.02797505,27.5179328918457,45.7135276794434,12.4056701660156,67.6041107177734,33.3768768310547,0.0884293019771576,-0.395363569259644,-4.69603538513184,4.30067157745361,-1.39690494537354,1.79226398468018,9.29765701293945,10.4598045349121,9.08355712890625,2.59195722011598,2.4520840783842
20401,44,"Providence RI",2000,1,0.00567334098741412,0,0,0,0,0,0,0,0,1586190.57509542,19.6155986785889,52.605354309082,14.6092891693115,68.2527923583984,32.6428260803223,-0.010189563035965,0.605540633201599,-4.46395444869995,5.06949424743652,0.982590019702911,-1.58812534809113,8.68490791320801,13.9075679779053,7.9275541305542,4.9909296369916,4.99305465837828
20402,25,"undefined",1990,0,2.45351420744555e-05,0,0,0,0,0,0,0,0,6046.67405878007,2.2084481716156,59.8959312438965,4.77425479888916,65.9592895507812,26.9027328491211,-0.771270871162415,-0.483924150466919,-0.321061164140701,-0.1628577709198,-1.04564166069031,1.52956390380859,11.6110324859619,8.2064151763916,11.9589805603027,0.0048941039121707,0.0151011745339878
20402,25,"undefined",2000,1,3.43417850672267e-05,0,0,0,0,0,0,0,0,9601.50605228543,3.6329984664917,63.3028221130371,7.2174973487854,68.7728881835938,27.7767238616943,-0.685017228126526,2.4408016204834,-1.63744330406189,4.07824325561523,-0.270348578691483,-2.17045211791992,7.01284408569336,21.4267463684082,6.07613134384155,0.0897023840333791,0.0246585285433655
20403,25,"undefined",1990,0,4.69910337415058e-05,0,0,0,0,0,0,0,0,11580.9177709371,3.58695650100708,59.8959312438965,4.77425479888916,65.9592895507812,26.9027328491211,-0.771270871162415,-0.483924150466919,-0.321061164140701,-0.1628577709198,-1.04564166069031,1.52956390380859,11.6110324859619,8.2064151763916,11.9589805603027,0.0361220131429718,0.350179547141642
20403,25,"undefined",2000,1,5.39129105163738e-05,0,0,0,0,0,0,0,0,15073.3318273127,2.83763885498047,63.3028221130371,7.2174973487854,68.7728881835938,27.7767238616943,-0.685017228126526,2.4408016204834,-1.63744330406189,4.07824325561523,-0.270348578691483,-2.17045211791992,7.01284408569336,21.4267463684082,6.07613134384155,0.0777741609783789,0.0774208013289674
20500,25,"Boston MA",1990,0,0.0189874116331339,0,0,0,0,0,0,0,0,4679438.61318874,17.8754959106445,57.3019371032715,11.8454647064209,69.3891067504883,33.4982948303223,0.417573153972626,0.00109672546386719,-3.30483531951904,3.3059298992157,-1.88832247257233,1.8872275352478,12.9265785217285,12.0896816253662,13.9018058776855,1.55479795219282,1.3962943357554
20500,25,"Boston MA",2000,1,0.017781300470233,0,0,0,0,0,0,0,0,4971414.67648385,13.395923614502,63.3007583618164,17.068567276001,69.6189193725586,32.0662879943848,0.405510812997818,0.067515030503273,-2.75631356239319,2.82382965087891,1.46454572677612,-1.53206288814545,7.97850704193115,17.7132740020752,7.36107158660889,2.78979066913681,3.49842644394953
20600,33,"Manchester NH",1990,0,0.00427120784297585,0,0,0,0,0,0,0,0,1052637.06727147,22.5241622924805,52.3384552001953,4.75220966339111,71.4932556152344,31.4847984313965,0.0999025255441666,2.08370685577393,-3.62681436538696,5.710524559021,-2.39221024513245,0.308501720428467,10.6635570526123,11.3278388977051,11.8797302246094,1.86616928635759,2.21372084998078
20600,33,"Manchester NH",2000,1,0.00427352637052536,0,0,0,0,0,0,0,0,1194821.06793153,19.0121250152588,59.0256156921387,5.6403923034668,73.6254425048828,30.5377216339111,0.083327442407608,-2.36632132530212,-5.32429552078247,2.95797419548035,1.24359846115112,1.12272584438324,10.2323122024536,15.8571510314941,10.8086719512939,5.28460813420684,4.52796729573158
20700,33,"undefined",1990,0,0.000450439169071615,0,0,0,0,0,0,0,0,111010.516860247,23.4706611633301,44.9818687438965,3.19087958335876,69.7431106567383,31.7539119720459,-0.284825801849365,1.87075734138489,-0.912490487098694,2.78324484825134,-0.943270325660706,-0.927484035491943,7.5413703918457,9.72862243652344,7.1413516998291,1.61570398272772,1.24066332912098
20700,33,"undefined",2000,1,0.000419195072026923,0,0,0,0,0,0,0,0,117201.365478635,18.6188507080078,52.318286895752,3.35839796066284,73.5432052612305,31.6073036193848,-0.342346966266632,-1.42056596279144,-5.91533946990967,4.49477767944336,-0.257422894239426,1.67798793315887,3.52941226959229,12.2401371002197,3.21020412445068,2.32514999067831,2.79715970517403
20800,25,"undefined",1990,0,0.0027368392329663,0,0,0,0,0,0,0,0,674492.712065816,21.7638397216797,50.1887626647949,7.45739269256592,66.8737716674805,31.8719902038574,-0.182647854089737,0.0889182090759277,-2.56827998161316,2.65719890594482,-1.07627964019775,0.987359881401062,7.49459266662598,5.36646842956543,9.14978981018066,3.40263377081022,2.05184602784781
20800,25,"undefined",2000,1,0.00244563398882747,0,0,0,0,0,0,0,0,683766.696272761,19.2515449523926,56.2882347106934,8.75512790679932,68.6499328613281,31.9846096038818,-0.296815931797028,-4.48914957046509,-3.52535176277161,-0.963798642158508,2.61878967285156,1.87035763263702,4.0839056968689,7.03886604309082,4.60686016082764,6.35623016494908,5.8533474576984
20901,9,"Bridgeport CT",1990,0,0.0133176567032933,0,0,0,0,0,0,0,0,3282130,23.8645210266113,53.8246459960938,10.3167133331299,70.1911087036133,34.046630859375,0.331364572048187,-1.59209966659546,-3.86102724075317,2.26892828941345,-0.221012905240059,1.81311368942261,9.35730934143066,12.2562408447266,9.37743186950684,1.27130911609228,1.20366324985599
20901,9,"Bridgeport CT",2000,1,0.0121896648779511,0,0,0,0,0,0,0,0,3408068,16.6752586364746,58.7508697509766,13.7894315719604,69.4689483642578,33.3047142028809,0.265302360057831,-0.204835623502731,-2.8805775642395,2.67573761940002,1.21141815185547,-1.00657773017883,5.4408483505249,12.0632991790771,4.95924282073975,2.38913374047563,2.62931901768701
20902,25,"undefined",1990,0,0.000709428510162979,0,0,0,0,0,0,0,0,174838.316727325,23.6083488464355,48.9517478942871,3.50275635719299,66.5001602172852,30.6664371490479,-0.316305220127106,3.00923585891724,-3.60243034362793,6.61166286468506,-1.43425607681274,-1.57497978210449,3.31707000732422,3.09033393859863,5.86814880371094,0.700962745561991,1.12835372747779
20902,25,"undefined",2000,1,0.000620821141637862,0,0,0,0,0,0,0,0,173573.326850832,17.2426719665527,54.6305961608887,3.96981954574585,72.0467834472656,31.2775726318359,-0.394450724124908,-2.6644127368927,-3.11904501914978,0.454638659954071,1.54766762256622,1.11674416065216,6.42313289642334,-1.67076921463013,9.38061332702637,1.80459937582473,1.9868674775652
21001,55,"undefined",1990,0,0.000186995530384593,0,1,0,0,0,0,0,0,46084.9601813555,34.8535423278809,37.6716957092285,1.22987568378448,64.0860290527344,27.6596374511719,-0.424155831336975,2.77398824691772,0.36257803440094,2.41141319274902,-1.07174813747406,-1.7022430896759,16.5092468261719,12.0623111724854,18.3729648590088,1.23129061009611,1.18030990415712
21001,55,"undefined",2000,1,0.000169949125847779,0,1,0,0,0,0,0,0,47515.5113071799,30.3919620513916,47.079345703125,1.60154736042023,70.1516952514648,29.5724449157715,-0.549947619438171,3.76359891891479,0.576415240764618,3.18718814849854,-0.994582772254944,-2.76901245117188,-0.0901222229003906,0.631059944629669,-0.0476837158203125,4.9083694890077,2.69405653035645
21002,26,"undefined",1990,0,0.00018321059178561,0,1,0,0,0,0,0,0,45152.1618183255,15.2540311813354,45.0422401428223,1.7519656419754,57.3466720581055,27.4809684753418,-0.7213454246521,4.55343151092529,-0.572268664836884,5.12570142745972,0.063687190413475,-4.61711883544922,12.4189376831055,15.7261371612549,12.3523235321045,0.202290446378694,0.461416894896287
21002,26,"undefined",2000,1,0.000169166931300424,0,1,0,0,0,0,0,0,47296.8224602342,16.0224113464355,53.4918060302734,2.16709733009338,67.4586944580078,28.5973243713379,-0.899656772613525,0.427424907684326,-0.197935312986374,0.625354886054993,-0.75665009021759,0.32922625541687,0.39018902182579,3.83411121368408,-0.137465342879295,0.951918266775047,0.879244645055403
21003,26,"undefined",1990,0,0.000133741923491471,0,1,0,0,0,0,0,0,32960.6327612251,16.6149196624756,43.2795829772949,1.58726763725281,57.9032592773438,27.2866897583008,-0.583546280860901,4.26898002624512,-0.552786886692047,4.82176542282104,-0.043957307934761,-4.22502470016479,13.2089614868164,13.3416652679443,13.9281749725342,0.262428788333722,0.58516176594733
21003,26,"undefined",2000,1,0.000115243528853171,0,1,0,0,0,0,0,0,32220.5559803098,18.671480178833,51.9906768798828,2.16893291473389,67.9410018920898,28.5627059936523,-0.813504815101624,1.84157061576843,0.343378096818924,1.49819684028625,-1.05404317378998,-0.787526369094849,-0.134127482771873,2.16075348854065,-0.526768803596497,5.68513479221754,0.732611701187835
21004,55,"undefined",1990,0,0.000235972765949555,0,1,0,0,0,0,0,0,58155.3762485981,19.1056156158447,36.9710235595703,1.21896982192993,64.2486877441406,27.6543979644775,-0.906796216964722,3.73883843421936,1.89769268035889,1.84115171432495,-1.28032159805298,-2.45852017402649,22.5724220275879,27.2362232208252,20.5562114715576,0.41547355227524,0.281782312952825
21004,55,"undefined",2000,1,0.000242819951381534,0,1,0,0,0,0,0,0,67889.2276730239,13.4009571075439,46.3123435974121,2.21884393692017,71.0610961914062,30.0140342712402,-0.587364912033081,0.490060865879059,-2.53594779968262,3.02600860595703,0.61091673374176,-1.10097444057465,0.949995875358582,1.26409530639648,2.29379105567932,0.73249444240048,0.60766569594042
21101,55,"undefined",1990,0,0.000339990510838106,0,1,0,0,0,0,0,0,83790.4988977909,32.7936096191406,39.1660232543945,1.35451817512512,66.100471496582,28.1841163635254,-0.373993635177612,3.45328450202942,0.707754492759705,2.74552702903748,-1.16483533382416,-2.28844881057739,15.9198760986328,11.119270324707,18.1106090545654,0.762273567536151,0.797279493296576
21101,55,"undefined",2000,1,0.000331968622049317,0,1,0,0,0,0,0,0,92814.0107572079,32.2466812133789,49.2722778320312,1.58524656295776,73.0834655761719,29.7141456604004,-0.452088236808777,-0.72505646944046,-1.35498809814453,0.629935920238495,0.643348038196564,0.0817094519734383,3.80550098419189,3.84180879592896,4.3379921913147,3.05433439576425,1.80036842501728
21102,55,"undefined",1990,0,0.000193423431483097,0,1,0,0,0,0,0,0,47669.1111345589,27.6949195861816,39.8955841064453,1.41537129878998,67.0843048095703,28.4178848266602,-0.351635456085205,3.77248525619507,0.868049263954163,2.90443301200867,-1.20699214935303,-2.56549119949341,15.6332969665527,10.6752395629883,17.9787635803223,0.85000365115156,0.903436890347383
21102,55,"undefined",2000,1,0.000204390176804736,0,1,0,0,0,0,0,0,57144.7706433535,34.8366165161133,50.3303604125977,1.57738161087036,74.4846420288086,29.7778167724609,-0.408117473125458,-2.89572143554688,-2.34382057189941,-0.55190497636795,1.4224568605423,1.47326505184174,5.29820585250854,4.99684476852417,6.130286693573,6.71210725693141,4.11667347959022
21201,27,"undefined",1990,0,0.000270245102001354,0,0,1,0,0,0,0,0,66601.7743323445,42.8864135742188,44.0457801818848,1.58588647842407,72.1060485839844,28.5702705383301,-0.433791249990463,3.6661684513092,2.51724123954773,1.14892721176147,-0.603485643863678,-3.0626847743988,18.8934326171875,17.9571151733398,19.1902160644531,8.38746291397091,1.93513376504669
21201,27,"undefined",2000,1,0.000261901208432391,0,0,1,0,0,0,0,0,73224.0894844532,41.4981307983398,50.7566452026367,3.29837203025818,78.7558059692383,28.9840221405029,-0.646284759044647,-0.722638189792633,-0.71490877866745,-0.00773157365620136,0.211529180407524,0.511114060878754,2.52887177467346,9.4822473526001,-0.274998813867569,16.6625514775073,14.1026404920582
21202,27,"undefined",1990,0,0.000142080127261579,0,0,1,0,0,0,0,0,35015.5779793859,23.2546710968018,41.7029342651367,1.31976354122162,70.0845794677734,26.8462505340576,-0.460449516773224,4.06849384307861,4.34414577484131,-0.275653600692749,-0.314782559871674,-3.75370979309082,16.3619518280029,15.8632278442383,15.9595012664795,0.886519000535115,1.29329825663692
21202,27,"undefined",2000,1,0.000122264711535536,0,0,1,0,0,0,0,0,34183.586309731,21.1808128356934,51.895694732666,2.90108919143677,78.0786895751953,28.5672416687012,-0.63934850692749,0.402876317501068,-3.46681880950928,3.86970376968384,0.617634534835815,-1.02051663398743,3.94480562210083,2.00721192359924,5.52293252944946,3.95412845666142,4.11582420319803
21301,27,"undefined",1990,0,0.000578607432544231,0,0,1,0,0,0,0,0,142597.529361188,26.841739654541,51.0356826782227,2.46197938919067,74.234619140625,30.77370262146,-0.316352903842926,2.15072631835938,-0.938747823238373,3.08947563171387,0.525030314922333,-2.67575979232788,16.5192604064941,14.4193172454834,17.8791522979736,0.988732503499436,1.10611265118867
21301,27,"undefined",2000,1,0.000542513560503721,0,0,1,0,0,0,0,0,151679.576119959,28.0706405639648,60.0698661804199,3.51171541213989,77.8101959228516,30.9573173522949,-0.242022946476936,-1.04365181922913,-2.7619366645813,1.71828269958496,0.66736501455307,0.376290500164032,5.02681732177734,4.48335933685303,6.19254779815674,3.36503742015546,2.63154554510241
21302,27,"undefined",1990,0,0.000396076735341921,0,0,1,0,0,0,0,0,97612.9197702408,32.7653045654297,45.424186706543,1.92089951038361,75.0309066772461,30.0538692474365,-0.42635452747345,0.579833984375,-1.15241265296936,1.73224806785583,0.256235539913177,-0.836068391799927,13.5581970214844,11.6064071655273,15.1345252990723,1.74928808172365,0.898703957766934
21302,27,"undefined",2000,1,0.000397528492612764,0,0,1,0,0,0,0,0,111143.672568917,32.9044990539551,55.7688598632812,4.05109119415283,77.344856262207,29.9276142120361,-0.276097655296326,-2.32464933395386,-3.56628632545471,1.24164140224457,0.936619400978088,1.3880261182785,3.29153871536255,0.983715057373047,5.4238862991333,7.52589962083992,7.17628114832577
21400,27,"undefined",1990,0,0.000842736626509577,0,0,1,0,0,0,0,0,207692.039827287,21.6284294128418,46.8729972839355,1.38162815570831,71.7287216186523,31.0078926086426,-0.0598910823464394,4.54477691650391,0.937944650650024,3.6068320274353,-1.56645107269287,-2.97832775115967,16.5439128875732,17.0469760894775,16.7348861694336,0.790440933418621,1.8591214643512
21400,27,"undefined",2000,1,0.000917317345738411,0,0,1,0,0,0,0,0,256469.720438421,21.0227928161621,56.8228187561035,2.99653744697571,78.1126556396484,30.7783699035645,-0.151295810937881,-3.27303600311279,-3.3452320098877,0.0721982568502426,2.74600028991699,0.527032792568207,4.55297756195068,6.37851428985596,4.61448955535889,2.10291332263141,2.20212935308189
21501,27,"Minneapolis MN",1990,0,0.0101229501888156,0,0,1,0,0,0,0,0,2494796.28012431,21.0123081207275,59.2399406433105,4.46015548706055,74.7529373168945,34.8539505004883,0.752087235450745,0.528252124786377,-2.33943748474121,2.86768674850464,-0.847106218338013,0.318858027458191,17.5284385681152,14.6942615509033,19.1667079925537,1.03984908561214,0.957631406910642
21501,27,"Minneapolis MN",2000,1,0.0103418529033661,0,0,1,0,0,0,0,0,2891444.41949129,15.9649963378906,65.7326431274414,8.87065982818604,76.4727325439453,34.4217491149902,0.698421895503998,-3.03520464897156,-2.52268147468567,-0.512523293495178,2.28060698509216,0.754596948623657,6.10140371322632,10.555811882019,5.86993360519409,1.84075838166506,2.55336086093286
21502,27,"undefined",1990,0,0.000138074698043056,0,0,1,0,0,0,0,0,34028.4436701536,19.7937812805176,32.5999336242676,1.0223343372345,65.9592361450195,26.1235675811768,-0.543673396110535,3.03310751914978,-0.797101855278015,3.83021235466003,-2.1024763584137,-0.930628180503845,21.5573787689209,29.7142505645752,19.7721481323242,0.71000874421504,0.336745369608775
21502,27,"undefined",2000,1,0.00015037196862977,0,0,1,0,0,0,0,0,42042,14.4998054504395,49.4384841918945,1.7245866060257,71.0294570922852,29.0294914245605,-0.760622084140778,-1.41012668609619,-4.92464876174927,3.51451969146729,2.7802038192749,-1.37007665634155,-0.350202828645706,1.56913495063782,0.96069061756134,1.81339557483215,0.694595231664741
21600,27,"undefined",1990,0,0.000479673442896456,0,0,1,0,0,0,0,0,118215.288409352,17.8858337402344,42.9995079040527,1.77798795700073,59.8241729736328,26.4006576538086,-0.899368226528168,6.5509557723999,2.0170636177063,4.53389263153076,-2.24840688705444,-4.30254650115967,15.9774780273438,11.0539436340332,16.5321350097656,0.632927009552628,0.471205951368263
21600,27,"undefined",2000,1,0.0005100829876028,0,0,1,0,0,0,0,0,142612.414933085,15.4696960449219,51.1803855895996,1.99414825439453,69.0394592285156,28.3634872436523,-0.825944542884827,1.38738322257996,-3.45414876937866,4.8415322303772,1.16198456287384,-2.54937362670898,1.12976348400116,-2.04890108108521,3.19739770889282,2.02686797079219,1.37662075647216
21701,27,"undefined",1990,0,0.000826527597382665,0,0,1,0,0,0,0,0,203697.32935226,22.2903079986572,53.769905090332,3.49072813987732,76.063606262207,27.8569755554199,-0.31180864572525,-0.0816941261291504,2.66643977165222,-2.74813175201416,-0.301665425300598,0.383362174034119,13.8383865356445,29.1353225708008,9.14788246154785,7.66007054953551,2.08215298465271
21701,27,"undefined",2000,1,0.000815166218671948,0,0,1,0,0,0,0,0,227909.615944028,18.7669582366943,62.8183250427246,6.31104946136475,76.6144180297852,27.9881477355957,-0.304097682237625,0.154035434126854,-4.33618068695068,4.49022245407104,0.604101061820984,-0.758143424987793,7.45534896850586,-4.57198286056519,11.9551935195923,7.37516933673767,4.51276931676531
21702,27,"undefined",1990,0,0.000285303889540955,0,0,1,0,0,0,0,0,70313.0034530163,30.4993782043457,41.8479652404785,0.963015079498291,70.3171615600586,29.8019943237305,-0.290050476789474,4.54161167144775,3.64136552810669,0.900238752365112,-1.47700834274292,-3.06459808349609,20.7715034484863,18.7427997589111,21.1704254150391,0.803967104385875,0.611670879878577
21702,27,"undefined",2000,1,0.000255862047197297,0,0,1,0,0,0,0,0,71535.6250200272,26.1439476013184,50.4748420715332,4.66981840133667,76.2500686645508,30.5865592956543,-0.129556581377983,-2.84474229812622,-2.03439378738403,-0.810342192649841,0.481176048517227,2.36356043815613,10.0911684036255,7.15180778503418,12.2139110565186,1.69220299722614,1.26868210538307
21801,19,"undefined",1990,0,0.000325275439536199,0,0,1,0,0,0,0,0,80163.9762947559,27.4472007751465,46.7685508728027,1.12359547615051,70.0414810180664,27.5649166107178,-0.576596677303314,2.52935290336609,1.56498408317566,0.964373350143433,-0.215679034590721,-2.31367635726929,13.3767604827881,10.9585762023926,14.7607803344727,2.31492708441405,0.259807153794157
21801,19,"undefined",2000,1,0.000277734885457903,0,0,1,0,0,0,0,0,77650.9764022827,30.1459884643555,52.7735900878906,2.34237003326416,77.0826950073242,30.0656490325928,-0.540812849998474,-0.47802072763443,0.257551670074463,-0.735572397708893,-0.777936935424805,1.25595927238464,6.74145603179932,3.43670177459717,7.98266315460205,2.26009787609929,3.96566446428976
21802,19,"undefined",1990,0,0.000293833436444402,0,0,1,0,0,0,0,0,72415.1129212379,26.1439208984375,41.0807266235352,0.975558340549469,68.7009201049805,26.5697154998779,-0.608270704746246,2.77183651924133,1.39794945716858,1.37388706207275,-0.284151375293732,-2.48768472671509,13.5969638824463,9.10921096801758,15.5622482299805,0.321117115081214,0.267879171885789
21802,19,"undefined",2000,1,0.000255899474723265,0,0,1,0,0,0,0,0,71546.0883880258,29.1844158172607,50.1743202209473,2.24707508087158,75.4547119140625,28.9125385284424,-0.52522337436676,0.920951366424561,-1.05735874176025,1.97831225395203,0.084259144961834,-1.00520896911621,6.76802253723145,1.7989022731781,9.42659378051758,1.23875304457986,1.24401521990756
21900,19,"undefined",1990,0,0.000438851508079097,0,0,1,0,0,0,0,0,108154.740666032,33.208309173584,51.0582389831543,2.93957567214966,73.0512771606445,30.1660385131836,-0.317327231168747,1.54860019683838,3.73239660263062,-2.18380093574524,0.00624191015958786,-1.55483782291412,14.525842666626,4.12735939025879,15.8835411071777,0.849712477716858,1.28165725744459
21900,19,"undefined",2000,1,0.000413445144658908,0,0,1,0,0,0,0,0,115593.75990355,30.5214252471924,49.9281196594238,3.46628022193909,76.5080413818359,30.7659187316895,-0.259059071540833,-0.991199731826782,-3.53036832809448,2.53917479515076,0.805923163890839,0.185270398855209,1.25128877162933,2.72900724411011,2.37158370018005,3.60897466678465,4.50636698460986
22001,19,"undefined",1990,0,0.000885830668266863,0,0,1,0,0,0,0,0,218312.543255568,24.8772506713867,43.2993278503418,1.67630505561829,66.6497344970703,30.4572906494141,-0.267145335674286,3.33721041679382,0.474993884563446,2.86221504211426,-0.478275120258331,-2.85893535614014,8.32252502441406,-0.56910514831543,11.708402633667,0.581024553520241,0.251365108727507
22001,19,"undefined",2000,1,0.000781200418714434,0,0,1,0,0,0,0,0,218413.240633726,22.6287822723389,55.179370880127,3.38036608695984,73.1758804321289,31.6919746398926,-0.135034471750259,0.733205258846283,0.392988324165344,0.340214788913727,1.20203840732574,-1.93523728847504,9.15207195281982,-0.259467542171478,12.506893157959,2.26193698504216,1.55041923974236
22002,19,"undefined",1990,0,0.000123788544442505,0,0,1,0,0,0,0,0,30507.6266933382,22.8330345153809,52.6018676757812,2.87361979484558,71.9178619384766,28.3665885925293,-0.485880374908447,2.10374593734741,4.04495143890381,-1.9412100315094,-0.179877132177353,-1.92386364936829,12.4706745147705,6.65960311889648,13.0011081695557,2.87864516322795,0.710885007370668
22002,19,"undefined",2000,1,0.000107298714283388,0,0,1,0,0,0,0,0,29999.2921586037,25.3941802978516,50.1072883605957,3.5603244304657,76.7748489379883,29.9816341400146,-0.437808901071548,-1.1087144613266,-0.841738939285278,-0.266977727413177,0.549172699451447,0.559540748596191,3.24010848999023,2.08078122138977,4.23737955093384,3.02318463101731,5.80847220542387
22100,19,"undefined",1990,0,0.000745837518479675,0,0,1,0,0,0,0,0,183811.30496043,25.1134548187256,49.9540061950684,3.15493154525757,71.0661926269531,29.6799697875977,-0.383153110742569,-0.171154737472534,-3.37668943405151,3.20553183555603,-0.188285857439041,0.359439849853516,13.5833263397217,10.9020233154297,16.5721893310547,0.76681403577602,0.684337890226235
22100,19,"undefined",2000,1,0.000723401608411223,0,0,1,0,0,0,0,0,202253.465862453,21.0354309082031,64.9718017578125,5.92724847793579,74.1208648681641,29.2001361846924,-0.353440344333649,-0.588646948337555,-2.65943145751953,2.07079315185547,-0.512326121330261,1.10097014904022,7.89165496826172,-1.16818296909332,11.0964097976685,2.22063198588809,1.69686677894639
22200,19,"undefined",1990,0,0.000914155680220574,0,0,1,0,0,0,0,0,225293.231172442,28.1181697845459,55.2130928039551,2.67679047584534,72.0271301269531,32.5111045837402,0.349734783172607,2.85136103630066,-1.43489694595337,4.28625965118408,-1.90226638317108,-0.949095189571381,11.7501258850098,2.6026725769043,16.717529296875,0.774618337349469,1.07191903210341
22200,19,"undefined",2000,1,0.000901741965208203,0,0,1,0,0,0,0,0,252115.052157521,20.7898540496826,58.8555755615234,3.54612159729004,77.5372619628906,33.2205772399902,0.406724810600281,-2.78269386291504,-0.940757155418396,-1.84193682670593,2.34774303436279,0.434954226016998,5.03253936767578,18.2379322052002,1.75762176513672,4.30680437837977,8.56099740550166
22300,19,"undefined",1990,0,0.000559628126211464,0,0,1,0,0,0,0,0,137920.08751893,30.2965393066406,38.5787811279297,1.45078194141388,65.9774780273438,28.9138050079346,-0.456190407276154,2.56598591804504,2.67097043991089,-0.104987621307373,-0.113497674465179,-2.45248675346375,17.4099445343018,12.7841949462891,18.0187225341797,0.491550973821485,0.40053619020818
22300,19,"undefined",2000,1,0.000512881728354841,0,0,1,0,0,0,0,0,143394.89970696,32.0790786743164,47.7470512390137,2.11288356781006,71.5314483642578,30.1595268249512,-0.436024785041809,2.14657616615295,-2.1581757068634,4.30474948883057,-0.0261925160884857,-2.12037777900696,2.67165040969849,4.30965423583984,3.07914185523987,2.38483103331671,2.42411102326665
22400,55,"undefined",1990,0,0.000748909020330757,0,1,0,0,0,0,0,0,184568.266755342,41.4790496826172,40.1658554077148,1.9058495759964,70.5967483520508,31.4791030883789,-0.168322756886482,2.56916880607605,4.15124607086182,-1.58208012580872,-0.986139833927155,-1.58302783966064,15.3251647949219,9.7844123840332,16.7497158050537,1.47441489910993,0.816061449729433
22400,55,"undefined",2000,1,0.00069551746128127,0,1,0,0,0,0,0,0,194457.429724693,41.1063041687012,46.1609382629395,3.58846855163574,75.8801040649414,33.5396499633789,-0.143324792385101,-1.73419713973999,-2.0079185962677,0.273721545934677,3.11384558677673,-1.37964737415314,-1.08739304542542,1.15816938877106,-0.996521592140198,4.08410045300749,3.31082175433083
22500,55,"undefined",1990,0,0.00198869407176971,0,1,0,0,0,0,0,0,490112.706970692,35.2802352905273,40.0732002258301,1.69984292984009,70.6263580322266,31.1027488708496,-0.0837573036551476,3.00750732421875,-1.15594863891602,4.16346168518066,-0.867201387882233,-2.14030885696411,15.9988880157471,13.9708995819092,18.8183784484863,1.10056497862738,0.766640161071078
22500,55,"undefined",2000,1,0.00196560728363693,0,1,0,0,0,0,0,0,549557.604260564,29.9928512573242,50.261833190918,3.12078380584717,75.9563293457031,32.4808197021484,-0.0859131664037704,-2.16288232803345,-3.73665356636047,1.5737669467926,1.73873937129974,0.424148797988892,0.743797838687897,1.66266298294067,2.73847579956055,2.87004563841532,2.44566854277136
22601,55,"undefined",1990,0,0.00109799392521381,0,1,0,0,0,0,0,0,270600.073645115,27.5928592681885,40.1658554077148,1.9058495759964,70.5967483520508,31.4791030883789,-0.168322756886482,2.09495425224304,-3.48947048187256,5.58442497253418,-0.310093909502029,-1.78485655784607,17.0577049255371,10.0784301757812,23.1074333190918,0.428590953307411,0.334991277499702
22601,55,"undefined",2000,1,0.00111527496483177,0,1,0,0,0,0,0,0,311816.020159245,23.856143951416,51.7480125427246,5.11751317977905,76.5735855102539,33.3009872436523,0.110250040888786,-1.84386968612671,-5.29524040222168,3.45136451721191,1.50927257537842,0.334594935178757,3.26068067550659,7.23252964019775,3.58874464035034,7.40112049666421,4.00486534602343
22602,55,"undefined",1990,0,0.000245244067627937,0,1,0,0,0,0,0,0,60440.2857931852,26.9808883666992,31.9317665100098,1.18923926353455,64.4503326416016,27.0561389923096,-0.634443461894989,4.86722564697266,1.81911134719849,3.04811596870422,-1.01993536949158,-3.84729194641113,20.6504344940186,20.7640647888184,20.6026554107666,0.605379022328447,1.74095660209901
22602,55,"undefined",2000,1,0.000235988845815882,0,1,0,0,0,0,0,0,65979.33921808,24.5159587860107,44.1501998901367,2.38870692253113,73.4251022338867,30.7826557159424,-0.512897253036499,-1.04702365398407,-2.02042078971863,0.973403453826904,1.23839557170868,-0.191373482346535,0.533308327198029,1.39590668678284,1.29543030261993,2.81588595990866,1.38635331052034
22700,55,"undefined",1990,0,0.00139318534638733,0,1,0,0,0,0,0,0,343349.847897649,30.2586669921875,39.5281143188477,1.9093291759491,67.1875152587891,29.7036743164062,-0.343990743160248,2.95014977455139,0.197818875312805,2.75233387947083,-0.792907536029816,-2.1572470664978,15.4249668121338,8.24222564697266,18.8653945922852,0.955475736842794,0.635224126907156
22700,55,"undefined",2000,1,0.00133078277576715,0,1,0,0,0,0,0,0,372069.138789147,28.5115451812744,47.9870681762695,2.74355697631836,73.6265869140625,30.8071823120117,-0.381546437740326,-0.013027872890234,-0.952616333961487,0.939582109451294,1.53513944149017,-1.52210462093353,3.85740804672241,4.87511491775513,4.18846940994263,2.4472778897418,1.84852070579702
22800,55,"undefined",1990,0,0.0011552000651136,0,1,0,0,0,0,0,0,284698.510831892,26.5663661956787,44.5611534118652,1.80535483360291,69.4226913452148,28.7484703063965,-0.29020082950592,3.54328155517578,0.132672488689423,3.41061353683472,-0.59830915927887,-2.94497299194336,15.778112411499,10.2395534515381,17.992115020752,2.12083960622759,0.529351487975009
22800,55,"undefined",2000,1,0.00109026057180017,0,1,0,0,0,0,0,0,304822.329366624,24.6349620819092,54.5000686645508,2.10917019844055,76.0823135375977,30.1580791473389,-0.39120152592659,-0.515844166278839,-2.07020974159241,1.55436146259308,0.618663191795349,-0.102813750505447,4.24780178070068,1.96020936965942,5.30249738693237,7.70252979975104,6.52523314825789
22900,55,"undefined",1990,0,0.000810674275271595,0,1,0,0,0,0,0,0,199790.289254427,24.8565979003906,47.1762580871582,2.03630471229553,70.7862319946289,27.8103294372559,-0.372853875160217,1.93886756896973,-0.580523908138275,2.51939296722412,-0.328897297382355,-1.6099705696106,16.722583770752,16.4230823516846,17.1035289764404,2.70038716273756,1.4131805690417
22900,55,"undefined",2000,1,0.000780892441980541,0,1,0,0,0,0,0,0,218327.128918409,21.0763492584229,56.2044982910156,2.04942846298218,75.1692199707031,29.9369716644287,-0.338706612586975,-0.277587354183197,-1.69984793663025,1.42225193977356,0.703648805618286,-0.426056146621704,3.086021900177,5.24841022491455,3.10638976097107,2.40272466040653,3.66716405422542
23000,55,"undefined",1990,0,0.000448608014266938,0,1,0,0,0,0,0,0,110559.230542332,26.9560642242432,40.8092498779297,0.826545417308807,72.8694229125977,27.6543254852295,-0.296336472034454,3.1322717666626,2.30414581298828,0.828129053115845,-0.859475314617157,-2.27279949188232,16.441535949707,16.5826320648193,16.021728515625,2.7391464698937,1.14735143384887
23000,55,"undefined",2000,1,0.000419027113821357,0,1,0,0,0,0,0,0,117154.402039289,26.741584777832,48.8585662841797,1.17318546772003,78.2678909301758,29.493745803833,-0.280945986509323,-3.23349237442017,-1.02545535564423,-2.20802855491638,1.16876637935638,2.06472396850586,7.88157367706299,8.85234546661377,7.74390316009521,8.94465234057252,4.09854936074032
23100,55,"undefined",1990,0,0.00205198070034385,0,1,0,0,0,0,0,0,505709.667622924,18.0212059020996,59.7047348022461,3.65359401702881,75.9751586914062,31.121337890625,0.337745010852814,0.886964797973633,-0.0347636640071869,0.921732187271118,-0.252271831035614,-0.634695589542389,19.251537322998,18.8872814178467,19.4046497344971,0.699308891579552,0.371606948716822
23100,55,"undefined",2000,1,0.0021290136501193,0,1,0,0,0,0,0,0,595243.855213761,17.150842666626,65.6522750854492,6.60876941680908,77.5123748779297,32.0483894348145,0.267957448959351,-1.36591708660126,-1.99903011322021,0.633103489875793,0.937452256679535,0.428467988967896,6.77585601806641,7.80936622619629,7.00405693054199,1.53885855344397,1.24866106141856
23200,19,"undefined",1990,0,0.000638890196569264,0,0,1,0,0,0,0,0,157454.18006891,30.6138572692871,38.5231895446777,1.52773892879486,69.2045440673828,29.9382801055908,-0.343292206525803,1.56881213188171,-0.575987994670868,2.1448016166687,-0.735085844993591,-0.833727419376373,9.85760688781738,2.77886390686035,13.4856224060059,4.49033509295606,0.912285415002133
23200,19,"undefined",2000,1,0.000584487745072693,0,0,1,0,0,0,0,0,163414.993307889,25.51926612854,47.230167388916,2.2395281791687,74.5797729492188,30.4182682037354,-0.474521160125732,2.10115742683411,-1.78548061847687,3.88663148880005,-0.0141082070767879,-2.08704805374146,2.24311017990112,7.31815624237061,1.58909392356873,2.53475866183592,6.48094568698254
23301,17,"undefined",1990,0,0.000395154551370069,0,1,0,0,0,0,0,0,97385.6529943943,30.2670631408691,44.9564743041992,1.87442111968994,63.9147682189941,29.8581237792969,-0.377114176750183,1.07820630073547,0.57263970375061,0.505572557449341,-0.896546244621277,-0.181663036346436,9.61360931396484,6.75535202026367,10.3631019592285,1.54966254205969,2.42480136408413
23301,17,"undefined",2000,1,0.000359547528205439,0,1,0,0,0,0,0,0,100524.705116868,31.2353191375732,52.9680595397949,1.91161668300629,67.5307312011719,31.2247714996338,-0.357527554035187,-4.53797388076782,-1.38123762607574,-3.15673875808716,2.69326400756836,1.84470844268799,-1.41252791881561,-2.24133896827698,-0.573839485645294,3.49290736769474,2.79776520587616
23302,17,"undefined",1990,0,0.00039310465217568,0,1,0,0,0,0,0,0,96880.4552328587,35.1219673156738,39.1666145324707,0.982071816921234,64.10302734375,28.7689323425293,-0.600080907344818,2.16615200042725,-0.97709447145462,3.14324498176575,-1.42482554912567,-0.741326808929443,12.7556800842285,7.25603103637695,15.5739307403564,1.00303945860974,0.761658286834764
23302,17,"undefined",2000,1,0.000361230049747974,0,1,0,0,0,0,0,0,100995.113802552,31.7892875671387,46.1721534729004,1.3841381072998,69.5095825195312,30.0339756011963,-0.729540586471558,-1.07485055923462,-3.08500242233276,2.01014971733093,1.16414153575897,-0.0892835035920143,1.58180499076843,5.92531490325928,1.36688780784607,3.62271611958996,3.05416270643502
23400,17,"undefined",1990,0,0.000753312546294183,0,1,0,0,0,0,0,0,185653.514106572,19.5635032653809,55.6040573120117,2.43268227577209,67.6745681762695,33.4499244689941,0.261074900627136,1.83040499687195,-0.803321599960327,2.63372659683228,0.799615323543549,-2.63001918792725,17.8369522094727,9.8668098449707,19.5924282073975,1.4851685381031,1.26248393147602
23400,17,"undefined",2000,1,0.000749144412111491,0,1,0,0,0,0,0,0,209450.806780607,13.6550312042236,63.641242980957,4.29790258407593,71.4260559082031,33.1229553222656,0.43120488524437,-2.38933730125427,-2.65415000915527,0.264814913272858,0.184944704174995,2.20439267158508,-1.38991224765778,-3.68377161026001,-0.381265372037888,1.02133945636658,3.4811545727651
23500,17,"undefined",1990,0,0.00152547552715987,0,1,0,0,0,0,0,0,375952.702355206,23.6743030548096,53.7165565490723,4.94538736343384,64.4431762695312,30.120023727417,-0.122377648949623,1.99061036109924,-1.13269758224487,3.12330722808838,0.298432648181915,-2.28904032707214,14.7970676422119,5.21426200866699,17.7618980407715,0.702413811752904,0.139609049701337
23500,17,"undefined",2000,1,0.00137429486494511,0,1,0,0,0,0,0,0,384234.549504459,19.5769138336182,60.9609489440918,6.24133014678955,67.5724411010742,30.8270606994629,-0.14639750123024,-1.47110223770142,-1.65096986293793,0.179869785904884,-0.155446246266365,1.62654483318329,1.55510222911835,6.16816091537476,1.31566178798676,2.59544770143657,2.44703139596923
23600,19,"undefined",1990,0,0.000560335116460919,0,0,1,0,0,0,0,0,138094.319178909,33.2775573730469,41.0322952270508,2.03714418411255,65.9497833251953,31.0506381988525,-0.314237922430038,1.72708034515381,-0.39348304271698,2.12055444717407,0.0459048897027969,-1.77298045158386,10.4065418243408,9.12837982177734,12.1359348297119,1.23039506997438,0.951589528481575
23600,19,"undefined",2000,1,0.000487795099616051,0,0,1,0,0,0,0,0,136381.016654015,33.2637710571289,48.4390449523926,3.90141463279724,69.6328506469727,29.3674564361572,-0.604235827922821,-4.31362199783325,-3.52139759063721,-0.792222380638123,1.15571165084839,3.15790724754333,1.26137053966522,-2.58132386207581,4.65590620040894,5.13458001715159,4.40506841214776
23700,17,"undefined",1990,0,0.000604313157964498,0,1,0,0,0,0,0,0,148932.68315351,21.7616710662842,44.1519470214844,1.79942607879639,61.8733749389648,29.7610244750977,-0.41864800453186,2.71348357200623,0.194311141967773,2.51917243003845,0.827151536941528,-3.54063510894775,11.3674640655518,4.84433174133301,14.0754222869873,1.16084873976202,0.557794927006063
23700,17,"undefined",2000,1,0.000519587658345699,0,1,0,0,0,0,0,0,145269.797168255,20.9673099517822,52.3064270019531,2.36323475837708,68.20166015625,29.4138278961182,-0.766770958900452,-2.2118091583252,-4.2548360824585,2.04302573204041,-0.343810230493546,2.5556173324585,-1.02990019321442,0.701904296875,0.977993011474609,2.33577384497285,3.49307899176949
23801,17,"undefined",1990,0,0.00151820981409401,0,1,0,0,0,0,0,0,374162.07236436,22.4562397003174,48.3977088928223,2.94725394248962,65.672119140625,32.5564041137695,-0.0393319129943848,1.57998204231262,0.611633062362671,0.968343019485474,-0.602465867996216,-0.977513194084167,7.88817405700684,6.72812461853027,7.91878700256348,1.2015784001993,0.611849862375806
23801,17,"undefined",2000,1,0.00137444352731109,0,1,0,0,0,0,0,0,384276.110024825,17.9606399536133,53.4884757995605,4.47039127349854,70.090950012207,32.9500961303711,-0.0954269617795944,-0.559525847434998,-2.03730797767639,1.47778642177582,0.317767262458801,0.241754323244095,5.99786233901978,2.75707244873047,7.91611003875732,1.21103385707928,1.60501758020657
23802,19,"undefined",1990,0,0.000283625588053837,0,0,1,0,0,0,0,0,69899.3892681599,28.4258003234863,38.6153984069824,1.55538320541382,69.5911102294922,30.4723377227783,-0.325231552124023,2.01570987701416,-0.376230478286743,2.3919403553009,-0.962696969509125,-1.05301141738892,9.67221260070801,1.39813423156738,13.4350776672363,0.604634752755558,0.581102708448434
23802,19,"undefined",2000,1,0.000253620673902333,0,0,1,0,0,0,0,0,70908.9620873928,26.640588760376,47.0848045349121,2.2776517868042,75.7064743041992,30.7994003295898,-0.447892814874649,2.19769144058228,-0.947194457054138,3.14487743377686,-0.494389921426773,-1.70329642295837,1.65878033638,10.6012477874756,-0.757149279117584,2.49683524993876,2.73854717076224
23900,17,"undefined",1990,0,0.00208924268372357,0,1,0,0,0,0,0,0,514892.852244377,25.4503345489502,45.5815811157227,2.50225758552551,62.3392944335938,32.1695098876953,-0.143061429262161,3.22409272193909,-1.69335007667542,4.9174427986145,-0.637464225292206,-2.58662414550781,10.7611179351807,7.29761123657227,14.0784740447998,0.530032843483909,0.358791436769467
23900,17,"undefined",2000,1,0.00188997166696936,0,1,0,0,0,0,0,0,528410.904953361,18.4495620727539,54.0122337341309,3.00180912017822,68.8560028076172,32.0193977355957,-0.231190025806427,-0.639344990253448,-1.28287923336029,0.643534302711487,1.51387870311737,-0.874534249305725,6.21700286865234,9.90690517425537,6.107262134552,1.76480443522591,2.01337587478142
24000,55,"undefined",1990,0,0.00209857639856637,0,1,0,0,0,0,0,0,517193.121693611,34.7927207946777,41.9185791015625,3.27460694313049,69.175407409668,35.6909828186035,0.026080384850502,1.56902074813843,-1.41304278373718,2.98206806182861,-0.584259271621704,-0.984764099121094,16.0632133483887,12.7079963684082,19.0280437469482,1.46156552304252,0.912751966687449
24000,55,"undefined",2000,1,0.0020615051034838,0,1,0,0,0,0,0,0,576369.365415573,28.384204864502,52.0325164794922,5.14170026779175,73.4675598144531,34.8410530090332,-0.132202655076981,-3.52576780319214,-7.14412117004395,3.61835956573486,0.955779671669006,2.56998634338379,-1.39263701438904,3.0517578125,0.288758963346481,2.93960686481299,2.87845951657473
24100,55,"Milwaukee WI",1990,0,0.00636947015300393,0,1,0,0,0,0,0,0,1569752.81353092,26.655309677124,50.301872253418,4.1678032875061,69.4832229614258,35.6180763244629,0.321520864963531,0.236397981643677,-1.71499991416931,1.95139646530151,-0.231310725212097,-0.00508874654769897,16.2798881530762,13.2931709289551,18.2031631469727,1.17094118444841,0.819956491228076
24100,55,"Milwaukee WI",2000,1,0.00592922372743487,0,1,0,0,0,0,0,0,1657732.07218409,23.02028465271,56.4086036682129,6.39003801345825,71.9130325317383,34.844425201416,0.240466445684433,-1.51237416267395,-3.75176334381104,2.23938918113708,1.37455487251282,0.137818709015846,0.517300188541412,4.12246179580688,0.615869224071503,2.929720922101,2.52518404695222
24200,17,"undefined",1990,0,0.000513224280439317,0,1,0,0,0,0,0,0,126483.879289389,24.419713973999,40.1692428588867,1.60380876064301,64.6060791015625,29.4222564697266,-0.604884266853333,0.575536489486694,-2.50845408439636,3.08399200439453,-0.0882938504219055,-0.487241148948669,13.3171081542969,13.6791706085205,14.4914150238037,1.00285856987576,1.22599512443882
24200,17,"undefined",2000,1,0.000484577642055228,0,1,0,0,0,0,0,0,135481.455189645,13.3143558502197,46.2674751281738,4.78231334686279,67.6378784179688,29.874095916748,-0.711960911750793,-2.52443552017212,-4.56783390045166,2.04339194297791,1.36361956596375,1.16081964969635,-2.78867983818054,-9.27707099914551,0.745909571647644,1.24654424214713,1.85151911552504
24300,17,"Chicago IL",1990,0,0.0296380054205656,0,1,0,0,0,0,0,0,7304272.05549741,20.7875270843506,53.0695610046387,15.2189712524414,65.5478057861328,36.0737991333008,0.563510537147522,-2.56339907646179,-2.74002623558044,0.176626443862915,-0.580561518669128,3.14396619796753,13.5157108306885,11.5994930267334,14.204740524292,1.18369599169746,0.996218806153729
24300,17,"Chicago IL",2000,1,0.0292323622852564,0,1,0,0,0,0,0,0,8172979.4726572,16.0483455657959,57.6740989685059,22.7524662017822,64.5555648803711,34.9598274230957,0.442084819078445,1.85567140579224,-2.88039445877075,4.73606586456299,1.31006693840027,-3.1657452583313,0.699860692024231,3.13935947418213,0.7392338514328,2.93102685326526,2.75734157713086
24400,17,"undefined",1990,0,0.00230156234465539,0,1,0,0,0,0,0,0,567218.927145243,37.0900230407715,44.776782989502,3.82124996185303,66.9885787963867,33.8952560424805,-0.0310005247592926,-0.696742534637451,-3.69879150390625,3.00204753875732,0.246353074908257,0.450390577316284,12.3751640319824,10.8205795288086,15.4534339904785,1.95407672167035,1.18656905155549
24400,17,"undefined",2000,1,0.00222735735587776,0,1,0,0,0,0,0,0,622739.475498438,30.8222255706787,51.6179313659668,6.40295839309692,69.2911834716797,33.7383460998535,-0.246258154511452,-2.73790526390076,-5.30035400390625,2.5624463558197,2.39576649665833,0.342139184474945,-3.51585674285889,-1.64965224266052,-1.13705229759216,5.09643470160129,5.49536374708695
24500,29,"undefined",1990,0,0.000421895034378394,0,0,1,0,0,0,0,0,103975.827293664,18.0873184204102,31.880729675293,2.71729254722595,56.3654022216797,28.7319240570068,-0.464457422494888,3.65618467330933,-0.266128033399582,3.92231345176697,-1.43853282928467,-2.21765327453613,16.4037704467773,19.312858581543,15.8165454864502,4.17076523755962,2.51783330943273
24500,29,"undefined",2000,1,0.000399494281737134,0,0,1,0,0,0,0,0,111693.280056983,14.865816116333,39.6911163330078,3.00296330451965,60.7633361816406,29.4455261230469,-0.825999677181244,0.568040788173676,-1.96782493591309,2.53586268424988,2.57383918762207,-3.14187598228455,-2.12151670455933,1.65053772926331,-2.4397714138031,1.62847066619926,4.27711556175106
24600,29,"undefined",1990,0,0.000498995650559664,0,0,1,0,0,0,0,0,122977.240076125,30.1336288452148,34.7070960998535,1.10861718654633,59.2039985656738,27.8698711395264,-0.775810241699219,2.10450887680054,-0.845611095428467,2.95011401176453,-1.35119366645813,-0.753313302993774,13.514518737793,17.7215099334717,12.3095035552979,5.62764632543193,2.00092332125919
24600,29,"undefined",2000,1,0.000493202242068946,0,0,1,0,0,0,0,0,137892.775919676,25.5091934204102,41.7119369506836,1.9832888841629,64.2363357543945,30.0243968963623,-0.855221629142761,0.976758360862732,-3.98330283164978,4.96006870269775,2.24612855911255,-3.22288680076599,1.13017213344574,0.318186610937119,2.87410187721252,3.77986598954408,4.77079195821593
24701,29,"St. Louis MO",1990,0,0.00898745469748974,0,0,1,0,0,0,0,0,2214953.82945067,21.0109539031982,50.6137008666992,2.77691292762756,66.3055038452148,33.6778526306152,0.324812233448029,0.722485780715942,-2.88081383705139,3.60329747200012,-0.592007875442505,-0.130476057529449,11.5904808044434,8.07099342346191,14.0182018280029,0.800379114487579,0.686072235960453
24701,29,"St. Louis MO",2000,1,0.00831542909145355,0,0,1,0,0,0,0,0,2324883.25759506,13.098934173584,57.8123626708984,4.69963884353638,68.5528945922852,33.4277572631836,0.174209326505661,-0.770134568214417,-3.10783934593201,2.33770275115967,1.17074382305145,-0.400607049465179,2.70284914970398,9.80002498626709,2.93929243087769,1.52825393568326,1.67839371996774
24702,29,"undefined",1990,0,0.000140990014187992,0,0,1,0,0,0,0,0,34746.9204514921,34.6552467346191,36.8096008300781,1.30042600631714,69.3655166625977,31.053430557251,-0.249298363924026,1.28750801086426,-1.08285844326019,2.37036347389221,-0.94514936208725,-0.342361629009247,12.4614715576172,11.9130611419678,12.7868175506592,7.13445105993655,1.85332449787201
24702,29,"undefined",2000,1,0.000133786990772933,0,0,1,0,0,0,0,0,37405.0630699992,31.0662841796875,45.6903266906738,2.40812706947327,73.1720352172852,31.0207099914551,-0.554672539234161,-4.94620609283447,-4.89786624908447,-0.0483308508992195,0.673060953617096,4.27314424514771,1.77458357810974,3.43806409835815,1.72267651557922,3.38130962091595,8.61230926965521
24801,17,"undefined",1990,0,0.000340654572937638,0,1,0,0,0,0,0,0,83954.1570935249,26.6710243225098,37.2359199523926,0.850186228752136,63.9815979003906,28.7941188812256,-0.670444965362549,2.56918668746948,-0.502332329750061,3.07151675224304,-0.369664669036865,-2.19952154159546,10.8746528625488,0.140905380249023,14.6616458892822,1.23284794080886,0.649248484911362
24801,17,"undefined",2000,1,0.000303155131405219,0,1,0,0,0,0,0,0,84758.1402001083,23.3567562103271,46.6161499023438,2.05511569976807,68.9200134277344,31.5018081665039,-0.719437479972839,-1.08656716346741,-4.58534383773804,3.49877548217773,1.34197354316711,-0.255405902862549,8.42148876190186,17.7813930511475,7.8870906829834,1.33702753988018,2.72277096549674
24802,17,"undefined",1990,0,0.00102509872522205,0,1,0,0,0,0,0,0,252635.102595329,9.07169342041016,47.9641227722168,1.7891172170639,72.0359878540039,34.2212066650391,0.102807730436325,-0.201427936553955,-0.101450830698013,-0.0999748706817627,-0.207734107971191,0.409162044525146,11.0883712768555,8.14409255981445,11.3142490386963,0.190997997908302,0.142392278321527
24802,17,"undefined",2000,1,0.000966072955634445,0,1,0,0,0,0,0,0,270101.130142748,7.64828395843506,56.2289123535156,2.17740702629089,73.4979782104492,33.5269813537598,-0.110136866569519,-4.12457323074341,-1.83026695251465,-2.29431056976318,3.00739765167236,1.11718046665192,2.43486666679382,0.998360753059387,2.68295836448669,0.716400242026819,0.423140149731814
24900,17,"undefined",1990,0,0.00149948871694505,0,1,0,0,0,0,0,0,369548.279231429,24.0084228515625,42.9049110412598,1.59518015384674,63.3476181030273,31.9899730682373,-0.229374244809151,2.2423267364502,-2.55760622024536,4.7999324798584,-0.808175265789032,-1.43415033817291,10.607385635376,4.473876953125,14.5456790924072,0.482623557559856,0.675969630995894
24900,17,"undefined",2000,1,0.00136709061916918,0,1,0,0,0,0,0,0,382220.340121627,19.5903053283691,52.8702926635742,2.02512907981873,68.1731491088867,30.548131942749,-0.451546460390091,-1.21556866168976,-3.19880366325378,1.98324227333069,0.773706614971161,0.441855609416962,4.19248867034912,16.7630062103271,3.09828352928162,2.62510619117996,2.63224646444295
25000,17,"undefined",1990,0,0.000587788294069469,0,1,0,0,0,0,0,0,144860.13748312,24.9413356781006,36.0446891784668,0.858435571193695,64.7196884155273,29.4956169128418,-0.524957597255707,2.21103429794312,-0.0219076871871948,2.23293900489807,-0.580227375030518,-1.63080394268036,15.5366897583008,10.6685161590576,17.6437854766846,0.682602436211598,0.464444553357863
25000,17,"undefined",2000,1,0.000544070731848478,0,1,0,0,0,0,0,0,152114.935072869,23.8116836547852,45.916675567627,1.79018342494965,69.6455612182617,28.7674160003662,-0.906717538833618,-0.443935394287109,-3.09513831138611,2.65120601654053,-0.217726707458496,0.661656260490417,1.92941927909851,7.16025447845459,1.56913495063782,5.70782069799684,4.06143261185456
25101,5,"undefined",1990,0,0.000210355850867927,0,0,0,0,0,1,0,0,51842.096920073,39.3888816833496,30.1387195587158,1.1704158782959,56.6760597229004,29.1183433532715,-0.403402984142303,2.00413465499878,-1.7988920211792,3.80303263664246,-1.32707166671753,-0.677067041397095,14.7513866424561,14.3794536590576,15.1301383972168,1.41720918395738,2.74010791845095
25101,5,"undefined",2000,1,0.000229638259042986,0,0,0,0,0,1,0,0,64203.7996723503,31.7196788787842,38.6515693664551,2.91043472290039,60.729850769043,29.4673805236816,-0.771459460258484,-0.00941753387451172,-5.06520509719849,5.05578517913818,2.31458735466003,-2.30516695976257,2.34283709526062,11.6103038787842,-0.0720705315470695,7.67027159047573,3.54068071635646
25102,29,"undefined",1990,0,0.000325443805195391,0,0,1,0,0,0,0,0,80205.4702177048,37.7574729919434,24.9625034332275,0.886247754096985,55.5787086486816,26.0825881958008,-0.34663850069046,1.43675208091736,-2.41809344291687,3.8548469543457,-1.03493738174438,-0.401818752288818,15.4260158538818,18.0757999420166,13.8789653778076,9.31174670131469,3.33786188034171
25102,29,"undefined",2000,1,0.000323014945024624,0,0,1,0,0,0,0,0,90310.6759094149,28.4479084014893,34.6828651428223,1.59557294845581,59.9465675354004,26.0045318603516,-1.01748466491699,-5.79377603530884,-4.95794820785522,-0.835827469825745,1.80557310581207,3.98820638656616,3.48779153823853,8.97489261627197,1.04222977161407,5.06928276941007,5.94266032646171
25103,5,"undefined",1990,0,0.000253860285738483,0,0,0,0,0,1,0,0,62563.7444133759,31.2350749969482,31.3000049591064,1.23593318462372,56.9071655273438,29.8309803009033,-0.420758306980133,2.07449197769165,-1.68357634544373,3.7580668926239,-1.39494371414185,-0.679546594619751,14.5636558532715,13.3682727813721,15.4357433319092,0.713848858860386,1.93774176100293
25103,5,"undefined",2000,1,0.000273281504632905,0,0,0,0,0,1,0,0,76405.8744053841,29.0651168823242,39.3975105285645,3.13143587112427,60.8226013183594,30.081844329834,-0.736446917057037,0.99594247341156,-5.09640455245972,6.09235239028931,2.39399886131287,-3.38994598388672,2.03772950172424,12.0232448577881,-0.336374551057816,1.67425562154249,1.59827093687527
25104,5,"undefined",1990,0,0.000174999120645225,0,0,0,0,0,1,0,0,43128.4501583576,34.0553855895996,29.577428817749,1.20080983638763,56.0031661987305,29.8449039459229,-0.555168926715851,0.803375244140625,-1.75091171264648,2.55428552627563,-2.2442843914032,1.44091248512268,16.7283058166504,14.6486282348633,18.0459022521973,3.18605085583864,2.6590457904344
25104,5,"undefined",2000,1,0.000188502002856694,0,0,0,0,0,1,0,0,52702.6506296992,30.2086715698242,37.0373687744141,1.37540662288666,58.262451171875,26.5867919921875,-1.3085640668869,-4.47507429122925,-5.16635513305664,0.691281914710999,1.16553211212158,3.30954384803772,1.30087983608246,5.80889844894409,0.218868255615234,7.42879563005788,6.54003890232314
25105,5,"undefined",1990,0,0.00022866552171763,0,0,0,0,0,1,0,0,56354.5077621937,33.6122207641602,29.577428817749,1.20080983638763,56.0031661987305,29.8449039459229,-0.555168926715851,0.803375244140625,-1.75091171264648,2.55428552627563,-2.2442843914032,1.44091248512268,16.7283058166504,14.6486282348633,18.0459022521973,0.574068066055098,1.2576788343754
25105,5,"undefined",2000,1,0.000235045707086101,0,0,0,0,0,1,0,0,65715.6498057842,28.864896774292,37.0373687744141,1.37540662288666,58.262451171875,26.5867919921875,-1.30856394767761,-4.47507429122925,-5.16635513305664,0.691281914710999,1.16553211212158,3.30954384803772,1.30087983608246,5.80889844894409,0.218868255615234,1.99140350414593,2.60238935399121
25200,21,"undefined",1990,0,0.000604643893893808,0,0,0,0,1,0,0,0,149014.197747588,26.808500289917,32.0545234680176,1.15080332756042,55.9430961608887,27.6911373138428,-0.679869771003723,3.09808254241943,2.3162887096405,0.781792402267456,-1.37930142879486,-1.7187774181366,16.9353008270264,12.7508640289307,15.8527374267578,0.719305861480237,1.19455977677328
25200,21,"undefined",2000,1,0.000544152338989079,0,0,0,0,1,0,0,0,152137.751452118,28.6317501068115,33.6945648193359,1.60094201564789,58.6216926574707,28.3264598846436,-0.92749148607254,-0.964462757110596,-2.3008394241333,1.3363744020462,0.0623113363981247,0.902150392532349,-1.39004838466644,1.1392320394516,-1.99249815940857,1.76339966312907,2.62123010219438
25300,47,"undefined",1990,0,0.000446962134446949,0,0,0,0,1,0,0,0,110153.6059376,44.2713088989258,34.4375152587891,1.01784765720367,59.6349601745605,28.7628116607666,-0.215245455503464,-0.320053100585938,-2.73471784591675,2.41465854644775,-0.96101313829422,1.28107070922852,14.7946834564209,17.816686630249,14.4419193267822,4.40740522742479,2.77056358148339
25300,47,"undefined",2000,1,0.000412856898037717,0,0,0,0,1,0,0,0,115429.295404851,38.5824661254883,40.3116836547852,1.96941983699799,60.5340614318848,30.8213024139404,-0.673118352890015,-2.60244107246399,-5.47558689117432,2.87314820289612,0.604244768619537,1.99819040298462,-6.33389568328857,-1.74052381515503,-5.57879018783569,8.76547627260737,6.32579403766576
25401,21,"undefined",1990,0,0.00052958051674068,0,0,0,0,1,0,0,0,130514.863674074,19.8360614776611,39.5975914001465,1.03172516822815,55.8868217468262,27.3493499755859,-0.73961728811264,3.6569356918335,0.198729336261749,3.45820784568787,-1.39166605472565,-2.26526856422424,13.9751434326172,6.05216026306152,16.2808895111084,1.74107818112411,1.10466033098545
25401,21,"undefined",2000,1,0.000489134050440043,0,0,0,0,1,0,0,0,136755.371238023,16.3417434692383,45.9105491638184,1.53243482112885,60.7042541503906,28.7919998168945,-0.95710015296936,-4.10851430892944,-5.3718409538269,1.2633204460144,1.84930968284607,2.25920343399048,-5.59186935424805,4.00992822647095,-5.22606706619263,2.82710244264211,6.03799099179845
25402,21,"undefined",1990,0,0.000123171033919789,0,0,0,0,1,0,0,0,30355.4419869184,28.3183631896973,40.8231163024902,1.0118043422699,56.2385864257812,27.6927089691162,-0.68222850561142,3.39896678924561,0.175634026527405,3.22332978248596,-1.23186111450195,-2.16709971427917,13.3913516998291,3.67007255554199,16.6916847229004,25.4052703283574,7.00411563375196
25402,21,"undefined",2000,1,0.000119945369078778,0,0,0,0,1,0,0,0,33535.1280548275,26.4412651062012,46.6557197570801,1.60464453697205,60.9013633728027,29.4781475067139,-0.884781837463379,-5.14563512802124,-6.3100209236145,1.16438519954681,2.27041482925415,2.87521743774414,-8.01311206817627,5.23403692245483,-7.63007545471191,43.0846042868085,28.6551601105356
25500,17,"undefined",1990,0,0.000550204538740218,0,1,0,0,0,0,0,0,135597.645711064,25.71750831604,42.2379417419434,1.46466898918152,60.8825225830078,29.4383888244629,-0.535589516162872,4.44561862945557,0.764930248260498,3.68069410324097,-1.72310614585876,-2.72251510620117,14.5725727081299,12.2086048126221,14.4641399383545,0.754101450789339,0.784354180673553
25500,17,"undefined",2000,1,0.000509364588651806,0,1,0,0,0,0,0,0,142411.552499413,27.0211544036865,50.8851928710938,1.93939411640167,69.2526092529297,29.2112350463867,-0.711864709854126,0.581341147422791,-4.16354942321777,4.74488735198975,1.07813155651093,-1.65946781635284,6.31237030029297,0.826358795166016,9.25500011444092,3.90460704043335,1.85923635272768
25601,17,"undefined",1990,0,0.00105564901605248,0,1,0,0,0,0,0,0,260164.202861845,16.9519329071045,46.3938980102539,2.32458090782166,55.7674713134766,28.6667022705078,-0.693068027496338,5.04010915756226,0.885213136672974,4.15489673614502,-2.14993405342102,-2.89017248153687,5.58934211730957,6.70838356018066,5.25650978088379,0.850012957923517,0.637019297282497
25601,17,"undefined",2000,1,0.000946686021052301,0,1,0,0,0,0,0,0,264680.815039754,15.9864988327026,55.8064880371094,2.82374811172485,64.7871704101562,29.4856700897217,-0.893363058567047,-3.03737616539001,-2.05203247070312,-0.985341429710388,1.96866202354431,1.06870698928833,3.16170263290405,7.08307552337646,2.66497468948364,0.908276667439283,1.77749241849148
25602,17,"undefined",1990,0,0.000156089532538317,0,1,0,0,0,0,0,0,38468.1915053725,5.55827140808105,36.554874420166,0.815432965755463,54.8534698486328,25.5979633331299,-1.00922536849976,3.73058915138245,-0.131852924823761,3.86244058609009,-2.32393217086792,-1.40665769577026,14.5871639251709,18.0784702301025,14.0460014343262,0.315793478388608,0.0886344599871336
25602,17,"undefined",2000,1,0.000136682312586345,0,1,0,0,0,0,0,0,38214.5543026924,6.38852119445801,49.1452560424805,1.52685618400574,62.1411819458008,26.142879486084,-1.32120501995087,-1.1303254365921,-1.97842824459076,0.848106026649475,0.259259968996048,0.871066570281982,5.92483806610107,4.60903978347778,6.36536693572998,1.05567500549098,0.582374572973947
25701,29,"undefined",1990,0,0.000713105546310544,0,0,1,0,0,0,0,0,175744.515552044,26.8402328491211,28.3411350250244,0.838817477226257,56.5170707702637,26.8502082824707,-0.702616333961487,2.05203890800476,-0.793503224849701,2.84554958343506,-1.199875831604,-0.85216760635376,12.4371528625488,17.2179222106934,10.9481811523438,3.37252844848728,1.80697463282138
25701,29,"undefined",2000,1,0.000662010454107076,0,0,1,0,0,0,0,0,185089.315864861,22.566291809082,35.9292411804199,1.48500871658325,61.6177368164062,29.6172828674316,-0.822225689888,-0.0966787338256836,-3.81895780563354,3.72227621078491,1.03337693214417,-0.936691284179688,2.50945782661438,12.9192905426025,1.09148025512695,2.99449917804111,3.55170195444374
25702,29,"undefined",1990,0,0.000276383070740849,0,0,1,0,0,0,0,0,68114.4767264128,26.7754135131836,26.100772857666,1.13967967033386,51.1082000732422,24.877140045166,-1.04806196689606,2.96752452850342,1.50923871994019,1.45828425884247,-1.01439690589905,-1.95312798023224,9.47718620300293,14.8184776306152,7.67860412597656,1.07087060579304,1.21975215957087
25702,29,"undefined",2000,1,0.000265549257164821,0,0,1,0,0,0,0,0,74244.0403409004,25.5688972473145,34.2372550964355,1.11766993999481,56.6054649353027,29.3091831207275,-1.02921175956726,2.78132295608521,-3.20455026626587,5.98587322235107,0.27048322558403,-3.05180883407593,2.26245617866516,16.6371212005615,-1.83241701126099,3.54761104912329,2.02588651720847
25800,5,"undefined",1990,0,0.000455810339190066,0,0,1,0,0,0,0,0,112334.238067389,38.096565246582,26.8452110290527,1.35428941249847,55.9880256652832,29.1641597747803,-0.530602693557739,1.24215483665466,0.347132980823517,0.895020365715027,-1.65854322910309,0.416392087936401,14.9454116821289,19.6032524108887,12.8581523895264,3.35595168021975,1.60040219730934
25800,5,"undefined",2000,1,0.000374683790141717,0,0,1,0,0,0,0,0,104756.598430395,34.8594741821289,33.0661277770996,1.59975814819336,58.8787956237793,30.3806133270264,-0.654446184635162,-2.74953675270081,-2.13203477859497,-0.617499887943268,1.99261844158173,0.756915152072906,3.22375965118408,15.68603515625,-0.559806823730469,6.58244739509428,4.86075612458958
25900,5,"undefined",1990,0,0.0007140101515688,0,0,0,0,0,1,0,0,175967.453892708,38.0611801147461,32.616081237793,0.937556087970734,60.5386810302734,31.4849376678467,-0.30161464214325,0.0892281532287598,-0.351102650165558,0.440332293510437,0.375188529491425,-0.464415550231934,18.8380718231201,21.4450836181641,17.8788661956787,5.67581743714482,2.24550756657978
25900,5,"undefined",2000,1,0.000709723331965506,0,0,0,0,0,1,0,0,198429.199826419,34.388744354248,39.5112190246582,1.65493941307068,59.9374160766602,30.6770839691162,-0.731299042701721,-0.505728363990784,-7.65019559860229,7.14446830749512,0.557773351669312,-0.0520433709025383,4.50781393051147,5.01040029525757,6.18941450119019,5.75001361468659,5.84028612050284
26001,27,"undefined",1990,0,7.73505234974436e-05,0,0,1,0,0,0,0,0,19062.9995050877,61.1169204711914,43.6440124511719,1.80824899673462,63.6920166015625,25.1588230133057,-0.734901487827301,4.60245037078857,-0.312080234289169,4.91453409194946,-0.890329480171204,-3.71212220191956,10.9555721282959,9.08627510070801,11.9186401367188,0.64489416623258,0.585094972595862
26001,27,"undefined",2000,1,7.45600409572944e-05,0,0,1,0,0,0,0,0,20845.9947363883,54.6211128234863,55.4312171936035,2.9703357219696,73.3323669433594,27.7462749481201,-0.583446025848389,4.45755910873413,1.35646438598633,3.10109353065491,-0.971348702907562,-3.48620533943176,3.79330778121948,3.98070478439331,3.6097936630249,2.28899308919168,1.98626508283462
26002,27,"undefined",1990,0,0.00113373866770416,0,0,1,0,0,0,0,0,279409.354904711,12.1704683303833,48.6175880432129,2.15280556678772,61.0042381286621,26.7625713348389,-0.707580387592316,3.69373559951782,0.178715586662292,3.51501703262329,-1.08366465568542,-2.61006641387939,8.73198509216309,4.35209274291992,9.40608978271484,0.407696789666683,0.309023314163899
26002,27,"undefined",2000,1,0.00102223665453494,0,0,1,0,0,0,0,0,285803.76956141,9.99616146087646,58.0787124633789,2.15037775039673,68.973503112793,28.2353038787842,-0.831919968128204,-0.3717882335186,-1.72006344795227,1.34827411174774,1.32492661476135,-0.953137874603271,2.0005362033844,6.76597881317139,1.53371262550354,0.922764617794857,0.74511334862384
26003,27,"undefined",1990,0,1.56069072545506e-05,0,0,1,0,0,0,0,0,3846.31495136023,7.65381956100464,41.6063079833984,2.52718067169189,59.1686859130859,24.3136596679688,-1.12123084068298,4.52104806900024,-1.86012840270996,6.38117790222168,-1.9207980632782,-2.60024356842041,8.35943222045898,6.94766044616699,10.6328010559082,0.050420008628862,0.039753776285928
26003,27,"undefined",2000,1,1.86089546332369e-05,0,0,1,0,0,0,0,0,5202.81591916084,8.84326839447021,52.8771629333496,2.25672674179077,67.0669631958008,27.6694679260254,-0.894014716148376,4.09906244277954,-2.04953002929688,6.14859390258789,-0.527624011039734,-3.57144212722778,2.73036956787109,-6.88089656829834,5.52163791656494,0.0716311557692149,0.0652453968567508
26004,27,"undefined",1990,0,6.57381897326559e-05,0,0,1,0,0,0,0,0,16201.1446152925,31.7720355987549,41.6063079833984,2.52718067169189,59.1686859130859,24.3136596679688,-1.12123084068298,4.52104806900024,-1.86012840270996,6.38117790222168,-1.9207980632782,-2.60024356842041,8.35943222045898,6.94766044616699,10.6328010559082,1.70849790342823,1.91948095588884
26004,27,"undefined",2000,1,5.14482853759546e-05,0,0,1,0,0,0,0,0,14384.2561820149,31.5862865447998,52.8771629333496,2.25672674179077,67.0669631958008,27.6694679260254,-0.894014716148376,4.09906244277954,-2.04953002929688,6.14859390258789,-0.527624011039734,-3.57144212722778,2.73036956787109,-6.88089656829834,5.52163791656494,1.53325703737486,2.03427575054178
26101,29,"undefined",1990,0,0.000224905190407299,0,0,1,0,0,0,0,0,55427.7771351933,27.2655334472656,34.4431686401367,1.12474870681763,63.2340240478516,28.7901496887207,-0.613791882991791,1.9439697265625,0.145772099494934,1.79819464683533,-1.23737382888794,-0.706593692302704,11.8869781494141,10.5432033538818,12.653923034668,1.46766486329459,2.56236961398839
26101,29,"undefined",2000,1,0.000202005860046484,0,0,1,0,0,0,0,0,56478.1506620646,24.9038333892822,42.1708908081055,2.18417191505432,67.5483856201172,27.7890892028809,-0.998816251754761,-0.188299581408501,-5.38045597076416,5.19216918945312,-0.0795668810606003,0.267861157655716,-2.22090315818787,1.90101361274719,-1.73943376541138,2.41306802655637,2.26431921438064
26102,29,"undefined",1990,0,0.000196728928131051,0,0,1,0,0,0,0,0,48483.7512384653,29.075798034668,42.7912292480469,1.94268882274628,61.1313896179199,29.7389240264893,-0.631803631782532,4.37007522583008,0.896808505058289,3.47327589988708,-1.34713792800903,-3.02294492721558,16.1253929138184,21.1140155792236,14.5941734313965,1.54101070961605,1.12190803195075
26102,29,"undefined",2000,1,0.000175444569322281,0,0,1,0,0,0,0,0,49051.9660485983,27.6009998321533,47.9737586975098,3.04482197761536,66.8729400634766,27.7633666992188,-1.04838407039642,-2.58312916755676,-2.18101477622986,-0.402126967906952,1.11434292793274,1.46879470348358,4.56973505020142,-1.7226083278656,7.47067546844482,3.24733124571468,3.02421412330612
26103,29,"undefined",1990,0,9.31220347410999e-05,0,0,1,0,0,0,0,0,22949.8798835278,43.2612915039062,40.5192756652832,1.661088347435,61.4545707702637,29.0286293029785,-0.640328407287598,4.50871562957764,1.78201341629028,2.72670388221741,-1.41271317005157,-3.0960054397583,15.3195858001709,19.4992065429688,13.78493309021,0.853024236587695,1.33089191800682
26103,29,"undefined",2000,1,7.98107794253156e-05,0,0,1,0,0,0,0,0,22314.0319484472,41.4932289123535,46.8471870422363,2.56284880638123,67.4288787841797,28.0505237579346,-0.94944030046463,-2.70606780052185,-3.86796903610229,1.16189885139465,0.990687787532806,1.71538329124451,0.39311820268631,-4.22682094573975,2.44079327583313,6.06594077788336,2.12476369145122
26104,29,"undefined",1990,0,5.72950521018356e-05,0,0,1,0,0,0,0,0,14120.3376640081,23.9912414550781,38.1618347167969,0.553852617740631,62.0898056030273,26.0029697418213,-0.673657059669495,3.11771035194397,1.00118744373322,2.11652517318726,-0.991374611854553,-2.12633609771729,14.3166065216064,14.3003463745117,14.5525455474854,0.232834424453851,0.201284931921132
26104,29,"undefined",2000,1,5.02058246638626e-05,0,0,1,0,0,0,0,0,14036.8799110651,45.6672401428223,45.3856506347656,1.21289646625519,67.4459838867188,26.7911586761475,-0.987688958644867,-0.375092029571533,-1.65061116218567,1.2755138874054,1.46579897403717,-1.09069895744324,3.70945262908936,-4.92402505874634,6.49356842041016,1.39961711069191,0.650666992217864
26105,29,"undefined",1990,0,4.61413110315334e-05,0,0,1,0,0,0,0,0,11371.5043241978,42.9739799499512,37.438346862793,1.27921783924103,61.8904457092285,28.0377616882324,-0.652220547199249,4.86453771591187,1.95478200912476,2.90975570678711,-1.64855349063873,-3.21598649024963,15.1061534881592,20.1618671417236,13.2263660430908,0.0277399377800217,0.600429154779679
26105,29,"undefined",2000,1,4.45364676124882e-05,0,0,1,0,0,0,0,0,12451.8030240536,55.2422714233398,45.5060806274414,1.81403088569641,67.9144897460938,27.9974727630615,-0.871699929237366,-2.13267970085144,-4.87097263336182,2.73829698562622,0.989883601665497,1.14279341697693,-3.18172979354858,-7.39949131011963,-1.26654756069183,1.18638868009031,-0.466924527597397
26106,19,"undefined",1990,0,0.000120273951324634,0,0,1,0,0,0,0,0,29641.4579840899,25.429105758667,38.1122665405273,1.60275995731354,63.8902854919434,27.6102104187012,-0.579011619091034,3.03917527198792,3.43414545059204,-0.394964218139648,-0.249366462230682,-2.78981328010559,16.9948101043701,14.8155212402344,16.5349006652832,0.832440840017404,0.34153230314151
26106,19,"undefined",2000,1,0.000107391264464241,0,0,1,0,0,0,0,0,30025.167930603,26.6371459960938,46.3383255004883,2.17779159545898,70.1128997802734,29.4313850402832,-0.571448385715485,2.71041893959045,-0.414999485015869,3.12541198730469,0.0177201423794031,-2.72813439369202,3.1083652973175,4.77007436752319,2.79964709281921,3.28552636048048,2.28193124555793
26107,29,"undefined",1990,0,0.000153645814862102,0,0,1,0,0,0,0,0,37865.9358075857,17.5895156860352,37.438346862793,1.27921783924103,61.8904457092285,28.0377616882324,-0.652220547199249,4.86453771591187,1.95478200912476,2.90975570678711,-1.64855349063873,-3.21598649024963,15.1061534881592,20.1618671417236,13.2263660430908,3.35385819069837,0.477275487552011
26107,29,"undefined",2000,1,0.000136977701913565,0,0,1,0,0,0,0,0,38297.1418306828,16.8878383636475,45.5060806274414,1.81403088569641,67.9144897460938,27.9974727630615,-0.871699929237366,-2.13267970085144,-4.87097263336182,2.73829698562622,0.989883601665497,1.14279341697693,-3.18172979354858,-7.39949131011963,-1.26654756069183,4.13894489641686,1.63615993072442
26201,38,"undefined",1990,0,0.000431337801273912,0,0,1,0,0,0,0,0,106302.992019057,6.17884302139282,50.7631530761719,1.79208612442017,64.8996734619141,25.5128498077393,-0.865947246551514,1.78792476654053,0.332855820655823,1.45506858825684,-0.299927592277527,-1.48800015449524,12.3342037200928,3.7501335144043,12.7924919128418,0.0595301879340895,0.040436535913962
26201,38,"undefined",2000,1,0.000411983346566558,0,0,1,0,0,0,0,0,115185.060980856,6.17253828048706,57.9024429321289,2.46295547485352,71.2071762084961,28.0279598236084,-0.586295187473297,8.11497688293457,0.749685943126678,7.36528635025024,-1.76603424549103,-6.34893798828125,13.8025970458984,2.78363919258118,14.3188743591309,0.437217048620003,0.368249223488043
26202,38,"undefined",1990,0,1.46704687722377e-05,0,0,1,0,0,0,0,0,3615.53001311421,3.57729196548462,47.5672836303711,1.01206982135773,64.1404266357422,19.9918441772461,-1.02746081352234,1.62919163703918,0.78042858839035,0.848758220672607,-0.254039824008942,-1.37515068054199,9.88483428955078,-17.7153587341309,11.588716506958,0.0717666744148144,1.74479168890684e-07
26202,38,"undefined",2000,1,1.00816168924212e-05,0,0,1,0,0,0,0,0,2818.68595216423,3.26926112174988,52.9657783508301,1.53827095031738,72.2445297241211,24.966869354248,-0.854363441467285,6.85509586334229,1.89476144313812,4.96033239364624,-1.52821123600006,-5.32688426971436,15.1675777435303,0.0617163553833961,16.2796287536621,0.028375629028525,0.292537408792311
26203,38,"undefined",1990,0,4.68967045890167e-05,0,0,1,0,0,0,0,0,11557.6701014042,3.53618597984314,52.3619422912598,2.18230199813843,65.2793884277344,28.2780609130859,-0.78505277633667,2.03553438186646,0.15278048813343,1.88275575637817,-0.335267543792725,-1.70027017593384,13.4076118469238,14.7156715393066,13.3342742919922,0.0638223161764352,0.0127470956249454
26203,38,"undefined",2000,1,3.58545621566009e-05,0,0,1,0,0,0,0,0,10024.4578998089,5.91501140594482,60.0791053771973,2.87066531181335,70.7529525756836,29.3886623382568,-0.467134714126587,8.63848400115967,0.224909067153931,8.41357040405273,-1.86968851089478,-6.76879072189331,13.2358417510986,7.55848217010498,13.4532108306885,0.327506216408316,0.087321872522129
26204,38,"undefined",1990,0,1.30695743791875e-05,0,0,1,0,0,0,0,0,3220.99024748802,5.39083576202393,52.3619422912598,2.18230199813843,65.2793884277344,28.2780609130859,-0.78505277633667,2.03553438186646,0.15278048813343,1.88275575637817,-0.335267543792725,-1.70027017593384,13.4076118469238,14.7156715393066,13.3342742919922,1.57949617434699e-06,0.00176701964442651
26204,38,"undefined",2000,1,9.84242888080189e-06,0,0,1,0,0,0,0,0,2751.81198374927,1.02649867534637,60.0791053771973,2.87066531181335,70.7529525756836,29.3886623382568,-0.467134714126587,8.63848400115967,0.224909067153931,8.41357040405273,-1.86968851089478,-6.76879072189331,13.2358417510986,7.55848217010498,13.4532108306885,0.0108126855659358,-0.00022671583045459
26301,38,"undefined",1990,0,9.69208194874227e-05,0,0,1,0,0,0,0,0,23886.089851737,11.7125577926636,47.7392807006836,1.56866037845612,64.0276565551758,23.3400573730469,-0.890842437744141,4.63148355484009,2.25432729721069,2.37715840339661,-0.273589789867401,-4.35789060592651,16.9530391693115,10.5531215667725,17.0748233795166,0.711630898123161,0.358913735783959
26301,38,"undefined",2000,1,8.21544090285897e-05,0,0,1,0,0,0,0,0,22969.2800483108,7.38487529754639,57.5688591003418,2.01884126663208,73.7924652099609,25.3133678436279,-0.770528614521027,3.53729724884033,3.77234816551208,-0.235055178403854,-1.61000323295593,-1.92729496955872,13.6021213531494,4.26340103149414,14.0843391418457,0.60870195996003,1.08869634767531
26302,38,"undefined",1990,0,2.75045567832422e-05,0,0,1,0,0,0,0,0,6778.48490643501,1.95773565769196,47.7392807006836,1.56866037845612,64.0276565551758,23.3400573730469,-0.89084255695343,5.48142194747925,2.57450556755066,2.9069185256958,-0.277962923049927,-5.20345878601074,16.1177635192871,11.034631729126,15.9109115600586,0.0758264142671313,0.0303743220411611
26302,38,"undefined",2000,1,2.34724375332007e-05,0,0,1,0,0,0,0,0,6562.5809507966,22.2715339660645,55.8786735534668,1.59691631793976,74.1739959716797,25.2373657226562,-0.752850234508514,3.15592956542969,4.64201211929321,-1.48608005046844,-1.66718530654907,-1.48874735832214,15.2276592254639,5.66503000259399,15.471866607666,0.414278994981479,0.0922346530489904
26303,38,"undefined",1990,0,6.59166398691013e-05,0,0,1,0,0,0,0,0,16245.1251420081,23.456413269043,51.4067878723145,2.05550909042358,65.0259017944336,27.2393226623535,-0.807306230068207,2.51234769821167,0.447847694158554,2.06450223922729,-0.294828772544861,-2.21751928329468,14.1287326812744,13.4924411773682,14.2014503479004,3.06566286693896,0.459645669048238
26303,38,"undefined",2000,1,5.95070705458056e-05,0,0,1,0,0,0,0,0,16637.3848531693,15.4458703994751,59.3770980834961,2.65778732299805,71.316162109375,28.6630458831787,-0.517075657844543,7.69902992248535,0.863055050373077,6.83597183227539,-1.82885992527008,-5.87016773223877,13.6393814086914,6.36788749694824,14.0262336730957,1.31533013565364,5.72767784451271
26304,38,"undefined",1990,0,0.000304444169159979,0,0,1,0,0,0,0,0,75030.1215305328,4.97773170471191,52.3619422912598,2.18230199813843,65.2793884277344,28.2780609130859,-0.78505277633667,2.03553438186646,0.15278048813343,1.88275575637817,-0.335267543792725,-1.70027017593384,13.4076118469238,14.7156715393066,13.3342742919922,0.0899515070798292,0.0214135152655882
26304,38,"undefined",2000,1,0.000269260723143816,0,0,1,0,0,0,0,0,75281.7136517167,3.7167820930481,60.0791053771973,2.87066531181335,70.7529525756836,29.3886623382568,-0.467134714126587,8.63848400115967,0.224909067153931,8.41357040405273,-1.86968851089478,-6.76879072189331,13.2358417510986,7.55848217010498,13.4532108306885,0.220769535459989,0.18029560389149
26305,38,"undefined",1990,0,5.20208777743392e-05,0,0,1,0,0,0,0,0,12820.5202961266,2.90608239173889,50.3484306335449,1.91501581668854,64.7419357299805,26.0996990203857,-0.831721067428589,3.52594256401062,1.19932150840759,2.32662558555603,-0.309753775596619,-3.2161877155304,14.3524169921875,12.2655868530273,14.3163681030273,0.0210482405724122,0.107376708064193
26305,38,"undefined",2000,1,4.17308801843319e-05,0,0,1,0,0,0,0,0,11667.3990332261,5.77161312103271,58.2569465637207,2.31810927391052,72.2218551635742,27.5324783325195,-0.594887673854828,6.21847581863403,1.96142292022705,4.25704908370972,-1.7692985534668,-4.44917392730713,14.2300472259521,5.79956579208374,14.7791595458984,0.087124218904892,0.0588595926795473
26401,46,"undefined",1990,0,1.25792330436525e-05,0,0,1,0,0,0,0,0,3100.14591022581,3.00408244132996,47.123104095459,2.35155510902405,63.7637214660645,25.435697555542,-0.776171326637268,-3.26573252677917,-2.8271803855896,-0.438547134399414,0.846636295318604,2.41909313201904,6.27660751342773,11.6811275482178,5.56583404541016,0.0112600895496623,0.00209237637970242
26401,46,"undefined",2000,1,9.5454115580651e-06,0,0,1,0,0,0,0,0,2668.77001248673,0.874291002750397,48.7767601013184,1.80784928798676,64.3911437988281,24.6549968719482,-0.97490131855011,4.22067308425903,-0.351542353630066,4.57221269607544,-0.355449110269547,-3.86522936820984,11.5755624771118,15.4459819793701,12.4872074127197,0.0439739441000191,0.0886404666898346
26402,30,"undefined",1990,0,1.27768598758848e-05,0,0,0,0,0,0,1,0,3148.85092506558,2.62633323669434,43.5331687927246,1.59152603149414,61.534423828125,21.3121738433838,-0.869142293930054,0.467789173126221,-0.601022481918335,1.06881260871887,-0.162680074572563,-0.305110216140747,6.66790008544922,18.4434413909912,5.94339370727539,0.00393422812016474,0.00818833170703846
26402,30,"undefined",2000,1,1.02145531855058e-05,0,0,0,0,0,0,1,0,2855.85296905786,1.14141941070557,50.3147201538086,1.7225261926651,66.5978393554688,23.6681976318359,-1.09936821460724,7.18143129348755,0.454988330602646,6.72644376754761,-2.14429020881653,-5.03713989257812,16.9238357543945,30.4144439697266,16.5948181152344,0.0081315213148108,0.0292494001168718
26403,38,"undefined",1990,0,1.84563959919615e-05,0,0,1,0,0,0,0,0,4548.56991392374,4.21807718276978,47.5672836303711,1.01206994056702,64.1404266357422,19.9918441772461,-1.02746081352234,1.62919163703918,0.78042858839035,0.848758220672607,-0.254039824008942,-1.37515068054199,9.88483428955078,-17.7153587341309,11.588716506958,0.099539206093324,0.0046014934065397
26403,38,"undefined",2000,1,1.43469169415766e-05,0,0,1,0,0,0,0,0,4011.20701688528,3.87418651580811,52.9657783508301,1.53827095031738,72.2445297241211,24.966869354248,-0.85436338186264,6.85509586334229,1.89476144313812,4.96033239364624,-1.52821123600006,-5.32688426971436,15.1675777435303,0.0617163553833961,16.2796287536621,0.0935582002473114,0.263809731898245
26404,38,"undefined",1990,0,4.32125816587359e-05,0,0,1,0,0,0,0,0,10649.7200291902,6.01481819152832,45.0036239624023,0.908396601676941,63.6668128967285,21.231128692627,-0.821250140666962,-1.57379508018494,0.747119247913361,-2.32091546058655,0.355246663093567,1.21854996681213,12.7696990966797,-6.68888092041016,13.7446880340576,0.592582831777979,0.138520849924326
26404,38,"undefined",2000,1,3.08833696180955e-05,0,0,1,0,0,0,0,0,8634.57909343392,9.58650588989258,50.7820434570312,1.67329239845276,68.4142684936523,25.254280090332,-0.846280336380005,4.84762859344482,0.720308840274811,4.12731504440308,-0.426892191171646,-4.42073154449463,12.3480386734009,3.02825665473938,13.5923118591309,3.62549551346571,1.16866970263532
26405,30,"undefined",1990,0,9.41452890401706e-06,0,0,0,0,0,0,1,0,2320.20606230944,1.10250127315521,43.5331687927246,1.59152603149414,61.534423828125,21.3121738433838,-0.869142293930054,0.467789173126221,-0.601022481918335,1.06881260871887,-0.162680074572563,-0.305110216140747,6.66790008544922,18.4434413909912,5.94339370727539,0.00457621945491285,2.28276064717647e-07
26405,30,"undefined",2000,1,7.29610928829061e-06,0,0,0,0,0,0,1,0,2039.89501194656,1.89188146591187,50.3147201538086,1.7225261926651,66.5978393554688,23.6681976318359,-1.09936821460724,7.18143129348755,0.454988330602646,6.72644376754761,-2.14429020881653,-5.03713989257812,16.9238357543945,30.4144439697266,16.5948181152344,0.0823002370375597,0.0184870530086658
26406,30,"undefined",1990,0,5.37973064638209e-05,0,0,0,0,0,0,1,0,13258.3200048804,15.3825197219849,43.5331687927246,1.59152603149414,61.534423828125,21.3121738433838,-0.869142293930054,0.467789173126221,-0.601022481918335,1.06881260871887,-0.162680074572563,-0.305110216140747,6.66790008544922,18.4434413909912,5.94339370727539,2.83090012596407,0.0470543777322361
26406,30,"undefined",2000,1,4.52358763141092e-05,0,0,0,0,0,0,1,0,12647.3490945995,4.46111917495728,50.3147201538086,1.7225261926651,66.5978393554688,23.6681976318359,-1.09936821460724,7.18143129348755,0.454988330602646,6.72644376754761,-2.14429020881653,-5.03713989257812,16.9238357543945,30.4144439697266,16.5948181152344,0.261235389126731,2.79536060944604
26407,30,"undefined",1990,0,1.95015236386098e-05,0,0,0,0,0,0,1,0,4806.14092227817,2.76816606521606,43.5331687927246,1.59152603149414,61.534423828125,21.3121738433838,-0.869142293930054,0.467789173126221,-0.601022481918335,1.06881260871887,-0.162680074572563,-0.305110216140747,6.66790008544922,18.4434413909912,5.94339370727539,1.4629969137382e-07,5.52865470935002e-07
26407,30,"undefined",2000,1,1.45922185765812e-05,0,0,0,0,0,0,1,0,4079.79002389312,3.9664089679718,50.3147201538086,1.7225261926651,66.5978393554688,23.6681976318359,-1.09936821460724,7.18143129348755,0.454988330602646,6.72644376754761,-2.14429020881653,-5.03713989257812,16.9238357543945,30.4144439697266,16.5948181152344,0.507404316389934,1.7723910364761e-06
26408,30,"undefined",1990,0,5.44697722943965e-05,0,0,0,0,0,0,1,0,13424.0491944551,4.87466859817505,43.5331687927246,1.59152603149414,61.534423828125,21.3121738433838,-0.869142293930054,0.467789173126221,-0.601022481918335,1.06881260871887,-0.162680074572563,-0.305110216140747,6.66790008544922,18.4434413909912,5.94339370727539,0.0821073440822002,0.0210026406599203
26408,30,"undefined",2000,1,4.42630625911988e-05,0,0,0,0,0,0,1,0,12375.3630774915,3.56765723228455,50.3147201538086,1.7225261926651,66.5978393554688,23.6681976318359,-1.09936821460724,7.18143129348755,0.454988330602646,6.72644376754761,-2.14429020881653,-5.03713989257812,16.9238357543945,30.4145126342773,16.5948181152344,0.330874368091502,0.113396119055876
26409,30,"undefined",1990,0,5.15561805514153e-05,0,0,0,0,0,0,1,0,12705.9959972575,2.99718356132507,44.2024154663086,1.49539601802826,61.9614295959473,21.0891151428223,-0.895889043807983,0.640487670898438,-0.380745708942413,1.02123022079468,-0.17286092042923,-0.467628240585327,7.30047225952148,12.148904800415,6.95509910583496,0.0181368300784375,0.0150583270507178
26409,30,"undefined",2000,1,4.34601279266644e-05,0,0,0,0,0,0,1,0,12150.8730749078,1.94301700592041,50.7437896728516,1.69270491600037,67.503288269043,23.8869438171387,-1.05810022354126,7.20929288864136,0.733084201812744,6.47620630264282,-2.06091141700745,-5.14837694168091,16.6934566497803,21.4070587158203,16.584192276001,0.204307799789579,0.072248989114304
26410,38,"undefined",1990,0,0.000115470786113292,0,0,1,0,0,0,0,0,28457.720426321,8.83465957641602,47.5672836303711,1.01206982135773,64.1404266357422,19.9918441772461,-1.02746081352234,1.62919163703918,0.78042858839035,0.848758220672607,-0.254039824008942,-1.37515068054199,9.88483428955078,-17.7153587341309,11.588716506958,0.258890952115303,0.290748377927154
26410,38,"undefined",2000,1,9.65508734225295e-05,0,0,1,0,0,0,0,0,26994.3388870955,10.9868516921997,52.9657783508301,1.53827095031738,72.2445297241211,24.966869354248,-0.85436338186264,6.85509586334229,1.89476144313812,4.96033239364624,-1.52821123600006,-5.32688426971436,15.1675777435303,0.0617163553833961,16.2796287536621,7.23068483477992,1.43958134193753
26411,38,"undefined",1990,0,9.86573431873694e-05,0,0,1,0,0,0,0,0,24314.0547800958,7.15913009643555,47.230110168457,1.61288547515869,63.329158782959,23.0453052520752,-0.886481702327728,1.22441053390503,-0.0122193247079849,1.23662352561951,-0.24312287569046,-0.98128616809845,9.89766120910645,8.27512741088867,9.88779067993164,0.160148877088465,0.04819291059028
26411,38,"undefined",2000,1,7.89889454608783e-05,0,0,1,0,0,0,0,0,22084.2580733448,12.8351631164551,54.0141525268555,2.02881050109863,69.3345565795898,25.8035926818848,-0.836417198181152,7.64381074905396,0.808001577854156,6.83581829071045,-1.92314445972443,-5.72067260742188,15.2530670166016,10.2733888626099,15.5408039093018,1.69155847389204,0.30664810664454
26412,38,"undefined",1990,0,0.000111208129965235,0,0,1,0,0,0,0,0,27407.1896694303,2.31178450584412,48.1165885925293,1.14613902568817,64.2709503173828,20.9401817321777,-0.999717831611633,1.77318453788757,0.73246431350708,1.04072093963623,-0.270620733499527,-1.50256013870239,10.2899551391602,-14.3524646759033,11.7588043212891,0.0469558748630542,0.014035591051914
26412,38,"undefined",2000,1,8.60597501741722e-05,0,0,1,0,0,0,0,0,24061.1598260179,2.68357586860657,53.6176338195801,1.66036880016327,72.1069793701172,25.3690929412842,-0.81913959980011,7.02715730667114,1.74709987640381,5.28006029129028,-1.55983030796051,-5.4673318862915,14.9805889129639,0.0645092576742172,16.0209102630615,0.17645260740228,0.0689404577437663
26501,46,"undefined",1990,0,0.000152430453454144,0,0,1,0,0,0,0,0,37566.4134963751,24.7079448699951,47.8044586181641,1.31270825862885,69.4319152832031,26.2451114654541,-0.125531241297722,3.69690656661987,3.19024109840393,0.50666332244873,0.302362442016602,-3.99926900863647,19.7625160217285,7.55023956298828,22.4165439605713,1.10430931986507,0.377771990637506
26501,46,"undefined",2000,1,0.000146322679938748,0,0,1,0,0,0,0,0,40909.875,34.4720115661621,56.0777549743652,2.82782244682312,77.1951217651367,29.9659614562988,-0.241851329803467,-0.828410863876343,2.97579383850098,-3.80419826507568,-0.0265216715633869,0.854928612709045,7.37326526641846,18.5215816497803,3.09923720359802,5.23695560298389,1.85970634181863
26502,46,"undefined",1990,0,5.57672428840306e-05,0,0,1,0,0,0,0,0,13743.8101862073,18.5393314361572,47.8044586181641,1.31270825862885,69.4319152832031,26.2451114654541,-0.125531241297722,3.69690656661987,3.19024109840393,0.50666332244873,0.302362442016602,-3.99926900863647,19.7625160217285,7.55023956298828,22.4165439605713,0.198173988401417,0.560636269995519
26502,46,"undefined",2000,1,5.11153921252117e-05,0,0,1,0,0,0,0,0,14291.1829181314,33.1020011901855,56.0777549743652,2.82782244682312,77.1951217651367,29.9659614562988,-0.241851329803467,-0.828410863876343,2.97579383850098,-3.80419826507568,-0.0265216715633869,0.854928612709045,7.37326526641846,18.5215816497803,3.09923720359802,1.87770591052689,1.50881800720941
26503,46,"undefined",1990,0,0.000668783497530967,0,0,1,0,0,0,0,0,164821.366217703,13.349552154541,50.309211730957,1.75082218647003,77.2993774414062,34.0143890380859,0.0715135037899017,0.629574060440063,0.799152255058289,-0.169581174850464,0.547322630882263,-1.17689371109009,18.7965869903564,12.2852802276611,20.0781345367432,0.492366479032464,0.434538413006439
26503,46,"undefined",2000,1,0.000716965238098055,0,0,1,0,0,0,0,0,200453.941121295,12.7875995635986,60.2159576416016,4.28373575210571,79.6063003540039,36.65625,0.199799090623856,-0.644751965999603,-2.42086935043335,1.77611613273621,-0.529154360294342,1.17390501499176,4.39889097213745,3.76061010360718,4.72824907302856,4.74105532410085,2.86824423300237
26504,46,"undefined",1990,0,0.000147886457853019,0,0,1,0,0,0,0,0,36446.5480848551,28.6101512908936,47.8044586181641,1.31270825862885,69.4319152832031,26.2451114654541,-0.125531241297722,3.69690656661987,3.19024109840393,0.50666332244873,0.302362442016602,-3.99926900863647,19.7625160217285,7.55023956298828,22.4165439605713,1.11324703339948,0.451225756696027
26504,46,"undefined",2000,1,0.000143981524161063,0,0,1,0,0,0,0,0,40255.317017436,28.9610767364502,56.0777549743652,2.82782244682312,77.1951217651367,29.9659614562988,-0.241851329803467,-0.828410863876343,2.97579383850098,-3.80419826507568,-0.0265216715633869,0.854928612709045,7.37326526641846,18.5215816497803,3.09923720359802,1.9985565677093,3.503702544278
26601,27,"undefined",1990,0,7.69769758335315e-05,0,0,1,0,0,0,0,0,18970.9382971823,11.4067878723145,49.9299659729004,1.62909984588623,68.676399230957,26.1878108978271,-0.344627469778061,3.43653559684753,3.17978858947754,0.256747007369995,-0.271209716796875,-3.16532850265503,18.6010360717773,9.50002670288086,20.0106143951416,0.25799923181866,2.32689898226997
26601,27,"undefined",2000,1,6.34940006420948e-05,0,0,1,0,0,0,0,0,17752.0771623254,11.0447330474854,55.4678993225098,2.54857182502747,75.4946441650391,27.1254100799561,-0.593819737434387,1.65800547599792,1.33083975315094,0.327169895172119,0.225841999053955,-1.88384521007538,7.88654613494873,20.42409324646,4.48547077178955,0.949334832684384,1.34161017654642
26602,46,"undefined",1990,0,8.94835102371871e-05,0,0,1,0,0,0,0,0,22053.1680419445,15.1770515441895,44.596809387207,1.50582146644592,71.4636611938477,26.9212398529053,-0.328834354877472,0.136345624923706,-0.179366022348404,0.315707921981812,-0.159246295690536,0.0229045748710632,15.0928974151611,13.8026237487793,15.6545639038086,0.750084295700625,2.86096123133523
26602,46,"undefined",2000,1,7.41294206818566e-05,0,0,1,0,0,0,0,0,20725.6001285911,15.5291900634766,51.2418098449707,1.10401618480682,74.7737197875977,28.3911285400391,-0.623027980327606,6.97221899032593,0.285060286521912,6.68715620040894,-0.706828057765961,-6.26538896560669,12.8865928649902,6.86529731750488,13.8488502502441,2.16116202684873,2.68021515565644
26603,46,"undefined",1990,0,3.21900006383657e-05,0,0,1,0,0,0,0,0,7933.21005880833,1.57009994983673,43.9249649047852,0.864775836467743,63.4700469970703,21.755392074585,-0.734015226364136,-2.47380137443542,0.790983974933624,-3.26478481292725,0.520950555801392,1.95285224914551,14.289379119873,-0.208663940429688,14.8853778839111,5.16323165950578e-07,0.00210640566365328
26603,46,"undefined",2000,1,2.91111391561572e-05,0,0,1,0,0,0,0,0,8139.08701760322,0.108272932469845,50.0700073242188,1.71731817722321,67.1651306152344,25.3532619476318,-0.843496441841125,4.2238917350769,0.345132172107697,3.8787636756897,-0.0768910571932793,-4.14700603485107,11.2757005691528,3.79834842681885,12.6077785491943,0.00107914541071555,-8.40935961272343e-05
26604,46,"undefined",1990,0,3.19334358209744e-05,0,0,1,0,0,0,0,0,7869.97962093353,2.21355009078979,40.335578918457,0.719622552394867,62.8256797790527,23.5121574401855,-0.441697716712952,8.06838226318359,6.35054206848145,1.71783566474915,-2.43618869781494,-5.63218879699707,17.6854610443115,34.2804412841797,15.7670021057129,3.371658863216e-07,0.00660431726632598
26604,46,"undefined",2000,1,2.74278863798827e-05,0,0,1,0,0,0,0,0,7668.47204041481,6.89785194396973,51.2418098449707,1.10401618480682,74.7737197875977,28.3911285400391,-0.623027980327606,6.97221899032593,0.285060286521912,6.68715620040894,-0.706828057765961,-6.26538896560669,12.8865928649902,6.86529731750488,13.8488502502441,0.00492401153361958,2.34148969419883e-06
26605,46,"undefined",1990,0,0.000221637397771701,0,0,1,0,0,0,0,0,54622.430893898,13.4817571640015,44.596809387207,1.50582146644592,71.4636611938477,26.9212398529053,-0.328834354877472,0.136345624923706,-0.179366022348404,0.315707921981812,-0.159246295690536,0.0229045748710632,15.0928974151611,13.8026237487793,15.6545639038086,0.2745788533937,0.539449460880678
26605,46,"undefined",2000,1,0.000187176803592592,0,0,1,0,0,0,0,0,52332.140576601,13.2246780395508,51.2418098449707,1.10401618480682,74.7737197875977,28.3911285400391,-0.623027980327606,6.97221899032593,0.285060286521912,6.68715620040894,-0.706828057765961,-6.26538896560669,12.8865928649902,6.86529731750488,13.8488502502441,1.35232278574346,1.15568404827792
26701,27,"undefined",1990,0,0.000364200881449506,0,0,1,0,0,0,0,0,89757.1321735978,13.4767684936523,44.6195640563965,1.29099082946777,62.7497444152832,26.5173587799072,-0.688224971294403,1.71459317207336,0.725527882575989,0.989061594009399,0.0126887112855911,-1.72728300094604,14.1372203826904,10.7485771179199,14.7528648376465,0.506215339275116,0.586978042247652
26701,27,"undefined",2000,1,0.000364426930900663,0,0,1,0,0,0,0,0,101888.918498993,13.1080102920532,51.6736373901367,2.36994934082031,68.5122299194336,27.8574409484863,-0.751685798168182,2.22797060012817,-0.392720103263855,2.62069702148438,-1.47929465770721,-0.748679041862488,11.0630311965942,3.2223973274231,12.3849592208862,1.28632091645768,0.869338640290473
26702,38,"undefined",1990,0,0.000140380492666736,0,0,1,0,0,0,0,0,34596.7059547603,11.5417232513428,56.3338050842285,2.9283549785614,66.8375549316406,25.8927230834961,-0.812708735466003,3.98299098014832,2.25278663635254,1.73020362854004,-0.24607889354229,-3.73691034317017,12.8468990325928,12.5326156616211,13.276195526123,0.0586075236539803,-0.00678163374605183
26702,38,"undefined",2000,1,0.000111484827357344,0,0,1,0,0,0,0,0,31169.6740434766,17.9201679229736,62.5738334655762,3.49575233459473,72.7689437866211,25.9433975219727,-0.78887277841568,5.06700801849365,1.00906836986542,4.05794382095337,-1.28546643257141,-3.78154444694519,7.0260591506958,-2.09011340141296,7.96004676818848,0.497740595682734,0.256704115522959
26703,27,"undefined",1990,0,0.00011698324669851,0,0,1,0,0,0,0,0,28830.464183569,15.2601327896118,44.2397308349609,1.59807312488556,64.9957733154297,25.3758335113525,-0.635703802108765,4.57850074768066,0.415429472923279,4.1630744934082,-0.945454120635986,-3.63304901123047,14.1822338104248,16.3079738616943,13.8575553894043,0.286966535019752,0.113484764719468
26703,27,"undefined",2000,1,9.99598414637148e-05,0,0,1,0,0,0,0,0,27947.4420166016,21.0313243865967,56.4831657409668,3.1384162902832,74.6695861816406,27.717658996582,-0.540135204792023,5.03864479064941,1.81920194625854,3.21943426132202,-0.824349284172058,-4.21429109573364,2.02505922317505,4.00366115570068,1.32261002063751,0.833414615298084,0.883229142065716
26704,38,"undefined",1990,0,0.000459707342088223,0,0,1,0,0,0,0,0,113294.656231627,10.2902145385742,56.3948974609375,2.99607276916504,67.0588226318359,26.2342834472656,-0.782770395278931,3.80695462226868,2.04083704948425,1.76612138748169,-0.304031729698181,-3.50292181968689,12.6953125,13.4209632873535,13.0805015563965,0.168244290213946,0.169999762691802
26704,38,"undefined",2000,1,0.000385368941351771,0,0,1,0,0,0,0,0,107744.022586226,10.9692268371582,62.9632530212402,3.75220394134521,72.7593994140625,26.2452507019043,-0.768205046653748,5.40582609176636,0.614864468574524,4.79095315933228,-1.17191398143768,-4.23390960693359,5.3215708732605,-2.74521970748901,6.15692138671875,0.848455948372965,0.431849380730455
26801,38,"undefined",1990,0,0.000754066742956638,0,0,1,0,0,0,0,0,185839.39349696,9.80572128295898,60.6952247619629,1.99852418899536,72.1533813476562,28.5856971740723,-0.27957558631897,3.17910313606262,2.42498517036438,0.754117965698242,0.180906429886818,-3.36000919342041,14.4547462463379,17.4766540527344,13.5858058929443,0.15140247415608,0.0751456538764235
26801,38,"undefined",2000,1,0.000733382068574429,0,0,1,0,0,0,0,0,205043.855570048,11.4299430847168,65.4472732543945,3.34762525558472,77.7312927246094,30.3832225799561,-0.0827868282794952,2.6803867816925,0.587930619716644,2.0924551486969,-0.791774213314056,-1.88861155509949,9.94450664520264,12.1829853057861,9.61330986022949,1.49811450965408,0.570817530797203
26802,38,"undefined",1990,0,6.63602040731348e-05,0,0,1,0,0,0,0,0,16354.4399104118,26.4669208526611,47.7392807006836,1.56866037845612,64.0276565551758,23.3400573730469,-0.890842437744141,5.48142194747925,2.57450556755066,2.9069185256958,-0.277962923049927,-5.20345878601074,16.1177635192871,11.034631729126,15.9109115600586,0.318215641327215,0.161174659222512
26802,38,"undefined",2000,1,5.80633968638722e-05,0,0,1,0,0,0,0,0,16233.75289765,35.3790893554688,55.8786735534668,1.59691631793976,74.1739959716797,25.2373657226562,-0.752850234508514,3.15592956542969,4.64201211929321,-1.48608005046844,-1.66718530654907,-1.48874735832214,15.2276592254639,5.66503000259399,15.471866607666,3.03098395648199,3.2558119592645
26803,38,"undefined",1990,0,0.000160661540576257,0,0,1,0,0,0,0,0,39594.9602183104,10.8060388565063,47.7392807006836,1.56866037845612,64.0276565551758,23.3400573730469,-0.890842437744141,5.48142194747925,2.57450556755066,2.9069185256958,-0.277962923049927,-5.20345878601074,16.1177635192871,11.034631729126,15.9109115600586,0.39896645760406,0.0911383377439279
26803,38,"undefined",2000,1,0.000139187439344823,0,0,1,0,0,0,0,0,38914.9545122385,14.2543792724609,55.8786735534668,1.59691631793976,74.1739959716797,25.2373657226562,-0.752850234508514,3.15592956542969,4.64201068878174,-1.48608005046844,-1.66718530654907,-1.48874735832214,15.2276592254639,5.66503000259399,15.471866607666,1.17749874521816,0.607042358950629
26804,38,"undefined",1990,0,1.30974076455459e-05,0,0,1,0,0,0,0,0,3227.84987021983,18.1818180084229,47.7392807006836,1.56866037845612,64.0276565551758,23.3400573730469,-0.890842437744141,5.48142194747925,2.57450556755066,2.9069185256958,-0.277962923049927,-5.20345878601074,16.1177635192871,11.034631729126,15.9109115600586,1.67319939253023,0.046014201576491
26804,38,"undefined",2000,1,9.88313149719033e-06,0,0,1,0,0,0,0,0,2763.19200873375,13.2928218841553,55.8786735534668,1.59691631793976,74.1739959716797,25.2373657226562,-0.752850234508514,3.15592956542969,4.64201068878174,-1.48608005046844,-1.66718530654907,-1.48874735832214,15.2276592254639,5.66503000259399,15.471866607666,0.991520393406436,2.23655355456036
26901,27,"undefined",1990,0,0.000433500041253865,0,0,1,0,0,0,0,0,106835.875228405,18.5275077819824,45.6770935058594,1.37421274185181,66.1298904418945,24.5175132751465,-0.665083408355713,3.71428728103638,3.29033660888672,0.423949956893921,-0.805371642112732,-2.90891218185425,14.9085521697998,11.0665321350098,15.2212619781494,0.43611606793112,0.483249252772363
26901,27,"undefined",2000,1,0.000420412543462589,0,0,1,0,0,0,0,0,117541.753392816,19.4198226928711,52.9577560424805,2.11804175376892,73.9965286254883,25.6778450012207,-0.748512804508209,3.14016008377075,-1.04063856601715,4.18080615997314,0.393464654684067,-3.53363156318665,8.85636425018311,15.5853538513184,7.66529369354248,1.01469372641667,1.04193418830004
26902,27,"undefined",1990,0,0.000267970754066482,0,0,1,0,0,0,0,0,66041.2619345188,25.5008907318115,32.5999336242676,1.0223343372345,65.9592361450195,26.1235675811768,-0.543673396110535,5.47133684158325,2.34408664703369,3.12724709510803,-2.70853185653687,-2.76280045509338,11.9163513183594,19.2824363708496,8.90707969665527,0.876418120379552,1.49380628626732
26902,27,"undefined",2000,1,0.00025044017820619,0,0,1,0,0,0,0,0,70019.7399470806,24.0429039001465,47.8579063415527,1.60553860664368,73.7109909057617,28.2279109954834,-0.36959645152092,1.80670189857483,-3.46900296211243,5.27570915222168,0.265977203845978,-2.07268333435059,10.0479803085327,2.33677458763123,13.9599533081055,2.18531169444987,1.27021205764433
27001,31,"undefined",1990,0,6.5893393184524e-05,0,0,1,0,0,0,0,0,16239.3954659402,3.3568012714386,43.6865043640137,1.37768483161926,65.6649703979492,22.6972217559814,-0.60058581829071,3.87746691703796,-0.331364572048187,4.20883274078369,-0.468622893095016,-3.40884637832642,14.3377304077148,13.8894081115723,14.6161079406738,0.0127421138688533,0.0357796026310098
27001,31,"undefined",2000,1,5.3730713261757e-05,0,0,1,0,0,0,0,0,15022.3921316825,4.95730638504028,54.3415679931641,3.00936841964722,75.0939178466797,23.9836769104004,-1.0287367105484,-0.113674566149712,0.120865449309349,-0.234535753726959,0.0867287516593933,0.0269455574452877,3.98540496826172,7.57748699188232,3.64616918563843,0.260187782873313,0.0447204691204206
27002,31,"undefined",1990,0,4.45580662926659e-05,0,0,1,0,0,0,0,0,10981.3137955666,5.47051858901978,41.4994621276855,1.87302899360657,72.067268371582,28.0335540771484,-0.318637132644653,-2.361661195755,0.705146789550781,-3.06681394577026,1.08065569400787,1.28101110458374,18.4084415435791,10.9755992889404,19.8974609375,0.0823711347002466,0.0381565461347893
27002,31,"undefined",2000,1,3.57112294295803e-05,0,0,1,0,0,0,0,0,9984.38407114148,7.62786340713501,50.7572364807129,7.46007347106934,74.8683547973633,28.4881629943848,-0.391756623983383,2.90374255180359,1.61736667156219,1.28637897968292,0.462274491786957,-3.36602115631104,6.5329418182373,11.6252222061157,5.08485507965088,0.289660264378061,0.180649050377768
27003,31,"undefined",1990,0,2.74900357908336e-05,0,0,1,0,0,0,0,0,6774.90598887205,6.5216498374939,43.8171081542969,1.348104596138,65.2794799804688,22.3641204833984,-0.61818540096283,4.25035381317139,-0.378451883792877,4.6288013458252,-0.561096131801605,-3.68925476074219,14.0833854675293,14.2228603363037,14.3091678619385,1.27912697316961,0.456389793565298
27003,31,"undefined",2000,1,2.24166924454039e-05,0,0,1,0,0,0,0,0,6267.4089487493,4.17486572265625,54.5492401123047,2.75150346755981,75.1065673828125,23.7280235290527,-1.06488871574402,-0.293893486261368,-0.00288443895988166,-0.29100689291954,0.0624614134430885,0.231436312198639,3.80740833282471,6.77585601806641,3.56435775756836,0.465902793584405,1.31718877956731
27004,46,"undefined",1990,0,4.89107078465167e-05,0,0,1,0,0,0,0,0,12054.0202611685,1.92102885246277,40.335578918457,0.719622552394867,62.8256797790527,23.5121574401855,-0.441697716712952,9.24274349212646,4.34488439559937,4.89785671234131,-2.36865162849426,-6.87408590316772,22.996997833252,40.7643814086914,21.2869167327881,0.213102524836696,0.197229554879199
27004,46,"undefined",2000,1,4.05005848733708e-05,0,0,1,0,0,0,0,0,11323.4239525199,3.57420492172241,49.0231323242188,1.43403267860413,75.6753005981445,26.5618686676025,-0.357818305492401,-0.380413860082626,1.39664435386658,-1.7770528793335,1.2094202041626,-0.829011201858521,3.50005292892456,-4.04180812835693,4.40720129013062,-0.006185973225651,0.188354853339925
27005,46,"undefined",1990,0,0.000185943077667616,0,0,1,0,0,0,0,0,45825.5805271864,20.7415714263916,44.9370651245117,1.30330336093903,69.4464645385742,25.6532249450684,-0.420215427875519,4.78759384155273,2.25313377380371,2.53446102142334,-0.37026572227478,-4.41732835769653,25.0868797302246,19.1580295562744,26.4096736907959,1.57990297273524,2.15374448151781
27005,46,"undefined",2000,1,0.000169740640558302,0,0,1,0,0,0,0,0,47457.2237868309,22.1399822235107,54.5515289306641,4.09931993484497,77.8711395263672,30.0496006011963,-0.280125290155411,-1.19835138320923,-3.96879768371582,2.77044081687927,0.88846629858017,0.309888809919357,6.48171520233154,3.20046281814575,8.51345062255859,2.21360229653939,2.36096900067537
27006,46,"undefined",1990,0,0.000107735046185553,0,0,1,0,0,0,0,0,26551.25,17.3514747619629,46.8510627746582,0.848470509052277,68.721923828125,25.0750980377197,-0.537269353866577,3.31583619117737,-3.22625184059143,6.54208660125732,-0.170556455850601,-3.14527893066406,21.9901084899902,24.6494293212891,22.6351737976074,1.85981701399526,0.193080016846668
27006,46,"undefined",2000,1,9.90817861747928e-05,0,0,1,0,0,0,0,0,27701.9481480122,17.8561515808105,49.0231323242188,1.43403267860413,75.6753005981445,26.5618686676025,-0.357818305492401,-0.380413860082626,1.39664435386658,-1.7770528793335,1.2094202041626,-0.829011201858521,3.50005292892456,-4.04180812835693,4.40720129013062,0.959490009760202,3.97710999973263
27007,46,"undefined",1990,0,8.49264761200175e-05,0,0,1,0,0,0,0,0,20930.0894528031,17.775764465332,44.596809387207,1.50582146644592,71.4636611938477,26.9212398529053,-0.328834354877472,0.136345624923706,-0.179366022348404,0.315707921981812,-0.159246295690536,0.0229045748710632,15.0928974151611,13.8026237487793,15.6545639038086,0.0726970706808316,0.166979395186281
27007,46,"undefined",2000,1,6.85697159497067e-05,0,0,1,0,0,0,0,0,19171.1801099181,13.9345588684082,51.2418098449707,1.10401618480682,74.7737197875977,28.3911285400391,-0.623027980327606,6.97221899032593,0.285060286521912,6.68715620040894,-0.706828057765961,-6.26538896560669,12.8865928649902,6.86529731750488,13.8488502502441,1.03789027558085,0.566407580973608
27008,46,"undefined",1990,0,8.57570994412526e-05,0,0,1,0,0,0,0,0,21134.7953071594,13.9207382202148,46.8510627746582,0.848470509052277,68.721923828125,25.0750980377197,-0.537269353866577,3.31583619117737,-3.22625184059143,6.54208660125732,-0.170556455850601,-3.14527893066406,21.9901084899902,24.6494293212891,22.6351737976074,0.0607412504560361,0.101768670892031
27008,46,"undefined",2000,1,7.48537568142638e-05,0,0,1,0,0,0,0,0,20928.1138014197,12.2156352996826,49.0231323242188,1.43403267860413,75.6753005981445,26.5618686676025,-0.357818305492401,-0.380413860082626,1.39664435386658,-1.7770528793335,1.2094202041626,-0.829011201858521,3.50005292892456,-4.04180812835693,4.40720129013062,1.225630340894,0.515829523113009
27009,46,"undefined",1990,0,4.3251617171336e-05,0,0,1,0,0,0,0,0,10659.3401371241,3.5603609085083,40.335578918457,0.719622552394867,62.8256797790527,23.5121574401855,-0.441697686910629,9.24274349212646,4.34488439559937,4.89785671234131,-2.36865162849426,-6.87408590316772,22.996997833252,40.7643814086914,21.2869167327881,0.0482924303934122,0.0167489022545119
27009,46,"undefined",2000,1,4.05005848733708e-05,0,0,1,0,0,0,0,0,11323.4239525199,1.903315782547,49.0231323242188,1.43403267860413,75.6753005981445,26.5618686676025,-0.357818305492401,-0.380413860082626,1.39664435386658,-1.7770528793335,1.2094202041626,-0.829011201858521,3.50005292892456,-4.04180812835693,4.40720129013062,0.0485957914742942,0.114347908755619
27010,46,"undefined",1990,0,2.42713231273228e-05,0,0,1,0,0,0,0,0,5981.65604701638,3.87363290786743,43.4227294921875,1.28920316696167,69.0921249389648,26.0257148742676,-0.358482182025909,2.68983244895935,0.997806310653687,1.69202089309692,-0.766326308250427,-1.92350149154663,17.4131870269775,17.0815467834473,17.4682140350342,0.0112014523793075,0.0171371300823845
27010,46,"undefined",2000,1,1.94907061086269e-05,0,0,1,0,0,0,0,0,5449.34208910167,3.39027571678162,50.5528030395508,1.20650172233582,75.0543823242188,27.8135948181152,-0.539296269416809,4.66340780258179,0.624505519866943,4.03890419006348,-0.103141307830811,-4.56026601791382,9.94076061248779,3.98138570785522,10.8212060928345,0.103613729186074,0.016471895367905
27011,46,"undefined",1990,0,7.51850529923104e-05,0,0,1,0,0,0,0,0,18529.319999516,4.28775691986084,40.335578918457,0.719622552394867,62.8256797790527,23.5121574401855,-0.441697716712952,9.24274349212646,4.34488439559937,4.89785671234131,-2.36865162849426,-6.87408590316772,22.996997833252,40.7643814086914,21.2869167327881,0.0211426303443179,0.00277056840534189
27011,46,"undefined",2000,1,7.48537568142638e-05,0,0,1,0,0,0,0,0,20928.1138014197,3.12184190750122,49.0231323242188,1.43403267860413,75.6753005981445,26.5618686676025,-0.357818305492401,-0.380413860082626,1.39664435386658,-1.7770528793335,1.2094202041626,-0.829011201858521,3.50005292892456,-4.04180812835693,4.40720129013062,0.224890930892018,0.0807622349600326
27012,46,"undefined",1990,0,1.29350628412794e-05,0,0,1,0,0,0,0,0,3187.8401402384,18.3520603179932,40.335578918457,0.719622552394867,62.8256797790527,23.5121574401855,-0.441697716712952,-6.72455406188965,0.770751595497131,-7.49530792236328,1.32707095146179,5.39748668670654,18.4179306030273,30.2381038665771,17.4492835998535,0.0515201739731689,0.0136971496887226
27012,46,"undefined",2000,1,9.36267770157428e-06,0,0,1,0,0,0,0,0,2617.67998553067,10.5233345031738,47.1129570007324,1.90015435218811,61.9763603210449,25.7953853607178,-0.831062078475952,1.79123020172119,-1.17316436767578,2.96439433097839,1.33007228374481,-3.12129950523376,5.78267240524292,0.480106890201569,7.7972412109375,0.0566270896466189,0.142591046444198
27101,27,"undefined",1990,0,0.000336740107741207,0,0,1,0,0,0,0,0,82989.4399228096,19.8447418212891,47.0592308044434,1.61137056350708,69.6587982177734,26.9910488128662,-0.505400002002716,5.24957180023193,5.66448354721069,-0.414913892745972,-0.897061824798584,-4.35250854492188,17.729377746582,15.9049510955811,17.0830726623535,2.41523329895931,1.01989459328134
27101,27,"undefined",2000,1,0.000306701491354033,0,0,1,0,0,0,0,0,85749.6533446014,18.6013374328613,52.2074165344238,2.85994791984558,77.6076736450195,28.1046009063721,-0.67344719171524,0.739574432373047,-2.73751997947693,3.47709655761719,0.554311990737915,-1.29388916492462,4.30175256729126,4.72089242935181,4.88274431228638,1.27756998885681,2.93428170854481
27102,27,"undefined",1990,0,0.000213081599213183,0,0,1,0,0,0,0,0,52513.8568344116,15.2340707778931,41.7160797119141,1.34064149856567,68.6005554199219,25.7373294830322,-0.447769731283188,3.95444631576538,5.33901596069336,-1.3845682144165,0.112594850361347,-4.06703948974609,15.9871578216553,14.7390842437744,15.5286312103271,0.729367220246022,1.08197041589984
27102,27,"undefined",2000,1,0.000184498654562049,0,0,1,0,0,0,0,0,51583.3686882555,18.1302032470703,52.0428657531738,3.16661143302917,76.6904983520508,28.2402687072754,-0.620229125022888,0.787062287330627,-3.93615031242371,4.72321701049805,0.538767457008362,-1.32583725452423,4.74112367630005,-4.85174989700317,8.45922756195068,1.20700704793249,0.818115855255524
27201,19,"undefined",1990,0,0.000234207705943845,0,0,1,0,0,0,0,0,57720.3772678375,25.7099514007568,45.9457778930664,1.82929861545563,66.8069763183594,26.9184703826904,-0.23049408197403,5.10973930358887,3.68946933746338,1.42027139663696,0.431633919477463,-5.54137516021729,15.2984142303467,13.6206150054932,15.1424407958984,1.4068505671718,1.00517128074137
27201,19,"undefined",2000,1,0.000209774967515841,0,0,1,0,0,0,0,0,58650.289286077,27.2238826751709,52.7394599914551,4.50486421585083,77.5165481567383,30.0586261749268,-0.297970414161682,0.789574265480042,-2.26987886428833,3.05945539474487,0.474632859230042,-1.26421022415161,3.66837644577026,3.02852892875671,4.28383684158325,3.64159688289746,2.12744067586162
27202,27,"undefined",1990,0,0.00025175214977935,0,0,1,0,0,0,0,0,62044.1998197436,24.7348499298096,42.2294120788574,1.39994668960571,68.3822250366211,25.8819904327393,-0.421158909797668,3.63777875900269,4.24670124053955,-0.608927011489868,-0.0213263556361198,-3.61644768714905,15.9771919250488,10.5689525604248,17.0787334442139,0.321744054402847,0.516590718154804
27202,27,"undefined",2000,1,0.000214483210584149,0,0,1,0,0,0,0,0,59966.6498271748,26.6179599761963,50.558162689209,4.35811853408813,75.7813568115234,28.6395282745361,-0.562924802303314,-0.406146049499512,0.185760006308556,-0.591908156871796,-0.25121283531189,0.65736049413681,3.02852892875671,5.43819141387939,2.17349195480347,0.92098243389257,0.646741211925796
27301,19,"undefined",1990,0,0.000252196885412559,0,0,1,0,0,0,0,0,62153.8011974692,22.0722465515137,46.1909370422363,1.61902070045471,67.7741088867188,27.1109943389893,-0.333570063114166,4.37800884246826,3.0374481678009,1.34056210517883,0.216739445924759,-4.59475088119507,14.6148204803467,12.1278285980225,15.0063991546631,0.782751797473417,0.501361354915654
27301,19,"undefined",2000,1,0.000218583736568689,0,0,1,0,0,0,0,0,61113.1046274304,22.9749851226807,52.7489471435547,3.90365505218506,77.3950729370117,30.0605335235596,-0.363930463790894,0.442445278167725,-1.57116985321045,2.01361513137817,0.124418303370476,-0.566863596439362,4.58383560180664,3.3776421546936,5.31135272979736,3.02181006131126,1.5962976661408
27302,27,"undefined",1990,0,0.0002088101755362,0,0,1,0,0,0,0,0,51461.1658996344,28.0347995758057,42.7832565307617,1.16073703765869,69.5130844116211,29.1267547607422,-0.276104062795639,4.390305519104,0.453688204288483,3.93661260604858,-1.41038799285889,-2.9799177646637,11.2465381622314,0.106906890869141,15.7602310180664,1.77365403715366,1.6843674050081
27302,27,"undefined",2000,1,0.000173831300344318,0,0,1,0,0,0,0,0,48600.9177177697,27.9531841278076,50.8375473022461,4.37691402435303,76.0034027099609,28.8223171234131,-0.528796792030334,-0.251190990209579,-0.128430977463722,-0.122751504182816,-0.158903062343597,0.410090625286102,3.12628078460693,5.08540010452271,2.45843625068665,5.63509660484308,4.32922270739737
27401,19,"undefined",1990,0,0.00022518917103298,0,0,1,0,0,0,0,0,55497.7647485733,25.6620311737061,42.2610321044922,1.68844056129456,67.5856552124023,27.8778076171875,-0.375214815139771,4.00645732879639,2.25812935829163,1.74832940101624,-0.0769365578889847,-3.92952251434326,13.0761623382568,13.1172657012939,12.6070022583008,0.704630333369633,0.541102345957693
27401,19,"undefined",2000,1,0.000186984878382646,0,0,1,0,0,0,0,0,52278.4824524224,28.6499328613281,49.1006050109863,3.42015552520752,76.8265380859375,28.6264362335205,-0.485591143369675,3.19864940643311,-0.0378085039556026,3.23645544052124,-0.441511809825897,-2.75713634490967,5.12865591049194,1.35258269309998,6.56448078155518,0.884425042989717,1.50224486493712
27402,19,"undefined",1990,0,0.000405604369007051,0,0,1,0,0,0,0,0,99961,25.8921203613281,45.9458961486816,0.809588372707367,66.7746276855469,27.6726303100586,-0.550050318241119,4.5444130897522,2.84276604652405,1.70164704322815,-0.568598508834839,-3.97581458091736,15.029764175415,14.9820327758789,14.8320198059082,0.711722333732175,0.482007433349572
27402,19,"undefined",2000,1,0.000361912796506658,0,0,1,0,0,0,0,0,101186,26.2312049865723,52.4884834289551,2.49895310401917,76.4450836181641,28.9663963317871,-0.803816080093384,0.0234416555613279,0.758767127990723,-0.735325455665588,0.378212481737137,-0.401656568050385,3.80311679840088,11.5848264694214,0.578471601009369,2.25346524310865,2.44888513008875
27501,19,"undefined",1990,0,0.00210233964025974,0,0,1,0,0,0,0,0,518120.596776128,13.0718421936035,55.3993835449219,3.77618074417114,73.9748229980469,35.4379463195801,0.511716902256012,0.667387247085571,-0.725385546684265,1.39277577400208,0.266937166452408,-0.934326648712158,17.2991275787354,6.60791397094727,19.1703796386719,0.269645853646403,0.242542612319894
27501,19,"undefined",2000,1,0.00213243626058102,0,0,1,0,0,0,0,0,596200.817039177,10.884651184082,61.544490814209,6.42546510696411,75.6308288574219,33.7545585632324,0.400270223617554,1.11799585819244,-1.87495672702789,2.99295353889465,0.151914671063423,-1.26990675926208,4.00086832046509,17.3483581542969,2.61892580986023,1.40965966581146,0.960726611849875
27502,19,"undefined",1990,0,0.000140579941216856,0,0,1,0,0,0,0,0,34645.8606281281,29.4299755096436,38.1122665405273,1.60275995731354,63.8902854919434,27.6102104187012,-0.579011619091034,3.03917527198792,3.43414402008057,-0.394964218139648,-0.249366462230682,-2.78981328010559,16.9948101043701,14.8155212402344,16.5349006652832,1.86843856113524,0.711347434785713
27502,19,"undefined",2000,1,0.000128586907521822,0,0,1,0,0,0,0,0,35951.1881453395,22.5049228668213,46.3383255004883,2.17779159545898,70.1128997802734,29.4313850402832,-0.571448385715485,2.71041893959045,-0.414999485015869,3.12541198730469,0.0177201423794031,-2.72813439369202,3.1083652973175,4.77007436752319,2.79964709281921,3.46783640723296,3.84661655139025
27503,19,"undefined",1990,0,0.000143624318297952,0,0,1,0,0,0,0,0,35396.1447974145,16.4442615509033,38.985466003418,1.27301466464996,69.9155578613281,30.0859069824219,-0.13650980591774,1.30267739295959,1.25778460502625,0.0448882579803467,-0.31815505027771,-0.984519720077515,15.0922775268555,12.9178047180176,15.3108596801758,0.256079440656991,0.0564515039810153
27503,19,"undefined",2000,1,0.000123360485304147,0,0,1,0,0,0,0,0,34489.9508104622,16.0290069580078,47.0221176147461,2.3414626121521,74.1231536865234,31.0313396453857,-0.468839704990387,1.36722838878632,-2.88331937789917,4.2505521774292,0.717126369476318,-2.08435535430908,7.47523975372314,9.93749046325684,7.46522617340088,2.17639858759767,0.918955412584747
27504,19,"undefined",1990,0,0.000198580120922998,0,0,1,0,0,0,0,0,48939.9755343199,20.6154708862305,40.1628227233887,1.60823142528534,68.0250930786133,28.4266891479492,-0.458016335964203,3.24556827545166,1.3234943151474,1.9220769405365,-0.302400052547455,-2.94317007064819,12.2910022735596,13.8437747955322,11.5737438201904,0.313304705719693,0.145394417189348
27504,19,"undefined",2000,1,0.000171242631040514,0,0,1,0,0,0,0,0,47877.1588733196,21.3588905334473,46.7079238891602,2.70691990852356,76.3691101074219,27.6864166259766,-0.608735978603363,4.7684907913208,1.41702163219452,3.35146713256836,-1.03674983978271,-3.73174023628235,5.87333965301514,-0.371456146240234,7.85963916778564,1.1291467516343,1.4252838220001
27601,46,"undefined",1990,0,0.000586839916650206,0,0,1,0,0,0,0,0,144626.41414547,11.8145847320557,50.2586364746094,3.01538252830505,65.7099990844727,28.8940315246582,-0.698198020458221,0.736033916473389,-1.37454414367676,2.11057662963867,0.156403332948685,-0.892437994480133,12.2379779815674,7.8270435333252,11.7371559143066,0.62812539521997,0.700674068246766
27601,46,"undefined",2000,1,0.000566370435990393,0,0,1,0,0,0,0,0,158349.640211225,10.249098777771,54.8193283081055,3.17887878417969,69.5686874389648,31.2124156951904,-0.488764941692352,3.78677654266357,-3.32495093345642,7.11173629760742,-0.00157952308654785,-3.78520154953003,3.36681079864502,10.2304735183716,3.07321548461914,1.82974728399046,1.15266342083958
27602,46,"undefined",1990,0,3.11249932565261e-05,0,0,1,0,0,0,0,0,7670.7399263978,3.75502705574036,40.335578918457,0.719622552394867,62.8256797790527,23.5121574401855,-0.441697716712952,-6.72455406188965,0.770751774311066,-7.49530792236328,1.32707095146179,5.39748668670654,18.4179306030273,30.2381038665771,17.4492835998535,0.019138784490763,0.0471800112345338
27602,46,"undefined",2000,1,3.02486496366328e-05,0,0,1,0,0,0,0,0,8457.11992874742,0.282186031341553,47.1129570007324,1.90015435218811,61.9763603210449,25.7953853607178,-0.831062078475952,1.79123020172119,-1.17316436767578,2.96439433097839,1.33007228374481,-3.12129950523376,5.78267240524292,0.480106890201569,7.7972412109375,0.000633557865979485,0.0843829519033511
27603,46,"undefined",1990,0,2.18279183172854e-05,0,0,1,0,0,0,0,0,5379.48011487722,20.0431098937988,40.335578918457,0.719622552394867,62.8256797790527,23.5121574401855,-0.441697716712952,-6.72455406188965,0.770751357078552,-7.49530792236328,1.32707095146179,5.39748668670654,18.4179306030273,30.2381038665771,17.4492835998535,0.207447275745936,0.439233566630845
27603,46,"undefined",2000,1,1.8365251889918e-05,0,0,1,0,0,0,0,0,5134.67992520332,15.8858613967896,47.1129570007324,1.90015411376953,61.9763603210449,25.7953853607178,-0.831062078475952,1.79123020172119,-1.1731641292572,2.96439433097839,1.33007228374481,-3.12129950523376,5.78267240524292,0.480106890201569,7.7972412109375,0.467098496143145,1.79149966867949
27604,46,"undefined",1990,0,5.25486939295661e-06,0,0,1,0,0,0,0,0,1295.06001596153,0.705813646316528,40.335578918457,0.719622552394867,62.8256797790527,23.5121574401855,-0.441697716712952,-6.72455406188965,0.770751595497131,-7.49530792236328,1.32707095146179,5.39748668670654,18.4179306030273,30.2381038665771,17.4492835998535,0.000670896649050216,0
27604,46,"undefined",2000,1,4.32123579230392e-06,0,0,1,0,0,0,0,0,1208.15999659523,0.774679720401764,47.1129570007324,1.90015411376953,61.9763603210449,25.7953853607178,-0.831062078475952,1.79123020172119,-1.1731641292572,2.96439433097839,1.33007228374481,-3.12129950523376,5.78267240524292,0.480106890201569,7.7972412109375,0.0047594550943586,0.0100636721721717
27605,46,"undefined",1990,0,4.2038951505674e-05,0,0,1,0,0,0,0,0,10360.4795543551,0.690436720848083,40.335578918457,0.719622552394867,62.8256797790527,23.5121574401855,-0.441697686910629,-6.72455406188965,0.770751357078552,-7.49530792236328,1.32707095146179,5.39748668670654,18.4179306030273,30.2381038665771,17.4492835998535,1.0947031922923e-07,1.27124821398954
27605,46,"undefined",2000,1,3.92512265534606e-05,0,0,1,0,0,0,0,0,10974.1201032102,0.66357558965683,47.1129570007324,1.90015411376953,61.9763603210449,25.7953853607178,-0.831062078475952,1.79123020172119,-1.1731641292572,2.96439433097839,1.33007228374481,-3.12129950523376,5.78267240524292,0.480106890201569,7.7972412109375,0.000104071882885494,7.48407517546314e-07
27701,31,"undefined",1990,0,0.000265737005975097,0,0,1,0,0,0,0,0,65490.7581458092,15.2869644165039,43.8171081542969,1.348104596138,65.2794799804688,22.3641204833984,-0.61818540096283,4.25035381317139,-0.378451883792877,4.6288013458252,-0.561096131801605,-3.68925476074219,14.0833854675293,14.2228603363037,14.3091678619385,0.271262131227091,0.346303063863963
27701,31,"undefined",2000,1,0.000238970402278937,0,0,1,0,0,0,0,0,66812.9450954199,9.77460098266602,54.5492401123047,2.75150346755981,75.1065673828125,23.7280235290527,-1.06488847732544,-0.293893486261368,-0.00288443895988166,-0.29100689291954,0.0624614134430885,0.231436312198639,3.80740833282471,6.77585601806641,3.56435775756836,0.617970758715499,0.755110375071081
27702,56,"undefined",1990,0,0.000353778334101662,0,0,0,0,0,0,1,0,87188.498090148,7.06117010116577,57.289306640625,4.46351194381714,64.8127975463867,28.3110446929932,-0.255682468414307,3.22442054748535,0.0903476029634476,3.13407778739929,-0.678826510906219,-2.54559659957886,11.8233203887939,13.0722045898438,11.4859580993652,0.283949766976824,0.612166250062324
27702,56,"undefined",2000,1,0.000343585619702935,0,0,0,0,0,0,1,0,96061.9632953405,9.7728157043457,63.6824684143066,5.24830341339111,69.8712615966797,28.3760967254639,-0.665454149246216,4.05492115020752,0.325974613428116,3.72894334793091,-1.41026639938354,-2.64465594291687,10.1689615249634,35.6982765197754,8.80343532562256,1.84304032445888,0.607981695407587
27703,56,"undefined",1990,0,8.34727979963645e-05,0,0,0,0,0,0,1,0,20571.831835866,7.65483665466309,59.415225982666,4.9551248550415,64.73681640625,29.3591232299805,-0.191795378923416,6.77692890167236,-0.112348049879074,6.88927745819092,-0.568159282207489,-6.20877170562744,16.5177345275879,9.46712493896484,16.8136596679688,0.0657446861799984,-0.0248512764765805
27703,56,"undefined",2000,1,7.55039945943281e-05,0,0,0,0,0,0,1,0,21109.9120318294,7.34780645370483,52.3612632751465,2.21885323524475,68.9450531005859,23.2842063903809,-1.16592693328857,5.19910860061646,1.03763699531555,4.16147708892822,-3.01799201965332,-2.18112134933472,18.9986228942871,33.1574859619141,18.3861598968506,0.402055718676938,0.0876652637964526
27704,46,"undefined",1990,0,7.95564483269118e-05,0,0,1,0,0,0,0,0,19606.6479678452,2.84057903289795,41.5463714599609,0.93819385766983,63.6777153015137,23.0947723388672,-0.505862176418304,-3.82236838340759,0.268246054649353,-4.09061336517334,0.869689106941223,2.95268297195435,16.553258895874,19.8863506317139,16.168737411499,0.156959906293884,0.159463196295254
27704,46,"undefined",2000,1,7.93129656813107e-05,0,0,1,0,0,0,0,0,22174.8490589261,1.53174984455109,49.2740325927734,2.14756679534912,65.902229309082,25.1013374328613,-0.909561634063721,0.679433345794678,-0.926447212696075,1.60588526725769,1.11392033100128,-1.79335904121399,5.00413370132446,4.08077239990234,6.27463245391846,0.0164288930285953,0.391764197323172
27801,31,"undefined",1990,0,0.000219248860958032,0,0,1,0,0,0,0,0,54033.7770400047,22.742546081543,42.3708152770996,1.91313350200653,70.4158172607422,26.3777847290039,-0.273512065410614,2.06143260002136,2.78561115264893,-0.724184513092041,0.229760631918907,-2.29118919372559,18.385648727417,5.76639175415039,21.9017028808594,0.301340366900323,0.583641201290711
27801,31,"undefined",2000,1,0.000199282934772782,0,0,1,0,0,0,0,0,55716.8554976583,19.7698173522949,50.867546081543,7.21996927261353,76.0742721557617,29.2433853149414,-0.327947914600372,-0.766609370708466,-2.02535510063171,1.2587479352951,0.895650804042816,-0.12904192507267,2.32315063476562,11.8779458999634,-0.108582630753517,1.38035792954124,2.16705804032862
27802,31,"undefined",1990,0,0.000235974308452569,0,0,1,0,0,0,0,0,58155.7552635968,37.9992828369141,40.7668380737305,1.52647542953491,67.2230987548828,29.3832149505615,-0.223954409360886,3.75221967697144,0.617799162864685,3.13441157341003,-0.674867630004883,-3.07734751701355,12.4855041503906,7.90596008300781,14.339542388916,0.803350330712315,0.827537401408102
27802,31,"undefined",2000,1,0.000215258914977312,0,0,1,0,0,0,0,0,60183.5289755836,38.9133110046387,51.2715454101562,6.56904745101929,75.8361740112305,28.9113903045654,-0.397287905216217,-0.0796573534607887,-1.54362833499908,1.46397519111633,0.722546637058258,-0.642893552780151,2.10836958885193,11.1378259658813,-0.217710226774216,1.85687500202653,2.5757692924909
27901,31,"undefined",1990,0,0.000169700782862492,0,0,1,0,0,0,0,0,41822.6761064529,23.0469665527344,53.548397064209,1.49006867408752,72.7823791503906,27.0221328735352,-0.54475873708725,1.20950937271118,2.37538743019104,-1.1658787727356,-0.11363048106432,-1.09588205814362,19.6571350097656,15.5366897583008,19.6244239807129,0.323092385272431,0.216962348495271
27901,31,"undefined",2000,1,0.000151808766531758,0,0,1,0,0,0,0,0,42443.7122098207,23.9213771820068,61.8972320556641,4.43818044662476,75.3258285522461,27.2638912200928,-0.619338691234589,-3.64605855941772,-3.3845419883728,-0.261519640684128,0.763910710811615,2.88215279579163,5.79704570770264,4.73812627792358,7.09506416320801,1.84282730978599,1.57263083658798
27902,31,"undefined",1990,0,0.00011045066639781,0,0,1,0,0,0,0,0,27220.5130054355,12.0640830993652,42.7496032714844,1.17521679401398,70.5369491577148,25.738302230835,-0.648906528949738,0.665169954299927,1.67404556274414,-1.00888013839722,0.453545153141022,-1.11871218681335,15.4442310333252,11.923885345459,16.1946773529053,0.103615669063796,0.0674937611238293
27902,31,"undefined",2000,1,9.59691460593604e-05,0,0,1,0,0,0,0,0,26831.6949276328,15.2590065002441,53.6710433959961,2.7029983997345,74.4277572631836,26.8758773803711,-0.822422742843628,4.04538440704346,1.28908669948578,2.75629758834839,-0.330304205417633,-3.71508073806763,0.80810272693634,6.01203107833862,-0.648907244205475,2.26559155082677,0.318901828594176
27903,31,"undefined",1990,0,0.000292284559691325,0,0,1,0,0,0,0,0,72033.3882927895,22.8535022735596,41.4994621276855,1.87302899360657,72.067268371582,28.0335540771484,-0.318637132644653,-2.361661195755,0.705146789550781,-3.06681394577026,1.08065569400787,1.28101110458374,18.4084415435791,10.9755992889404,19.8974609375,0.28423451192589,0.377989647099955
27903,31,"undefined",2000,1,0.000277134007774293,0,0,1,0,0,0,0,0,77482.9801032543,22.750114440918,50.7572364807129,7.46007347106934,74.8683547973633,28.4881629943848,-0.391756623983383,2.90374255180359,1.61736667156219,1.28637897968292,0.462274491786957,-3.36602115631104,6.5329418182373,11.6252222061157,5.08485507965088,1.30637769866228,1.00308527251633
28001,19,"undefined",1990,0,0.000712886336259544,0,0,1,0,0,0,0,0,175690.491415918,23.2884616851807,40.9442329406738,1.6202780008316,68.4953994750977,27.8559036254883,-0.42766398191452,1.74564123153687,3.67310786247253,-1.92746520042419,-0.0199101865291595,-1.72573328018188,18.5686111450195,17.5323009490967,17.7261829376221,0.357594741793766,0.45826211516748
28001,19,"undefined",2000,1,0.000664408726152033,0,0,1,0,0,0,0,0,185759.828447968,27.0294151306152,49.0827140808105,7.36834573745728,73.4783477783203,31.3497009277344,-0.128002166748047,-0.465750694274902,-3.24252891540527,2.77677607536316,1.28941512107849,-0.823661684989929,3.37457656860352,1.96858811378479,5.41850519180298,28.8256167021171,0.982865509752909
28002,31,"undefined",1990,0,0.000100347024272196,0,0,1,0,0,0,0,0,24730.475971818,21.1040821075439,40.4249420166016,1.58704376220703,66.6688003540039,30.006275177002,-0.151313662528992,4.27729511260986,0.429697334766388,3.84759306907654,-0.868223965167999,-3.40906977653503,12.0026588439941,7.40170478820801,14.0372753143311,0.117913123059263,0.0622013696604048
28002,31,"undefined",2000,1,8.86442503542639e-05,0,0,1,0,0,0,0,0,24783.7523138523,21.8908290863037,50.867546081543,7.21996927261353,76.0742721557617,29.2433853149414,-0.327947914600372,-0.766609370708466,-2.02535510063171,1.2587479352951,0.895650804042816,-0.12904192507267,2.32315063476562,11.8779458999634,-0.108582630753517,3.29292927525947,0.595653586711461
28101,31,"undefined",1990,0,0.00110763323027641,0,0,1,0,0,0,0,0,272975.664130211,19.2372245788574,60.7190437316895,2.91099500656128,73.5725021362305,32.1763725280762,0.114443004131317,0.945866107940674,-0.0435404479503632,0.989407300949097,0.212867930531502,-1.1587336063385,17.6145553588867,15.5824184417725,17.7445888519287,0.451764942044565,0.602328884764608
28101,31,"undefined",2000,1,0.0011039279634133,0,0,1,0,0,0,0,0,308643.549635768,16.680850982666,66.2279586791992,6.17621564865112,77.3536224365234,30.7043228149414,-7.18235969543457e-05,-0.294634282588959,-1.01238167285919,0.717742085456848,0.809395432472229,-0.514758467674255,-1.07172560691833,-2.02308392524719,-0.794546961784363,1.7417625168474,1.62819930856747
28102,31,"undefined",1990,0,0.000163822784088552,0,0,1,0,0,0,0,0,40374.0476648211,23.9266490936279,42.7496032714844,1.17521679401398,70.5369491577148,25.738302230835,-0.648906528949738,0.665169954299927,1.67404556274414,-1.00888013839722,0.453545153141022,-1.11871218681335,15.4442310333252,11.923885345459,16.1946773529053,0.559635961872939,1.54821791994398
28102,31,"undefined",2000,1,0.000143183904583566,0,0,1,0,0,0,0,0,40032.31456393,23.4358806610107,53.6710433959961,2.7029983997345,74.4277572631836,26.8758773803711,-0.822422742843628,4.04538440704346,1.28908669948578,2.75629758834839,-0.330304205417633,-3.71508073806763,0.80810272693634,6.01203107833862,-0.648907244205475,2.83119902318114,2.71474817060915
28201,19,"undefined",1990,0,0.000198382695089094,0,0,1,0,0,0,0,0,48891.3216283321,27.4323234558105,38.5443687438965,1.28811633586884,68.8494033813477,29.8379249572754,-0.175883203744888,1.38019323348999,1.77170181274414,-0.391513109207153,-0.305595636367798,-1.07459282875061,15.9544944763184,13.3331775665283,16.1890983581543,0.984750868935515,0.743391466628295
28201,19,"undefined",2000,1,0.000172998086782172,0,0,1,0,0,0,0,0,48367.9603006542,31.3320636749268,46.9153671264648,2.23854804039001,72.7851867675781,31.2803707122803,-0.466435730457306,1.07991695404053,-3.05107665061951,4.13099336624146,0.862169981002808,-1.94208753108978,6.77374458312988,10.6182098388672,6.46557140350342,2.52197422836172,2.94125587105784
28202,31,"undefined",1990,0,0.00292082596570253,0,0,1,0,0,0,0,0,719836.173937082,12.4937467575073,53.5578193664551,3.1850118637085,71.4619522094727,33.4472236633301,0.433446019887924,0.906550884246826,-0.444120168685913,1.35067105293274,-0.215078145265579,-0.691473484039307,16.5390491485596,12.318754196167,17.7940845489502,0.557087938632562,0.488496690986424
28202,31,"undefined",2000,1,0.00287821190431714,0,0,1,0,0,0,0,0,804709.765268564,11.4453048706055,59.4753456115723,6.13055276870728,73.6649551391602,33.3007659912109,0.182225406169891,1.56749987602234,-1.99789762496948,3.56540489196777,1.42628753185272,-2.99379444122314,3.83499670028687,4.72886228561401,3.67477941513062,1.1635107363932,1.59149566796943
28301,8,"undefined",1990,0,0.000142125660204329,0,0,0,0,0,0,1,0,35026.80131495,10.9443950653076,41.4333229064941,4.19583463668823,62.0379981994629,23.9249534606934,-0.602465152740479,2.91723608970642,1.83260440826416,1.08463764190674,-1.89320588111877,-1.0240330696106,25.0669002532959,34.5806579589844,24.0597724914551,0.0637043940270369,0.269175177173035
28301,8,"undefined",2000,1,0.000144159945193678,0,0,0,0,0,0,1,0,40305.2002011538,6.86572408676147,52.2920532226562,9.14470863342285,66.7156372070312,23.3455638885498,-0.841237604618073,2.74617338180542,-1.14394402503967,3.89011430740356,2.13018488883972,-4.87635374069214,0.638416826725006,-17.1863689422607,2.75155472755432,0.313792398787233,0.328889904032234
28302,31,"undefined",1990,0,6.79966615280136e-05,0,0,1,0,0,0,0,0,16757.7453858703,14.4273204803467,43.8369255065918,1.50430774688721,65.1722793579102,25.0017318725586,-0.630021810531616,0.279903411865234,1.00256204605103,-0.722658634185791,-0.832334160804749,0.552430748939514,16.4698600769043,17.803955078125,16.3477420806885,0.289029464351285,0.94032654227675
28302,31,"undefined",2000,1,6.17467230767943e-05,0,0,1,0,0,0,0,0,17263.5620101281,10.6813735961914,51.5884590148926,6.7157187461853,69.4241485595703,24.7427196502686,-0.94198739528656,5.85341453552246,2.80574822425842,3.04766201972961,0.710278213024139,-6.56368637084961,5.21407794952393,-1.39774596691132,6.15188074111938,0.9214174851039,0.976523574749701
28303,31,"undefined",1990,0,1.01279074442573e-05,0,0,1,0,0,0,0,0,2496.01795066148,43.8586044311523,43.8171081542969,1.348104596138,65.2794799804688,22.3641204833984,-0.618185341358185,4.25035381317139,-0.378451883792877,4.6288013458252,-0.561096131801605,-3.68925476074219,14.0833854675293,14.2228603363037,14.3091678619385,1.33051168930251,1.62881667747418
28303,31,"undefined",2000,1,8.45912927616155e-06,0,0,1,0,0,0,0,0,2365.06003471091,7.78310537338257,54.5492401123047,2.75150346755981,75.1065673828125,23.7280235290527,-1.06488859653473,-0.293893486261368,-0.00288443895988166,-0.29100689291954,0.0624614134430885,0.231436312198639,3.80740833282471,6.77585601806641,3.56435775756836,0.0749430126255187,5.1772891269194
28304,31,"undefined",1990,0,3.34252836182714e-05,0,0,1,0,0,0,0,0,8237.64499350637,2.21685361862183,43.9496459960938,1.24978613853455,65.4148941040039,23.1661109924316,-0.622944056987762,2.99471616744995,-0.035698339343071,3.03041338920593,-0.580515742301941,-2.41420125961304,14.3145561218262,14.5608425140381,14.4268035888672,0.0100501968653867,0.0123710325751682
28304,31,"undefined",2000,1,2.94894980470417e-05,0,0,1,0,0,0,0,0,8244.87095220387,2.70791387557983,53.6820945739746,3.73296928405762,73.6871185302734,24.0782470703125,-1.03580451011658,1.63212847709656,1.04896080493927,0.583163321018219,0.156384766101837,-1.78851187229156,4.49950361251831,4.01340198516846,4.44160175323486,3.5854538166592,0.0116399386261687
28305,31,"undefined",1990,0,5.6045173550956e-05,0,0,1,0,0,0,0,0,13812.306376487,20.1632328033447,41.6686134338379,1.81771218776703,71.7094039916992,27.901819229126,-0.336881518363953,-2.28404402732849,0.722508132457733,-3.00655364990234,0.979822158813477,1.30422258377075,18.2303428649902,11.0962390899658,19.6169853210449,0.414383809353988,0.399767733553189
28305,31,"undefined",2000,1,4.70175800728612e-05,0,0,1,0,0,0,0,0,13145.4890166856,16.9558086395264,50.7665710449219,7.42501401901245,74.523681640625,28.2952671051025,-0.424152553081512,3.18564701080322,1.77808213233948,1.40757215023041,0.465857148170471,-3.65150618553162,6.51073455810547,11.0585346221924,5.19132614135742,0.960591683788031,1.03758226231158
28306,31,"undefined",1990,0,0.000136591756017879,0,0,1,0,0,0,0,0,33662.9711259604,5.19882869720459,44.378833770752,0.931409657001495,65.8586654663086,25.7265720367432,-0.638136625289917,-1.01650357246399,1.03145241737366,-2.04795598983765,-0.632215261459351,1.64871954917908,15.0401592254639,15.585470199585,15.0457382202148,0.184025868174602,0.0708124643404003
28306,31,"undefined",2000,1,0.000131239823531359,0,0,1,0,0,0,0,0,36692.9061698914,4.63477659225464,50.915901184082,6.86384296417236,69.0084075927734,25.2157649993896,-0.941339075565338,7.71144485473633,4.24515676498413,3.4662823677063,0.470217049121857,-8.18165874481201,6.23593997955322,0.535964965820312,7.16127681732178,0.240190110085418,0.229262596844672
28401,8,"undefined",1990,0,0.0017887259600684,0,0,0,0,0,0,1,0,440830.655550718,16.4321670532227,59.9614143371582,7.41517686843872,62.3815002441406,31.7990531921387,0.149375647306442,5.05032539367676,-1.9697003364563,7.02003240585327,-1.64361035823822,-3.40672135353088,19.1751956939697,10.0888729095459,19.8953151702881,1.91048659601728,0.649333872954905
28401,8,"undefined",2000,1,0.00209654658101499,0,0,0,0,0,0,1,0,586166.51201725,12.0956249237061,65.0086135864258,9.52571296691895,65.5236740112305,30.6292705535889,0.157525688409805,-0.622800409793854,-3.84230017662048,3.2194938659668,1.46555531024933,-0.842745780944824,6.59356784820557,10.2512493133545,6.37429141998291,2.95680958307811,4.24400506997065
28402,8,"undefined",1990,0,1.81960185727803e-05,0,0,0,0,0,0,1,0,4484.40005463362,5.73834085464478,41.4333229064941,4.19583463668823,62.0379981994629,23.9249534606934,-0.602465152740479,2.91723608970642,1.83260440826416,1.08463764190674,-1.89320588111877,-1.0240330696106,25.0669002532959,34.5806579589844,24.0597724914551,0.00305299994067809,0.0137466465959809
28402,8,"undefined",2000,1,2.21784521272639e-05,0,0,0,0,0,0,1,0,6200.79995942116,2.764319896698,52.2920532226562,9.14470863342285,66.7156372070312,23.3455638885498,-0.841237604618073,2.74617338180542,-1.14394402503967,3.89011430740356,2.13018488883972,-4.87635374069214,0.638416826725006,-17.1863689422607,2.75155472755432,0.022045293038287,0.0211096892446351
28501,8,"undefined",1990,0,1.81960185727803e-05,0,0,0,0,0,0,1,0,4484.40005463362,1.73226499557495,41.4333229064941,4.19583463668823,62.0379981994629,23.9249534606934,-0.602465152740479,-4.97000789642334,-0.785997152328491,-4.18400764465332,0.205348059535027,4.76465654373169,13.5061264038086,19.3556785583496,13.2329940795898,0.0093188111644022,0.00842011998776747
28501,8,"undefined",2000,1,1.63956847245572e-05,0,0,0,0,0,0,1,0,4584.01508314908,5.16370439529419,50.8476791381836,6.61754989624023,61.4083061218262,25.0591011047363,-0.742315411567688,-1.80100536346436,-1.64138734340668,-0.159621238708496,0.519794523715973,1.281214594841,4.27845525741577,9.2175350189209,4.28077173233032,-0.0742013969644972,0.00980434575101949
28502,8,"undefined",1990,0,0.000667249027173966,0,0,0,0,0,0,1,0,164443.20042944,15.9781675338745,45.5567436218262,3.19024038314819,58.713306427002,29.5205268859863,-0.6160768866539,3.41866016387939,-1.61708557605743,5.0357460975647,-1.13999915122986,-2.27866172790527,14.7797107696533,7.47504234313965,16.4992332458496,0.608545237967783,0.250754840749721
28502,8,"undefined",2000,1,0.000680491968523711,0,0,0,0,0,0,1,0,190256.492395222,10.7036743164062,51.1215324401855,5.54766130447388,63.7748184204102,30.1240177154541,-0.646458208560944,1.26826763153076,-1.07957208156586,2.34783554077148,1.37421596050262,-2.64247822761536,4.46040296554565,21.0717067718506,3.44058465957642,1.06197769003382,4.62960702765772
28503,8,"undefined",1990,0,8.06014140835032e-05,0,0,0,0,0,0,1,0,19864.179458499,2.2320671081543,44.7007942199707,3.05032062530518,56.5728378295898,25.5669918060303,-0.735544443130493,1.78124904632568,-0.110658258199692,1.89191102981567,-1.36279761791229,-0.41845440864563,14.75510597229,14.1664981842041,14.9274826049805,0.082785099005886,0.00895917848209946
28503,8,"undefined",2000,1,8.34358143038116e-05,0,0,0,0,0,0,1,0,23327.54300493,3.13237380981445,50.8476791381836,6.61754989624023,61.4083061218262,25.0591011047363,-0.742315411567688,-1.80100536346436,-1.64138734340668,-0.159621238708496,0.519795060157776,1.281214594841,4.27845525741577,9.2175350189209,4.28077173233032,0.205294783429995,0.102427218998713
28504,8,"undefined",1990,0,4.47523707407527e-05,0,0,0,0,0,0,1,0,11029.2000727654,5.8828501701355,41.4333229064941,4.19583463668823,62.0379981994629,23.9249534606934,-0.602465152740479,2.91723608970642,1.83260440826416,1.08463764190674,-1.89320588111877,-1.0240330696106,25.0669002532959,34.5806579589844,24.0597724914551,0.052015425450303,0.0330559520592841
28504,8,"undefined",2000,1,4.2910483898595e-05,0,0,0,0,0,0,1,0,11997.1998777986,5.48604679107666,52.2920532226562,9.14470863342285,66.7156372070312,23.3455638885498,-0.841237604618073,2.74617338180542,-1.14394402503967,3.89011430740356,2.13018488883972,-4.87635374069214,0.638416826725006,-17.1863689422607,2.75155472755432,0.0642644666985299,0.405926567007064
28601,20,"undefined",1990,0,3.0058447009651e-05,0,0,1,0,0,0,0,0,7407.88998815417,8.56732845306396,49.8807334899902,0.934238851070404,68.7702941894531,21.705883026123,-1.10854399204254,2.0438015460968,0.428907930850983,1.61489248275757,0.859740197658539,-2.90353894233704,10.5040550231934,8.03570747375488,10.6279850006104,0.191566951390125,0.00212183923019261
28601,20,"undefined",2000,1,2.32137663260801e-05,0,0,1,0,0,0,0,0,6490.26005989313,3.59300112724304,58.475040435791,1.91202688217163,73.5297012329102,24.3827648162842,-1.18594789505005,3.36337947845459,1.20245826244354,2.16092371940613,-0.486670583486557,-2.87671184539795,5.9281759262085,-6.51209735870361,6.55174255371094,0.121515512041859,0.289812168072956
28602,20,"undefined",1990,0,2.40467579715187e-05,0,0,1,0,0,0,0,0,5926.31217816472,7.5576024055481,49.8807334899902,0.934238851070404,68.7702941894531,21.705883026123,-1.10854399204254,2.0438015460968,0.428907930850983,1.61489248275757,0.859740197658539,-2.90353894233704,10.5040550231934,8.03570747375488,10.6279850006104,0.495846820382313,0.0155232650111733
28602,20,"undefined",2000,1,2.13714029086987e-05,0,0,1,0,0,0,0,0,5975.15997466445,11.1305408477783,58.475040435791,1.91202688217163,73.5297012329102,24.3827648162842,-1.18594789505005,3.36337947845459,1.20245826244354,2.16092371940613,-0.486670583486557,-2.87671184539795,5.9281759262085,-6.51209735870361,6.55174255371094,1.66968993816161,0.400956046595304
28603,20,"undefined",1990,0,4.7234701924026e-05,0,0,1,0,0,0,0,0,11640.9699935317,21.3508777618408,49.8807334899902,0.934238851070404,68.7702941894531,21.705883026123,-1.10854399204254,2.0438015460968,0.428907930850983,1.61489248275757,0.859740197658539,-2.90353894233704,10.5040550231934,8.03570747375488,10.6279850006104,2.72766128700139,0.218716908380456
28603,20,"undefined",2000,1,3.75841918867081e-05,0,0,1,0,0,0,0,0,10508.0398368835,21.5880966186523,58.475040435791,1.91202688217163,73.5297012329102,24.3827648162842,-1.18594789505005,3.36337947845459,1.20245826244354,2.16092371940613,-0.486670583486557,-2.87671184539795,5.9281759262085,-6.51209735870361,6.55174255371094,-0.628957948086233,-0.221990124700154
28604,20,"undefined",1990,0,7.0852052886039e-05,0,0,1,0,0,0,0,0,17461.4545747042,3.67367458343506,49.8807334899902,0.934238851070404,68.7702941894531,21.705883026123,-1.10854399204254,2.0438015460968,0.428907930850983,1.61489248275757,0.859740197658539,-2.90354037284851,10.5040550231934,8.03570747375488,10.6279850006104,0.0468523607848839,0.0548086723766359
28604,20,"undefined",2000,1,6.11664290772751e-05,0,0,1,0,0,0,0,0,17101.319845736,3.79700708389282,58.475040435791,1.91202688217163,73.5297012329102,24.3827648162842,-1.18594789505005,3.36337947845459,1.20245826244354,2.16092371940613,-0.486670583486557,-2.87670969963074,5.9281759262085,-6.51209735870361,6.55174255371094,0.153022928132681,0.153152124674126
28605,20,"undefined",1990,0,3.52113238477614e-05,0,0,1,0,0,0,0,0,8677.81398504972,0.933822453022003,49.8807334899902,0.934238851070404,68.7702941894531,21.705883026123,-1.10854399204254,2.0438015460968,0.428907930850983,1.61489248275757,0.859740197658539,-2.90354037284851,10.5040550231934,8.03570747375488,10.6279850006104,0.0468975314787398,-0.0267325261421547
28605,20,"undefined",2000,1,3.05832145386375e-05,0,0,1,0,0,0,0,0,8550.65992286801,3.87405633926392,58.475040435791,1.91202688217163,73.5297012329102,24.3827648162842,-1.18594789505005,3.36337947845459,1.20245826244354,2.16092371940613,-0.486670583486557,-2.87670969963074,5.9281759262085,-6.51209735870361,6.55174255371094,0.0486386043127953,0.0618618322549277
28606,20,"undefined",1990,0,2.323005173821e-05,0,0,1,0,0,0,0,0,5725.03496065736,0.810314834117889,47.432430267334,0.932979881763458,67.4629669189453,23.4797706604004,-0.901004791259766,0.753194093704224,0.616918504238129,0.136280059814453,0.219144493341446,-0.972339510917664,12.2137069702148,12.5192165374756,12.1177673339844,1.11391847844465e-07,0.000704459371579307
28606,20,"undefined",2000,1,1.96742512343917e-05,0,0,1,0,0,0,0,0,5500.65894155204,2.73840475082397,55.2965888977051,3.99416017532349,71.6294403076172,24.7314376831055,-1.08356094360352,5.19711637496948,2.52944612503052,2.66766548156738,-0.0855598077178001,-5.11155605316162,6.17238473892212,-2.06524991989136,6.87292671203613,0.26360403826666,8.06634058595332e-07
28607,31,"undefined",1990,0,8.48524505272508e-05,0,0,1,0,0,0,0,0,20911.8448787332,12.1929216384888,44.378833770752,0.931409657001495,65.8586654663086,25.7265720367432,-0.638136625289917,-1.01650357246399,1.03145241737366,-2.04795598983765,-0.632215261459351,1.64871954917908,15.0401592254639,15.585470199585,15.0457382202148,0.112351522268044,0.3636376747413
28607,31,"undefined",2000,1,7.19068484613672e-05,0,0,1,0,0,0,0,0,20104.1968357563,11.5888090133667,50.915901184082,6.86384296417236,69.0084075927734,25.2157649993896,-0.941339075565338,7.71144485473633,4.24515676498413,3.4662823677063,0.470217049121857,-8.18165874481201,6.23593997955322,0.535964965820312,7.16127681732178,1.33656304387029,0.767944972624731
28608,31,"undefined",1990,0,0.000214007333852351,0,0,1,0,0,0,0,0,52742.006247282,19.5904159545898,52.7271690368652,1.51617050170898,72.7329635620117,27.09397315979,-0.528696894645691,0.989997386932373,2.27234816551208,-1.28235220909119,-0.0379979610443115,-0.952000916004181,19.5218086242676,15.2975559234619,19.5713996887207,0.450547237983617,0.367131689986751
28608,31,"undefined",2000,1,0.000201256625587121,0,0,1,0,0,0,0,0,56268.6719344705,19.8564834594727,61.2661170959473,4.60937833786011,75.2998199462891,27.3340663909912,-0.60629403591156,-3.28095483779907,-3.10780429840088,-0.17315149307251,0.74576210975647,2.53519630432129,5.84268569946289,5.11237573623657,6.96911144256592,1.81150684218364,1.43214747481645
28609,31,"undefined",1990,0,0.000179050548467785,0,0,1,0,0,0,0,0,44126.9234424829,21.9388103485107,47.3423919677734,1.11196577548981,68.1047821044922,26.1412582397461,-0.608247995376587,-0.493192672729492,1.26133632659912,-1.75452828407288,-0.493139952421188,0.986331701278687,16.8307304382324,14.9003028869629,16.9587135314941,0.602720491162627,0.456913818176253
28609,31,"undefined",2000,1,0.000175872963154688,0,0,1,0,0,0,0,0,49171.7394899726,33.3494415283203,54.0372924804688,6.17436075210571,70.799186706543,25.7917041778564,-0.850791871547699,4.43415975570679,2.0827202796936,2.35143733024597,0.57296085357666,-5.00711584091187,6.09588623046875,0.900132298469543,6.92476558685303,1.37163909634994,1.61270134939807
28701,8,"undefined",1990,0,5.14573948748875e-05,0,0,0,0,0,0,1,0,12681.6505174637,9.16948509216309,44.7007942199707,3.05032062530518,56.5728378295898,25.5669918060303,-0.735544502735138,6.56050443649292,0.906525909900665,5.6539831161499,-3.15705609321594,-3.40345191955566,37.5233154296875,48.5876083374023,36.578987121582,1.35910144220216,0.101958746450666
28701,8,"undefined",2000,1,5.83606743020937e-05,0,0,0,0,0,0,1,0,16316.8671373725,5.31255626678467,60.605396270752,3.51993775367737,63.722354888916,27.2902278900146,-0.937301814556122,-1.52838230133057,-2.7265202999115,1.19813001155853,1.55984151363373,-0.031454224139452,-2.04031801223755,49.3382034301758,-4.22702503204346,0.395137062738838,2.64959620579491
28702,8,"undefined",1990,0,0.000339480524417013,0,0,0,0,0,0,1,0,83664.8130390942,2.30169439315796,59.9646034240723,5.59592819213867,72.789176940918,25.6102523803711,-0.317974239587784,-0.512844324111938,-0.749724149703979,0.23687481880188,-1.27665662765503,1.78950572013855,16.3214683532715,31.9939136505127,15.8455371856689,0.0541173655915241,0.0302549890254323
28702,8,"undefined",2000,1,0.000476087036076933,0,0,0,0,0,0,1,0,133107.599082112,2.23927474021912,66.4212417602539,12.9731569290161,73.1899948120117,26.5822677612305,-0.528008639812469,3.37956619262695,-0.378692507743835,3.7582688331604,-0.2901711165905,-3.08940029144287,8.23722553253174,9.37863731384277,8.06161308288574,0.10115651171233,0.0798482452772758
28703,8,"undefined",1990,0,3.2306052162312e-05,0,0,0,0,0,0,1,0,7961.81129550934,5.11977434158325,60.8969459533691,5.75141859054565,73.8411331176758,25.6123371124268,-0.297864973545074,-0.641584396362305,-0.903787076473236,0.262200832366943,-0.989729881286621,1.63131213188171,14.8978710174561,31.041145324707,14.4355773925781,0.24669520548127,0.0283867346765179
28703,8,"undefined",2000,1,4.45045225205831e-05,0,0,0,0,0,0,1,0,12442.8719975054,1.49174988269806,69.3375625610352,15.0745944976807,74.4971084594727,27.3125,-0.442632138729095,4.28152942657471,-0.0784402415156364,4.35996913909912,-0.797634959220886,-3.48389363288879,7.43865966796875,14.7516384124756,7.06890678405762,0.0486849448997922,0.323405517373525
28704,56,"undefined",1990,0,0.000132468703668565,0,0,0,0,0,0,1,0,32646.8474480808,8.65437602996826,59.4945487976074,4.99775314331055,65.2141952514648,29.126766204834,-0.198373198509216,2.71830558776855,0.145876407623291,2.57242918014526,-0.736069679260254,-1.98223733901978,11.5911483764648,12.6395702362061,11.1713886260986,0.402676693678761,0.0818217093527412
28704,56,"undefined",2000,1,0.000121095035865437,0,0,0,0,0,0,1,0,33856.5597981587,7.51491689682007,64.8227691650391,5.76205921173096,69.1012420654297,28.959358215332,-0.602893948554993,4.6491961479187,0.307338565587997,4.34185791015625,-1.51376020908356,-3.13543200492859,10.785852432251,38.959774017334,9.37904644012451,0.805479755458757,1.0771941295971
28800,8,"undefined",1990,0,0.00136673671659082,0,0,0,0,0,0,1,0,336831.600848436,25.7121181488037,58.4004745483398,5.05852365493774,66.2435913085938,29.1887874603271,0.0272761285305023,2.04826593399048,-1.80860757827759,3.85687351226807,-0.805136203765869,-1.24312937259674,19.5149421691895,17.4169063568115,21.509313583374,1.90682081416417,1.36682961826379
28800,8,"undefined",2000,1,0.00162752787582576,0,0,0,0,0,0,1,0,455035.126604348,17.7563152313232,63.267578125,8.54514026641846,68.5952301025391,29.0108680725098,-0.108463913202286,-1.20994019508362,-4.43644285202026,3.22650146484375,1.02228355407715,0.187654584646225,4.08308839797974,18.4096603393555,4.36128902435303,1.83312137722441,5.93345905438584
28900,8,"Denver CO",1990,0,0.00758992088958621,0,0,0,0,0,0,1,0,1870532.35204196,15.2159929275513,62.0096321105957,6.88194561004639,71.1860275268555,33.701587677002,0.709420919418335,-0.5332350730896,-2.63041996955872,2.09718346595764,-1.05762374401093,1.59085845947266,18.020486831665,18.5741424560547,18.5719013214111,1.22755569171622,0.975553132568567
28900,8,"Denver CO",2000,1,0.00875248853117228,0,0,0,0,0,0,1,0,2447079.16774026,9.89022731781006,64.4082641601562,14.0746831893921,70.6896896362305,31.9111557006836,0.610500454902649,-0.998454451560974,-1.97509849071503,0.976639151573181,1.48214340209961,-0.483687460422516,0.694615483283997,11.1019954681396,0.189440593123436,1.75039675735993,2.22742842451233
29001,20,"undefined",1990,0,7.78800895204768e-05,0,0,1,0,0,0,0,0,19193.5105711818,4.53782272338867,47.2832832336426,1.35676801204681,64.8005523681641,25.5620441436768,-0.976278126239777,-1.38188004493713,0.329211354255676,-1.71108841896057,0.922101378440857,0.459779798984528,10.3121280670166,12.4036312103271,9.5679759979248,0.155164657760673,0.05043621882338
29001,20,"undefined",2000,1,6.54149625916034e-05,0,0,1,0,0,0,0,0,18289.1520529687,6.68262243270874,54.4902877807617,2.98213648796082,67.8799591064453,28.1590976715088,-0.974966168403625,5.59696960449219,1.72077977657318,3.87619209289551,-1.63943207263947,-3.95754194259644,3.22825574874878,-3.85563707351685,4.83839845657349,0.243613940117484,0.282588480554356
29002,20,"undefined",1990,0,9.62048125074944e-06,0,0,1,0,0,0,0,0,2370.96294424683,12.0153522491455,47.2832832336426,1.35676801204681,64.8005523681641,25.5620441436768,-0.976278126239777,-1.38188004493713,0.329211354255676,-1.71109437942505,0.922101378440857,0.459779798984528,10.3121280670166,12.4036312103271,9.5679759979248,0.124280478170091,0.118182810722184
29002,20,"undefined",2000,1,7.00874579706579e-06,0,0,1,0,0,0,0,0,1959.55200409144,17.1416854858398,54.4902877807617,2.98213648796082,67.8799591064453,28.1590976715088,-0.974966168403625,5.59697818756104,1.7207807302475,3.87620067596436,-1.63943207263947,-3.95754194259644,3.22825574874878,-3.85563707351685,4.83839845657349,1.41124481599377,1.21686543537164
29003,20,"undefined",1990,0,0.000151423009810969,0,0,1,0,0,0,0,0,37318.1285114288,25.3095359802246,45.0311584472656,10.4959468841553,65.549674987793,26.8817157745361,-0.358122408390045,-5.73496246337891,2.38596653938293,-8.12092971801758,1.08222222328186,4.65274143218994,8.89806747436523,6.94980621337891,8.94021987915039,0.096148340278243,0.101524875432612
29003,20,"undefined",2000,1,0.000154321474838071,0,0,1,0,0,0,0,0,43146.2317984104,35.1668319702148,42.7750129699707,24.0752391815186,63.790225982666,29.2207183837891,-0.47118216753006,9.08396053314209,-2.10635042190552,11.1903123855591,-1.16125547885895,-7.92270469665527,4.65052461624146,-1.57696866989136,6.57449436187744,0.815425304084475,0.8760156169852
29004,20,"undefined",1990,0,0.000203404473722912,0,0,1,0,0,0,0,0,50128.9335069656,18.3136348724365,47.2832832336426,1.35676801204681,64.8005523681641,25.5620441436768,-0.976278126239777,-1.38188004493713,0.329211354255676,-1.71108841896057,0.922101378440857,0.459779798984528,10.3121280670166,12.4036312103271,9.5679759979248,1.35369158927144,0.432242044532729
29004,20,"undefined",2000,1,0.000169767401530407,0,0,1,0,0,0,0,0,47464.7042102814,14.0434856414795,54.4902877807617,2.98213648796082,67.8799591064453,28.1590976715088,-0.974966168403625,5.59697818756104,1.72077977657318,3.87619209289551,-1.63943207263947,-3.95754194259644,3.22825574874878,-3.85563707351685,4.83839845657349,1.98035260582515,2.18318719214779
29005,20,"undefined",1990,0,0.000323229818604887,0,0,1,0,0,0,0,0,79659.8360038996,24.0970764160156,50.1975555419922,2.49777674674988,68.9476165771484,30.6761302947998,-0.368988811969757,-0.463342666625977,-0.469653308391571,0.00631809234619141,0.329334676265717,0.134001672267914,7.60469436645508,12.0275974273682,6.16660118103027,0.256392941768209,0.310386171777939
29005,20,"undefined",2000,1,0.000297372287604958,0,0,1,0,0,0,0,0,83141.3360400945,20.9264984130859,56.7438850402832,2.40441608428955,71.0651245117188,32.1245193481445,-0.356820672750473,2.76089572906494,-3.50220727920532,6.26309442520142,-1.82048416137695,-0.940403819084167,-0.548090279102325,4.13356494903564,0.941480875015259,1.2793132214886,0.90978135172921
29006,20,"undefined",1990,0,0.000151151049067266,0,0,1,0,0,0,0,0,37251.104090929,6.20236158370972,49.8807334899902,0.934238851070404,68.7702941894531,21.705883026123,-1.10854399204254,2.0438015460968,0.428907930850983,1.61489248275757,0.859740197658539,-2.90354037284851,10.5040550231934,8.03570747375488,10.6279850006104,0.712220319871082,0.255714567510388
29006,20,"undefined",2000,1,0.000136703281896189,0,0,1,0,0,0,0,0,38220.4195559025,9.82029724121094,58.475040435791,1.91202688217163,73.5297012329102,24.3827648162842,-1.18594789505005,3.36337947845459,1.20245826244354,2.16092371940613,-0.486670583486557,-2.87670969963074,5.9281759262085,-6.51209735870361,6.55174255371094,1.81387639558025,0.198072464258269
29007,20,"undefined",1990,0,3.86465762858279e-05,0,0,1,0,0,0,0,0,9524.42999845743,9.90047645568848,49.8807334899902,0.934238851070404,68.7702941894531,21.705883026123,-1.10854399204254,2.0438015460968,0.428907930850983,1.61489248275757,0.859740197658539,-2.90353894233704,10.5040550231934,8.03570747375488,10.6279850006104,0.0199119627634935,0.00478212233594554
29007,20,"undefined",2000,1,3.09516872221138e-05,0,0,1,0,0,0,0,0,8653.68001160026,19.6778163909912,58.475040435791,1.91202688217163,73.5297012329102,24.3827648162842,-1.18594789505005,3.36337947845459,1.20245826244354,2.16092371940613,-0.486670583486557,-2.87671184539795,5.9281759262085,-6.51209735870361,6.55174255371094,1.70473311411261,0.0384085640973605
29008,20,"undefined",1990,0,2.56083021668019e-05,0,0,1,0,0,0,0,0,6311.15395589173,1.8225781917572,45.0311584472656,10.4959468841553,65.549674987793,26.8817157745361,-0.358122438192368,-5.73496246337891,2.38596653938293,-8.12092971801758,1.08222222328186,4.65273857116699,8.89806747436523,6.94980621337891,8.94021987915039,0.00435907057326151,0.00782429776787947
29008,20,"undefined",2000,1,2.02758146770066e-05,0,0,1,0,0,0,0,0,5668.84800761938,3.66804313659668,42.7750129699707,24.0752391815186,63.790225982666,29.2207183837891,-0.47118216753006,9.08396053314209,-2.10635042190552,11.1903123855591,-1.16125547885895,-7.92270088195801,4.65052461624146,-1.57696866989136,6.57449436187744,0.0519232356608817,0.0210512164236271
29101,20,"undefined",1990,0,8.91451345523819e-05,0,0,1,0,0,0,0,0,21969.7749593258,18.1490230560303,47.2197113037109,2.27604675292969,71.9719696044922,26.890251159668,-0.696585893630981,-0.382125377655029,-1.06942510604858,0.687301158905029,-0.173399776220322,0.555522739887238,15.3246879577637,13.4511470794678,16.0760402679443,2.33883647528984,0.499510361350845
29101,20,"undefined",2000,1,7.01264289091341e-05,0,0,1,0,0,0,0,0,19606.4164133072,15.994776725769,53.109317779541,2.85840225219727,74.928596496582,26.6420192718506,-0.887619376182556,5.46242523193359,1.96785593032837,3.49456930160522,0.0906717032194138,-5.55309867858887,1.01464140415192,5.34718370437622,-0.651427686214447,0.860402105936536,3.14320561802165
29102,31,"undefined",1990,0,5.04800882481504e-05,0,0,1,0,0,0,0,0,12440.7936926484,15.32483959198,47.9820556640625,1.32777535915375,71.6400375366211,26.3551120758057,-0.59886908531189,0.913947820663452,2.02132987976074,-1.10738277435303,0.179312378168106,-1.09326100349426,17.5433158874512,13.5741233825684,18.0169582366943,0.295402388805562,0.152060895551042
29102,31,"undefined",2000,1,3.9918530092109e-05,0,0,1,0,0,0,0,0,11160.6899285093,15.9575548171997,57.5800476074219,3.52753949165344,74.8558578491211,27.0595779418945,-0.726274013519287,0.337064266204834,-0.989096522331238,1.32616078853607,0.199573367834091,-0.536637663841248,3.21926403045654,5.34357357025146,3.08997297286987,0.989919041854859,0.428648838892384
29103,20,"undefined",1990,0,4.9191319703823e-05,0,0,1,0,0,0,0,0,12123.1771528274,20.0244197845459,48.2968711853027,1.73289442062378,70.6898040771484,24.7937850952148,-0.863174259662628,0.606453418731689,-0.402061641216278,1.00851058959961,0.241028338670731,-0.847481191158295,13.5159492492676,12.1421813964844,13.879919052124,0.229663984213302,0.156299003078604
29103,20,"undefined",2000,1,4.00632379751187e-05,0,0,1,0,0,0,0,0,11201.1480029821,17.6561603546143,55.2295608520508,2.48444557189941,74.3712539672852,25.7510871887207,-1.00526428222656,4.71091270446777,1.94130301475525,2.76961493492126,-0.139691203832626,-4.57122087478638,3.08493208885193,3.44691944122314,2.36150193214417,0.763694878009257,0.573221070842444
29104,20,"undefined",1990,0,0.000240069915889762,0,0,1,0,0,0,0,0,59165.1143288612,22.8367786407471,47.2197113037109,2.27604675292969,71.9719696044922,26.890251159668,-0.696585893630981,-0.382125377655029,-1.06942510604858,0.687301158905029,-0.173399776220322,0.555522739887238,15.3246879577637,13.4511470794678,16.0760402679443,0.701686858365195,0.466100931217878
29104,20,"undefined",2000,1,0.000221946538658813,0,0,1,0,0,0,0,0,62053.2961478233,22.8183059692383,53.109317779541,2.85840225219727,74.928596496582,26.6420192718506,-0.887619376182556,5.46242523193359,1.96785593032837,3.49456930160522,0.0906717032194138,-5.55309867858887,1.01464140415192,5.34718370437622,-0.651427686214447,4.16099051183735,1.89893582593195
29201,20,"undefined",1990,0,8.73695826157928e-05,0,0,1,0,0,0,0,0,21532.192094326,25.2832622528076,44.8003120422363,2.89537119865417,62.1569442749023,27.1098041534424,-0.712450265884399,5.98292350769043,0.190061330795288,5.79286193847656,-1.43061470985413,-4.55230903625488,10.4617595672607,24.2865562438965,13.9552116394043,1.20987143781837,0.327147672569576
29201,20,"undefined",2000,1,7.56943700253032e-05,0,0,1,0,0,0,0,0,21163.1378744543,17.8831386566162,50.2782363891602,2.92411494255066,70.0664901733398,27.9537258148193,-0.627805471420288,0.704475820064545,0.160308822989464,0.544164836406708,1.35765385627747,-2.06213116645813,5.65467548370361,-7.15405559539795,6.92088222503662,0.877676768679692,1.89148570177821
29202,20,"undefined",1990,0,7.69671096350066e-05,0,0,1,0,0,0,0,0,18968.5066278875,21.5063953399658,53.5211334228516,5.9338583946228,64.4944915771484,27.3389987945557,-0.819444954395294,7.86268711090088,0.919874787330627,6.94280862808228,-0.382733345031738,-7.47995376586914,15.4475688934326,14.1057014465332,15.5547142028809,0.715176986795301,0.0249886615106713
29202,20,"undefined",2000,1,6.20513965259306e-05,0,0,1,0,0,0,0,0,17348.7441785783,19.3410701751709,59.1164665222168,5.40833950042725,71.4363555908203,27.5608329772949,-0.94639253616333,0.629944443702698,0.5428067445755,0.0871334746479988,-1.03689324855804,0.406954944133759,8.83851718902588,9.93258571624756,4.09861993789673,-0.553351893131041,0.332852898237553
29203,20,"undefined",1990,0,0.000606053101364523,0,0,1,0,0,0,0,0,149361.500535786,9.70036506652832,55.1424865722656,6.99807691574097,61.4127044677734,28.1008625030518,-0.805298149585724,9.09543609619141,0.24322122335434,8.85220718383789,-0.267784297466278,-8.82764720916748,12.6785755157471,4.31661605834961,13.6866092681885,0.140329515715697,0.271279995289244
29203,20,"undefined",2000,1,0.000513384991791099,0,0,1,0,0,0,0,0,143535.616011143,11.5674657821655,62.2084083557129,6.72082138061523,69.5847396850586,28.1027526855469,-0.981056988239288,-1.84975361824036,-0.188121303915977,-1.66162419319153,-1.61605584621429,3.4658055305481,12.9828453063965,13.8580455780029,6.81209564208984,0.584517209042165,0.749492124790712
29204,20,"undefined",1990,0,0.00117543234955519,0,0,1,0,0,0,0,0,289684.728340954,15.4760723114014,53.3723068237305,2.84219193458557,69.1438293457031,32.9155654907227,0.0410617887973785,1.40423178672791,-0.687739253044128,2.09197402000427,-0.418978571891785,-0.985255837440491,10.3321552276611,10.3916168212891,10.5587482452393,0.50947470489652,0.221748895935126
29204,20,"undefined",2000,1,0.00115262123290449,0,0,1,0,0,0,0,0,322257.562123656,12.4907388687134,59.8029556274414,4.56565237045288,71.9219665527344,31.3877735137939,-0.175697207450867,-0.31965970993042,-0.802795767784119,0.483129680156708,2.14940309524536,-1.82974135875702,1.42696928977966,-3.91490125656128,2.33398175239563,2.48636553237687,1.75823288503422
29301,20,"undefined",1990,0,0.00200230744667351,0,0,1,0,0,0,0,0,493467.70127821,30.2969989776611,51.3960723876953,4.67429065704346,67.2775650024414,32.9858131408691,0.127078220248222,-0.703251361846924,-1.59529745578766,0.892043113708496,-0.251798331737518,0.955048203468323,10.4827404022217,12.4973297119141,10.5713367462158,0.941751751243168,0.290145715727445
29301,20,"undefined",2000,1,0.00197145366109908,0,0,1,0,0,0,0,0,551192.200322032,26.4157600402832,56.0196151733398,8.66254806518555,68.2265396118164,32.0040245056152,-0.340808272361755,1.39980661869049,-0.688821077346802,2.08862328529358,1.36476969718933,-2.7645697593689,0.101838797330856,3.94473743438721,-0.608444213867188,1.16017376980019,1.44280187585122
29302,20,"undefined",1990,0,0.000288973416900262,0,0,1,0,0,0,0,0,71217.3593371212,26.8341445922852,49.7061614990234,2.52692270278931,68.3956298828125,30.918773651123,-0.34382089972496,-0.266748666763306,1.46238803863525,-1.72913074493408,-0.119202211499214,0.385946035385132,16.1437511444092,20.9016799926758,13.6915683746338,0.746361909380558,0.256993955097148
29302,20,"undefined",2000,1,0.00027576313004829,0,0,1,0,0,0,0,0,77099.6984364688,26.2880764007568,55.4889221191406,3.37095141410828,70.659049987793,31.2970581054688,-0.503902554512024,0.937649130821228,-1.52975106239319,2.46739387512207,0.208739191293716,-1.14638257026672,3.32389545440674,7.27122211456299,3.3078875541687,1.3736888744547,1.15144527903729
29303,20,"undefined",1990,0,0.000213476261706091,0,0,1,0,0,0,0,0,52611.1205014586,30.4749069213867,45.6309700012207,1.42296898365021,62.7323989868164,27.4937152862549,-0.670935213565826,1.41863226890564,-0.618116557598114,2.0367443561554,-0.0697407871484756,-1.34888744354248,6.59074783325195,3.61437797546387,8.24575424194336,0.92306836550082,0.48442915574553
29303,20,"undefined",2000,1,0.000184643708053045,0,0,1,0,0,0,0,0,51623.9229462147,22.3762283325195,52.1924324035645,2.72819995880127,67.8108520507812,28.1653079986572,-0.766173481941223,1.75814962387085,1.53445768356323,0.223696231842041,-0.927564799785614,-0.830588579177856,4.40311431884766,-0.275135040283203,5.59677410125732,1.1805825623888,1.55971968621053
29401,20,"undefined",1990,0,0.000197496730834246,0,0,1,0,0,0,0,0,48672.9733146429,26.8538417816162,53.8777465820312,3.26180076599121,62.6569938659668,28.4015216827393,-0.455452352762222,4.45976829528809,0.969719886779785,3.4900426864624,-0.298320889472961,-4.16144561767578,7.59224891662598,-0.0244617462158203,9.83457565307617,0.926973496493378,0.974966631030819
29401,20,"undefined",2000,1,0.000184336007805541,0,0,1,0,0,0,0,0,51537.8950638771,26.0723495483398,51.2007217407227,3.78347492218018,69.5571517944336,28.6614418029785,-0.693178176879883,1.30139076709747,0.96616792678833,0.335225045681,0.231376171112061,-1.53276324272156,0.235216945409775,-6.58661937713623,2.32941770553589,4.12921584850823,2.64946860977467
29402,20,"undefined",1990,0,0.000188190068001859,0,0,1,0,0,0,0,0,46379.353266418,36.3427543640137,46.3432502746582,2.57049131393433,67.1432418823242,30.440408706665,-0.366181492805481,1.44720077514648,-2.08075952529907,3.52795720100403,0.0109739601612091,-1.4581710100174,8.19878578186035,-9.48276519775391,15.0740146636963,0.225041331734748,0.0955783496434037
29402,20,"undefined",2000,1,0.000175003267941065,0,0,1,0,0,0,0,0,48928.5832252502,31.6313514709473,49.754264831543,5.32265949249268,72.1542739868164,29.3666114807129,-0.58942711353302,0.568415462970734,0.19972237944603,0.368697315454483,1.90882587432861,-2.47724771499634,-5.51455354690552,-18.0660648345947,-2.08520889282227,14.7518952158962,15.2587658579554
29403,20,"undefined",1990,0,0.000600943167228252,0,0,1,0,0,0,0,0,148102.149494082,30.7793922424316,45.1650772094727,1.40256726741791,60.4657096862793,30.6485004425049,-0.342883318662643,1.56528949737549,0.559133291244507,1.00615620613098,-1.22708642482758,-0.338205695152283,3.70950698852539,5.6668758392334,2.73995399475098,1.12248968309308,1.0913384075607
29403,20,"undefined",2000,1,0.000524597242474556,0,0,1,0,0,0,0,0,146670.401108027,27.1044788360596,48.0814208984375,2.26291966438293,64.9759826660156,28.8066024780273,-0.739530026912689,1.80474352836609,-2.41080784797668,4.2155556678772,0.525398433208466,-2.33014345169067,-0.183514192700386,1.39658796787262,0.743321001529694,2.36710095405345,2.86375128734358
29501,20,"undefined",1990,0,0.000329125177813694,0,0,1,0,0,0,0,0,81112.742110014,20.4262771606445,44.8003120422363,2.8953709602356,62.1569442749023,27.1098041534424,-0.712450265884399,5.98292350769043,0.190061330795288,5.79286193847656,-1.43061470985413,-4.55230903625488,10.4617595672607,24.2865562438965,13.9552116394043,0.410911826593813,0.585459059117415
29501,20,"undefined",2000,1,0.000303295935736969,0,0,1,0,0,0,0,0,84797.5037046671,16.304780960083,50.2782363891602,2.92411494255066,70.0664901733398,27.9537258148193,-0.627805471420288,0.704475820064545,0.160308822989464,0.544164836406708,1.35765385627747,-2.06213116645813,5.65467548370361,-7.15405559539795,6.92088222503662,3.34234659871365,1.43051143740144
29502,29,"Kansas City MO",1990,0,0.00634526321664453,0,0,1,0,0,0,0,0,1563787.09881857,16.2627754211426,52.6258239746094,3.21940445899963,70.0938949584961,34.650562286377,0.429427623748779,-0.429552793502808,-2.1196186542511,1.69007182121277,-0.808324694633484,1.23787379264832,14.3424987792969,10.3373050689697,15.5735969543457,0.508465671366912,0.775863999627176
29502,29,"Kansas City MO",2000,1,0.00631899060681462,0,0,1,0,0,0,0,0,1766705.6875782,12.4106645584106,59.074275970459,6.69559240341187,70.6833419799805,33.5796051025391,0.320091098546982,-0.259356826543808,-2.09926271438599,1.83990168571472,1.689129114151,-1.42976856231689,3.68363523483276,7.76706409454346,3.62171459197998,1.13303672837823,1.13229427603386
29503,29,"undefined",1990,0,0.000594413839280605,0,0,1,0,0,0,0,0,146493.002454191,24.9849395751953,39.2908935546875,1.16711366176605,63.6125144958496,28.49440574646,-0.440198481082916,3.75012159347534,-0.966730713844299,4.7168493270874,-1.87584793567657,-1.87427401542664,13.29345703125,13.7559413909912,14.2645359039307,1.79834411668194,0.608184572573607
29503,29,"undefined",2000,1,0.000560079235583544,0,0,1,0,0,0,0,0,156590.704109401,18.6163520812988,49.5614967346191,2.06906723976135,68.578987121582,31.4927158355713,-0.523306727409363,-0.995295405387878,-0.288614213466644,-0.706681191921234,2.3561065196991,-1.36080384254456,5.64445781707764,0.896930694580078,7.2091646194458,2.32650151393476,2.66824508234625
29504,29,"undefined",1990,0,0.000312762800604105,0,0,1,0,0,0,0,0,77080.2434535027,25.0491046905518,36.484302520752,1.52841258049011,59.5455055236816,27.4557228088379,-0.772488057613373,2.97492146492004,0.699091672897339,2.27582454681396,-1.55906116962433,-1.41586065292358,13.7174606323242,17.3195838928223,12.4777317047119,2.752289987081,1.89308334553869
29504,29,"undefined",2000,1,0.000320535385981202,0,0,1,0,0,0,0,0,89617.4290052652,30.6050128936768,42.3907470703125,2.64009785652161,64.5783843994141,28.1162738800049,-0.978168964385986,-2.91657447814941,-3.505774974823,0.589200437068939,2.04696774482727,0.86961042881012,3.53411245346069,0.71314400434494,5.51489400863647,6.29115976219704,5.55731457207106
29505,29,"undefined",1990,0,0.000142027172842063,0,0,1,0,0,0,0,0,35002.5274214745,22.1450672149658,38.1618347167969,0.553852617740631,62.0898056030273,26.0029697418213,-0.673657059669495,3.11771035194397,1.00118744373322,2.11652517318726,-0.991374611854553,-2.12633609771729,14.3166065216064,14.3003463745117,14.5525455474854,1.06235002372151,0.763090689880883
29505,29,"undefined",2000,1,0.000119335381896235,0,0,1,0,0,0,0,0,33364.583983779,22.8870677947998,45.3856506347656,1.21289646625519,67.4459838867188,26.7911586761475,-0.987689018249512,-0.375092029571533,-1.65061116218567,1.2755138874054,1.46579897403717,-1.09069895744324,3.70945262908936,-4.92402505874634,6.49356842041016,3.33509989288432,2.72715352465804
29506,29,"undefined",1990,0,7.1417074650526e-05,0,0,1,0,0,0,0,0,17600.7037277222,14.696569442749,38.1618347167969,0.553852617740631,62.0898056030273,26.0029697418213,-0.673657059669495,3.11771035194397,1.00118744373322,2.11652517318726,-0.991374611854553,-2.12633609771729,14.3166065216064,14.3003463745117,14.5525455474854,0.793877891864033,2.45861738546349
29506,29,"undefined",2000,1,6.41089718556032e-05,0,0,1,0,0,0,0,0,17924.0156760812,10.3795404434204,45.3856506347656,1.21289646625519,67.4459838867188,26.7911586761475,-0.987688958644867,-0.375092029571533,-1.65061116218567,1.2755138874054,1.46579897403717,-1.09069895744324,3.70945262908936,-4.92402505874634,6.49356842041016,2.17709938978625,1.0997373329384
29601,29,"undefined",1990,0,0.00104794045910239,0,0,1,0,0,0,0,0,258264.420920372,15.07155418396,52.7355003356934,3.50019669532776,70.8738708496094,31.8599758148193,-0.293379127979279,1.07793211936951,-0.570639967918396,1.64857506752014,-0.175120308995247,-0.90281218290329,14.4402503967285,16.5426731109619,14.0511035919189,2.11949198952114,0.858078684088158
29601,29,"undefined",2000,1,0.00107005739118904,0,0,1,0,0,0,0,0,299173.815713406,13.8973693847656,59.1081962585449,4.54295873641968,72.2896041870117,31.5088844299316,-0.380931198596954,-2.59829425811768,-2.29123878479004,-0.307066112756729,0.695847511291504,1.90245044231415,3.03718018531799,6.85657787322998,2.46231889724731,1.49399556903868,2.28654202452359
29602,29,"undefined",1990,0,0.000256475555943325,0,0,1,0,0,0,0,0,63208.2793124914,19.7334594726562,33.0315093994141,3.35863614082336,57.836784362793,28.3919429779053,-0.449465274810791,4.32251691818237,-0.380553305149078,4.70307445526123,-1.54575073719025,-2.77676868438721,16.1877155303955,16.9971942901611,16.8984413146973,1.89070852880217,1.42677449863838
29602,29,"undefined",2000,1,0.000285941088804975,0,0,1,0,0,0,0,0,79945.3197796345,15.2768287658691,42.4057197570801,3.89369797706604,60.6990280151367,29.487434387207,-0.849514544010162,0.824298143386841,-2.61500597000122,3.43929862976074,1.2210932970047,-2.04538869857788,-1.79120469093323,-7.96052360534668,0.665528416633606,2.24802537784345,4.17132873527007
29700,29,"undefined",1990,0,0.00146469485480338,0,0,1,0,0,0,0,0,360973.346731618,24.5829906463623,43.3995208740234,2.07563304901123,63.0276489257812,30.2925624847412,-0.300726592540741,2.31796503067017,-2.33288478851318,4.65084934234619,-0.416603326797485,-1.90136432647705,16.7731761932373,16.3706302642822,17.2615051269531,4.33328204024255,1.79554220136851
29700,29,"undefined",2000,1,0.00158666144125164,0,0,1,0,0,0,0,0,443609.422829211,18.6614265441895,51.5490112304688,2.62317538261414,66.0064086914062,30.6067237854004,-0.445010602474213,-0.0462446883320808,-3.70924806594849,3.66300344467163,0.185543403029442,-0.139296054840088,3.75795364379883,12.7999439239502,2.95761656761169,2.13612935606797,5.20420388854433
29800,29,"undefined",1990,0,0.000417605537222698,0,0,1,0,0,0,0,0,102918.680907965,30.9841251373291,31.7588653564453,1.07172167301178,60.4374694824219,28.4121150970459,-0.387512922286987,-0.243902206420898,-2.81328415870667,2.56938338279724,0.809102118015289,-0.565201044082642,11.4139556884766,13.6036396026611,11.2401485443115,5.41797798124557,2.52988235224687
29800,29,"undefined",2000,1,0.000487296318169683,0,0,1,0,0,0,0,0,136241.567643642,21.2337970733643,39.1467170715332,4.09278011322021,62.7086296081543,29.3018436431885,-0.272157669067383,0.0286187455058098,-3.24933338165283,3.27794885635376,-1.24522936344147,1.21661174297333,7.09567737579346,3.64705514907837,8.5201940536499,5.87504140043628,5.45070723547608
29901,29,"undefined",1990,0,0.00095931498799473,0,0,1,0,0,0,0,0,236422.71945864,30.329719543457,43.2487297058105,1.44991135597229,61.841178894043,31.2442951202393,-0.140344724059105,0.930213928222656,-1.35862231254578,2.28883028030396,-0.209857895970345,-0.720351934432983,8.07523727416992,8.62565040588379,8.39195251464844,2.26526082775251,1.57071470823572
29901,29,"undefined",2000,1,0.000948507396969944,0,0,1,0,0,0,0,0,265190.044892371,24.357873916626,46.8983459472656,3.0019850730896,65.7428665161133,28.8230514526367,-0.755866706371307,-1.09067988395691,-3.94371557235718,2.8530445098877,1.17509126663208,-0.084415078163147,0.637803733348846,6.16659450531006,0.372954785823822,5.06830673527671,4.61422633396114
29902,29,"undefined",1990,0,0.000201647708308883,0,0,1,0,0,0,0,0,49695.9793958217,33.0140151977539,29.2901306152344,0.936180472373962,58.7371406555176,25.1675720214844,-0.831465184688568,1.8025815486908,-0.4437655210495,2.24635004997253,-1.57180833816528,-0.23077130317688,11.5197658538818,15.2263164520264,10.4599952697754,2.03635324285605,1.67778366779215
29902,29,"undefined",2000,1,0.000197771514649503,0,0,1,0,0,0,0,0,55294.2817147374,29.4668636322021,37.1172256469727,2.04892563819885,62.8383445739746,28.2834281921387,-0.79876983165741,-2.02910399436951,-4.27289724349976,2.24379992485046,2.33396577835083,-0.30486923456192,2.86306643486023,1.75830292701721,4.3025016784668,6.3653339794126,4.20983228066212
30000,5,"undefined",1990,0,0.000479393231216818,0,0,0,0,0,1,0,0,118146.23301959,39.7056922912598,34.275089263916,2.10326457023621,58.0399513244629,28.6849250793457,-0.201572805643082,-0.67448616027832,-1.72424459457397,1.04975402355194,0.0507216900587082,0.623771548271179,10.1256370544434,7.0319652557373,11.9128704071045,3.63766861232767,2.47218873533004
30000,5,"undefined",2000,1,0.000491471553687006,0,0,0,0,0,1,0,0,137408.896085978,33.4215698242188,38.4341049194336,4.67532777786255,57.9356498718262,26.303035736084,-0.89577442407608,-1.18373119831085,-3.03248858451843,1.84876155853271,-0.0719417408108711,1.25566971302032,1.78752636909485,0.217505872249603,2.95604968070984,5.96360458252505,4.38970615512489
30100,5,"undefined",1990,0,0.0011760228080675,0,0,0,0,0,1,0,0,289830.26001513,33.3088798522949,35.5276336669922,2.18572735786438,56.2329940795898,29.8555431365967,-0.54420793056488,1.1457085609436,-1.41898691654205,2.56469535827637,-0.942076742649078,-0.203633308410645,12.076997756958,10.1265430450439,13.2791519165039,1.52946368613224,1.2354235593729
30100,5,"undefined",2000,1,0.00119901273865253,0,0,0,0,0,1,0,0,335228.016401708,27.8477191925049,41.5630798339844,5.35628080368042,60.0746879577637,30.3159942626953,-0.753821849822998,0.209101617336273,-3.18391394615173,3.39301156997681,-0.369894176721573,0.160796299576759,6.40351390838623,9.71732807159424,6.27878761291504,3.26613402854723,3.98999064808531
30200,40,"undefined",1990,0,0.000550166238099337,0,0,0,0,0,1,0,0,135588.203507662,22.6794681549072,38.7306900024414,1.19978201389313,56.278938293457,27.3811702728271,-0.736564993858337,-2.08174586296082,-1.93765091896057,-0.144094228744507,-0.0574797391891479,2.13922548294067,5.29427528381348,2.7653694152832,6.69026374816895,1.01638841399358,0.940115263939819
30200,40,"undefined",2000,1,0.000552445533685386,0,0,0,0,0,1,0,0,154456.419896603,20.4509181976318,41.9842567443848,2.04685807228088,55.2352714538574,29.8469753265381,-0.836756527423859,-2.45581364631653,-0.691181838512421,-1.76462960243225,-0.449388712644577,2.90520286560059,2.55230498313904,6.52483558654785,2.02369689941406,2.24967241016413,2.18412363442591
30300,5,"undefined",1990,0,0.00108324398752302,0,0,0,0,0,1,0,0,266964.963281989,30.6633262634277,42.5613632202148,2.33980751037598,63.5777778625488,30.1027812957764,-0.261567980051041,-1.155024766922,-2.67376613616943,1.51873826980591,1.50443089008331,-0.34940242767334,17.7587032318115,16.7593479156494,18.4374809265137,1.22492013187632,1.54998206112005
30300,5,"undefined",2000,1,0.00136836781166494,0,0,0,0,0,1,0,0,382577.433981568,26.6186027526855,48.452766418457,8.42853355407715,64.2354125976562,30.8162059783936,-0.216697454452515,1.02889537811279,-4.8260817527771,5.85498142242432,-0.882710218429565,-0.146193161606789,8.92441654205322,10.1346969604492,9.36031341552734,2.20622355945591,2.42329816727963
30401,40,"undefined",1990,0,0.000293548073386773,0,0,0,0,0,1,0,0,72344.7786817253,20.8212814331055,45.5219268798828,2.89928364753723,56.9256477355957,28.7375965118408,-0.547262489795685,2.75433659553528,-0.177878886461258,2.932208776474,-1.23110342025757,-1.52323246002197,10.1315498352051,12.6456737518311,9.58085060119629,1.49347235873861,0.172728452414543
30401,40,"undefined",2000,1,0.000285832385998219,0,0,0,0,0,1,0,0,79914.9338172078,20.3708934783936,48.3749809265137,3.39063000679016,60.3193359375,28.5932273864746,-0.675061345100403,1.13768231868744,-0.99217677116394,2.12986135482788,-0.5989910364151,-0.538689732551575,4.48008966445923,15.0465278625488,2.95325684547424,6.37206424213965,2.5793941532026
30402,40,"undefined",1990,0,0.00332597899250686,0,0,0,0,0,1,0,0,819685.933766901,19.4130764007568,49.9365348815918,2.94279837608337,62.5122146606445,33.5269737243652,0.214112550020218,0.943523645401001,-2.08459186553955,3.0281126499176,-0.98097175359726,0.0374510884284973,9.13128852844238,9.56454277038574,9.66358184814453,0.617526499396813,0.628568702564076
30402,40,"undefined",2000,1,0.00328421266749501,0,0,0,0,0,1,0,0,918222.120979905,16.7831707000732,53.7268295288086,5.86991548538208,64.7385330200195,32.8172225952148,-0.0446689128875732,0.730974316596985,-0.236515492200851,0.967494130134583,0.432996362447739,-1.1639701128006,2.50073838233948,3.27525806427002,2.55652832984924,1.93836603533433,1.9518922109511
30403,40,"undefined",1990,0,0.000193557076272555,0,0,0,0,0,1,0,0,47702.0480791181,21.7858505249023,40.4926910400391,1.65643787384033,56.2501068115234,27.776912689209,-0.686515867710114,-0.738847255706787,-1.54882442951202,0.809973478317261,-0.395308077335358,1.13416016101837,6.57868385314941,4.60677146911621,7.64741897583008,0.265696183815649,0.593989588976456
30403,40,"undefined",2000,1,0.000187087367521599,0,0,0,0,0,1,0,0,52307.139299348,15.2736978530884,43.4999160766602,2.35531449317932,56.2742881774902,29.4688186645508,-0.800409436225891,-1.62472891807556,-0.706839799880981,-0.917886018753052,-0.459255367517471,2.08397841453552,3.31899118423462,9.66031169891357,2.27907729148865,2.1625847343494,1.49847997635663
30501,40,"undefined",1990,0,0.000112897585495375,0,0,0,0,0,1,0,0,27823.5562188625,8.40886878967285,41.5857162475586,3.03635859489441,58.2953872680664,23.4470539093018,-1.08252251148224,5.03010749816895,0.322257339954376,4.70785522460938,-0.875732660293579,-4.15437507629395,12.7620697021484,5.0447940826416,13.8765335083008,0.127378012986941,2.01567751709727
30501,40,"undefined",2000,1,9.41139805945568e-05,0,0,0,0,0,1,0,0,26313.0160304308,7.98614549636841,45.8673858642578,6.60532093048096,64.0849227905273,25.9835681915283,-1.14318132400513,2.78281307220459,1.05707025527954,1.72574186325073,0.385462164878845,-3.16827845573425,13.1402015686035,0.964096665382385,14.3290920257568,1.46090673876578,0.832471054781355
30502,40,"undefined",1990,0,0.000413151719840243,0,0,0,0,0,1,0,0,101821.046296477,8.92643451690674,43.4500198364258,2.22092008590698,61.0194816589355,26.8279800415039,-0.693400621414185,0.169110298156738,-0.495782494544983,0.664889812469482,-0.272713601589203,0.103610754013062,7.05666542053223,7.6169490814209,6.87379837036133,0.178610347862797,0.179957960616225
30502,40,"undefined",2000,1,0.000359058671165258,0,0,0,0,0,1,0,0,100388.025929213,9.85843276977539,47.152458190918,4.93643140792847,64.0693359375,28.3841247558594,-0.848008930683136,2.60972118377686,-0.956205368041992,3.56592464447021,-0.631347298622131,-1.97837615013123,5.1875114440918,-10.9587392807007,8.75609302520752,0.962804642688455,0.46352801372906
30601,48,"undefined",1990,0,0.00294451205991209,0,0,0,0,0,1,0,0,725673.600031,19.8383312225342,42.0621032714844,30.9979057312012,49.8602561950684,30.8484230041504,0.230883583426476,-0.463753938674927,-1.35875570774078,0.895002484321594,-0.524863958358765,0.988614559173584,10.2065086364746,12.6391410827637,9.29183959960938,2.13531212536181,1.33717632936718
30601,48,"undefined",2000,1,0.00305264838971198,0,0,0,0,0,1,0,0,853479.831963919,15.445631980896,44.8581619262695,34.9392776489258,50.4187164306641,31.0140514373779,-0.131476372480392,7.64977121353149,-2.91295981407166,10.5627307891846,-2.10676145553589,-5.54301071166992,-2.62137818336487,12.0502882003784,-4.16142606735229,3.87370606301738,4.33759595414914
30602,35,"undefined",1990,0,0.000255646795267239,0,0,0,0,0,0,1,0,63004.0323550701,6.15936470031738,42.6921653747559,8.64288330078125,52.2294387817383,27.462833404541,-0.778003811836243,0.793910026550293,0.753070414066315,0.0408411026000977,-1.24583768844604,0.45192539691925,8.31871032714844,3.28588485717773,8.76765251159668,0.942792641110843,0.404128516920138
30602,35,"undefined",2000,1,0.000291065312922001,0,0,0,0,0,0,1,0,81377.9848666787,4.81343650817871,49.5267639160156,14.321099281311,54.2252731323242,28.2306442260742,-0.979089677333832,7.79726648330688,-1.50712156295776,9.30438709259033,-1.02914500236511,-6.76811552047729,0.486918866634369,3.852707862854,-0.781468033790588,3.77704670072023,1.63542524055756
30603,35,"undefined",1990,0,3.93741720472462e-05,0,0,0,0,0,0,1,0,9703.74570316076,1.21230089664459,42.6921653747559,8.64288330078125,52.2294387817383,27.462833404541,-0.778003811836243,-1.69075727462769,-1.2471364736557,-0.4436194896698,-0.313120722770691,2.00387525558472,5.55720329284668,-3.88092994689941,7.00783729553223,0.000229736475366356,0.000453021732672217
30603,35,"undefined",2000,1,4.70846971438732e-05,0,0,0,0,0,0,1,0,13164.2550123334,3.32727146148682,42.7027359008789,11.4377136230469,50.5637245178223,24.7275257110596,-1.02155160903931,7.11765432357788,1.64216363430023,5.47549533843994,-1.2822300195694,-5.83542251586914,-4.91912031173706,-4.95699453353882,-4.87593221664429,0.369711848681423,0.000898939152713345
30604,35,"undefined",1990,0,0.000206571756280027,0,0,0,0,0,0,1,0,50909.5089449883,11.2314538955688,42.6921653747559,8.64288330078125,52.2294387817383,27.462833404541,-0.778003811836243,-1.69075727462769,-1.2471364736557,-0.4436194896698,-0.313120722770691,2.00387525558472,5.55720329284668,-3.88092994689941,7.00783729553223,0.0705247291479931,-0.00555319974940873
30604,35,"undefined",2000,1,0.000219326160731725,0,0,0,0,0,0,1,0,61320.6755318642,6.00952339172363,42.7027359008789,11.4377136230469,50.5637245178223,24.7275257110596,-1.02155160903931,7.11765432357788,1.64216363430023,5.47549533843994,-1.2822300195694,-5.83542251586914,-4.91912031173706,-4.95699453353882,-4.87593221664429,0.313410190031322,0.234062777161483
30605,48,"undefined",1990,0,1.39773856062675e-05,0,0,0,0,0,1,0,0,3444.71989258751,7.09497833251953,30.3340377807617,18.0259971618652,50.1835746765137,22.1631679534912,-0.752137064933777,-2.07087993621826,0.659480333328247,-2.73036360740662,1.07251334190369,0.998368859291077,2.85978317260742,9.20968055725098,2.41994857788086,0.474420752790239,0.179199410809411
30605,48,"undefined",2000,1,1.06933848655899e-05,0,0,0,0,0,1,0,0,2989.72798466682,5.18444633483887,32.9970970153809,21.1895484924316,52.3985786437988,22.2268753051758,-1.11362862586975,7.72846555709839,-0.733613431453705,8.4620885848999,-2.86026978492737,-4.86820077896118,9.81494331359863,32.3835105895996,8.31413269042969,0.522612411317271,1.08289161962677
30701,35,"undefined",1990,0,0.000427548016887158,0,0,0,0,0,0,1,0,105369,17.2525596618652,37.527214050293,7.66871213912964,55.7782096862793,27.1392993927002,-0.457883775234222,-5.06712818145752,-3.15846872329712,-1.90865993499756,1.00330185890198,4.06382656097412,7.6901912689209,6.32705688476562,8.49113464355469,0.23606440072232,0.301863350308951
30701,35,"undefined",2000,1,0.000400527060264722,0,0,0,0,0,0,1,0,111982.036441445,12.643835067749,44.8876037597656,14.2740831375122,52.1952514648438,26.1147022247314,-1.27033829689026,9.70659065246582,-1.31451022624969,11.0211029052734,-1.84184312820435,-7.86474800109863,7.00126361846924,6.48321437835693,7.07469654083252,0.622115142368825,1.37378212255782
30702,35,"undefined",1990,0,2.54453570960322e-05,0,0,0,0,0,0,1,0,6270.99598185718,1.75232648849487,39.8912353515625,8.21279335021973,51.8828735351562,25.2163772583008,-0.811154842376709,-0.369220972061157,-0.739890694618225,0.370663404464722,0.890865564346313,-0.521641969680786,5.56707382202148,-5.46689033508301,6.61826133728027,0.000930925612421005,0.00243075268934313
30702,35,"undefined",2000,1,2.52477620961145e-05,0,0,0,0,0,0,1,0,7058.93801137432,0.872074365615845,48.6591873168945,6.14262294769287,57.4221496582031,29.0480842590332,-0.625069141387939,6.27475166320801,-0.219580322504044,6.49433517456055,-0.468431323766708,-5.80631828308105,7.56965351104736,17.6044864654541,6.85099220275879,0.014551466414332,0.0139631927662874
30801,35,"undefined",1990,0,0.000372401933418587,0,0,0,0,0,0,1,0,91778.2784451097,5.08091831207275,36.5597915649414,9.6472225189209,51.7778053283691,24.2973690032959,-0.7180455327034,-0.677394866943359,0.0610958784818649,-0.738489627838135,0.718878984451294,-0.0414848327636719,13.2705688476562,17.2032356262207,12.8950595855713,0.0962010350585037,0.140713981383194
30801,35,"undefined",2000,1,0.000323332904372364,0,0,0,0,0,0,1,0,90399.5771498084,3.97716474533081,37.9850692749023,13.1143407821655,52.2373504638672,23.4536094665527,-1.36326169967651,9.86739540100098,-0.295284062623978,10.1626768112183,-2.45338106155396,-7.41400861740112,11.4756994247437,5.43206071853638,12.1880254745483,0.336126795746574,0.688532727936401
30802,48,"undefined",1990,0,0.00109873386099935,0,0,0,0,0,1,0,0,270782.436916947,9.45746803283691,51.5690078735352,5.53505277633667,59.9056701660156,28.2181797027588,-0.524993240833282,2.0803689956665,-1.09353065490723,3.17389965057373,-0.836047172546387,-1.24432444572449,9.64035987854004,7.1537971496582,9.9881649017334,0.332147660202826,0.830661733562776
30802,48,"undefined",2000,1,0.00103565247263759,0,0,0,0,0,1,0,0,289554.643584073,7.79443025588989,54.5804100036621,5.98006629943848,64.1415023803711,30.2512073516846,-0.653254389762878,1.15431201457977,-0.299655437469482,1.45397019386292,-0.0643485337495804,-1.08996033668518,3.49507999420166,-8.94519233703613,4.56217336654663,0.724094046299152,0.99954755930894
30901,35,"undefined",1990,0,0.000277704995824024,0,0,0,0,0,0,1,0,68440.2633315474,19.0766544342041,39.4990768432617,8.41901016235352,52.0813598632812,25.1787624359131,-0.771801471710205,1.74289345741272,0.0706184655427933,1.67227387428284,-0.0943668186664581,-1.64852738380432,6.05058670043945,-1.34601593017578,7.10315704345703,0.12971272181045,0.282489350615249
30901,35,"undefined",2000,1,0.000268438452621922,0,0,0,0,0,0,1,0,75051.82195317,15.8179969787598,49.6697769165039,8.28966617584229,58.2671699523926,26.8256301879883,-1.04287803173065,6.86212921142578,-0.0293856225907803,6.89150619506836,-0.46337553858757,-6.3987455368042,0.73521476984024,10.379246711731,-1.56327652931213,0.264127678755293,0.560671162804281
30902,48,"undefined",1990,0,0.000127476247143932,0,0,0,0,0,1,0,0,31416.4593552351,14.3998537063599,33.3681678771973,8.4907054901123,52.7714309692383,23.8053283691406,-0.491231620311737,-0.803768634796143,0.223719328641891,-1.02748870849609,0.381315886974335,0.422456860542297,9.14111137390137,10.6857776641846,8.84361267089844,0.0414142617670008,-0.0551470799316862
30902,48,"undefined",2000,1,0.000107607505924534,0,0,0,0,0,1,0,0,30085.6263219863,17.6556549072266,37.6264801025391,11.8428821563721,55.5430068969727,24.3705234527588,-0.869361639022827,5.20539283752441,0.63335257768631,4.57204246520996,-1.58902144432068,-3.61637139320374,3.43724679946899,-12.2357091903687,5.49752378463745,0.605787464358493,0.701276892165978
30903,48,"undefined",1990,0,0.000845802656840533,0,0,0,0,0,1,0,0,208447.657254964,15.8122644424438,49.6573524475098,6.00978374481201,62.9083633422852,31.7177238464355,-0.266063958406448,-0.221222639083862,-0.931809842586517,0.710588693618774,-0.810164213180542,1.03138828277588,7.28154182434082,14.1090393066406,6.44755363464355,0.33507722700304,0.186370583073178
30903,48,"undefined",2000,1,0.000853022618684918,0,0,0,0,0,1,0,0,238493.768571615,14.7527513504028,54.1943969726562,9.80782222747803,65.3325500488281,30.4970855712891,-0.383069068193436,2.44241094589233,0.654186546802521,1.78822445869446,-1.09057283401489,-1.3518397808075,-1.34611129760742,-3.37048959732056,-1.05142593383789,0.739754868055366,1.33985531027165
30904,48,"undefined",1990,0,0.000247771124122664,0,0,0,0,0,1,0,0,61063.0753536224,21.1107540130615,37.0576248168945,9.70285511016846,53.3296241760254,24.9671764373779,-0.55042827129364,0.882989168167114,0.682307779788971,0.200676918029785,0.355587542057037,-1.23857259750366,7.95369148254395,10.8859062194824,7.1476936340332,0.259820982837024,0.167210057955851
30904,48,"undefined",2000,1,0.000205935837584548,0,0,0,0,0,1,0,0,57576.9202768207,20.0082015991211,42.0147857666016,12.8957509994507,58.3109970092773,23.6699542999268,-1.01044416427612,3.14546489715576,-0.275604426860809,3.42107677459717,-0.946812033653259,-2.19865775108337,3.02219390869141,-13.4350910186768,6.37013530731201,1.93226756341529,2.28380930133525
30905,48,"undefined",1990,0,3.83972765121143e-05,0,0,0,0,0,1,0,0,9462.99074348062,3.51209449768066,37.0576248168945,9.70285511016846,53.3296241760254,24.9671764373779,-0.550428211688995,0.882989168167114,0.682307779788971,0.200676918029785,0.355587542057037,-1.23857259750366,7.95369148254395,10.8859062194824,7.1476936340332,0.095959854265691,0.0326708645176647
30905,48,"undefined",2000,1,3.05582216242328e-05,0,0,0,0,0,1,0,0,8543.67195317894,2.32848048210144,42.0147857666016,12.8957509994507,58.3109931945801,23.6699542999268,-1.01044416427612,3.14546489715576,-0.275604426860809,3.42107677459717,-0.946812033653259,-2.19865775108337,3.02219390869141,-13.4350910186768,6.37013530731201,2.96077441305459,0.309320927750818
30906,48,"undefined",1990,0,3.9121754525695e-05,0,0,0,0,0,1,0,0,9641.53797282279,4.19378089904785,37.0576248168945,9.70285511016846,53.3296241760254,24.9671764373779,-0.55042827129364,0.882989168167114,0.682307779788971,0.200676918029785,0.355587542057037,-1.23857259750366,7.95369148254395,10.8859062194824,7.1476936340332,0.302713657118837,0.0760689281185655
30906,48,"undefined",2000,1,3.38797653967049e-05,0,0,0,0,0,1,0,0,9472.33182811737,8.00564384460449,42.0147857666016,12.8957509994507,58.3109970092773,23.6699542999268,-1.01044416427612,3.14546489715576,-0.275604426860809,3.42107677459717,-0.946812033653259,-2.19865775108337,3.02219390869141,-13.4350910186768,6.37013530731201,1.32817650582678,0.829039070045212
30907,48,"undefined",1990,0,6.26293785899179e-06,0,0,0,0,0,1,0,0,1543.49799758941,26.6605854034424,31.8582744598389,7.99463748931885,52.5430374145508,23.3051242828369,-0.465745896100998,-1.39806270599365,0.107230991125107,-1.50529146194458,0.355692207813263,1.04236602783203,9.8423957824707,11.0857009887695,9.65056419372559,1.06145656635067,7.7486498008107e-07
30907,48,"undefined",2000,1,5.41043982593692e-06,0,0,0,0,0,1,0,0,1512.6870046556,24.0645923614502,35.9608459472656,11.4432516098022,54.5249214172363,24.6547985076904,-0.812113165855408,5.96780443191528,0.958619892597198,5.00917434692383,-1.82439589500427,-4.14339971542358,3.63118314743042,-10.1717538833618,5.15086317062378,3.27785588680334,2.04058614456398
30908,48,"undefined",1990,0,0.000209257545066066,0,0,0,0,0,1,0,0,51571.422482796,20.5842952728271,32.6881904602051,8.26730251312256,52.668571472168,23.581916809082,-0.479848682880402,-1.05599761009216,0.182586163282394,-1.23858451843262,0.364048779010773,0.691947340965271,9.4874382019043,10.9861373901367,9.22489166259766,0.077228418491861,0.44436629319806
30908,48,"undefined",2000,1,0.000191223400179297,0,0,0,0,0,1,0,0,53463.5163636059,24.703929901123,36.8966369628906,11.6677732467651,55.0947532653809,24.4937686920166,-0.844541549682617,5.54080533981323,0.7772456407547,4.76356935501099,-1.69273781776428,-3.84807181358337,3.51953506469727,-11.5201816558838,5.34670686721802,0.393976862693291,0.555113329906354
31001,20,"undefined",1990,0,0.000174804503330961,0,0,1,0,0,0,0,0,43080.4855388999,33.1227760314941,45.0311584472656,10.4959468841553,65.549674987793,26.8817157745361,-0.358122438192368,-5.73496246337891,2.38596653938293,-8.12092971801758,1.08222222328186,4.65274143218994,8.89806747436523,6.94980621337891,8.94021987915039,0.104024303669803,0.104301881413797
31001,20,"undefined",2000,1,0.000188114514457993,0,0,1,0,0,0,0,0,52594.3124423027,32.5050659179688,42.7750129699707,24.0752391815186,63.790225982666,29.2207183837891,-0.47118216753006,9.08396053314209,-2.10635042190552,11.1903123855591,-1.16125547885895,-7.92270469665527,4.65052461624146,-1.57696866989136,6.57449436187744,0.309757280311617,0.882935123420339
31002,20,"undefined",1990,0,5.90104391449131e-05,0,0,1,0,0,0,0,0,14543.0944612622,8.38453674316406,45.0311584472656,10.4959468841553,65.549674987793,26.8817157745361,-0.358122438192368,-5.73496246337891,2.38596653938293,-8.12092971801758,1.08222222328186,4.65274143218994,8.89806747436523,6.94980621337891,8.94021987915039,0.0290349846698174,0.246377646921548
31002,20,"undefined",2000,1,5.68849245610181e-05,0,0,1,0,0,0,0,0,15904.2678644061,5.30716419219971,42.7750129699707,24.0752391815186,63.790225982666,29.2207183837891,-0.47118216753006,9.08396053314209,-2.10635042190552,11.1903123855591,-1.16125547885895,-7.92270469665527,4.65052461624146,-1.57696866989136,6.57449436187744,0.0716019699171154,0.290897194491038
31003,20,"undefined",1990,0,3.95258575736079e-05,0,0,1,0,0,0,0,0,9741.12870615721,4.04845237731934,45.0311584472656,10.4959468841553,65.549674987793,26.8817157745361,-0.358122438192368,-5.73496246337891,2.38596653938293,-8.12092971801758,1.08222222328186,4.65274143218994,8.89806747436523,6.94980621337891,8.94021987915039,0.0970879899276077,0.0495874452089614
31003,20,"undefined",2000,1,3.32298077410087e-05,0,0,1,0,0,0,0,0,9290.61201232672,4.03153944015503,42.7750129699707,24.0752391815186,63.790225982666,29.2207183837891,-0.47118216753006,9.08396053314209,-2.10635042190552,11.1903123855591,-1.16125547885895,-7.92270469665527,4.65052461624146,-1.57696866989136,6.57449436187744,0.0922927749715135,0.119610758023246
31004,20,"undefined",1990,0,0.000117379568109754,0,0,1,0,0,0,0,0,28928.1383182406,24.6664848327637,44.3230743408203,8.96289825439453,64.0384368896484,26.2524452209473,-0.490840971469879,-3.55021357536316,2.22870254516602,-5.77891445159912,0.684387981891632,2.86582255363464,9.70315933227539,6.94518089294434,9.85894203186035,0.172857993821616,0.140150931109323
31004,20,"undefined",2000,1,0.000118959658720996,0,0,1,0,0,0,0,0,33259.5359731913,30.8017349243164,43.3036041259766,21.0890350341797,63.8416709899902,28.6712608337402,-0.585244178771973,7.9832329750061,-1.60600566864014,9.58923816680908,-0.890690267086029,-7.09253978729248,6.04316186904907,-1.50489807128906,8.00752639770508,0.566278350312359,0.88012104944925
31005,48,"undefined",1990,0,7.38966482458636e-05,0,0,0,0,0,1,0,0,18211.7936611176,5.19765472412109,37.0576248168945,9.70285511016846,53.3296241760254,24.9671764373779,-0.550428211688995,0.882989168167114,0.682307779788971,0.200676918029785,0.355587542057037,-1.23857259750366,7.95369148254395,10.8859062194824,7.1476936340332,0.0796177439593472,0.0350444039161996
31005,48,"undefined",2000,1,6.31093716947362e-05,0,0,0,0,0,1,0,0,17644.5399474204,5.69505786895752,42.0147857666016,12.8957509994507,58.3109931945801,23.6699542999268,-1.01044416427612,3.14546489715576,-0.275604426860809,3.42107677459717,-0.946812033653259,-2.19865775108337,3.02219390869141,-13.4350910186768,6.37013530731201,0.0736310569858136,0.156912842446963
31006,40,"undefined",1990,0,0.000106368272099644,0,0,0,0,0,1,0,0,26214.4087481685,6.41534185409546,41.5538291931152,4.74587488174438,58.6972885131836,24.1256847381592,-0.916395485401154,3.17980051040649,0.504454255104065,2.67534852027893,-0.48554128408432,-2.69425821304321,11.4938259124756,5.81879615783691,12.2401714324951,0.119983400539745,0.0399454136165723
31006,40,"undefined",2000,1,0.000107934538391419,0,0,0,0,0,1,0,0,30177.059866555,27.883846282959,45.1123390197754,9.3171911239624,63.46630859375,26.1468563079834,-1.04935669898987,3.56259536743164,0.511853814125061,3.05073595046997,0.0734946578741074,-3.63609194755554,11.0670499801636,-1.92485547065735,12.718542098999,0.246525222900788,0.225362667261906
31007,48,"undefined",1990,0,0.000109396023617592,0,0,0,0,0,1,0,0,26960.59704566,38.9690742492676,37.0576248168945,9.70285511016846,53.3296241760254,24.9671764373779,-0.55042827129364,0.882989168167114,0.682307779788971,0.200676918029785,0.355587542057037,-1.23857259750366,7.95369148254395,10.8859062194824,7.1476936340332,0.0903525575742413,0.221051153124152
31007,48,"undefined",2000,1,0.000114925489469897,0,0,0,0,0,1,0,0,32131.6360192001,33.6252365112305,42.0147857666016,12.8957509994507,58.3109931945801,23.6699542999268,-1.01044416427612,3.14546489715576,-0.275604426860809,3.42107677459717,-0.946812033653259,-2.19865775108337,3.02219390869141,-13.4350910186768,6.37013530731201,0.770169039657357,1.69827426853585
31101,48,"undefined",1990,0,0.00061305332928896,0,0,0,0,0,1,0,0,151086.702107191,19.674259185791,34.7406196594238,4.73295831680298,57.3866081237793,25.266242980957,-0.930288136005402,0.527346134185791,0.436895340681076,0.0904500484466553,-0.486994922161102,-0.0403493642807007,13.0248069763184,18.8884258270264,11.4401340484619,0.809113397992903,0.604632727871521
31101,48,"undefined",2000,1,0.000594424433074892,0,0,0,0,0,1,0,0,166193.15747112,23.6059532165527,42.9954071044922,7.80470275878906,60.6015968322754,28.0494384765625,-0.771839082241058,6.45310497283936,-3.10838866233826,9.56149578094482,0.622712075710297,-7.07581853866577,6.06032800674438,8.86256313323975,8.35970497131348,3.09266679197027,2.90272166263731
31102,48,"undefined",1990,0,0.000155121364514343,0,0,0,0,0,1,0,0,38229.5844071358,17.9802951812744,41.0387916564941,5.24678993225098,59.7072296142578,28.3810348510742,-0.498036623001099,0.756126642227173,1.77003371715546,-1.01391077041626,-1.26320052146912,0.507074594497681,13.3640289306641,6.19544982910156,14.3570899963379,1.31570450240431,0.514004352413574
31102,48,"undefined",2000,1,0.000149109968333505,0,0,0,0,0,1,0,0,41689.1638371348,15.3602895736694,40.1157379150391,10.1861562728882,61.6058959960938,28.3485889434814,-0.755355358123779,4.22833633422852,-2.99281740188599,7.22116231918335,0.79449051618576,-5.02283000946045,1.68875288963318,9.43306541442871,1.47233688831329,1.95515843659385,1.93229638833936
31103,48,"undefined",1990,0,7.03168116160668e-05,0,0,0,0,0,1,0,0,17329.544184804,36.2592849731445,34.7406196594238,4.73295831680298,57.3866081237793,25.266242980957,-0.930288136005402,-0.951898097991943,-3.59242248535156,2.64052152633667,-0.574589133262634,1.52648985385895,4.66480255126953,-18.524169921875,10.2443218231201,0.758987112649297,1.31110619165614
31103,48,"undefined",2000,1,6.71269663143903e-05,0,0,0,0,0,1,0,0,18767.8051941693,21.2229022979736,35.8623962402344,6.67482900619507,60.5765991210938,26.8431987762451,-0.887757539749146,5.84074449539185,0.300730973482132,5.5400218963623,0.7777299284935,-6.61847829818726,9.80234146118164,9.1255054473877,9.96024227142334,0.674525748990748,2.37269674530032
31201,48,"Austin TX",1990,0,0.00360661232843995,0,0,0,0,0,1,0,0,888847.85787148,16.664945602417,60.4596138000488,9.42580413818359,67.6939926147461,33.6281661987305,0.702742636203766,1.45665407180786,1.23416113853455,0.222492218017578,-1.44750535488129,-0.00915080308914185,24.0711212158203,26.9429683685303,22.683572769165,2.07376709628169,0.961431481284114
31201,48,"Austin TX",2000,1,0.00466374633833766,0,0,0,0,0,1,0,0,1303921.42862764,15.5578832626343,63.4833679199219,16.4924049377441,67.2552032470703,31.4234523773193,0.71232807636261,-0.273942947387695,-5.00936937332153,4.73542737960815,1.68306028842926,-1.40911340713501,-0.091348372399807,18.9779834747314,0.0314712524414062,9.55638553253528,5.39092302062842
31202,48,"undefined",1990,0,0.000139501178637147,0,0,0,0,0,1,0,0,34380.0003002882,13.3864421844482,39.9738693237305,5.90659093856812,53.8725738525391,28.9628562927246,-0.760158658027649,13.0729312896729,0.717454433441162,12.3554792404175,-1.28396940231323,-11.7889614105225,21.5520858764648,22.6082801818848,17.3361301422119,0.648816106882551,2.78584470091695
31202,48,"undefined",2000,1,0.000182074407348409,0,0,0,0,0,1,0,0,50905.5803000927,9.23929023742676,43.8586502075195,7.27809810638428,61.3556251525879,27.063196182251,-1.07586848735809,-0.569777846336365,-2.53511762619019,1.96533536911011,-0.517662107944489,1.08743989467621,2.11749768257141,8.08341121673584,2.22410464286804,1.54585501828578,3.30583083170812
31301,48,"San Antonio TX",1990,0,0.00573487719520926,0,0,0,0,0,1,0,0,1413357.78632346,9.95207977294922,47.2855033874512,11.1922492980957,58.5097923278809,32.0139198303223,-0.024668425321579,1.23559236526489,-0.610122799873352,1.84571743011475,-1.82421576976776,0.588619709014893,14.5978450775146,15.6654357910156,14.5429611206055,0.993441338587824,0.76588890459773
31301,48,"San Antonio TX",2000,1,0.00614190381020308,0,0,0,0,0,1,0,0,1717194.5321376,9.48806571960449,50.9119567871094,14.4612197875977,60.3287048339844,32.0227584838867,-0.0817522406578064,2.58963441848755,-0.685697138309479,3.27532625198364,0.608195662498474,-3.19782757759094,3.15829706192017,7.88967990875244,2.4867057800293,1.59119926036449,1.24064299784596
31302,48,"undefined",1990,0,0.000152101434650831,0,0,0,0,0,1,0,0,37485.3263676763,6.5138897895813,38.2293090820312,4.75275802612305,52.7789459228516,26.1598110198975,-0.582514882087708,-0.766515731811523,-2.14548754692078,1.37897729873657,-1.75736653804779,2.52388119697571,4.32448387145996,1.76458358764648,6.49032592773438,0.165958364207381,0.0372870431912828
31302,48,"undefined",2000,1,0.000172406260389835,0,0,0,0,0,1,0,0,48202.4963329434,10.516300201416,36.9708137512207,5.89848804473877,53.3106269836426,24.9304256439209,-1.25377118587494,7.49168252944946,-0.724262952804565,8.21594715118408,-0.727656722068787,-6.76402902603149,3.04406023025513,11.8047847747803,3.318922996521,0.806191667443414,0.273600762982613
31303,48,"undefined",1990,0,0.000217267050174996,0,0,0,0,0,1,0,0,53545.3597822189,12.0037879943848,37.7146911621094,6.44530344009399,55.3269882202148,25.4903373718262,-0.633284986019135,1.67504549026489,-0.55347752571106,2.22852230072021,-1.32985639572144,-0.345191359519958,19.6145534515381,17.3976421356201,19.7750568389893,0.388296380742109,0.445792588699124
31303,48,"undefined",2000,1,0.000230767414905131,0,0,0,0,0,1,0,0,64519.4973976612,7.510573387146,46.821533203125,8.70163536071777,60.6846389770508,27.6103649139404,-0.786227285861969,1.75023078918457,-0.726162314414978,2.47639417648315,0.74860668182373,-2.49883103370667,7.16502285003662,29.6131553649902,5.12286615371704,1.07314803003701,0.523600925305162
31304,48,"undefined",1990,0,1.4039807865629e-05,0,0,0,0,0,1,0,0,3460.10400998592,1.17918729782104,43.5885238647461,8.66647338867188,59.3853073120117,27.235279083252,-0.262833297252655,-1.250159740448,-1.58358955383301,0.333434343338013,-0.863975644111633,2.11413192749023,7.03043937683105,5.17144203186035,6.72502517700195,1.53764479667492e-07,0.0116592827871879
31304,48,"undefined",2000,1,1.33534176711692e-05,0,0,0,0,0,1,0,0,3733.43794490397,5.82322835922241,39.1561622619629,8.82943153381348,57.9515342712402,23.8315315246582,-1.081134557724,4.88615894317627,-0.285137444734573,5.17129039764404,-1.4679149389267,-3.41824102401733,10.7848300933838,11.0558099746704,10.6936178207397,0.685519635802133,1.1388434221057e-06
31401,48,"undefined",1990,0,0.00103644619230181,0,0,0,0,0,1,0,0,255431.671645738,8.37782859802246,43.1139335632324,10.6124515533447,56.7830848693848,28.9839649200439,0.0432087481021881,-1.57318115234375,-0.496167302131653,-1.07700824737549,-0.593092679977417,2.1662712097168,3.52888107299805,12.4645709991455,2.66575813293457,0.287439547502295,0.356130803729984
31401,48,"undefined",2000,1,0.000944281928241253,0,0,0,0,0,1,0,0,264008.654225469,7.63436460494995,46.1666793823242,13.6207628250122,56.9066123962402,27.3540534973145,-0.630744755268097,8.74022102355957,0.183339625597,8.55687713623047,-2.89778971672058,-5.84242582321167,13.981819152832,11.8335313796997,14.1327037811279,0.781969921879013,1.04200112965442
31402,48,"undefined",1990,0,0.000152819411596283,0,0,0,0,0,1,0,0,37662.2722594142,1.4369238615036,30.3340377807617,18.0259971618652,50.1835746765137,22.1631698608398,-0.752137064933777,-2.07087993621826,0.659480333328247,-2.73036360740662,1.07251334190369,0.998368859291077,2.85978317260742,9.20968055725098,2.41994857788086,0.0043511531051621,-0.0548706439424973
31402,48,"undefined",2000,1,0.000113808164314833,0,0,0,0,0,1,0,0,31819.2472895384,13.9067354202271,32.9970970153809,21.1895484924316,52.3985786437988,22.2268753051758,-1.11362862586975,7.72846555709839,-0.733613431453705,8.4620885848999,-2.86026978492737,-4.86820077896118,9.81494331359863,32.3835105895996,8.31413269042969,2.46835910668486,0.0159636170474136
31403,48,"undefined",1990,0,7.60166221880354e-05,0,0,0,0,0,1,0,0,18734.2608280778,1.54712569713593,33.2758178710938,15.9486885070801,52.1975288391113,23.382791519165,-0.634480714797974,-2.05776691436768,0.115415826439857,-2.17318534851074,0.741105556488037,1.3166606426239,3.86819839477539,7.00902938842773,3.37109565734863,0.00606872234362201,0.310119136352509
31403,48,"undefined",2000,1,7.56367153371684e-05,0,0,0,0,0,1,0,0,21147.0191608965,2.39281177520752,34.1229782104492,18.9301071166992,53.3968315124512,22.5443592071533,-1.10719966888428,7.20757246017456,-0.652980089187622,7.86055850982666,-2.60480809211731,-4.60276412963867,9.98769474029541,27.6767883300781,8.73729133605957,-0.0145113385812985,0.0231266118081156
31404,48,"undefined",1990,0,7.03528421581723e-05,0,0,0,0,0,1,0,0,17338.4234182537,1.96998655796051,30.3340377807617,18.0259971618652,50.1835746765137,22.1631698608398,-0.752137064933777,-2.07087993621826,0.659480333328247,-2.73036360740662,1.07251334190369,0.998368859291077,2.85978317260742,9.20968055725098,2.41994857788086,0.0150659194470718,0.00766736816684796
31404,48,"undefined",2000,1,6.64517501718365e-05,0,0,0,0,0,1,0,0,18579.0240271091,1.99206078052521,32.9970970153809,21.1895484924316,52.3985786437988,22.2268753051758,-1.11362862586975,7.72846555709839,-0.733613431453705,8.4620885848999,-2.86026978492737,-4.86820077896118,9.81494331359863,32.3835105895996,8.31413269042969,0.185879490090559,0.0574890169211681
31501,48,"undefined",1990,0,9.11141178221442e-05,0,0,0,0,0,1,0,0,22455.0297786593,29.3335819244385,30.0253276824951,28.703161239624,41.3977699279785,24.1149597167969,-0.706582546234131,1.91740393638611,0.348249077796936,1.56915485858917,-1.55091059207916,-0.366491079330444,14.1521453857422,25.5449295043945,14.1935348510742,0.328827920421186,0.638519697024198
31501,48,"undefined",2000,1,7.7777607657481e-05,0,0,0,0,0,1,0,0,21745.5841582119,10.0384216308594,33.4087905883789,31.7635631561279,44.4202079772949,22.3828620910645,-1.23795700073242,10.4528579711914,-1.97488868236542,12.4277429580688,-1.65052819252014,-8.80233287811279,-3.87300777435303,23.2007160186768,-6.53232860565186,1.02146994165894,3.8046052261026
31502,48,"undefined",1990,0,7.57995439926162e-05,0,0,0,0,0,1,0,0,18680.7605157867,6.90131330490112,35.572624206543,12.6457843780518,51.3995475769043,25.155200958252,-0.651145339012146,1.9521951675415,-0.298448652029037,2.25064158439636,-1.4553050994873,-0.496885180473328,18.5155391693115,19.6292400360107,18.6805725097656,0.334236663590401,0.00124002176505655
31502,48,"undefined",2000,1,7.93761500972323e-05,0,0,0,0,0,1,0,0,22192.5149693117,2.3334755897522,43.2961387634277,14.7632122039795,56.3340377807617,26.4128093719482,-0.889713108539581,4.19778490066528,-1.03597402572632,5.23375606536865,0.0664054304361343,-4.26419305801392,4.48410844802856,30.5551795959473,2.05305647850037,0.0970098308159452,1.15917221852275
31503,48,"undefined",1990,0,0.000595408491790295,0,0,0,0,0,1,0,0,146738.14355886,4.37804794311523,29.4780788421631,36.0684051513672,43.6338806152344,28.089771270752,-0.339299201965332,-1.31839513778687,-0.703798234462738,-0.614595413208008,-2.69123029708862,4.00962543487549,16.7076587677002,18.7222957611084,16.5838718414307,0.362343619486604,0.410087765475801
31503,48,"undefined",2000,1,0.000744129414670169,0,0,0,0,0,1,0,0,208048.683975428,2.97390842437744,37.5799179077148,40.1266746520996,44.3872032165527,28.5702533721924,-0.591148138046265,15.186164855957,-1.03426218032837,16.2204246520996,-0.485113680362701,-14.7010478973389,-0.510624468326569,-45.9434661865234,0.884669184684753,0.224394883462067,0.409914852084948
31600,48,"undefined",1990,0,0.00282782269641757,0,0,0,0,0,1,0,0,696915.551056594,15.088547706604,28.5515785217285,32.8313484191895,46.510009765625,27.0607738494873,0.0580376386642456,-2.41974592208862,-1.69022607803345,-0.729525089263916,-1.3064831495285,3.72623205184937,10.1071357727051,16.1203861236572,9.32426452636719,0.795166111330837,1.12727987086338
31600,48,"undefined",2000,1,0.00349939474835992,0,0,0,0,0,1,0,0,978384.176311612,10.6045684814453,32.6134185791016,37.9744186401367,44.8084487915039,26.7077808380127,-0.583286166191101,11.1143674850464,-1.90725433826447,13.0216274261475,-3.20968770980835,-7.90468311309814,4.70965242385864,23.6885204315186,3.84793949127197,2.48270162408356,1.90183661749033
31700,48,"undefined",1990,0,0.00189383665565401,0,0,0,0,0,1,0,0,466735.121949911,9.26731872558594,41.6994857788086,6.70722723007202,53.9772338867188,28.3525428771973,-0.485500693321228,-2.02960968017578,-1.12460780143738,-0.905007123947144,-0.65150111913681,2.68111515045166,10.2615356445312,13.4718418121338,10.3940963745117,0.175710703379766,0.457379890053754
31700,48,"undefined",2000,1,0.00181356049142778,0,0,0,0,0,1,0,0,507047.384027243,8.46764755249023,44.7704391479492,9.41516304016113,55.0758056640625,28.2779216766357,-0.789890170097351,6.32844638824463,-0.737650573253632,7.06610536575317,-0.81028950214386,-5.51815986633301,2.44862699508667,14.702320098877,2.90039610862732,0.68294992929025,1.03699010571407
31800,48,"undefined",1990,0,0.000684966798871756,0,0,0,0,0,1,0,0,168809.74437809,11.7965488433838,61.1590270996094,8.73205280303955,59.2871170043945,28.2661113739014,-0.122731328010559,1.0803759098053,0.310678035020828,0.769698619842529,1.91175746917725,-2.99213528633118,14.2307758331299,11.8687152862549,14.8389339447021,0.294336930841826,0.264808004120228
31800,48,"undefined",2000,1,0.000743846001569182,0,0,0,0,0,1,0,0,207969.44034189,13.8670148849487,63.4062538146973,12.5393285751343,59.6081657409668,27.8063201904297,-0.564040660858154,2.0348002910614,-1.57624912261963,3.61105394363403,-2.52959179878235,0.4947909116745,3.74814462661743,22.9957447052002,2.29542589187622,1.21293705646287,1.04205469681771
31900,48,"undefined",1990,0,0.00107648782432079,0,0,0,0,0,1,0,0,265299.913275719,25.5650901794434,44.6845817565918,6.36139345169067,60.1333389282227,27.0408420562744,-0.507857441902161,-1.55618190765381,-3.09948468208313,1.54330134391785,-0.453762710094452,2.00994610786438,11.7226123809814,9.64179039001465,14.6082878112793,0.874096680119288,1.58057160798356
31900,48,"undefined",2000,1,0.00113603041972965,0,0,0,0,0,1,0,0,317618.982101917,22.6847534179688,49.4579010009766,11.8395347595215,60.1199760437012,27.0956401824951,-0.749089419841766,4.11966037750244,-2.7938539981842,6.91352558135986,-0.392883509397507,-3.72678256034851,6.34152507781982,11.487416267395,8.39948654174805,3.13533534874501,5.42168315277841
32000,48,"Houston TX",1990,0,0.0145609946921468,0,0,0,0,0,1,0,0,3588550.08041933,12.5765352249146,50.3315849304199,16.646858215332,62.3516960144043,32.5248413085938,0.465607345104218,-4.23544645309448,-1.56823992729187,-2.66720652580261,-0.655520677566528,4.89096355438232,11.3921165466309,15.684700012207,10.9780788421631,0.454994692053445,0.320102850709132
32000,48,"Houston TX",2000,1,0.016090976074338,0,0,0,0,0,1,0,0,4498822.81329823,11.2805700302124,51.4886436462402,26.0696582794189,59.3195037841797,31.5130004882812,0.152889937162399,4.65781354904175,-0.546291470527649,5.20409870147705,0.156142354011536,-4.8139500617981,0.707694470882416,0.30033928155899,1.3648442029953,2.22485089010177,2.1415808507685
32100,48,"undefined",1990,0,0.00184048793744296,0,0,0,0,0,1,0,0,453587.379933,22.0665817260742,38.9142646789551,3.74154782295227,53.0757369995117,27.8542957305908,-0.730189085006714,0.54810643196106,-1.61811411380768,2.16622352600098,-0.450458765029907,-0.0976502895355225,7.68070220947266,9.74001884460449,8.84509086608887,0.418115307849436,0.431352882066532
32100,48,"undefined",2000,1,0.00177295960020274,0,0,0,0,0,1,0,0,495695.8868801,17.7212219238281,42.6189308166504,6.53033781051636,56.404655456543,27.3810958862305,-1.0277087688446,2.20394134521484,-1.66248846054077,3.86643409729004,-0.926333367824554,-1.27760851383209,6.41475391387939,8.63197898864746,8.32400989532471,1.28194929713696,2.45027202383825
32201,48,"undefined",1990,0,0.000666242034640163,0,0,0,0,0,1,0,0,164195.02853319,23.741491317749,42.8756294250488,4.98381662368774,53.4829063415527,27.3187599182129,-0.857304930686951,0.758552551269531,-1.41061997413635,2.16917395591736,0.823924660682678,-1.58247947692871,5.7591438293457,2.99777984619141,7.02495574951172,0.178401364854555,0.768975728556619
32201,48,"undefined",2000,1,0.000681221834383905,0,0,0,0,0,1,0,0,190460.552995622,19.6592559814453,45.9035110473633,8.01132965087891,57.8282279968262,26.3424606323242,-1.16798841953278,1.60894227027893,-2.02610659599304,3.63504886627197,-0.651136577129364,-0.957808375358582,-4.99234867095947,-12.5299186706543,-2.67233157157898,1.05764225152127,0.526872500286362
32202,48,"undefined",1990,0,0.000384035200113431,0,0,0,0,0,1,0,0,94645.2878781557,29.82444190979,39.2594718933105,4.31967782974243,52.2893257141113,26.5609149932861,-0.865144968032837,0.0494599342346191,-0.683928251266479,0.733384490013123,1.21331548690796,-1.26277208328247,10.2206707000732,9.29536819458008,10.7428073883057,0.756960442524028,1.05292935288372
32202,48,"undefined",2000,1,0.00037033247645013,0,0,0,0,0,1,0,0,103540.029273629,26.8192863464355,42.0759162902832,7.08394813537598,54.1610641479492,25.2047901153564,-1.33229970932007,4.19204568862915,-2.82538485527039,7.01743793487549,-2.13574981689453,-2.05630493164062,0.518390119075775,-8.52503108978271,4.77729511260986,0.898934165775549,1.2911458242386
32301,48,"undefined",1990,0,0.0004393290146254,0,0,0,0,0,1,0,0,108272.421312332,15.7062644958496,43.5885238647461,8.66647338867188,59.3853073120117,27.235279083252,-0.262833297252655,0.371932983398438,-0.337853282690048,0.709789991378784,0.490727663040161,-0.862666964530945,7.26852416992188,14.2520904541016,5.6304931640625,0.357772937153255,0.373436316374541
32301,48,"undefined",2000,1,0.00039926148019731,0,0,0,0,0,1,0,0,111628.191963896,11.7838563919067,47.1065292358398,8.8694314956665,63.2776794433594,30.1266632080078,-0.634514212608337,2.66681408882141,-2.64359903335571,5.3104076385498,-2.37844133377075,-0.28836727142334,-0.772953033447266,-6.40548992156982,2.52648758888245,0.804795348217766,0.7406535142931
32302,48,"undefined",1990,0,9.36947326408699e-05,0,0,0,0,0,1,0,0,23091.0222101212,34.2518844604492,41.8635711669922,7.34942531585693,56.8398780822754,28.029504776001,-0.491470843553543,4.17329692840576,-1.7131142616272,5.88641166687012,-1.04452073574066,-3.12877297401428,11.0064506530762,5.96261024475098,9.49506759643555,0.453963315559165,0.501928215380948
32302,48,"undefined",2000,1,8.40479842736386e-05,0,0,0,0,0,1,0,0,23498.6982069016,33.0365219116211,39.1561622619629,8.82943153381348,57.9515342712402,23.8315315246582,-1.081134557724,4.88615894317627,-0.285137444734573,5.17129039764404,-1.4679149389267,-3.41824102401733,10.7848300933838,11.0558099746704,10.6936178207397,7.85582502398808,2.59786178610803
32303,48,"undefined",1990,0,2.63246402028017e-05,0,0,0,0,0,1,0,0,6487.69498108327,17.1270160675049,43.5885238647461,8.66647338867188,59.3853073120117,27.235279083252,-0.262833297252655,-1.250159740448,-1.58358955383301,0.333434343338013,-0.863975644111633,2.11413192749023,7.03043937683105,5.17144203186035,6.72502517700195,0.401743502449578,0.666575660708636
32303,48,"undefined",2000,1,2.39576038438827e-05,0,0,0,0,0,1,0,0,6698.22706909478,18.3169326782227,39.1561622619629,8.82943153381348,57.9515342712402,23.8315315246582,-1.081134557724,4.88615894317627,-0.285137444734573,5.17129039764404,-1.4679149389267,-3.41824102401733,10.7848300933838,11.0558099746704,10.6936178207397,1.69817981179173,5.74515139347958
32304,48,"undefined",1990,0,0.000129644351545721,0,0,0,0,0,1,0,0,31950.788168177,4.69881534576416,31.8503742218018,26.0070533752441,43.7597274780273,24.6509952545166,-0.630351305007935,1.20967030525208,0.0825107097625732,1.12716555595398,-1.36139094829559,0.151717662811279,12.5872135162354,20.770263671875,12.6951217651367,0.161054925584531,0.296615738202932
32304,48,"undefined",2000,1,0.000125957740237936,0,0,0,0,0,1,0,0,35216.106972456,10.7479104995728,34.0341911315918,29.2679786682129,45.8646392822266,22.5709056854248,-1.21760094165802,9.76200580596924,-1.80850493907928,11.5705127716064,-1.58666932582855,-8.17533874511719,-2.2991726398468,22.3772869110107,-4.72075605392456,1.50497275631693,0.637684875978911
32305,48,"undefined",1990,0,0.000173801628989168,0,0,0,0,0,1,0,0,42833.328710746,8.6285400390625,30.0352039337158,28.3615798950195,41.6760635375977,24.0403823852539,-0.708323121070862,1.71868801116943,0.368683040142059,1.35000646114349,-1.45300853252411,-0.265678763389587,13.6416435241699,25.184154510498,13.5933876037598,1.20984014524634,0.879795202276231
32305,48,"undefined",2000,1,0.000176474321051501,0,0,0,0,0,1,0,0,49339.8723109905,4.19061374664307,33.3999214172363,31.5357685089111,44.5918998718262,22.3791484832764,-1.23499655723572,10.382251739502,-1.94784259796143,12.3300981521606,-1.67124831676483,-8.71100616455078,-3.56633329391479,23.4795303344727,-6.20521831512451,0.469399631833655,1.06167894814973
32306,48,"undefined",1990,0,0.000146106060128659,0,0,0,0,0,1,0,0,36007.769643724,23.5396518707275,30.0253276824951,28.703161239624,41.3977699279785,24.1149597167969,-0.706582546234131,1.91740393638611,0.348249077796936,1.56915485858917,-1.55091059207916,-0.366491079330444,14.1521453857422,25.5449295043945,14.1935348510742,0.399440449198581,1.63752723831998
32306,48,"undefined",2000,1,0.000168793965713121,0,0,0,0,0,1,0,0,47192.543908596,14.4517507553101,33.4087905883789,31.7635631561279,44.4202079772949,22.3828620910645,-1.23795700073242,10.4528579711914,-1.97488868236542,12.4277429580688,-1.65052819252014,-8.80233287811279,-3.87300777435303,23.2007160186768,-6.53232860565186,2.13404581495291,2.01939324841511
32401,48,"undefined",1990,0,0.000214868443435989,0,0,0,0,0,1,0,0,52954.2262044549,10.157205581665,35.7264404296875,4.93983554840088,53.3641395568848,22.065824508667,-1.09614324569702,1.68328881263733,-0.02259761095047,1.70589089393616,-1.59098613262177,-0.0923037528991699,6.02207183837891,-7.75456428527832,7.34782218933105,0.116445259498887,0.458433982828915
32401,48,"undefined",2000,1,0.00019205357239116,0,0,0,0,0,1,0,0,53695.6231275797,10.9738187789917,39.1561622619629,8.82943153381348,57.9515342712402,23.8315315246582,-1.081134557724,4.88615894317627,-0.285137444734573,5.17129039764404,-1.4679149389267,-3.41824102401733,10.7848300933838,11.0558099746704,10.6936178207397,1.02481099305431,0.656644356702561
32402,48,"undefined",1990,0,8.62549641169608e-05,0,0,0,0,0,1,0,0,21257.4953807592,23.87229347229,34.6746826171875,4.4413013458252,52.557544708252,21.3091335296631,-1.21812117099762,4.35820817947388,2.01423573493958,2.34397053718567,-1.24075865745544,-3.11745119094849,5.4440975189209,-16.2437438964844,7.49664306640625,0.32612825436778,0.122198079963943
32402,48,"undefined",2000,1,7.23861085134558e-05,0,0,0,0,0,1,0,0,20238.1924304962,19.3346347808838,39.5737228393555,5.60260391235352,60.184455871582,24.464563369751,-1.28241789340973,4.99434995651245,-0.293499648571014,5.28785181045532,-1.07102155685425,-3.92333078384399,7.04547309875488,17.7055759429932,5.80780839920044,1.16150287379518,1.03092044848998
32403,48,"undefined",1990,0,0.000111263805592898,0,0,0,0,0,1,0,0,27420.9122058749,5.49228572845459,34.6746826171875,4.4413013458252,52.557544708252,21.3091335296631,-1.21812117099762,4.35820817947388,2.01423573493958,2.34397053718567,-1.24075865745544,-3.11745119094849,5.4440975189209,-16.2437438964844,7.49664306640625,0.0692251214385604,0.833976360995145
32403,48,"undefined",2000,1,9.69381217146292e-05,0,0,0,0,0,1,0,0,27102.6080283523,8.14124584197998,39.5737228393555,5.60260391235352,60.184455871582,24.464563369751,-1.28241801261902,4.99434995651245,-0.293499648571014,5.28785181045532,-1.07102155685425,-3.92333078384399,7.04547309875488,17.7055759429932,5.80780839920044,2.08031500544767,0.364979264539172
32501,48,"undefined",1990,0,0.000730264699086547,0,0,0,0,0,1,0,0,179973.389046669,11.6976461410522,47.1611671447754,5.37599420547485,59.3570098876953,27.83864402771,-0.643480956554413,0.899690389633179,-2.07784652709961,2.97753810882568,0.448569297790527,-1.34825706481934,10.150146484375,8.0106258392334,10.8664512634277,0.161823919765318,0.427510344686482
32501,48,"undefined",2000,1,0.000687044346705079,0,0,0,0,0,1,0,0,192088.445527971,9.28738021850586,50.4465103149414,6.73267984390259,61.3725471496582,28.8286724090576,-1.04986786842346,3.61742305755615,-1.47099947929382,5.08842277526855,-2.84671998023987,-0.770709335803986,7.13253021240234,17.8782596588135,5.80474328994751,1.66159172546015,0.436124883314241
32502,48,"undefined",1990,0,3.3650423574727e-05,0,0,0,0,0,1,0,0,8293.13115346432,1.55572271347046,37.8833427429199,2.84403443336487,60.5597305297852,27.5938949584961,-0.501866817474365,-0.86323618888855,-1.58697962760925,0.723743438720703,-0.735769391059875,1.59900784492493,12.6431465148926,21.3629245758057,11.7708683013916,0.000864735699192604,2.13268799136952
32502,48,"undefined",2000,1,3.48166067851707e-05,0,0,0,0,0,1,0,0,9734.26000721008,1.94014477729797,42.0128860473633,11.3591213226318,59.2406616210938,24.1789588928223,-1.04611802101135,2.2267529964447,-0.442148327827454,2.66890025138855,-0.734071671962738,-1.49268341064453,4.21428680419922,-10.5671882629395,7.13436985015869,0.00721050438382268,0.00215543780192158
32503,48,"undefined",1990,0,6.7446380853653e-05,0,0,0,0,0,1,0,0,16622.1273115352,0.83075612783432,35.1147193908691,4.60654640197754,54.899341583252,23.6232051849365,-0.859540939331055,2.12419629096985,0.415516644716263,1.70868039131165,-0.827336311340332,-1.29685997962952,9.22050476074219,0.0442981719970703,10.3737831115723,0.000108444845076229,0.293975628474672
32503,48,"undefined",2000,1,5.46783921890892e-05,0,0,0,0,0,1,0,0,15287.350931365,1.52437436580658,39.5274772644043,6.77431964874268,59.7433700561523,25.0297336578369,-1.1556533575058,3.37005519866943,-0.170741766691208,3.54078817367554,-0.911258697509766,-2.45878958702087,6.93389320373535,7.51883602142334,6.94690418243408,0.0477727281265824,0.00162619009056389
32601,48,"undefined",1990,0,0.000572607736103237,0,0,0,0,0,1,0,0,141118.905986011,19.596586227417,45.1613349914551,5.6106104850769,58.4633522033691,29.3386669158936,-0.760067224502563,0.0986576080322266,-0.95454603433609,1.0532021522522,-0.705651164054871,0.606989860534668,9.04531478881836,8.90779495239258,7.62596130371094,0.913340959990742,0.546366348632054
32601,48,"undefined",2000,1,0.000543556932825595,0,0,0,0,0,1,0,0,151971.284496009,16.4545707702637,48.8249092102051,8.88485336303711,62.5952110290527,28.8431529998779,-0.90278297662735,3.31191492080688,-1.11200976371765,4.42392492294312,-0.632159948348999,-2.67975234985352,9.19457817077637,7.25412368774414,12.0444974899292,1.78432369754266,2.43340024186066
32602,48,"undefined",1990,0,0.000110280911030713,0,0,0,0,0,1,0,0,27178.6776376292,19.3042030334473,38.012752532959,2.96415972709656,60.2626075744629,27.4570732116699,-0.515033960342407,0.656270980834961,-2.20408964157104,2.86036729812622,-0.926152586936951,0.269880890846252,15.3296947479248,16.3453102111816,16.0815715789795,0.0928150885978201,3.12407461837801
32602,48,"undefined",2000,1,0.000104123653727584,0,0,0,0,0,1,0,0,29111.5880744159,12.5563249588013,41.8591156005859,5.39613819122314,62.6296768188477,26.0869445800781,-1.19233322143555,-0.823284864425659,-0.87693977355957,0.0536526963114738,-0.029736865311861,0.853019118309021,8.07796192169189,1.97696685791016,9.10377502441406,1.74336997952541,1.9531103403844
32603,48,"undefined",1990,0,1.81605482794112e-05,0,0,0,0,0,1,0,0,4475.65822012722,6.48899173736572,37.8833427429199,2.84403443336487,60.5597305297852,27.5938949584961,-0.501866817474365,0.580435991287231,-2.1754674911499,2.75590419769287,-0.944709062576294,0.3642737865448,15.504789352417,16.9684410095215,16.1971092224121,0.140295501904895,0.00315497421376499
32603,48,"undefined",2000,1,1.48951867231517e-05,0,0,0,0,0,1,0,0,4164.4959743917,2.93053340911865,42.005485534668,5.38291501998901,62.787353515625,26.1864070892334,-1.18681049346924,-1.18456566333771,-0.924689412117004,-0.259876251220703,0.0358325019478798,1.14873051643372,8.0941743850708,0.986644148826599,9.27543640136719,0.00534935967631814,0.198372580870694
32604,48,"undefined",1990,0,9.080272866413e-05,0,0,0,0,0,1,0,0,22378.2894634008,22.8331031799316,37.8833427429199,2.84403443336487,60.5597305297852,27.5938949584961,-0.501866817474365,0.580435991287231,-2.1754674911499,2.75590419769287,-0.944709062576294,0.3642737865448,15.504789352417,16.9684410095215,16.1971092224121,0.289830808716229,0.145928543052428
32604,48,"undefined",2000,1,7.66038210713305e-05,0,0,0,0,0,1,0,0,21417.4082888365,25.7389850616455,42.005485534668,5.38291501998901,62.787353515625,26.1864070892334,-1.18681049346924,-1.18456566333771,-0.924689412117004,-0.259876251220703,0.0358325019478798,1.14873051643372,8.0941743850708,0.986644148826599,9.27543640136719,2.2774480771877,1.92498109221349
32701,48,"undefined",1990,0,0.000219326873775572,0,0,0,0,0,1,0,0,54053.0024091601,24.8483600616455,39.9738693237305,5.90659093856812,53.8725738525391,28.9628562927246,-0.760158658027649,13.0729312896729,0.717454433441162,12.3554792404175,-1.28396940231323,-11.7889614105225,21.5520858764648,22.6082801818848,17.3361301422119,1.16802428570506,0.60576443904646
32701,48,"undefined",2000,1,0.000207718694582582,0,0,0,0,0,1,0,0,58075.380427599,24.3800754547119,43.8586502075195,7.27809810638428,61.3556251525879,27.063196182251,-1.07586848735809,-0.569777846336365,-2.53511762619019,1.96533536911011,-0.517662107944489,1.08743989467621,2.11749768257141,8.08341121673584,2.22410464286804,6.26518321112595,2.79598141537211
32702,48,"undefined",1990,0,0.000200544949620962,0,0,0,0,0,1,0,0,49424.206216462,20.050760269165,39.7347640991211,4.73447465896606,56.0286026000977,26.0751399993896,-0.707602441310883,3.43910455703735,-1.90377163887024,5.34287691116333,-0.0802226364612579,-3.35888576507568,21.660852432251,22.4173069000244,21.3883399963379,0.623221539967128,0.653283024725432
32702,48,"undefined",2000,1,0.000196971770492382,0,0,0,0,0,1,0,0,55070.6844008565,16.6537895202637,48.3894882202148,7.89758348464966,59.8411560058594,26.8502979278564,-0.864325225353241,-1.86011624336243,-1.79537439346313,-0.0647476762533188,-0.705765306949615,2.56588625907898,3.38751935958862,19.6363582611084,1.86763501167297,1.77311464455248,1.59041934822717
32801,48,"undefined",1990,0,0.000999017735011876,0,0,0,0,0,1,0,0,246207.435617805,21.0520362854004,47.407169342041,5.57526063919067,62.1317138671875,31.3816013336182,-0.110471695661545,0.144165754318237,-0.968106091022491,1.11227035522461,0.461085885763168,-0.605249404907227,12.7604961395264,15.9618377685547,12.1701240539551,0.902082102889396,0.747805019368097
32801,48,"undefined",2000,1,0.00100019422825426,0,0,0,0,0,1,0,0,279640.98026216,19.1818408966064,51.1074714660645,8.6799430847168,62.3573760986328,30.0642127990723,-0.559935510158539,0.0358138754963875,-2.90241098403931,2.938227891922,-0.751445889472961,0.715630412101746,-2.82457900047302,7.0095739364624,-3.31599378585815,1.44898677722411,1.51608623901373
32802,48,"undefined",1990,0,0.000357258773874491,0,0,0,0,0,1,0,0,88046.2505314946,17.9587726593018,36.0152168273926,4.2875280380249,57.7401580810547,27.8944244384766,-0.648468434810638,0.613236427307129,1.25181674957275,-0.638580322265625,-1.7881463766098,1.17490589618683,9.91582870483398,12.1058464050293,9.26508903503418,0.724583732914262,0.640794961629467
32802,48,"undefined",2000,1,0.000352770817698911,0,0,0,0,0,1,0,0,98630.028111577,19.7088756561279,39.6175651550293,9.07554531097412,59.0371131896973,25.914457321167,-1.06982266902924,0.883425951004028,-3.86828398704529,4.75170803070068,1.29903316497803,-2.18245816230774,4.3116979598999,4.92102766036987,5.13410568237305,2.0708180989035,1.61840152035388
32900,48,"undefined",1990,0,0.00108475761953741,0,0,0,0,0,1,0,0,267337.999827743,14.4433174133301,46.802661895752,8.92126560211182,54.3167877197266,28.8323440551758,-1.09650588035583,1.01295113563538,-0.823702275753021,1.83665454387665,-1.37314796447754,0.360199809074402,13.1542682647705,17.3046112060547,12.3068809509277,1.34203592504401,0.873169585753209
32900,48,"undefined",2000,1,0.00118313473649323,0,0,0,0,0,1,0,0,330788.707807958,11.3488512039185,53.944278717041,11.771861076355,57.2677192687988,28.9065570831299,-1.18666660785675,4.59071588516235,-3.06041717529297,7.65112495422363,0.406060367822647,-4.99677658081055,16.4459095001221,21.4338302612305,10.9485902786255,1.11782717951513,1.43174782318961
33000,48,"Fort Worth TX",1990,0,0.00585533725097775,0,0,0,0,0,1,0,0,1443045.09964848,24.3254470825195,52.6409759521484,8.58196067810059,65.722297668457,34.1445579528809,0.408050775527954,-1.48797631263733,-4.18884515762329,2.70086526870728,-1.10241878032684,2.59039402008057,11.6972923278809,9.19671058654785,13.8030052185059,0.833841786255286,0.561268779082078
33000,48,"Fort Worth TX",2000,1,0.00647623464465141,0,0,0,0,0,1,0,0,1810669.03606927,16.4957523345947,54.2122192382812,15.3257293701172,65.1446075439453,32.2984237670898,0.0554749369621277,-0.511825084686279,-1.36894524097443,0.857123255729675,1.66460871696472,-1.15278148651123,0.988687753677368,-0.217505872249603,1.72478818893433,1.58685781488424,2.15355831599488
33100,48,"Dallas TX",1990,0,0.0104756494984031,0,0,0,0,0,1,0,0,2581718.69472098,17.3660182952881,55.3140335083008,12.3809051513672,68.5244064331055,35.3201370239258,0.977793335914612,-3.82674336433411,-3.34698939323425,-0.479751825332642,-0.827210426330566,4.65395164489746,14.4105434417725,13.3186817169189,15.2291774749756,0.815523993654401,0.769248044354535
33100,48,"Dallas TX",2000,1,0.0122114541009068,0,0,0,0,0,1,0,0,3414160.12492847,13.5613698959351,56.073917388916,23.0428218841553,64.9374389648438,33.2286758422852,0.748991847038269,1.66313147544861,-2.21324825286865,3.87637948989868,1.14681994915009,-2.80994606018066,-3.43656539916992,-1.49999344348907,-3.05366516113281,2.77273806989361,2.60144309909631
33200,48,"undefined",1990,0,0.000658205302897841,0,0,0,0,0,1,0,0,162214.37419641,38.2080268859863,37.9199714660645,3.20769071578979,58.4934539794922,28.7627124786377,-0.426679193973541,0.0704705715179443,-2.19541645050049,2.26588845252991,-1.675448179245,1.60497725009918,11.2918853759766,4.50124740600586,14.6785259246826,0.524928674451344,0.988931449392428
33200,48,"undefined",2000,1,0.000660700839944184,0,0,0,0,0,1,0,0,184723.163847707,27.5801029205322,41.1102867126465,7.54788017272949,59.5752906799316,27.5725955963135,-0.850359737873077,0.936278223991394,-2.16186785697937,3.0981388092041,1.19148564338684,-2.12776231765747,-3.19385528564453,1.73282623291016,-3.4687180519104,1.73652772955787,1.45922967570366
33300,48,"undefined",1990,0,0.00148898479528725,0,0,0,0,0,1,0,0,366959.582795143,20.3829498291016,45.3654479980469,3.99384641647339,57.1512451171875,29.3193092346191,-0.49515688419342,0.519484281539917,-1.10036659240723,1.6198456287384,-0.55357962846756,0.034099817276001,11.9828224182129,12.7722263336182,12.1594429016113,1.33413133453555,1.32956957089055
33300,48,"undefined",2000,1,0.00155678589362651,0,0,0,0,0,1,0,0,435256.62430042,16.5042171478271,47.4705352783203,7.6063232421875,59.1697273254395,28.6155910491943,-1.05994391441345,0.822169423103333,-1.52473473548889,2.34690737724304,0.267470002174377,-1.0896452665329,0.524929583072662,-2.37028932571411,1.60980224609375,1.92924077446107,2.90264157109367
33400,48,"undefined",1990,0,0.00108943087980151,0,0,0,0,0,1,0,0,268489.729635164,25.957389831543,42.7729377746582,3.27948880195618,57.5676383972168,28.0081634521484,-0.56287944316864,-1.29622220993042,-2.17205572128296,0.87583065032959,-0.444227814674377,1.74044966697693,8.47187042236328,5.76472282409668,9.88445281982422,1.0200199672955,0.638463973802137
33400,48,"undefined",2000,1,0.00102975673507899,0,0,0,0,0,1,0,0,287906.272849739,21.4413776397705,46.5385894775391,6.86398839950562,58.9991149902344,28.1959915161133,-0.949120402336121,3.17449235916138,0.583763659000397,2.59073281288147,-0.435543388128281,-2.73895263671875,6.64949417114258,7.19703960418701,6.46959018707275,3.20822276080598,3.24983874000565
33500,48,"undefined",1990,0,0.00088977295672521,0,0,0,0,0,1,0,0,219284.116752207,25.6057796478271,36.5820159912109,1.96672570705414,57.5401763916016,27.5050258636475,-0.826431393623352,0.526320934295654,-1.67219042778015,2.19851136207581,-1.00139570236206,0.475078821182251,8.93106460571289,11.2653732299805,9.02209281921387,0.733089799506914,0.427768612463738
33500,48,"undefined",2000,1,0.000840066990349442,0,0,0,0,0,1,0,0,234871.542945877,21.8163871765137,42.7598190307617,4.64885234832764,59.9935531616211,27.2758903503418,-0.987050831317902,0.344361573457718,-1.81899333000183,2.1633505821228,1.01337575912476,-1.35774266719818,-0.324521750211716,-7.51951789855957,2.52505707740784,3.16144766094829,2.30648940868627
33601,40,"undefined",1990,0,0.000674210139550269,0,0,0,0,0,1,0,0,166158.765569359,16.5444946289062,41.580493927002,5.62611293792725,55.1658744812012,27.7876815795898,-0.609365582466125,-1.50240659713745,-0.131254643201828,-1.37115120887756,-0.502554297447205,2.00495719909668,8.6031436920166,12.8804206848145,6.08701705932617,0.568892737205936,0.331153112685548
33601,40,"undefined",2000,1,0.000611198076512665,0,0,0,0,0,1,0,0,170882.844667196,15.5266342163086,46.6603813171387,7.30711650848389,55.1148719787598,30.2793350219727,-0.762775540351868,3.51193952560425,-1.25173163414001,4.76367139816284,-0.404651135206223,-3.10728812217712,4.91108226776123,3.20666170120239,5.60406255722046,3.48421152600829,1.22826109931901
33602,40,"undefined",1990,0,0.00020596181275323,0,0,0,0,0,1,0,0,50759.1903446913,11.2556018829346,41.5857162475586,3.03635859489441,58.2953872680664,23.4470539093018,-1.08252251148224,-0.12671947479248,0.307288765907288,-0.434005260467529,-0.733312606811523,0.860032439231873,7.92665481567383,8.57639312744141,6.28705024719238,0.503419395111518,0.337577768386394
33602,40,"undefined",2000,1,0.000174103915924206,0,0,0,0,0,1,0,0,48677.1385618448,16.3387470245361,47.5077972412109,4.51131296157837,62.2755241394043,26.1951484680176,-1.02838635444641,4.39969110488892,-0.825789391994476,5.22547960281372,-1.02847492694855,-3.3712215423584,18.8739643096924,2.83309388160706,22.6573944091797,0.958506050839481,0.929241220532252
33603,40,"undefined",1990,0,4.16912334912922e-05,0,0,0,0,0,1,0,0,10274.7840592563,36.297119140625,41.5802803039551,5.73012924194336,55.0365867614746,27.9814777374268,-0.588240683078766,-1.19481682777405,-0.214777141809464,-0.980037450790405,-0.557922959327698,1.75273716449738,8.36763381958008,12.492847442627,5.82699775695801,2.56505099286394,1.86802519561272
33603,40,"undefined",2000,1,3.30783695972059e-05,0,0,0,0,0,1,0,0,9248.27211657166,31.3303318023682,46.6603813171387,7.30711650848389,55.1148719787598,30.2793350219727,-0.762775540351868,3.5119481086731,-1.25173163414001,4.76367139816284,-0.404651135206223,-3.10728812217712,4.91108226776123,3.20666170120239,5.60406255722046,3.42369801200509,4.64212616107486
33700,40,"undefined",1990,0,0.000447155791334808,0,0,0,0,0,1,0,0,110201.330691814,24.0484962463379,38.8306045532227,1.2451651096344,56.8706512451172,27.1722373962402,-0.747937858104706,2.51652598381042,-0.123406201601028,2.63992547988892,-2.02752995491028,-0.488993525505066,9.47918891906738,15.833568572998,8.08243751525879,0.997789457097496,0.740356827244715
33700,40,"undefined",2000,1,0.000425550388172269,0,0,0,0,0,1,0,0,118978.227079391,22.4051208496094,40.4880867004395,2.93995404243469,60.1603317260742,27.1529769897461,-0.921966433525085,4.18459510803223,-2.93105840682983,7.11565399169922,-1.70400249958038,-2.4805920124054,9.06971549987793,24.8156280517578,8.01045513153076,3.96600788053402,2.46792298932708
33801,40,"undefined",1990,0,0.000250205455813557,0,0,0,0,0,1,0,0,61663.0153415203,17.2647247314453,41.5857162475586,3.03635859489441,58.2953872680664,23.4470539093018,-1.08252251148224,-0.12671947479248,0.307288765907288,-0.434005260467529,-0.733312606811523,0.860032439231873,7.92665481567383,8.57639312744141,6.28705024719238,1.88419628893595,1.11591305675926
33801,40,"undefined",2000,1,0.000221084352233447,0,0,0,0,0,1,0,0,61812.2400871515,10.9720182418823,47.5077972412109,4.51131296157837,62.2755241394043,26.1951484680176,-1.02838635444641,4.39969110488892,-0.825789391994476,5.22547960281372,-1.02847492694855,-3.3712215423584,18.8739643096924,2.83309388160706,22.6573944091797,-0.390833474590551,-0.352409929889499
33802,40,"undefined",1990,0,0.000286493595922366,0,0,0,0,0,1,0,0,70606.209944725,20.6964359283447,41.5802803039551,5.73012924194336,55.0365867614746,27.9814777374268,-0.588240683078766,7.93569087982178,1.66827213764191,6.26741647720337,-2.06736707687378,-5.86832141876221,15.0764942169189,16.5876388549805,13.4395122528076,0.818301403765966,0.67858867218974
33802,40,"undefined",2000,1,0.000271791883278638,0,0,0,0,0,1,0,0,75989.3940919042,20.5451793670654,46.9250259399414,4.99294376373291,61.3834991455078,30.9394664764404,-0.663220167160034,1.41661512851715,-3.45087909698486,4.86749410629272,0.846738278865814,-2.26335430145264,5.58635187149048,1.23296463489532,7.55759620666504,2.57423082338326,2.33396922925624
33803,40,"Oklahoma City OK",1990,0,0.00415406562387943,0,0,0,0,0,1,0,0,1023767.51319839,14.7441473007202,53.8810501098633,4.82048797607422,64.7669525146484,33.9973487854004,0.119521617889404,0.212216377258301,-0.568515777587891,0.780731439590454,-1.55819690227509,1.34597873687744,7.12122917175293,5.49969673156738,7.34009742736816,1.36394314851944,0.550915194013056
33803,40,"Oklahoma City OK",2000,1,0.00411704229190946,0,0,0,0,0,1,0,0,1151070.19093043,13.3948917388916,55.4763870239258,8.25817680358887,64.9274978637695,33.3913726806641,-0.176299512386322,0.969163060188293,-3.10629177093506,4.07545042037964,0.559394359588623,-1.52855467796326,4.69214582443237,-3.04371976852417,6.21421003341675,2.48564379805233,2.92857723171784
33901,40,"undefined",1990,0,0.000266457704128698,0,0,0,0,0,1,0,0,65668.3745984286,21.395866394043,40.2856369018555,1.61820375919342,56.7255325317383,27.5510368347168,-0.703138649463654,2.72697806358337,-0.192280858755112,2.91925668716431,-1.91330242156982,-0.813671946525574,9.74769592285156,15.1051044464111,8.63204002380371,0.912669085864429,0.533141941234476
33901,40,"undefined",2000,1,0.000250444747507572,0,0,0,0,0,1,0,0,70021.0160660595,19.0666599273682,42.1713600158691,3.02799034118652,60.071460723877,27.3958473205566,-0.872017860412598,3.48993730545044,-2.46213912963867,5.95207738876343,-1.44071936607361,-2.0492205619812,8.2389965057373,24.0721702575684,6.83001136779785,3.31642141649993,1.72011703399033
33902,48,"undefined",1990,0,0.000617148529272527,0,0,0,0,0,1,0,0,152095.958780646,27.2865829467773,41.4752616882324,2.83384966850281,60.0564231872559,31.0353965759277,-0.272755563259125,1.84202790260315,-3.26093149185181,5.10296249389648,-1.81685757637024,-0.0251740217208862,9.93132591247559,9.86332893371582,12.1339797973633,1.28240011153708,1.12839075849982
33902,48,"undefined",2000,1,0.000641843769699335,0,0,0,0,0,1,0,0,179450.980989039,22.5775737762451,47.5577964782715,5.90156936645508,63.1797981262207,29.1076927185059,-0.707507610321045,2.68114471435547,-2.76781606674194,5.4489631652832,0.842662274837494,-3.52380537986755,3.42191982269287,2.32941770553589,5.67613315582275,3.86386403186453,4.34497327737448
34001,5,"undefined",1990,0,0.000741689873393625,0,0,0,0,0,1,0,0,182789.11414361,29.8639602661133,35.4383773803711,1.38715076446533,58.7092742919922,27.5820579528809,-0.547708511352539,2.6425302028656,0.584343075752258,2.05819010734558,-0.980205833911896,-1.66232287883759,18.6779975891113,16.3106918334961,19.3717956542969,2.90288220171105,1.76919389474461
34001,5,"undefined",2000,1,0.000750533072277904,0,0,0,0,0,1,0,0,209839.050135255,30.9789810180664,42.8681945800781,3.36067485809326,61.399585723877,27.7095260620117,-0.976134538650513,-4.57009267807007,-4.1369104385376,-0.433189511299133,4.27481031417847,0.295285671949387,-2.48445773124695,-0.523499071598053,-1.87328886985779,4.82196168685438,2.98471407047461
34002,40,"undefined",1990,0,0.000366858788765967,0,0,0,0,0,1,0,0,90412.1750714183,39.0519790649414,32.9345550537109,1.71117556095123,53.2961730957031,28.1992168426514,-0.784421324729919,0.965720415115356,0.335180759429932,0.630545616149902,-1.6541041135788,0.688380002975464,8.21442604064941,4.62398529052734,9.38949584960938,0.451532447169695,1.97310126758896
34002,40,"undefined",2000,1,0.000350620830431581,0,0,0,0,0,1,0,0,98028.9205321074,35.3582572937012,37.1537132263184,3.68500542640686,56.2136306762695,26.7441596984863,-1.12239933013916,2.78274512290955,-2.4386899471283,5.22143936157227,0.148513481020927,-2.9312584400177,13.0606384277344,6.95112800598145,15.8332424163818,2.11678288621381,0.747094799628069
34201,30,"undefined",1990,0,0.000108939544588793,0,0,0,0,0,0,1,0,26848.0983917713,3.10686159133911,43.5331687927246,1.59152603149414,61.534423828125,21.3121738433838,-0.869142293930054,-0.331288576126099,-0.546393752098083,0.215107202529907,-0.537275910377502,0.868561863899231,9.69562530517578,19.8478221893311,8.1817626953125,0.0207936970402835,0.00743357890093598
34201,30,"undefined",2000,1,9.33922055992298e-05,0,0,0,0,0,0,1,0,26111.2171074152,1.98037254810333,53.6933135986328,3.53426337242126,66.7758483886719,27.5841178894043,-1.11685740947723,0.507048189640045,-0.105030030012131,0.612071573734283,-1.01733529567719,0.510292410850525,10.0102424621582,10.9227046966553,10.15452003479,0.114893843958639,0.0764008586407629
34202,30,"undefined",1990,0,9.56720687099732e-05,0,0,0,0,0,0,1,0,23578.3352586627,5.93676471710205,48.687183380127,4.27297067642212,61.7513961791992,29.6554794311523,-0.486547350883484,3.75084280967712,-0.118869356811047,3.86971831321716,0.406175851821899,-4.15702438354492,7.94658660888672,5.03597259521484,6.24656677246094,0.753062243070543,0.0894330256564204
34202,30,"undefined",2000,1,9.022637095768e-05,0,0,0,0,0,0,1,0,25226.0915150642,2.94739413261414,53.6933135986328,3.53426337242126,66.7758483886719,27.5841178894043,-1.11685740947723,0.507048189640045,-0.105030030012131,0.612071573734283,-1.01733529567719,0.510292410850525,10.0102424621582,10.9227046966553,10.15452003479,0.0935606242153751,0.217244966249776
34203,30,"undefined",1990,0,0.000371045782230794,0,0,0,0,0,0,1,0,91444.0533904955,4.0380916595459,48.5622177124023,4.20795440673828,61.7461433410645,29.4485931396484,-0.496034473180771,3.65115404129028,-0.129310220479965,3.78046631813049,0.383135318756104,-4.03429269790649,7.9838752746582,5.47633171081543,6.2934398651123,0.725350540018583,0.26287893453714
34203,30,"undefined",2000,1,0.000344021013006568,0,0,0,0,0,0,1,0,96183.692958951,4.30089521408081,53.6933135986328,3.53426337242126,66.7758407592773,27.5841178894043,-1.11685740947723,0.507048189640045,-0.10502977669239,0.612071573734283,-1.01733529567719,0.510292410850525,10.0102424621582,10.9227046966553,10.15452003479,1.22855054572025,0.843705821330446
34204,30,"undefined",1990,0,5.11074395035394e-05,0,0,0,0,0,0,1,0,12595.4038496315,7.33333396911621,43.5331687927246,1.59152603149414,61.534423828125,21.3121738433838,-0.869142293930054,0.467789173126221,-0.601022481918335,1.06881260871887,-0.162680074572563,-0.305110216140747,6.66790008544922,18.4434413909912,5.94339370727539,0.0161068693880869,0.0149406010084855
34204,30,"undefined",2000,1,4.47494712716434e-05,0,0,0,0,0,0,1,0,12511.3559961021,7.84255695343018,50.3147201538086,1.7225261926651,66.5978393554688,23.6681976318359,-1.09936821460724,7.18143129348755,0.454988330602646,6.72644376754761,-2.14429020881653,-5.03713989257812,16.9238357543945,30.4144439697266,16.5948181152344,0.166942631630198,0.0373561346049886
34301,56,"undefined",1990,0,0.000135663722176105,0,0,0,0,0,0,1,0,33434.2577937841,11.4513416290283,47.3152275085449,1.67338049411774,64.4248733520508,23.0727024078369,-0.914747059345245,-0.474780797958374,0.129555910825729,-0.604337453842163,-0.101890042424202,0.576671957969666,13.6807441711426,29.3328762054443,12.4427795410156,0.23369221304538,0.147428847406772
34301,56,"undefined",2000,1,0.000132173518068157,0,0,0,0,0,0,1,0,36953.9581125379,9.31373882293701,55.4584732055664,3.76188373565674,65.7417831420898,23.7096405029297,-1.15629422664642,7.93054246902466,-0.338908284902573,8.26945495605469,-2.45819735527039,-5.47234725952148,17.7986965179443,3.47171497344971,19.1514835357666,0.470354438561323,0.28653870057696
34302,56,"undefined",1990,0,5.31270525243599e-05,0,0,0,0,0,0,1,0,13093.1363814473,14.0391263961792,47.3152275085449,1.67338049411774,64.4248733520508,23.0727024078369,-0.914747059345245,0.934725999832153,-0.630955398082733,1.56568288803101,-0.311174243688583,-0.62355101108551,6.33540153503418,0.818395614624023,6.689453125,-0.00265372397939877,-0.00905696565420537
34302,56,"undefined",2000,1,4.66932615381666e-05,0,0,0,0,0,0,1,0,13054.814004153,10.0453662872314,52.3612632751465,2.21885323524475,68.9450531005859,23.2842063903809,-1.16592693328857,5.19910860061646,1.03763699531555,4.16147708892822,-3.01799201965332,-2.18112134933472,18.9986228942871,33.1574859619141,18.3861598968506,0.168482991952439,0.0153905294250504
34303,56,"undefined",1990,0,0.00013634366041515,0,0,0,0,0,0,1,0,33601.8302354217,7.73028421401978,49.8214263916016,2.01719832420349,62.3268356323242,24.744743347168,-0.461090058088303,0.854718685150146,0.0514660030603409,0.803256034851074,0.416351109743118,-1.27107048034668,3.18589210510254,7.1500301361084,2.90365219116211,2.15576157165249,0.0232803677527234
34303,56,"undefined",2000,1,0.000130247441120446,0,0,0,0,0,0,1,0,36415.4488830566,6.93561601638794,53.8411674499512,2.98862385749817,67.5793609619141,25.2703285217285,-1.07229375839233,6.66875457763672,1.13652276992798,5.53223085403442,-3.68673014640808,-2.98202681541443,18.8458309173584,12.7446994781494,19.1978054046631,1.64055032703508,1.52474656593828
34304,56,"undefined",1990,0,0.000165263583767228,0,0,0,0,0,0,1,0,40729.1293999553,4.11037111282349,46.2989616394043,1.65138566493988,63.653636932373,22.6160011291504,-0.902916669845581,0.821411609649658,-0.620219826698303,1.44163370132446,-0.274259209632874,-0.547152757644653,6.60719871520996,4.23541069030762,6.71801567077637,0.0253322688254403,0.0544869480120772
34304,56,"undefined",2000,1,0.000164442375535145,0,0,0,0,0,0,1,0,45975.901142031,4.01801681518555,51.8168754577637,2.0868284702301,68.3223724365234,23.380521774292,-1.14923238754272,5.84624481201172,0.931812167167664,4.91443681716919,-2.84434533119202,-3.0019006729126,18.714973449707,33.6035308837891,18.1072788238525,0.36118913894841,0.0471392144756067
34305,30,"undefined",1990,0,5.31248406332452e-05,0,0,0,0,0,0,1,0,13092.5915131271,3.96800971031189,43.5331687927246,1.59152603149414,61.534423828125,21.3121738433838,-0.869142293930054,0.467789173126221,-0.601022481918335,1.06881260871887,-0.162680074572563,-0.305110216140747,6.66790008544922,18.4434413909912,5.94339370727539,0.0851141734046084,0.0713781561091606
34305,30,"undefined",2000,1,4.62086936749984e-05,0,0,0,0,0,0,1,0,12919.335115999,3.35777521133423,50.3147201538086,1.7225261926651,66.5978393554688,23.6681976318359,-1.09936821460724,7.18143129348755,0.454988330602646,6.72644376754761,-2.14429020881653,-5.03713989257812,16.9238357543945,30.4144439697266,16.5948181152344,0.0809327294620995,0.111258706730867
34306,30,"undefined",1990,0,6.72466285323026e-06,0,0,0,0,0,0,1,0,1657.28995796293,5.3953685760498,43.5331687927246,1.59152603149414,61.534423828125,21.3121738433838,-0.869142293930054,0.467789173126221,-0.601022481918335,1.06881260871887,-0.162680074572563,-0.305110216140747,6.66790008544922,18.4434413909912,5.94339370727539,0.0379276068674193,0
34306,30,"undefined",2000,1,4.37766539107542e-06,0,0,0,0,0,0,1,0,1223.93700589612,1.625408411026,50.3147201538086,1.7225261926651,66.5978393554688,23.6681976318359,-1.09936821460724,7.18143129348755,0.454988330602646,6.72644376754761,-2.14429020881653,-5.03713989257812,16.9238357543945,30.4145126342773,16.5948181152344,0.0118172532627016,0.102259793451854
34307,30,"undefined",1990,0,5.44697722943965e-05,0,0,0,0,0,0,1,0,13424.0491958857,5.17431879043579,43.5331687927246,1.59152603149414,61.534423828125,21.3121738433838,-0.869142293930054,0.467789173126221,-0.601022481918335,1.06881260871887,-0.162680074572563,-0.305110216140747,6.66790008544922,18.4434413909912,5.94339370727539,0.0258240902463886,0.0297311502400927
34307,30,"undefined",2000,1,4.32902488682885e-05,0,0,0,0,0,0,1,0,12103.3770329952,4.21043348312378,50.3147201538086,1.7225261926651,66.5978393554688,23.6681976318359,-1.09936821460724,7.18143129348755,0.454988330602646,6.72644376754761,-2.14429020881653,-5.03713989257812,16.9238357543945,30.4144439697266,16.5948181152344,0.0547855679597628,-0.00467477418484741
34308,30,"undefined",1990,0,0.000535731436684728,0,0,0,0,0,0,1,0,132030.750989258,7.64654350280762,53.0394020080566,1.99791157245636,67.1442108154297,30.4220771789551,-0.0875389575958252,2.16605067253113,0.42703115940094,1.73901915550232,-0.655812382698059,-1.5102356672287,10.0705146789551,28.5990715026855,8.72459411621094,0.141651581204184,0.087075362526454
34308,30,"undefined",2000,1,0.000543841335456818,0,0,0,0,0,0,1,0,152050.796023607,6.05496072769165,58.2232780456543,2.14966678619385,71.4055099487305,29.8381423950195,-0.404701977968216,1.86773705482483,0.420961022377014,1.44678354263306,-1.29919373989105,-0.568547427654266,13.7981014251709,15.4158725738525,13.0710601806641,0.652909528293656,0.432100180650424
34309,30,"undefined",1990,0,1.64872017194284e-05,0,0,0,0,0,0,1,0,4063.26296965405,8.34823036193848,49.346321105957,2.00899076461792,62.8508567810059,25.0000801086426,-0.555042147636414,2.64527201652527,0.104303285479546,2.54096388816833,0.0914823263883591,-2.73675179481506,5.09443283081055,8.18781852722168,4.8408031463623,0.112092250040992,0.188175661210974
34309,30,"undefined",2000,1,1.52195443661185e-05,0,0,0,0,0,0,1,0,4255.18201709539,2.94965577125549,58.7274894714355,2.6153199672699,69.2501449584961,26.2249526977539,-0.637035965919495,4.7423243522644,0.302563279867172,4.43976259231567,-2.08620476722717,-2.65612125396729,16.3745880126953,13.5251445770264,16.5316715240479,0.0153903106570803,0.725445296954896
34401,30,"undefined",1990,0,3.45775151799899e-05,0,0,0,0,0,0,1,0,8521.61185386777,5.10396957397461,56.4539794921875,2.51941871643066,64.4596252441406,29.7044849395752,-0.154366493225098,4.86074066162109,0.694872081279755,4.16586399078369,0.453529894351959,-5.31426382064819,3.21931838989258,-1.60369873046875,3.51395606994629,0.0150385600739848,0.0727719191066474
34401,30,"undefined",2000,1,3.32898162014317e-05,0,0,0,0,0,0,1,0,9307.38902518153,4.16173839569092,67.3625259399414,3.53169965744019,72.0741806030273,28.8246994018555,-0.166929364204407,2.03479194641113,-0.229671061038971,2.26446557044983,-1.96401286125183,-0.0707805156707764,15.8323554992676,6.87265396118164,16.4153919219971,4.70484509812236,0.0300532014279398
34402,30,"undefined",1990,0,0.000301184772979468,0,0,0,0,0,0,1,0,74226.8431495205,9.71880149841309,55.9487533569336,2.48313665390015,64.3452911376953,29.3627014160156,-0.183476358652115,4.71417331695557,0.659567832946777,4.05460596084595,0.426514446735382,-5.14068603515625,3.34887504577637,-1.01027488708496,3.60627174377441,1.06602051400702,0.209000506025917
34402,30,"undefined",2000,1,0.000338714686222374,0,0,0,0,0,0,1,0,94700.1213121265,10.6024293899536,66.789176940918,3.47085452079773,71.8833618164062,28.6528472900391,-0.198005139827728,2.21994948387146,-0.184595048427582,2.40454506874084,-1.97374880313873,-0.246201246976852,15.8674373626709,7.18498229980469,16.4243144989014,3.0632689901795,1.03668541600301
34403,30,"undefined",1990,0,0.000238899199757725,0,0,0,0,0,0,1,0,58876.5934782624,5.30355167388916,56.4539794921875,2.51941871643066,64.4596252441406,29.7044849395752,-0.154366493225098,3.01632285118103,0.179216638207436,2.83710360527039,-0.0137042254209518,-3.00261521339417,12.103796005249,16.8315887451172,11.2025260925293,0.368486709417368,0.899098807960033
34403,30,"undefined",2000,1,0.00025202301912941,0,0,0,0,0,0,1,0,70462.280230999,5.80477285385132,57.4318809509277,2.13407945632935,70.1342010498047,29.4430503845215,-0.370908677577972,-0.0683239549398422,-1.85595715045929,1.7876284122467,-0.132243022322655,0.200571745634079,0.803743124008179,0.268186837434769,1.80537366867065,0.314856397319098,1.91636587681632
34404,30,"undefined",1990,0,0.00021610947442241,0,0,0,0,0,0,1,0,53260.0749835372,7.69454336166382,56.4539794921875,2.51941871643066,64.4596252441406,29.7044849395752,-0.154366493225098,3.01632285118103,0.179216638207436,2.83710360527039,-0.013703852891922,-3.00261521339417,12.103796005249,16.8315887451172,11.2025260925293,0.192908821022787,0.114827703348809
34404,30,"undefined",2000,1,0.000194481472135521,0,0,0,0,0,0,1,0,54374.4319710732,7.39073610305786,57.4318809509277,2.13407945632935,70.1342010498047,29.4430503845215,-0.370908677577972,-0.0683239549398422,-1.85595715045929,1.7876284122467,-0.132243022322655,0.200571745634079,0.803743124008179,0.268186837434769,1.80537366867065,0.0467492525246627,0.558898849517634
34501,16,"undefined",1990,0,3.34098440362141e-05,0,0,0,0,0,0,1,0,8233.83971728384,34.5972785949707,50.3959426879883,3.11956334114075,59.3410568237305,26.4600219726562,-0.832536518573761,1.08062624931335,-1.93492913246155,3.01555991172791,-0.0835839658975601,-0.997045636177063,9.09485816955566,-8.80084037780762,14.8533821105957,0.463042348336626,0.368923487749776
34501,16,"undefined",2000,1,3.53889518009964e-05,0,0,0,0,0,0,1,0,9894.28004102409,25.4418067932129,52.9391937255859,3.0945405960083,61.8808937072754,28.111946105957,-0.853961765766144,5.3169641494751,-1.20220863819122,6.51916408538818,-3.13016724586487,-2.18679213523865,8.38300132751465,16.6997222900391,7.32292461395264,0.287233115224451,0.105008952720745
34502,30,"undefined",1990,0,6.98696603649296e-05,0,0,0,0,0,0,1,0,17219.3443548083,32.4890403747559,46.2827072143555,1.90172302722931,59.9236068725586,26.0909309387207,-0.792743265628815,0.442951917648315,-1.35110318660736,1.79405808448792,-1.54397523403168,1.10102295875549,6.02235794067383,-6.11929893493652,10.3976726531982,0.0328852042760433,0.301762024980879
34502,30,"undefined",2000,1,6.73996837576851e-05,0,0,0,0,0,0,1,0,18844.0547785163,26.3790397644043,53.0696258544922,2.93814063072205,62.0623817443848,30.010160446167,-0.730646014213562,-1.06104779243469,-7.66105270385742,6.60000514984131,-0.597515821456909,1.65855884552002,3.27171611785889,8.06106853485107,6.49377250671387,1.19102825913566,-0.312804427748006
34503,30,"undefined",1990,0,0.000356164848199114,0,0,0,0,0,0,1,0,87776.653626442,19.6568546295166,46.2827072143555,1.90172302722931,59.9236068725586,26.0909309387207,-0.792743265628815,0.442951917648315,-1.35110318660736,1.79405808448792,-1.54397523403168,1.10102295875549,6.02235794067383,-6.11929893493652,10.3976726531982,0.650477181187751,0.659486735190487
34503,30,"undefined",2000,1,0.000397890573367476,0,0,0,0,0,0,1,0,111244.904612303,16.7467632293701,53.0696258544922,2.93814063072205,62.0623817443848,30.010160446167,-0.730646014213562,-1.06104779243469,-7.66105270385742,6.60000514984131,-0.597515821456909,1.65855884552002,3.27171611785889,8.06106853485107,6.49377250671387,1.18416061035332,2.25424269646776
34504,30,"undefined",1990,0,0.000433334178524092,0,0,0,0,0,0,1,0,106795,15.0593309402466,57.1343421936035,2.781898021698,63.5077476501465,27.7410984039307,-0.375819355249405,3.03044319152832,-1.76325368881226,4.79369735717773,-0.994537770748138,-2.03590250015259,8.59160423278809,-0.723886489868164,10.7358455657959,0.511532754886837,0.157411074753332
34504,30,"undefined",2000,1,0.00047790544340387,0,0,0,0,0,0,1,0,133616,9.71683311462402,63.4043884277344,2.81250715255737,67.5716247558594,29.5489463806152,-0.394416004419327,-3.37599849700928,-1.04178488254547,-2.33421158790588,-0.897894501686096,4.27388906478882,5.68662357330322,-11.1064910888672,7.47019863128662,0.659506311045957,0.850518396143046
34601,56,"undefined",1990,0,0.000165547680808231,0,0,0,0,0,0,1,0,40799.1477495432,4.62723016738892,47.3152275085449,1.67338049411774,64.4248733520508,23.0727024078369,-0.914747059345245,0.934725999832153,-0.630955398082733,1.56568288803101,-0.311174243688583,-0.62355101108551,6.33540153503418,0.818395614624023,6.689453125,0.02276834410092,0.0394449725382628
34601,56,"undefined",2000,1,0.000163426404469647,0,0,0,0,0,0,1,0,45691.848736763,4.77180910110474,52.3612632751465,2.21885323524475,68.9450531005859,23.2842063903809,-1.16592693328857,5.19910860061646,1.03763699531555,4.16147708892822,-3.01799201965332,-2.18112134933472,18.9986228942871,33.1574859619141,18.3861598968506,0.223897046426527,0.0703208390525743
34602,56,"undefined",1990,0,6.73473041388206e-05,0,0,0,0,0,0,1,0,16597.7102262974,11.3150615692139,46.7515335083008,2.30195903778076,63.4569778442383,23.2594909667969,-0.971957445144653,-3.13323140144348,-1.79913783073425,-1.33408904075623,2.11899542808533,1.01423263549805,-8.66613388061523,-22.899055480957,-6.72087669372559,0.0234152033059034,0.0126675206774646
34602,56,"undefined",2000,1,5.71713171666488e-05,0,0,0,0,0,0,1,0,15984.3390232325,8.78936862945557,53.8411674499512,2.98862385749817,67.5793609619141,25.2703285217285,-1.07229375839233,6.66875457763672,1.13652276992798,5.53223085403442,-3.68673014640808,-2.98202681541443,18.8458309173584,12.7446994781494,19.1978054046631,0.13125196459561,0.497031688276158
34603,56,"undefined",1990,0,0.000293358782073483,0,0,0,0,0,0,1,0,72298.1326010227,7.87802934646606,49.8214263916016,2.01719832420349,62.3268356323242,24.744743347168,-0.461090058088303,1.31659507751465,-0.0717725604772568,1.38837099075317,0.188589841127396,-1.50518715381622,3.68809700012207,5.77659606933594,3.56502532958984,0.448008508214694,0.0444038732657904
34603,56,"undefined",2000,1,0.00028516014572233,0,0,0,0,0,0,1,0,79726.9776664972,6.32988977432251,53.6160697937012,2.87154197692871,67.7842864990234,24.9536609649658,-1.08722269535065,6.45362520217896,1.11702823638916,5.3365912437439,-3.58940649032593,-2.86421179771423,18.8811855316162,15.3654651641846,19.0802307128906,0.28362506193592,0.420438748572925
34604,56,"undefined",1990,0,1.01158202596707e-05,0,0,0,0,0,0,1,0,2493.03898613155,2.37388730049133,49.8214263916016,2.01719832420349,62.3268356323242,24.744743347168,-0.461090058088303,3.87108325958252,-0.753358364105225,4.62444400787354,-1.07107615470886,-2.80000710487366,6.36787414550781,-3.48653793334961,7.03921318054199,0.0335636841676508,0.023428902462178
34604,56,"undefined",2000,1,8.44452551973518e-06,0,0,0,0,0,0,1,0,2360.97703192383,6.92385053634644,52.3612632751465,2.21885323524475,68.9450531005859,23.2842063903809,-1.16592693328857,5.19910860061646,1.03763699531555,4.16147708892822,-3.01799201965332,-2.18112134933472,18.9986228942871,33.1574859619141,18.3861598968506,0.0759563595888072,0.0822741287161729
34801,35,"undefined",1990,0,0.000172266125446185,0,0,0,0,0,0,1,0,42454.9023520947,8.02707004547119,38.3364295959473,2.67556858062744,52.3809547424316,27.0944213867188,-0.766778230667114,2.78728008270264,-0.407750159502029,3.19502949714661,-2.55101871490479,-0.236260890960693,11.2221717834473,15.6158924102783,11.1402034759521,0.0238890030897289,0.0822528294370133
34801,35,"undefined",2000,1,0.000179626455064863,0,0,0,0,0,0,1,0,50221.166331619,4.47107124328613,48.5285682678223,6.05221271514893,57.3706283569336,29.1634044647217,-0.59660542011261,6.206946849823,-0.233134508132935,6.44007778167725,-0.473622232675552,-5.73332405090332,8.06556415557861,17.3556461334229,7.47258281707764,0.148098704030884,0.210148022211035
34802,35,"undefined",1990,0,0.000708281644620001,0,0,0,0,0,0,1,0,174555.673582077,4.62812805175781,54.3982429504395,4.9401741027832,64.0037460327148,30.606819152832,0.179078876972198,-1.40337347984314,-1.08688509464264,-0.316488742828369,-0.630399942398071,2.03377914428711,11.5725517272949,18.7610626220703,11.1318588256836,0.827756837827179,0.239967461662071
34802,35,"undefined",2000,1,0.000789120676927269,0,0,0,0,0,0,1,0,220627.638725042,4.04721593856812,59.0727462768555,10.0980110168457,64.0298004150391,30.9061317443848,0.102412104606628,2.98890900611877,-0.646511614322662,3.63541507720947,1.13999366760254,-4.12890529632568,8.41869640350342,20.8706855773926,8.36604022979736,0.261383224043132,0.332786228635083
34803,35,"undefined",1990,0,4.75717570225243e-05,0,0,0,0,0,0,1,0,11724.0366230011,2.1076226234436,39.8912353515625,8.21279335021973,51.8828735351562,25.2163772583008,-0.811154842376709,1.94346904754639,0.0343754887580872,1.90908908843994,-0.176260620355606,-1.76720321178436,5.78384399414062,-5.73639869689941,7.11865425109863,0.0402703651813378,0.439582465753321
34803,35,"undefined",2000,1,4.03730809921399e-05,0,0,0,0,0,0,1,0,11287.7760126889,4.54944467544556,50.7885589599609,7.61648511886597,58.2609634399414,27.334171295166,-1.04810476303101,7.41094350814819,0.0104733873158693,7.40047025680542,-0.393091052770615,-7.01785898208618,0.430107116699219,19.5071353912354,-2.70795822143555,0.158922878162814,0.283833285855012
34804,35,"undefined",1990,0,1.65947967616376e-05,0,0,0,0,0,0,1,0,4089.77986127883,3.19066262245178,39.8912353515625,8.21279335021973,51.8828735351562,25.2163772583008,-0.811154842376709,1.94346904754639,0.0343754887580872,1.90908908843994,-0.176260620355606,-1.76720321178436,5.78384399414062,-5.73639869689941,7.11865425109863,0.0392046128577622,0.0104112560509861
34804,35,"undefined",2000,1,1.55604575411417e-05,0,0,0,0,0,0,1,0,4350.49703776836,2.28763937950134,50.7885589599609,7.61648511886597,58.2609634399414,27.334171295166,-1.04810476303101,7.41094350814819,0.0104733873158693,7.40047025680542,-0.393091052770615,-7.01785898208618,0.430107116699219,19.5071353912354,-2.70795822143555,0.141159756305537,0.0513080378894009
34805,8,"undefined",1990,0,0.000162728669238277,0,0,0,0,0,0,1,0,40104.4022245333,6.81473159790039,44.8434600830078,3.04617238044739,56.6715660095215,25.5836601257324,-0.731954216957092,2.00632214546204,-0.141894817352295,2.14821696281433,-1.39203035831451,-0.614291429519653,15.2565002441406,14.4938945770264,15.4417991638184,0.139423119590245,0.467809322667192
34805,8,"undefined",2000,1,0.00016695233352948,0,0,0,0,0,0,1,0,46677.6516547408,5.67546129226685,51.2657279968262,6.80875873565674,61.6671371459961,25.1202259063721,-0.734186172485352,-1.63040852546692,-1.60709381103516,-0.0233139302581549,0.485113173723221,1.14529478549957,4.43288278579712,9.86031150817871,4.39977645874023,0.433912074521946,0.353459080280538
34901,35,"undefined",1990,0,0.00252189463935792,0,0,0,0,0,0,1,0,621519.721131265,11.3207588195801,51.6870422363281,6.70948266983032,62.4753646850586,32.4179954528809,0.216185748577118,-0.72217583656311,-1.02150774002075,0.299334526062012,-0.695115685462952,1.41728818416595,12.117338180542,22.1018314361572,11.189603805542,0.798707568905774,0.474862227747789
34901,35,"undefined",2000,1,0.00270072394050658,0,0,0,0,0,0,1,0,755086.474839866,10.8149366378784,56.4048652648926,10.8312330245972,63.3732070922852,32.2154388427734,-3.85940074920654e-05,2.38480734825134,-0.563594400882721,2.94840335845947,-0.090354785323143,-2.2944552898407,7.30167102813721,11.7128238677979,7.1580753326416,1.93822748710076,2.51890714141527
34902,35,"undefined",1990,0,6.90474626026116e-05,0,0,0,0,0,0,1,0,17016.7137802243,13.2678165435791,42.6921653747559,8.64288330078125,52.2294387817383,27.462833404541,-0.778003811836243,-1.69075727462769,-1.2471364736557,-0.443613529205322,-0.313120722770691,2.00387525558472,5.55720329284668,-3.88092994689941,7.00783729553223,1.19293550493463,0.223383301872294
34902,35,"undefined",2000,1,7.6462332799565e-05,0,0,0,0,0,0,1,0,21377.849955976,7.48164796829224,42.7027359008789,11.4377136230469,50.5637245178223,24.7275257110596,-1.02155160903931,7.11765432357788,1.64216363430023,5.47548723220825,-1.2822300195694,-5.83542251586914,-4.91912031173706,-4.95699453353882,-4.87593221664429,1.07054576247653,2.92647792434933
35001,4,"Phoenix AZ",1990,0,0.00923350173979998,0,0,0,0,0,0,1,0,2275592,16.5787315368652,55.0917205810547,9.44976139068604,64.3742599487305,33.9166297912598,0.381932556629181,-1.42866969108582,-2.18824815750122,0.759577751159668,-1.25178837776184,2.68045949935913,14.0463829040527,15.9206867218018,14.4361019134521,0.831573139863076,1.01187163931522
35001,4,"Phoenix AZ",2000,1,0.011810751631856,0,0,0,0,0,0,1,0,3302129,12.2683544158936,56.7921447753906,18.6118640899658,63.5997161865234,33.1898612976074,0.285198241472244,1.57845878601074,-2.9993588924408,4.57781553268433,0.265581279993057,-1.84404218196869,4.3257303237915,6.53130626678467,5.50447177886963,1.89750028792607,3.07400384719482
35002,4,"undefined",1990,0,0.000140040967380628,0,0,0,0,0,0,1,0,34513.0295355916,2.73494839668274,44.254264831543,20.2967262268066,48.9495048522949,31.5129241943359,-0.316632151603699,0.981295108795166,-1.66912472248077,2.65041589736938,-1.45551455020905,0.474223494529724,10.1795673370361,23.8899707794189,10.606050491333,0.0131782067646292,-0.0843336597529287
35002,4,"undefined",2000,1,0.000149119077832438,0,0,0,0,0,0,1,0,41691.7075338364,3.94919514656067,50.1971855163574,22.4464874267578,51.374626159668,29.7092342376709,-0.813186466693878,3.21093606948853,0.203141406178474,3.00779509544373,1.6117377281189,-4.82267570495605,6.50078868865967,-12.5051231384277,6.41311931610107,0.0438805461960661,0.0180276858381287
35100,4,"undefined",1990,0,0.00320788193494081,0,0,0,0,0,0,1,0,790580.935922384,12.5373687744141,55.6068954467773,13.3694114685059,59.0497016906738,30.7875518798828,-0.23273840546608,1.0458767414093,-0.142715498805046,1.1885941028595,-1.51126086711884,0.465381145477295,11.7538928985596,27.6653289794922,9.79180335998535,0.650573234717219,0.685264429847357
35100,4,"undefined",2000,1,0.00357205583713949,0,0,0,0,0,0,1,0,998699.292913675,11.5119199752808,59.0102386474609,17.2564144134521,60.813720703125,30.6509380340576,-0.317278951406479,0.434117674827576,-1.5578978061676,1.99201273918152,1.76980030536652,-2.20391583442688,7.21229839324951,13.6818199157715,7.46910953521729,1.14591083623938,1.26747978795735
35201,8,"undefined",1990,0,0.000591302232351154,0,0,0,0,0,0,1,0,145726.148693085,11.7464017868042,48.8100700378418,3.44221973419189,61.1402435302734,27.2278137207031,-0.666231989860535,4.03879261016846,-0.180971994996071,4.2197585105896,-1.09142398834229,-2.94736623764038,15.1223182678223,10.7439994812012,15.6951427459717,0.466644358895322,0.364842741357549
35201,8,"undefined",2000,1,0.000670361914671957,0,0,0,0,0,0,1,0,187424.27498053,10.0805139541626,55.5103187561035,4.88345766067505,68.6469879150391,28.067699432373,-0.805556416511536,5.3725414276123,-0.82384318113327,6.19638824462891,-1.26339387893677,-4.10914659500122,12.2387065887451,-0.415733873844147,13.191291809082,0.955494547136482,1.05232673918392
35202,8,"undefined",1990,0,4.38587339885999e-05,0,0,0,0,0,0,1,0,10808.9639129639,2.3986804485321,52.9422836303711,2.81067872047424,62.5011901855469,26.4466018676758,-0.546074450016022,10.6101751327515,-1.46695184707642,12.0771293640137,-2.50944423675537,-8.10073280334473,30.8879375457764,47.2027282714844,30.4750919342041,0.0192344336550897,0.00920257462827978
35202,8,"undefined",2000,1,5.30630859429948e-05,0,0,0,0,0,0,1,0,14835.7323596179,1.40194058418274,69.3375625610352,15.0745944976807,74.4971084594727,27.3125,-0.442632138729095,4.28152942657471,-0.0784402415156364,4.35996913909912,-0.797634959220886,-3.48389363288879,7.43865966796875,14.7516384124756,7.06890678405762,0.134959619338295,0.0632270109175399
35300,35,"undefined",1990,0,0.000524947827216238,0,0,0,0,0,0,1,0,129373.143466949,4.45036125183105,39.9335250854492,2.3802764415741,52.335823059082,27.2976226806641,-0.694632470607758,4.70476722717285,-0.419259816408157,5.12402057647705,-1.62947142124176,-3.07529258728027,15.4884815216064,20.6100463867188,15.1621341705322,0.127564556012198,0.0592313197211874
35300,35,"undefined",2000,1,0.000599194725509733,0,0,0,0,0,0,1,0,167526.871760845,5.67351341247559,49.4890441894531,4.01404333114624,58.2688522338867,26.938024520874,-0.94697105884552,6.94893074035645,0.545604944229126,6.4033350944519,-4.29703903198242,-2.65189576148987,8.80643272399902,16.060079574585,8.31760692596436,0.410266064700888,0.30629951454814
35401,4,"undefined",1990,0,0.000838299398310483,0,0,0,0,0,0,1,0,206598.485898271,10.5186367034912,53.9200668334961,4.51648759841919,55.149227142334,29.2342338562012,-0.49233078956604,4.04940843582153,-0.451916098594666,4.50133085250854,-0.855409741401672,-3.19400119781494,11.3835334777832,23.4528064727783,10.3785037994385,0.239771374584849,0.581131435744532
35401,4,"undefined",2000,1,0.00103745341766626,0,0,0,0,0,0,1,0,290058.176940531,7.70076608657837,59.3678550720215,7.79439830780029,62.4384765625,28.1748657226562,-0.644311010837555,3.45706081390381,-0.242505759000778,3.69956684112549,-0.753795981407166,-2.70326232910156,6.45766925811768,9.999342918396,6.05923795700073,1.10207071449772,0.714122813768842
35402,8,"undefined",1990,0,0.000132831482915208,0,0,0,0,0,0,1,0,32736.2549868524,11.9194793701172,50.7561874389648,2.59311175346375,60.4085922241211,25.0932636260986,-0.714423298835754,2.37671136856079,0.325709223747253,2.05100178718567,-1.18420231342316,-1.192507147789,15.3427124023438,8.95471572875977,15.6601428985596,1.86220069175514,0.803321847248179
35402,8,"undefined",2000,1,0.000143924873555079,0,0,0,0,0,0,1,0,40239.4790474772,6.6658353805542,55.3290138244629,5.16870355606079,64.8642349243164,25.8409328460693,-0.89288741350174,6.43177556991577,-0.146557703614235,6.57833433151245,-1.66640913486481,-4.76537418365479,6.55344581604004,-0.691890716552734,7.30167102813721,0.816621422825824,1.63687350136521
35500,4,"undefined",1990,0,0.00080733303911984,0,0,0,0,0,0,1,0,198966.839509606,10.8428049087524,32.1695518493652,1.48295438289642,42.1280517578125,26.1058540344238,-1.01751720905304,1.3218492269516,-0.691625654697418,2.01347780227661,-1.19578695297241,-0.126063823699951,4.17037010192871,10.1385593414307,4.20880317687988,0.146224251988158,0.100611337700166
35500,4,"undefined",2000,1,0.000872839358635247,0,0,0,0,0,0,1,0,244034.259409428,6.11911249160767,39.3544273376465,2.62704944610596,46.9684143066406,28.0769500732422,-0.978077709674835,4.81368398666382,-0.504200220108032,5.3178882598877,-4.33778762817383,-0.475896239280701,5.89976978302002,9.92952060699463,5.90624141693115,0.581592626165975,0.320991972521146
35701,16,"undefined",1990,0,0.000386085856007412,0,0,0,0,0,0,1,0,95150.6724321842,14.6967868804932,46.0269241333008,5.94520998001099,64.5364456176758,23.9516162872314,-0.368769198656082,-1.8771231174469,-0.771702826023102,-1.10542178153992,-0.0540304929018021,1.93115472793579,11.0610961914062,2.38924026489258,12.6883506774902,0.188128369991561,0.570140297330713
35701,16,"undefined",2000,1,0.00043692922918126,0,0,0,0,0,0,1,0,122159.593338251,11.9269008636475,50.0618057250977,12.5273571014404,64.9646072387695,24.7611827850342,-0.571021318435669,1.65695810317993,0.0174173284322023,1.63953638076782,-2.5059015750885,0.848946809768677,1.82253980636597,2.51177382469177,1.73064637184143,1.02199165312641,0.831366428291706
35702,16,"undefined",1990,0,0.000153140194015577,0,0,0,0,0,0,1,0,37741.3287869692,35.1979713439941,46.0269241333008,5.94520998001099,64.5364456176758,23.9516162872314,-0.368769198656082,-1.8771231174469,-0.771702826023102,-1.10542178153992,-0.0540304929018021,1.93115472793579,11.0610961914062,2.38924026489258,12.6883506774902,0.434022733309468,2.80039651857906
35702,16,"undefined",2000,1,0.000150341234984808,0,0,0,0,0,0,1,0,42033.407912612,27.0353908538818,50.0618057250977,12.5273571014404,64.9646072387695,24.7611827850342,-0.571021318435669,1.65695810317993,0.0174173284322023,1.63953638076782,-2.5059015750885,0.848946809768677,1.82253980636597,2.51177382469177,1.73064637184143,3.30034289168166,3.34256947952391
35801,16,"undefined",1990,0,0.00135039736051112,0,0,0,0,0,0,1,0,332804.791922092,20.0588779449463,53.207706451416,4.60952091217041,67.5263977050781,30.5643501281738,0.00344932079315186,0.670552253723145,0.391919910907745,0.278633832931519,-0.221418216824532,-0.449134409427643,16.625452041626,20.7952976226807,15.6609535217285,2.27975390331574,0.645299142283226
35801,16,"undefined",2000,1,0.00176230084616691,0,0,0,0,0,0,1,0,492715.853784204,17.5578899383545,58.7726402282715,7.81376647949219,68.0202331542969,30.7755737304688,0.0571659207344055,-2.44920587539673,-4.91031885147095,2.46110987663269,1.75508058071136,0.694125890731812,5.87824392318726,9.48892307281494,7.06509208679199,5.82400309077742,3.41555477725347
35802,41,"undefined",1990,0,0.000199799134861678,0,0,0,0,0,0,0,1,49240.3994261622,24.0954284667969,39.9735946655273,5.80687618255615,59.6018142700195,26.4121742248535,-0.5754474401474,-2.26370096206665,-2.94839954376221,0.684696435928345,-0.43772941827774,2.70143461227417,13.9501094818115,8.33392143249512,16.6505813598633,0.3531313119552,1.04043159139088
35802,41,"undefined",2000,1,0.000226683900109492,0,0,0,0,0,0,0,1,63377.80181247,22.3613967895508,47.1858673095703,9.05039501190186,58.9538917541504,25.3010845184326,-0.957532048225403,5.45638799667358,-2.66259694099426,8.11897850036621,-0.139846861362457,-5.31654262542725,3.10209822654724,-3.8642201423645,4.27763795852661,2.41117591206798,1.95172873615584
35803,16,"undefined",1990,0,3.59758050763048e-05,0,0,0,0,0,0,1,0,8866.21964868903,15.606782913208,38.7137908935547,6.35035276412964,61.4109268188477,27.1350383758545,-0.574449956417084,-2.56779193878174,-1.97860968112946,-0.589179992675781,-0.925180673599243,3.4929723739624,15.6198024749756,16.8193340301514,16.2400245666504,0.085562687404798,0.120272049022926
35803,16,"undefined",2000,1,4.04756610805634e-05,0,0,0,0,0,0,1,0,11316.455933556,7.09755563735962,48.0750160217285,9.69900226593018,59.1356506347656,25.3199882507324,-0.969464480876923,2.90296769142151,-3.44709825515747,6.35005760192871,1.85599231719971,-4.75895833969116,9.25343418121338,2.12247037887573,10.1908960342407,0.078187059009695,-0.0837842581523773
35901,49,"undefined",1990,0,0.00030063180020079,0,0,0,0,0,0,1,0,74090.5634813309,11.407039642334,55.3023834228516,2.95516633987427,57.2097015380859,25.8429489135742,-0.524640798568726,1.1275589466095,-0.680239856243134,1.80780291557312,0.101686641573906,-1.22925043106079,8.74209403991699,9.37018394470215,8.68072509765625,0.886767135498113,0.593566736334693
35901,49,"undefined",2000,1,0.000463190022855997,0,0,0,0,0,0,1,0,129501.763682961,12.2864818572998,59.1694602966309,5.45636367797852,60.4906692504883,25.9057102203369,-0.706441283226013,5.43375539779663,-1.34744119644165,6.78119516372681,-0.549952924251556,-4.88380241394043,7.94117832183838,26.0742034912109,6.47517585754395,1.64634915101632,1.30519018102264
35902,49,"undefined",1990,0,0.000189594968105666,0,0,0,0,0,0,1,0,46725.5894055367,9.40409660339355,49.5558052062988,2.44354653358459,56.862174987793,23.5264205932617,-0.876347422599792,2.9229462146759,0.0387553125619888,2.88418531417847,-0.953869163990021,-1.96907520294189,9.42511558532715,2.34861373901367,10.0365161895752,0.138818302971367,0.457112535026864
35902,49,"undefined",2000,1,0.000192984429304488,0,0,0,0,0,0,1,0,53955.8776482642,10.0577697753906,55.481876373291,5.02729082107544,61.315502166748,25.6272754669189,-0.739790141582489,6.05950164794922,-1.69049036502838,7.74999189376831,-2.06708455085754,-3.99241924285889,8.39430904388428,25.6767272949219,7.78191471099854,0.599207621150971,0.592427636969199
35903,49,"undefined",1990,0,2.69502652372466e-05,0,0,0,0,0,0,1,0,6641.87978327274,1.77608692646027,46.6871757507324,2.18815112113953,56.6853828430176,22.3239421844482,-1.05891335010529,3.78736257553101,0.252047926187515,3.53531837463379,-1.35357344150543,-2.43379163742065,11.2775325775146,-2.38428115844727,12.1930599212646,0.102894497277693,0.165899314756959
35903,49,"undefined",2000,1,3.0457465982181e-05,0,0,0,0,0,0,1,0,8515.50189521909,3.08371663093567,52.9962005615234,4.73806667327881,61.8923110961914,25.4517230987549,-0.76081645488739,6.5096869468689,-2.03606224060059,8.54574775695801,-3.12629389762878,-3.38338947296143,10.1639881134033,34.72607421875,9.94409847259521,0.210643239156525,0.110121163510597
35904,49,"undefined",1990,0,8.36923645692877e-05,0,0,0,0,0,0,1,0,20625.9438528121,13.9368190765381,55.3023834228516,2.95516633987427,57.2097015380859,25.8429489135742,-0.524640798568726,1.1275589466095,-0.680239856243134,1.80780291557312,0.101686641573906,-1.22925043106079,8.74209403991699,9.37018394470215,8.68072509765625,0.160159909727942,0.552001063642346
35904,49,"undefined",2000,1,8.92452080734074e-05,0,0,0,0,0,0,1,0,24951.7730919421,10.729323387146,59.1694602966309,5.45636367797852,60.4906692504883,25.9057102203369,-0.706441283226013,5.43375539779663,-1.34744119644165,6.78119516372681,-0.549952924251556,-4.88380241394043,7.94117832183838,26.0742034912109,6.47517585754395,0.215182030474028,0.465776011143321
35905,49,"undefined",1990,0,8.80972311279038e-06,0,0,0,0,0,0,1,0,2171.15209184587,3.5301513671875,55.3023834228516,2.95516633987427,57.2097015380859,25.8429489135742,-0.524640798568726,1.1275589466095,-0.680239856243134,1.80780291557312,0.101686641573906,-1.22925043106079,8.74209403991699,9.37018394470215,8.68072509765625,0.00250750648168226,0.000576958991587162
35905,49,"undefined",2000,1,8.85076497070258e-06,0,0,0,0,0,0,1,0,2474.55597743019,10.5253353118896,59.1694602966309,5.45636367797852,60.4906692504883,25.9057102203369,-0.706441283226013,5.43375539779663,-1.34744119644165,6.78119516372681,-0.549952387809753,-4.88380241394043,7.94117832183838,26.0742034912109,6.47517585754395,0.271715384928289,-0.0478241133636662
36000,49,"undefined",1990,0,0.00113814591895789,0,0,0,0,0,0,1,0,280495.518935591,17.6947422027588,69.6496734619141,5.42446422576904,58.6540412902832,29.2543449401855,0.129740387201309,2.90622711181641,-3.04521775245667,5.95144653320312,0.224067643284798,-3.130295753479,16.2567615509033,12.1123790740967,18.6733722686768,0.888672160331867,0.982049581196028
36000,49,"undefined",2000,1,0.00138653349131346,0,0,0,0,0,0,1,0,387656.299943864,11.9691581726074,70.5553207397461,9.1902904510498,61.6767692565918,29.3575611114502,0.165285766124725,-0.907463669776917,-2.02697086334229,1.11950290203094,-1.15918338298798,2.06664633750916,3.79126405715942,14.3660144805908,3.18397808074951,1.79544615768725,4.5654634512337
36100,49,"Salt Lake City UT",1990,0,0.00458028586581349,0,0,0,0,0,0,1,0,1128809.23782843,16.0190811157227,57.6961326599121,5.56326007843018,66.6079177856445,33.8801422119141,0.420661628246307,0.240129232406616,-1.69889783859253,1.93902850151062,-0.127700716257095,-0.1124307513237,13.390064239502,11.00754737854,14.1899108886719,0.813336910150787,0.718366927460833
36100,49,"Salt Lake City UT",2000,1,0.00509772356599569,0,0,0,0,0,0,1,0,1425255.61372077,13.7818794250488,59.7227821350098,11.5012054443359,67.8498001098633,33.7507171630859,0.366023778915405,1.68841218948364,-1.28124761581421,2.96965670585632,-0.911600887775421,-0.776808202266693,1.18984496593475,-1.03793823719025,1.88459658622742,2.52463006319768,2.04398257343024
36200,49,"undefined",1990,0,0.00048634156701155,0,0,0,0,0,0,1,0,119858.643540263,47.0058288574219,59.6196365356445,5.63231992721558,61.1374931335449,29.2888736724854,0.218475237488747,2.06071138381958,-3.89395046234131,5.954665184021,-0.70594322681427,-1.35476732254028,7.65581130981445,4.49185371398926,13.5839939117432,2.10489287509548,0.734164914523816
36200,49,"undefined",2000,1,0.000540633976925164,0,0,0,0,0,0,1,0,151154.070870191,38.4826965332031,60.024772644043,7.23576831817627,64.9723663330078,31.5799179077148,0.0772754102945328,2.10975742340088,-3.82891511917114,5.93866634368896,-1.01407277584076,-1.09568452835083,4.40617990493774,1.84985566139221,8.10480117797852,5.61416860502488,3.57887070469491
36301,16,"undefined",1990,0,0.000957437790930271,0,0,0,0,0,0,1,0,235960.078240395,18.3736305236816,52.7387504577637,4.02748870849609,59.9856910705566,26.0143718719482,-0.186201706528664,1.62510871887207,-1.06476175785065,2.68986821174622,0.2438735216856,-1.86898410320282,8.05420875549316,9.1062068939209,8.33477973937988,0.435708359268106,0.972649033740486
36301,16,"undefined",2000,1,0.000950868881773204,0,0,0,0,0,0,1,0,265850.275204062,14.7500429153442,57.78076171875,6.18902826309204,64.5789947509766,26.6916790008545,-0.449223220348358,1.85126924514771,-1.96867549419403,3.81995105743408,-1.20410215854645,-0.647168099880219,-2.24474501609802,-8.04737663269043,-0.639643013477325,1.45107597360919,2.92190274232341
36302,16,"undefined",1990,0,4.46903359261341e-05,0,0,0,0,0,0,1,0,11013.9116179943,12.543776512146,55.1551399230957,4.73202991485596,59.1519775390625,25.532262802124,-0.145483314990997,1.24385952949524,-1.69732797145844,2.94118523597717,0.605604767799377,-1.84946060180664,8.09168815612793,-0.946617126464844,9.90819931030273,0.221994483054699,0.206095199049135
36302,16,"undefined",2000,1,4.31428816227708e-05,0,0,0,0,0,0,1,0,12062.1749545038,9.35635757446289,59.2751312255859,6.89874219894409,63.3496208190918,26.5652923583984,-0.289418935775757,3.96038818359375,0.185582786798477,3.77480459213257,-0.817572951316833,-3.14281892776489,-1.62369871139526,-0.0628743842244148,-1.75448822975159,0.587676585803406,0.416009080165379
36303,56,"undefined",1990,0,5.90647978242487e-05,0,0,0,0,0,0,1,0,14556.4907713234,3.45516204833984,48.683967590332,2.86076140403748,62.4521026611328,23.7500705718994,-0.793562293052673,-1.37283205986023,-1.54900777339935,0.176173448562622,0.853268444538116,0.519563257694244,5.69548606872559,2.63042449951172,6.49456977844238,0.100024038712445,0.530331250663431
36303,56,"undefined",2000,1,8.59827196109109e-05,0,0,0,0,0,0,1,0,24039.6230328679,3.06757473945618,57.384651184082,5.01596784591675,64.094367980957,24.4805526733398,-0.963158011436462,7.71071243286133,-0.608045101165771,8.31875610351562,-1.86604833602905,-5.84466123580933,12.9929943084717,-7.94138240814209,14.8833827972412,0.1315542512303,0.221477542240446
36401,8,"undefined",1990,0,0.000127777675515972,0,0,0,0,0,0,1,0,31490.7454009056,2.01607465744019,60.8969459533691,5.75141859054565,73.8411331176758,25.6123371124268,-0.297864973545074,-3.23843359947205,-0.282756984233856,-2.95568108558655,-1.5011340379715,4.73956775665283,15.9339904785156,28.1997203826904,15.5311107635498,0.0665730116116987,0.0795009873045337
36401,8,"undefined",2000,1,0.000143865894642659,0,0,0,0,0,0,1,0,40222.9892060757,1.62830913066864,60.0591316223145,8.38877010345459,70.4812469482422,24.9183006286621,-0.72255551815033,1.51336193084717,-1.03236281871796,2.54573130607605,0.802864670753479,-2.31623005867004,9.86889457702637,-1.67138242721558,10.1103105545044,0.137385354325537,0.107226349522772
36402,49,"undefined",1990,0,0.000141039723530412,0,0,0,0,0,0,1,0,34759.1720787287,5.25764179229736,46.6871757507324,2.18815135955811,56.6853828430176,22.3239421844482,-1.058913230896,3.78736257553101,0.252047538757324,3.53531837463379,-1.35357344150543,-2.43379163742065,11.2775325775146,-2.38428115844727,12.1930599212646,0.0213268204376939,0.0540836428680317
36402,49,"undefined",2000,1,0.000141784752486274,0,0,0,0,0,0,1,0,39641.130346477,4.91934108734131,52.9961929321289,4.73806667327881,61.8923110961914,25.4517230987549,-0.76081645488739,6.5096869468689,-2.03606176376343,8.54574775695801,-3.12629389762878,-3.38338947296143,10.1639881134033,34.72607421875,9.94409847259521,0.268421292068715,0.191516615073307
36403,16,"undefined",1990,0,5.24980205227621e-05,0,0,0,0,0,0,1,0,12938.1119637489,23.3841228485107,49.8501968383789,3.18528270721436,60.9915809631348,26.5941295623779,-0.235167518258095,2.08429098129272,-0.301910936832428,2.38620042800903,-0.18729493021965,-1.89699530601501,7.9810619354248,13.6362075805664,6.28528594970703,0.524753050133688,0.553672300645095
36403,16,"undefined",2000,1,4.8355468607042e-05,0,0,0,0,0,0,1,0,13519.5449651182,29.6449432373047,55.9929847717285,5.33996629714966,66.0583114624023,26.8387832641602,-0.635226249694824,-0.704893052577972,-4.32119131088257,3.61629915237427,-1.70032358169556,2.40521550178528,-2.88874769210815,-8.25418758392334,0.726086735725403,2.26613063779021,5.76889316947704
36404,56,"undefined",1990,0,0.000313245749566704,0,0,0,0,0,0,1,0,77199.2655595168,6.26743936538696,47.0478134155273,2.37765765190125,63.3517990112305,23.3757095336914,-0.948529779911041,-2.00157165527344,-1.54299628734589,-0.458580255508423,0.875915944576263,1.12565755844116,5.12256622314453,3.55014801025391,5.84449768066406,0.273343764944501,0.0570095246703207
36404,56,"undefined",2000,1,0.000286239373963326,0,0,0,0,0,0,1,0,80028.7191882692,8.18688678741455,56.8389587402344,4.49945068359375,64.3206024169922,24.0792999267578,-1.12154614925385,8.89899063110352,-0.971127867698669,9.87012004852295,-2.19629335403442,-6.70269823074341,16.7734966278076,-3.52307748794556,18.9034595489502,0.70922945793354,0.668639569965881
36501,6,"undefined",1990,0,0.000557845283765346,0,0,0,0,0,0,0,1,137480.700283766,22.632833480835,44.8565559387207,5.06639671325684,54.9131851196289,24.7843570709229,-1.01317381858826,-0.281250476837158,-3.50749945640564,3.22625041007996,0.0704050064086914,0.210842490196228,8.83827209472656,2.3341178894043,10.6639385223389,0.588242205298223,0.324643743779202
36501,6,"undefined",2000,1,0.0005569425993599,0,0,0,0,0,0,0,1,155713.742465138,15.6187753677368,50.6375617980957,7.57037305831909,59.0582008361816,24.9134407043457,-1.24540388584137,2.95590496063232,-1.67189800739288,4.62780666351318,-0.874997198581696,-2.08090877532959,-2.28527617454529,-6.55555725097656,-1.22506272792816,1.59830242243179,0.909639899028047
36502,41,"undefined",1990,0,2.82286819128785e-05,0,0,0,0,0,0,0,1,6956.94515344501,37.2623519897461,41.1076812744141,5.31763458251953,57.9547653198242,25.7415561676025,-0.576372861862183,-2.07090377807617,-3.86241674423218,1.79151296615601,0.100861489772797,1.97004377841949,12.6000881195068,1.43313407897949,17.0485496520996,0.222864973927952,0.372704512592463
36502,41,"undefined",2000,1,2.79258474620292e-05,0,0,0,0,0,0,0,1,7807.69497291744,29.6236667633057,46.3260688781738,8.42319774627686,58.780143737793,25.2814884185791,-0.94516396522522,7.99843215942383,-1.91408288478851,9.91251659393311,-2.05574440956116,-5.94268941879272,-3.60509347915649,-10.0784301757812,-1.57642364501953,1.40406297333454,0.494301357871986
36503,41,"undefined",1990,0,2.86500071524642e-05,0,0,0,0,0,0,0,1,7060.7803953439,30.1903133392334,41.1076812744141,5.31763458251953,57.9547653198242,25.7415561676025,-0.576372861862183,-2.07090377807617,-3.86241674423218,1.79151296615601,0.100861489772797,1.97004377841949,12.6000881195068,1.43313407897949,17.0485496520996,0.106412479912655,0.322357821119934
36503,41,"undefined",2000,1,2.71164026344195e-05,0,0,0,0,0,0,0,1,7581.38497921824,21.9503307342529,46.3260688781738,8.42319774627686,58.780143737793,25.2814884185791,-0.94516396522522,7.99843215942383,-1.91408288478851,9.91251659393311,-2.05574440956116,-5.94268941879272,-3.60509347915649,-10.0784301757812,-1.57642364501953,0.728314825111462,0.493152629679641
36600,6,"undefined",1990,0,0.000797868182417005,0,0,0,0,0,0,0,1,196634.236899853,15.5823965072632,48.3354034423828,5.79176187515259,54.6593475341797,27.6785011291504,-0.537769556045532,-0.913053750991821,-2.21697497367859,1.3039231300354,-0.00976026058197021,0.922814011573792,4.07810211181641,2.9078483581543,5.19099235534668,0.302855604487936,0.254972094553636
36600,6,"undefined",2000,1,0.000780498434323817,0,0,0,0,0,0,0,1,218216.980200529,11.778959274292,53.5436401367188,8.67834854125977,57.2323875427246,27.1972236633301,-0.873897194862366,0.362217426300049,-1.46269106864929,1.82491540908813,-0.498663634061813,0.136443540453911,3.22355556488037,-3.29358243942261,4.51816844940186,0.75761421748384,1.03363192378043
36700,6,"undefined",1990,0,0.000531005498487502,0,0,0,0,0,0,0,1,130866.046316504,19.7905521392822,55.5520133972168,6.08588218688965,57.9796028137207,26.9223251342773,-0.677092015743256,-1.38989090919495,-3.06593108177185,1.67604088783264,-0.030922144651413,1.42080783843994,1.53250694274902,-7.05146789550781,4.86621856689453,0.162333245758908,0.998947720143649
36700,6,"undefined",2000,1,0.000503928982652724,0,0,0,0,0,0,0,1,140891.827988818,15.431022644043,58.045352935791,6.99480628967285,61.1935958862305,28.9209003448486,-0.473148375749588,2.16289067268372,-2.20715260505676,4.37004232406616,-1.68263280391693,-0.480251669883728,1.46838593482971,0.857489466667175,2.90931963920593,0.603130798201812,0.236672424967596
36800,41,"undefined",1990,0,0.000844572961796075,0,0,0,0,0,0,0,1,208144.599339545,20.9257698059082,47.7100868225098,4.52424335479736,59.7714233398438,28.7381896972656,-0.624310314655304,-0.583362579345703,-3.51152873039246,2.92816162109375,-0.474659740924835,1.05802416801453,10.6416702270508,0.134563446044922,14.8037910461426,0.798742648980362,0.585728329090448
36800,41,"undefined",2000,1,0.000907938170712441,0,0,0,0,0,0,0,1,253847.430871844,15.0430593490601,53.5252799987793,5.95133018493652,60.627269744873,28.2270393371582,-0.61791205406189,0.759039580821991,-3.53207468986511,4.2911171913147,0.16007998585701,-0.919120669364929,-4.87559175491333,-10.2908267974854,-3.42430400848389,3.13816330226095,1.81354986705037
36901,6,"undefined",1990,0,0.000173198452102952,0,0,0,0,0,0,0,1,42684.6747223586,16.5962944030762,45.4795913696289,3.92153215408325,53.6020393371582,25.1342945098877,-1.18965554237366,-0.10981559753418,-4.96005773544312,4.85024452209473,-0.399348884820938,0.509163737297058,5.96170425415039,0.864458084106445,8.47277641296387,0.136876589689076,0.280548704241899
36901,6,"undefined",2000,1,0.000175189270521514,0,0,0,0,0,0,0,1,48980.5871067941,13.241340637207,52.6260604858398,5.79911661148071,58.3238143920898,26.1941814422607,-1.24799084663391,-0.340257376432419,-1.05423903465271,0.713978469371796,0.051937997341156,0.288320451974869,-0.102315634489059,2.51381731033325,-0.0641686543822289,0.396116702230082,0.126497280860351
36902,41,"undefined",1990,0,0.000621360959485173,0,0,0,0,0,0,0,1,153134.1039294,29.5523529052734,42.9230651855469,2.82874894142151,54.7123260498047,26.4344635009766,-0.972213089466095,0.967830419540405,-3.02184748649597,3.98968172073364,-1.19854247570038,0.230711698532104,8.54067802429199,8.6296558380127,10.7347011566162,0.219667345582029,1.15476375669443
36902,41,"undefined",2000,1,0.000588785682339221,0,0,0,0,0,0,0,1,164616.63509953,19.9617958068848,47.9072227478027,3.51765108108521,59.6339225769043,27.8620681762695,-0.909893453121185,-1.38118433952332,-2.36161255836487,0.980419754981995,0.80302357673645,0.578165054321289,-5.7095799446106,-19.1927642822266,-0.864369511604309,1.64585720928857,1.18882228318629
37000,6,"undefined",1990,0,0.00248202681541443,0,0,0,0,0,0,0,1,611694.345762014,21.0163860321045,42.7706108093262,19.9845600128174,53.238582611084,27.8786144256592,-0.336373150348663,-2.8046727180481,-1.7948694229126,-1.00980401039124,1.14686346054077,1.65781080722809,5.5992603302002,6.97150230407715,5.33123016357422,0.453247783395654,0.674785161913694
37000,6,"undefined",2000,1,0.00261805159971118,0,0,0,0,0,0,0,1,731972.39978683,19.2789402008057,44.3005905151367,25.4999961853027,53.4385223388672,27.6272621154785,-0.469790995121002,4.10832691192627,-0.591371715068817,4.69969844818115,-1.32509636878967,-2.78322601318359,0.819478750228882,-2.76858472824097,2.00142168998718,1.59375081685948,1.02215264324921
37100,6,"undefined",1990,0,0.00219879113137722,0,0,0,0,0,0,0,1,541891,7.97146797180176,42.374584197998,16.3853302001953,53.1298713684082,25.8784675598145,-0.0631812959909439,-4.9614372253418,-0.868446350097656,-4.0929913520813,1.06094622612,3.90049505233765,-0.191783905029297,2.58278846740723,-0.511312484741211,0.245280816067774,0.115658965198354
37100,6,"undefined",2000,1,0.00232804706320167,0,0,0,0,0,0,0,1,650891,9.35653495788574,42.8735961914062,24.0688781738281,51.431697845459,25.5578937530518,-0.3733129799366,6.219651222229,-0.320546329021454,6.5402045249939,-1.37495458126068,-4.84470367431641,3.63554286956787,12.8113193511963,2.56477093696594,0.751032294123221,0.890519597415026
37200,6,"Fresno CA",1990,0,0.0047575393691659,0,0,0,0,0,0,0,1,1172493.29385471,15.6545457839966,41.6499443054199,22.7542762756348,53.9843368530273,28.2447967529297,0.00164642930030823,-3.89748811721802,-1.03426468372345,-2.86322236061096,1.24614095687866,2.65134572982788,5.73678016662598,3.79219055175781,5.810546875,0.47003055223346,0.481255665786239
37200,6,"Fresno CA",2000,1,0.00508427293971181,0,0,0,0,0,0,0,1,1421495,14.9909811019897,42.3711967468262,29.7171821594238,52.9887428283691,27.2066345214844,-0.217212215065956,4.80036211013794,-0.299972623586655,5.10033559799194,-2.37831473350525,-2.42204761505127,1.97505950927734,5.35031747817993,1.83173584938049,1.56265275354626,1.20237527911724
37300,6,"undefined",1990,0,0.00141482404433191,0,0,0,0,0,0,0,1,348682.715404749,13.7344093322754,53.9735870361328,11.5558910369873,53.530086517334,28.4510498046875,-0.515890598297119,0.507456064224243,-0.788708806037903,1.29616856575012,0.352257490158081,-0.859719514846802,7.35139846801758,6.64739608764648,7.47890472412109,0.409430556980917,0.348297130080615
37300,6,"undefined",2000,1,0.00137858418747783,0,0,0,0,0,0,0,1,385433.790323794,12.3277711868286,54.4079360961914,15.4866485595703,55.9343757629395,27.7512760162354,-0.646620690822601,2.95114517211914,-1.5656623840332,4.51680612564087,1.0954737663269,-4.0466103553772,6.67299556732178,13.1049156188965,6.53389549255371,1.07445449073469,0.868476441740036
37400,6,"Sacramento CA",1990,0,0.00861550681293011,0,0,0,0,0,0,0,1,2123287.46330047,12.1927652359009,56.1310119628906,13.7319822311401,62.1579704284668,32.2673416137695,0.117516815662384,-2.0465612411499,-0.848204612731934,-1.19835734367371,0.253680348396301,1.7928808927536,10.1333141326904,15.1206016540527,9.4853401184082,0.528413248958172,0.310987976367617
37400,6,"Sacramento CA",2000,1,0.0092167854309082,0,0,0,0,0,0,0,1,2576890.62737149,10.1637954711914,58.4366912841797,19.8472499847412,62.1940498352051,32.0103721618652,0.201990455389023,1.5936324596405,-1.58262622356415,3.1762547492981,1.13829123973846,-2.73192358016968,6.19479608535767,5.61032962799072,6.74275016784668,2.02014186563506,1.62129886216694
37500,6,"San Jose CA",1990,0,0.0085930610075593,0,0,0,0,0,0,0,1,2117755.70170021,31.2305774688721,60.7411155700684,27.5024032592773,66.5474624633789,30.8285942077637,0.926178693771362,-2.90781855583191,-3.26648807525635,0.358664989471436,-0.639938592910767,3.54775786399841,19.0311431884766,21.6690063476562,18.1660175323486,3.15007899664155,2.51286040829505
37500,6,"San Jose CA",2000,1,0.00860012695193291,0,0,0,0,0,0,0,1,2404481,20.7591705322266,63.1257934570312,40.4932670593262,63.1619338989258,28.9510841369629,1.23972153663635,-0.390759527683258,-5.96466779708862,5.57391119003296,1.99070203304291,-1.59994196891785,5.33580780029297,21.2461605072021,6.00392484664917,7.32306185511882,10.7265913091653
37601,32,"undefined",1990,0,0.000203545554541051,0,0,0,0,0,0,1,0,50163.7036327124,1.66668057441711,39.477954864502,7.79541444778442,61.213493347168,24.9379653930664,-1.00620329380035,-4.6201286315918,-0.224850505590439,-4.39528226852417,0.0786487013101578,4.5414776802063,6.72750473022461,24.8996734619141,5.98626136779785,0.0218231657359011,0.0440361794982714
37601,32,"undefined",2000,1,0.000222121278056875,0,0,0,0,0,0,1,0,62102.1510264874,1.92369115352631,43.8707084655762,11.5703926086426,59.1628684997559,24.736852645874,-0.974648118019104,0.634602129459381,-1.02921235561371,1.6638126373291,-0.225620090961456,-0.408977270126343,8.17101383209229,6.98443794250488,7.36154842376709,0.157665577777298,0.0643278749753863
37602,32,"undefined",1990,0,6.97073774063028e-05,0,0,0,0,0,0,1,0,17179.3503726721,3.68219828605652,39.477954864502,7.79541444778442,61.213493347168,24.9379653930664,-1.00620329380035,-4.6201286315918,-0.224850505590439,-4.39528226852417,0.0786487013101578,4.5414776802063,6.72750473022461,24.8996734619141,5.98626136779785,0.00960791330783984,0.41643050581456
37602,32,"undefined",2000,1,8.14625673228875e-05,0,0,0,0,0,0,1,0,22775.8497523665,5.62066173553467,43.8707084655762,11.5703926086426,59.1628684997559,24.736852645874,-0.974648118019104,0.634602129459381,-1.02921235561371,1.6638126373291,-0.225620090961456,-0.408977270126343,8.17101383209229,6.98443794250488,7.36154842376709,0.143201012547252,0.0411950614325869
37603,6,"undefined",1990,0,9.33359115151688e-05,0,0,0,0,0,0,0,1,23002.5912287235,25.7816143035889,59.3214149475098,3.88399291038513,58.8429946899414,30.4192848205566,-0.707288980484009,0.0799715518951416,-2.19117188453674,2.2711455821991,-0.419119745492935,0.339147448539734,6.58164024353027,1.32670402526855,7.86008834838867,0.0458742574276193,0.302135583249878
37603,6,"undefined",2000,1,8.8584260083735e-05,0,0,0,0,0,0,0,1,24766.9797534049,21.3268909454346,64.0836486816406,5.83159685134888,63.922290802002,27.4414291381836,-0.803225338459015,4.12396860122681,-1.84152817726135,5.96549701690674,1.170290350914,-5.29425716400146,3.60700082778931,11.868613243103,3.21252012252808,1.4258039756068,-0.165665925806634
37604,32,"undefined",1990,0,0.00135150260757655,0,0,0,0,0,0,1,0,333077.181812674,8.97399806976318,52.8329620361328,10.3018703460693,71.068489074707,32.7359809875488,0.0438147783279419,-4.75780963897705,-0.312652438879013,-4.44515323638916,-0.461466252803802,5.21927452087402,10.6212615966797,14.3655776977539,10.2592945098877,0.429501842117016,0.26490052334379
37604,32,"undefined",2000,1,0.00162934372201562,0,0,0,0,0,0,1,0,455542.822351545,9.30044364929199,56.2796249389648,16.3526439666748,67.5295257568359,32.9932746887207,0.0912611186504364,1.30996537208557,-1.02403974533081,2.33399868011475,1.20482063293457,-2.51478171348572,5.92272615432739,12.8853664398193,5.25174808502197,1.17219958706429,1.38454724813903
37700,6,"undefined",1990,0,0.00210396037437022,0,0,0,0,0,0,0,1,518520,16.3079490661621,57.9798202514648,10.9256048202515,66.2705154418945,30.0313320159912,-0.241082310676575,-1.61359310150146,-0.116465985774994,-1.49712562561035,-0.371844321489334,1.98543965816498,11.4746570587158,14.3340587615967,10.7961654663086,1.00959161749494,0.95231909131669
37700,6,"undefined",2000,1,0.00215887604281306,0,0,0,0,0,0,0,1,603593,16.8855323791504,60.4217300415039,16.765380859375,67.6823654174805,30.3179054260254,-0.0532278418540955,-2.21805906295776,-4.22420263290405,2.00613903999329,1.48349940776825,0.734559118747711,-1.21947693824768,3.43458986282349,-0.806604146957397,3.25336685089914,2.65157997011322
37800,6,"San Francisco CA",1990,0,0.0167690981179476,0,0,0,0,0,0,0,1,4132736,11.9825620651245,62.898551940918,24.7145347595215,68.1185302734375,34.1586570739746,0.667581081390381,-2.15197205543518,-1.30726552009583,-0.844711065292358,-0.68892240524292,2.8408989906311,17.3368453979492,18.5133934020996,16.520357131958,0.682835163119963,0.468154832757713
37800,6,"San Francisco CA",2000,1,0.0166167784482241,0,0,0,0,0,0,0,1,4645830,10.5151977539062,66.4151763916016,33.2165031433105,66.1139678955078,32.6539916992188,0.820836424827576,0.718295574188232,-1.95756447315216,2.67586541175842,1.51149713993073,-2.22979688644409,7.22169876098633,15.5840606689453,6.53518962860107,2.05232040207256,1.80247550449889
37901,32,"Las Vegas NV",1990,0,0.00346675026230514,0,0,0,0,0,0,1,0,854378.935625076,3.56215691566467,45.1542816162109,11.958046913147,65.1213912963867,30.716365814209,0.182869434356689,-3.89088988304138,-0.44427365064621,-3.44661474227905,-0.248197838664055,4.13908386230469,11.3146305084229,7.34190940856934,11.1840724945068,0.254919158673025,0.244535852939054
37901,32,"Las Vegas NV",2000,1,0.0056155095808208,0,0,0,0,0,0,1,0,1570021.71446109,3.85610413551331,47.4092407226562,22.4593887329102,61.9941520690918,31.7313919067383,0.175257325172424,5.53087663650513,-0.191006004810333,5.72188425064087,0.0291498638689518,-5.56002759933472,7.51440906524658,8.23157215118408,7.36883735656738,0.381970537558794,0.402742410249794
37902,32,"undefined",1990,0,2.60240885836538e-05,0,0,0,0,0,0,1,0,6413.62418042123,41.5426712036133,39.477954864502,7.79541444778442,61.213493347168,24.9379653930664,-1.00620329380035,-4.6201286315918,-0.224850505590439,-4.39528226852417,0.0786487013101578,4.5414776802063,6.72750473022461,24.8996734619141,5.98626136779785,-0.0753508281224353,-9.99142440605283e-05
37902,32,"undefined",2000,1,1.79217659024289e-05,0,0,0,0,0,0,1,0,5010.68699545413,4.80295896530151,43.8707084655762,11.5703926086426,59.1628684997559,24.736852645874,-0.974648118019104,0.634602129459381,-1.02921235561371,1.6638126373291,-0.225620090961456,-0.408977270126343,8.17101383209229,6.98443794250488,7.36154842376709,0.0401031468524187,0.029867298770329
37903,6,"undefined",1990,0,0.000113328394945711,0,0,0,0,0,0,0,1,27929.7280130684,2.2973313331604,50.3593254089355,4.75846099853516,57.4598236083984,29.1586456298828,-0.646766543388367,-0.55394172668457,-1.4111350774765,0.857192277908325,1.09414231777191,-0.540202856063843,9.04088020324707,18.3532238006592,8.61606597900391,0.0369190036496055,0.00893523527818413
37903,6,"undefined",2000,1,0.000109812710434198,0,0,0,0,0,0,0,1,30702.1719290018,2.88059759140015,57.7702331542969,6.01149034500122,60.1675453186035,27.5499248504639,-1.09528136253357,2.11587119102478,-0.797315418720245,2.91318559646606,-0.188562482595444,-1.92730331420898,7.06877040863037,2.59413027763367,7.40160274505615,0.0772478832746109,0.0917732850518454
38000,6,"San Diego CA",1990,0,0.01015864033252,0,0,0,0,0,0,0,1,2503592,15.5773344039917,57.7334327697754,22.0786018371582,62.9411582946777,32.1564102172852,0.0606121122837067,-1.39105319976807,-1.38254535198212,-0.00850558280944824,-0.165557861328125,1.55660808086395,11.5892887115479,10.7147693634033,11.0660076141357,1.51615886931952,1.52509483655635
38000,6,"San Diego CA",2000,1,0.0100429421290755,0,0,0,0,0,0,0,1,2807873,13.0297365188599,61.6811408996582,28.1697959899902,61.7169456481934,31.9832420349121,0.165138989686966,2.33215951919556,-2.07584023475647,4.40800189971924,0.0112040769308805,-2.34336519241333,15.2851505279541,24.6506423950195,13.1718082427979,3.08284375341734,2.63238780260146
38100,6,"undefined",1990,0,0.000860192405525595,0,0,0,0,0,0,0,1,211994,7.91531801223755,36.0530662536621,33.8791542053223,47.8277893066406,26.2849597930908,-0.37617951631546,-3.27887535095215,-0.544548034667969,-2.73432731628418,-1.25155222415924,4.53042411804199,5.99932670593262,5.82695007324219,6.11672401428223,1.17231089064455,0.313308160618272
38100,6,"undefined",2000,1,0.00108104571700096,0,0,0,0,0,0,0,1,302246,7.49664306640625,39.4883460998535,40.7094650268555,47.0043792724609,25.1996459960938,-0.859985828399658,9.79301738739014,-0.399371087551117,10.1923856735229,0.275356441736221,-10.0683736801147,-2.87205839157104,-14.4203052520752,-2.9696056842804,1.54039870359248,1.61927546907052
38200,6,"undefined",1990,0,0.00238560000434518,0,0,0,0,0,0,0,1,587930,14.3993330001831,61.2483673095703,17.415657043457,64.4211349487305,30.2261714935303,0.0685058534145355,-3.05248498916626,-1.5827864408493,-1.46970152854919,0.908473491668701,2.14401197433472,6.43606185913086,8.04762840270996,6.72388076782227,1.47806593876954,1.08631547523493
38200,6,"undefined",2000,1,0.00231403368525207,0,0,0,0,0,0,0,1,646973,11.3016796112061,62.9604339599609,21.8919906616211,62.4814796447754,29.1046981811523,0.0862173736095428,1.36608731746674,-1.67316770553589,3.03925776481628,-0.50876396894455,-0.857323408126831,5.86611890792847,11.245659828186,5.51945829391479,2.24796135943678,1.75115048995836
38300,6,"Los Angeles CA",1990,0,0.0588728450238705,0,0,0,0,0,0,0,1,14509184.3332188,21.32053565979,50.7505722045898,34.2643547058105,61.7968444824219,34.5771942138672,0.620061695575714,-6.44146203994751,-4.06750535964966,-2.37395763397217,-0.0363759696483612,6.47783422470093,3.21645736694336,-2.0538330078125,4.45303916931152,1.27694028757079,1.26114684832034
38300,6,"Los Angeles CA",2000,1,0.0586431883275509,0,0,0,0,0,0,0,1,16395855.1978321,16.6179809570312,51.9106979370117,41.5079040527344,57.0818977355957,34.1679916381836,0.475241243839264,6.38512229919434,-2.12181043624878,8.50693702697754,-0.234859317541122,-6.1502628326416,2.70645952224731,6.41093921661377,1.98493695259094,3.58725280661195,2.64195691441902
38401,16,"undefined",1990,0,0.000320409599225968,0,0,0,0,0,0,1,0,78964.7951061726,28.9069232940674,54.0727806091309,4.39458751678467,59.0780448913574,26.2437343597412,-0.71491539478302,1.77367329597473,-2.25708341598511,4.03075218200684,-0.182562321424484,-1.59111022949219,8.7944507598877,10.1857662200928,9.93838310241699,0.17090879039341,0.213176220341256
38401,16,"undefined",2000,1,0.000321153813274577,0,0,0,0,0,0,1,0,89790.3344574571,20.6694221496582,61.4667472839355,5.67797422409058,64.2880249023438,27.3456993103027,-0.668580293655396,-0.490478098392487,0.252838641405106,-0.743312478065491,-0.476329445838928,0.966804385185242,0.644683837890625,0.96791136264801,1.25578474998474,0.733753266499824,0.371768827932501
38402,53,"undefined",1990,0,0.00027813168708235,0,0,0,0,0,0,0,1,68545.4174976349,7.98368358612061,58.6289176940918,5.97452688217163,58.7486724853516,25.964822769165,-0.563238561153412,1.56608819961548,-1.71903514862061,3.28512191772461,0.317300111055374,-1.88338756561279,9.29341316223145,11.1081123352051,9.9586009979248,0.188757748820962,0.09716287717166
38402,53,"undefined",2000,1,0.000274084362899885,0,0,0,0,0,0,0,1,76630.3383598924,8.75827407836914,63.4310836791992,7.58076238632202,63.4274826049805,27.1530418395996,-0.580471277236938,-0.707098424434662,0.0948746278882027,-0.801972031593323,-1.00088012218475,1.70798397064209,3.58274984359741,7.60023975372314,3.26279211044312,0.629782921330784,0.258263691711679
38501,53,"undefined",1990,0,0.00027518646675162,0,0,0,0,0,0,0,1,67819.5734713078,22.368236541748,41.2239761352539,8.78654003143311,54.6699333190918,22.1375789642334,-0.690207779407501,-2.30464339256287,-1.68278443813324,-0.62185525894165,0.785650312900543,1.51898860931396,9.539794921875,9.57322120666504,10.2045059204102,0.585844655939043,1.92811570877855
38501,53,"undefined",2000,1,0.000323025771649554,0,0,0,0,0,0,0,1,90313.7042379379,22.9238719940186,45.0235290527344,15.3110761642456,56.8987007141113,24.1045913696289,-0.563065469264984,1.63452124595642,-0.720218896865845,2.35473251342773,-0.79515677690506,-0.839356899261475,1.50312697887421,-5.73546552658081,3.48983478546143,2.9229318767997,4.34077908519074
38502,53,"undefined",1990,0,0.00031086997478269,0,0,0,0,0,0,0,1,76613.7579498291,11.6652479171753,48.1509704589844,8.82961368560791,61.2800903320312,26.3624076843262,-0.350204586982727,-1.76988840103149,-1.83547365665436,0.0655889511108398,0.850939750671387,0.918948650360107,13.0995273590088,8.7852954864502,13.969087600708,0.213086438379959,1.0270781482856
38502,53,"undefined",2000,1,0.00035353991552256,0,0,0,0,0,0,0,1,98845.0568300486,10.0836372375488,53.1739158630371,14.8919734954834,62.8790664672852,26.7389087677002,-0.507580399513245,4.77690362930298,0.0886390283703804,4.68826293945312,-4.35895109176636,-0.417947769165039,3.77600526809692,10.5111255645752,3.56374454498291,1.04939697255192,2.16569796002509
38601,53,"undefined",1990,0,0.00200315448455513,0,0,0,0,0,0,0,1,493676.472256303,17.2863388061523,56.8874549865723,4.47900247573853,61.2824668884277,30.288631439209,-0.341069847345352,1.21960043907166,-1.46299457550049,2.68259644508362,0.434919446706772,-1.65451765060425,9.83076095581055,6.29944801330566,11.0506057739258,1.39665462435518,0.783124059190009
38601,53,"undefined",2000,1,0.00218172138556838,0,0,0,0,0,0,0,1,609980.234944224,13.6872653961182,59.3208961486816,5.22559118270874,64.305419921875,29.9373149871826,-0.459443628787994,1.44894635677338,-1.27441644668579,2.72336173057556,-1.83638823032379,0.387442976236343,4.16265201568604,-1.15060806274414,5.03751230239868,2.61456224064517,1.56933704957467
38602,53,"undefined",1990,0,0.000282378285191953,0,0,0,0,0,0,0,1,69591.9936215878,25.4440078735352,44.5523262023926,8.80723667144775,57.8654289245605,24.1729164123535,-0.526409208774567,-2.09157466888428,-1.702481508255,-0.389093160629272,0.820775330066681,1.27080082893372,11.2976551055908,9.35978889465332,12.1167182922363,0.667131803292567,1.92707704473492
38602,53,"undefined",2000,1,0.000308939110254869,0,0,0,0,0,0,0,1,86375.2648306191,17.5021705627441,48.8191680908203,15.1158990859985,59.7179527282715,25.3455429077148,-0.536928057670593,3.10557222366333,-0.350123018026352,3.45569849014282,-2.45754742622375,-0.64803022146225,2.57144665718079,-0.560419917106628,3.51313161849976,0.577499295861649,4.17156320704178
38700,53,"undefined",1990,0,0.000816288928035647,0,0,0,0,0,0,0,1,201174.018454731,30.2120151519775,42.9915428161621,3.86231231689453,54.7437438964844,26.2245979309082,-0.785282850265503,1.07924342155457,-3.78458881378174,4.86382246017456,-0.0738166272640228,-1.00542306900024,4.6715259552002,3.53336334228516,7.9831600189209,0.389689995255261,1.37337382515301
38700,53,"undefined",2000,1,0.000787967815995216,0,0,0,0,0,0,0,1,220305.309184551,23.5626945495605,49.2519073486328,5.68045902252197,59.7783088684082,26.9888916015625,-0.930788218975067,-0.800754308700562,-2.71846032142639,1.91771125793457,-0.878044009208679,1.67879891395569,-1.77104139328003,-1.04257035255432,-0.102792471647263,1.79962711262937,1.29869902509203
38801,41,"Portland OR",1990,0,0.00589486910030246,0,0,0,0,0,0,0,1,1452787.63576725,19.3513088226318,59.4742164611816,7.72944593429565,67.787353515625,32.6978797912598,0.298251211643219,-1.4263927936554,-1.91172659397125,0.485330820083618,0.327453374862671,1.09894132614136,17.0315265655518,20.6106662750244,16.6014194488525,1.53128423882847,0.669808364527077
38801,41,"Portland OR",2000,1,0.00658948766067624,0,0,0,0,0,0,0,1,1842333.01981746,16.1947689056396,62.7014083862305,14.1862316131592,67.6296005249023,31.6521797180176,0.318522751331329,-1.04383909702301,-2.92951822280884,1.88567805290222,0.486741632223129,0.5570969581604,2.32553482055664,8.94723606109619,2.22185683250427,2.95837330367561,3.10148930007294
38802,41,"undefined",1990,0,0.000229541838052683,0,0,0,0,0,0,0,1,56570.4763905406,23.5210857391357,47.060131072998,4.47449731826782,61.5485687255859,27.7405300140381,-0.665351271629333,-2.79406905174255,-3.1927056312561,0.398635864257812,0.805966913700104,1.9881055355072,5.16548156738281,1.45092010498047,7.47456550598145,0.954737979017261,1.31495221488603
38802,41,"undefined",2000,1,0.000236900319578126,0,0,0,0,0,0,0,1,66234.1758157313,18.0918598175049,46.0182266235352,9.84209442138672,61.0285682678223,25.6882247924805,-0.748437404632568,0.713373959064484,-2.88578987121582,3.59915828704834,0.131677836179733,-0.845049142837524,-5.30283784866333,-2.20796036720276,-4.58376741409302,4.02944807479573,3.50196233729822
38901,41,"undefined",1990,0,0.00319726322777569,0,0,0,0,0,0,0,1,787964,23.0137748718262,56.0866889953613,6.38342666625977,62.4803199768066,29.1447486877441,-0.284004211425781,1.08914971351624,-0.880224227905273,1.96937322616577,0.0751912593841553,-1.16434240341187,13.8863086700439,11.9847297668457,14.7027969360352,1.14372631245718,0.617892736899276
38901,41,"undefined",2000,1,0.00335293496027589,0,0,0,0,0,0,0,1,937436,19.8469715118408,58.6717491149902,10.3183851242065,65.1193542480469,29.3870658874512,-0.22159144282341,-1.81619620323181,-2.3611752986908,0.544973790645599,0.447578221559525,1.36861848831177,-1.77907943725586,0.214099884033203,-1.48119246959686,3.22504241154465,2.07064645533161
38902,41,"undefined",1990,0,0.000245621253270656,0,0,0,0,0,0,0,1,60533.2397801876,15.8437232971191,44.9495010375977,4.23396635055542,58.6855392456055,26.2373390197754,-0.881405413150787,1.69187188148499,-2.15520334243774,3.84706854820251,0.435665249824524,-2.12753415107727,8.79721641540527,10.7907295227051,8.93187522888184,0.560872125461525,0.292081005935264
38902,41,"undefined",2000,1,0.000245926203206182,0,0,0,0,0,0,0,1,68757.6899058223,12.5545959472656,51.0593299865723,5.35520648956299,63.9659652709961,28.558385848999,-0.714242577552795,-2.24746966362,0.484631538391113,-2.73208951950073,-1.01647055149078,3.2639331817627,1.29577088356018,-0.511714398860931,1.70816683769226,0.315087193737474,0.907515508329005
39000,53,"undefined",1990,0,0.000871020078193396,0,0,0,0,0,0,0,1,214662.479842186,17.5566501617432,39.4056816101074,14.0812616348267,59.3870391845703,28.2282524108887,-0.0635024905204773,-3.85590195655823,-0.676277279853821,-3.17962169647217,0.581219792366028,3.27467918395996,11.8768215179443,13.8072967529297,11.5500450134277,0.799024128746492,0.49547500420664
39000,53,"undefined",2000,1,0.000919276848435402,0,0,0,0,0,0,0,1,257017.564562321,15.6658277511597,40.5026054382324,22.2362823486328,58.3005027770996,26.4599647521973,-0.3360915184021,4.18014192581177,0.0301535651087761,4.14998197555542,-1.37776672840118,-2.80237197875977,-6.0227255821228,-0.271660953760147,-6.43777847290039,1.62747599504557,1.21467478524749
39100,53,"undefined",1990,0,0.00107935222331434,0,0,0,0,0,0,0,1,266005.850890636,28.5989322662354,53.5010986328125,8.73602485656738,60.0459213256836,25.7563152313232,-0.192996636033058,-0.351899862289429,-2.08191657066345,1.73001885414124,0.244868546724319,0.107026100158691,9.70268249511719,6.20646476745605,10.6302738189697,0.811745383819479,1.16109038535922
39100,53,"undefined",2000,1,0.00119349244050682,0,0,0,0,0,0,0,1,333684.605315894,14.8386898040771,54.9377250671387,14.4871559143066,63.6723022460938,26.3612384796143,-0.330435693264008,0.96032452583313,-1.21016323566437,2.17048621177673,-1.09330189228058,0.132982224225998,0.817298889160156,0.681127846240997,0.958170175552368,1.30453174750213,5.36117524383574
39201,41,"undefined",1990,0,0.000155817324412055,0,0,0,0,0,0,0,1,38401.1033529043,23.1855926513672,45.6578063964844,6.24185705184937,61.0780792236328,25.1186008453369,-0.594401836395264,0.688254833221436,-2.08117508888245,2.76943445205688,-0.216302275657654,-0.471955537796021,10.4097843170166,6.2650203704834,11.7374897003174,1.05132155365498,0.290772875125267
39201,41,"undefined",2000,1,0.000149347426486202,0,0,0,0,0,0,0,1,41755.5509152412,21.6385593414307,49.6432914733887,9.47061538696289,64.6126937866211,26.7912502288818,-0.965230345726013,1.35708701610565,-0.487044453620911,1.84412503242493,-0.385841101408005,-0.971244931221008,-0.858579397201538,-7.11461448669434,0.364576071500778,2.75819032485547,0.602316617936063
39202,41,"undefined",1990,0,2.78245206573047e-05,0,0,0,0,0,0,0,1,6857.33978964388,24.5588226318359,45.6578063964844,6.24185705184937,61.0780792236328,25.1186008453369,-0.594401836395264,0.688254833221436,-2.08117508888245,2.76943445205688,-0.216302275657654,-0.471955537796021,10.4097843170166,6.2650203704834,11.7374897003174,0.124103406121508,0.180672932400638
39202,41,"undefined",2000,1,2.62541580013931e-05,0,0,0,0,0,0,0,1,7340.31305841357,17.6588592529297,49.6432914733887,9.47061538696289,64.6126937866211,26.7912502288818,-0.965230345726013,1.35708701610565,-0.487044453620911,1.84412503242493,-0.385841101408005,-0.971244931221008,-0.858579397201538,-7.11461448669434,0.364576071500778,0.593188055852697,-0.0386001084542162
39203,41,"undefined",1990,0,0.00041336752474308,0,0,0,0,0,0,0,1,101874.227840424,24.4984722137451,48.3037147521973,4.64718437194824,64.4099426269531,28.2490081787109,-0.640043020248413,-2.01693773269653,-3.8982138633728,1.88127756118774,-0.443393737077713,2.46033215522766,13.1000518798828,5.85904121398926,15.6400680541992,0.365588469970185,0.6247163792214
39203,41,"undefined",2000,1,0.000548894167877734,0,0,0,0,0,0,0,1,153463.507795691,17.9394760131836,56.5783920288086,6.45041227340698,64.8945770263672,28.5434951782227,-0.368204712867737,2.52905058860779,-3.20959091186523,5.7386417388916,0.579606771469116,-3.10866117477417,-0.265393942594528,1.43235075473785,-0.0732285603880882,1.20698658844061,0.879105335733477
39204,41,"undefined",1990,0,1.2521034477686e-05,0,0,0,0,0,0,0,1,3085.8029935509,3.887131690979,45.6578063964844,6.24185705184937,61.0780792236328,25.1186008453369,-0.594401836395264,-0.589406490325928,-0.621341168880463,0.0319361686706543,-0.369304418563843,0.958709418773651,11.9670867919922,11.7355823516846,12.0471954345703,0.00298167175249059,-0.00660473130573615
39204,41,"undefined",2000,1,1.24670887089451e-05,0,0,0,0,0,0,0,1,3485.63198412955,1.94363558292389,44.2690811157227,11.6591196060181,61.5522079467773,25.0552616119385,-0.672029197216034,2.45227980613708,-1.84471702575684,4.29700088500977,0.299347817897797,-2.75162935256958,-5.35494947433472,-2.31415891647339,-5.30488157272339,0.078279259940481,-0.0404992664691609
39205,41,"undefined",1990,0,3.11779476760421e-05,0,0,0,0,0,0,0,1,7683.79008209705,47.8181800842285,41.1076812744141,5.31763458251953,57.9547653198242,25.7415561676025,-0.576372861862183,2.29923129081726,-2.32978248596191,4.62901592254639,-1.02088224887848,-1.27834975719452,14.7997856140137,2.1674633026123,19.5088386535645,0.0828489411098745,0.305250938946213
39205,41,"undefined",2000,1,2.88301416730974e-05,0,0,0,0,0,0,0,1,8060.52407240868,20.9177093505859,44.2690811157227,11.6591196060181,61.5522079467773,25.0552616119385,-0.672029256820679,2.45227980613708,-1.84471702575684,4.29700088500977,0.299347817897797,-2.75162935256958,-5.35494947433472,-2.31415891647339,-5.30488157272339,0.535237291759034,-0.492861019817009
39301,53,"undefined",1990,0,4.12848057749216e-05,0,0,0,0,0,0,0,1,10174.6203509867,9.78260898590088,54.0882759094238,6.79317808151245,59.5386047363281,28.540901184082,-0.97798079252243,1.15503668785095,-0.860535383224487,2.01557278633118,0.321178138256073,-1.47621333599091,14.5509719848633,22.0113277435303,12.5729084014893,0.820793984946972,0.183958089995492
39301,53,"undefined",2000,1,4.96874527016189e-05,0,0,0,0,0,0,0,1,13891.9500144124,5.16096162796021,60.4465255737305,10.0771636962891,61.6749267578125,26.7868270874023,-0.964926421642303,0.382534086704254,-2.97334480285645,3.35587787628174,-2.14541006088257,1.76287984848022,-2.25659775733948,-6.33089923858643,1.85789370536804,0.361331426335718,0.516666380226291
39302,53,"undefined",1990,0,0.000517237756866962,0,0,0,0,0,0,0,1,127473,16.3774261474609,56.802303314209,10.6165380477905,65.0417175292969,28.5212345123291,-0.312482416629791,-1.83875560760498,-0.32413974404335,-1.51461958885193,1.78461182117462,0.0541448593139648,10.2053165435791,10.627269744873,9.78279113769531,1.32385937483503,0.706375294362994
39302,53,"undefined",2000,1,0.000604467291850597,0,0,0,0,0,0,0,1,169001,15.105149269104,63.8248863220215,12.2610120773315,66.5341415405273,29.6660327911377,-0.133044868707657,-2.78379225730896,-2.1177339553833,-0.666056334972382,-0.319497406482697,3.10328817367554,-2.97723507881165,-3.8142204284668,-1.59720015525818,1.3404235638828,2.86817627822516
39303,53,"undefined",1990,0,0.00030900351703167,0,0,0,0,0,0,0,1,76153.7699961662,21.8715686798096,47.7859840393066,4.53815460205078,56.3821067810059,26.8583393096924,-0.496753424406052,0.843793153762817,-4.29950952529907,5.14330291748047,0.065748393535614,-0.909540057182312,10.1340293884277,0.600528717041016,15.2342319488525,0.165070570037389,0.188314930172232
39303,53,"undefined",2000,1,0.000327525776810944,0,0,0,0,0,0,0,1,91571.8499604464,13.6310653686523,57.584846496582,6.13766717910767,60.4072875976562,28.4281044006348,-0.890851259231567,3.88537979125977,0.827005982398987,3.05837392807007,-0.183595612645149,-3.70178890228271,-5.38417291641235,-21.5290622711182,-2.34317779541016,1.29306183623243,0.294895792426395
39400,53,"Seattle WA",1990,0,0.0127409109845757,0,0,0,0,0,0,0,1,3139991.32738876,20.7119731903076,60.1870613098145,9.66272354125977,67.0129470825195,32.5124931335449,0.238079428672791,-1.14611983299255,-3.83974838256836,2.69362926483154,-0.0171493738889694,1.16326510906219,15.6521320343018,13.5862350463867,17.3993587493896,0.676976444672539,0.533215688479349
39400,53,"Seattle WA",2000,1,0.013494661077857,0,0,0,0,0,0,0,1,3772927.53525895,15.0387840270996,65.1174850463867,15.1341009140015,67.3037719726562,31.1041240692139,0.289169996976852,-0.264670163393021,-1.72493720054626,1.4602712392807,0.165326252579689,0.0993439108133316,8.67659664154053,13.4584560394287,8.66058921813965,1.71180433462696,1.24508899014367
