"country","ctry","year","lifeexpect","loglifeexpect","globmort1000","maddpop","logmaddpop","totalmaddgdp","logtotalmaddgdp","gdppcmadd","loggdppcmadd","sample40","sample80","startrich","startmedium","startpoor","above_medmort"
"Aruba",1,1900,35,3.55534815788269,,,,,,,,,,0,0,0,
"Aruba",1,1910,,,,,,,,,,,,0,0,0,
"Aruba",1,1920,,,,,,,,,,,,0,0,0,
"Aruba",1,1930,,,,,,,,,,,,0,0,0,
"Aruba",1,1940,,,,,,,,,,,,0,0,0,
"Aruba",1,1950,,,,,,,,,,,,0,0,0,
"Aruba",1,1960,,,,,,,,,,,,0,0,0,
"Aruba",1,1970,,,0,,,,,,,,,0,0,0,
"Aruba",1,1980,,,0,,,,,,,,,0,0,0,
"Aruba",1,1990,,,0,,,,,,,,,0,0,0,
"Aruba",1,2000,,,0,,,,,,,,,0,0,0,
"Andorra",2,1900,46,3.82864141464233,,,,,,,,,,0,0,0,
"Andorra",2,1910,,,,,,,,,,,,0,0,0,
"Andorra",2,1920,,,,,,,,,,,,0,0,0,
"Andorra",2,1930,,,,,,,,,,,,0,0,0,
"Andorra",2,1940,,,,,,,,,,,,0,0,0,
"Andorra",2,1950,,,,,,,,,,,,0,0,0,
"Andorra",2,1960,,,,,,,,,,,,0,0,0,
"Andorra",2,1970,,,0,,,,,,,,,0,0,0,
"Andorra",2,1980,,,0,,,,,,,,,0,0,0,
"Andorra",2,1990,,,0,,,,,,,,,0,0,0,
"Andorra",2,2000,,,0,,,,,,,,,0,0,0,
"Afghanistan",3,1900,24,3.178053855896,,,,,,,,,,0,0,0,
"Afghanistan",3,1910,,,,,,,,,,,,0,0,0,
"Afghanistan",3,1920,,,,,,,,,,,,0,0,0,
"Afghanistan",3,1930,,,,,,,,,,,,0,0,0,
"Afghanistan",3,1940,,,,,,,,,,,,0,0,0,
"Afghanistan",3,1950,31.6000003814697,3.45315718650818,,8150.3681640625,9.00581836700439,5255,8.56693553924561,644.756164550781,6.4688720703125,,,0,0,0,
"Afghanistan",3,1960,33.5170745849609,3.51205492019653,,9829.4501953125,9.19313812255859,7268,8.89123630523682,739.41064453125,6.60585355758667,,,0,0,0,
"Afghanistan",3,1970,37.2000007629395,3.61630868911743,0,12430.623046875,9.42791843414307,8819,9.08466339111328,709.457580566406,6.56450080871582,,,0,0,0,
"Afghanistan",3,1980,40.2926826477051,3.69616985321045,0,14985.177734375,9.61481666564941,10427,9.25215435028076,695.820922851562,6.54509210586548,,,0,0,0,
"Afghanistan",3,1990,42.6878051757812,3.75391340255737,0,14749.92578125,9.5989933013916,8861,9.08941459655762,600.748779296875,6.39817667007446,,,0,0,0,
"Afghanistan",3,2000,45.807315826416,3.82444381713867,0,25888.796875,10.1615657806396,13508,9.51103782653809,521.770080566406,6.25722694396973,,,0,0,0,
"Angola",4,1900,24,3.178053855896,,,,,,,,,,0,0,0,
"Angola",4,1910,,,,,,,,,,,,0,0,0,
"Angola",4,1920,,,,,,,,,,,,0,0,0,
"Angola",4,1930,,,,,,,,,,,,0,0,0,
"Angola",4,1940,35,3.55534815788269,,,,,,,,,,0,0,0,
"Angola",4,1950,30,3.40119743347168,,4117.6171875,8.32302951812744,4331,8.37355327606201,1051.82202148438,6.95827913284302,,,0,0,0,
"Angola",4,1960,33.1839027404785,3.5020649433136,,4797.34423828125,8.47581768035889,6011,8.7013463973999,1252.98498535156,7.13328409194946,,,0,0,0,
"Angola",4,1970,37.192684173584,3.61611199378967,0,5605.6259765625,8.63152599334717,9909,9.20119857788086,1767.68835449219,7.47742795944214,,,0,0,0,
"Angola",4,1980,41.1814651489258,3.71798825263977,0,6736.23291015625,8.81525611877441,6483,8.77693843841553,962.407348632812,6.86943769454956,,,0,0,0,
"Angola",4,1990,45.4609756469727,3.81685423851013,0,8048.87890625,8.99328804016113,7202,8.88211441040039,894.782958984375,6.79658126831055,,,0,0,0,
"Angola",4,2000,46.5009765625,3.83947324752808,0,10132.3759765625,9.22349071502686,7991,8.98607158660889,788.660034179688,6.67033529281616,,,0,0,0,
"Albania",5,1900,32,3.465735912323,,800,6.68461179733276,548,6.30627536773682,685,6.5294189453125,,,0,0,0,
"Albania",5,1910,,,,874,6.77308034896851,682,6.52502965927124,780.320373535156,6.65970468521118,,,0,0,0,
"Albania",5,1920,,,,932,6.8373327255249,,,,,,,0,0,0,
"Albania",5,1930,,,,982,6.88959121704102,,,,,,,0,0,0,
"Albania",5,1940,,,,1088,6.99209642410278,,,,,,,0,0,0,
"Albania",5,1950,55.2000007629395,4.01096296310425,,1227.15600585938,7.11245441436768,1228.79870605469,7.11379241943359,1001.33862304688,6.90909290313721,,,0,0,0,
"Albania",5,1960,60.6048774719238,4.10437536239624,,1623.11401367188,7.39210176467896,2355,7.76429605484009,1450.91467285156,7.27994966506958,,,0,0,0,
"Albania",5,1970,65.3609771728516,4.17992544174194,0,2156.61206054688,7.67629384994507,4320.85107421875,8.37120723724365,2003.53662109375,7.60266923904419,,,0,0,0,
"Albania",5,1980,69.3317108154297,4.23890256881714,0,2671.412109375,7.89036226272583,6270.02880859375,8.7435359954834,2347.08422851562,7.76092910766602,,,0,0,0,
"Albania",5,1990,72.2756118774414,4.28048658370972,0,3258.13891601562,8.08891105651855,8125,9.00270080566406,2493.7548828125,7.8215446472168,,,0,0,0,
"Albania",5,2000,71.8775634765625,4.27496433258057,0,3490.43505859375,8.15778160095215,9252,9.13259506225586,2650.67236328125,7.88256883621216,,,0,0,0,
"Netherlands Antilles",6,1900,35,3.55534815788269,,,,,,,,,,0,0,0,
"Netherlands Antilles",6,1910,,,,,,,,,,,,0,0,0,
"Netherlands Antilles",6,1920,,,,,,,,,,,,0,0,0,
"Netherlands Antilles",6,1930,49,3.89182019233704,,,,,,,,,,0,0,0,
"Netherlands Antilles",6,1940,49,3.89182019233704,,,,,,,,,,0,0,0,
"Netherlands Antilles",6,1950,60.5,4.10264348983765,,,,,,,,,,0,0,0,
"Netherlands Antilles",6,1960,65.6117095947266,4.18375396728516,,,,,,,,,,0,0,0,
"Netherlands Antilles",6,1970,69.50341796875,4.24137592315674,0,,,,,,,,,0,0,0,
"Netherlands Antilles",6,1980,71.0207290649414,4.26297187805176,0,,,,,,,,,0,0,0,
"Netherlands Antilles",6,1990,74.4561004638672,4.31020975112915,0,,,,,,,,,0,0,0,
"Netherlands Antilles",6,2000,75.6663436889648,4.32633352279663,0,,,,,,,,,0,0,0,
"United Arab Emirates",7,1900,24,3.178053855896,,,,,,,,,,0,0,0,
"United Arab Emirates",7,1910,,,,,,,,,,,,0,0,0,
"United Arab Emirates",7,1920,,,,,,,,,,,,0,0,0,
"United Arab Emirates",7,1930,,,,,,,,,,,,0,0,0,
"United Arab Emirates",7,1940,,,,,,,,,,,,0,0,0,
"United Arab Emirates",7,1950,,,,,,,,,,,,0,0,0,
"United Arab Emirates",7,1960,53.4131698608398,3.97805738449097,,,,,,,,,,0,0,0,
"United Arab Emirates",7,1970,61.1058540344238,4.11260747909546,0,,,,,,,,,0,0,0,
"United Arab Emirates",7,1980,68.2180480957031,4.22270917892456,0,,,,,,,,,0,0,0,
"United Arab Emirates",7,1990,73.5321960449219,4.29772329330444,0,,,,,,,,,0,0,0,
"United Arab Emirates",7,2000,75.2078018188477,4.32025480270386,0,,,,,,,,,0,0,0,
"Argentina",8,1900,35,3.55534815788269,,4693,8.45382690429688,12931.8349609375,9.46744728088379,2755.55834960938,7.9213752746582,1,1,0,1,0,0
"Argentina",8,1910,,,,6836,8.82995796203613,26125.212890625,10.1706562042236,3821.71044921875,8.24845314025879,1,1,0,1,0,0
"Argentina",8,1920,,,,8861,9.08941459655762,30774.861328125,10.3344535827637,3473.06860351562,8.15279388427734,1,1,0,1,0,0
"Argentina",8,1930,52.5999984741211,3.9627161026001,,11896,9.383957862854,48530.70703125,10.7899522781372,4079.58203125,8.31375026702881,1,1,0,1,0,0
"Argentina",8,1940,55.5,4.01638317108154,0.195299997925758,14169,9.55881214141846,58963.35546875,10.9846715927124,4161.43359375,8.33361530303955,1,1,0,1,0,0
"Argentina",8,1950,62.5,4.13516664505005,0.0599561929702759,17150.3359375,9.7497730255127,85524,11.3565521240234,4986.724609375,8.51453495025635,1,1,0,1,0,0
"Argentina",8,1960,65.1595153808594,4.17683839797974,0.0490140207111835,20616.009765625,9.93382358551025,114614,11.6493253707886,5559.4658203125,8.62325763702393,1,1,0,1,0,0
"Argentina",8,1970,66.8092651367188,4.20184183120728,0,23962.3125,10.0842380523682,174972,12.0723810195923,7301.96630859375,8.89589881896973,1,1,0,1,0,0
"Argentina",8,1980,69.5863418579102,4.2425684928894,0,28369.798828125,10.253080368042,232802,12.3579435348511,8205.9794921875,9.01261806488037,1,1,0,1,0,0
"Argentina",8,1990,71.6439056396484,4.2717080116272,0,33022.203125,10.404935836792,212518,12.2667818069458,6435.609375,8.76960182189941,1,1,0,1,0,0
"Argentina",8,2000,73.3424377441406,4.29513931274414,0,37497.7265625,10.5320358276367,320364,12.6772127151489,8543.5576171875,9.05293273925781,1,1,0,1,0,0
"Armenia",9,1900,,,,,,,,,,,,0,0,0,
"Armenia",9,1910,,,,,,,,,,,,0,0,0,
"Armenia",9,1920,,,,,,,,,,,,0,0,0,
"Armenia",9,1930,,,,,,,,,,,,0,0,0,
"Armenia",9,1940,,,,,,,,,,,,0,0,0,
"Armenia",9,1950,64.8000030517578,4.17130565643311,,,,,,,,,,0,0,0,
"Armenia",9,1960,67.9756088256836,4.21914911270142,,,,,,,,,,0,0,0,
"Armenia",9,1970,71.6463394165039,4.27174186706543,0,,,,,,,,,0,0,0,
"Armenia",9,1980,72.5243911743164,4.28392314910889,0,,,,,,,,,0,0,0,
"Armenia",9,1990,71.7170715332031,4.27272891998291,0,,,,,,,,,0,0,0,
"Armenia",9,2000,74.3609771728516,4.30893135070801,0,,,,,,,,,0,0,0,
"American Samoa",10,1900,,,,,,,,,,,,0,0,0,
"American Samoa",10,1910,,,,,,,,,,,,0,0,0,
"American Samoa",10,1920,,,,,,,,,,,,0,0,0,
"American Samoa",10,1930,,,,,,,,,,,,0,0,0,
"American Samoa",10,1940,,,,,,,,,,,,0,0,0,
"American Samoa",10,1950,,,,,,,,,,,,0,0,0,
"American Samoa",10,1960,,,,,,,,,,,,0,0,0,
"American Samoa",10,1970,,,0,,,,,,,,,0,0,0,
"American Samoa",10,1980,,,0,,,,,,,,,0,0,0,
"American Samoa",10,1990,,,0,,,,,,,,,0,0,0,
"American Samoa",10,2000,,,0,,,,,,,,,0,0,0,
"Antigua and Barbuda",11,1900,35,3.55534815788269,,,,,,,,,,0,0,0,
"Antigua and Barbuda",11,1910,,,,,,,,,,,,0,0,0,
"Antigua and Barbuda",11,1920,,,,,,,,,,,,0,0,0,
"Antigua and Barbuda",11,1930,,,,,,,,,,,,0,0,0,
"Antigua and Barbuda",11,1940,,,,,,,,,,,,0,0,0,
"Antigua and Barbuda",11,1950,,,,,,,,,,,,0,0,0,
"Antigua and Barbuda",11,1960,62.3536567687988,4.13282251358032,,,,,,,,,,0,0,0,
"Antigua and Barbuda",11,1970,66.8536605834961,4.20250606536865,0,,,,,,,,,0,0,0,
"Antigua and Barbuda",11,1980,,,0,,,,,,,,,0,0,0,
"Antigua and Barbuda",11,1990,73.7511215209961,4.30069637298584,0,,,,,,,,,0,0,0,
"Antigua and Barbuda",11,2000,74.8414611816406,4.31537199020386,0,,,,,,,,,0,0,0,
"Australia",12,1900,47,3.85014748573303,,3741,8.22710800170898,15014,9.61673831939697,4013.36547851562,8.29738521575928,1,1,1,0,0,0
"Australia",12,1910,,,,4375,8.38366222381592,22793,10.0342082977295,5209.82861328125,8.55830192565918,1,1,1,0,0,0
"Australia",12,1920,61.2299995422363,4.11463737487793,,5358,8.58634567260742,25534,10.1477661132812,4765.583984375,8.46917533874512,1,1,1,0,0,0
"Australia",12,1930,64.3000030517578,4.16355991363525,,6469,8.77477645874023,30458,10.324104309082,5263,8.56845664978027,1,1,1,0,0,0
"Australia",12,1940,66.8000030517578,4.20170307159424,0.231770008802414,7042,8.85964775085449,43421.953125,10.6787204742432,6166.13916015625,8.72682857513428,1,1,1,0,0,0
"Australia",12,1950,69.5999984741211,4.24276447296143,0.0753865614533424,8267.3369140625,9.02006816864014,61274,11.0231113433838,7411.57666015625,8.91079807281494,1,1,1,0,0,0
"Australia",12,1960,70.7248764038086,4.25879716873169,0.0682005137205124,10361.2734375,9.24583053588867,91085,11.419548034668,8790.908203125,9.0814733505249,1,1,1,0,0,0
"Australia",12,1970,71.3775634765625,4.26798343658447,0,12660.16015625,9.44621562957764,152220,11.9330825805664,12023.544921875,9.39462184906006,1,1,1,0,0,0
"Australia",12,1980,74.4365844726562,4.30994749069214,0,14615.900390625,9.58986568450928,210642,12.2579154968262,14411.8388671875,9.5758056640625,1,1,1,0,0,0
"Australia",12,1990,76.9956130981445,4.34374856948853,0,17022.1328125,9.74226951599121,291180,12.5816965103149,17105.96484375,9.74718284606934,1,1,1,0,0,0
"Australia",12,2000,78.631706237793,4.36477518081665,0,19164.619140625,9.86082077026367,412813,12.9307498931885,21540.369140625,9.97768402099609,1,1,1,0,0,0
"Austria",13,1900,47,3.85014748573303,,5973,8.6950044631958,17213.033203125,9.75342178344727,2881.80712890625,7.96617269515991,1,1,0,1,0,0
"Austria",13,1910,,,,6614,8.79694366455078,21762.52734375,9.98794460296631,3290.373046875,8.09875583648682,1,1,0,1,0,0
"Austria",13,1920,,,,6455,8.77261066436768,15571.4638671875,9.65319538116455,2412.310546875,7.78834009170532,1,1,0,1,0,0
"Austria",13,1930,55.5999984741211,4.01818323135376,,6684,8.80747222900391,23966.921875,10.0844297409058,3585.71533203125,8.18471336364746,1,1,0,1,0,0
"Austria",13,1940,60.2000007629395,4.09767246246338,0.29899999499321,6705,8.81060886383057,26546.53125,10.1866540908813,3959.21435546875,8.28380107879639,1,1,0,1,0,0
"Austria",13,1950,65.6999969482422,4.18509864807129,0.093048132956028,6935.10009765625,8.84435081481934,25702,10.1543245315552,3706.07495117188,8.21772861480713,1,1,0,1,0,0
"Austria",13,1960,68.752685546875,4.23051595687866,0.0791234895586967,7047.43701171875,8.86041927337646,45939,10.7350692749023,6518.5400390625,8.78240585327148,1,1,0,1,0,0
"Austria",13,1970,70.2829284667969,4.25252914428711,0,7467.0859375,8.91826057434082,72785,11.1952648162842,9747.443359375,9.18476009368896,1,1,0,1,0,0
"Austria",13,1980,72.6526794433594,4.28569030761719,0,7549.43310546875,8.92922782897949,103874,11.5509338378906,13759.1787109375,9.52946186065674,1,1,0,1,0,0
"Austria",13,1990,75.7180480957031,4.32701635360718,0,7718.10595703125,8.95132446289062,130476,11.7789449691772,16905.18359375,9.73537540435791,1,1,0,1,0,0
"Austria",13,2000,77.7543869018555,4.35355520248413,0,8131.11083984375,9.00345325469971,163412,12.0040302276611,20097.130859375,9.90833187103271,1,1,0,1,0,0
"Azerbaijan",14,1900,24,3.178053855896,,,,,,,,,,0,0,0,
"Azerbaijan",14,1910,,,,,,,,,,,,0,0,0,
"Azerbaijan",14,1920,,,,,,,,,,,,0,0,0,
"Azerbaijan",14,1930,,,,,,,,,,,,0,0,0,
"Azerbaijan",14,1940,,,,,,,,,,,,0,0,0,
"Azerbaijan",14,1950,61.2999992370605,4.11577987670898,,,,,,,,,,0,0,0,
"Azerbaijan",14,1960,64.3073196411133,4.16367340087891,,,,,,,,,,0,0,0,
"Azerbaijan",14,1970,68.0073165893555,4.21961545944214,0,,,,,,,,,0,0,0,
"Azerbaijan",14,1980,67.9073181152344,4.21814393997192,0,,,,,,,,,0,0,0,
"Azerbaijan",14,1990,70.8048782348633,4.25992774963379,0,,,,,,,,,0,0,0,
"Azerbaijan",14,2000,71.363410949707,4.26778507232666,0,,,,,,,,,0,0,0,
"Burundi",15,1900,24,3.178053855896,,,,,,,,,,0,0,0,
"Burundi",15,1910,,,,,,,,,,,,0,0,0,
"Burundi",15,1920,,,,,,,,,,,,0,0,0,
"Burundi",15,1930,,,,,,,,,,,,0,0,0,
"Burundi",15,1940,,,,,,,,,,,,0,0,0,
"Burundi",15,1950,39,3.66356158256531,,,,,,,,,,0,0,0,
"Burundi",15,1960,41.3609771728516,3.7223379611969,,,,,,,,,,0,0,0,
"Burundi",15,1970,43.7609748840332,3.77874255180359,0,,,,,,,,,0,0,0,
"Burundi",15,1980,46.7073173522949,3.84390091896057,0,,,,,,,,,0,0,0,
"Burundi",15,1990,43.5917091369629,3.77486705780029,0,,,,,,,,,0,0,0,
"Burundi",15,2000,42.2965850830078,3.74470639228821,0,,,,,,,,,0,0,0,
"Belgium",16,1900,47,3.85014748573303,,6719,8.81269454956055,25068.92578125,10.1293840408325,3731.05004882812,8.22444534301758,1,1,1,0,0,0
"Belgium",16,1910,,,,7498,8.92239189147949,30470.873046875,10.3245267868042,4063.86694335938,8.309889793396,1,1,1,0,0,0
"Belgium",16,1920,,,,7552,8.92956733703613,29920.974609375,10.3063154220581,3961.99340820312,8.28450298309326,1,1,1,0,0,0
"Belgium",16,1930,57.9000015258789,4.05871725082397,,8076,8.9966516494751,40207.3203125,10.6018047332764,4978.6181640625,8.51290798187256,1,1,1,0,0,0
"Belgium",16,1940,61.7999992370605,4.12390327453613,0.155600011348724,8346,9.02953720092773,38072.41796875,10.5472450256348,4561.75634765625,8.42546272277832,1,1,1,0,0,0
"Belgium",16,1950,67.5,4.21212768554688,0.0483981892466545,8639.369140625,9.06408500671387,47190,10.7619371414185,5462.20458984375,8.6056079864502,1,1,1,0,0,0
"Belgium",16,1960,70.368293762207,4.25374269485474,0.0423081181943417,9118.7001953125,9.11808300018311,63394,11.0571241378784,6952.08740234375,8.84679698944092,1,1,1,0,0,0
"Belgium",16,1970,71.2107315063477,4.26564359664917,0,9637.7998046875,9.17344856262207,102265,11.5353231430054,10610.82421875,9.26962947845459,1,1,1,0,0,0
"Belgium",16,1980,73.247314453125,4.29384136199951,0,9846.7998046875,9.19490146636963,142458,11.8668022155762,14467.44140625,9.57965564727783,1,1,1,0,0,0
"Belgium",16,1990,75.9682922363281,4.33031606674194,0,9969.3095703125,9.20726680755615,171442,12.0520000457764,17196.9765625,9.75248908996582,1,1,1,0,0,0
"Belgium",16,2000,77.868537902832,4.35502195358276,0,10241.505859375,9.23420429229736,212434,12.2663869857788,20742.45703125,9.93993759155273,1,1,1,0,0,0
"Benin",17,1900,24,3.178053855896,,,,,,,,,,0,0,0,
"Benin",17,1910,,,,,,,,,,,,0,0,0,
"Benin",17,1920,,,,,,,,,,,,0,0,0,
"Benin",17,1930,,,,,,,,,,,,0,0,0,
"Benin",17,1940,,,,,,,,,,,,0,0,0,
"Benin",17,1950,33.9000015258789,3.52341508865356,,1672.66101074219,7.42217111587524,1812.54235839844,7.50248575210571,1083.62805175781,6.98807001113892,,,0,0,0,
"Benin",17,1960,38.8712196350098,3.66025424003601,,2055.0830078125,7.62807130813599,2010.10949707031,7.60594463348389,978.115966796875,6.88562822341919,,,0,0,0,
"Benin",17,1970,43.9804878234863,3.78374600410461,0,2619.80908203125,7.87085676193237,2691.62548828125,7.89790058135986,1027.41284179688,6.93479919433594,,,0,0,0,
"Benin",17,1980,48.440486907959,3.88033604621887,0,3444.11596679688,8.14442253112793,3900.59106445312,8.26888370513916,1132.53771972656,7.03221607208252,,,0,0,0,
"Benin",17,1990,51.8736572265625,3.94881105422974,0,4661.94921875,8.44718933105469,5347,8.58429050445557,1146.94519042969,7.04485750198364,,,0,0,0,
"Benin",17,2000,53.4073181152344,3.97794771194458,0,6428.39599609375,8.76848030090332,8503,9.04817390441895,1322.72497558594,7.18744945526123,,,0,0,0,
"Burkina Faso",18,1900,24,3.178053855896,,,,,,,,,,0,0,0,
"Burkina Faso",18,1910,,,,,,,,,,,,0,0,0,
"Burkina Faso",18,1920,,,,,,,,,,,,0,0,0,
"Burkina Faso",18,1930,,,,,,,,,,,,0,0,0,
"Burkina Faso",18,1940,,,,,,,,,,,,0,0,0,
"Burkina Faso",18,1950,33.2000007629395,3.50254988670349,,4376.162109375,8.38392734527588,2075.6689453125,7.63803863525391,474.312652587891,6.16186666488647,,,0,0,0,
"Burkina Faso",18,1960,36.2478065490723,3.5903787612915,,4865.7958984375,8.48998546600342,2961.97973632812,7.99361324310303,608.73486328125,6.4113826751709,,,0,0,0,
"Burkina Faso",18,1970,39.8145370483398,3.68423199653625,0,5626.34619140625,8.63521575927734,3949.998046875,8.28147029876709,702.053894042969,6.55401039123535,,,0,0,0,
"Burkina Faso",18,1980,44.0082931518555,3.78437805175781,0,6942.005859375,8.84534645080566,4616.2880859375,8.43734645843506,664.978942871094,6.49975538253784,,,0,0,0,
"Burkina Faso",18,1990,45.3936576843262,3.81537246704102,0,9089.9482421875,9.11492443084717,6748,8.81700134277344,742.358459472656,6.60983228683472,,,0,0,0,
"Burkina Faso",18,2000,44.2112197875977,3.78897857666016,0,12217.36328125,9.41061305999756,10416.1943359375,9.25111675262451,852.572998046875,6.7482590675354,,,0,0,0,
"Bangladesh",19,1900,24,3.178053855896,,,,,,,,1,1,0,0,1,1
"Bangladesh",19,1910,,,,,,,,,,1,1,0,0,1,1
"Bangladesh",19,1920,,,,,,,,,,1,1,0,0,1,1
"Bangladesh",19,1930,26.7999992370605,3.28840184211731,,34427,10.4465961456299,21722.3984375,9.98609924316406,630.969848632812,6.44725799560547,1,1,0,0,1,1
"Bangladesh",19,1940,29.8999996185303,3.39785838127136,0.508339643478394,41966,10.6446151733398,25044.02734375,10.1283903121948,596.769470214844,6.39153099060059,1,1,0,0,1,1
"Bangladesh",19,1950,36.5999984741211,3.60004830360413,0.24330048263073,45645.96484375,10.7286701202393,24628,10.1116390228271,539.543884277344,6.29072427749634,1,1,0,0,1,1
"Bangladesh",19,1960,39.8297576904297,3.68461441993713,0.121033169329166,54621.5390625,10.9081830978394,29733,10.300012588501,544.345703125,6.29958438873291,1,1,0,0,1,1
"Bangladesh",19,1970,44.248779296875,3.78982782363892,0,67402.6171875,11.1184387207031,42403,10.6549739837646,629.100158691406,6.44429063796997,1,1,0,0,1,1
"Bangladesh",19,1980,48.4707298278809,3.88096022605896,0,88076.9921875,11.3859663009644,48239,10.7839231491089,547.691223144531,6.30571174621582,1,1,0,0,1,1
"Bangladesh",19,1990,54.6780471801758,4.00146245956421,0,109896.9453125,11.6072978973389,70320,11.1608114242554,639.872192382812,6.46126842498779,1,1,0,0,1,1
"Bangladesh",19,2000,58.5082931518555,4.06916856765747,0,130406.59375,11.7784128189087,113890,11.6429882049561,873.345397949219,6.77233123779297,1,1,0,0,1,1
"Bulgaria",20,1900,32,3.465735912323,,4000,8.29404926300049,4892,8.49535655975342,1223,7.10906219482422,,,0,0,1,
"Bulgaria",20,1910,,,,4520,8.41626739501953,6581,8.79194164276123,1455.97351074219,7.2834300994873,,,0,0,1,
"Bulgaria",20,1920,,,,5072,8.53149032592773,,,,,,,0,0,1,
"Bulgaria",20,1930,56,4.02535152435303,,6027,8.70400428771973,7741.166015625,8.95430755615234,1284.41442871094,7.15805816650391,,,0,0,1,
"Bulgaria",20,1940,59.0999984741211,4.07923078536987,,6666,8.80477523803711,10319.1611328125,9.2417573928833,1548.02893066406,7.34473752975464,,,0,0,1,
"Bulgaria",20,1950,64.0999984741211,4.16044425964355,,7250.5,8.88882541656494,11970.80078125,9.39022541046143,1651.03112792969,7.40915536880493,,,0,0,1,
"Bulgaria",20,1960,68.7370758056641,4.2302885055542,,7867.3740234375,8.97047996520996,22907.53125,10.0392208099365,2911.71264648438,7.97649669647217,,,0,0,1,
"Bulgaria",20,1970,71.0804901123047,4.26381301879883,0,8489.57421875,9.04659366607666,40522.6328125,10.6096162796021,4773.2236328125,8.47077751159668,,,0,0,1,
"Bulgaria",20,1980,71.3604888916016,4.26774454116821,0,8843.5283203125,9.08744144439697,53448.515625,10.8864736557007,6043.7998046875,8.70678806304932,,,0,0,1,
"Bulgaria",20,1990,71.368293762207,4.26785373687744,0,8894.0283203125,9.09313488006592,49779,10.8153486251831,5596.90185546875,8.62996864318848,,,0,0,1,
"Bulgaria",20,2000,70.8921966552734,4.26116037368774,0,7796.69384765625,8.96145534515381,41829,10.6413450241089,5364.96630859375,8.58764553070068,,,0,0,1,
"Bahrain",21,1900,24,3.178053855896,,,,,,,,,,0,0,0,
"Bahrain",21,1910,,,,,,,,,,,,0,0,0,
"Bahrain",21,1920,,,,,,,,,,,,0,0,0,
"Bahrain",21,1930,,,,,,,,,,,,0,0,0,
"Bahrain",21,1940,,,,,,,,,,,,0,0,0,
"Bahrain",21,1950,51,3.93182563781738,,114.839996337891,4.74353981018066,241.675491333008,5.48759603500366,2104.45385742188,7.65181112289429,,,0,0,0,
"Bahrain",21,1960,55.7887802124023,4.02157258987427,,156.647994995117,5.05400133132935,445.407928466797,6.09899044036865,2843.3681640625,7.95274448394775,,,0,0,0,
"Bahrain",21,1970,62.1039009094238,4.12880897521973,0,219.542999267578,5.39154815673828,831.605346679688,6.72335815429688,3787.89282226562,8.23956489562988,,,0,0,0,
"Bahrain",21,1980,67.8395156860352,4.21714496612549,0,347.567993164062,5.85096025466919,1525.21398925781,7.32989025115967,4388.24658203125,8.38668537139893,,,0,0,0,
"Bahrain",21,1990,71.4175643920898,4.26854372024536,0,500.476013183594,6.21555948257446,2054,7.62754440307617,4104.0927734375,8.31974029541016,,,0,0,0,
"Bahrain",21,2000,72.8897552490234,4.28894805908203,0,634.137023925781,6.4522647857666,3212,8.0746488571167,5065.1513671875,8.53013896942139,,,0,0,0,
"Bahamas, The",22,1900,35,3.55534815788269,,,,,,,,,,0,0,0,
"Bahamas, The",22,1910,,,,,,,,,,,,0,0,0,
"Bahamas, The",22,1920,,,,,,,,,,,,0,0,0,
"Bahamas, The",22,1930,,,,,,,,,,,,0,0,0,
"Bahamas, The",22,1940,,,,,,,,,,,,0,0,0,
"Bahamas, The",22,1950,59.7999992370605,4.09100580215454,,,,,,,,,,0,0,0,
"Bahamas, The",22,1960,63.3492698669434,4.14866352081299,,,,,,,,,,0,0,0,
"Bahamas, The",22,1970,66.1531677246094,4.19197273254395,0,,,,,,,,,0,0,0,
"Bahamas, The",22,1980,68.1531677246094,4.22175741195679,0,,,,,,,,,0,0,0,
"Bahamas, The",22,1990,71.7926864624023,4.27378273010254,0,,,,,,,,,0,0,0,
"Bahamas, The",22,2000,73.5229263305664,4.29759740829468,0,,,,,,,,,0,0,0,
"Bosnia and Herzegovina",23,1900,46,3.82864141464233,,,,,,,,,,0,0,0,
"Bosnia and Herzegovina",23,1910,,,,,,,,,,,,0,0,0,
"Bosnia and Herzegovina",23,1920,,,,,,,,,,,,0,0,0,
"Bosnia and Herzegovina",23,1930,,,,,,,,,,,,0,0,0,
"Bosnia and Herzegovina",23,1940,,,,,,,,,,,,0,0,0,
"Bosnia and Herzegovina",23,1950,53.7999992370605,3.98527336120605,,2662,7.88683319091797,,,,,,,0,0,0,
"Bosnia and Herzegovina",23,1960,60.4102439880371,4.101158618927,,3240,8.08332824707031,,,,,,,0,0,0,
"Bosnia and Herzegovina",23,1970,66.2185363769531,4.19296026229858,0,3703,8.21689891815186,,,,,,,0,0,0,
"Bosnia and Herzegovina",23,1980,70.2268295288086,4.25173044204712,0,4092,8.31678867340088,,,,,,,0,0,0,
"Bosnia and Herzegovina",23,1990,71.4365844726562,4.2688102722168,0,4423.64599609375,8.39471912384033,16530,9.71293258666992,3736.73657226562,8.22596836090088,,,0,0,0,
"Bosnia and Herzegovina",23,2000,73.2624359130859,4.29404783248901,0,3835.77709960938,8.2521276473999,10704,9.2783727645874,2790.56884765625,7.93400096893311,,,0,0,0,
"Belarus",24,1900,32,3.465735912323,,,,,,,,,,0,0,0,
"Belarus",24,1910,,,,,,,,,,,,0,0,0,
"Belarus",24,1920,,,,,,,,,,,,0,0,0,
"Belarus",24,1930,,,,,,,,,,,,0,0,0,
"Belarus",24,1940,,,,,,,,,,,,0,0,0,
"Belarus",24,1950,65.9000015258789,4.18813848495483,,,,,,,,,,0,0,0,
"Belarus",24,1960,68.3414611816406,4.22451639175415,,,,,,,,,,0,0,0,
"Belarus",24,1970,71.9024353027344,4.27531003952026,0,,,,,,,,,0,0,0,
"Belarus",24,1980,70.631706237793,4.25747919082642,0,,,,,,,,,0,0,0,
"Belarus",24,1990,70.8365859985352,4.26037549972534,0,,,,,,,,,0,0,0,
"Belarus",24,2000,68.4073181152344,4.22547960281372,0,,,,,,,,,0,0,0,
"Belize",25,1900,35,3.55534815788269,,,,,,,,,,0,0,0,
"Belize",25,1910,,,,,,,,,,,,0,0,0,
"Belize",25,1920,,,,,,,,,,,,0,0,0,
"Belize",25,1930,45,3.80666255950928,,,,,,,,,,0,0,0,
"Belize",25,1940,45,3.80666255950928,,,,,,,,,,0,0,0,
"Belize",25,1950,57.7000007629395,4.05525732040405,,,,,,,,,,0,0,0,
"Belize",25,1960,61.6853675842285,4.12204694747925,,,,,,,,,,0,0,0,
"Belize",25,1970,66.6239013671875,4.19906330108643,0,,,,,,,,,0,0,0,
"Belize",25,1980,70.7756118774414,4.25951433181763,0,,,,,,,,,0,0,0,
"Belize",25,1990,73.2292709350586,4.29359531402588,0,,,,,,,,,0,0,0,
"Belize",25,2000,74.6068267822266,4.31223201751709,0,,,,,,,,,0,0,0,
"Bermuda",26,1900,,,,,,,,,,,,0,0,0,
"Bermuda",26,1910,,,,,,,,,,,,0,0,0,
"Bermuda",26,1920,,,,,,,,,,,,0,0,0,
"Bermuda",26,1930,,,,,,,,,,,,0,0,0,
"Bermuda",26,1940,,,,,,,,,,,,0,0,0,
"Bermuda",26,1950,,,,,,,,,,,,0,0,0,
"Bermuda",26,1960,,,,,,,,,,,,0,0,0,
"Bermuda",26,1970,,,0,,,,,,,,,0,0,0,
"Bermuda",26,1980,,,0,,,,,,,,,0,0,0,
"Bermuda",26,1990,,,0,,,,,,,,,0,0,0,
"Bermuda",26,2000,,,0,,,,,,,,,0,0,0,
"Bolivia",27,1900,35,3.55534815788269,,1696,7.43602800369263,,,,,,,0,0,0,
"Bolivia",27,1910,,,,1837,7.51588916778564,,,,,,,0,0,0,
"Bolivia",27,1920,,,,2136,7.66669034957886,,,,,,,0,0,0,
"Bolivia",27,1930,34.5,3.54095935821533,,2397,7.78197336196899,,,,,,,0,0,0,
"Bolivia",27,1940,34.5,3.54095935821533,,2690,7.89729642868042,,,,,,,0,0,0,
"Bolivia",27,1950,40.4000015258789,3.69882988929749,,2766.02807617188,7.92516756057739,5309,8.57715892791748,1919.35876464844,7.55974626541138,,,0,0,0,
"Bolivia",27,1960,42.8292694091797,3.75722169876099,,3434.07299804688,8.14150238037109,5516,8.61540794372559,1606.255859375,7.3816614151001,,,0,0,0,
"Bolivia",27,1970,46.0663414001465,3.830082654953,0,4346.2177734375,8.37706089019775,9459,9.15472221374512,2176.375,7.68541574478149,,,0,0,0,
"Bolivia",27,1980,52.2424392700195,3.95589518547058,0,5441.2978515625,8.60177326202393,13995,9.54645538330078,2571.99658203125,7.85243797302246,,,0,0,0,
"Bolivia",27,1990,58.308780670166,4.0657525062561,0,6573.89990234375,8.79086208343506,14446,9.57817268371582,2197.47778320312,7.69506549835205,,,0,0,0,
"Bolivia",27,2000,61.9375610351562,4.12612676620483,0,8152.6201171875,9.00609493255615,20991,9.95184898376465,2574.75512695312,7.8535099029541,,,0,0,0,
"Brazil",28,1900,36,3.58351898193359,,17984,9.79723739624023,12201,9.40927314758301,678.436401367188,6.51979064941406,1,1,0,0,1,1
"Brazil",28,1910,,,,22216,10.0085678100586,17078,9.74554634094238,768.725219726562,6.64473342895508,1,1,0,0,1,1
"Brazil",28,1920,37.4300003051758,3.62247252464294,,27404,10.2184438705444,26393,10.180853843689,963.107604980469,6.87016534805298,1,1,0,0,1,1
"Brazil",28,1930,37.4000015258789,3.62167072296143,,33568,10.4213285446167,35187,10.4684324264526,1048.23046875,6.95485877990723,1,1,0,0,1,1
"Brazil",28,1940,36.7000007629395,3.60277676582336,0.515799999237061,41114,10.6241035461426,51381,10.8470239639282,1249.72033691406,7.13067483901978,1,1,0,0,1,1
"Brazil",28,1950,51,3.93182563781738,0.206176802515984,53443.07421875,10.8863725662231,89342,11.4002265930176,1671.72265625,7.42160987854004,1,1,0,0,1,1
"Brazil",28,1960,54.8936576843262,4.00539779663086,0.149646550416946,71694.8125,11.1801738739014,167397,12.0281238555908,2334.85522460938,7.7557053565979,1,1,0,0,1,1
"Brazil",28,1970,59.0468292236328,4.07833099365234,0,95684.296875,11.4688091278076,292480,12.5861511230469,3056.71899414062,8.02509784698486,1,1,0,0,1,1
"Brazil",28,1980,62.6697578430176,4.13787889480591,0,122958.1328125,11.7195987701416,639093,13.367805480957,5197.6474609375,8.55596160888672,1,1,0,0,1,1
"Brazil",28,1990,65.4482955932617,4.18126058578491,0,151083.8125,11.9255895614624,743765,13.5194807052612,4922.86376953125,8.50164604187012,1,1,0,0,1,1
"Brazil",28,2000,67.0541458129883,4.20550060272217,0,175552.765625,12.0756950378418,975444,13.7906484603882,5556.41455078125,8.62270832061768,1,1,0,0,1,1
"Barbados",29,1900,35,3.55534815788269,,,,,,,,,,0,0,0,
"Barbados",29,1910,,,,,,,,,,,,0,0,0,
"Barbados",29,1920,,,,,,,,,,,,0,0,0,
"Barbados",29,1930,49,3.89182019233704,,,,,,,,,,0,0,0,
"Barbados",29,1940,49,3.89182019233704,,,,,,,,,,0,0,0,
"Barbados",29,1950,57.2000007629395,4.04655408859253,,,,,,,,,,0,0,0,
"Barbados",29,1960,64.5214614868164,4.1669979095459,,,,,,,,,,0,0,0,
"Barbados",29,1970,68.6687774658203,4.2292947769165,0,,,,,,,,,0,0,0,
"Barbados",29,1980,72.2580490112305,4.28024387359619,0,,,,,,,,,0,0,0,
"Barbados",29,1990,74.9390258789062,4.31667470932007,0,,,,,,,,,0,0,0,
"Barbados",29,2000,75.8990249633789,4.3294038772583,0,,,,,,,,,0,0,0,
"Brunei",30,1900,24,3.178053855896,,,,,,,,,,0,0,0,
"Brunei",30,1910,,,,,,,,,,,,0,0,0,
"Brunei",30,1920,,,,,,,,,,,,0,0,0,
"Brunei",30,1930,,,,,,,,,,,,0,0,0,
"Brunei",30,1940,,,,,,,,,,,,0,0,0,
"Brunei",30,1950,60.4000015258789,4.10098934173584,,,,,,,,,,0,0,0,
"Brunei",30,1960,62.3878059387207,4.13336992263794,,,,,,,,,,0,0,0,
"Brunei",30,1970,67.0082931518555,4.20481634140015,0,,,,,,,,,0,0,0,
"Brunei",30,1980,70.9682922363281,4.2622332572937,0,,,,,,,,,0,0,0,
"Brunei",30,1990,74.1570739746094,4.30618524551392,0,,,,,,,,,0,0,0,
"Brunei",30,2000,75.7614669799805,4.3275899887085,0,,,,,,,,,0,0,0,
"Bhutan",31,1900,24,3.178053855896,,,,,,,,,,0,0,0,
"Bhutan",31,1910,,,,,,,,,,,,0,0,0,
"Bhutan",31,1920,,,,,,,,,,,,0,0,0,
"Bhutan",31,1930,,,,,,,,,,,,0,0,0,
"Bhutan",31,1940,,,,,,,,,,,,0,0,0,
"Bhutan",31,1950,35.2000007629395,3.56104612350464,,,,,,,,,,0,0,0,
"Bhutan",31,1960,,,,,,,,,,,,0,0,0,
"Bhutan",31,1970,,,0,,,,,,,,,0,0,0,
"Bhutan",31,1980,,,0,,,,,,,,,0,0,0,
"Bhutan",31,1990,,,0,,,,,,,,,0,0,0,
"Bhutan",31,2000,61.1092681884766,4.11266374588013,0,,,,,,,,,0,0,0,
"Burundi",32,1900,,,,,,,,,,,,0,0,0,
"Burundi",32,1910,,,,,,,,,,,,0,0,0,
"Burundi",32,1920,,,,,,,,,,,,0,0,0,
"Burundi",32,1930,,,,,,,,,,,,0,0,0,
"Burundi",32,1940,,,,,,,,,,,,0,0,0,
"Burundi",32,1950,,,,2362.52197265625,7.76748514175415,850.844482421875,6.74622917175293,360.142456054688,5.88649988174438,,,0,0,0,
"Burundi",32,1960,,,,2811.65991210938,7.94153022766113,1249.03967285156,7.13013029098511,444.235687255859,6.09635543823242,,,0,0,0,
"Burundi",32,1970,,,0,3512.54907226562,8.16409683227539,1902.48828125,7.5509181022644,541.626098632812,6.29457569122314,,,0,0,0,
"Burundi",32,1980,,,0,4137.52783203125,8.32785415649414,2594.22485351562,7.86104297637939,626.998718261719,6.44094467163086,,,0,0,0,
"Burundi",32,1990,,,0,5285.0048828125,8.57262897491455,3879,8.26333236694336,733.96337890625,6.59845924377441,,,0,0,0,
"Burundi",32,2000,,,0,5713.7109375,8.65062427520752,3283.92602539062,8.09679508209229,574.744873046875,6.35392618179321,,,0,0,0,
"Botswana",33,1900,24,3.178053855896,,,,,,,,,,0,0,0,
"Botswana",33,1910,,,,,,,,,,,,0,0,0,
"Botswana",33,1920,,,,,,,,,,,,0,0,0,
"Botswana",33,1930,,,,,,,,,,,,0,0,0,
"Botswana",33,1940,,,,,,,,,,,,0,0,0,
"Botswana",33,1950,42.5,3.74950408935547,,430.412994384766,6.06474542617798,150.001800537109,5.01064729690552,348.506652832031,5.85365724563599,,,0,0,0,
"Botswana",33,1960,46.690242767334,3.84353518486023,,496.695007324219,6.20797634124756,199.952392578125,5.29807949066162,402.565734863281,5.99785852432251,,,0,0,0,
"Botswana",33,1970,51.9068298339844,3.94945049285889,0,583.9990234375,6.3698992729187,378.004516601562,5.93490600585938,647.269104003906,6.47276210784912,,,0,0,0,
"Botswana",33,1980,58.0858535766602,4.06192207336426,0,914.309997558594,6.81816959381104,1588.96899414062,7.37084054946899,1737.888671875,7.46042633056641,,,0,0,0,
"Botswana",33,1990,56.7560958862305,4.03876304626465,0,1312.45495605469,7.17965459823608,4178,8.3375883102417,3183.34716796875,8.06568813323975,,,0,0,0,
"Botswana",33,2000,46.0868301391602,3.83052730560303,0,1577.73901367188,7.36374807357788,6860,8.83346271514893,4347.994140625,8.37747001647949,,,0,0,0,
"Central African Republic",34,1900,24,3.178053855896,,,,,,,,,,0,0,0,
"Central African Republic",34,1910,,,,,,,,,,,,0,0,0,
"Central African Republic",34,1920,,,,,,,,,,,,0,0,0,
"Central African Republic",34,1930,,,,,,,,,,,,0,0,0,
"Central African Republic",34,1940,,,,,,,,,,,,0,0,0,
"Central African Republic",34,1950,35.5,3.56953263282776,,1259.81604003906,7.13872098922729,972.045104980469,6.87940216064453,771.577026367188,6.64843654632568,,,0,0,0,
"Central African Republic",34,1960,38.6682929992676,3.65501999855042,,1467.44897460938,7.29128074645996,1357.94702148438,7.21372938156128,925.37939453125,6.83020401000977,,,0,0,0,
"Central African Republic",34,1970,42.3570747375488,3.74613547325134,0,1827.34399414062,7.51061868667603,1637.89599609375,7.40116786956787,896.326049804688,6.79830408096313,,,0,0,0,
"Central African Republic",34,1980,45.8453674316406,3.82527422904968,0,2244.17309570312,7.71609258651733,1730.24035644531,7.45601558685303,770.992370605469,6.64767837524414,,,0,0,0,
"Central African Republic",34,1990,47.5897560119629,3.86261749267578,0,2803.38110351562,7.9385814666748,1982,7.59186172485352,707.00341796875,6.56103563308716,,,0,0,0,
"Central African Republic",34,2000,44.4131698608398,3.79353594779968,0,3501.48901367188,8.16094398498535,2265,7.72532987594604,646.86767578125,6.4721417427063,,,0,0,0,
"Canada",35,1900,47,3.85014748573303,,5457,8.60465431213379,15886.7802734375,9.67324256896973,2911.26635742188,7.97634363174438,1,1,1,0,0,0
"Canada",35,1910,,,,7188,8.88016796112061,29224.69140625,10.282769203186,4065.76123046875,8.31035614013672,1,1,1,0,0,0
"Canada",35,1920,,,,8798,9.08228015899658,33973.26953125,10.4333295822144,3861.47631835938,8.25880527496338,1,1,1,0,0,0
"Canada",35,1930,59.9000015258789,4.09267663955688,,10488,9.2579870223999,50453.62109375,10.8288097381592,4810.6044921875,8.47857761383057,1,1,1,0,0,0
"Canada",35,1940,64.1999969482422,4.16200304031372,0.120624996721745,11688,9.36631774902344,62744.05078125,11.0468187332153,5368.24560546875,8.5882568359375,1,1,1,0,0,0
"Canada",35,1950,69.0999984741211,4.23555469512939,0.0445927083492279,14011.421875,9.54762840270996,102164,11.5343341827393,7291.47998046875,8.8944616317749,1,1,1,0,0,0
"Canada",35,1960,71.118537902832,4.26434803009033,0.0408533811569214,18266.765625,9.81283855438232,159880,11.9821786880493,8752.5078125,9.0770959854126,1,1,1,0,0,0
"Canada",35,1970,72.4668273925781,4.28312873840332,0,21749.986328125,9.9873685836792,262098,12.4764738082886,12050.490234375,9.39686107635498,1,1,1,0,0,0
"Canada",35,1980,74.7224426269531,4.31378030776978,0,24593.30078125,10.1102294921875,397814,12.8937397003174,16175.7060546875,9.69126605987549,1,1,1,0,0,0
"Canada",35,1990,77.2195129394531,4.34665203094482,0,27790.599609375,10.2324533462524,524475,13.1701526641846,18872.388671875,9.84545516967773,1,1,1,0,0,0
"Canada",35,2000,78.966438293457,4.36902284622192,0,31278.09765625,10.3506736755371,694308,13.4506711959839,22197.8984375,10.0077533721924,1,1,1,0,0,0
"Switzerland",36,1900,47,3.85014748573303,,3300,8.10167789459229,12649,9.44533348083496,3833.0302734375,8.25141143798828,1,1,1,0,0,0
"Switzerland",36,1910,,,,3735,8.22550296783447,16177,9.69134616851807,4331.19140625,8.37359809875488,1,1,1,0,0,0
"Switzerland",36,1920,59.5499992370605,4.08681631088257,,3877,8.2628173828125,16725.75,9.72470474243164,4314.095703125,8.36964321136475,1,1,1,0,0,0
"Switzerland",36,1930,60.9000015258789,4.10923337936401,,4051,8.30671882629395,25301.404296875,10.1386156082153,6245.71826171875,8.73965167999268,1,1,1,0,0,0
"Switzerland",36,1940,64.0999984741211,4.16044425964355,0.14378334581852,4226,8.34901142120361,27032.119140625,10.2047815322876,6396.62109375,8.76352500915527,1,1,1,0,0,0
"Switzerland",36,1950,69.1999969482422,4.23700094223022,0.0510922633111477,4694,8.45404052734375,42545,10.658317565918,9063.6982421875,9.11203289031982,1,1,1,0,0,0
"Switzerland",36,1960,71.3029251098633,4.26693725585938,0.0490792393684387,5362,8.58709239959717,66793,11.109354019165,12456.732421875,9.43001651763916,1,1,1,0,0,0
"Switzerland",36,1970,73.1668319702148,4.29274225234985,0,6267,8.7430534362793,105935,11.5705814361572,16903.623046875,9.73528289794922,1,1,1,0,0,0
"Switzerland",36,1980,75.8487777709961,4.32874155044556,0,6385.22900390625,8.76174259185791,119909,11.6944885253906,18779.123046875,9.840500831604,1,1,1,0,0,0
"Switzerland",36,1990,77.3170700073242,4.34791469573975,0,6838.3798828125,8.83030605316162,146900,11.8975076675415,21481.6953125,9.97495651245117,1,1,1,0,0,0
"Switzerland",36,2000,79.1648788452148,4.37153291702271,0,7262.3720703125,8.89046192169189,159955,11.982647895813,22025.173828125,9.99994087219238,1,1,1,0,0,0
"Channel Islands",37,1900,46,3.82864141464233,,,,,,,,,,0,0,0,
"Channel Islands",37,1910,,,,,,,,,,,,0,0,0,
"Channel Islands",37,1920,,,,,,,,,,,,0,0,0,
"Channel Islands",37,1930,,,,,,,,,,,,0,0,0,
"Channel Islands",37,1940,,,,,,,,,,,,0,0,0,
"Channel Islands",37,1950,,,,,,,,,,,,0,0,0,
"Channel Islands",37,1960,,,,,,,,,,,,0,0,0,
"Channel Islands",37,1970,,,0,,,,,,,,,0,0,0,
"Channel Islands",37,1980,,,0,,,,,,,,,0,0,0,
"Channel Islands",37,1990,76.9267807006836,4.34285402297974,0,,,,,,,,,0,0,0,
"Channel Islands",37,2000,78.5497589111328,4.36373233795166,0,,,,,,,,,0,0,0,
"Chile",38,1900,35,3.55534815788269,,2974,7.99766302108765,5797.64013671875,8.66520595550537,1949.44189453125,7.57529830932617,1,1,0,1,0,1
"Chile",38,1910,,,,3364,8.12088584899902,8316.7431640625,9.02602577209473,2472.27783203125,7.81289529800415,1,1,0,1,0,1
"Chile",38,1920,,,,3827,8.24983692169189,9298.4521484375,9.13760280609131,2429.697265625,7.79552173614502,1,1,0,1,0,1
"Chile",38,1930,40.7000007629395,3.70622801780701,,4370,8.38251781463623,13734.6650390625,9.52767848968506,3142.94409179688,8.05291557312012,1,1,0,1,0,1
"Chile",38,1940,42,3.7376697063446,0.794500052928925,5093,8.53562259674072,16596.439453125,9.71694374084473,3258.67651367188,8.08907604217529,1,1,0,1,0,1
"Chile",38,1950,54.7000007629395,4.00186395645142,0.287375241518021,6090.8330078125,8.71454048156738,23274,10.0550918579102,3821.15209960938,8.24830722808838,1,1,0,1,0,1
"Chile",38,1960,57.2951202392578,4.04821538925171,0.26883590221405,7585.34912109375,8.93397426605225,32767,10.3971767425537,4319.77490234375,8.37095832824707,1,1,0,1,0,1
"Chile",38,1970,62.40185546875,4.13359498977661,0,9368.5576171875,9.14511489868164,49586,10.8114633560181,5292.81005859375,8.57410430908203,1,1,0,1,0,1
"Chile",38,1980,69.2975616455078,4.23840951919556,0,11093.7177734375,9.31413459777832,63654,11.0612173080444,5737.841796875,8.65483856201172,1,1,0,1,0,1
"Chile",38,1990,73.6960983276367,4.29994964599609,0,13127.7587890625,9.48248386383057,84038,11.3390245437622,6401.5498046875,8.76429557800293,1,1,0,1,0,1
"Chile",38,2000,75.366828918457,4.3223671913147,0,15153.796875,9.62600612640381,149121,11.9125137329102,9840.50390625,9.19426250457764,1,1,0,1,0,1
"China",39,1900,24,3.178053855896,,4e+05,12.8992195129395,218074,12.2925901412964,545.184997558594,6.30112504959106,1,1,0,0,1,0
"China",39,1910,,,,423000,12.9551277160645,,,,,1,1,0,0,1,0
"China",39,1920,,,,472000,13.0647344589233,,,,,1,1,0,0,1,0
"China",39,1930,41.5,3.72569346427917,,489000,13.1001176834106,277467,12.5334577560425,567.417175292969,6.34109497070312,1,1,0,0,1,0
"China",39,1940,43.9000015258789,3.78191447257996,0.288814842700958,518770,13.159215927124,291603.5,12.5831499099731,562.105529785156,6.33168983459473,1,1,0,0,1,0
"China",39,1950,40.7999992370605,3.7086820602417,0.0814425498247147,546815,13.2118654251099,239903,12.3879899978638,438.727905273438,6.0838794708252,1,1,0,0,1,0
"China",39,1960,36.3195114135742,3.59235501289368,0.0719006881117821,667070,13.4106502532959,448727,13.0141696929932,672.683532714844,6.51127481460571,1,1,0,0,1,0
"China",39,1970,61.7419509887695,4.12296342849731,0,818315,13.6150026321411,640949,13.3707056045532,783.254638671875,6.6634578704834,1,1,0,0,1,0
"China",39,1980,65.3099975585938,4.17914533615112,0,981235,13.7965669631958,1046781,13.8612298965454,1066.79943847656,6.97241830825806,1,1,0,0,1,0
"China",39,1990,68.8740463256836,4.2322793006897,0,1135185,13.9423065185547,2109400,14.5619144439697,1858.19934082031,7.52736330032349,1,1,0,0,1,0
"China",39,2000,69.8563919067383,4.24644136428833,0,1264093,14.0498657226562,4329913,15.2810583114624,3425.31201171875,8.13894748687744,1,1,0,0,1,0
"Cote d'Ivoire",40,1900,24,3.178053855896,,,,,,,,,,0,0,0,
"Cote d'Ivoire",40,1910,,,,,,,,,,,,0,0,0,
"Cote d'Ivoire",40,1920,,,,,,,,,,,,0,0,0,
"Cote d'Ivoire",40,1930,,,,,,,,,,,,0,0,0,
"Cote d'Ivoire",40,1940,,,,,,,,,,,,0,0,0,
"Cote d'Ivoire",40,1950,36,3.58351898193359,,2860.2880859375,7.95867776870728,2977.21069335938,7.99874210357666,1040.8779296875,6.94781970977783,,,0,0,0,
"Cote d'Ivoire",40,1960,39.4619522094727,3.67533707618713,,3576.07690429688,8.18202209472656,4492.61083984375,8.41018962860107,1256.2958984375,7.13592290878296,,,0,0,0,
"Cote d'Ivoire",40,1970,44.4609756469727,3.79461193084717,0,5503.6298828125,8.61316299438477,10086.7890625,9.21898174285889,1832.75207519531,7.51357412338257,,,0,0,0,
"Cote d'Ivoire",40,1980,49.2975616455078,3.89787459373474,0,8260.859375,9.01928424835205,17538.748046875,9.77216815948486,2123.1142578125,7.66063928604126,,,0,0,0,
"Cote d'Ivoire",40,1990,49.7985382080078,3.90798568725586,0,11901.0107421875,9.38437843322754,16330,9.700758934021,1372.15234375,7.2241358757019,,,0,0,0,
"Cote d'Ivoire",40,2000,46.1365852355957,3.83160614967346,0,15865.6005859375,9.67190837860107,21042,9.9542760848999,1326.26550292969,7.19012260437012,,,0,0,0,
"Cameroon",41,1900,24,3.178053855896,,,,,,,,,,0,0,0,
"Cameroon",41,1910,,,,,,,,,,,,0,0,0,
"Cameroon",41,1920,,,,,,,,,,,,0,0,0,
"Cameroon",41,1930,,,,,,,,,,,,0,0,0,
"Cameroon",41,1940,,,,,,,,,,,,0,0,0,
"Cameroon",41,1950,36,3.58351898193359,,4887.5908203125,8.4944543838501,3279.33471679688,8.09539604187012,670.951110839844,6.50869607925415,,,0,0,0,
"Cameroon",41,1960,39.4634132385254,3.67537403106689,,5608.759765625,8.63208484649658,4666.4931640625,8.44816303253174,832.000854492188,6.7238335609436,,,0,0,0,
"Cameroon",41,1970,44.6434135437012,3.79870676994324,0,6726.73291015625,8.81384468078613,6604.580078125,8.79551887512207,981.840698242188,6.88942909240723,,,0,0,0,
"Cameroon",41,1980,49.9634132385254,3.91129088401794,0,8747.5390625,9.07652759552002,10441.4013671875,9.2535343170166,1193.63879394531,7.08476161956787,,,0,0,0,
"Cameroon",41,1990,54.1829261779785,3.99236583709717,0,11685.1806640625,9.36607646942139,14393,9.57449722290039,1231.73107910156,7.11617565155029,,,0,0,0,
"Cameroon",41,2000,53.9634132385254,3.98830628395081,0,14791.62890625,9.60181713104248,16488,9.71038818359375,1114.6845703125,7.01632690429688,,,0,0,0,
"Congo, Rep.",42,1900,24,3.178053855896,,,,,,,,,,0,0,0,
"Congo, Rep.",42,1910,,,,,,,,,,,,0,0,0,
"Congo, Rep.",42,1920,,,,,,,,,,,,0,0,0,
"Congo, Rep.",42,1930,,,,,,,,,,,,0,0,0,
"Congo, Rep.",42,1940,,,,,,,,,,,,0,0,0,
"Congo, Rep.",42,1950,38.5999984741211,3.65325212478638,,767.838012695312,6.64357900619507,990.088134765625,6.89779376983643,1289.44921875,7.16197061538696,,,0,0,0,
"Congo, Rep.",42,1960,41.8365859985352,3.73377132415771,,931.343994140625,6.83662891387939,1418.79626464844,7.25756406784058,1523.38586425781,7.32869052886963,,,0,0,0,
"Congo, Rep.",42,1970,45.8365859985352,3.82508254051208,0,1182.58605957031,7.07545900344849,2158.39208984375,7.67711877822876,1825.14599609375,7.50941514968872,,,0,0,0,
"Congo, Rep.",42,1980,49.7092666625977,3.90619134902954,0,1629.47705078125,7.39601421356201,3891.04614257812,8.26643371582031,2387.9111328125,7.77817440032959,,,0,0,0,
"Congo, Rep.",42,1990,49.4878044128418,3.90172624588013,0,2239.84399414062,7.71416139602661,5394,8.59304237365723,2408.20336914062,7.78663635253906,,,0,0,0,
"Congo, Rep.",42,2000,48.3560981750488,3.87859225273132,0,2809.47607421875,7.94075345993042,6221,8.73568630218506,2214.2919921875,7.70268821716309,,,0,0,0,
"Colombia",43,1900,35,3.55534815788269,,3998,8.29354953765869,3890.66088867188,8.26633453369141,973.151794433594,6.880539894104,1,1,0,1,0,1
"Colombia",43,1910,,,,4890,8.49494743347168,5682,8.64505863189697,1161.96313476562,7.05786609649658,1,1,0,1,0,1
"Colombia",43,1920,,,,6213,8.73439884185791,7797,8.96149444580078,1254.94934082031,7.13485050201416,1,1,0,1,0,1
"Colombia",43,1930,,,,7914,8.97638893127441,11665.5625,9.36439609527588,1474.04125976562,7.29576301574707,1,1,0,1,0,1
"Colombia",43,1940,37.9000015258789,3.63495111465454,0.525400042533875,9174,9.1241283416748,17385.990234375,9.76342010498047,1895.13732910156,7.54704666137695,1,1,0,1,0,1
"Colombia",43,1950,50.5999984741211,3.92395162582397,0.236180558800697,11591.658203125,9.35804080963135,24955,10.1248292922974,2152.84130859375,7.67454385757446,1,1,0,1,0,1
"Colombia",43,1960,56.807804107666,4.03967380523682,0.237873315811157,15952.7265625,9.6773853302002,39831,10.5924005508423,2496.814453125,7.8227710723877,1,1,0,1,0,1
"Colombia",43,1970,60.9058532714844,4.10932922363281,0,21429.658203125,9.97253131866455,66308,11.1020660400391,3094.21655273438,8.0372896194458,1,1,0,1,0,1
"Colombia",43,1980,65.9092712402344,4.1882791519165,0,26582.810546875,10.1880197525024,113375,11.6384563446045,4264.97412109375,8.35819149017334,1,1,0,1,0,1
"Colombia",43,1990,68.8595123291016,4.23206853866577,0,32858.578125,10.3999681472778,159042,11.9769239425659,4840.197265625,8.48471069335938,1,1,0,1,0,1
"Colombia",43,2000,70.2886810302734,4.25261068344116,0,39685.65625,10.5887451171875,202230,12.2171611785889,5095.7958984375,8.53617095947266,1,1,0,1,0,1
"Comoros",44,1900,24,3.178053855896,,,,,,,,,,0,0,0,
"Comoros",44,1910,,,,,,,,,,,,0,0,0,
"Comoros",44,1920,,,,,,,,,,,,0,0,0,
"Comoros",44,1930,,,,,,,,,,,,0,0,0,
"Comoros",44,1940,36.7999992370605,3.60549783706665,,,,,,,,,,0,0,0,
"Comoros",44,1950,40,3.68887948989868,,148.057006835938,4.99759721755981,82.9571075439453,4.4183235168457,560.305236816406,6.32848167419434,,,0,0,0,
"Comoros",44,1960,42.6878051757812,3.75391340255737,,182.899002075195,5.20893430709839,130.242660522461,4.8693995475769,712.1015625,6.56822061538696,,,0,0,0,
"Comoros",44,1970,46.6878051757812,3.84348297119141,0,236.251998901367,5.46489906311035,238.335784912109,5.47368049621582,1008.82012939453,6.91653680801392,,,0,0,0,
"Comoros",44,1980,50.0878067016602,3.91377758979797,0,333.513000488281,5.80968189239502,214.610046386719,5.36882257461548,643.483276367188,6.46689605712891,,,0,0,0,
"Comoros",44,1990,55.9658546447754,4.02474164962769,0,429.010009765625,6.0614800453186,294,5.68357992172241,685.298706054688,6.5298547744751,,,0,0,0,
"Comoros",44,2000,60.174144744873,4.09724283218384,0,578.400024414062,6.36026573181152,336,5.81711101531982,580.912841796875,6.36460065841675,,,0,0,0,
"Cape Verde",45,1900,24,3.178053855896,,,,,,,,,,0,0,0,
"Cape Verde",45,1910,,,,,,,,,,,,0,0,0,
"Cape Verde",45,1920,,,,,,,,,,,,0,0,0,
"Cape Verde",45,1930,,,,,,,,,,,,0,0,0,
"Cape Verde",45,1940,43.5999984741211,3.77505707740784,,,,,,,,,,0,0,0,
"Cape Verde",45,1950,48.5,3.88156390190125,,146.40299987793,4.98636293411255,65.8297576904297,4.18707180023193,449.647613525391,6.10846424102783,,,0,0,0,
"Cape Verde",45,1960,52.1634140014648,3.95438146591187,,196.768005371094,5.28202533721924,99.8637466430664,4.6038064956665,507.520263671875,6.22953653335571,,,0,0,0,
"Cape Verde",45,1970,56.6634140014648,4.03712892532349,0,268.867004394531,5.59421682357788,166.417633056641,5.11450052261353,618.958923339844,6.42803907394409,,,0,0,0,
"Cape Verde",45,1980,61.0024375915527,4.11091375350952,0,296.0419921875,5.69050121307373,248.836502075195,5.51679611206055,840.544555664062,6.73404979705811,,,0,0,0,
"Cape Verde",45,1990,65.2853622436523,4.17876768112183,0,349.264007568359,5.85582828521729,430,6.06378507614136,1231.16040039062,7.11571264266968,,,0,0,0,
"Cape Verde",45,2000,68.4795150756836,4.22653484344482,0,401.342987060547,5.99481630325317,713,6.56948137283325,1776.53527832031,7.48242044448853,,,0,0,0,
"Costa Rica",46,1900,35,3.55534815788269,,297,5.69373226165771,,,,,1,1,0,1,0,1
"Costa Rica",46,1910,,,,363,5.89440298080444,,,,,1,1,0,1,0,1
"Costa Rica",46,1920,,,,420,6.04025459289551,682,6.52502965927124,1623.8095703125,7.39253044128418,1,1,0,1,0,1
"Costa Rica",46,1930,42.7000007629395,3.75419902801514,,500,6.21460819244385,813,6.70073127746582,1626,7.39387845993042,1,1,0,1,0,1
"Costa Rica",46,1940,49.2999992370605,3.89792394638062,0.657200038433075,620,6.4297194480896,1093,6.99668169021606,1762.90319824219,7.47471714019775,1,1,0,1,0,1
"Costa Rica",46,1950,57.2999992370605,4.04830074310303,0.249978348612785,866.981994628906,6.76501798629761,1702,7.43955945968628,1963.1318359375,7.58229637145996,1,1,0,1,0,1
"Costa Rica",46,1960,61.8556098937988,4.1248025894165,0.190135568380356,1248.02197265625,7.12931537628174,3389,8.1282901763916,2715.4970703125,7.90673017501831,1,1,0,1,0,1
"Costa Rica",46,1970,67.1224365234375,4.20651817321777,0,1735.52294921875,7.45906400680542,6515,8.78186225891113,3753.91162109375,8.23055362701416,1,1,0,1,0,1
"Costa Rica",46,1980,72.6956100463867,4.2862811088562,0,2299.1240234375,7.74028348922729,11290,9.33167266845703,4910.56591796875,8.49914455413818,1,1,0,1,0,1
"Costa Rica",46,1990,75.383903503418,4.32259368896484,0,3027.17504882812,8.01538467407227,14370,9.57289791107178,4747,8.4652681350708,1,1,0,1,0,1
"Costa Rica",46,2000,76.6936569213867,4.33981895446777,0,3710.55810546875,8.21893787384033,22908,10.0392417907715,6173.734375,8.72805881500244,1,1,0,1,0,1
"Cuba",47,1900,,,,1658,7.41336727142334,,,,,,,0,0,1,
"Cuba",47,1910,,,,2219,7.70481204986572,,,,,,,0,0,1,
"Cuba",47,1920,,,,2997,8.00536727905273,,,,,,,0,0,1,
"Cuba",47,1930,,,,3837,8.25244617462158,5776,8.66146659851074,1505.3427734375,7.31677579879761,,,0,0,1,
"Cuba",47,1940,,,,4566,8.42639255523682,5516,8.61540794372559,1208.0595703125,7.09677076339722,,,0,0,1,
"Cuba",47,1950,59.2999992370605,4.08260917663574,,5784.796875,8.66298866271973,11837,9.37898540496826,2046.22570800781,7.62375211715698,,,0,0,1,
"Cuba",47,1960,64.2146377563477,4.16223096847534,,7027.2099609375,8.85754489898682,14419,9.57630252838135,2051.88110351562,7.62651205062866,,,0,0,1,
"Cuba",47,1970,70.0302429199219,4.24892711639404,0,8542.74609375,9.05283737182617,16380,9.70381641387939,1917.41625976562,7.55873394012451,,,0,0,1,
"Cuba",47,1980,73.5985336303711,4.29862499237061,0,9652.974609375,9.17502117156982,25527,10.1474924087524,2644.4697265625,7.88022565841675,,,0,0,1,
"Cuba",47,1990,75.0346374511719,4.3179497718811,0,10544.7978515625,9.26338768005371,31087,10.3445453643799,2948.08862304688,7.9889121055603,,,0,0,1,
"Cuba",47,2000,76.1931686401367,4.33327198028564,0,11141.9970703125,9.31847667694092,26896,10.1997327804565,2413.92993164062,7.78901147842407,,,0,0,1,
"Cayman Islands",48,1900,,,,,,,,,,,,0,0,0,
"Cayman Islands",48,1910,,,,,,,,,,,,0,0,0,
"Cayman Islands",48,1920,,,,,,,,,,,,0,0,0,
"Cayman Islands",48,1930,,,,,,,,,,,,0,0,0,
"Cayman Islands",48,1940,,,,,,,,,,,,0,0,0,
"Cayman Islands",48,1950,,,,,,,,,,,,0,0,0,
"Cayman Islands",48,1960,,,,,,,,,,,,0,0,0,
"Cayman Islands",48,1970,,,0,,,,,,,,,0,0,0,
"Cayman Islands",48,1980,,,0,,,,,,,,,0,0,0,
"Cayman Islands",48,1990,,,0,,,,,,,,,0,0,0,
"Cayman Islands",48,2000,,,0,,,,,,,,,0,0,0,
"Cyprus",49,1900,46,3.82864141464233,,,,,,,,,,0,0,0,
"Cyprus",49,1910,,,,,,,,,,,,0,0,0,
"Cyprus",49,1920,,,,,,,,,,,,0,0,0,
"Cyprus",49,1930,58.2999992370605,4.06560230255127,,,,,,,,,,0,0,0,
"Cyprus",49,1940,57,4.04305124282837,,,,,,,,,,0,0,0,
"Cyprus",49,1950,67,4.20469284057617,,,,,,,,,,0,0,0,
"Cyprus",49,1960,68.7653656005859,4.23070001602173,,,,,,,,,,0,0,0,
"Cyprus",49,1970,70.9726791381836,4.26229476928711,0,,,,,,,,,0,0,0,
"Cyprus",49,1980,74.5999984741211,4.31214046478271,0,,,,,,,,,0,0,0,
"Cyprus",49,1990,76.5356063842773,4.33775615692139,0,,,,,,,,,0,0,0,
"Cyprus",49,2000,77.6726837158203,4.35250377655029,0,,,,,,,,,0,0,0,
"Czech Republic",50,1900,32,3.465735912323,,12142,9.40442562103271,20994,9.95199203491211,1729.03967285156,7.45532131195068,,,0,1,0,
"Czech Republic",50,1910,,,,12984,9.47147274017334,25851,10.1601047515869,1990.98889160156,7.59638690948486,,,0,1,0,
"Czech Republic",50,1920,,,,12979,9.47108840942383,25090.921875,10.1302614212036,1933.19372558594,7.56692886352539,,,0,1,0,
"Czech Republic",50,1930,53.0999984741211,3.97217679023743,,13964,9.54423809051514,40856.01171875,10.6178092956543,2925.81030273438,7.98132658004761,,,0,1,0,
"Czech Republic",50,1940,58.2999992370605,4.06560230255127,,14713,9.59648704528809,42402.8671875,10.6549711227417,2882,7.96623992919922,,,0,1,0,
"Czech Republic",50,1950,67.5,4.21212768554688,,12388.568359375,9.42452907562256,43367.8828125,10.6774740219116,3500.63720703125,8.16069984436035,,,0,1,0,
"Czech Republic",50,1960,69.7600021362305,4.24506092071533,,13654.087890625,9.52179431915283,69749.4296875,11.1526641845703,5108.318359375,8.53862571716309,,,0,1,0,
"Czech Republic",50,1970,69.7600021362305,4.24506092071533,0,14319.0986328125,9.56934928894043,92592.1640625,11.435959815979,6466.33984375,8.77436542510986,,,0,1,0,
"Czech Republic",50,1980,70.2634124755859,4.25225114822388,0,15254.68359375,9.63264179229736,121763.1328125,11.7098331451416,7982.01611328125,8.98494625091553,,,0,1,0,
"Czech Republic",50,1990,71.6717071533203,4.27209615707397,0,15572.1298828125,9.65323829650879,132560,11.7947902679443,8512.64453125,9.04930782318115,,,0,1,0,
"Czech Republic",50,2000,74.5146331787109,4.31099557876587,0,15680.134765625,9.66014957427979,135313,11.8153457641602,8629.5810546875,9.06295108795166,,,0,1,0,
"Germany",51,1900,47,3.85014748573303,,54388,10.9038991928101,162335.09375,11.9974174499512,2984.75927734375,8.00127410888672,1,1,1,0,0,0
"Germany",51,1910,,,,62884,11.0490474700928,210513.484375,12.2573051452637,3347.64770507812,8.1160135269165,1,1,1,0,0,0
"Germany",51,1920,57.4000015258789,4.05004453659058,,60894,11.0168895721436,170235,12.0449352264404,2795.595703125,7.93580055236816,1,1,1,0,0,0
"Germany",51,1930,59.9000015258789,4.09267663955688,,65084,11.0834341049194,258602,12.4630451202393,3973.357421875,8.28736686706543,1,1,1,0,0,0
"Germany",51,1940,63.5,4.15104007720947,0.182600006461143,69835,11.1538906097412,377284,12.8407535552979,5402.505859375,8.59461784362793,1,1,1,0,0,0
"Germany",51,1950,67.5,4.21212768554688,0.0590875782072544,68374.5703125,11.1327562332153,265354,12.4888200759888,3880.88720703125,8.26381874084473,1,1,1,0,0,0
"Germany",51,1960,69.5431060791016,4.24194669723511,0.0498342588543892,72480.8671875,11.1910781860352,558482,13.2329778671265,7705.2333984375,8.9496545791626,1,1,1,0,0,0
"Germany",51,1970,70.4586944580078,4.25502681732178,0,77783.1640625,11.2616806030273,843103,13.6448440551758,10839.1455078125,9.29091930389404,1,1,1,0,0,0
"Germany",51,1980,72.6254806518555,4.285315990448,0,78297.90625,11.2682762145996,1105099,13.9154453277588,14114.0302734375,9.55492496490479,1,1,1,0,0,0
"Germany",51,1990,75.1399993896484,4.3193531036377,0,79380.390625,11.2820062637329,1264438,14.0501384735107,15928.8447265625,9.67588710784912,1,1,1,0,0,0
"Germany",51,2000,76.7365875244141,4.3403787612915,0,82187.90625,11.3167638778687,1528353,14.2397012710571,18595.837890625,9.83069324493408,1,1,1,0,0,0
"",52,1900,,,,,,,,,,,,0,0,0,
"",52,1910,,,,,,,,,,,,0,0,0,
"",52,1920,,,,,,,,,,,,0,0,0,
"",52,1930,,,,,,,,,,,,0,0,0,
"",52,1940,,,,,,,,,,,,0,0,0,
"",52,1950,,,,,,,,,,,,0,0,0,
"",52,1960,,,,,,,,,,,,0,0,0,
"",52,1970,,,0,,,,,,,,,0,0,0,
"",52,1980,,,0,,,,,,,,,0,0,0,
"",52,1990,,,0,,,,,,,,,0,0,0,
"",52,2000,,,0,,,,,,,,,0,0,0,
"Djibouti",53,1900,24,3.178053855896,,,,,,,,,,0,0,0,
"Djibouti",53,1910,,,,,,,,,,,,0,0,0,
"Djibouti",53,1920,,,,,,,,,,,,0,0,0,
"Djibouti",53,1930,,,,,,,,,,,,0,0,0,
"Djibouti",53,1940,31.2000007629395,3.44041800498962,,,,,,,,,,0,0,0,
"Djibouti",53,1950,33,3.49650764465332,,60.0359992980957,4.0949444770813,90.0288772583008,4.50013065338135,1499.58154296875,7.3129415512085,,,0,0,0,
"Djibouti",53,1960,36.192684173584,3.5888569355011,,78.4169998168945,4.36204051971436,138.91455078125,4.93385887145996,1771.48522949219,7.47957372665405,,,0,0,0,
"Djibouti",53,1970,40.1814651489258,3.69340586662292,0,158.033996582031,5.06281042098999,326.984893798828,5.78991413116455,2069.07934570312,7.63485908508301,,,0,0,0,
"Djibouti",53,1980,44.1609764099121,3.78784155845642,0,279.148986816406,5.6317458152771,463.738739013672,6.13932132720947,1661.2587890625,7.41533088684082,,,0,0,0,
"Djibouti",53,1990,47.7702445983887,3.86640286445618,0,366.088012695312,5.90287351608276,530,6.27287721633911,1447.73937988281,7.27775859832764,,,0,0,0,
"Djibouti",53,2000,49.7219505310059,3.90644645690918,0,430.821990966797,6.06569480895996,475,6.16331481933594,1102.54345703125,7.00537490844727,,,0,0,0,
"Dominica",54,1900,35,3.55534815788269,,,,,,,,,,0,0,0,
"Dominica",54,1910,,,,,,,,,,,,0,0,0,
"Dominica",54,1920,,,,,,,,,,,,0,0,0,
"Dominica",54,1930,,,,,,,,,,,,0,0,0,
"Dominica",54,1940,,,,,,,,,,,,0,0,0,
"Dominica",54,1950,,,,,,,,,,,,0,0,0,
"Dominica",54,1960,,,,,,,,,,,,0,0,0,
"Dominica",54,1970,,,0,,,,,,,,,0,0,0,
"Dominica",54,1980,,,0,,,,,,,,,0,0,0,
"Dominica",54,1990,73.1560974121094,4.29259538650513,0,,,,,,,,,0,0,0,
"Dominica",54,2000,76.0804901123047,4.33179187774658,0,,,,,,,,,0,0,0,
"Denmark",55,1900,56,4.02535152435303,,2561,7.84815311431885,7725.5400390625,8.95228672027588,3016.61059570312,8.01188945770264,1,1,1,0,0,0
"Denmark",55,1910,,,,2882,7.96623992919922,10678.0498046875,9.27594566345215,3705.08325195312,8.21746063232422,1,1,1,0,0,0
"Denmark",55,1920,,,,3242,8.08394527435303,12942.0302734375,9.46823501586914,3991.98950195312,8.2920446395874,1,1,1,0,0,0
"Denmark",55,1930,62.2999992370605,4.13196134567261,,3542,8.17244720458984,18917.0703125,9.84782028198242,5340.78759765625,8.58312797546387,1,1,1,0,0,0
"Denmark",55,1940,65.5,4.1820502281189,0.121399998664856,3832,8.25114250183105,19605.599609375,9.88357067108154,5116.28369140625,8.54018402099609,1,1,1,0,0,0
"Denmark",55,1950,71,4.26268005371094,0.0411195568740368,4271,8.35960292816162,29654,10.2973518371582,6943.1044921875,8.84550476074219,1,1,1,0,0,0
"Denmark",55,1960,72.1634140014648,4.27893304824829,0.037830762565136,4581,8.42967224121094,40367,10.6057682037354,8811.8310546875,9.0838508605957,1,1,1,0,0,0
"Denmark",55,1970,73.3068313598633,4.29465389251709,0,4928.7568359375,8.50284194946289,62524,11.0433053970337,12685.5517578125,9.44821929931641,1,1,1,0,0,0
"Denmark",55,1980,74.2929763793945,4.30801630020142,0,5123.02685546875,8.54150104522705,78010,11.2645921707153,15227.3251953125,9.63084697723389,1,1,1,0,0,0
"Denmark",55,1990,74.6780471801758,4.31318616867065,0,5140.9541015625,8.54499435424805,94863,11.4601888656616,18452.412109375,9.82295036315918,1,1,1,0,0,0
"Denmark",55,2000,75.7785339355469,4.32781505584717,0,5336.39404296875,8.58230495452881,122793,11.7182550430298,23010.482421875,10.0437049865723,1,1,1,0,0,0
"Dominican Republic",56,1900,35,3.55534815788269,,515,6.2441668510437,,,,,,,0,0,0,
"Dominican Republic",56,1910,,,,688,6.53378868103027,,,,,,,0,0,0,
"Dominican Republic",56,1920,,,,879,6.77878475189209,,,,,,,0,0,0,
"Dominican Republic",56,1930,29.8999996185303,3.39785838127136,,1256,7.13568735122681,,,,,,,0,0,0,
"Dominican Republic",56,1940,29.8999996185303,3.39785838127136,,1674,7.42297124862671,,,,,,,0,0,0,
"Dominican Republic",56,1950,45.9000015258789,3.82646512985229,,2352.96801757812,7.76343297958374,2416,7.78986835479736,1026.78833007812,6.93419122695923,,,0,0,0,
"Dominican Republic",56,1960,52.1614646911621,3.95434403419495,,3231.48803710938,8.08069801330566,4209,8.34498023986816,1302.49597167969,7.17203760147095,,,0,0,0,
"Dominican Republic",56,1970,58.7321968078613,4.07298803329468,0,4422.7548828125,8.39451789855957,6906,8.8401460647583,1561.47021484375,7.35338306427002,,,0,0,0,
"Dominican Republic",56,1980,64.1975631713867,4.16196537017822,0,5696.85498046875,8.64766979217529,13511,9.51125907897949,2371.65942382812,7.7713451385498,,,0,0,0,
"Dominican Republic",56,1990,69.0604858398438,4.23498249053955,0,7075.6328125,8.86441230773926,17503,9.77012729644775,2473.70092773438,7.8134708404541,,,0,0,0,
"Dominican Republic",56,2000,70.8195114135742,4.26013469696045,0,8353.525390625,9.03043842315674,30600,10.3287553787231,3663.12426757812,8.2060718536377,,,0,0,0,
"Algeria",57,1900,24,3.178053855896,,,,,,,,,,0,0,0,
"Algeria",57,1910,,,,,,,,,,,,0,0,0,
"Algeria",57,1920,,,,,,,,,,,,0,0,0,
"Algeria",57,1930,38.9700012207031,3.66279220581055,,,,,,,,,,0,0,0,
"Algeria",57,1940,38.9700012207031,3.66279220581055,,,,,,,,,,0,0,0,
"Algeria",57,1950,43.0999984741211,3.76352286338806,,8892.7177734375,9.09298801422119,12136.244140625,9.40395164489746,1364.73962402344,7.21871900558472,,,0,0,0,
"Algeria",57,1960,47.2843894958496,3.85618019104004,,10909.2939453125,9.29736995697021,22779.73046875,10.0336265563965,2088.10302734375,7.64401149749756,,,0,0,0,
"Algeria",57,1970,53.2551231384277,3.97509407997131,0,13931.845703125,9.54193210601807,31335.783203125,10.3525161743164,2249.2197265625,7.71833848953247,,,0,0,0,
"Algeria",57,1980,59.2756080627441,4.08219766616821,0,18861.615234375,9.84488391876221,59273.41796875,10.9899158477783,3142.5419921875,8.0527868270874,,,0,0,0,
"Algeria",57,1990,67.365852355957,4.21013832092285,0,25341.271484375,10.1401901245117,73934,11.2109279632568,2917.533203125,7.97849369049072,,,0,0,0,
"Algeria",57,2000,70.5790252685547,4.25673294067383,0,31193.91796875,10.3479785919189,87109,11.3749151229858,2792.49951171875,7.9346923828125,,,0,0,0,
"Ecuador",58,1900,35,3.55534815788269,,1400,7.24422740936279,,,,,1,1,0,0,1,1
"Ecuador",58,1910,,,,1617,7.38832807540894,,,,,1,1,0,0,1,1
"Ecuador",58,1920,,,,1790,7.48997068405151,,,,,1,1,0,0,1,1
"Ecuador",58,1930,,,,1944,7.57250308990479,2336.32788085938,7.75633573532104,1201.81469726562,7.09158802032471,1,1,0,0,1,1
"Ecuador",58,1940,39.2999992370605,3.67122459411621,0.920199990272522,2466,7.81035280227661,3344,8.11492252349854,1546.48706054688,7.34374141693115,1,1,0,0,1,1
"Ecuador",58,1950,48.4000015258789,3.87949991226196,0.309594929218292,3369.955078125,8.12265491485596,6278,8.74480628967285,1862.93286132812,7.5299072265625,1,1,0,0,1,1
"Ecuador",58,1960,53.3775596618652,3.97739052772522,0.254709303379059,4415.9560546875,8.39297962188721,10106,9.22088432312012,2288.51928710938,7.73566007614136,1,1,0,0,1,1
"Ecuador",58,1970,58.0536575317383,4.06136751174927,0,5939.24609375,8.68933773040771,16899,9.73501014709473,2845.310546875,7.9534273147583,1,1,0,0,1,1
"Ecuador",58,1980,63.2629280090332,4.14729928970337,0,7920.4990234375,8.97720909118652,32706,10.3953142166138,4129.28515625,8.32586002349854,1,1,0,0,1,1
"Ecuador",58,1990,68.120002746582,4.22127103805542,0,10317.376953125,9.24158477783203,40267,10.6032876968384,3902.8330078125,8.26945781707764,1,1,0,0,1,1
"Ecuador",58,2000,70.3656616210938,4.2537055015564,0,12920.091796875,9.46653842926025,40059,10.598108291626,3100.51977539062,8.03932476043701,1,1,0,0,1,1
"Egypt, Arab Rep.",59,1900,24,3.178053855896,,,,,,,,,,0,0,0,
"Egypt, Arab Rep.",59,1910,,,,,,,,,,,,0,0,0,
"Egypt, Arab Rep.",59,1920,,,,,,,,,,,,0,0,0,
"Egypt, Arab Rep.",59,1930,31,3.43398714065552,,,,,,,,,,0,0,0,
"Egypt, Arab Rep.",59,1940,31,3.43398714065552,,,,,,,,,,0,0,0,
"Egypt, Arab Rep.",59,1950,42.4000015258789,3.74714851379395,,21197.69140625,9.96164798736572,19287.833984375,9.86722946166992,909.902587890625,6.8133373260498,,,0,0,0,
"Egypt, Arab Rep.",59,1960,46.3707313537598,3.83666849136353,,26846.609375,10.1978950500488,26617.2109375,10.1893129348755,991.455200195312,6.89917373657227,,,0,0,0,
"Egypt, Arab Rep.",59,1970,51.1287803649902,3.93434762954712,0,33574.02734375,10.4215078353882,42105.33984375,10.6479301452637,1254.10461425781,7.13417720794678,,,0,0,0,
"Egypt, Arab Rep.",59,1980,55.5400009155273,4.01710367202759,0,42634.21484375,10.6604127883911,88222.5546875,11.3876180648804,2069.2900390625,7.63496065139771,,,0,0,0,
"Egypt, Arab Rep.",59,1990,62.8048782348633,4.14003276824951,0,56694.4140625,10.9454307556152,143000,11.8705997467041,2522.29443359375,7.83292436599731,,,0,0,0,
"Egypt, Arab Rep.",59,2000,66.5419540405273,4.1978325843811,0,70492.34375,11.1632595062256,205845.09375,12.2348794937134,2920.10595703125,7.97937536239624,,,0,0,0,
"Eritrea",60,1900,,,,,,,,,,,,0,0,0,
"Eritrea",60,1910,,,,,,,,,,,,0,0,0,
"Eritrea",60,1920,,,,,,,,,,,,0,0,0,
"Eritrea",60,1930,,,,,,,,,,,,0,0,0,
"Eritrea",60,1940,,,,,,,,,,,,0,0,0,
"Eritrea",60,1950,35.9000015258789,3.58073735237122,,,,,,,,,,0,0,0,
"Eritrea",60,1960,39.323413848877,3.67182016372681,,,,,,,,,,0,0,0,
"Eritrea",60,1970,43.4712181091309,3.77209901809692,0,,,,,,,,,0,0,0,
"Eritrea",60,1980,44.2712211608887,3.79033493995667,0,,,,,,,,,0,0,0,
"Eritrea",60,1990,48.8780479431152,3.88932847976685,0,,,,,,,,,0,0,0,
"Eritrea",60,2000,50.882438659668,3.92951774597168,0,,,,,,,,,0,0,0,
"Spain",61,1900,35,3.55534815788269,,18566,9.82908725738525,33164,10.4092206954956,1786.27600097656,7.48788833618164,1,1,0,1,0,0
"Spain",61,1910,,,,19858,9.8963623046875,37633,10.5356369018555,1895.10522460938,7.54702949523926,1,1,0,1,0,0
"Spain",61,1920,,,,21232,9.96326446533203,46226,10.7412977218628,2177.18530273438,7.68578815460205,1,1,0,1,0,0
"Spain",61,1930,50,3.91202306747437,,23445,10.0624122619629,61435,11.0257349014282,2620.38818359375,7.87107753753662,1,1,0,1,0,0
"Spain",61,1940,50.2000007629395,3.91601514816284,0.387349963188171,25757,10.1564617156982,53585,10.8890247344971,2080.4052734375,7.64031791687012,1,1,0,1,0,0
"Spain",61,1950,63.9000015258789,4.15731954574585,0.119276702404022,28062.962890625,10.242205619812,61429,11.0256376266479,2188.97045898438,7.69118642807007,1,1,0,1,0,0
"Spain",61,1960,69.2414627075195,4.23759984970093,0.110772177577019,30641.1875,10.3301000595093,94119,11.4523153305054,3071.64990234375,8.02997016906738,1,1,0,1,0,0
"Spain",61,1970,72.3243865966797,4.28116130828857,0,33876.48046875,10.4304761886597,214070,12.27405834198,6319.1337890625,8.7513370513916,1,1,0,1,0,0
"Spain",61,1980,75.5268325805664,4.32448816299438,0,37488.359375,10.5317859649658,344987,12.7512617111206,9202.509765625,9.12723159790039,1,1,0,1,0,0
"Spain",61,1990,76.7146377563477,4.34009265899658,0,39350.76953125,10.5802707672119,474366,13.0697345733643,12054.80859375,9.39721870422363,1,1,0,1,0,0
"Spain",61,2000,77.9146347045898,4.35561370849609,0,40016.08203125,10.5970363616943,611000,13.3228521347046,15268.861328125,9.63357067108154,1,1,0,1,0,0
"Estonia",62,1900,,,,,,,,,,,,0,0,0,
"Estonia",62,1910,,,,,,,,,,,,0,0,0,
"Estonia",62,1920,,,,,,,,,,,,0,0,0,
"Estonia",62,1930,,,,,,,,,,,,0,0,0,
"Estonia",62,1940,,,,,,,,,,,,0,0,0,
"Estonia",62,1950,,,,,,,,,,,,0,0,0,
"Estonia",62,1960,,,,,,,,,,,,0,0,0,
"Estonia",62,1970,,,0,,,,,,,,,0,0,0,
"Estonia",62,1980,,,0,,,,,,,,,0,0,0,
"Estonia",62,1990,,,0,,,,,,,,,0,0,0,
"Estonia",62,2000,,,0,,,,,,,,,0,0,0,
"Ethiopia",63,1900,24,3.178053855896,,,,,,,,,,0,0,0,
"Ethiopia",63,1910,,,,,,,,,,,,0,0,0,
"Ethiopia",63,1920,,,,,,,,,,,,0,0,0,
"Ethiopia",63,1930,,,,,,,,,,,,0,0,0,
"Ethiopia",63,1940,,,,,,,,,,,,0,0,0,
"Ethiopia",63,1950,32.9000015258789,3.49347281455994,,21577.072265625,9.97938632965088,8416.6669921875,9.0379695892334,390.074554443359,5.96633768081665,,,0,0,0,
"Ethiopia",63,1960,36.1121940612793,3.58663058280945,,25864.2578125,10.1606168746948,11345.6669921875,9.33659076690674,438.661987304688,6.08372926712036,,,0,0,0,
"Ethiopia",63,1970,40.1414642333984,3.69240975379944,0,31825.88671875,10.3680353164673,18811.25,9.84221076965332,591.067626953125,6.38193035125732,,,0,0,0,
"Ethiopia",63,1980,41.9609756469727,3.73674011230469,0,38967.4765625,10.5704822540283,25022.75,10.1275405883789,642.144470214844,6.46481323242188,,,0,0,0,
"Ethiopia",63,1990,45.0034141540527,3.80673837661743,0,50902.0625,10.8376588821411,29593,10.2952928543091,581.371337890625,6.36538982391357,,,0,0,0,
"Ethiopia",63,2000,42.9380493164062,3.75975847244263,0,66894.5859375,11.1108732223511,41774.12890625,10.6400327682495,624.47705078125,6.43691444396973,,,0,0,0,
"Finland",64,1900,56,4.02535152435303,,2646,7.88080453872681,4414.798828125,8.3927173614502,1668.48034667969,7.41966867446899,1,1,0,1,0,0
"Finland",64,1910,,,,2929,7.9824161529541,5583.98583984375,8.62765789031982,1906.44787597656,7.55299711227417,1,1,0,1,0,0
"Finland",64,1920,,,,3133,8.0497465133667,5782.044921875,8.66251277923584,1845.52978515625,7.52052164077759,1,1,0,1,0,0
"Finland",64,1930,54.7999992370605,4.00369024276733,,3449,8.14583969116211,9193.771484375,9.12628173828125,2665.6337890625,7.88819694519043,1,1,0,1,0,0
"Finland",64,1940,57.2999992370605,4.04830074310303,0.223429992794991,3698,8.21554756164551,11909.095703125,9.38505744934082,3220.41528320312,8.07726573944092,1,1,0,1,0,0
"Finland",64,1950,66.3000030517578,4.19419002532959,0.064873106777668,4008.89990234375,8.29627227783203,17051,9.74396419525146,4253.28662109375,8.35544681549072,1,1,0,1,0,0
"Finland",64,1960,68.5258560180664,4.22721099853516,0.0472509562969208,4429.60009765625,8.39606475830078,27598,10.2254981994629,6230.359375,8.73718929290771,1,1,0,1,0,0
"Finland",64,1970,70.2614669799805,4.2522234916687,0,4606.30712890625,8.43518161773682,44114,10.6945323944092,9576.869140625,9.16710567474365,1,1,0,1,0,0
"Finland",64,1980,73.1902465820312,4.29306221008301,0,4779.53515625,8.4720983505249,61890,11.0331134796143,12948.9580078125,9.46877098083496,1,1,0,1,0,0
"Finland",64,1990,75.0524368286133,4.31818723678589,0,4986.43115234375,8.51447582244873,84103,11.3397979736328,16866.37109375,9.73307704925537,1,1,0,1,0,0
"Finland",64,2000,77.0609741210938,4.34459686279297,0,5167.48583984375,8.55014133453369,104566,11.5575733184814,20235.37109375,9.91518783569336,1,1,0,1,0,0
"Fiji",65,1900,,,,,,,,,,,,0,0,0,
"Fiji",65,1910,,,,,,,,,,,,0,0,0,
"Fiji",65,1920,,,,,,,,,,,,0,0,0,
"Fiji",65,1930,,,,,,,,,,,,0,0,0,
"Fiji",65,1940,,,,,,,,,,,,0,0,0,
"Fiji",65,1950,55.2000007629395,4.01096296310425,,,,,,,,,,0,0,0,
"Fiji",65,1960,59.2146339416504,4.08116865158081,,,,,,,,,,0,0,0,
"Fiji",65,1970,64.1531677246094,4.16127347946167,0,,,,,,,,,0,0,0,
"Fiji",65,1980,68.253662109375,4.22323131561279,0,,,,,,,,,0,0,0,
"Fiji",65,1990,71.0687789916992,4.26364803314209,0,,,,,,,,,0,0,0,
"Fiji",65,2000,72.7052688598633,4.28641366958618,0,,,,,,,,,0,0,0,
"France",66,1900,47,3.85014748573303,,40598,10.6114740371704,116747.109375,11.6677656173706,2875.68627929688,7.96404647827148,1,1,0,1,0,0
"France",66,1910,,,,41224,10.6267757415771,122237.6953125,11.7137231826782,2965.20703125,7.99470233917236,1,1,0,1,0,0
"France",66,1920,54.1399993896484,3.99157333374023,,39000,10.5713167190552,125849.921875,11.7428455352783,3226.9208984375,8.07928371429443,1,1,0,1,0,0
"France",66,1930,56.7000007629395,4.03777408599854,,41610,10.6360960006714,188558.140625,12.1471614837646,4531.55859375,8.41882133483887,1,1,0,1,0,0
"France",66,1940,60,4.09434461593628,0.27920001745224,41000,10.6213274002075,165728.890625,12.0181083679199,4042.16796875,8.30453681945801,1,1,0,1,0,0
"France",66,1950,66.5,4.1972017288208,0.0903783589601517,41828.671875,10.6413373947144,220492,12.3036165237427,5271.3125,8.57003498077393,1,1,0,1,0,0
"France",66,1960,70.4282913208008,4.2545952796936,0.084487296640873,45670,10.7291965484619,344609,12.7501659393311,7545.6318359375,8.92872428894043,1,1,0,1,0,0
"France",66,1970,72.0078048706055,4.27677440643311,0,50787,10.8353958129883,592389,13.2919187545776,11664.185546875,9.36427879333496,1,1,0,1,0,0
"France",66,1980,74.250732421875,4.30744743347168,0,53869.7421875,10.8943243026733,813763,13.6094245910645,15106.1240234375,9.6228551864624,1,1,0,1,0,0
"France",66,1990,76.8000030517578,4.34120464324951,0,56735.16015625,10.9461498260498,1026491,13.8416566848755,18092.677734375,9.80326271057129,1,1,0,1,0,0
"France",66,2000,78.3073196411133,4.36064100265503,0,59381.62890625,10.9917402267456,1235635,14.0270957946777,20808.37109375,9.94311046600342,1,1,0,1,0,0
"Faeroe Islands",67,1900,,,,,,,,,,,,0,0,0,
"Faeroe Islands",67,1910,,,,,,,,,,,,0,0,0,
"Faeroe Islands",67,1920,,,,,,,,,,,,0,0,0,
"Faeroe Islands",67,1930,,,,,,,,,,,,0,0,0,
"Faeroe Islands",67,1940,,,,,,,,,,,,0,0,0,
"Faeroe Islands",67,1950,,,,,,,,,,,,0,0,0,
"Faeroe Islands",67,1960,,,,,,,,,,,,0,0,0,
"Faeroe Islands",67,1970,,,0,,,,,,,,,0,0,0,
"Faeroe Islands",67,1980,,,0,,,,,,,,,0,0,0,
"Faeroe Islands",67,1990,,,0,,,,,,,,,0,0,0,
"Faeroe Islands",67,2000,,,0,,,,,,,,,0,0,0,
"Micronesia, Fed. Sts.",68,1900,,,,,,,,,,,,0,0,0,
"Micronesia, Fed. Sts.",68,1910,,,,,,,,,,,,0,0,0,
"Micronesia, Fed. Sts.",68,1920,,,,,,,,,,,,0,0,0,
"Micronesia, Fed. Sts.",68,1930,,,,,,,,,,,,0,0,0,
"Micronesia, Fed. Sts.",68,1940,,,,,,,,,,,,0,0,0,
"Micronesia, Fed. Sts.",68,1950,,,,,,,,,,,,0,0,0,
"Micronesia, Fed. Sts.",68,1960,,,,,,,,,,,,0,0,0,
"Micronesia, Fed. Sts.",68,1970,,,0,,,,,,,,,0,0,0,
"Micronesia, Fed. Sts.",68,1980,,,0,,,,,,,,,0,0,0,
"Micronesia, Fed. Sts.",68,1990,63.4512176513672,4.15027141571045,0,,,,,,,,,0,0,0,
"Micronesia, Fed. Sts.",68,2000,67.2907333374023,4.20902252197266,0,,,,,,,,,0,0,0,
"Gabon",69,1900,24,3.178053855896,,,,,,,,,,0,0,0,
"Gabon",69,1910,,,,,,,,,,,,0,0,0,
"Gabon",69,1920,,,,,,,,,,,,0,0,0,
"Gabon",69,1930,,,,,,,,,,,,0,0,0,
"Gabon",69,1940,,,,,,,,,,,,0,0,0,
"Gabon",69,1950,38,3.63758611679077,,415.766998291016,6.0301251411438,1292.36071777344,7.16422605514526,3108.37719726562,8.04185581207275,,,0,0,0,
"Gabon",69,1960,40.8836097717285,3.71072936058044,,446.002990722656,6.10032558441162,1866.16882324219,7.53164291381836,4184.20703125,8.33907222747803,,,0,0,0,
"Gabon",69,1970,44.1828765869141,3.78833723068237,0,514.590026855469,6.2433705329895,3020.2470703125,8.01309394836426,5869.22998046875,8.6774787902832,,,0,0,0,
"Gabon",69,1980,48.1974639892578,3.87530636787415,0,713.525024414062,6.57021760940552,4837.30615234375,8.4841136932373,6779.44873046875,8.82165145874023,,,0,0,0,
"Gabon",69,1990,51.8790245056152,3.94891452789307,0,938.476989746094,6.84425830841064,4500,8.41183280944824,4795.0029296875,8.47532939910889,,,0,0,0,
"Gabon",69,2000,52.5170745849609,3.9611382484436,0,1222.93798828125,7.10901165008545,4753,8.46653079986572,3886.5419921875,8.26527500152588,,,0,0,0,
"United Kingdom",70,1900,50,3.91202306747437,,41155,10.6251010894775,184860.609375,12.1273574829102,4491.814453125,8.41001224517822,1,1,1,0,0,0
"United Kingdom",70,1910,,,,44916,10.7125492095947,207097.796875,12.2409467697144,4610.7802734375,8.43615245819092,1,1,1,0,0,0
"United Kingdom",70,1920,57.5999984741211,4.05352258682251,,46821,10.7540874481201,212937.859375,12.2687559127808,4547.91357421875,8.42242431640625,1,1,1,0,0,0
"United Kingdom",70,1930,60.5,4.10264348983765,,45866,10.7334794998169,249550.59375,12.4274168014526,5440.8623046875,8.60169315338135,1,1,1,0,0,0
"United Kingdom",70,1940,65,4.17438745498657,0.269905537366867,48226,10.7836532592773,330637.6875,12.7087783813477,6856.0048828125,8.8328800201416,1,1,1,0,0,0
"United Kingdom",70,1950,69.1999969482422,4.23700094223022,0.100130945444107,50127,10.8223152160645,347850,12.7595262527466,6939.3740234375,8.84496688842773,1,1,1,0,0,0
"United Kingdom",70,1960,70.7585372924805,4.25927305221558,0.09648197889328,52372,10.8661270141602,452768,13.0231351852417,8645.23046875,9.06476306915283,1,1,1,0,0,0
"United Kingdom",70,1970,71.6731719970703,4.27211666107178,0,55632,10.926513671875,599016,13.3030433654785,10767.4716796875,9.2842845916748,1,1,1,0,0,0
"United Kingdom",70,1980,73.7756118774414,4.30102825164795,0,56314,10.9386987686157,728224,13.4983644485474,12931.4912109375,9.46742057800293,1,1,1,0,0,0
"United Kingdom",70,1990,75.631706237793,4.32587575912476,0,57493.30859375,10.9594240188599,944610,13.7585277557373,16429.912109375,9.70685863494873,1,1,1,0,0,0
"United Kingdom",70,2000,77.1658554077148,4.34595727920532,0,59522.46875,10.9941091537476,1179586,13.980673789978,19817.4921875,9.89432048797607,1,1,1,0,0,0
"Georgia",71,1900,,,,,,,,,,,,0,0,0,
"Georgia",71,1910,,,,,,,,,,,,0,0,0,
"Georgia",71,1920,,,,,,,,,,,,0,0,0,
"Georgia",71,1930,,,,,,,,,,,,0,0,0,
"Georgia",71,1940,,,,,,,,,,,,0,0,0,
"Georgia",71,1950,61.5,4.11903715133667,,,,,,,,,,0,0,0,
"Georgia",71,1960,,,,,,,,,,,,0,0,0,
"Georgia",71,1970,,,0,,,,,,,,,0,0,0,
"Georgia",71,1980,70.8560943603516,4.26065111160278,0,,,,,,,,,0,0,0,
"Georgia",71,1990,72.3097534179688,4.2809591293335,0,,,,,,,,,0,0,0,
"Georgia",71,2000,72.7087783813477,4.28646230697632,0,,,,,,,,,0,0,0,
"Ghana",72,1900,24,3.178053855896,,,,,,,,,,0,0,0,
"Ghana",72,1910,,,,,,,,,,,,0,0,0,
"Ghana",72,1920,,,,,,,,,,,,0,0,0,
"Ghana",72,1930,,,,,,,,,,,,0,0,0,
"Ghana",72,1940,,,,,,,,,,,,0,0,0,
"Ghana",72,1950,42,3.7376697063446,,5297.4541015625,8.57498168945312,5942.64990234375,8.68990993499756,1121.79357910156,7.02268409729004,,,0,0,0,
"Ghana",72,1960,45.2217063903809,3.81157732009888,,6958.283203125,8.84768772125244,9591.4365234375,9.168625831604,1378.42004394531,7.22869300842285,,,0,0,0,
"Ghana",72,1970,49.2302436828613,3.89650821685791,0,8788.9453125,9.08125019073486,12515.220703125,9.43470096588135,1423.97302246094,7.26120615005493,,,0,0,0,
"Ghana",72,1980,53.2097549438477,3.97424173355103,0,11015.6025390625,9.30706787109375,12746.9833984375,9.453049659729,1157.17529296875,7.0537371635437,,,0,0,0,
"Ghana",72,1990,57.1585350036621,4.0458288192749,0,15399.83984375,9.64211273193359,16372,9.70332813262939,1063.1279296875,6.96897077560425,,,0,0,0,
"Ghana",72,2000,60.0175628662109,4.09463739395142,0,19509.240234375,9.87864303588867,24963,10.1251497268677,1279.54748535156,7.15426158905029,,,0,0,0,
"Guinea",73,1900,24,3.178053855896,,,,,,,,,,0,0,0,
"Guinea",73,1910,,,,,,,,,,,,0,0,0,
"Guinea",73,1920,,,,,,,,,,,,0,0,0,
"Guinea",73,1930,,,,,,,,,,,,0,0,0,
"Guinea",73,1940,,,,,,,,,,,,0,0,0,
"Guinea",73,1950,31,3.43398714065552,,2585.50903320312,7.8576774597168,784.2392578125,6.66471433639526,303.321044921875,5.71479177474976,,,0,0,0,
"Guinea",73,1960,33.6878051757812,3.51713585853577,,3028.11791992188,8.01569652557373,1186.55395507812,7.07880878448486,391.845367431641,5.97086715698242,,,0,0,0,
"Guinea",73,1970,36.6878051757812,3.6024444103241,0,3661.10302734375,8.2055196762085,1693.95678710938,7.43482255935669,462.690277099609,6.13705778121948,,,0,0,0,
"Guinea",73,1980,39.807804107666,3.68406295776367,0,4507.6630859375,8.41353416442871,2483.68579101562,7.81749868392944,550.991882324219,6.31171989440918,,,0,0,0,
"Guinea",73,1990,43.7144393920898,3.77767848968506,0,6279.85693359375,8.74510288238525,3304,8.10288906097412,526.126647949219,6.26554203033447,,,0,0,0,
"Guinea",73,2000,46.5478057861328,3.84047985076904,0,8641.96484375,9.06438541412354,4939,8.50491809844971,571.513549804688,6.34828805923462,,,0,0,0,
"Guadeloupe",74,1900,,,,,,,,,,,,0,0,0,
"Guadeloupe",74,1910,,,,,,,,,,,,0,0,0,
"Guadeloupe",74,1920,,,,,,,,,,,,0,0,0,
"Guadeloupe",74,1930,,,,,,,,,,,,0,0,0,
"Guadeloupe",74,1940,,,,,,,,,,,,0,0,0,
"Guadeloupe",74,1950,,,,,,,,,,,,0,0,0,
"Guadeloupe",74,1960,,,,,,,,,,,,0,0,0,
"Guadeloupe",74,1970,,,0,,,,,,,,,0,0,0,
"Guadeloupe",74,1980,,,0,,,,,,,,,0,0,0,
"Guadeloupe",74,1990,,,0,,,,,,,,,0,0,0,
"Guadeloupe",74,2000,,,0,,,,,,,,,0,0,0,
"Gambia, The",75,1900,24,3.178053855896,,,,,,,,,,0,0,0,
"Gambia, The",75,1910,,,,,,,,,,,,0,0,0,
"Gambia, The",75,1920,,,,,,,,,,,,0,0,0,
"Gambia, The",75,1930,,,,,,,,,,,,0,0,0,
"Gambia, The",75,1940,,,,,,,,,,,,0,0,0,
"Gambia, The",75,1950,30,3.40119743347168,,271.368988037109,5.60347938537598,164.819946289062,5.10485363006592,607.364685058594,6.40912961959839,,,0,0,0,
"Gambia, The",75,1960,32.383903503418,3.47766160964966,,351.953002929688,5.86349773406982,253.987533569336,5.53728532791138,721.65185546875,6.58154296875,,,0,0,0,
"Gambia, The",75,1970,36.192684173584,3.5888569355011,0,484.579986572266,6.18328237533569,425.894744873047,6.05419206619263,878.894592285156,6.77866506576538,,,0,0,0,
"Gambia, The",75,1980,40.1814651489258,3.69340586662292,0,670.523010253906,6.50805807113647,696.529113769531,6.54610967636108,1038.78479003906,6.94580698013306,,,0,0,0,
"Gambia, The",75,1990,49.2795104980469,3.89750838279724,0,961.606018066406,6.86860466003418,833,6.7250337600708,866.259155273438,6.76418399810791,,,0,0,0,
"Gambia, The",75,2000,53.1970748901367,3.97400331497192,0,1367.1240234375,7.2204647064209,1224,7.10987949371338,895.310180664062,6.79717016220093,,,0,0,0,
"Guinea-Bissau",76,1900,24,3.178053855896,,,,,,,,,,0,0,0,
"Guinea-Bissau",76,1910,,,,,,,,,,,,0,0,0,
"Guinea-Bissau",76,1920,,,,,,,,,,,,0,0,0,
"Guinea-Bissau",76,1930,,,,,,,,,,,,0,0,0,
"Guinea-Bissau",76,1940,30.7999992370605,3.42751455307007,,,,,,,,,,0,0,0,
"Guinea-Bissau",76,1950,32.5,3.48124003410339,,573.268005371094,6.35135316848755,165.762008666992,5.11055326461792,289.152709960938,5.66695499420166,,,0,0,0,
"Guinea-Bissau",76,1960,34.7751235961914,3.5489022731781,,616.682006835938,6.42435359954834,308.814605712891,5.732741355896,500.768005371094,6.2161431312561,,,0,0,0,
"Guinea-Bissau",76,1970,36,3.58351898193359,0,620.02001953125,6.42975187301636,540.384155273438,6.29228019714355,871.559204101562,6.77028369903564,,,0,0,0,
"Guinea-Bissau",76,1980,38.6229286193848,3.65384602546692,0,789.101989746094,6.67089557647705,595.085571289062,6.38870525360107,754.130126953125,6.62556505203247,,,0,0,0,
"Guinea-Bissau",76,1990,42.3107299804688,3.74504065513611,0,996.070983886719,6.90381860733032,794,6.67708349227905,797.131958007812,6.68102025985718,,,0,0,0,
"Guinea-Bissau",76,2000,43.865852355957,3.78113627433777,0,1278.25903320312,7.15325450897217,870,6.76849317550659,680.613220214844,6.52299404144287,,,0,0,0,
"Equatorial Guinea",77,1900,24,3.178053855896,,,,,,,,,,0,0,0,
"Equatorial Guinea",77,1910,,,,,,,,,,,,0,0,0,
"Equatorial Guinea",77,1920,,,,,,,,,,,,0,0,0,
"Equatorial Guinea",77,1930,,,,,,,,,,,,0,0,0,
"Equatorial Guinea",77,1940,32.4000015258789,3.47815847396851,,,,,,,,,,0,0,0,
"Equatorial Guinea",77,1950,34.5,3.54095935821533,,,,,,,,,,0,0,0,
"Equatorial Guinea",77,1960,36.8634147644043,3.60721969604492,,,,,,,,,,0,0,0,
"Equatorial Guinea",77,1970,39.9121932983398,3.6866819858551,0,,,,,,,,,0,0,0,
"Equatorial Guinea",77,1980,43.1814651489258,3.76541137695312,0,,,,,,,,,0,0,0,
"Equatorial Guinea",77,1990,47.1580505371094,3.85350465774536,0,,,,,,,,,0,0,0,
"Equatorial Guinea",77,2000,50.3180503845215,3.91836380958557,0,,,,,,,,,0,0,0,
"Greece",78,1900,32,3.465735912323,,4962,8.50956439971924,6704,8.81046009063721,1351.06811523438,7.20865058898926,1,1,0,1,0,1
"Greece",78,1910,,,,5320,8.57922840118408,,,,,1,1,0,1,0,1
"Greece",78,1920,,,,5700,8.64822101593018,,,,,1,1,0,1,0,1
"Greece",78,1930,47.5999984741211,3.86283278465271,,6351,8.75636768341064,14342,9.57094764709473,2258.22705078125,7.72233533859253,1,1,0,1,0,1
"Greece",78,1940,54.4000015258789,3.9963641166687,0.409000009298325,7280,8.8928861618042,16183,9.69171619415283,2222.939453125,7.70658588409424,1,1,0,1,0,1
"Greece",78,1950,65.9000015258789,4.18813848495483,0.154481843113899,7566.02783203125,8.93142318725586,14489,9.58114528656006,1915.00744628906,7.55747699737549,1,1,0,1,0,1
"Greece",78,1960,68.8502426147461,4.23193359375,0.13600005209446,8327.4052734375,9.02730751037598,26195,10.1733236312866,3145.6376953125,8.05377197265625,1,1,0,1,0,1
"Greece",78,1970,71.8421936035156,4.27447175979614,0,8792.8056640625,9.08168888092041,54609,10.9079542160034,6210.6455078125,8.7340202331543,1,1,0,1,0,1
"Greece",78,1980,74.3585357666016,4.30889844894409,0,9642.5048828125,9.17393589019775,86505,11.3679571151733,8971.216796875,9.10177612304688,1,1,0,1,0,1
"Greece",78,1990,76.9390258789062,4.34301328659058,0,10157.892578125,9.22600650787354,101452,11.5273408889771,9987.50390625,9.20909023284912,1,1,0,1,0,1
"Greece",78,2000,77.7941436767578,4.35406637191772,0,10601.52734375,9.26875305175781,127681,11.7572898864746,12043.642578125,9.3962926864624,1,1,0,1,0,1
"Grenada",79,1900,35,3.55534815788269,,,,,,,,,,0,0,0,
"Grenada",79,1910,,,,,,,,,,,,0,0,0,
"Grenada",79,1920,,,,,,,,,,,,0,0,0,
"Grenada",79,1930,,,,,,,,,,,,0,0,0,
"Grenada",79,1940,47,3.85014748573303,,,,,,,,,,0,0,0,
"Grenada",79,1950,,,,,,,,,,,,0,0,0,
"Grenada",79,1960,,,,,,,,,,,,0,0,0,
"Grenada",79,1970,,,0,,,,,,,,,0,0,0,
"Grenada",79,1980,,,0,,,,,,,,,0,0,0,
"Grenada",79,1990,,,0,,,,,,,,,0,0,0,
"Grenada",79,2000,72.0107345581055,4.27681541442871,0,,,,,,,,,0,0,0,
"Greenland",80,1900,46,3.82864141464233,,,,,,,,,,0,0,0,
"Greenland",80,1910,,,,,,,,,,,,0,0,0,
"Greenland",80,1920,,,,,,,,,,,,0,0,0,
"Greenland",80,1930,,,,,,,,,,,,0,0,0,
"Greenland",80,1940,,,,,,,,,,,,0,0,0,
"Greenland",80,1950,,,,,,,,,,,,0,0,0,
"Greenland",80,1960,,,,,,,,,,,,0,0,0,
"Greenland",80,1970,,,0,,,,,,,,,0,0,0,
"Greenland",80,1980,,,0,,,,,,,,,0,0,0,
"Greenland",80,1990,,,0,,,,,,,,,0,0,0,
"Greenland",80,2000,,,0,,,,,,,,,0,0,0,
"Guatemala",81,1900,35,3.55534815788269,,1300,7.17011976242065,,,,,1,1,0,1,0,1
"Guatemala",81,1910,,,,1441,7.27309274673462,,,,,1,1,0,1,0,1
"Guatemala",81,1920,,,,1597,7.37588214874268,2032,7.61677598953247,1272.3857421875,7.14864873886108,1,1,0,1,0,1
"Guatemala",81,1930,,,,1771,7.47929954528809,3145,8.05356884002686,1775.83288574219,7.48202466964722,1,1,0,1,0,1
"Guatemala",81,1940,30.3999996185303,3.41444253921509,0.807000041007996,2200,7.69621276855469,6033,8.70499992370605,2742.27270507812,7.91654253005981,1,1,0,1,0,1
"Guatemala",81,1950,42,3.7376697063446,0.285936027765274,2968.97607421875,7.99597215652466,6190,8.73069000244141,2084.89379882812,7.6424732208252,1,1,0,1,0,1
"Guatemala",81,1960,45.8926811218262,3.82630562782288,0.211476922035217,3975.70703125,8.2879581451416,8992,9.10409069061279,2261.73608398438,7.72388792037964,1,1,0,1,0,1
"Guatemala",81,1970,52.074146270752,3.9526686668396,0,5289.39794921875,8.57345962524414,15364,9.6397819519043,2904.67846679688,7.97407817840576,1,1,0,1,0,1
"Guatemala",81,1980,57.3502426147461,4.0491771697998,0,7235.19189453125,8.88671207427979,26632,10.189868927002,3680.8974609375,8.21091175079346,1,1,0,1,0,1
"Guatemala",81,1990,61.424388885498,4.11780691146851,0,9654.4296875,9.17517185211182,29050,10.2767734527588,3008.9814453125,8.00935649871826,1,1,0,1,0,1
"Guatemala",81,2000,64.2595138549805,4.16293001174927,0,12820.2958984375,9.45878505706787,43533,10.6812744140625,3395.63134765625,8.13024520874023,1,1,0,1,0,1
"",82,1900,,,,,,,,,,,,0,0,0,
"",82,1910,,,,,,,,,,,,0,0,0,
"",82,1920,,,,,,,,,,,,0,0,0,
"",82,1930,,,,,,,,,,,,0,0,0,
"",82,1940,,,,,,,,,,,,0,0,0,
"",82,1950,,,,,,,,,,,,0,0,0,
"",82,1960,,,,,,,,,,,,0,0,0,
"",82,1970,,,0,,,,,,,,,0,0,0,
"",82,1980,,,0,,,,,,,,,0,0,0,
"",82,1990,,,0,,,,,,,,,0,0,0,
"",82,2000,,,0,,,,,,,,,0,0,0,
"Guam",83,1900,,,,,,,,,,,,0,0,0,
"Guam",83,1910,,,,,,,,,,,,0,0,0,
"Guam",83,1920,,,,,,,,,,,,0,0,0,
"Guam",83,1930,,,,,,,,,,,,0,0,0,
"Guam",83,1940,,,,,,,,,,,,0,0,0,
"Guam",83,1950,59,4.07753753662109,,,,,,,,,,0,0,0,
"Guam",83,1960,,,,,,,,,,,,0,0,0,
"Guam",83,1970,,,0,,,,,,,,,0,0,0,
"Guam",83,1980,,,0,,,,,,,,,0,0,0,
"Guam",83,1990,74.3451232910156,4.30871820449829,0,,,,,,,,,0,0,0,
"Guam",83,2000,77.384880065918,4.34879159927368,0,,,,,,,,,0,0,0,
"Guyana",84,1900,35,3.55534815788269,,,,,,,,,,0,0,0,
"Guyana",84,1910,,,,,,,,,,,,0,0,0,
"Guyana",84,1920,34.7000007629395,3.54673981666565,,,,,,,,,,0,0,0,
"Guyana",84,1930,41.5,3.72569346427917,,,,,,,,,,0,0,0,
"Guyana",84,1940,49,3.89182019233704,,,,,,,,,,0,0,0,
"Guyana",84,1950,52.2999992370605,3.95699644088745,,,,,,,,,,0,0,0,
"Guyana",84,1960,56.3121948242188,4.03091096878052,,,,,,,,,,0,0,0,
"Guyana",84,1970,59.6829261779785,4.08904600143433,0,,,,,,,,,0,0,0,
"Guyana",84,1980,61.0136604309082,4.11109781265259,0,,,,,,,,,0,0,0,
"Guyana",84,1990,62.7219505310059,4.13871145248413,0,,,,,,,,,0,0,0,
"Guyana",84,2000,64.0595092773438,4.15981245040894,0,,,,,,,,,0,0,0,
"Hong Kong, China",85,1900,24,3.178053855896,,306,5.72358512878418,,,,,,,0,0,0,
"Hong Kong, China",85,1910,,,,,,,,,,,,0,0,0,
"Hong Kong, China",85,1920,,,,648,6.47389078140259,,,,,,,0,0,0,
"Hong Kong, China",85,1930,,,,821,6.71052312850952,,,,,,,0,0,0,
"Hong Kong, China",85,1940,,,,1786,7.48773384094238,,,,,,,0,0,0,
"Hong Kong, China",85,1950,61,4.11087369918823,,2237,7.71289110183716,4962,8.50956439971924,2218.1494140625,7.70442867279053,,,0,0,0,
"Hong Kong, China",85,1960,66.0421981811523,4.19029378890991,,3075.30004882812,8.03115749359131,9637,9.17336559295654,3133.67797851562,8.04996299743652,,,0,0,0,
"Hong Kong, China",85,1970,69.9553680419922,4.24785757064819,0,3959,8.28374671936035,22548,10.023401260376,5695.37744140625,8.64741039276123,,,0,0,0,
"Hong Kong, China",85,1980,74.0556106567383,4.30481624603271,0,5063.10009765625,8.52973461151123,53177,10.8813810348511,10502.853515625,9.25940227508545,,,0,0,0,
"Hong Kong, China",85,1990,77.5829238891602,4.35134744644165,0,5687.958984375,8.6461067199707,99770,11.5106229782104,17540.5625,9.77227115631104,,,0,0,0,
"Hong Kong, China",85,2000,78.7012710571289,4.36565923690796,0,7115.6201171875,8.8700475692749,152980,11.9380626678467,21499.181640625,9.97576999664307,,,0,0,0,
"Honduras",86,1900,35,3.55534815788269,,500,6.21460819244385,,,,,1,1,0,0,1,1
"Honduras",86,1910,,,,619,6.42810535430908,,,,,1,1,0,0,1,1
"Honduras",86,1920,,,,720,6.57925128936768,917,6.82110738754272,1273.61108398438,7.1496114730835,1,1,0,0,1,1
"Honduras",86,1930,,,,950,6.85646200180054,1485,7.3031702041626,1563.15783691406,7.35446310043335,1,1,0,0,1,1
"Honduras",86,1940,32.5,3.48124003410339,0.599500000476837,1150,7.0475172996521,1334,7.19593715667725,1160,7.05617523193359,1,1,0,0,1,1
"Honduras",86,1950,41.7999992370605,3.73289632797241,0.234789133071899,1431.44702148438,7.26644086837769,1880,7.53902721405029,1313.35632324219,7.1803412437439,1,1,0,0,1,1
"Honduras",86,1960,46.6195602416992,3.84202027320862,0.181253850460052,1951.64001464844,7.57642555236816,2728,7.91132402420044,1397.798828125,7.24265384674072,1,1,0,0,1,1
"Honduras",86,1970,52.8773651123047,3.9679753780365,0,2683.03491210938,7.89470386505127,4296,8.36543941497803,1601.17175292969,7.37849092483521,1,1,0,0,1,1
"Honduras",86,1980,60.0068283081055,4.09445858001709,0,3634.88696289062,8.19833374023438,7014,8.85566329956055,1929.63354492188,7.56508541107178,1,1,0,0,1,1
"Honduras",86,1990,66.7736587524414,4.2013087272644,0,4756.8671875,8.46734428405762,8898,9.09358215332031,1870.55895996094,7.53399276733398,1,1,0,0,1,1
"Honduras",86,2000,69.2004852294922,4.2370080947876,0,6200.89794921875,8.73244953155518,12134,9.40376663208008,1956.81335449219,7.57907247543335,1,1,0,0,1,1
"Croatia",87,1900,32,3.465735912323,,,,,,,,,,0,0,0,
"Croatia",87,1910,,,,,,,,,,,,0,0,0,
"Croatia",87,1920,,,,,,,,,,,,0,0,0,
"Croatia",87,1930,,,,,,,,,,,,0,0,0,
"Croatia",87,1940,,,,,,,,,,,,0,0,0,
"Croatia",87,1950,61.2000007629395,4.1141471862793,,3837.29711914062,8.25252342224121,,,,,,,0,0,0,
"Croatia",87,1960,,,,4036.14501953125,8.30304527282715,,,,,,,0,0,0,
"Croatia",87,1970,,,0,4205.38916015625,8.3441219329834,,,,,,,0,0,0,
"Croatia",87,1980,70.1753692626953,4.25099754333496,0,4383,8.38548851013184,,,,,,,0,0,0,
"Croatia",87,1990,72.1704864501953,4.27903127670288,0,4508.34716796875,8.41368579864502,33139,10.4084663391113,7350.587890625,8.9025354385376,,,0,0,0,
"Croatia",87,2000,72.7556076049805,4.28710603713989,0,4282.2158203125,8.36222553253174,28400,10.2541446685791,6632.080078125,8.79967403411865,,,0,0,0,
"Haiti",88,1900,35,3.55534815788269,,1560,7.35244131088257,,,,,,,0,0,1,
"Haiti",88,1910,,,,1809,7.50052928924561,,,,,,,0,0,1,
"Haiti",88,1920,,,,2124,7.66105651855469,,,,,,,0,0,1,
"Haiti",88,1930,31.5,3.4499876499176,,2422,7.79234886169434,1865.05322265625,7.53104496002197,770.046752929688,6.64645099639893,,,0,0,1,
"Haiti",88,1940,34.5,3.54095935821533,,2751,7.91971969604492,2114.0419921875,7.65635681152344,768.463073730469,6.64439249038696,,,0,0,1,
"Haiti",88,1950,37.5999984741211,3.62700390815735,,3097.21997070312,8.0382604598999,3254,8.0876407623291,1050.61962890625,6.95713520050049,,,0,0,1,
"Haiti",88,1960,42.4115104675293,3.74741983413696,,3722.74291992188,8.22221565246582,3926,8.27537631988525,1054.59875488281,6.96091556549072,,,0,0,1,
"Haiti",88,1970,47.5925369262695,3.86267590522766,0,4604.9150390625,8.43487930297852,4174,8.33662986755371,906.422790527344,6.80950593948364,,,0,0,1,
"Haiti",88,1980,51.0497550964355,3.93280076980591,0,5055.68896484375,8.52826976776123,6591,8.79345989227295,1303.67993164062,7.17294645309448,,,0,0,1,
"Haiti",88,1990,53.0951232910156,3.97208499908447,0,6074.76806640625,8.71189880371094,6323,8.75194931030273,1040.86279296875,6.94780540466309,,,0,0,1,
"Haiti",88,2000,53.5721969604492,3.98103022575378,0,7177.115234375,8.87865257263184,5817,8.66854000091553,810.492797851562,6.69764232635498,,,0,0,1,
"Hungary",89,1900,32,3.465735912323,,7127,8.8716459274292,11990,9.3918285369873,1682.33483886719,7.42793798446655,,,0,1,0,
"Hungary",89,1910,,,,7644,8.94167613983154,15291,9.63501930236816,2000.39245605469,7.60109853744507,,,0,1,0,
"Hungary",89,1920,,,,7950,8.98092746734619,13585.5,9.51675796508789,1708.86791992188,7.4435863494873,,,0,1,0,
"Hungary",89,1930,49.4000015258789,3.89995050430298,,8649,9.06519889831543,20789.43359375,9.94219970703125,2403.68041992188,7.78475618362427,,,0,1,0,
"Hungary",89,1940,56,4.02535152435303,,9287,9.13637065887451,24391.400390625,10.1019859313965,2626.40234375,7.87337017059326,,,0,1,0,
"Hungary",89,1950,63.5999984741211,4.15261363983154,,9338,9.14184761047363,23157.849609375,10.0500888824463,2479.95825195312,7.81599712371826,,,0,1,0,
"Hungary",89,1960,68.2565841674805,4.22327375411987,,9983.51171875,9.20869064331055,36430.84765625,10.5031709671021,3649.1015625,8.20223617553711,,,0,1,0,
"Hungary",89,1970,69.7609786987305,4.24507474899292,0,10337.00390625,9.24348545074463,51973.58203125,10.8584909439087,5027.91552734375,8.52276039123535,,,0,1,0,
"Hungary",89,1980,69.5121917724609,4.24150228500366,0,10711.1220703125,9.27903747558594,67549.2109375,11.1206111907959,6306.455078125,8.74932861328125,,,0,1,0,
"Hungary",89,1990,69.2951202392578,4.23837471008301,0,10371.8779296875,9.24685382843018,66990,11.1122989654541,6458.81103515625,8.77320098876953,,,0,1,0,
"Hungary",89,2000,70.5497589111328,4.25631809234619,0,10138.84375,9.22412967681885,72366,11.189492225647,7137.5,8.87311744689941,,,0,1,0,
"Indonesia",90,1900,24,3.178053855896,,42746,10.6630306243896,31748,10.3655853271484,742.712768554688,6.61030960083008,1,1,0,0,1,1
"Indonesia",90,1910,,,,48206,10.7832384109497,40180,10.6011247634888,833.506225585938,6.72564125061035,1,1,0,0,1,1
"Indonesia",90,1920,,,,53723,10.8915967941284,50779,10.8352384567261,945.200378417969,6.8513970375061,1,1,0,0,1,1
"Indonesia",90,1930,,,,60596,11.01198387146,70525,11.1637229919434,1163.85571289062,7.05949354171753,1,1,0,0,1,1
"Indonesia",90,1940,34.2999992370605,3.53514528274536,0.867500007152557,70175,11.1587476730347,86682,11.3700017929077,1235.22619628906,7.11900949478149,1,1,0,0,1,1
"Indonesia",90,1950,37.5,3.62434101104736,0.267747908830643,79043,11.2777471542358,66358,11.102819442749,839.517761230469,6.73282766342163,1,1,0,0,1,1
"Indonesia",90,1960,41.4902420043945,3.72545838356018,0.229199439287186,95254,11.4643020629883,97082,11.4833116531372,1019.19079589844,6.92676448822021,1,1,0,0,1,1
"Indonesia",90,1970,47.9219512939453,3.86957359313965,0,116044,11.6617250442505,138612,11.8394336700439,1194.47790527344,7.08546447753906,1,1,0,0,1,1
"Indonesia",90,1980,54.8121948242188,4.00391292572021,0,147490,11.9015159606934,275805,12.5274496078491,1869.9912109375,7.53368902206421,1,1,0,0,1,1
"Indonesia",90,1990,61.7073173522949,4.12240266799927,0,179248,12.0965251922607,450901,13.0190029144287,2515.51489257812,7.83023262023926,1,1,0,0,1,1
"Indonesia",90,2000,65.4146347045898,4.18074607849121,0,210875,12.2590208053589,675503,13.4232130050659,3203.33374023438,8.07194709777832,1,1,0,0,1,1
"Isle of Man",91,1900,46,3.82864141464233,,,,,,,,,,0,0,0,
"Isle of Man",91,1910,,,,,,,,,,,,0,0,0,
"Isle of Man",91,1920,,,,,,,,,,,,0,0,0,
"Isle of Man",91,1930,,,,,,,,,,,,0,0,0,
"Isle of Man",91,1940,,,,,,,,,,,,0,0,0,
"Isle of Man",91,1950,,,,,,,,,,,,0,0,0,
"Isle of Man",91,1960,,,,,,,,,,,,0,0,0,
"Isle of Man",91,1970,,,0,,,,,,,,,0,0,0,
"Isle of Man",91,1980,,,0,,,,,,,,,0,0,0,
"Isle of Man",91,1990,,,0,,,,,,,,,0,0,0,
"Isle of Man",91,2000,,,0,,,,,,,,,0,0,0,
"India",92,1900,24,3.178053855896,,284500,12.5584888458252,170466,12.0462913513184,599.177490234375,6.39555788040161,1,1,0,0,1,1
"India",92,1910,,,,302100,12.6185131072998,210439,12.2569513320923,696.587219238281,6.54619312286377,1,1,0,0,1,1
"India",92,1920,23,3.13549423217773,,305600,12.6300325393677,194051,12.1758766174316,634.983642578125,6.45359945297241,1,1,0,0,1,1
"India",92,1930,26.7999992370605,3.28840184211731,,275861,12.5276527404785,244097,12.4053211212158,725.615356445312,6.58701992034912,1,1,0,0,1,1
"India",92,1940,30,3.40119743347168,0.991581320762634,321565,12.6809549331665,265455,12.489200592041,686.284912109375,6.53129291534424,1,1,0,0,1,1
"India",92,1950,38.7000007629395,3.65583968162537,0.390946447849274,359000,12.7910776138306,222222,12.3114318847656,619.002807617188,6.42810964584351,1,1,0,0,1,1
"India",92,1960,44.3297576904297,3.79165625572205,0.265745311975479,434000,12.9807996749878,326910,12.6974401473999,753.248840332031,6.62439584732056,1,1,0,0,1,1
"India",92,1970,49.3707313537598,3.89935779571533,0,541000,13.2011747360229,469584,13.0596027374268,867.992614746094,6.76618337631226,1,1,0,0,1,1
"India",92,1980,54.3873176574707,3.99613094329834,0,679000,13.4283761978149,637202,13.364842414856,938.441833496094,6.84422063827515,1,1,0,0,1,1
"India",92,1990,59.8214645385742,4.09136438369751,0,839000,13.6399660110474,1098100,13.9090919494629,1308.82006835938,7.17688131332397,1,1,0,0,1,1
"India",92,2000,63.1414642333984,4.14537763595581,0,1007702,13.8231830596924,1924297,14.4700708389282,1909.58935546875,7.55464363098145,1,1,0,0,1,1
"Ireland",93,1900,50,3.91202306747437,,4469,8.40491962432861,,,,,1,1,0,1,0,0
"Ireland",93,1910,,,,4385,8.38594532012939,,,,,1,1,0,1,0,0
"Ireland",93,1920,,,,4361,8.38045692443848,,,,,1,1,0,1,0,0
"Ireland",93,1930,58.2000007629395,4.06388521194458,,2927,7.98173332214355,8480,9.04546546936035,2897.16430664062,7.97148752212524,1,1,0,1,0,0
"Ireland",93,1940,59.7999992370605,4.09100580215454,0.3057000041008,2958,7.99226856231689,9028,9.10808658599854,3052.06225585938,8.02357292175293,1,1,0,1,0,0
"Ireland",93,1950,66.9000015258789,4.20319890975952,0.106868825852871,2963.01806640625,7.99396371841431,10231,9.23317718505859,3452.8984375,8.14696884155273,1,1,0,1,0,0
"Ireland",93,1960,69.6926803588867,4.24409532546997,0.0954738333821297,2832,7.94873857498169,12127,9.40318965911865,4282.1328125,8.36220645904541,1,1,0,1,0,0
"Ireland",93,1970,71.0932922363281,4.26399278640747,0,2950.10009765625,7.98959445953369,18289,9.81405544281006,6199.45068359375,8.73221588134766,1,1,0,1,0,0
"Ireland",93,1980,72.6653671264648,4.28586483001709,0,3401,8.1318244934082,29047,10.2766704559326,8540.7236328125,9.0526008605957,1,1,0,1,0,0
"Ireland",93,1990,74.5829238891602,4.31191158294678,0,3508.19995117188,8.16285800933838,41459,10.6324605941772,11817.7412109375,9.37735748291016,1,1,0,1,0,0
"Ireland",93,2000,76.0160980224609,4.33094501495361,0,3797.25708007812,8.24203395843506,83596,11.3337507247925,22014.837890625,9.99947166442871,1,1,0,1,0,0
"Iran, Islamic Rep.",94,1900,24,3.178053855896,,,,,,,,,,0,0,0,
"Iran, Islamic Rep.",94,1910,,,,,,,,,,,,0,0,0,
"Iran, Islamic Rep.",94,1920,,,,,,,,,,,,0,0,0,
"Iran, Islamic Rep.",94,1930,38.9700012207031,3.66279220581055,,,,,,,,,,0,0,0,
"Iran, Islamic Rep.",94,1940,38.9700012207031,3.66279220581055,,,,,,,,,,0,0,0,
"Iran, Islamic Rep.",94,1950,46.0999984741211,3.83081293106079,,16357,9.70241165161133,28127.669921875,10.2445087432861,1719.61059570312,7.44985294342041,,,0,0,0,
"Iran, Islamic Rep.",94,1960,49.7721939086914,3.90745639801025,,21577,9.97938346862793,46467,10.7464981079102,2153.54321289062,7.67486953735352,,,0,0,0,
"Iran, Islamic Rep.",94,1970,54.7980499267578,4.00365447998047,0,28933,10.2727384567261,120865,11.7024297714233,4177.40966796875,8.33744621276855,,,0,0,0,
"Iran, Islamic Rep.",94,1980,60.1297569274902,4.09650468826294,0,39548.42578125,10.5852813720703,156643,11.961724281311,3960.7900390625,8.28419876098633,,,0,0,0,
"Iran, Islamic Rep.",94,1990,66.2317047119141,4.19315910339355,0,57551.26953125,10.960431098938,199819,12.2051668167114,3472.01733398438,8.15249061584473,,,0,0,0,
"Iran, Islamic Rep.",94,2000,70.6687774658203,4.25800371170044,0,66005.875,11.0974988937378,312995,12.6539421081543,4741.9267578125,8.46419906616211,,,0,0,0,
"Iraq",95,1900,24,3.178053855896,,,,,,,,,,0,0,0,
"Iraq",95,1910,,,,,,,,,,,,0,0,0,
"Iraq",95,1920,,,,,,,,,,,,0,0,0,
"Iraq",95,1930,38.9700012207031,3.66279220581055,,,,,,,,,,0,0,0,
"Iraq",95,1940,38.9700012207031,3.66279220581055,,,,,,,,,,0,0,0,
"Iraq",95,1950,44,3.78418970108032,,5163.44287109375,8.54935932159424,7040.9033203125,8.8594913482666,1363.60632324219,7.21788835525513,,,0,0,0,
"Iraq",95,1960,48.7780494689941,3.88728046417236,,6822.02978515625,8.82791233062744,18658.39453125,9.83405113220215,2735.02075195312,7.91389417648315,,,0,0,0,
"Iraq",95,1970,55.3780479431152,4.01418304443359,0,9413.6708984375,9.14991855621338,32690.9140625,10.3948526382446,3472.70629882812,8.15268993377686,,,0,0,0,
"Iraq",95,1980,61.9780502319336,4.12678050994873,0,13232.8388671875,9.49045658111572,84392.265625,11.3432312011719,6377.48779296875,8.76052951812744,,,0,0,0,
"Iraq",95,1990,61.2478065490723,4.11492824554443,0,18134.701171875,9.80558300018311,44583,10.7051076889038,2458.43579101562,7.80728054046631,,,0,0,0,
"Iraq",95,2000,58.5946350097656,4.07064294815063,0,22675.6171875,10.0290451049805,27692,10.2288990020752,1221.2236328125,7.10760879516602,,,0,0,0,
"Iceland",96,1900,46,3.82864141464233,,,,,,,,,,0,0,0,
"Iceland",96,1910,,,,,,,,,,,,0,0,0,
"Iceland",96,1920,,,,,,,,,,,,0,0,0,
"Iceland",96,1930,63.25,4.14709520339966,,,,,,,,,,0,0,0,
"Iceland",96,1940,61,4.11087369918823,,,,,,,,,,0,0,0,
"Iceland",96,1950,72,4.27666616439819,,,,,,,,,,0,0,0,
"Iceland",96,1960,73.248779296875,4.29386138916016,,,,,,,,,,0,0,0,
"Iceland",96,1970,73.9687805175781,4.30364322662354,0,,,,,,,,,0,0,0,
"Iceland",96,1980,76.6268310546875,4.33894729614258,0,,,,,,,,,0,0,0,
"Iceland",96,1990,77.9439010620117,4.35598945617676,0,,,,,,,,,0,0,0,
"Iceland",96,2000,79.0526809692383,4.37011432647705,0,,,,,,,,,0,0,0,
"Israel",97,1900,,,,,,,,,,,,0,0,0,
"Israel",97,1910,,,,,,,,,,,,0,0,0,
"Israel",97,1920,,,,,,,,,,,,0,0,0,
"Israel",97,1930,,,,,,,,,,,,0,0,0,
"Israel",97,1940,,,,,,,,,,,,0,0,0,
"Israel",97,1950,,,,1286.13098144531,7.15939378738403,3623.4208984375,8.19517421722412,2817.30322265625,7.94353532791138,,,0,0,0,
"Israel",97,1960,,,,2141.4951171875,7.66925954818726,9986.1474609375,9.20895385742188,4663.16650390625,8.44744968414307,,,0,0,0,
"Israel",97,1970,,,0,2903.43408203125,7.97364950180054,23519.625,10.0655908584595,8100.623046875,8.99969673156738,,,0,0,0,
"Israel",97,1980,,,0,3737.47290039062,8.22616481781006,41053.359375,10.6226282119751,10984.255859375,9.30421829223633,,,0,0,0,
"Israel",97,1990,,,0,4512.06787109375,8.41451072692871,58511,10.9769697189331,12967.66796875,9.47021484375,,,0,0,0,
"Israel",97,2000,,,0,5842.4541015625,8.67290592193604,94408,11.4553813934326,16158.962890625,9.69023036956787,,,0,0,0,
"Italy",98,1900,43,3.76120018959045,,33672,10.4244222640991,60113.6171875,11.0039920806885,1785.27014160156,7.4873251914978,1,1,0,1,0,1
"Italy",98,1910,,,,36572,10.5070381164551,85285.0234375,11.3537540435791,2331.97583007812,7.75447130203247,1,1,0,1,0,1
"Italy",98,1920,50.0499992370605,3.91302251815796,,37398,10.529372215271,96757.328125,11.4799613952637,2587.23266601562,7.85834407806396,1,1,0,1,0,1
"Italy",98,1930,54.4000015258789,3.9963641166687,,40791,10.6162166595459,119013.9609375,11.6869964599609,2917.65234375,7.97853469848633,1,1,0,1,0,1
"Italy",98,1940,58.7000007629395,4.07243967056274,0.816386699676514,44341,10.6996650695801,155423.671875,11.9539098739624,3505.19091796875,8.16200065612793,1,1,0,1,0,1
"Italy",98,1950,66,4.18965482711792,0.235779166221619,47105,10.7601346969604,164957,12.0134401321411,3501.89990234375,8.16106128692627,1,1,0,1,0,1
"Italy",98,1960,69.6878051757812,4.24402523040771,0.176239714026451,50197.6015625,10.8237228393555,296981,12.6014232635498,5916.2392578125,8.68545627593994,1,1,0,1,0,1
"Italy",98,1970,71.8780517578125,4.27497100830078,0,53661.1015625,10.8904438018799,521506,13.1644763946533,9718.5107421875,9.18178749084473,1,1,0,1,0,1
"Italy",98,1980,73.9170761108398,4.30294370651245,0,56451.24609375,10.9411325454712,742299,13.5175075531006,13149.3818359375,9.48412990570068,1,1,0,1,0,1
"Italy",98,1990,77.1219482421875,4.34538793563843,0,56742.88671875,10.9462852478027,925654,13.7382555007935,16313.12890625,9.69972515106201,1,1,0,1,0,1
"Italy",98,2000,78.2593154907227,4.36002779006958,0,57719.3359375,10.9633474349976,1081646,13.8939943313599,18739.75,9.83840179443359,1,1,0,1,0,1
"Jamaica",99,1900,35,3.55534815788269,,720,6.57925128936768,,,,,,,0,0,1,
"Jamaica",99,1910,,,,808,6.69456195831299,,,,,,,0,0,1,
"Jamaica",99,1920,37.0999984741211,3.61361694335938,,855,6.75110149383545,,,,,,,0,0,1,
"Jamaica",99,1930,45.5499992370605,3.81881070137024,,1009,6.91671514511108,981.2373046875,6.8888144493103,972.484924316406,6.87985467910767,,,0,0,1,
"Jamaica",99,1940,53.0999984741211,3.97217679023743,,1212,7.10002708435059,1176.2392578125,7.07007741928101,970.494445800781,6.87780570983887,,,0,0,1,
"Jamaica",99,1950,58.5,4.06902694702148,,1384.55004882812,7.23313045501709,1837,7.51588916778564,1326.78491210938,7.190514087677,,,0,0,1,
"Jamaica",99,1960,64.3741455078125,4.16471195220947,,1631.78405761719,7.3974289894104,4330,8.37332248687744,2653.53759765625,7.88364887237549,,,0,0,1,
"Jamaica",99,1970,68.3575592041016,4.2247519493103,0,1943.78698730469,7.5723934173584,7481,8.92012214660645,3848.67260742188,8.25548362731934,,,0,0,1,
"Jamaica",99,1980,70.749267578125,4.25914239883423,0,2228.80297851562,7.70921993255615,6957,8.84750366210938,3121.40649414062,8.04603862762451,,,0,0,1,
"Jamaica",99,1990,73.2443923950195,4.29380178451538,0,2463.4169921875,7.80930471420288,8890,9.09268188476562,3608.80834960938,8.19113254547119,,,0,0,1,
"Jamaica",99,2000,74.6917037963867,4.31336879730225,0,2652.68896484375,7.88332891464233,9411,9.14963436126709,3547.720703125,8.1740608215332,,,0,0,1,
"Jordan",100,1900,35,3.55534815788269,,,,,,,,,,0,0,0,
"Jordan",100,1910,,,,,,,,,,,,0,0,0,
"Jordan",100,1920,,,,,,,,,,,,0,0,0,
"Jordan",100,1930,,,,,,,,,,,,0,0,0,
"Jordan",100,1940,,,,,,,,,,,,0,0,0,
"Jordan",100,1950,43.2000007629395,3.76584053039551,,561.254028320312,6.33017349243164,933.449035644531,6.83888626098633,1663.14904785156,7.41646814346313,,,0,0,0,
"Jordan",100,1960,,,,848.515014648438,6.74348783493042,1977.04504394531,7.58935880661011,2330.00610351562,7.75362634658813,,,0,0,0,
"Jordan",100,1970,,,0,1502.958984375,7.3151912689209,3600.31298828125,8.18877601623535,2395.48315429688,7.7813401222229,,,0,0,0,
"Jordan",100,1980,,,0,2162.80688476562,7.67916202545166,9689.201171875,9.17876720428467,4479.91943359375,8.4073600769043,,,0,0,0,
"Jordan",100,1990,68.4756088256836,4.22647762298584,0,3262.05395507812,8.09011268615723,12371,9.42311000823975,3792.39575195312,8.24075317382812,,,0,0,0,
"Jordan",100,2000,71.0712203979492,4.26368236541748,0,4998.56396484375,8.51690578460693,20288,9.91778469085693,4058.765625,8.30863380432129,,,0,0,0,
"Japan",101,1900,44,3.78418970108032,,44103,,52020.078125,,1179.51330566406,,,,0,0,0,
"Japan",101,1910,,,,49518,,64559.3515625,,1303.75524902344,,,,0,0,0,
"Japan",101,1920,45,3.80666255950928,,55818,,94653.609375,,1695.75427246094,,,,0,0,0,
"Japan",101,1930,45.6800003051758,3.82166051864624,,64203,,118800.671875,,1850.39135742188,,,,0,0,0,
"Japan",101,1940,48.2999992370605,3.87743163108826,,72967,,209728.328125,,2874.29028320312,,,,0,0,0,
"Japan",101,1950,63.9000015258789,4.15731954574585,,83805,,160966,,1920.720703125,,,,0,0,0,
"Japan",101,1960,67.6956100463867,4.21502113342285,,94092,,375090,,3986.41748046875,,,,0,0,0,
"Japan",101,1970,71.9197540283203,4.27555084228516,0,104345,,1013602,,9713.94921875,,,,0,0,0,
"Japan",101,1980,76.0078048706055,4.33083581924438,0,116807,,1568457,,13427.765625,,,,0,0,0,
"Japan",101,1990,78.8370742797852,4.36738348007202,0,123537,,2321153,,18789.1328125,,,,0,0,0,
"Japan",101,2000,80.5432205200195,4.3887939453125,0,126700,,2669450,,21069.060546875,,,,0,0,0,
"Kazakhstan",102,1900,24,3.178053855896,,,,,,,,,,0,0,0,
"Kazakhstan",102,1910,,,,,,,,,,,,0,0,0,
"Kazakhstan",102,1920,,,,,,,,,,,,0,0,0,
"Kazakhstan",102,1930,,,,,,,,,,,,0,0,0,
"Kazakhstan",102,1940,,,,,,,,,,,,0,0,0,
"Kazakhstan",102,1950,56.5,4.03424072265625,,,,,,,,,,0,0,0,
"Kazakhstan",102,1960,,,,,,,,,,,,0,0,0,
"Kazakhstan",102,1970,,,0,,,,,,,,,0,0,0,
"Kazakhstan",102,1980,66.6243896484375,4.19907093048096,0,,,,,,,,,0,0,0,
"Kazakhstan",102,1990,68.3365859985352,4.22444534301758,0,,,,,,,,,0,0,0,
"Kazakhstan",102,2000,64.6448745727539,4.16890859603882,0,,,,,,,,,0,0,0,
"Kenya",103,1900,24,3.178053855896,,,,,,,,,,0,0,0,
"Kenya",103,1910,,,,,,,,,,,,0,0,0,
"Kenya",103,1920,,,,,,,,,,,,0,0,0,
"Kenya",103,1930,,,,,,,,,,,,0,0,0,
"Kenya",103,1940,,,,,,,,,,,,0,0,0,
"Kenya",103,1950,40.9000015258789,3.71113014221191,,6121.18408203125,8.71951103210449,3982.44799804688,8.28965187072754,650.600952148438,6.47789669036865,,,0,0,0,
"Kenya",103,1960,44.9512176513672,3.80557775497437,,8156.8271484375,9.00661087036133,5917.91796875,8.68573951721191,725.517150878906,6.58688449859619,,,0,0,0,
"Kenya",103,1970,49.9512176513672,3.91104698181152,0,11272.3359375,9.33010673522949,10290.6455078125,9.23899078369141,912.911560058594,6.8166389465332,,,0,0,0,
"Kenya",103,1980,54.8297576904297,4.00423288345337,0,16697.958984375,9.72304153442383,17160.369140625,9.75035762786865,1027.69262695312,6.93507146835327,,,0,0,0,
"Kenya",103,1990,57.1087799072266,4.04495763778687,0,23934.30859375,10.0830678939819,26093,10.1694221496582,1090.1923828125,6.99410963058472,,,0,0,0,
"Kenya",103,2000,51.0195121765137,3.93220806121826,0,30310.234375,10.3192405700684,30906,10.3387060165405,1019.65557861328,6.92722034454346,,,0,0,0,
"Kyrgyz Republic",104,1900,24,3.178053855896,,,,,,,,,,0,0,0,
"Kyrgyz Republic",104,1910,,,,,,,,,,,,0,0,0,
"Kyrgyz Republic",104,1920,,,,,,,,,,,,0,0,0,
"Kyrgyz Republic",104,1930,,,,,,,,,,,,0,0,0,
"Kyrgyz Republic",104,1940,,,,,,,,,,,,0,0,0,
"Kyrgyz Republic",104,1950,55.4000015258789,4.01457977294922,,,,,,,,,,0,0,0,
"Kyrgyz Republic",104,1960,,,,,,,,,,,,0,0,0,
"Kyrgyz Republic",104,1970,,,0,,,,,,,,,0,0,0,
"Kyrgyz Republic",104,1980,65.4902420043945,4.18190097808838,0,,,,,,,,,0,0,0,
"Kyrgyz Republic",104,1990,68.2975616455078,4.22387409210205,0,,,,,,,,,0,0,0,
"Kyrgyz Republic",104,2000,67.0512161254883,4.20545673370361,0,,,,,,,,,0,0,0,
"Cambodia",105,1900,24,3.178053855896,,,,,,,,,,0,0,0,
"Cambodia",105,1910,,,,,,,,,,,,0,0,0,
"Cambodia",105,1920,,,,,,,,,,,,0,0,0,
"Cambodia",105,1930,,,,,,,,,,,,0,0,0,
"Cambodia",105,1940,,,,,,,,,,,,0,0,0,
"Cambodia",105,1950,39.4000015258789,3.67376589775085,,4163.02294921875,8.33399677276611,2155,7.67554616928101,517.652648925781,6.24930429458618,,,0,0,0,
"Cambodia",105,1960,42.5951232910156,3.7517397403717,,5363.94580078125,8.5874547958374,3863,8.25919914245605,720.178771972656,6.57949924468994,,,0,0,0,
"Cambodia",105,1970,42.3560981750488,3.74611234664917,0,6983.53515625,8.85131072998047,4785,8.47324085235596,685.18310546875,6.52968597412109,,,0,0,0,
"Cambodia",105,1980,39.4951210021973,3.67617726325989,0,6585.541015625,8.79263210296631,5705,8.64909839630127,866.291748046875,6.76422166824341,,,0,0,0,
"Cambodia",105,1990,50.3146324157715,3.91829586029053,0,9271.10546875,9.13465785980225,8235,9.01614856719971,888.24365234375,6.78924608230591,,,0,0,0,
"Cambodia",105,2000,53.8356094360352,3.98593521118164,0,12432.869140625,9.42809867858887,13518,9.51177787780762,1087.27917480469,6.99143362045288,,,0,0,0,
"Kiribati",106,1900,24,3.178053855896,,,,,,,,,,0,0,0,
"Kiribati",106,1910,,,,,,,,,,,,0,0,0,
"Kiribati",106,1920,,,,,,,,,,,,0,0,0,
"Kiribati",106,1930,,,,,,,,,,,,0,0,0,
"Kiribati",106,1940,,,,,,,,,,,,0,0,0,
"Kiribati",106,1950,,,,,,,,,,,,0,0,0,
"Kiribati",106,1960,,,,,,,,,,,,0,0,0,
"Kiribati",106,1970,,,0,,,,,,,,,0,0,0,
"Kiribati",106,1980,,,0,,,,,,,,,0,0,0,
"Kiribati",106,1990,56.7951202392578,4.03945064544678,0,,,,,,,,,0,0,0,
"Kiribati",106,2000,60.9160957336426,4.10949754714966,0,,,,,,,,,0,0,0,
"St. Kitts and Nevis",107,1900,35,3.55534815788269,,,,,,,,,,0,0,0,
"St. Kitts and Nevis",107,1910,,,,,,,,,,,,0,0,0,
"St. Kitts and Nevis",107,1920,,,,,,,,,,,,0,0,0,
"St. Kitts and Nevis",107,1930,,,,,,,,,,,,0,0,0,
"St. Kitts and Nevis",107,1940,,,,,,,,,,,,0,0,0,
"St. Kitts and Nevis",107,1950,,,,,,,,,,,,0,0,0,
"St. Kitts and Nevis",107,1960,,,,,,,,,,,,0,0,0,
"St. Kitts and Nevis",107,1970,,,0,,,,,,,,,0,0,0,
"St. Kitts and Nevis",107,1980,,,0,,,,,,,,,0,0,0,
"St. Kitts and Nevis",107,1990,67.1512222290039,4.20694732666016,0,,,,,,,,,0,0,0,
"St. Kitts and Nevis",107,2000,70.29638671875,4.25272035598755,0,,,,,,,,,0,0,0,
"Korea, Rep.",108,1900,24,3.178053855896,,9896,9.19988632202148,,,,,1,1,0,0,1,0
"Korea, Rep.",108,1910,,,,10096,9.21989440917969,,,,,1,1,0,0,1,0
"Korea, Rep.",108,1920,,,,11804,9.37619400024414,11914,9.38546943664551,1009.31884765625,6.91703081130981,1,1,0,0,1,0
"Korea, Rep.",108,1930,,,,13900,9.53964424133301,14179,9.55951690673828,1020.07196044922,6.92762851715088,1,1,0,0,1,0
"Korea, Rep.",108,1940,48.7000007629395,3.88567900657654,0.175500005483627,15627,9.6567554473877,22536,10.0228691101074,1442.11938476562,7.27386903762817,1,1,0,0,1,0
"Korea, Rep.",108,1950,47.5,3.86072969436646,0.0542759038507938,20845.771484375,9.94490623474121,16045,9.6831521987915,769.700500488281,6.64600133895874,1,1,0,0,1,0
"Korea, Rep.",108,1960,54.1512184143066,3.99178051948547,0.0557180047035217,24784.140625,10.117959022522,27398,10.218225479126,1105.46508789062,7.00802135467529,1,1,0,0,1,0
"Korea, Rep.",108,1970,59.926830291748,4.09312438964844,0,32241,10.3809938430786,62988,11.0506992340088,1953.66149902344,7.57746076583862,1,1,0,0,1,0
"Korea, Rep.",108,1980,66.8419494628906,4.20233106613159,0,38124,10.5485992431641,156846,11.9630193710327,4114.1015625,8.32217597961426,1,1,0,0,1,0
"Korea, Rep.",108,1990,70.2843933105469,4.25254964828491,0,42869,10.665904045105,373150,12.8297357559204,8704.4248046875,9.07158660888672,1,1,0,0,1,0
"Korea, Rep.",108,2000,72.5926818847656,4.28486394882202,0,47261.28125,10.7634468078613,677871,13.4267120361328,14343.05078125,9.57102108001709,1,1,0,0,1,0
"Kuwait",109,1900,24,3.178053855896,,,,,,,,,,0,0,0,
"Kuwait",109,1910,,,,,,,,,,,,0,0,0,
"Kuwait",109,1920,,,,,,,,,,,,0,0,0,
"Kuwait",109,1930,,,,,,,,,,,,0,0,0,
"Kuwait",109,1940,,,,,,,,,,,,0,0,0,
"Kuwait",109,1950,55.7999992370605,4.02177381515503,,144.774002075195,4.97517395019531,4180.8037109375,8.33825874328613,28878.138671875,10.2708396911621,,,0,0,0,
"Kuwait",109,1960,59.7585372924805,4.09031200408936,,292.22900390625,5.67753791809082,8420.138671875,9.03838157653809,28813.494140625,10.2685995101929,,,0,0,0,
"Kuwait",109,1970,66.1117095947266,4.19134569168091,0,747.502014160156,6.6167368888855,22944.25,10.0408229827881,30694.56640625,10.3318405151367,,,0,0,0,
"Kuwait",109,1980,70.7795104980469,4.25956964492798,0,1369.76904296875,7.2223973274231,18178.134765625,9.80797481536865,13270.9482421875,9.493332862854,,,0,0,0,
"Kuwait",109,1990,75.3016586303711,4.32150220870972,0,2142.01098632812,7.66950035095215,13111,9.4812068939209,6120.8837890625,8.71946144104004,,,0,0,0,
"Kuwait",109,2000,76.5478057861328,4.33791542053223,0,1973.57202148438,7.58760023117065,20151,9.91100883483887,10210.4208984375,9.23116397857666,,,0,0,0,
"Lao PDR",110,1900,24,3.178053855896,,,,,,,,,,0,0,0,
"Lao PDR",110,1910,,,,,,,,,,,,0,0,0,
"Lao PDR",110,1920,,,,,,,,,,,,0,0,0,
"Lao PDR",110,1930,,,,,,,,,,,,0,0,0,
"Lao PDR",110,1940,,,,,,,,,,,,0,0,0,
"Lao PDR",110,1950,37.7999992370605,3.63230919837952,,1885.98400878906,7.54220485687256,1156,7.05272102355957,612.942626953125,6.41827154159546,,,0,0,0,
"Lao PDR",110,1960,40.4170722961426,3.69925236701965,,2309.36499023438,7.74472808837891,1568,7.35755634307861,678.974548339844,6.52058362960815,,,0,0,0,
"Lao PDR",110,1970,40.4170722961426,3.69925236701965,0,2844.85107421875,7.95326614379883,2127,7.66246795654297,747.666564941406,6.61695718765259,,,0,0,0,
"Lao PDR",110,1980,44.9839019775391,3.80630469322205,0,3293.15893554688,8.09960269927979,2885,7.96728038787842,876.058532714844,6.77543306350708,,,0,0,0,
"Lao PDR",110,1990,49.9707298278809,3.91143751144409,0,4210.4521484375,8.3453254699707,3912,8.271803855896,929.116394042969,6.8342342376709,,,0,0,0,
"Lao PDR",110,2000,53.8121948242188,3.98550009727478,0,5497.73291015625,8.61209106445312,6450,8.77183532714844,1173.21081542969,7.06749963760376,,,0,0,0,
"Lebanon",111,1900,24,3.178053855896,,,,,,,,,,0,0,0,
"Lebanon",111,1910,,,,,,,,,,,,0,0,0,
"Lebanon",111,1920,,,,,,,,,,,,0,0,0,
"Lebanon",111,1930,38.9700012207031,3.66279220581055,,,,,,,,,,0,0,0,
"Lebanon",111,1940,38.9700012207031,3.66279220581055,,,,,,,,,,0,0,0,
"Lebanon",111,1950,56,4.02535152435303,,1364.03002929688,7.21819877624512,3312.87353515625,8.10557079315186,2428.73950195312,7.79512786865234,,,0,0,0,
"Lebanon",111,1960,59.825855255127,4.09143781661987,,1786.23498535156,7.48786544799805,4273.60693359375,8.36021327972412,2392.52221679688,7.78010320663452,,,0,0,0,
"Lebanon",111,1970,64.1634140014648,4.16143321990967,0,2383.02905273438,7.77612781524658,6950.40869140625,8.84655570983887,2916.62768554688,7.97818326950073,,,0,0,0,
"Lebanon",111,1980,65.00244140625,4.17442464828491,0,3085.8759765625,8.03459072113037,10879.4765625,9.29463386535645,3525.57153320312,8.16779804229736,,,0,0,0,
"Lebanon",111,1990,67.9024353027344,4.21807193756104,0,3147.26708984375,8.05428981781006,6099,8.71588039398193,1937.87182617188,7.56934547424316,,,0,0,0,
"Lebanon",111,2000,70.0360946655273,4.24901056289673,0,3578.03588867188,8.18256950378418,12198,9.40902709960938,3409.1328125,8.1342134475708,,,0,0,0,
"Liberia",112,1900,24,3.178053855896,,,,,,,,,,0,0,0,
"Liberia",112,1910,,,,,,,,,,,,0,0,0,
"Liberia",112,1920,,,,,,,,,,,,0,0,0,
"Liberia",112,1930,,,,,,,,,,,,0,0,0,
"Liberia",112,1940,,,,,,,,,,,,0,0,0,
"Liberia",112,1950,37.5,3.62434101104736,,823.885009765625,6.71403074264526,869,6.76734304428101,1054.75891113281,6.96106767654419,,,0,0,0,
"Liberia",112,1960,41.4634132385254,3.7248113155365,,1054.83703613281,6.96114158630371,1297,7.167809009552,1229.57385253906,7.11442279815674,,,0,0,0,
"Liberia",112,1970,46.4634132385254,3.8386652469635,0,1396.56494140625,7.24177074432373,2083,7.64156436920166,1491.51672363281,7.30754899978638,,,0,0,0,
"Liberia",112,1980,50.6634140014648,3.92520403862,0,1892.15698242188,7.54547262191772,2149,7.67275810241699,1135.74084472656,7.03504037857056,,,0,0,0,
"Liberia",112,1990,45.0634155273438,3.80807065963745,0,2189.455078125,7.69140815734863,2245,7.71646070480347,1025.36938476562,6.93280839920044,,,0,0,0,
"Liberia",112,2000,47.2312202453613,3.85505509376526,0,3148.9990234375,8.05484008789062,2667,7.8887095451355,846.935791015625,6.74162483215332,,,0,0,0,
"Libya",113,1900,24,3.178053855896,,,,,,,,,,0,0,0,
"Libya",113,1910,,,,,,,,,,,,0,0,0,
"Libya",113,1920,,,,,,,,,,,,0,0,0,
"Libya",113,1930,,,,,,,,,,,,0,0,0,
"Libya",113,1940,39.120002746582,3.66663384437561,,,,,,,,,,0,0,0,
"Libya",113,1950,42.9000015258789,3.75887179374695,,961.304992675781,6.8682918548584,824,6.71417045593262,857.168090820312,6.75363397598267,,,0,0,0,
"Libya",113,1960,46.9204864501953,3.84845447540283,,1337.94702148438,7.19889163970947,2448,7.80302667617798,1829.6689453125,7.51189041137695,,,0,0,0,
"Libya",113,1970,51.8936576843262,3.94919657707214,0,1999.16198730469,7.60048341751099,18222,9.81038475036621,9114.8193359375,9.11765670776367,,,0,0,0,
"Libya",113,1980,60.4575614929199,4.10194158554077,0,3065.36499023438,8.02792167663574,22290,10.0118932723999,7271.56494140625,8.89172649383545,,,0,0,0,
"Libya",113,1990,68.4951248168945,4.22676277160645,0,4139.8251953125,8.32840919494629,12780,9.45563697814941,3087.0869140625,8.03498363494873,,,0,0,0,
"Libya",113,2000,70.4795150756836,4.25532197952271,0,5115.4501953125,8.54002094268799,11879,9.38252735137939,2322.18090820312,7.75026226043701,,,0,0,0,
"St. Lucia",114,1900,35,3.55534815788269,,,,,,,,,,0,0,0,
"St. Lucia",114,1910,,,,,,,,,,,,0,0,0,
"St. Lucia",114,1920,,,,,,,,,,,,0,0,0,
"St. Lucia",114,1930,,,,,,,,,,,,0,0,0,
"St. Lucia",114,1940,,,,,,,,,,,,0,0,0,
"St. Lucia",114,1950,,,,,,,,,,,,0,0,0,
"St. Lucia",114,1960,56.7585372924805,4.03880596160889,,,,,,,,,,0,0,0,
"St. Lucia",114,1970,62.2560958862305,4.13125658035278,0,,,,,,,,,0,0,0,
"St. Lucia",114,1980,,,0,,,,,,,,,0,0,0,
"St. Lucia",114,1990,70.9689025878906,4.26224184036255,0,,,,,,,,,0,0,0,
"St. Lucia",114,2000,71.8604888916016,4.27472639083862,0,,,,,,,,,0,0,0,
"Liechtenstein",115,1900,46,3.82864141464233,,,,,,,,,,0,0,0,
"Liechtenstein",115,1910,,,,,,,,,,,,0,0,0,
"Liechtenstein",115,1920,,,,,,,,,,,,0,0,0,
"Liechtenstein",115,1930,,,,,,,,,,,,0,0,0,
"Liechtenstein",115,1940,,,,,,,,,,,,0,0,0,
"Liechtenstein",115,1950,,,,,,,,,,,,0,0,0,
"Liechtenstein",115,1960,,,,,,,,,,,,0,0,0,
"Liechtenstein",115,1970,,,0,,,,,,,,,0,0,0,
"Liechtenstein",115,1980,,,0,,,,,,,,,0,0,0,
"Liechtenstein",115,1990,,,0,,,,,,,,,0,0,0,
"Liechtenstein",115,2000,,,0,,,,,,,,,0,0,0,
"Sri Lanka",116,1900,24,3.178053855896,,3912,8.271803855896,5048,8.52674770355225,1290.38854980469,7.16269874572754,1,1,0,0,1,1
"Sri Lanka",116,1910,,,,4668,8.448486328125,5639,8.63746166229248,1208.01196289062,7.09673118591309,1,1,0,0,1,1
"Sri Lanka",116,1920,,,,5250,8.56598377227783,5733,8.6539945602417,1092,6.99576616287231,1,1,0,0,1,1
"Sri Lanka",116,1930,36.7999992370605,3.60549783706665,,5707,8.64944839477539,7220,8.88461017608643,1265.11303710938,7.14291667938232,1,1,0,0,1,1
"Sri Lanka",116,1940,42.2999992370605,3.74478697776794,0.60611629486084,6134,8.72160243988037,7673,8.94546318054199,1250.89660644531,7.13161563873291,1,1,0,0,1,1
"Sri Lanka",116,1950,56.5999984741211,4.03600883483887,0.216543152928352,7533.09716796875,8.92706108093262,9438,9.15249919891357,1252.87121582031,7.13319301605225,1,1,0,0,1,1
"Sri Lanka",116,1960,62.3048782348633,4.13203954696655,0.177562937140465,9879.177734375,9.19818496704102,12841,9.46039867401123,1299.80444335938,7.16996908187866,1,1,0,0,1,1
"Sri Lanka",116,1970,64.6780471801758,4.16942167282104,0,12531.5224609375,9.43600273132324,18912,9.84755229949951,1509.154296875,7.31930446624756,1,1,0,0,1,1
"Sri Lanka",116,1980,68.1999969482422,4.22244453430176,0,14900.1806640625,9.60912895202637,27550,10.2237577438354,1848.97082519531,7.52238464355469,1,1,0,0,1,1
"Sri Lanka",116,1990,71.4151229858398,4.26850986480713,0,17192.896484375,9.75225162506104,42089,10.6475419998169,2448.0458984375,7.80304527282715,1,1,0,0,1,1
"Sri Lanka",116,2000,73.2858505249023,4.29436779022217,0,19238.57421875,9.86467266082764,70124,11.1580200195312,3644.96850585938,8.20110321044922,1,1,0,0,1,1
"Lesotho",117,1900,24,3.178053855896,,,,,,,,,,0,0,0,
"Lesotho",117,1910,,,,,,,,,,,,0,0,0,
"Lesotho",117,1920,,,,,,,,,,,,0,0,0,
"Lesotho",117,1930,,,,,,,,,,,,0,0,0,
"Lesotho",117,1940,,,,,,,,,,,,0,0,0,
"Lesotho",117,1950,38.4000015258789,3.64805746078491,,726.182006835938,6.5878005027771,258.060424804688,5.55319356918335,355.366027832031,5.8731484413147,,,0,0,0,
"Lesotho",117,1960,43.2390251159668,3.76674342155457,,858.551025390625,6.75524616241455,393.284088134766,5.97453212738037,458.078887939453,6.12704133987427,,,0,0,0,
"Lesotho",117,1970,48.5487823486328,3.88256907463074,0,1067.13598632812,6.97273349761963,644.634948730469,6.46868419647217,604.079467773438,6.40370559692383,,,0,0,0,
"Lesotho",117,1980,53.1780471801758,3.97364568710327,0,1344.26696777344,7.20360422134399,1351.46240234375,7.20894241333008,1005.35266113281,6.91309356689453,,,0,0,0,
"Lesotho",117,1990,57.5765838623047,4.05311584472656,0,1692.56494140625,7.43400049209595,2033,7.61726760864258,1201.13549804688,7.09102249145508,,,0,0,0,
"Lesotho",117,2000,55.4897575378418,4.01619863510132,0,1846.82702636719,7.52122449874878,3037.26635742188,8.01871299743652,1644.58630371094,7.40524435043335,,,0,0,0,
"Lithuania",118,1900,,,,,,,,,,,,0,0,0,
"Lithuania",118,1910,,,,,,,,,,,,0,0,0,
"Lithuania",118,1920,,,,,,,,,,,,0,0,0,
"Lithuania",118,1930,,,,,,,,,,,,0,0,0,
"Lithuania",118,1940,,,,,,,,,,,,0,0,0,
"Lithuania",118,1950,,,,,,,,,,,,0,0,0,
"Lithuania",118,1960,,,,,,,,,,,,0,0,0,
"Lithuania",118,1970,,,0,,,,,,,,,0,0,0,
"Lithuania",118,1980,,,0,,,,,,,,,0,0,0,
"Lithuania",118,1990,,,0,,,,,,,,,0,0,0,
"Lithuania",118,2000,,,0,,,,,,,,,0,0,0,
"Luxembourg",119,1900,46,3.82864141464233,,,,,,,,,,0,0,0,
"Luxembourg",119,1910,,,,,,,,,,,,0,0,0,
"Luxembourg",119,1920,,,,,,,,,,,,0,0,0,
"Luxembourg",119,1930,59,4.07753753662109,,,,,,,,,,0,0,0,
"Luxembourg",119,1940,62,4.12713432312012,,,,,,,,,,0,0,0,
"Luxembourg",119,1950,65.9000015258789,4.18813848495483,,,,,,,,,,0,0,0,
"Luxembourg",119,1960,68.9292678833008,4.23308086395264,,,,,,,,,,0,0,0,
"Luxembourg",119,1970,70.3375625610352,4.25330591201782,0,,,,,,,,,0,0,0,
"Luxembourg",119,1980,72.7043914794922,4.28640174865723,0,,,,,,,,,0,0,0,
"Luxembourg",119,1990,75.1928634643555,4.32005643844604,0,,,,,,,,,0,0,0,
"Luxembourg",119,2000,76.6634140014648,4.33942461013794,0,,,,,,,,,0,0,0,
"Latvia",120,1900,32,3.465735912323,,,,,,,,,,0,0,0,
"Latvia",120,1910,,,,,,,,,,,,0,0,0,
"Latvia",120,1920,,,,,,,,,,,,0,0,0,
"Latvia",120,1930,,,,,,,,,,,,0,0,0,
"Latvia",120,1940,,,,,,,,,,,,0,0,0,
"Latvia",120,1950,66,4.18965482711792,,,,,,,,,,0,0,0,
"Latvia",120,1960,69.379997253418,4.23959875106812,,,,,,,,,,0,0,0,
"Latvia",120,1970,69.8921966552734,4.2469539642334,0,,,,,,,,,0,0,0,
"Latvia",120,1980,69.130241394043,4.23599243164062,0,,,,,,,,,0,0,0,
"Latvia",120,1990,69.2731704711914,4.2380576133728,0,,,,,,,,,0,0,0,
"Latvia",120,2000,69.6609725952148,4.24364042282104,0,,,,,,,,,0,0,0,
"Macao, China",121,1900,,,,,,,,,,,,0,0,0,
"Macao, China",121,1910,,,,,,,,,,,,0,0,0,
"Macao, China",121,1920,,,,,,,,,,,,0,0,0,
"Macao, China",121,1930,,,,,,,,,,,,0,0,0,
"Macao, China",121,1940,,,,,,,,,,,,0,0,0,
"Macao, China",121,1950,54,3.98898410797119,,,,,,,,,,0,0,0,
"Macao, China",121,1960,59.3390235900879,4.08326721191406,,,,,,,,,,0,0,0,
"Macao, China",121,1970,65.8390274047852,4.18721294403076,0,,,,,,,,,0,0,0,
"Macao, China",121,1980,72.1390228271484,4.27859497070312,0,,,,,,,,,0,0,0,
"Macao, China",121,1990,76.4190216064453,4.33623170852661,0,,,,,,,,,0,0,0,
"Macao, China",121,2000,77.7190246582031,4.35310029983521,0,,,,,,,,,0,0,0,
"Morocco",122,1900,24,3.178053855896,,,,,,,,,,0,0,0,
"Morocco",122,1910,,,,,,,,,,,,0,0,0,
"Morocco",122,1920,,,,,,,,,,,,0,0,0,
"Morocco",122,1930,38.9700012207031,3.66279220581055,,,,,,,,,,0,0,0,
"Morocco",122,1940,38.9700012207031,3.66279220581055,,,,,,,,,,0,0,0,
"Morocco",122,1950,42.9000015258789,3.75887179374695,,9343.3837890625,9.14242362976074,13598,9.51767826080322,1455.361328125,7.28300952911377,,,0,0,0,
"Morocco",122,1960,46.9204864501953,3.84845447540283,,12423.43359375,9.42733955383301,16507,9.71154022216797,1328.69860839844,7.19195508956909,,,0,0,0,
"Morocco",122,1970,51.8936576843262,3.94919657707214,0,15909.275390625,9.67465782165527,25713,10.1547517776489,1616.22705078125,7.38784980773926,,,0,0,0,
"Morocco",122,1980,58.0085372924805,4.0605902671814,0,19487.271484375,9.877516746521,44278,10.6982431411743,2272.14965820312,7.72848176956177,,,0,0,0,
"Morocco",122,1990,63.4778060913086,4.15069055557251,0,24685.9609375,10.1139898300171,64082,11.0679187774658,2595.88842773438,7.86168432235718,,,0,0,0,
"Morocco",122,2000,66.8941497802734,4.20311164855957,0,30122.349609375,10.3130226135254,80052,11.2904319763184,2657.5615234375,7.88516426086426,,,0,0,0,
"Monaco",123,1900,,,,,,,,,,,,0,0,0,
"Monaco",123,1910,,,,,,,,,,,,0,0,0,
"Monaco",123,1920,,,,,,,,,,,,0,0,0,
"Monaco",123,1930,,,,,,,,,,,,0,0,0,
"Monaco",123,1940,,,,,,,,,,,,0,0,0,
"Monaco",123,1950,,,,,,,,,,,,0,0,0,
"Monaco",123,1960,,,,,,,,,,,,0,0,0,
"Monaco",123,1970,,,0,,,,,,,,,0,0,0,
"Monaco",123,1980,,,0,,,,,,,,,0,0,0,
"Monaco",123,1990,,,0,,,,,,,,,0,0,0,
"Monaco",123,2000,,,0,,,,,,,,,0,0,0,
"Moldova",124,1900,32,3.465735912323,,,,,,,,,,0,0,0,
"Moldova",124,1910,,,,,,,,,,,,0,0,0,
"Moldova",124,1920,,,,,,,,,,,,0,0,0,
"Moldova",124,1930,,,,,,,,,,,,0,0,0,
"Moldova",124,1940,,,,,,,,,,,,0,0,0,
"Moldova",124,1950,58.4000015258789,4.06731605529785,,,,,,,,,,0,0,0,
"Moldova",124,1960,,,,,,,,,,,,0,0,0,
"Moldova",124,1970,,,0,,,,,,,,,0,0,0,
"Moldova",124,1980,65.5219497680664,4.18238496780396,0,,,,,,,,,0,0,0,
"Moldova",124,1990,68.3170700073242,4.22415971755981,0,,,,,,,,,0,0,0,
"Moldova",124,2000,66.5097579956055,4.19734859466553,0,,,,,,,,,0,0,0,
"Madagascar",125,1900,24,3.178053855896,,,,,,,,,,0,0,0,
"Madagascar",125,1910,,,,,,,,,,,,0,0,0,
"Madagascar",125,1920,,,,,,,,,,,,0,0,0,
"Madagascar",125,1930,,,,,,,,,,,,0,0,0,
"Madagascar",125,1940,,,,,,,,,,,,0,0,0,
"Madagascar",125,1950,37.7000007629395,3.62966012954712,,4620.43701171875,8.43824481964111,4394.083984375,8.388014793396,951.010498046875,6.85752487182617,,,0,0,0,
"Madagascar",125,1960,40.925365447998,3.71175003051758,,5481.72119140625,8.60917472839355,6169.2939453125,8.72733974456787,1125.43005371094,7.02592039108276,,,0,0,0,
"Madagascar",125,1970,45.3639030456543,3.81471681594849,0,6765.64404296875,8.81961250305176,8296.0302734375,9.02353286743164,1226.19970703125,7.11167478561401,,,0,0,0,
"Madagascar",125,1980,50.6634140014648,3.92520403862,0,8676.8212890625,9.06841087341309,9157.2705078125,9.12230396270752,1055.37170410156,6.96164846420288,,,0,0,0,
"Madagascar",125,1990,54.6634140014648,4.0011944770813,0,11522.0986328125,9.35202217102051,9210,9.12804508209229,799.33349609375,6.68377828598022,,,0,0,0,
"Madagascar",125,2000,57.7629280090332,4.05634737014771,0,15506.4716796875,9.64901256561279,10946,9.30072975158691,705.898803710938,6.55947208404541,,,0,0,0,
"Maldives",126,1900,24,3.178053855896,,,,,,,,,,0,0,0,
"Maldives",126,1910,,,,,,,,,,,,0,0,0,
"Maldives",126,1920,,,,,,,,,,,,0,0,0,
"Maldives",126,1930,,,,,,,,,,,,0,0,0,
"Maldives",126,1940,35.9200019836426,3.581294298172,,,,,,,,,,0,0,0,
"Maldives",126,1950,38.9000015258789,3.66099429130554,,,,,,,,,,0,0,0,
"Maldives",126,1960,43.9209747314453,3.7823920249939,,,,,,,,,,0,0,0,
"Maldives",126,1970,50.191707611084,3.91584992408752,0,,,,,,,,,0,0,0,
"Maldives",126,1980,56.1121940612793,4.02735328674316,0,,,,,,,,,0,0,0,
"Maldives",126,1990,61.7073173522949,4.12240266799927,0,,,,,,,,,0,0,0,
"Maldives",126,2000,67.4136581420898,4.21084785461426,0,,,,,,,,,0,0,0,
"Mexico",127,1900,33,3.49650764465332,,13607,9.51834011077881,18585,9.83011054992676,1365.84106445312,7.2195258140564,1,1,0,1,0,1
"Mexico",127,1910,,,,15000,9.61580562591553,25403,10.1426229476929,1693.53332519531,7.43457221984863,1,1,0,1,0,1
"Mexico",127,1920,,,,14900,9.60911655426025,27164,10.2096481323242,1823.08728027344,7.50828647613525,1,1,0,1,0,1
"Mexico",127,1930,36.2999992370605,3.59181761741638,,17175,9.75121021270752,27787,10.2323236465454,1617.87487792969,7.38886880874634,1,1,0,1,0,1
"Mexico",127,1940,43.5999984741211,3.77505707740784,0.616649985313416,20393,9.92294692993164,37767,10.5391912460327,1851.958984375,7.52399921417236,1,1,0,1,0,1
"Mexico",127,1950,50.5999984741211,3.92395162582397,0.201074093580246,28485.1796875,10.2571392059326,67368,11.1179256439209,2365.01928710938,7.76854133605957,1,1,0,1,0,1
"Mexico",127,1960,57.3372192382812,4.0489501953125,0.224096372723579,38578.50390625,10.560450553894,121723,11.7095031738281,3155.20263671875,8.05680847167969,1,1,0,1,0,1
"Mexico",127,1970,61.7079010009766,4.12241220474243,0,52775.15625,10.8737955093384,227970,12.3369693756104,4319.64599609375,8.37092876434326,1,1,0,1,0,1
"Mexico",127,1980,66.7590255737305,4.20108938217163,0,68685.609375,11.1372947692871,431983,12.9761419296265,6289.27978515625,8.74660205841064,1,1,0,1,0,1
"Mexico",127,1990,70.3951187133789,4.25412368774414,0,84446.4140625,11.3438720703125,516692,13.1552019119263,6118.57861328125,8.71908473968506,1,1,0,1,0,1
"Mexico",127,2000,72.0560989379883,4.27744483947754,0,100349.765625,11.5164165496826,724371,13.4930591583252,7218.46240234375,8.88439750671387,1,1,0,1,0,1
"Marshall Islands",128,1900,,,,,,,,,,,,0,0,0,
"Marshall Islands",128,1910,,,,,,,,,,,,0,0,0,
"Marshall Islands",128,1920,,,,,,,,,,,,0,0,0,
"Marshall Islands",128,1930,,,,,,,,,,,,0,0,0,
"Marshall Islands",128,1940,,,,,,,,,,,,0,0,0,
"Marshall Islands",128,1950,,,,,,,,,,,,0,0,0,
"Marshall Islands",128,1960,,,,,,,,,,,,0,0,0,
"Marshall Islands",128,1970,,,0,,,,,,,,,0,0,0,
"Marshall Islands",128,1980,,,0,,,,,,,,,0,0,0,
"Marshall Islands",128,1990,,,0,,,,,,,,,0,0,0,
"Marshall Islands",128,2000,,,0,,,,,,,,,0,0,0,
"Macedonia, FYR",129,1900,32,3.465735912323,,,,,,,,,,0,0,0,
"Macedonia, FYR",129,1910,,,,,,,,,,,,0,0,0,
"Macedonia, FYR",129,1920,,,,,,,,,,,,0,0,0,
"Macedonia, FYR",129,1930,,,,,,,,,,,,0,0,0,
"Macedonia, FYR",129,1940,,,,,,,,,,,,0,0,0,
"Macedonia, FYR",129,1950,55,4.00733327865601,,1224.626953125,7.11039161682129,,,,,,,0,0,0,
"Macedonia, FYR",129,1960,,,,1366.19799804688,7.21978712081909,,,,,,,0,0,0,
"Macedonia, FYR",129,1970,,,0,1574.40698242188,7.36163377761841,,,,,,,0,0,0,
"Macedonia, FYR",129,1980,,,0,1792,7.49108743667603,,,,,,,0,0,0,
"Macedonia, FYR",129,1990,71.6239013671875,4.27142906188965,0,1893.31396484375,7.54608392715454,7394,8.90842437744141,3905.32153320312,8.27009582519531,,,0,0,0,
"Macedonia, FYR",129,2000,72.5673141479492,4.28451442718506,0,2041.46704101562,7.62142372131348,6730,8.81433010101318,3296.64892578125,8.100661277771,,,0,0,0,
"Mali",130,1900,24,3.178053855896,,,,,,,,,,0,0,0,
"Mali",130,1910,,,,,,,,,,,,0,0,0,
"Mali",130,1920,,,,,,,,,,,,0,0,0,
"Mali",130,1930,,,,,,,,,,,,0,0,0,
"Mali",130,1940,,,,,,,,,,,,0,0,0,
"Mali",130,1950,34.2999992370605,3.53514528274536,,3687.65405273438,8.21274566650391,1684.79772949219,7.42940092086792,456.875244140625,6.1244101524353,,,0,0,0,
"Mali",130,1960,36.5956115722656,3.59992837905884,,4486.158203125,8.40875148773193,2399.15209960938,7.78287076950073,534.789916992188,6.28187417984009,,,0,0,0,
"Mali",130,1970,37.8634147644043,3.6339852809906,0,5524.91015625,8.61702251434326,3248.2900390625,8.08588409423828,587.935363769531,6.37661695480347,,,0,0,0,
"Mali",130,1980,42.1034164428711,3.74012899398804,0,6730.91015625,8.81446552276611,4953.3056640625,8.50781059265137,735.904296875,6.60109996795654,,,0,0,0,
"Mali",130,1990,47.6469268798828,3.86381816864014,0,8228.1728515625,9.01531887054443,6040,8.7061595916748,734.063293457031,6.5985951423645,,,0,0,0,
"Mali",130,2000,50.4234161376953,3.92045569419861,0,10665.3828125,9.27475833892822,8981,9.10286617279053,842.070068359375,6.73586320877075,,,0,0,0,
"Malta",131,1900,,,,,,,,,,,,0,0,0,
"Malta",131,1910,,,,,,,,,,,,0,0,0,
"Malta",131,1920,,,,,,,,,,,,0,0,0,
"Malta",131,1930,53,3.97029185295105,,,,,,,,,,0,0,0,
"Malta",131,1940,56,4.02535152435303,,,,,,,,,,0,0,0,
"Malta",131,1950,65.9000015258789,4.18813848495483,,,,,,,,,,0,0,0,
"Malta",131,1960,68.5541458129883,4.22762393951416,,,,,,,,,,0,0,0,
"Malta",131,1970,70.119514465332,4.25020122528076,0,,,,,,,,,0,0,0,
"Malta",131,1980,72.9360961914062,4.28958368301392,0,,,,,,,,,0,0,0,
"Malta",131,1990,75.4981002807617,4.32410764694214,0,,,,,,,,,0,0,0,
"Malta",131,2000,77.1726837158203,4.34604549407959,0,,,,,,,,,0,0,0,
"Myanmar",132,1900,24,3.178053855896,,10174,9.22759056091309,,,,,1,1,0,0,1,1
"Myanmar",132,1910,,,,11942,9.38781642913818,,,,,1,1,0,0,1,1
"Myanmar",132,1920,,,,13096,9.48006248474121,,,,,1,1,0,0,1,1
"Myanmar",132,1930,32.5,3.48124003410339,,14515,9.5829381942749,13097.83984375,9.48020267486572,902.365844726562,6.80501985549927,1,1,0,0,1,1
"Myanmar",132,1940,36.5999984741211,3.60004830360413,0.641551434993744,16594,9.716796875,12274.11328125,9.41524791717529,739.671752929688,6.60620641708374,1,1,0,0,1,1
"Myanmar",132,1950,36.9000015258789,3.60821151733398,0.216977193951607,19487.65625,9.87753677368164,7711,8.95040321350098,395.686370849609,5.98062181472778,1,1,0,0,1,1
"Myanmar",132,1960,44.0146331787109,3.78452205657959,0.154744654893875,22836.232421875,10.0361032485962,12871,9.46273231506348,563.621887207031,6.33438348770142,1,1,0,0,1,1
"Myanmar",132,1970,48.8521957397461,3.88879942893982,0,27386.228515625,10.2177953720093,17575,9.77423286437988,641.745910644531,6.46419239044189,1,1,0,0,1,1
"Myanmar",132,1980,52.1009750366211,3.95318365097046,0,33283.05859375,10.4128036499023,27381,10.217604637146,822.670776367188,6.71255588531494,1,1,0,0,1,1
"Myanmar",132,1990,56.6068305969238,4.03612947463989,0,38526.19921875,10.5590934753418,30834,10.3363733291626,800.338439941406,6.68503475189209,1,1,0,0,1,1
"Myanmar",132,2000,59.9292678833008,4.09316492080688,0,41771.65625,10.6399736404419,56508,10.9421377182007,1352.78332519531,7.20991945266724,1,1,0,0,1,1
"Mongolia",133,1900,24,3.178053855896,,,,,,,,,,0,0,0,
"Mongolia",133,1910,,,,,,,,,,,,0,0,0,
"Mongolia",133,1920,,,,,,,,,,,,0,0,0,
"Mongolia",133,1930,,,,,,,,,,,,0,0,0,
"Mongolia",133,1940,,,,,,,,,,,,0,0,0,
"Mongolia",133,1950,42.2999992370605,3.74478697776794,,778.554992675781,6.65743970870972,339,5.82600021362305,435.422027587891,6.07631587982178,,,0,0,0,
"Mongolia",133,1960,47.0195121765137,3.85056257247925,,954.651977539062,6.86134672164917,559,6.32614946365356,585.5537109375,6.37255811691284,,,0,0,0,
"Mongolia",133,1970,52.7195129394531,3.96498560905457,0,1247.59997558594,7.12897682189941,982,6.88959121704102,787.111267089844,6.66836977005005,,,0,0,0,
"Mongolia",133,1980,57.7195129394531,4.05559539794922,0,1662.38000488281,7.41600561141968,1758,7.47193193435669,1057.51989746094,6.96368169784546,,,0,0,0,
"Mongolia",133,1990,62.6580505371094,4.13769197463989,0,2216.34008789062,7.70361232757568,2954,7.99091529846191,1332.82800292969,7.19505834579468,,,0,0,0,
"Mongolia",133,2000,66.1629257202148,4.19212007522583,0,2600.8349609375,7.86358785629272,2821,7.94484663009644,1084.65161132812,6.98901414871216,,,0,0,0,
"Northern Mariana Islands",134,1900,,,,,,,,,,,,0,0,0,
"Northern Mariana Islands",134,1910,,,,,,,,,,,,0,0,0,
"Northern Mariana Islands",134,1920,,,,,,,,,,,,0,0,0,
"Northern Mariana Islands",134,1930,,,,,,,,,,,,0,0,0,
"Northern Mariana Islands",134,1940,,,,,,,,,,,,0,0,0,
"Northern Mariana Islands",134,1950,,,,,,,,,,,,0,0,0,
"Northern Mariana Islands",134,1960,,,,,,,,,,,,0,0,0,
"Northern Mariana Islands",134,1970,,,0,,,,,,,,,0,0,0,
"Northern Mariana Islands",134,1980,,,0,,,,,,,,,0,0,0,
"Northern Mariana Islands",134,1990,,,0,,,,,,,,,0,0,0,
"Northern Mariana Islands",134,2000,,,0,,,,,,,,,0,0,0,
"",135,1900,,,,,,,,,,,,0,0,0,
"",135,1910,,,,,,,,,,,,0,0,0,
"",135,1920,,,,,,,,,,,,0,0,0,
"",135,1930,,,,,,,,,,,,0,0,0,
"",135,1940,,,,,,,,,,,,0,0,0,
"",135,1950,,,,,,,,,,,,0,0,0,
"",135,1960,,,,,,,,,,,,0,0,0,
"",135,1970,,,0,,,,,,,,,0,0,0,
"",135,1980,,,0,,,,,,,,,0,0,0,
"",135,1990,,,0,,,,,,,,,0,0,0,
"",135,2000,,,0,,,,,,,,,0,0,0,
"Mozambique",136,1900,24,3.178053855896,,,,,,,,,,0,0,0,
"Mozambique",136,1910,,,,,,,,,,,,0,0,0,
"Mozambique",136,1920,,,,,,,,,,,,0,0,0,
"Mozambique",136,1930,,,,,,,,,,,,0,0,0,
"Mozambique",136,1940,45,3.80666255950928,,,,,,,,,,0,0,0,
"Mozambique",136,1950,33.5,3.51154541969299,,6250.44287109375,8.74040794372559,7084.3798828125,8.865647315979,1133.42041015625,7.03299522399902,,,0,0,0,
"Mozambique",136,1960,37.4926834106445,3.62414574623108,,7472.22998046875,8.91894912719727,9918.1318359375,9.20211982727051,1327.33227539062,7.19092655181885,,,0,0,0,
"Mozambique",136,1970,41.8609771728516,3.73435401916504,0,9304.375,9.13823986053467,16216.1455078125,9.69376277923584,1742.85168457031,7.46327781677246,,,0,0,0,
"Mozambique",136,1980,44.0287818908691,3.78484344482422,0,12102.619140625,9.40117740631104,14770.931640625,9.60041618347168,1220.47399902344,7.10699462890625,,,0,0,0,
"Mozambique",136,1990,43.4365844726562,3.77130198478699,0,12649.146484375,9.44534492492676,14105,9.55428504943848,1115.09509277344,7.01669502258301,,,0,0,0,
"Mozambique",136,2000,45.2068290710449,3.81124806404114,0,16934.318359375,9.73709774017334,24252,10.0962543487549,1432.12133789062,7.26691198348999,,,0,0,0,
"Mauritania",137,1900,24,3.178053855896,,,,,,,,,,0,0,0,
"Mauritania",137,1910,,,,,,,,,,,,0,0,0,
"Mauritania",137,1920,,,,,,,,,,,,0,0,0,
"Mauritania",137,1930,,,,,,,,,,,,0,0,0,
"Mauritania",137,1940,,,,,,,,,,,,0,0,0,
"Mauritania",137,1950,35.5,3.56953263282776,,1005.59497070312,6.91333484649658,466.513305664062,6.14528656005859,463.917663574219,6.13970708847046,,,0,0,0,
"Mauritania",137,1960,38.6829261779785,3.65539836883545,,1117.3759765625,7.01873826980591,697.903869628906,6.54808139801025,624.591796875,6.43709850311279,,,0,0,0,
"Mauritania",137,1970,42.6414642333984,3.75282716751099,0,1289.42004394531,7.16194772720337,1365.01794433594,7.21892261505127,1058.62939453125,6.96473026275635,,,0,0,0,
"Mauritania",137,1980,46.6609764099121,3.84290814399719,0,1549.58898925781,7.34574508666992,1559.55395507812,7.35215520858765,1006.43072509766,6.91416549682617,,,0,0,0,
"Mauritania",137,1990,50.6609764099121,3.92515587806702,0,1984.44897460938,7.59309673309326,1825,7.50933504104614,919.650756835938,6.82399415969849,,,0,0,0,
"Mauritania",137,2000,53.7004890441895,3.98342204093933,0,2667.85888671875,7.88903141021729,2713,7.90581035614014,1016.92028808594,6.92453384399414,,,0,0,0,
"Martinique",138,1900,,,,,,,,,,,,0,0,0,
"Martinique",138,1910,,,,,,,,,,,,0,0,0,
"Martinique",138,1920,,,,,,,,,,,,0,0,0,
"Martinique",138,1930,,,,,,,,,,,,0,0,0,
"Martinique",138,1940,,,,,,,,,,,,0,0,0,
"Martinique",138,1950,56.5999984741211,4.03600883483887,,,,,,,,,,0,0,0,
"Martinique",138,1960,,,,,,,,,,,,0,0,0,
"Martinique",138,1970,,,0,,,,,,,,,0,0,0,
"Martinique",138,1980,,,0,,,,,,,,,0,0,0,
"Martinique",138,1990,,,0,,,,,,,,,0,0,0,
"Martinique",138,2000,,,0,,,,,,,,,0,0,0,
"Mauritius",139,1900,24,3.178053855896,,,,,,,,,,0,0,0,
"Mauritius",139,1910,,,,,,,,,,,,0,0,0,
"Mauritius",139,1920,,,,,,,,,,,,0,0,0,
"Mauritius",139,1930,33,3.49650764465332,,,,,,,,,,0,0,0,
"Mauritius",139,1940,32,3.465735912323,,,,,,,,,,0,0,0,
"Mauritius",139,1950,51,3.93182563781738,,481.269989013672,6.17642831802368,1198.24621582031,7.08861446380615,2489.7587890625,7.81994104385376,,,0,0,0,
"Mauritius",139,1960,59.3975601196289,4.08425331115723,,663.22900390625,6.49712038040161,1841.70434570312,7.51844692230225,2776.87548828125,7.92908143997192,,,0,0,0,
"Mauritius",139,1970,62.3878059387207,4.13336992263794,0,829.510986328125,6.72083616256714,2443.22387695312,7.80107355117798,2945.37866210938,7.98799276351929,,,0,0,0,
"Mauritius",139,1980,65.9843902587891,4.18941831588745,0,963.700988769531,6.87078094482422,4208.24072265625,8.34479999542236,4366.7490234375,8.38177394866943,,,0,0,0,
"Mauritius",139,1990,69.6419525146484,4.24336719512939,0,1073.50695800781,6.97868633270264,7652,8.94272232055664,7128.0390625,8.87179183959961,,,0,0,0,
"Mauritius",139,2000,70.6019515991211,4.25705766677856,0,1179.36804199219,7.07273387908936,12563,9.43851089477539,10652.3154296875,9.27353286743164,,,0,0,0,
"Malawi",140,1900,24,3.178053855896,,,,,,,,,,0,0,0,
"Malawi",140,1910,,,,,,,,,,,,0,0,0,
"Malawi",140,1920,,,,,,,,,,,,0,0,0,
"Malawi",140,1930,,,,,,,,,,,,0,0,0,
"Malawi",140,1940,,,,,,,,,,,,0,0,0,
"Malawi",140,1950,36.2000007629395,3.58905911445618,,2816.60009765625,7.94328594207764,912.734985351562,6.81644582748413,324.055603027344,5.78091526031494,,,0,0,0,
"Malawi",140,1960,37.9160957336426,3.63537573814392,,3450.44409179688,8.14625835418701,1359.97521972656,7.21522188186646,394.144989013672,5.97671890258789,,,0,0,0,
"Malawi",140,1970,40.4034156799316,3.69891428947449,0,4489.31298828125,8.40945529937744,2017.14440917969,7.60943794250488,449.321380615234,6.10773849487305,,,0,0,0,
"Malawi",140,1980,44.1726837158203,3.78810667991638,0,6129.078125,8.72079944610596,3944.8408203125,8.28016376495361,643.627075195312,6.4671196937561,,,0,0,0,
"Malawi",140,1990,44.6458549499512,3.79876136779785,0,9214.59765625,9.12854385375977,5146,8.54597473144531,558.461669921875,6.32518577575684,,,0,0,0,
"Malawi",140,2000,42.2760963439941,3.74422192573547,0,10873.5908203125,9.29409217834473,7388,8.90761280059814,679.4443359375,6.52127552032471,,,0,0,0,
"Malaysia",141,1900,24,3.178053855896,,2232,7.71065330505371,,,,,1,1,0,0,1,0
"Malaysia",141,1910,,,,2893,7.9700493812561,,,,,1,1,0,0,1,0
"Malaysia",141,1920,,,,3545,8.1732931137085,3936,8.27792072296143,1110.29614257812,7.01238203048706,1,1,0,0,1,0
"Malaysia",141,1930,,,,4413,8.39231014251709,7219,8.88447189331055,1635.8486328125,7.3999171257019,1,1,0,0,1,0
"Malaysia",141,1940,42.5999984741211,3.75185418128967,0.30689999461174,5434,8.60043048858643,6945,8.84577751159668,1278.06408691406,7.15310192108154,1,1,0,0,1,0
"Malaysia",141,1950,48.5,3.88156390190125,0.109555192291737,6433.798828125,8.76932048797607,10032,9.21353530883789,1559.26538085938,7.35197019577026,1,1,0,0,1,0
"Malaysia",141,1960,54.3014640808105,3.99455118179321,0.0893242731690407,8428.4931640625,9.03937339782715,12899,9.46490478515625,1530.40405273438,7.33328723907471,1,1,0,0,1,0
"Malaysia",141,1970,61.5502433776855,4.11985397338867,0,10910.2158203125,9.29745483398438,22684,10.0294151306152,2079.15234375,7.63971567153931,1,1,0,0,1,0
"Malaysia",141,1980,66.8731689453125,4.20279788970947,0,13764.3515625,9.5298376083374,50333,10.826416015625,3656.76489257812,8.2043342590332,1,1,0,0,1,0
"Malaysia",141,1990,70.5097579956055,4.25575113296509,0,17503.607421875,9.77016258239746,89823,11.4055967330933,5131.68505859375,8.54318904876709,1,1,0,0,1,0
"Malaysia",141,2000,72.0390243530273,4.27720785140991,0,21793.29296875,9.98935794830322,171553,12.0526475906372,7871.82568359375,8.97104549407959,1,1,0,0,1,0
"Mayotte",142,1900,,,,,,,,,,,,0,0,0,
"Mayotte",142,1910,,,,,,,,,,,,0,0,0,
"Mayotte",142,1920,,,,,,,,,,,,0,0,0,
"Mayotte",142,1930,,,,,,,,,,,,0,0,0,
"Mayotte",142,1940,,,,,,,,,,,,0,0,0,
"Mayotte",142,1950,,,,,,,,,,,,0,0,0,
"Mayotte",142,1960,,,,,,,,,,,,0,0,0,
"Mayotte",142,1970,,,0,,,,,,,,,0,0,0,
"Mayotte",142,1980,,,0,,,,,,,,,0,0,0,
"Mayotte",142,1990,,,0,,,,,,,,,0,0,0,
"Mayotte",142,2000,,,0,,,,,,,,,0,0,0,
"Namibia",143,1900,24,3.178053855896,,,,,,,,,,0,0,0,
"Namibia",143,1910,,,,,,,,,,,,0,0,0,
"Namibia",143,1920,,,,,,,,,,,,0,0,0,
"Namibia",143,1930,,,,,,,,,,,,0,0,0,
"Namibia",143,1940,35.7600021362305,3.57682991027832,,,,,,,,,,0,0,0,
"Namibia",143,1950,38.7000007629395,3.65583968162537,,463.72900390625,6.13930034637451,1001.51776123047,6.90927171707153,2159.70483398438,7.67772674560547,,,0,0,0,
"Namibia",143,1960,42.7195129394531,3.7546558380127,,590.731018066406,6.38136053085327,1545.34191894531,7.3430004119873,2615.982421875,7.86939477920532,,,0,0,0,
"Namibia",143,1970,47.7195129394531,3.8653404712677,0,764.682983398438,6.63946151733398,2539.84912109375,7.83985996246338,3321.4404296875,8.108154296875,,,0,0,0,
"Namibia",143,1980,52.6595115661621,3.96384692192078,0,974.77099609375,6.88220262527466,3986.04077148438,8.29055404663086,4089.20727539062,8.31610679626465,,,0,0,0,
"Namibia",143,1990,57.5160980224609,4.05206489562988,0,1409.06896972656,7.25068426132202,4619,8.43793392181396,3278.05102539062,8.09500408172607,,,0,0,0,
"Namibia",143,2000,54.4599990844727,3.99746656417847,0,1826.27905273438,7.5100359916687,6931,8.84375953674316,3795.1484375,8.24147891998291,,,0,0,0,
"New Caledonia",144,1900,,,,,,,,,,,,0,0,0,
"New Caledonia",144,1910,,,,,,,,,,,,0,0,0,
"New Caledonia",144,1920,,,,,,,,,,,,0,0,0,
"New Caledonia",144,1930,,,,,,,,,,,,0,0,0,
"New Caledonia",144,1940,,,,,,,,,,,,0,0,0,
"New Caledonia",144,1950,55.4000015258789,4.01457977294922,,,,,,,,,,0,0,0,
"New Caledonia",144,1960,58.6390228271484,4.07140016555786,,,,,,,,,,0,0,0,
"New Caledonia",144,1970,63.0292701721191,4.14359903335571,0,,,,,,,,,0,0,0,
"New Caledonia",144,1980,67.4585342407227,4.21151304244995,0,,,,,,,,,0,0,0,
"New Caledonia",144,1990,70.9609756469727,4.26213026046753,0,,,,,,,,,0,0,0,
"New Caledonia",144,2000,72.7560958862305,4.28711271286011,0,,,,,,,,,0,0,0,
"Niger",145,1900,24,3.178053855896,,,,,,,,,,0,0,0,
"Niger",145,1910,,,,,,,,,,,,0,0,0,
"Niger",145,1920,,,,,,,,,,,,0,0,0,
"Niger",145,1930,,,,,,,,,,,,0,0,0,
"Niger",145,1940,,,,,,,,,,,,0,0,0,
"Niger",145,1950,33,3.49650764465332,,2481.52490234375,7.81662845611572,2018.35290527344,7.61003684997559,813.351867675781,6.70116376876831,,,0,0,0,
"Niger",145,1960,35.3634147644043,3.56567788124084,,3167.59692382812,8.06072807312012,2977.07055664062,7.998694896698,939.851440429688,6.84572172164917,,,0,0,0,
"Niger",145,1970,38.4121932983398,3.64837503433228,0,4181.93212890625,8.33852863311768,4060.92602539062,8.30916595458984,971.064575195312,6.87839317321777,,,0,0,0,
"Niger",145,1980,41.6814651489258,3.73005652427673,0,5629.208984375,8.63572406768799,4936.89111328125,8.50449085235596,877.013305664062,6.77652215957642,,,0,0,0,
"Niger",145,1990,44.9087791442871,3.80463337898254,0,7630.25390625,8.93987655639648,4289,8.36380863189697,562.1044921875,6.33168792724609,,,0,0,0,
"Niger",145,2000,45.9073181152344,3.82662463188171,0,10173.6611328125,9.22755718231201,5115,8.53993225097656,502.768859863281,6.220130443573,,,0,0,0,
"Nigeria",146,1900,24,3.178053855896,,,,,,,,,,0,0,0,
"Nigeria",146,1910,,,,,,,,,,,,0,0,0,
"Nigeria",146,1920,,,,,,,,,,,,0,0,0,
"Nigeria",146,1930,,,,,,,,,,,,0,0,0,
"Nigeria",146,1940,,,,,,,,,,,,0,0,0,
"Nigeria",146,1950,36.5,3.59731221199036,,31796.939453125,10.3671255111694,23932.962890625,10.0830116271973,752.681335449219,6.62364196777344,,,0,0,0,
"Nigeria",146,1960,39.6634140014648,3.68042922019958,,39919.59375,10.5946226119995,34080.5390625,10.4364814758301,853.729614257812,6.74961471557617,,,0,0,0,
"Nigeria",146,1970,42.8609771728516,3.75796175003052,0,51113.4609375,10.8418035507202,60813.65625,11.0155696868896,1189.77770996094,7.08152198791504,,,0,0,0,
"Nigeria",146,1980,45.8609771728516,3.82561469078064,0,69629.375,11.1509418487549,97646.484375,11.4891090393066,1402.37487792969,7.24592256546021,,,0,0,0,
"Nigeria",146,1990,49.4819526672363,3.90160799026489,0,92565.5625,11.4356727600098,107459,11.584864616394,1160.89611816406,7.05694770812988,,,0,0,0,
"Nigeria",146,2000,53.4478034973145,3.97870564460754,0,123749.5859375,11.7260150909424,143018,11.8707256317139,1155.70483398438,7.05246591567993,,,0,0,0,
"Nicaragua",147,1900,35,3.55534815788269,,478,6.16961050033569,,,,,1,1,0,0,1,1
"Nicaragua",147,1910,,,,553,6.31535816192627,,,,,1,1,0,0,1,1
"Nicaragua",147,1920,,,,640,6.46146821975708,809,6.69579887390137,1264.0625,7.14208602905273,1,1,0,0,1,1
"Nicaragua",147,1930,,,,680,6.52209281921387,962,6.86901426315308,1414.70593261719,7.25467681884766,1,1,0,0,1,1
"Nicaragua",147,1940,34.5,3.54095935821533,0.46560001373291,830,6.72142553329468,1139,7.03790616989136,1372.28918457031,7.22423553466797,1,1,0,0,1,1
"Nicaragua",147,1950,42.2999992370605,3.74478697776794,0.203644156455994,1097.916015625,7.00116920471191,1774,7.48099231719971,1615.78845214844,7.38757848739624,1,1,0,0,1,1
"Nicaragua",147,1960,47.3370742797852,3.85729384422302,0.150337025523186,1492.69799804688,7.30834054946899,2960,7.99294471740723,1982.98657226562,7.59235954284668,1,1,0,0,1,1
"Nicaragua",147,1970,53.8931694030762,3.98700380325317,0,2052.5439453125,7.62683534622192,5771,8.66060066223145,2811.6328125,7.94152069091797,1,1,0,0,1,1
"Nicaragua",147,1980,58.7224388122559,4.07282209396362,0,2804.39306640625,7.93894243240356,6043,8.70665550231934,2154.83349609375,7.67546892166138,1,1,0,0,1,1
"Nicaragua",147,1990,64.4902420043945,4.16651391983032,0,3643.14990234375,8.20060443878174,5297,8.57489585876465,1453.96154785156,7.28204727172852,1,1,0,0,1,1
"Nicaragua",147,2000,68.3869247436523,4.22518157958984,0,4812.56884765625,8.4789867401123,7500,8.92265796661377,1558.41918945312,7.35142707824707,1,1,0,0,1,1
"Netherlands",148,1900,52,3.95124363899231,,5142,8.54519748687744,17604,9.77588176727295,3423.57055664062,8.1384391784668,1,1,1,0,0,0
"Netherlands",148,1910,,,,5922,8.68642997741699,22438,10.0185108184814,3788.92260742188,8.23983669281006,1,1,1,0,0,0
"Netherlands",148,1920,56.0999984741211,4.02713584899902,,6848,8.831711769104,28897.890625,10.271523475647,4219.90234375,8.34756755828857,1,1,1,0,0,0
"Netherlands",148,1930,63.9000015258789,4.15731954574585,,7884,8.97259044647217,44170.3515625,10.6958093643188,5602.5302734375,8.63097381591797,1,1,1,0,0,0
"Netherlands",148,1940,67.4000015258789,4.21064519882202,0.180050000548363,8879,9.09144401550293,42897.64453125,10.6665725708008,4831.35986328125,8.48288345336914,1,1,1,0,0,0
"Netherlands",148,1950,72.0999984741211,4.27805423736572,0.066481813788414,10113.52734375,9.22162914276123,60642,11.0127429962158,5996.1279296875,8.69886875152588,1,1,1,0,0,0
"Netherlands",148,1960,73.3536605834961,4.29529237747192,0.0589748062193394,11486,9.34888458251953,95180,11.4635248184204,8286.609375,9.02239608764648,1,1,1,0,0,0
"Netherlands",148,1970,73.5292663574219,4.29768371582031,0,13032.3349609375,9.47518920898438,155955,11.9573230743408,11966.7734375,9.38988876342773,1,1,1,0,0,0
"Netherlands",148,1980,75.7170715332031,4.32700347900391,0,14143.9013671875,9.55703926086426,207979,12.245192527771,14704.5009765625,9.59590911865234,1,1,1,0,0,0
"Netherlands",148,1990,76.8731689453125,4.34215688705444,0,14951.509765625,9.61256790161133,258094,12.4610795974731,17262.068359375,9.75626659393311,1,1,1,0,0,0
"Netherlands",148,2000,77.5897598266602,4.35143566131592,0,15892.2373046875,9.67358589172363,343126,12.7458534240723,21590.79296875,9.98002243041992,1,1,1,0,0,0
"Norway",149,1900,56,4.02535152435303,,2230,7.70975685119629,4320.01416015625,8.37101364135742,1937.22595214844,7.56901216506958,1,1,0,1,0,0
"Norway",149,1910,,,,2384,7.77653503417969,5378.60107421875,8.59018325805664,2256.12451171875,7.7214035987854,1,1,0,1,0,0
"Norway",149,1920,57.2000007629395,4.04655408859253,,2635,7.87663841247559,7324.44287109375,8.8989725112915,2779.6748046875,7.93008899688721,1,1,0,1,0,0
"Norway",149,1930,63.7999992370605,4.15575313568115,,2807,7.9398717880249,10420.6572265625,9.25154495239258,3712.38232421875,8.21942901611328,1,1,0,1,0,0
"Norway",149,1940,67.3000030517578,4.20916032791138,0.214399993419647,2973,7.99732685089111,12152.333984375,9.40527629852295,4087.56616210938,8.31570529937744,1,1,0,1,0,0
"Norway",149,1950,72.6999969482422,4.28634119033813,0.0730166062712669,3265.1259765625,8.09105396270752,17838,9.78908634185791,5463.18896484375,8.605788230896,1,1,0,1,0,0
"Norway",149,1960,73.4043884277344,4.29598379135132,0.0662712082266808,3581.23901367188,8.18346405029297,25813,10.1586332321167,7207.8408203125,8.88292503356934,1,1,0,1,0,0
"Norway",149,1970,74.1873168945312,4.30659341812134,0,3877.38598632812,8.26291656494141,38902,10.5688009262085,10033.0478515625,9.21363925933838,1,1,0,1,0,0
"Norway",149,1980,75.7390213012695,4.32729339599609,0,4085.6201171875,8.31522846221924,61811,11.0318365097046,15128.916015625,9.62436294555664,1,1,0,1,0,0
"Norway",149,1990,76.5219497680664,4.33757781982422,0,4242.005859375,8.35279178619385,78333,11.2687244415283,18466.02734375,9.82368755340576,1,1,0,1,0,0
"Norway",149,2000,78.3102416992188,4.36067819595337,0,4481.162109375,8.40763759613037,109181,11.6007623672485,24364.439453125,10.1008796691895,1,1,0,1,0,0
"Nepal",150,1900,24,3.178053855896,,5283,8.57224941253662,,,,,,,0,0,0,
"Nepal",150,1910,,,,,,,,,,,,0,0,0,
"Nepal",150,1920,,,,,,,,,,,,0,0,0,
"Nepal",150,1930,,,,,,,,,,,,0,0,0,
"Nepal",150,1940,,,,,,,,,,,,0,0,0,
"Nepal",150,1950,36.2999992370605,3.59181761741638,,8989.9150390625,9.10385894775391,4462,8.40335273742676,496.333953857422,6.2072491645813,,,0,0,0,
"Nepal",150,1960,38.5121955871582,3.65097498893738,,10034.72265625,9.21380710601807,6091,8.71456718444824,606.992370605469,6.40851640701294,,,0,0,0,
"Nepal",150,1970,42.365852355957,3.74634265899658,0,11918.677734375,9.38586235046387,7787,8.9602108001709,653.344299316406,6.48210430145264,,,0,0,0,
"Nepal",150,1980,47.9595108032227,3.87035703659058,0,15016.4765625,9.61690330505371,9563,9.16565704345703,636.833801269531,6.45650863647461,,,0,0,0,
"Nepal",150,1990,53.575122833252,3.9810848236084,0,19325.20703125,9.86916542053223,15609,9.65560340881348,807.701538085938,6.69419240951538,,,0,0,0,
"Nepal",150,2000,57.7639007568359,4.05636405944824,0,24702.119140625,10.1146440505981,24681,10.1137886047363,999.145080566406,6.90689992904663,,,0,0,0,
"New Zealand",151,1900,47,3.85014748573303,,807,6.69332361221313,3468.60009765625,8.1515064239502,4298.14111328125,8.36593818664551,1,1,1,0,0,0
"New Zealand",151,1910,,,,1045,6.95177221298218,5555.541015625,8.62255096435547,5316.30712890625,8.57853412628174,1,1,1,0,0,0
"New Zealand",151,1920,64.0999984741211,4.16044425964355,,1241,7.12367296218872,7000.791015625,8.85377883911133,5641.25,8.63786125183105,1,1,1,0,0,0
"New Zealand",151,1930,66.1999969482422,4.19268035888672,,1493,7.30854272842407,7405.4609375,8.90997314453125,4960.12109375,8.50918579101562,1,1,1,0,0,0
"New Zealand",151,1940,67.6999969482422,4.21508598327637,0.214100003242493,1636,7.4000096321106,10307.5234375,9.24062919616699,6300.44189453125,8.74837493896484,1,1,1,0,0,0
"New Zealand",151,1950,69.5999984741211,4.24276447296143,0.0658890977501869,1908.31005859375,7.55397319793701,16136,9.68880844116211,8455.6494140625,9.04259014129639,1,1,1,0,0,0
"New Zealand",151,1960,70.8951187133789,4.26120138168335,0.0510030910372734,2371.74609375,7.77138185501099,22449,10.0190010070801,9465.1787109375,9.15537452697754,1,1,1,0,0,0
"New Zealand",151,1970,71.5156097412109,4.26991558074951,0,2828.05004882812,7.94734287261963,31644,10.3623037338257,11189.3349609375,9.32271671295166,1,1,1,0,0,0
"New Zealand",151,1980,73.2034149169922,4.29324197769165,0,3170.14990234375,8.06153392791748,39141,10.5749254226685,12346.734375,9.42114734649658,1,1,1,0,0,0
"New Zealand",151,1990,75.2804870605469,4.32122087478638,0,3359.60400390625,8.11957836151123,46729,10.7521200180054,13909.080078125,9.54029750823975,1,1,1,0,0,0
"New Zealand",151,2000,77.2639007568359,4.34722661972046,0,3819.76196289062,8.24794292449951,61156,11.021183013916,16010.421875,9.68099498748779,1,1,1,0,0,0
"Oman",152,1900,,,,,,,,,,,,0,0,0,
"Oman",152,1910,,,,,,,,,,,,0,0,0,
"Oman",152,1920,,,,,,,,,,,,0,0,0,
"Oman",152,1930,,,,,,,,,,,,0,0,0,
"Oman",152,1940,,,,,,,,,,,,0,0,0,
"Oman",152,1950,36.4000015258789,3.59456872940063,,488.588012695312,6.19151973724365,304.436553955078,5.7184624671936,623.094604492188,6.43469858169556,,,0,0,0,
"Oman",152,1960,40.3287811279297,3.69706535339355,,599.2919921875,6.39574909210205,560.163269042969,6.32822847366333,934.708374023438,6.84023475646973,,,0,0,0,
"Oman",152,1970,47.3726844787598,3.85804581642151,0,778.536010742188,6.65741539001465,2957.29663085938,7.99203062057495,3798.53564453125,8.24237060546875,,,0,0,0,
"Oman",152,1980,59.806827545166,4.09111976623535,0,1174.85705566406,7.06890153884888,4783.916015625,8.47301483154297,4071.91333007812,8.31186866760254,,,0,0,0,
"Oman",152,1990,69.00244140625,4.23414182662964,0,1772.97399902344,7.48041343688965,11487,9.34897136688232,6478.9443359375,8.77631282806396,,,0,0,0,
"Oman",152,2000,73.1034164428711,4.29187488555908,0,2533.38891601562,7.83731317520142,17462,9.76778221130371,6892.7431640625,8.83822441101074,,,0,0,0,
"Pakistan",153,1900,24,3.178053855896,,,,,,,,1,1,0,0,1,1
"Pakistan",153,1910,,,,,,,,,,1,1,0,0,1,1
"Pakistan",153,1920,,,,,,,,,,1,1,0,0,1,1
"Pakistan",153,1930,26.7999992370605,3.28840184211731,,22812,10.035041809082,17242.43359375,9.75512886047363,755.849304199219,6.62784194946289,1,1,0,0,1,1
"Pakistan",153,1940,30,3.40119743347168,0.767339587211609,28169,10.2459774017334,20137.458984375,9.9103364944458,714.880126953125,6.57211494445801,1,1,0,0,1,1
"Pakistan",153,1950,38.9000015258789,3.66099429130554,0.228427276015282,39448.23046875,10.5827445983887,25366,10.1411647796631,643.019958496094,6.46617555618286,1,1,0,0,1,1
"Pakistan",153,1960,43.8585357666016,3.7809693813324,0.224356979131699,50386.8984375,10.827486038208,32621,10.3927116394043,647.410339355469,6.47298049926758,1,1,0,0,1,1
"Pakistan",153,1970,49.4331703186035,3.90062165260315,0,65705.9609375,11.092945098877,62522,11.0432739257812,951.542236328125,6.85808420181274,1,1,0,0,1,1
"Pakistan",153,1980,55.117073059082,4.00945949554443,0,85219.1171875,11.3529806137085,98907,11.501935005188,1160.61987304688,7.05670928955078,1,1,0,0,1,1
"Pakistan",153,1990,59.0985374450684,4.07920598983765,0,113975.234375,11.6437368392944,182014,12.1118392944336,1596.9609375,7.37585783004761,1,1,0,0,1,1
"Pakistan",153,2000,62.3770713806152,4.13319778442383,0,141553.78125,11.8604345321655,271805,12.5128402709961,1920.15368652344,7.56016063690186,1,1,0,0,1,1
"Panama",154,1900,35,3.55534815788269,,263,5.57215404510498,,,,,1,1,0,1,0,1
"Panama",154,1910,,,,326,5.7868971824646,,,,,1,1,0,1,0,1
"Panama",154,1920,,,,487,6.18826389312744,,,,,1,1,0,1,0,1
"Panama",154,1930,,,,515,6.2441668510437,817.298767089844,6.70600461959839,1586.98791503906,7.36959314346313,1,1,0,1,0,1
"Panama",154,1940,42.4000015258789,3.74714851379395,0.585200011730194,697,6.54678535461426,1199.32849121094,7.08951711654663,1720.70092773438,7.45048713684082,1,1,0,1,0,1
"Panama",154,1950,55.2000007629395,4.01096296310425,0.180358842015266,892.502014160156,6.79402875900269,1710,7.44424867630005,1915.96203613281,7.55797529220581,1,1,0,1,0,1
"Panama",154,1960,60.9341468811035,4.1097936630249,0.155146539211273,1147.60998535156,7.04543685913086,2744,7.91717195510864,2391.05615234375,7.77949047088623,1,1,0,1,0,1
"Panama",154,1970,65.5863418579102,4.18336725234985,0,1531.03796386719,7.33370113372803,5839,8.67231464385986,3813.75244140625,8.24636840820312,1,1,0,1,0,1
"Panama",154,1980,70.118049621582,4.2501802444458,0,1956.45397949219,7.57888889312744,9961,9.2064323425293,5091.35400390625,8.53529930114746,1,1,0,1,0,1
"Panama",154,1990,72.4365844726562,4.28271150588989,0,2388.09106445312,7.77824974060059,10688,9.27687644958496,4475.54150390625,8.40638256072998,1,1,0,1,0,1
"Panama",154,2000,73.9634170532227,4.30357074737549,0,2836.29809570312,7.95025491714478,16400,9.70503616333008,5782.18505859375,8.66253662109375,1,1,0,1,0,1
"Peru",155,1900,35,3.55534815788269,,3791,8.24038505554199,3095.73803710938,8.03778171539307,816.601928710938,6.70515155792236,1,1,0,1,0,1
"Peru",155,1910,,,,4206,8.34426689147949,4101,8.31898593902588,975.03564453125,6.88247394561768,1,1,0,1,0,1
"Peru",155,1920,,,,4667,8.44827175140381,6209.474609375,8.73383140563965,1330.50659179688,7.19331502914429,1,1,0,1,0,1
"Peru",155,1930,,,,5374,8.58932781219482,7613.35546875,8.93765926361084,1416.70178222656,7.25608682632446,1,1,0,1,0,1
"Peru",155,1940,40.5999984741211,3.70376801490784,0.857450008392334,6298,8.74798774719238,11483.0283203125,9.34862518310547,1823.28173828125,7.50839328765869,1,1,0,1,0,1
"Peru",155,1950,43.9000015258789,3.78191447257996,0.28068071603775,7632.5,8.94017028808594,17270,9.75672626495361,2262.6923828125,7.72431087493896,1,1,0,1,0,1
"Peru",155,1960,47.9785346984863,3.8707537651062,0.177096664905548,9931,9.20341682434082,30017,10.3095188140869,3022.5556640625,8.0138578414917,1,1,0,1,0,1
"Peru",155,1970,53.940975189209,3.98789048194885,0,13192.7998046875,9.4874267578125,50229,10.8243474960327,3807.30395507812,8.24467658996582,1,1,0,1,0,1
"Peru",155,1980,60.3800010681152,4.10065793991089,0,17295.298828125,9.7581901550293,72723,11.1944131851196,4204.78466796875,8.34397792816162,1,1,0,1,0,1
"Peru",155,1990,65.8019485473633,4.18664932250977,0,21988.912109375,9.99829387664795,64979,11.0818195343018,2955.08032226562,7.99128103256226,1,1,0,1,0,1
"Peru",155,2000,68.6419525146484,4.22890377044678,0,27012.8984375,10.2040700912476,99573,11.5086460113525,3686.1279296875,8.21233177185059,1,1,0,1,0,1
"Philippines",156,1900,24,3.178053855896,,7324,8.89891147613525,,,,,1,1,0,0,1,1
"Philippines",156,1910,,,,8861,9.08941459655762,7984,8.98519515991211,901.026977539062,6.80353498458862,1,1,0,0,1,1
"Philippines",156,1920,,,,10725,9.28033256530762,13826,9.53430652618408,1289.13757324219,7.16172885894775,1,1,0,0,1,1
"Philippines",156,1930,38,3.63758611679077,,13194,9.48751735687256,19478,9.87704086303711,1476.27709960938,7.297278881073,1,1,0,0,1,1
"Philippines",156,1940,47.2999992370605,3.85651016235352,0.927999973297119,16585,9.71625423431396,26326,10.1783123016357,1587.33801269531,7.36981391906738,1,1,0,0,1,1
"Philippines",156,1950,47.5,3.86072969436646,0.300974875688553,21131.263671875,9.95850849151611,22616,10.0264129638672,1070.26257324219,6.97565937042236,1,1,0,0,1,1
"Philippines",156,1960,53.131217956543,3.97276473045349,0.287989497184753,28528.939453125,10.258674621582,42114,10.6481351852417,1476.18530273438,7.29721641540527,1,1,0,0,1,1
"Philippines",156,1970,57.1824378967285,4.04624700546265,0,38603.6953125,10.5611028671265,68102,11.1287622451782,1764.13159179688,7.47541379928589,1,1,0,0,1,1
"Philippines",156,1980,61.0887794494629,4.11232805252075,0,50940.18359375,10.8384075164795,121012,11.7036447525024,2375.57055664062,7.77299308776855,1,1,0,0,1,1
"Philippines",156,1990,65.384880065918,4.18029117584229,0,64318.12109375,11.0715970993042,143025,11.870774269104,2223.71240234375,7.70693349838257,1,1,0,0,1,1
"Philippines",156,2000,68.5946350097656,4.22821426391602,0,79739.828125,11.286524772644,190207,12.1558685302734,2385.34497070312,7.77709913253784,1,1,0,0,1,1
"Palau",157,1900,,,,,,,,,,,,0,0,0,
"Palau",157,1910,,,,,,,,,,,,0,0,0,
"Palau",157,1920,,,,,,,,,,,,0,0,0,
"Palau",157,1930,,,,,,,,,,,,0,0,0,
"Palau",157,1940,,,,,,,,,,,,0,0,0,
"Palau",157,1950,,,,,,,,,,,,0,0,0,
"Palau",157,1960,,,,,,,,,,,,0,0,0,
"Palau",157,1970,,,0,,,,,,,,,0,0,0,
"Palau",157,1980,,,0,,,,,,,,,0,0,0,
"Palau",157,1990,66.9268264770508,4.20359992980957,0,,,,,,,,,0,0,0,
"Palau",157,2000,,,0,,,,,,,,,0,0,0,
"Papua New Guinea",158,1900,,,,,,,,,,,,0,0,0,
"Papua New Guinea",158,1910,,,,,,,,,,,,0,0,0,
"Papua New Guinea",158,1920,,,,,,,,,,,,0,0,0,
"Papua New Guinea",158,1930,,,,,,,,,,,,0,0,0,
"Papua New Guinea",158,1940,,,,,,,,,,,,0,0,0,
"Papua New Guinea",158,1950,35.0999984741211,3.55820107460022,,,,,,,,,,0,0,0,
"Papua New Guinea",158,1960,41.0487823486328,3.71476125717163,,,,,,,,,,0,0,0,
"Papua New Guinea",158,1970,46.6531715393066,3.84274101257324,0,,,,,,,,,0,0,0,
"Papua New Guinea",158,1980,51.0565872192383,3.93293452262878,0,,,,,,,,,0,0,0,
"Papua New Guinea",158,1990,55.131706237793,4.00972509384155,0,,,,,,,,,0,0,0,
"Papua New Guinea",158,2000,58.1512184143066,4.06304693222046,0,,,,,,,,,0,0,0,
"Poland",159,1900,32,3.465735912323,,24750,10.1165809631348,38016,10.5457620620728,1536,7.33693695068359,,,0,1,0,
"Poland",159,1910,,,,26644,10.1903190612793,45028,10.7150402069092,1689.98645019531,7.43247556686401,,,0,1,0,
"Poland",159,1920,,,,23968,10.0844745635986,,,,,,,0,1,0,
"Poland",159,1930,48.9000015258789,3.88977742195129,,28204,10.2472190856934,56246.78125,10.9375038146973,1994.28381347656,7.59804010391235,,,0,1,0,
"Poland",159,1940,55.0999984741211,4.0091495513916,,30021,10.3096523284912,65505.8203125,11.0898942947388,2182,7.68799734115601,,,0,1,0,
"Poland",159,1950,61.2999992370605,4.11577987670898,,24824,10.1195659637451,60741.6640625,11.0143852233887,2446.892578125,7.80257415771484,,,0,1,0,
"Poland",159,1960,67.6804885864258,4.21479797363281,,29589.841796875,10.2951860427856,95121.4453125,11.4629096984863,3214.66552734375,8.07547855377197,,,0,1,0,
"Poland",159,1970,69.868293762207,4.24661207199097,0,32526,10.3897953033447,144018.484375,11.8776969909668,4427.7958984375,8.39565753936768,,,0,1,0,
"Poland",159,1980,70.0975646972656,4.24988794326782,0,35578.015625,10.4794836044312,204213.46875,12.226921081543,5739.8779296875,8.65519332885742,,,0,1,0,
"Poland",159,1990,70.8902435302734,4.26113271713257,0,38119.390625,10.5484781265259,194920,12.180344581604,5113.408203125,8.53962135314941,,,0,1,0,
"Poland",159,2000,72.99755859375,4.2904257774353,0,38646.0234375,10.5621995925903,278826,12.5383434295654,7214.869140625,8.8838996887207,,,0,1,0,
"Puerto Rico",160,1900,,,,,,,,,,,,0,0,0,
"Puerto Rico",160,1910,,,,,,,,,,,,0,0,0,
"Puerto Rico",160,1920,,,,,,,,,,,,0,0,0,
"Puerto Rico",160,1930,,,,,,,,,,,,0,0,0,
"Puerto Rico",160,1940,,,,,,,,,,,,0,0,0,
"Puerto Rico",160,1950,64.3000030517578,4.16355991363525,,,,,,,,,,0,0,0,
"Puerto Rico",160,1960,69.249755859375,4.23771953582764,,,,,,,,,,0,0,0,
"Puerto Rico",160,1970,71.8214645385742,4.27418327331543,0,,,,,,,,,0,0,0,
"Puerto Rico",160,1980,73.7556076049805,4.30075693130493,0,,,,,,,,,0,0,0,
"Puerto Rico",160,1990,74.7873153686523,4.31464815139771,0,,,,,,,,,0,0,0,
"Puerto Rico",160,2000,75.6214599609375,4.32574033737183,0,,,,,,,,,0,0,0,
"Korea, Dem. Rep.",161,1900,,,,,,,,,,,,0,0,0,
"Korea, Dem. Rep.",161,1910,,,,,,,,,,,,0,0,0,
"Korea, Dem. Rep.",161,1920,,,,,,,,,,,,0,0,0,
"Korea, Dem. Rep.",161,1930,,,,,,,,,,,,0,0,0,
"Korea, Dem. Rep.",161,1940,,,,,,,,,,,,0,0,0,
"Korea, Dem. Rep.",161,1950,47.5,3.86072969436646,,9471.1396484375,9.15600490570068,7293,8.8946704864502,770.0234375,6.64642095565796,,,0,0,0,
"Korea, Dem. Rep.",161,1960,54.1512184143066,3.99178051948547,,10391.9091796875,9.24878311157227,11483,9.34862327575684,1104.99426269531,7.00759553909302,,,0,0,0,
"Korea, Dem. Rep.",161,1970,59.9882926940918,4.09414958953857,0,13911.90234375,9.54049968719482,27184,10.2103834152222,1954.01025390625,7.57763910293579,,,0,0,0,
"Korea, Dem. Rep.",161,1980,66.8419494628906,4.20233106613159,0,17113.626953125,9.74763011932373,48621,10.7918109893799,2841.0693359375,7.95193576812744,,,0,0,0,
"Korea, Dem. Rep.",161,1990,65.5190277099609,4.18234062194824,0,20018.546875,9.90441417694092,56874,10.9485931396484,2841.0654296875,7.95193433761597,,,0,0,0,
"Korea, Dem. Rep.",161,2000,63.3478050231934,4.14864015579224,0,21647.681640625,9.98265361785889,25310,10.138955116272,1169.17834472656,7.06405639648438,,,0,0,0,
"Portugal",162,1900,35,3.55534815788269,,5404,8.59489440917969,7037,8.85893726348877,1302.18359375,7.17179775238037,1,1,0,1,0,1
"Portugal",162,1910,,,,5884,8.67999172210693,7225,8.88530254364014,1227.90612792969,7.11306571960449,1,1,0,1,0,1
"Portugal",162,1920,,,,6029,8.70433616638184,7411,8.91072082519531,1229.22546386719,7.11413955688477,1,1,0,1,0,1
"Portugal",162,1930,,,,6784,8.82232189178467,10656,9.27387809753418,1570.75476074219,7.35931158065796,1,1,0,1,0,1
"Portugal",162,1940,50.2999992370605,3.91800498962402,0.623650014400482,7675,8.94572353363037,12396,9.42512893676758,1615.11401367188,7.38716077804565,1,1,0,1,0,1
"Portugal",162,1950,59.2999992370605,4.08260917663574,0.201690644025803,8442.75,9.04106330871582,17615,9.7765064239502,2086.40551757812,7.64319801330566,1,1,0,1,0,1
"Portugal",162,1960,63.441951751709,4.15012550354004,0.182175412774086,9036.7001953125,9.10904979705811,26711,10.1928310394287,2955.83569335938,7.99153661727905,1,1,0,1,0,1
"Portugal",162,1970,67.4195098876953,4.21093463897705,0,9044.2001953125,9.10987854003906,49498,10.8096876144409,5472.89990234375,8.60756397247314,1,1,0,1,0,1
"Portugal",162,1980,71.3923568725586,4.26819086074829,0,9777.7998046875,9.18787002563477,78655,11.2728261947632,8044.2431640625,8.99271202087402,1,1,0,1,0,1
"Portugal",162,1990,73.6634140014648,4.29950618743896,0,9922.689453125,9.20257949829102,107427,11.5845670700073,10826.400390625,9.2897424697876,1,1,0,1,0,1
"Portugal",162,2000,75.1726837158203,4.31978797912598,0,10048.232421875,9.2151517868042,140901,11.8558130264282,14022.466796875,9.54841613769531,1,1,0,1,0,1
"Paraguay",163,1900,35,3.55534815788269,,440,6.0867748260498,,,,,1,1,0,1,0,0
"Paraguay",163,1910,,,,554,6.3171648979187,,,,,1,1,0,1,0,0
"Paraguay",163,1920,,,,699,6.5496506690979,,,,,1,1,0,1,0,0
"Paraguay",163,1930,45,3.80666255950928,,880,6.7799220085144,1511.88525390625,7.32111263275146,1718.05139160156,7.44894599914551,1,1,0,1,0,0
"Paraguay",163,1940,46.5999984741211,3.84160041809082,0.354200005531311,1111,7.01301574707031,1947,7.57404518127441,1752.47521972656,7.46878433227539,1,1,0,1,0,0
"Paraguay",163,1950,62.5999984741211,4.1367654800415,0.117216818034649,1475.6689453125,7.29686689376831,2338,7.75705099105835,1584.36608886719,7.36793947219849,1,1,0,1,0,0
"Paraguay",163,1960,63.9118041992188,4.15750408172607,0.0912637263536453,1909.53796386719,7.55461645126343,2970,7.9963173866272,1555.35009765625,7.34945583343506,1,1,0,1,0,0
"Paraguay",163,1970,65.5333633422852,4.18255949020386,0,2476.78491210938,7.81471681594849,4636,8.44160747528076,1871.78137207031,7.53464603424072,1,1,0,1,0,0
"Paraguay",163,1980,66.8268280029297,4.20210456848145,0,3193.04711914062,8.0687313079834,10549,9.26378631591797,3303.74096679688,8.10281085968018,1,1,0,1,0,0
"Paraguay",163,1990,68.135124206543,4.22149276733398,0,4236.05615234375,8.3513879776001,13923,9.54129695892334,3286.78369140625,8.09766483306885,1,1,0,1,0,0
"Paraguay",163,2000,69.8248748779297,4.24599027633667,0,5585.828125,8.6279878616333,16835,9.73121547698975,3013.87719726562,8.01098251342773,1,1,0,1,0,0
"French Polynesia",164,1900,,,,,,,,,,,,0,0,0,
"French Polynesia",164,1910,,,,,,,,,,,,0,0,0,
"French Polynesia",164,1920,,,,,,,,,,,,0,0,0,
"French Polynesia",164,1930,,,,,,,,,,,,0,0,0,
"French Polynesia",164,1940,,,,,,,,,,,,0,0,0,
"French Polynesia",164,1950,,,,,,,,,,,,0,0,0,
"French Polynesia",164,1960,,,,,,,,,,,,0,0,0,
"French Polynesia",164,1970,,,0,,,,,,,,,0,0,0,
"French Polynesia",164,1980,,,0,,,,,,,,,0,0,0,
"French Polynesia",164,1990,69.5853652954102,4.24255418777466,0,,,,,,,,,0,0,0,
"French Polynesia",164,2000,72.2434158325195,4.28004121780396,0,,,,,,,,,0,0,0,
"Qatar",165,1900,24,3.178053855896,,,,,,,,,,0,0,0,
"Qatar",165,1910,,,,,,,,,,,,0,0,0,
"Qatar",165,1920,,,,,,,,,,,,0,0,0,
"Qatar",165,1930,,,,,,,,,,,,0,0,0,
"Qatar",165,1940,,,,,,,,,,,,0,0,0,
"Qatar",165,1950,48,3.8712010383606,,25.1009998321533,3.22290778160095,762.747375488281,6.63692712783813,30387.130859375,10.3217744827271,,,0,0,0,
"Qatar",165,1960,53.4131698608398,3.97805738449097,,45.1829986572266,3.81072092056274,1495.74755859375,7.3103814125061,33104.2109375,10.4074153900146,,,0,0,0,
"Qatar",165,1970,61.1058540344238,4.11260747909546,0,113.262001037598,4.72970390319824,3755.76806640625,8.23104763031006,33160,10.4090995788574,,,0,0,0,
"Qatar",165,1980,66.7278060913086,4.20062160491943,0,230.639999389648,5.44085788726807,6815.91064453125,8.8270149230957,29552.162109375,10.2939119338989,,,0,0,0,
"Qatar",165,1990,72.2243881225586,4.27977800369263,0,481.476989746094,6.17685842514038,3276,8.09437847137451,6804.0634765625,8.82527542114258,,,0,0,0,
"Qatar",165,2000,74.4956130981445,4.31074047088623,0,744.482971191406,6.61268997192383,5987,8.69734573364258,8041.822265625,8.99241065979004,,,0,0,0,
"Reunion",166,1900,,,,,,,,,,,,0,0,0,
"Reunion",166,1910,,,,,,,,,,,,0,0,0,
"Reunion",166,1920,,,,,,,,,,,,0,0,0,
"Reunion",166,1930,,,,,,,,,,,,0,0,0,
"Reunion",166,1940,,,,,,,,,,,,0,0,0,
"Reunion",166,1950,,,,243.699996948242,5.49593782424927,484.7939453125,6.18372392654419,1989.30627441406,7.59554147720337,,,0,0,0,
"Reunion",166,1960,,,,337.5,5.82156562805176,755.793762207031,6.62776851654053,2239.38891601562,7.71395826339722,,,0,0,0,
"Reunion",166,1970,,,0,444.805999755859,6.09763813018799,1540.1904296875,7.33966112136841,3462.61157226562,8.14977836608887,,,0,0,0,
"Reunion",166,1980,,,0,507.015014648438,6.22854042053223,1868.88073730469,7.53309488296509,3686.04614257812,8.21230983734131,,,0,0,0,
"Reunion",166,1990,,,0,597.307983398438,6.39243268966675,2694,7.89878225326538,4510.23583984375,8.41410446166992,,,0,0,0,
"Reunion",166,2000,,,0,720.934020996094,6.58054780960083,3308,8.10409927368164,4588.4921875,8.43130683898926,,,0,0,0,
"Romania",167,1900,32,3.465735912323,,11000,9.30565071105957,15565,9.65278053283691,1415,7.25488471984863,,,0,0,1,
"Romania",167,1910,,,,11866,9.38143253326416,19698,9.88827228546143,1660.037109375,7.41459512710571,,,0,0,1,
"Romania",167,1920,,,,12340,9.42060089111328,,,,,,,0,0,1,
"Romania",167,1930,40.2000007629395,3.69386696815491,,14141,9.55683326721191,17235.263671875,9.75471305847168,1218.81506347656,7.1056342124939,,,0,0,1,
"Romania",167,1940,49.5,3.90197277069092,,15907,9.67451477050781,19756.494140625,9.89123725891113,1242,7.12447834014893,,,0,0,1,
"Romania",167,1950,61.0999984741211,4.11251163482666,,16311,9.69959545135498,19278.818359375,9.86676216125488,1181.95190429688,7.07492256164551,,,0,0,1,
"Romania",167,1960,65.4573135375977,4.18139839172363,,18403.4140625,9.82029151916504,33930.71875,10.4320764541626,1843.71875,7.51953983306885,,,0,0,1,
"Romania",167,1970,68.4903030395508,4.22669219970703,0,20252.541015625,9.91603565216064,57778.6171875,10.9643745422363,2852.9072265625,7.95609378814697,,,0,0,1,
"Romania",167,1980,69.0909729003906,4.23542404174805,0,22130.03515625,10.0046911239624,91516.5546875,11.4242753982544,4135.39990234375,8.32733917236328,,,0,0,1,
"Romania",167,1990,69.7412185668945,4.24479150772095,0,22865.9453125,10.0374040603638,80277,11.2932386398315,3510.76684570312,8.16358947753906,,,0,0,1,
"Romania",167,2000,69.3048782348633,4.23851537704468,0,22411.12109375,10.01731300354,67282,11.1166477203369,3002.17016601562,8.00709056854248,,,0,0,1,
"Russian Federation",168,1900,32,3.465735912323,,124500,11.7320613861084,154049,11.9450263977051,1237.34130859375,7.12072038650513,,,0,1,0,
"Russian Federation",168,1910,,,,,,,,,,,,0,1,0,
"Russian Federation",168,1920,,,,154607,11.9486417770386,,,,,,,0,1,0,
"Russian Federation",168,1930,47.4000015258789,3.85862231254578,,174212,12.0680284500122,252333,12.4385051727295,1448.42492675781,7.27823209762573,,,0,1,0,
"Russian Federation",168,1940,56.2000007629395,4.02891683578491,,195970,12.1857166290283,420091,12.9482269287109,2143.64965820312,7.67026519775391,,,0,1,0,
"Russian Federation",168,1950,67.3000030517578,4.20916032791138,,179570.84375,12.0983247756958,510243,13.1426420211792,2841.4580078125,7.95207262039185,,,0,1,0,
"Russian Federation",168,1960,69.3199996948242,4.23873329162598,,213779.9375,12.2727022171021,843434,13.6452369689941,3945.33740234375,8.28028964996338,,,0,1,0,
"Russian Federation",168,1970,69.8300018310547,4.24606370925903,0,242478.109375,12.3986663818359,1351818,14.1169605255127,5575.01025390625,8.62604904174805,,,0,1,0,
"Russian Federation",168,1980,67.1097564697266,4.20632934570312,0,265972.84375,12.4911499023438,1709174,14.3515205383301,6426.12255859375,8.76812648773193,,,0,1,0,
"Russian Federation",168,1990,68.9219512939453,4.23297452926636,0,289044.71875,12.5743370056152,1987995,14.5026369094849,6877.8115234375,8.83605575561523,,,0,1,0,
"Russian Federation",168,2000,66.9585342407227,4.20407342910767,0,290653.75,12.579888343811,1264526,14.0502080917358,4350.626953125,8.37807559967041,,,0,1,0,
"Rwanda",169,1900,24,3.178053855896,,,,,,,,,,0,0,0,
"Rwanda",169,1910,,,,,,,,,,,,0,0,0,
"Rwanda",169,1920,,,,,,,,,,,,0,0,0,
"Rwanda",169,1930,,,,,,,,,,,,0,0,0,
"Rwanda",169,1940,,,,,,,,,,,,0,0,0,
"Rwanda",169,1950,40,3.68887948989868,,2439.43505859375,7.79952192306519,1334.13195800781,7.19603633880615,546.902038574219,6.30426979064941,,,0,0,0,
"Rwanda",169,1960,42.3609771728516,3.74622750282288,,3031.80395507812,8.01691341400146,1989.19079589844,7.59548330307007,656.107971191406,6.48632526397705,,,0,0,0,
"Rwanda",169,1970,44.3609771728516,3.79236030578613,0,3769.1708984375,8.23461055755615,2701.6171875,7.90160608291626,716.766967773438,6.57475090026855,,,0,0,0,
"Rwanda",169,1980,45.7687797546387,3.82360219955444,0,5139.11181640625,8.54463577270508,4892.26220703125,8.49540996551514,951.966430664062,6.85852956771851,,,0,0,0,
"Rwanda",169,1990,40.1882934570312,3.69357585906982,0,6962.40478515625,8.84827995300293,6125,8.72013378143311,879.724731445312,6.77960920333862,,,0,0,0,
"Rwanda",169,2000,40.8204879760742,3.70918416976929,0,7404.703125,8.90987014770508,6146,8.72355651855469,830.013061523438,6.7214412689209,,,0,0,0,
"Saudi Arabia",170,1900,24,3.178053855896,,,,,,,,,,0,0,0,
"Saudi Arabia",170,1910,,,,,,,,,,,,0,0,0,
"Saudi Arabia",170,1920,,,,,,,,,,,,0,0,0,
"Saudi Arabia",170,1930,,,,,,,,,,,,0,0,0,
"Saudi Arabia",170,1940,,,,,,,,,,,,0,0,0,
"Saudi Arabia",170,1950,39.9000015258789,3.68637633323669,,3859.80102539062,8.25837135314941,8610.3125,9.060715675354,2230.76611328125,7.7101001739502,,,0,0,0,
"Saudi Arabia",170,1960,44.7034149169922,3.80004978179932,,4718.30078125,8.45920372009277,17547.818359375,9.77268505096436,3719.0966796875,8.22123622894287,,,0,0,0,
"Saudi Arabia",170,1970,52.3141479492188,3.95726680755615,0,6109.05078125,8.71752643585205,46573.18359375,10.7487802505493,7623.63623046875,8.93900871276855,,,0,0,0,
"Saudi Arabia",170,1980,61.119026184082,4.11282300949097,0,9948.962890625,9.20522403717041,132159.6875,11.791766166687,13283.765625,9.49429798126221,,,0,0,0,
"Saudi Arabia",170,1990,69.0048751831055,4.23417711257935,0,15846.6484375,9.67071342468262,144438,11.8806056976318,9114.7353515625,9.11764812469482,,,0,0,0,
"Saudi Arabia",170,2000,71.9073181152344,4.27537822723389,0,22023.505859375,9.99986553192139,176233,12.0795621871948,8002.041015625,8.98745155334473,,,0,0,0,
"Sudan",171,1900,24,3.178053855896,,,,,,,,,,0,0,0,
"Sudan",171,1910,,,,,,,,,,,,0,0,0,
"Sudan",171,1920,,,,,,,,,,,,0,0,0,
"Sudan",171,1930,,,,,,,,,,,,0,0,0,
"Sudan",171,1940,,,,,,,,,,,,0,0,0,
"Sudan",171,1950,36.7000007629395,3.60277676582336,,8051.15087890625,8.99357032775879,6608.68115234375,8.79613971710205,820.836791992188,6.71032428741455,,,0,0,0,
"Sudan",171,1960,39.2658538818359,3.67035531997681,,10588.9931640625,9.26757049560547,10838.2373046875,9.2908353805542,1023.53802490234,6.93102073669434,,,0,0,0,
"Sudan",171,1970,42.865852355957,3.75807547569275,0,13787.5986328125,9.53152465820312,12245.8857421875,9.41294574737549,888.181213378906,6.78917598724365,,,0,0,0,
"Sudan",171,1980,48.1658554077148,3.87465047836304,0,19063.9921875,9.85555648803711,17757.525390625,9.78456497192383,931.469482421875,6.83676338195801,,,0,0,0,
"Sudan",171,1990,50.9658546447754,3.93115592002869,0,26627.365234375,10.1896944046021,19793,9.8930835723877,743.3330078125,6.61114406585693,,,0,0,0,
"Sudan",171,2000,55.2560958862305,4.01197862625122,0,35079.8125,10.4653806686401,34773,10.4565963745117,991.253845214844,6.89897060394287,,,0,0,0,
"Senegal",172,1900,24,3.178053855896,,,,,,,,,,0,0,0,
"Senegal",172,1910,,,,,,,,,,,,0,0,0,
"Senegal",172,1920,,,,,,,,,,,,0,0,0,
"Senegal",172,1930,,,,,,,,,,,,0,0,0,
"Senegal",172,1940,,,,,,,,,,,,0,0,0,
"Senegal",172,1950,36.5,3.59731221199036,,2653.63696289062,7.88368654251099,3340.65942382812,8.11392307281494,1258.8984375,7.13799238204956,,,0,0,0,
"Senegal",172,1960,37.9097557067871,3.63520836830139,,3269.80810546875,8.09248638153076,4723.6923828125,8.46034622192383,1444.63903808594,7.27561473846436,,,0,0,0,
"Senegal",172,1970,40.8600006103516,3.71015167236328,0,4317.89111328125,8.37052249908447,6196.9228515625,8.73180770874023,1435.17358398438,7.26904106140137,,,0,0,0,
"Senegal",172,1980,45.3487815856934,3.81438326835632,0,5639.78515625,8.63760089874268,7339.4287109375,8.90101623535156,1301.36669921875,7.17117023468018,,,0,0,0,
"Senegal",172,1990,49.5390243530273,3.90276074409485,0,7361.6630859375,8.9040412902832,10032,9.21353530883789,1362.73559570312,7.21724939346313,,,0,0,0,
"Senegal",172,2000,52.3356094360352,3.95767712593079,0,9784.3251953125,9.18853664398193,14022,9.54838275909424,1433.10852050781,7.26760101318359,,,0,0,0,
"Singapore",173,1900,24,3.178053855896,,215,5.37063789367676,,,,,,,0,1,0,
"Singapore",173,1910,,,,,,,,,,,,0,1,0,
"Singapore",173,1920,,,,391,5.96870756149292,,,,,,,0,1,0,
"Singapore",173,1930,,,,596,6.39024066925049,1384.45141601562,7.23305940628052,2322.90502929688,7.75057363510132,,,0,1,0,
"Singapore",173,1940,,,0.870599985122681,751,6.62140560150146,1362.953125,7.21740913391113,1814.85095214844,7.50375843048096,,,0,1,0,
"Singapore",173,1950,60.4000015258789,4.10098934173584,0.390154838562012,1022.09997558594,6.92961454391479,2268,7.72665357589722,2218.9609375,7.70479440689087,,,0,1,0,
"Singapore",173,1960,63.6814651489258,4.15389347076416,0.181044802069664,1646.40002441406,7.40634632110596,3803,8.24354553222656,2309.88818359375,7.74495458602905,,,0,1,0,
"Singapore",173,1970,67.7409744262695,4.21569108963013,0,2074.50708007812,7.63747882843018,9209,9.12793636322021,4439.126953125,8.39821338653564,,,0,1,0,
"Singapore",173,1980,71.4853668212891,4.26949262619019,0,2413.89990234375,7.78899908065796,21865,9.99264240264893,9057.9560546875,9.11139869689941,,,0,1,0,
"Singapore",173,1990,74.3385391235352,4.30862951278687,0,3016.37890625,8.01181221008301,43330,10.6766004562378,14364.9052734375,9.57254314422607,,,0,1,0,
"Singapore",173,2000,77.1999969482422,4.34639930725098,0,4151.72021484375,8.33127784729004,92198,11.4316940307617,22207.181640625,10.008171081543,,,0,1,0,
"Solomon Islands",174,1900,,,,,,,,,,,,0,0,0,
"Solomon Islands",174,1910,,,,,,,,,,,,0,0,0,
"Solomon Islands",174,1920,,,,,,,,,,,,0,0,0,
"Solomon Islands",174,1930,,,,,,,,,,,,0,0,0,
"Solomon Islands",174,1940,,,,,,,,,,,,0,0,0,
"Solomon Islands",174,1950,44,3.78418970108032,,,,,,,,,,0,0,0,
"Solomon Islands",174,1960,,,,,,,,,,,,0,0,0,
"Solomon Islands",174,1970,,,0,,,,,,,,,0,0,0,
"Solomon Islands",174,1980,,,0,,,,,,,,,0,0,0,
"Solomon Islands",174,1990,68.5317077636719,4.22729635238647,0,,,,,,,,,0,0,0,
"Solomon Islands",174,2000,70.7560958862305,4.25923871994019,0,,,,,,,,,0,0,0,
"Sierra Leone",175,1900,24,3.178053855896,,,,,,,,,,0,0,0,
"Sierra Leone",175,1910,,,,,,,,,,,,0,0,0,
"Sierra Leone",175,1920,,,,,,,,,,,,0,0,0,
"Sierra Leone",175,1930,,,,,,,,,,,,0,0,0,
"Sierra Leone",175,1940,,,,,,,,,,,,0,0,0,
"Sierra Leone",175,1950,30,3.40119743347168,,2087.05493164062,7.64350938796997,1369.66821289062,7.22232389450073,656.268371582031,6.48656988143921,,,0,0,0,
"Sierra Leone",175,1960,31.6146335601807,3.45362019538879,,2396.30395507812,7.78168296813965,2050.39331054688,7.62578678131104,855.648254394531,6.75185918807983,,,0,0,0,
"Sierra Leone",175,1970,34.3634147644043,3.53699254989624,0,2789.30590820312,7.93354797363281,3148.8671875,8.0547981262207,1128.90710449219,7.02900505065918,,,0,0,0,
"Sierra Leone",175,1980,35.3434143066406,3.56511211395264,0,3327.12109375,8.10986232757568,3721.388671875,8.22185230255127,1118.50109863281,7.01974487304688,,,0,0,0,
"Sierra Leone",175,1990,35.1936569213867,3.56086587905884,0,4226.22412109375,8.34906387329102,4335,8.37447643280029,1025.73840332031,6.93316793441772,,,0,0,0,
"Sierra Leone",175,2000,37.3146324157715,3.61938548088074,0,5202.6591796875,8.55692481994629,1971,7.58629608154297,378.8447265625,5.93712663650513,,,0,0,0,
"El Salvador",176,1900,35,3.55534815788269,,766,6.64118194580078,,,,,1,1,0,0,1,1
"El Salvador",176,1910,,,,946,6.8522424697876,,,,,1,1,0,0,1,1
"El Salvador",176,1920,,,,1170,7.06475925445557,1091,6.99485015869141,932.478637695312,6.83784627914429,1,1,0,0,1,1
"El Salvador",176,1930,,,,1440,7.27239847183228,1505,7.31654834747314,1045.13891601562,6.95190525054932,1,1,0,0,1,1
"El Salvador",176,1940,32.5,3.48124003410339,0.960499942302704,1630,7.39633512496948,1811,7.50163459777832,1111.04296875,7.01305437088013,1,1,0,0,1,1
"El Salvador",176,1950,45.2999992370605,3.81330704689026,0.414382368326187,1939.80004882812,7.57034015655518,2888,7.96831941604614,1488.81323242188,7.30573463439941,1,1,0,0,1,1
"El Salvador",176,1960,50.823413848877,3.92835712432861,0.274219751358032,2581.5830078125,7.85615825653076,4553,8.42354202270508,1763.64660644531,7.47513866424561,1,1,0,0,1,1
"El Salvador",176,1970,57.3470230102539,4.04912090301514,0,3603.90698242188,8.18977355957031,7881,8.97220993041992,2186.79345703125,7.69019174575806,1,1,0,0,1,1
"El Salvador",176,1980,57.0956115722656,4.04472732543945,0,4566.19921875,8.42643642425537,10748,9.28247451782227,2353.81762695312,7.7637939453125,1,1,0,0,1,1
"El Salvador",176,1990,65.619026184082,4.18386554718018,0,5099.8837890625,8.53697299957275,10805,9.28776454925537,2118.67553710938,7.65854644775391,1,1,0,0,1,1
"El Salvador",176,2000,69.4785385131836,4.24101781845093,0,6122.51513671875,8.71972846984863,16626,9.71872329711914,2715.55078125,7.90675020217896,1,1,0,0,1,1
"Somalia",177,1900,24,3.178053855896,,,,,,,,,,0,0,0,
"Somalia",177,1910,,,,,,,,,,,,0,0,0,
"Somalia",177,1920,,,,,,,,,,,,0,0,0,
"Somalia",177,1930,,,,,,,,,,,,0,0,0,
"Somalia",177,1940,,,,,,,,,,,,0,0,0,
"Somalia",177,1950,33,3.49650764465332,,2437.93188476562,7.79890537261963,2576,7.85399293899536,1056.63330078125,6.96284294128418,,,0,0,0,
"Somalia",177,1960,36.192684173584,3.5888569355011,,2955.80297851562,7.99152565002441,3775,8.23615550994873,1277.14868164062,7.15238523483276,,,0,0,0,
"Somalia",177,1970,40.1814651489258,3.69340586662292,0,3666.94897460938,8.20711517333984,4174,8.33662986755371,1138.27600097656,7.03727006912231,,,0,0,0,
"Somalia",177,1980,42.5609741210938,3.75093770027161,0,5790.705078125,8.66400909423828,6005,8.70034790039062,1037.00671386719,6.94409370422363,,,0,0,0,
"Somalia",177,1990,41.5526847839355,3.72696208953857,0,6675.06689453125,8.80613422393799,7231,8.88613224029541,1083.28503417969,6.98775339126587,,,0,0,0,
"Somalia",177,2000,47.5502433776855,3.86178684234619,0,7253.13720703125,8.88918972015381,6260,8.74193572998047,863.074829101562,6.76050138473511,,,0,0,0,
"",178,1900,,,,,,,,,,,,0,0,0,
"",178,1910,,,,,,,,,,,,0,0,0,
"",178,1920,,,,,,,,,,,,0,0,0,
"",178,1930,,,,,,,,,,,,0,0,0,
"",178,1940,,,,,,,,,,,,0,0,0,
"",178,1950,,,,,,,,,,,,0,0,0,
"",178,1960,,,,,,,,,,,,0,0,0,
"",178,1970,,,0,,,,,,,,,0,0,0,
"",178,1980,,,0,,,,,,,,,0,0,0,
"",178,1990,,,0,,,,,,,,,0,0,0,
"",178,2000,,,0,,,,,,,,,0,0,0,
"Sao Tome and Principe",179,1900,24,3.178053855896,,,,,,,,,,0,0,0,
"Sao Tome and Principe",179,1910,,,,,,,,,,,,0,0,0,
"Sao Tome and Principe",179,1920,,,,,,,,,,,,0,0,0,
"Sao Tome and Principe",179,1930,,,,,,,,,,,,0,0,0,
"Sao Tome and Principe",179,1940,,,,,,,,,,,,0,0,0,
"Sao Tome and Principe",179,1950,,,,59.7299995422363,4.08983421325684,49,3.89182019233704,820.358276367188,6.70974111557007,,,0,0,0,
"Sao Tome and Principe",179,1960,,,,63.4029998779297,4.14951133728027,55,4.00733327865601,867.466857910156,6.76557731628418,,,0,0,0,
"Sao Tome and Principe",179,1970,,,0,73.6309967041016,4.29906606674194,106,4.66343927383423,1439.61108398438,7.27212810516357,,,0,0,0,
"Sao Tome and Principe",179,1980,,,0,94.0709991455078,4.54404973983765,189,5.24174690246582,2009.12072753906,7.60545253753662,,,0,0,0,
"Sao Tome and Principe",179,1990,62.1512184143066,4.12957048416138,0,119.453002929688,4.78292322158813,166,5.11198759078979,1389.66784667969,7.23682022094727,,,0,0,0,
"Sao Tome and Principe",179,2000,64.3180465698242,4.16384029388428,0,159.882995605469,5.0744423866272,196,5.27811479568481,1225.896484375,7.11142778396606,,,0,0,0,
"Suriname",180,1900,35,3.55534815788269,,,,,,,,,,0,0,0,
"Suriname",180,1910,,,,,,,,,,,,0,0,0,
"Suriname",180,1920,,,,,,,,,,,,0,0,0,
"Suriname",180,1930,49,3.89182019233704,,,,,,,,,,0,0,0,
"Suriname",180,1940,49,3.89182019233704,,,,,,,,,,0,0,0,
"Suriname",180,1950,56,4.02535152435303,,,,,,,,,,0,0,0,
"Suriname",180,1960,59.8151206970215,4.09125852584839,,,,,,,,,,0,0,0,
"Suriname",180,1970,63.4053649902344,4.14954853057861,0,,,,,,,,,0,0,0,
"Suriname",180,1980,66.3902435302734,4.19554996490479,0,,,,,,,,,0,0,0,
"Suriname",180,1990,68.6590270996094,4.22915267944336,0,,,,,,,,,0,0,0,
"Suriname",180,2000,70.0951232910156,4.24985313415527,0,,,,,,,,,0,0,0,
"Slovak Republic",181,1900,32,3.465735912323,,,,,,,,,,0,0,0,
"Slovak Republic",181,1910,,,,,,,,,,,,0,0,0,
"Slovak Republic",181,1920,,,,,,,,,,,,0,0,0,
"Slovak Republic",181,1930,,,,,,,,,,,,0,0,0,
"Slovak Republic",181,1940,,,,,,,,,,,,0,0,0,
"Slovak Republic",181,1950,64.3000030517578,4.16355991363525,,,,,,,,,,0,0,0,
"Slovak Republic",181,1960,,,,,,,,,,,,0,0,0,
"Slovak Republic",181,1970,,,0,,,,,,,,,0,0,0,
"Slovak Republic",181,1980,70.4085388183594,4.25431442260742,0,,,,,,,,,0,0,0,
"Slovak Republic",181,1990,70.9326858520508,4.26173114776611,0,,,,,,,,,0,0,0,
"Slovak Republic",181,2000,72.5663452148438,4.28450107574463,0,,,,,,,,,0,0,0,
"Slovenia",182,1900,32,3.465735912323,,,,,,,,,,0,0,0,
"Slovenia",182,1910,,,,,,,,,,,,0,0,0,
"Slovenia",182,1920,,,,,,,,,,,,0,0,0,
"Slovenia",182,1930,,,,,,,,,,,,0,0,0,
"Slovenia",182,1940,,,,,,,,,,,,0,0,0,
"Slovenia",182,1950,65.5999984741211,4.18357563018799,,1467.75903320312,7.29149198532104,,,,,,,0,0,0,
"Slovenia",182,1960,68.4804840087891,4.22654867172241,,1557.75598144531,7.35100173950195,,,,,,,0,0,0,
"Slovenia",182,1970,69.4009780883789,4.23990106582642,0,1675.73901367188,7.42400932312012,,,,,,,0,0,0,
"Slovenia",182,1980,70.2809753417969,4.25250101089478,0,1833,7.51370906829834,,,,,,,0,0,0,
"Slovenia",182,1990,73.253662109375,4.2939281463623,0,1896.19799804688,7.54760599136353,21624,9.98155879974365,11403.8720703125,9.34170818328857,,,0,0,0,
"Slovenia",182,2000,74.8073196411133,4.31491565704346,0,1927.59301757812,7.56402730941772,25941,10.1635799407959,13457.716796875,9.50730800628662,,,0,0,0,
"Sweden",183,1900,56,4.02535152435303,,5117,8.54032325744629,13104.458984375,9.48070812225342,2560.96533203125,7.84813976287842,1,1,1,0,0,0
"Sweden",183,1910,,,,5449,8.60318756103516,16236.9990234375,9.69504737854004,2979.81274414062,7.99961566925049,1,1,1,0,0,0
"Sweden",183,1920,62.0999984741211,4.12874603271484,,5876,8.67863178253174,16463.23828125,9.70888519287109,2801.7763671875,7.9380087852478,1,1,1,0,0,0
"Sweden",183,1930,63,4.14313459396362,,6131,8.72111320495605,24137.9609375,10.0915412902832,3937.03491210938,8.27818298339844,1,1,1,0,0,0
"Sweden",183,1940,66.6999969482422,4.20020484924316,0.125320002436638,6356,8.75715446472168,30872.921875,10.3376350402832,4857.2880859375,8.48823547363281,1,1,1,0,0,0
"Sweden",183,1950,71.8000030517578,4.27388429641724,0.0382256992161274,7014.0048828125,8.85566425323486,47269,10.7636098861694,6739.23095703125,8.81570148468018,1,1,1,0,0,0
"Sweden",183,1960,73.1931686401367,4.2931022644043,0.0305178724229336,7480.39501953125,8.92004108428955,64986,11.0819272994995,8687.5087890625,9.06964111328125,1,1,1,0,0,0
"Sweden",183,1970,74.498046875,4.31077289581299,0,8042.80322265625,8.99253273010254,102275,11.5354204177856,12716.337890625,9.45064258575439,1,1,1,0,0,0
"Sweden",183,1980,75.8575592041016,4.328857421875,0,8310.47265625,9.02527141571045,124130,11.7290849685669,14936.57421875,9.61156845092773,1,1,1,0,0,0
"Sweden",183,1990,77.5317077636719,4.35068702697754,0,8558.841796875,9.05471992492676,151451,11.928017616272,17695.267578125,9.7810525894165,1,1,1,0,0,0
"Sweden",183,2000,79.1756134033203,4.37166833877563,0,8873.0517578125,9.09077453613281,180310,12.1024332046509,20321.080078125,9.91941452026367,1,1,1,0,0,0
"Swaziland",184,1900,24,3.178053855896,,,,,,,,,,0,0,0,
"Swaziland",184,1910,,,,,,,,,,,,0,0,0,
"Swaziland",184,1920,,,,,,,,,,,,0,0,0,
"Swaziland",184,1930,,,,,,,,,,,,0,0,0,
"Swaziland",184,1940,,,,,,,,,,,,0,0,0,
"Swaziland",184,1950,35.5999984741211,3.572345495224,,277.384002685547,5.62540292739868,200.018569946289,5.29841041564941,721.089050292969,6.58076286315918,,,0,0,0,
"Swaziland",184,1960,40.3956108093262,3.69872117042542,,351.842010498047,5.86318206787109,328.830535888672,5.79554271697998,934.59716796875,6.84011554718018,,,0,0,0,
"Swaziland",184,1970,46.1370735168457,3.83161687850952,0,455.144989013672,6.12061595916748,926.486022949219,6.83139896392822,2035.58435058594,7.61853837966919,,,0,0,0,
"Swaziland",184,1980,51.5843887329102,3.94321918487549,0,611.427001953125,6.41579580307007,1465.73608398438,7.29011297225952,2397.23803710938,7.7820725440979,,,0,0,0,
"Swaziland",184,1990,56.6439018249512,4.03678417205811,0,884.909973144531,6.78548574447632,2154,7.67508172988892,2434.14575195312,7.79735136032104,,,0,0,0,
"Swaziland",184,2000,56.2707328796387,4.03017473220825,0,1120.18298339844,7.02124738693237,2919,7.97899627685547,2605.82421875,7.86550426483154,,,0,0,0,
"Seychelles",185,1900,24,3.178053855896,,,,,,,,,,0,0,0,
"Seychelles",185,1910,,,,,,,,,,,,0,0,0,
"Seychelles",185,1920,,,,,,,,,,,,0,0,0,
"Seychelles",185,1930,,,,,,,,,,,,0,0,0,
"Seychelles",185,1940,,,,,,,,,,,,0,0,0,
"Seychelles",185,1950,,,,32.9029998779297,3.49356389045715,62.9190292358398,4.14184856414795,1912.25817871094,7.55604028701782,,,0,0,0,
"Seychelles",185,1960,,,,41.6619987487793,3.72958946228027,98.594123840332,4.59101152420044,2366.52392578125,7.76917743682861,,,0,0,0,
"Seychelles",185,1970,,,0,54.1059989929199,3.9909451007843,139.051055908203,4.93484115600586,2569.97485351562,7.85165119171143,,,0,0,0,
"Seychelles",185,1980,,,0,66.4889984130859,4.19703674316406,284.205261230469,5.64969682693481,4274.47021484375,8.3604154586792,,,0,0,0,
"Seychelles",185,1990,70.2952194213867,4.25270366668701,0,73.4390029907227,4.29645490646362,366,5.90263319015503,4983.72802734375,8.5139331817627,,,0,0,0,
"Seychelles",185,2000,71.7224426269531,4.27280378341675,0,79.3259963989258,4.37356615066528,504,6.22257614135742,6353.5283203125,8.75676536560059,,,0,0,0,
"Syrian Arab Republic",186,1900,24,3.178053855896,,,,,,,,,,0,0,0,
"Syrian Arab Republic",186,1910,,,,,,,,,,,,0,0,0,
"Syrian Arab Republic",186,1920,,,,,,,,,,,,0,0,0,
"Syrian Arab Republic",186,1930,,,,,,,,,,,,0,0,0,
"Syrian Arab Republic",186,1940,,,,,,,,,,,,0,0,0,
"Syrian Arab Republic",186,1950,46,3.82864141464233,,3495,8.15908908843994,8417.7158203125,9.03809356689453,2408.50219726562,7.7867603302002,,,0,0,0,
"Syrian Arab Republic",186,1960,49.99853515625,3.91199374198914,,4532.55712890625,8.41904163360596,13704.041015625,9.52544593811035,3023.46801757812,8.01416015625,,,0,0,0,
"Syrian Arab Republic",186,1970,55.7912178039551,4.02161645889282,0,6258.05322265625,8.74162483215332,22155.427734375,10.0058374404907,3540.306640625,8.17196846008301,,,0,0,0,
"Syrian Arab Republic",186,1980,61.5560989379883,4.11994886398315,0,8773.58203125,9.07950019836426,57097.36328125,10.9525136947632,6507.8740234375,8.78076839447021,,,0,0,0,
"Syrian Arab Republic",186,1990,66.4097595214844,4.1958441734314,0,12436.0458984375,9.42835426330566,70894,11.1689414978027,5700.6865234375,8.64834213256836,,,0,0,0,
"Syrian Arab Republic",186,2000,69.1746368408203,4.23663425445557,0,16305.6591796875,9.69926738739014,121988,11.7116775512695,7481.3291015625,8.920166015625,,,0,0,0,
"Chad",187,1900,24,3.178053855896,,,,,,,,,,0,0,0,
"Chad",187,1910,,,,,,,,,,,,0,0,0,
"Chad",187,1920,,,,,,,,,,,,0,0,0,
"Chad",187,1930,,,,,,,,,,,,0,0,0,
"Chad",187,1940,,,,,,,,,,,,0,0,0,
"Chad",187,1950,32.5,3.48124003410339,,2607.76904296875,7.86625051498413,1240,7.1228666305542,475.502227783203,6.16437149047852,,,0,0,0,
"Chad",187,1960,34.8634147644043,3.55143809318542,,3042.30297851562,8.02037048339844,1730,7.45587682723999,568.648132324219,6.34326171875,,,0,0,0,
"Chad",187,1970,38.2121963500977,3.64315485954285,0,3730.56201171875,8.22431373596191,1912,7.55590486526489,512.523315429688,6.23934602737427,,,0,0,0,
"Chad",187,1980,42.1609764099121,3.74149513244629,0,4541.68408203125,8.42105293273926,1541,7.34018707275391,339.301452636719,5.82688903808594,,,0,0,0,
"Chad",187,1990,46.1604881286621,3.83212423324585,0,6030.02490234375,8.70450687408447,2537,7.83873748779297,420.727935791016,6.0419864654541,,,0,0,0,
"Chad",187,2000,48.4785346984863,3.88112115859985,0,8418.8642578125,9.03822994232178,3566,8.17920017242432,423.572601318359,6.04872512817383,,,0,0,0,
"Togo",188,1900,24,3.178053855896,,,,,,,,,,0,0,0,
"Togo",188,1910,,,,,,,,,,,,0,0,0,
"Togo",188,1920,,,,,,,,,,,,0,0,0,
"Togo",188,1930,,,,,,,,,,,,0,0,0,
"Togo",188,1940,,,,,,,,,,,,0,0,0,
"Togo",188,1950,36,3.58351898193359,,1171.89697265625,7.06637907028198,672.661865234375,6.51124286651611,573.994018554688,6.35261917114258,,,0,0,0,
"Togo",188,1960,39.5121955871582,3.67660927772522,,1455.90002441406,7.28337955474854,1015.71942138672,6.92335224151611,697.657409667969,6.54772806167603,,,0,0,0,
"Togo",188,1970,44.4609756469727,3.79461193084717,0,1964.12805175781,7.58280372619629,2112.158203125,7.65546560287476,1075.36694335938,6.98041725158691,,,0,0,0,
"Togo",188,1980,49.3282928466797,3.89849781990051,0,2595.63500976562,7.86158657073975,2720.91723632812,7.90872430801392,1048.26647949219,6.95489311218262,,,0,0,0,
"Togo",188,1990,50.4819526672363,3.92161583900452,0,3704.86596679688,8.21740245819092,2805,7.93915891647339,757.112426757812,6.62951183319092,,,0,0,0,
"Togo",188,2000,48.6204872131348,3.88404488563538,0,5032.783203125,8.5237283706665,2894,7.9703950881958,575.02978515625,6.35442161560059,,,0,0,0,
"Thailand",189,1900,24,3.178053855896,,7320,8.89836597442627,,,,,1,1,0,0,1,1
"Thailand",189,1910,,,,8305,9.02461338043213,,,,,1,1,0,0,1,1
"Thailand",189,1920,,,,9802,9.19034194946289,,,,,1,1,0,0,1,1
"Thailand",189,1930,,,,12392,9.42480659484863,9833.0283203125,9.19350242614746,793.498107910156,6.67645120620728,1,1,0,0,1,1
"Thailand",189,1940,42.5999984741211,3.75185418128967,0.49615404009819,15513,9.64943408966064,12820.490234375,9.45880031585693,826.435241699219,6.71712160110474,1,1,0,0,1,1
"Thailand",189,1950,47,3.85014748573303,0.153782412409782,20041.62890625,9.90556716918945,16375,9.70351123809814,817.049377441406,6.70569944381714,1,1,0,0,1,1
"Thailand",189,1960,52.6482925415039,3.96363377571106,0.1111980676651,27512.75,10.2224044799805,29665,10.2977228164673,1078.22741699219,6.98307371139526,1,1,0,0,1,1
"Thailand",189,1970,58.440486907959,4.06800889968872,0,37090.87109375,10.521125793457,62842,11.048378944397,1694.27136230469,7.43500804901123,1,1,0,0,1,1
"Thailand",189,1980,63.5965843200684,4.15255975723267,0,47025.765625,10.7584505081177,120116,11.6962127685547,2554.25952148438,7.84551763534546,1,1,0,0,1,1
"Thailand",189,1990,68.5107345581055,4.22699022293091,0,55250.02734375,10.9196243286133,255732,12.4518852233887,4628.630859375,8.440016746521,1,1,0,0,1,1
"Thailand",189,2000,72.3390274047852,4.28136396408081,0,62352.04296875,11.0405521392822,395046,12.886757850647,6335.73486328125,8.75396156311035,1,1,0,0,1,1
"Tajikistan",190,1900,24,3.178053855896,,,,,,,,,,0,0,0,
"Tajikistan",190,1910,,,,,,,,,,,,0,0,0,
"Tajikistan",190,1920,,,,,,,,,,,,0,0,0,
"Tajikistan",190,1930,,,,,,,,,,,,0,0,0,
"Tajikistan",190,1940,,,,,,,,,,,,0,0,0,
"Tajikistan",190,1950,55.7000007629395,4.01997995376587,,,,,,,,,,0,0,0,
"Tajikistan",190,1960,58.9878044128418,4.07733058929443,,,,,,,,,,0,0,0,
"Tajikistan",190,1970,62.6878051757812,4.13816690444946,0,,,,,,,,,0,0,0,
"Tajikistan",190,1980,66.0902404785156,4.19102096557617,0,,,,,,,,,0,0,0,
"Tajikistan",190,1990,69.2878036499023,4.23826885223389,0,,,,,,,,,0,0,0,
"Tajikistan",190,2000,68.5102462768555,4.22698354721069,0,,,,,,,,,0,0,0,
"Turkmenistan",191,1900,24,3.178053855896,,,,,,,,,,0,0,0,
"Turkmenistan",191,1910,,,,,,,,,,,,0,0,0,
"Turkmenistan",191,1920,,,,,,,,,,,,0,0,0,
"Turkmenistan",191,1930,,,,,,,,,,,,0,0,0,
"Turkmenistan",191,1940,,,,,,,,,,,,0,0,0,
"Turkmenistan",191,1950,53,3.97029185295105,,,,,,,,,,0,0,0,
"Turkmenistan",191,1960,56.2146339416504,4.02917718887329,,,,,,,,,,0,0,0,
"Turkmenistan",191,1970,59.9146347045898,4.09292078018188,0,,,,,,,,,0,0,0,
"Turkmenistan",191,1980,64.368293762207,4.16462135314941,0,,,,,,,,,0,0,0,
"Turkmenistan",191,1990,66.2170715332031,4.19293832778931,0,,,,,,,,,0,0,0,
"Turkmenistan",191,2000,65.9243927001953,4.1885085105896,0,,,,,,,,,0,0,0,
"Tonga",192,1900,,,,,,,,,,,,0,0,0,
"Tonga",192,1910,,,,,,,,,,,,0,0,0,
"Tonga",192,1920,,,,,,,,,,,,0,0,0,
"Tonga",192,1930,,,,,,,,,,,,0,0,0,
"Tonga",192,1940,,,,,,,,,,,,0,0,0,
"Tonga",192,1950,,,,,,,,,,,,0,0,0,
"Tonga",192,1960,,,,,,,,,,,,0,0,0,
"Tonga",192,1970,,,0,,,,,,,,,0,0,0,
"Tonga",192,1980,,,0,,,,,,,,,0,0,0,
"Tonga",192,1990,68.751220703125,4.23049449920654,0,,,,,,,,,0,0,0,
"Tonga",192,2000,70.630729675293,4.25746536254883,0,,,,,,,,,0,0,0,
"Trinidad and Tobago",193,1900,35,3.55534815788269,,268,5.59098720550537,,,,,,,0,0,1,
"Trinidad and Tobago",193,1910,,,,331,5.8021183013916,,,,,,,0,0,1,
"Trinidad and Tobago",193,1920,38.9000015258789,3.66099429130554,,389,5.96357917785645,,,,,,,0,0,1,
"Trinidad and Tobago",193,1930,45.7000007629395,3.82209825515747,,405,6.00388717651367,304.803924560547,5.71966886520386,752.602294921875,6.62353706359863,,,0,0,1,
"Trinidad and Tobago",193,1940,53,3.97029185295105,,476,6.16541767120361,357.501953125,5.87914085388184,751.054504394531,6.62147808074951,,,0,0,1,
"Trinidad and Tobago",193,1950,59.0999984741211,4.07923078536987,,632,6.44888925552368,2322,7.75018405914307,3674.05053710938,8.20905017852783,,,0,0,1,
"Trinidad and Tobago",193,1960,63.6726837158203,4.15375566482544,,841.150024414062,6.73476982116699,5258,8.56750583648682,6250.9658203125,8.74049091339111,,,0,0,1,
"Trinidad and Tobago",193,1970,65.3551254272461,4.1798357963562,0,955,6.8617115020752,7873,8.97119426727295,8243.9794921875,9.01723861694336,,,0,0,1,
"Trinidad and Tobago",193,1980,68.0390243530273,4.2200813293457,0,1090.51293945312,6.99440336227417,13501,9.51051902770996,12380.412109375,9.42387104034424,,,0,0,1,
"Trinidad and Tobago",193,1990,71.1126861572266,4.26426553726196,0,1198.40295410156,7.0887451171875,11110,9.31560134887695,9270.6708984375,9.13461112976074,,,0,0,1,
"Trinidad and Tobago",193,2000,72.7018508911133,4.28636693954468,0,1125.06604003906,7.0255970954895,15299,9.63554286956787,13598.3134765625,9.51770114898682,,,0,0,1,
"Tunisia",194,1900,24,3.178053855896,,,,,,,,,,0,0,0,
"Tunisia",194,1910,,,,,,,,,,,,0,0,0,
"Tunisia",194,1920,,,,,,,,,,,,0,0,0,
"Tunisia",194,1930,38.9700012207031,3.66279220581055,,,,,,,,,,0,0,0,
"Tunisia",194,1940,38.9700012207031,3.66279220581055,,,,,,,,,,0,0,0,
"Tunisia",194,1950,44.5999984741211,3.79773378372192,,3517.2099609375,8.16542339324951,3920.26904296875,8.27391529083252,1114.59631347656,7.01624774932861,,,0,0,0,
"Tunisia",194,1960,48.5878067016602,3.88337254524231,,4149.1572265625,8.33066082000732,5570.70263671875,8.62527656555176,1342.61071777344,7.20237112045288,,,0,0,0,
"Tunisia",194,1970,54.1878051757812,3.99245595932007,0,5098.626953125,8.53672695159912,9314.5595703125,9.13933372497559,1826.8759765625,7.51036262512207,,,0,0,0,
"Tunisia",194,1980,62.4146347045898,4.13379955291748,0,6443.18310546875,8.77077770233154,18966.26171875,9.850417137146,2943.61694335938,7.98739433288574,,,0,0,0,
"Tunisia",194,1990,68.0839004516602,4.2207407951355,0,8206.9404296875,9.01273536682129,27387,10.2178239822388,3337.0537109375,8.11284351348877,,,0,0,0,
"Tunisia",194,2000,72.001953125,4.27669334411621,0,9593.40234375,9.16883087158203,43537,10.6813659667969,4538.22314453125,8.42029094696045,,,0,0,0,
"Turkey",195,1900,24,3.178053855896,,,,,,,,,,0,1,0,
"Turkey",195,1910,,,,,,,,,,,,0,1,0,
"Turkey",195,1920,,,,,,,,,,,,0,1,0,
"Turkey",195,1930,,,,14928,9.61099433898926,18649,9.83354759216309,1249.26318359375,7.13030910491943,,,0,1,0,
"Turkey",195,1940,,,0.603016674518585,17821,9.7881326675415,29855,10.3041076660156,1675.27075195312,7.42372989654541,,,0,1,0,
"Turkey",195,1950,43.5999984741211,3.77505707740784,0.206436097621918,21121.638671875,9.95805358886719,34279,10.4422883987427,1622.93273925781,7.39199018478394,,,0,1,0,
"Turkey",195,1960,50.4804878234863,3.92158699035645,0.13997220993042,28217.12109375,10.2476844787598,63417,11.057487487793,2247.46508789062,7.71755838394165,,,0,1,0,
"Turkey",195,1970,56.7048797607422,4.03786039352417,0,35758.3828125,10.4845399856567,110071,11.6088809967041,3078.18725585938,8.03209590911865,,,0,1,0,
"Turkey",195,1980,61.424388885498,4.11780691146851,0,45120.80078125,10.717098236084,181165,12.1071634292603,4015.1103515625,8.29782009124756,,,0,1,0,
"Turkey",195,1990,66.0751190185547,4.19079208374023,0,56084.6328125,10.9346170425415,305395,12.6293611526489,5445.2529296875,8.60249996185303,,,0,1,0,
"Turkey",195,2000,69.2570724487305,4.23782539367676,0,65666.6796875,11.0923471450806,433220,12.9790010452271,6597.2578125,8.79440975189209,,,0,1,0,
"TAIWAN",196,1900,24,3.178053855896,,2864,7.95997476577759,,,,,,,0,0,1,
"TAIWAN",196,1910,,,,3275,8.09407329559326,,,,,,,0,0,1,
"TAIWAN",196,1920,,,,3736,8.22577095031738,3581,8.18339729309082,958.511779785156,6.86538171768188,,,0,0,1,
"TAIWAN",196,1930,40.9500007629395,3.71235179901123,,4614,8.43685054779053,5073,8.53168773651123,1099.47985839844,7.00259256362915,,,0,0,1,
"TAIWAN",196,1940,41,3.71357202529907,,5987,8.69734573364258,8064,8.99516487121582,1346.91833496094,7.20557451248169,,,0,0,1,
"TAIWAN",196,1950,,,,7981.4541015625,8.98487567901611,7378,8.90625762939453,924.392944335938,6.82913732528687,,,0,0,1,
"TAIWAN",196,1960,,,,11209.16015625,9.32448673248291,16725,9.72465991973877,1492.08325195312,7.30792856216431,,,0,0,1,
"TAIWAN",196,1970,,,0,14598.31640625,9.58866119384766,43509,10.6807231903076,2980.41235351562,7.99981689453125,,,0,0,1,
"TAIWAN",196,1980,,,0,17848.3203125,9.78966426849365,104753,11.5593605041504,5869.06787109375,8.67745113372803,,,0,0,1,
"TAIWAN",196,1990,,,0,20278.95703125,9.91733932495117,200477,12.2084550857544,9885.9619140625,9.19887065887451,,,0,0,1,
"TAIWAN",196,2000,,,0,22151.236328125,10.0056486129761,368635,12.8175621032715,16641.734375,9.71966934204102,,,0,0,1,
"Tanzania",197,1900,24,3.178053855896,,,,,,,,,,0,0,0,
"Tanzania",197,1910,,,,,,,,,,,,0,0,0,
"Tanzania",197,1920,,,,,,,,,,,,0,0,0,
"Tanzania",197,1930,,,,,,,,,,,,0,0,0,
"Tanzania",197,1940,,,,,,,,,,,,0,0,0,
"Tanzania",197,1950,37,3.61091780662537,,7934.923828125,8.97902870178223,3362.13598632812,8.12033176422119,423.713684082031,6.04905796051025,,,0,0,0,
"Tanzania",197,1960,40.7214622497559,3.70675539970398,,10259.6533203125,9.23597431182861,4710.3525390625,8.45751762390137,459.114196777344,6.12929916381836,,,0,0,0,
"Tanzania",197,1970,45.5009765625,3.81773376464844,0,13842.2080078125,9.53547763824463,7847.22509765625,8.96791553497314,566.905578613281,6.3401927947998,,,0,0,0,
"Tanzania",197,1980,49.9770736694336,3.91156435012817,0,18915.03515625,9.84771251678467,11216.0849609375,9.32510375976562,592.971923828125,6.38514709472656,,,0,0,0,
"Tanzania",197,1990,50.0541458129883,3.91310524940491,0,25651.154296875,10.15234375,13852,9.5361852645874,540.0146484375,6.29159641265869,,,0,0,0,
"Tanzania",197,2000,47.1541481018066,3.85342192649841,0,33767.56640625,10.4272556304932,17694,9.78098106384277,523.993896484375,6.26147985458374,,,0,0,0,
"United Arab Emirates",198,1900,,,,,,,,,,,,0,0,0,
"United Arab Emirates",198,1910,,,,,,,,,,,,0,0,0,
"United Arab Emirates",198,1920,,,,,,,,,,,,0,0,0,
"United Arab Emirates",198,1930,,,,,,,,,,,,0,0,0,
"United Arab Emirates",198,1940,,,,,,,,,,,,0,0,0,
"United Arab Emirates",198,1950,,,,71.5199966430664,4.26997709274292,1129.84130859375,7.02983236312866,15797.5576171875,9.66761016845703,,,0,0,0,
"United Arab Emirates",198,1960,,,,103.047996520996,4.63519477844238,2311.65551757812,7.74571895599365,22432.802734375,10.0182800292969,,,0,0,0,
"United Arab Emirates",198,1970,,,0,249.369003295898,5.51893377304077,6122.6103515625,8.7197437286377,24552.412109375,10.1085653305054,,,0,0,0,
"United Arab Emirates",198,1980,,,0,1000.28497314453,6.90804004669189,27717.267578125,10.2298107147217,27709.37109375,10.2295255661011,,,0,0,0,
"United Arab Emirates",198,1990,,,0,1950.7919921875,7.57599067687988,25496,10.146276473999,13069.5634765625,9.47804164886475,,,0,0,0,
"United Arab Emirates",198,2000,,,0,2369.15307617188,7.77028799057007,39233,10.5772733688354,16559.92578125,9.71474075317383,,,0,0,0,
"Uganda",199,1900,24,3.178053855896,,,,,,,,,,0,0,0,
"Uganda",199,1910,,,,,,,,,,,,0,0,0,
"Uganda",199,1920,,,,,,,,,,,,0,0,0,
"Uganda",199,1930,,,,,,,,,,,,0,0,0,
"Uganda",199,1940,,,,,,,,,,,,0,0,0,
"Uganda",199,1950,40,3.68887948989868,,5521.7578125,8.61645126342773,3792.64208984375,8.24081802368164,686.854125976562,6.53212213516235,,,0,0,0,
"Uganda",199,1960,44.0609741210938,3.78557443618774,,7261.86181640625,8.89039134979248,5176.95654296875,8.55197238922119,712.896545410156,6.56933641433716,,,0,0,0,
"Uganda",199,1970,49.7522430419922,3.90705561637878,0,9728.2265625,9.18278694152832,8450.0068359375,9.0419225692749,868.607055664062,6.76689100265503,,,0,0,0,
"Uganda",199,1980,48.4475593566895,3.88048195838928,0,12297.8056640625,9.41717624664307,7099.826171875,8.86782550811768,577.324584960938,6.35840463638306,,,0,0,0,
"Uganda",199,1990,46.7532691955566,3.84488415718079,0,17241.900390625,9.75509738922119,10206,9.23073101043701,591.930114746094,6.38338851928711,,,0,0,0,
"Uganda",199,2000,41.825366973877,3.73350310325623,0,23495.923828125,10.0645818710327,18518,9.82649898529053,788.13671875,6.66967153549194,,,0,0,0,
"Ukraine",200,1900,32,3.465735912323,,,,,,,,,,0,0,0,
"Ukraine",200,1910,,,,,,,,,,,,0,0,0,
"Ukraine",200,1920,,,,,,,,,,,,0,0,0,
"Ukraine",200,1930,,,,,,,,,,,,0,0,0,
"Ukraine",200,1940,,,,,,,,,,,,0,0,0,
"Ukraine",200,1950,66.9000015258789,4.20319890975952,,,,,,,,,,0,0,0,
"Ukraine",200,1960,69.3219528198242,4.23876142501831,,,,,,,,,,0,0,0,
"Ukraine",200,1970,69.8297576904297,4.24606037139893,0,,,,,,,,,0,0,0,
"Ukraine",200,1980,69.1853637695312,4.23678922653198,0,,,,,,,,,0,0,0,
"Ukraine",200,1990,70.136589050293,4.25044441223145,0,,,,,,,,,0,0,0,
"Ukraine",200,2000,67.2992172241211,4.20914840698242,0,,,,,,,,,0,0,0,
"Uruguay",201,1900,35,3.55534815788269,,915,6.81892395019531,2030,7.61579084396362,2218.57934570312,7.70462226867676,1,1,0,1,0,0
"Uruguay",201,1910,,,,1081,6.98564195632935,3390,8.12858486175537,3135.98510742188,8.05069828033447,1,1,0,1,0,0
"Uruguay",201,1920,,,,1371,7.22329568862915,3666,8.2068567276001,2673.96069335938,7.89131593704224,1,1,0,1,0,0
"Uruguay",201,1930,52.5999984741211,3.9627161026001,,1713,7.4460015296936,7368,8.9049015045166,4301.22607421875,8.36665534973145,1,1,0,1,0,0
"Uruguay",201,1940,56.5,4.03424072265625,0.334100008010864,1965,7.58324766159058,7193,8.88086318969727,3660.55981445312,8.20537090301514,1,1,0,1,0,0
"Uruguay",201,1950,66.0999984741211,4.19116878509521,0.0978724882006645,2194.27490234375,7.69360685348511,10224,9.23249340057373,4659.39794921875,8.44664192199707,1,1,0,1,0,0
"Uruguay",201,1960,67.9558029174805,4.21885776519775,0.0797495096921921,2530.96899414062,7.83635759353638,12554,9.43779468536377,4960.15576171875,8.50919246673584,1,1,0,1,0,0
"Uruguay",201,1970,68.7505340576172,4.23048448562622,0,2823.65893554688,7.94578886032104,14638,9.59137630462646,5184.0537109375,8.55334281921387,1,1,0,1,0,0
"Uruguay",201,1980,70.4263381958008,4.25456714630127,0,2919.85107421875,7.97928810119629,19205,9.86292552947998,6577.390625,8.7913932800293,1,1,0,1,0,0
"Uruguay",201,1990,72.618537902832,4.2852201461792,0,3105.708984375,8.04099750518799,20105,9.90872383117676,6473.56201171875,8.77548217773438,1,1,0,1,0,0
"Uruguay",201,2000,73.7712173461914,4.30096864700317,0,3334.07397460938,8.1119499206543,26203,10.1736288070679,7859.15380859375,8.96943378448486,1,1,0,1,0,0
"United States",202,1900,47,3.85014748573303,,76391,11.2436199188232,312499.34375,12.6523580551147,4090.78735351562,8.31649303436279,1,1,1,0,0,0
"United States",202,1910,,,,92767,11.4378461837769,460470.875,13.0400047302246,4963.73583984375,8.50991439819336,1,1,1,0,0,0
"United States",202,1920,51.5499992370605,3.94255208969116,,106881,11.5794715881348,593438.3125,13.2936887741089,5552.3271484375,8.62197208404541,1,1,1,0,0,0
"United States",202,1930,59.4000015258789,4.08429431915283,,123668,11.7253561019897,768313.75,13.5519533157349,6212.712890625,8.73435306549072,1,1,1,0,0,0
"United States",202,1940,63.7999992370605,4.15575313568115,0.132375553250313,132637,11.795371055603,929737.25,13.742657661438,7009.63720703125,8.85504150390625,1,1,1,0,0,0
"United States",202,1950,69,4.23410654067993,0.0392911098897457,152271,11.9334173202515,1455916,14.1911458969116,9561.34765625,9.16548442840576,1,1,1,0,0,0
"United States",202,1960,69.7707290649414,4.24521446228027,0.0332425460219383,180671,12.1044330596924,2046727,14.5317525863647,11328.4755859375,9.33507442474365,1,1,1,0,0,0
"United States",202,1970,70.8073196411133,4.25996255874634,0,205052,12.2310190200806,3081900,14.9410572052002,15029.845703125,9.61779308319092,1,1,1,0,0,0
"United States",202,1980,73.6585388183594,4.29943990707397,0,227726.46875,12.3359003067017,4230558,15.2578449249268,18577.3671875,9.82969951629639,1,1,1,0,0,0
"United States",202,1990,75.2146377563477,4.32034587860107,0,250131.890625,12.4297437667847,5803200,15.573920249939,23200.560546875,10.0519313812256,1,1,1,0,0,0
"United States",202,2000,76.5063400268555,4.33737373352051,0,282338.625,12.5508623123169,7941969,15.8876714706421,28129.232421875,10.2445650100708,1,1,1,0,0,0
"Uzbekistan",203,1900,,,,,,,,,,,,0,0,0,
"Uzbekistan",203,1910,,,,,,,,,,,,0,0,0,
"Uzbekistan",203,1920,,,,,,,,,,,,0,0,0,
"Uzbekistan",203,1930,,,,,,,,,,,,0,0,0,
"Uzbekistan",203,1940,,,,,,,,,,,,0,0,0,
"Uzbekistan",203,1950,56.4000015258789,4.03246927261353,,,,,,,,,,0,0,0,
"Uzbekistan",203,1960,,,,,,,,,,,,0,0,0,
"Uzbekistan",203,1970,,,0,,,,,,,,,0,0,0,
"Uzbekistan",203,1980,67.2682952880859,4.20868921279907,0,,,,,,,,,0,0,0,
"Uzbekistan",203,1990,69.1731719970703,4.23661327362061,0,,,,,,,,,0,0,0,
"Uzbekistan",203,2000,69.3629302978516,4.23935270309448,0,,,,,,,,,0,0,0,
"St. Vincent and the Grenadines",204,1900,35,3.55534815788269,,,,,,,,,,0,0,0,
"St. Vincent and the Grenadines",204,1910,,,,,,,,,,,,0,0,0,
"St. Vincent and the Grenadines",204,1920,,,,,,,,,,,,0,0,0,
"St. Vincent and the Grenadines",204,1930,,,,,,,,,,,,0,0,0,
"St. Vincent and the Grenadines",204,1940,,,,,,,,,,,,0,0,0,
"St. Vincent and the Grenadines",204,1950,,,,,,,,,,,,0,0,0,
"St. Vincent and the Grenadines",204,1960,59.0365867614746,4.07815742492676,,,,,,,,,,0,0,0,
"St. Vincent and the Grenadines",204,1970,63.0170745849609,4.14340591430664,0,,,,,,,,,0,0,0,
"St. Vincent and the Grenadines",204,1980,,,0,,,,,,,,,0,0,0,
"St. Vincent and the Grenadines",204,1990,70.4622955322266,4.25507783889771,0,,,,,,,,,0,0,0,
"St. Vincent and the Grenadines",204,2000,73.1029281616211,4.29186820983887,0,,,,,,,,,0,0,0,
"Venezuela, RB",205,1900,35,3.55534815788269,,2542,7.84070634841919,2087.44995117188,7.64369869232178,821.184143066406,6.71074724197388,1,1,0,1,0,1
"Venezuela, RB",205,1910,,,,2805,7.93915891647339,2484.00219726562,7.81762647628784,885.562255859375,6.7862229347229,1,1,0,1,0,1
"Venezuela, RB",205,1920,,,,2992,8.00369739532471,3508.69262695312,8.16299915313721,1172.69140625,7.06705665588379,1,1,0,1,0,1
"Venezuela, RB",205,1930,,,,3300,8.10167789459229,11366.7685546875,9.33844947814941,3444.47534179688,8.14452648162842,1,1,0,1,0,1
"Venezuela, RB",205,1940,33.9000015258789,3.52341508865356,0.485650032758713,3784,8.2385368347168,15306.91015625,9.63605976104736,4045.16650390625,8.30527782440186,1,1,0,1,0,1
"Venezuela, RB",205,1950,55.0999984741211,4.0091495513916,0.149066433310509,5009.005859375,8.51899242401123,37377,10.5288105010986,7461.95947265625,8.91757297515869,1,1,0,1,0,1
"Venezuela, RB",205,1960,59.8297576904297,4.09150314331055,0.0945670381188393,7556.48291015625,8.93016147613525,72889,11.1966934204102,9645.8896484375,9.17428684234619,1,1,0,1,0,1
"Venezuela, RB",205,1970,65.116584777832,4.1761794090271,0,10758.0166015625,9.28340625762939,114807,11.6510076522827,10671.7626953125,9.27535629272461,1,1,0,1,0,1
"Venezuela, RB",205,1980,68.3380508422852,4.2244668006897,0,14767.8896484375,9.60021018981934,149735,11.9166221618652,10139.2275390625,9.22416687011719,1,1,0,1,0,1
"Venezuela, RB",205,1990,71.249267578125,4.26618432998657,0,19325.22265625,9.86916637420654,160648,11.9869709014893,8312.8671875,9.025559425354,1,1,0,1,0,1
"Venezuela, RB",205,2000,72.9702453613281,4.29005193710327,0,23542.6484375,10.0665693283081,198105,12.1965522766113,8414.728515625,9.03773880004883,1,1,0,1,0,1
"Virgin Islands (U.S.)",206,1900,,,,,,,,,,,,0,0,0,
"Virgin Islands (U.S.)",206,1910,,,,,,,,,,,,0,0,0,
"Virgin Islands (U.S.)",206,1920,,,,,,,,,,,,0,0,0,
"Virgin Islands (U.S.)",206,1930,,,,,,,,,,,,0,0,0,
"Virgin Islands (U.S.)",206,1940,,,,,,,,,,,,0,0,0,
"Virgin Islands (U.S.)",206,1950,,,,,,,,,,,,0,0,0,
"Virgin Islands (U.S.)",206,1960,,,,,,,,,,,,0,0,0,
"Virgin Islands (U.S.)",206,1970,,,0,,,,,,,,,0,0,0,
"Virgin Islands (U.S.)",206,1980,,,0,,,,,,,,,0,0,0,
"Virgin Islands (U.S.)",206,1990,74.0851211547852,4.30521488189697,0,,,,,,,,,0,0,0,
"Virgin Islands (U.S.)",206,2000,76.99853515625,4.34378623962402,0,,,,,,,,,0,0,0,
"Vietnam",207,1900,24,3.178053855896,,,,,,,,,,0,0,0,
"Vietnam",207,1910,,,,,,,,,,,,0,0,0,
"Vietnam",207,1920,,,,,,,,,,,,0,0,0,
"Vietnam",207,1930,26.9099998474121,3.29249787330627,,,,,,,,,,0,0,0,
"Vietnam",207,1940,26.9099998474121,3.29249787330627,,,,,,,,,,0,0,0,
"Vietnam",207,1950,40.4000015258789,3.69882988929749,,25348.14453125,10.1404609680176,16681,9.72202587127686,658.075805664062,6.48932027816772,,,0,0,0,
"Vietnam",207,1960,44.7419509887695,3.80091166496277,,31656.28125,10.3626918792725,25297,10.1384410858154,799.114685058594,6.68350458145142,,,0,0,0,
"Vietnam",207,1970,55.3302421569824,4.01331949234009,0,42576.67578125,10.6590614318848,31295,10.3512134552002,735.02685546875,6.59990692138672,,,0,0,0,
"Vietnam",207,1980,63.1941452026367,4.14621162414551,0,53660.91015625,10.8904399871826,40671,10.6132707595825,757.926025390625,6.63058567047119,,,0,0,0,
"Vietnam",207,1990,66.5799026489258,4.19840288162231,0,66637.25,11.1070194244385,68959,11.1412677764893,1034.84167480469,6.94200372695923,,,0,0,0,
"Vietnam",207,2000,68.3718032836914,4.22496032714844,0,78517.578125,11.2710781097412,140548,11.8533039093018,1790.01940917969,7.48998165130615,,,0,0,0,
"Vanuatu",208,1900,,,,,,,,,,,,0,0,0,
"Vanuatu",208,1910,,,,,,,,,,,,0,0,0,
"Vanuatu",208,1920,,,,,,,,,,,,0,0,0,
"Vanuatu",208,1930,,,,,,,,,,,,0,0,0,
"Vanuatu",208,1940,,,,,,,,,,,,0,0,0,
"Vanuatu",208,1950,42,3.7376697063446,,,,,,,,,,0,0,0,
"Vanuatu",208,1960,,,,,,,,,,,,0,0,0,
"Vanuatu",208,1970,,,0,,,,,,,,,0,0,0,
"Vanuatu",208,1980,,,0,,,,,,,,,0,0,0,
"Vanuatu",208,1990,61.2717056274414,4.11531829833984,0,,,,,,,,,0,0,0,
"Vanuatu",208,2000,65.0043869018555,4.17445468902588,0,,,,,,,,,0,0,0,
"West Bank and Gaza",209,1900,,,,,,,,,,,,0,0,0,
"West Bank and Gaza",209,1910,,,,,,,,,,,,0,0,0,
"West Bank and Gaza",209,1920,,,,,,,,,,,,0,0,0,
"West Bank and Gaza",209,1930,,,,,,,,,,,,0,0,0,
"West Bank and Gaza",209,1940,,,,,,,,,,,,0,0,0,
"West Bank and Gaza",209,1950,,,,,,,,,,,,0,0,0,
"West Bank and Gaza",209,1960,,,,,,,,,,,,0,0,0,
"West Bank and Gaza",209,1970,,,0,,,,,,,,,0,0,0,
"West Bank and Gaza",209,1980,,,0,,,,,,,,,0,0,0,
"West Bank and Gaza",209,1990,,,0,,,,,,,,,0,0,0,
"West Bank and Gaza",209,2000,71.4958572387695,4.26963949203491,0,,,,,,,,,0,0,0,
"",210,1900,,,,,,,,,,,,0,0,0,
"",210,1910,,,,,,,,,,,,0,0,0,
"",210,1920,,,,,,,,,,,,0,0,0,
"",210,1930,,,,,,,,,,,,0,0,0,
"",210,1940,,,,,,,,,,,,0,0,0,
"",210,1950,,,,,,,,,,,,0,0,0,
"",210,1960,,,,,,,,,,,,0,0,0,
"",210,1970,,,0,,,,,,,,,0,0,0,
"",210,1980,,,0,,,,,,,,,0,0,0,
"",210,1990,,,0,,,,,,,,,0,0,0,
"",210,2000,,,0,,,,,,,,,0,0,0,
"Samoa",211,1900,,,,,,,,,,,,0,0,0,
"Samoa",211,1910,,,,,,,,,,,,0,0,0,
"Samoa",211,1920,,,,,,,,,,,,0,0,0,
"Samoa",211,1930,,,,,,,,,,,,0,0,0,
"Samoa",211,1940,,,,,,,,,,,,0,0,0,
"Samoa",211,1950,44,3.78418970108032,,,,,,,,,,0,0,0,
"Samoa",211,1960,,,,,,,,,,,,0,0,0,
"Samoa",211,1970,,,0,,,,,,,,,0,0,0,
"Samoa",211,1980,62.8292694091797,4.14042091369629,0,,,,,,,,,0,0,0,
"Samoa",211,1990,66.2912216186523,4.19405746459961,0,,,,,,,,,0,0,0,
"Samoa",211,2000,68.7419509887695,4.23035955429077,0,,,,,,,,,0,0,0,
"Yemen, Rep.",212,1900,24,3.178053855896,,,,,,,,,,0,0,0,
"Yemen, Rep.",212,1910,,,,,,,,,,,,0,0,0,
"Yemen, Rep.",212,1920,,,,,,,,,,,,0,0,0,
"Yemen, Rep.",212,1930,,,,,,,,,,,,0,0,0,
"Yemen, Rep.",212,1940,,,,,,,,,,,,0,0,0,
"Yemen, Rep.",212,1950,32.0999984741211,3.4688560962677,,4777.0888671875,8.47158622741699,4353.03173828125,8.37862777709961,911.231079101562,6.81479644775391,,,0,0,0,
"Yemen, Rep.",212,1960,36.3156089782715,3.59224772453308,,5871.8310546875,8.67792224884033,5660.10400390625,8.64119720458984,963.94189453125,6.87103080749512,,,0,0,0,
"Yemen, Rep.",212,1970,41.3439025878906,3.7219250202179,0,7098.23876953125,8.86760234832764,8730.60546875,9.07458972930908,1229.9677734375,7.11474323272705,,,0,0,0,
"Yemen, Rep.",212,1980,48.5219497680664,3.8820161819458,0,9132.544921875,9.11959934234619,20917.6796875,9.94834995269775,2290.45458984375,7.73650550842285,,,0,0,0,
"Yemen, Rep.",212,1990,52.1800003051758,3.95469927787781,0,12416.080078125,9.42674732208252,28212,10.2475023269653,2272.21484375,7.72851037979126,,,0,0,0,
"Yemen, Rep.",212,2000,55.5180473327637,4.01670837402344,0,17479.205078125,9.76876735687256,45229,10.7194938659668,2587.5888671875,7.85848188400269,,,0,0,0,
"Yugoslavia",213,1900,32,3.465735912323,,11174,9.32134532928467,10079,9.2182092666626,902.004638671875,6.80461978912354,,,0,0,0,
"Yugoslavia",213,1910,,,,13052,9.47669696807861,13795,9.53206157684326,1056.92614746094,6.9631199836731,,,0,0,0,
"Yugoslavia",213,1920,,,,12422,9.42722415924072,12810,9.45798110961914,1031.23486328125,6.93851232528687,,,0,0,0,
"Yugoslavia",213,1930,49.7999992370605,3.90801501274109,,14407,9.57546901702881,18995,9.85193061828613,1318.45629882812,7.18421697616577,,,0,0,0,
"Yugoslavia",213,1940,49.7999992370605,3.90801501274109,,,,,,,,,,0,0,0,
"Yugoslavia",213,1950,58.0999984741211,4.0621657371521,,16297.53125,9.69876861572266,25277.1875,10.1376571655273,1550.98266601562,7.34664392471313,,,0,0,0,
"Yugoslavia",213,1960,63.3331718444824,4.14840936660767,,18132.521484375,9.80546283721924,44189.6171875,10.6962451934814,2437.03637695312,7.79853820800781,,,0,0,0,
"Yugoslavia",213,1970,67.9356079101562,4.21856021881104,0,19839.732421875,9.89544200897217,74488.6640625,11.2184019088745,3754.51977539062,8.23071575164795,,,0,0,0,
"Yugoslavia",213,1980,70.1526794433594,4.25067377090454,0,21615,9.9811429977417,131058.09375,11.7833957672119,6063.29345703125,8.71000862121582,,,0,0,0,
"Yugoslavia",213,1990,71.636589050293,4.27160596847534,0,22487.8984375,10.0207328796387,129953,11.7749280929565,5778.796875,8.66195106506348,,,0,0,0,
"Yugoslavia",213,2000,72.2082901000977,4.27955484390259,0,22749.7890625,10.0323114395142,96878,11.4812078475952,4258.4130859375,8.35665225982666,,,0,0,0,
"South Africa",214,1900,24,3.178053855896,,,,,,,,,,0,0,0,
"South Africa",214,1910,,,,,,,,,,,,0,0,0,
"South Africa",214,1920,,,,,,,,,,,,0,0,0,
"South Africa",214,1930,42,3.7376697063446,,,,,,,,,,0,0,0,
"South Africa",214,1940,41.5,3.72569346427917,,,,,,,,,,0,0,0,
"South Africa",214,1950,45,3.80666255950928,,13595.83984375,9.51751899719238,34464.71875,10.4476919174194,2534.94604492188,7.83792781829834,,,0,0,0,
"South Africa",214,1960,49.1560974121094,3.89500093460083,,17416.65234375,9.76518249511719,52972.2734375,10.8775243759155,3041.47265625,8.02009677886963,,,0,0,0,
"South Africa",214,1970,53.131706237793,3.9727737903595,0,22739.921875,10.0318775177002,91986.3359375,11.4293956756592,4045.14770507812,8.30527305603027,,,0,0,0,
"South Africa",214,1980,57.1268310546875,4.04527378082275,0,29251.587890625,10.2836894989014,128415.546875,11.7630271911621,4390.03662109375,8.38709259033203,,,0,0,0,
"South Africa",214,1990,61.926830291748,4.12595367431641,0,37191.45703125,10.5238342285156,147509,11.9016447067261,3966.20654296875,8.28556537628174,,,0,0,0,
"South Africa",214,2000,63.3551216125488,4.14875555038452,0,42351.34375,10.6537551879883,175305,12.0742826461792,4139.3017578125,8.32828235626221,,,0,0,0,
"Congo, Dem. Rep.",215,1900,24,3.178053855896,,,,,,,,,,0,0,0,
"Congo, Dem. Rep.",215,1910,,,,,,,,,,,,0,0,0,
"Congo, Dem. Rep.",215,1920,,,,,,,,,,,,0,0,0,
"Congo, Dem. Rep.",215,1930,,,,,,,,,,,,0,0,0,
"Congo, Dem. Rep.",215,1940,,,,,,,,,,,,0,0,0,
"Congo, Dem. Rep.",215,1950,39.0999984741211,3.66612243652344,,13568.76171875,9.51552581787109,7730.69482421875,8.95295429229736,569.742065429688,6.34518384933472,,,0,0,0,
"Congo, Dem. Rep.",215,1960,41.3609771728516,3.7223379611969,,16462.4765625,9.70883941650391,12423.2265625,9.42732334136963,754.638916015625,6.62623929977417,,,0,0,0,
"Congo, Dem. Rep.",215,1970,45.1609764099121,3.81023335456848,0,21394.533203125,9.97089099884033,16736.953125,9.72537422180176,782.300476074219,6.66223907470703,,,0,0,0,
"Congo, Dem. Rep.",215,1980,48.9668273925781,3.89114308357239,0,28128.533203125,10.2445402145386,17355.41015625,9.76165962219238,617.003723144531,6.42487525939941,,,0,0,0,
"Congo, Dem. Rep.",215,1990,51.5463409423828,3.94248127937317,0,37969.4765625,10.5445375442505,19922,9.89958000183105,524.684631347656,6.26279735565186,,,0,0,0,
"Congo, Dem. Rep.",215,2000,50.822437286377,3.92833805084229,0,51809.828125,10.8553352355957,11286.1552734375,9.33133220672607,217.838104248047,5.38375234603882,,,0,0,0,
"Zambia",216,1900,24,3.178053855896,,,,,,,,,,0,0,0,
"Zambia",216,1910,,,,,,,,,,,,0,0,0,
"Zambia",216,1920,,,,,,,,,,,,0,0,0,
"Zambia",216,1930,,,,,,,,,,,,0,0,0,
"Zambia",216,1940,,,,,,,,,,,,0,0,0,
"Zambia",216,1950,37.7999992370605,3.63230919837952,,2553,7.84502458572388,1687.30322265625,7.43088674545288,660.910034179688,6.49361753463745,,,0,0,0,
"Zambia",216,1960,41.7814636230469,3.73245286941528,,3254,8.0876407623291,3123.1982421875,8.04661273956299,959.802795410156,6.86672782897949,,,0,0,0,
"Zambia",216,1970,46.4902420043945,3.83924245834351,0,4251.61181640625,8.35505390167236,4562.4677734375,8.42561912536621,1073.11486816406,6.97832059860229,,,0,0,0,
"Zambia",216,1980,50.4570732116699,3.92112302780151,0,5699.77685546875,8.6481819152832,5190.14501953125,8.55451679229736,910.587341308594,6.81408977508545,,,0,0,0,
"Zambia",216,1990,49.1482925415039,3.89484214782715,0,7875.64111328125,8.97152996063232,6432,8.76904106140137,816.695434570312,6.70526647567749,,,0,0,0,
"Zambia",216,2000,42.5614624023438,3.7509491443634,0,9798.529296875,9.18998718261719,6529,8.78400897979736,666.324523925781,6.50177669525146,,,0,0,0,
"Zimbabwe",217,1900,24,3.178053855896,,,,,,,,,,0,0,0,
"Zimbabwe",217,1910,,,,,,,,,,,,0,0,0,
"Zimbabwe",217,1920,,,,,,,,,,,,0,0,0,
"Zimbabwe",217,1930,,,,,,,,,,,,0,0,0,
"Zimbabwe",217,1940,,,,,,,,,,,,0,0,0,
"Zimbabwe",217,1950,41.5,3.72569346427917,,2853.15087890625,7.95617914199829,2000,7.60090255737305,700.979370117188,6.55247831344604,,,0,0,0,
"Zimbabwe",217,1960,45.4609756469727,3.81685423851013,,4010.93310546875,8.29677963256836,3762,8.23270606994629,937.936401367188,6.84368228912354,,,0,0,0,
"Zimbabwe",217,1970,50.5082931518555,3.92213749885559,0,5514.5361328125,8.61514282226562,7072,8.86389827728271,1282.42883300781,7.1565113067627,,,0,0,0,
"Zimbabwe",217,1980,54.8946342468262,4.00541543960571,0,7169.9677734375,8.87765693664551,9288,9.13647842407227,1295.4033203125,7.16657733917236,,,0,0,0,
"Zimbabwe",217,1990,56.1551208496094,4.02811765670776,0,10154.052734375,9.22562789916992,13766,9.52995681762695,1355.71484375,7.21208429336548,,,0,0,0,
"Zimbabwe",217,2000,50.9453659057617,3.93075370788574,0,12185.931640625,9.40803718566895,15604,9.65528297424316,1280.49291992188,7.15500020980835,,,0,0,0,
"",81,1985,,,0,,,,,,,,,,,,
"",167,1945,,,,,,,,,,,,,,,
"",57,1955,,,,,,,,,,,,,,,
"",129,1965,,,0,,,,,,,,,,,,
"",154,1932,,,,,,,,,,,,,,,
"",39,1995,,,0,,,,,,,,,,,,
"",188,1965,,,0,,,,,,,,,,,,
"",207,1985,,,0,,,,,,,,,,,,
"",127,1975,,,0,,,,,,,,,,,,
"",112,1975,,,0,,,,,,,,,,,,
"",,,,,0,,,,,,,,,0,0,0,
"",148,1915,,,,,,,,,,,,,,,
"",189,1925,,,,,,,,,,,,,,,
"",215,1955,,,,,,,,,,,,,,,
"",,,,,0,,,,,,,,,0,0,0,
"",173,1985,,,0,,,,,,,,,,,,
"",199,1985,,,0,,,,,,,,,,,,
"",14,1945,,,,,,,,,,,,,,,
"",112,1965,,,0,,,,,,,,,,,,
"",213,1995,,,0,,,,,,,,,,,,
"",,,,,0,,,,,,,,,0,0,0,
"",158,1932,,,,,,,,,,,,,,,
"",3,1995,,,0,,,,,,,,,,,,
"",,1915,,,,,,,,,,,,,,,
"",19,1915,,,,,,,,,,,,,,,
"",212,1975,,,0,,,,,,,,,,,,
"",136,1995,,,0,,,,,,,,,,,,
"",71,1955,,,,,,,,,,,,,,,
"",,,,,0,,,,,,,,,0,0,0,
"",211,1955,,,,,,,,,,,,,,,
"",13,1975,,,0,,,,,,,,,,,,
"",53,1995,,,0,,,,,,,,,,,,
"",75,1965,,,0,,,,,,,,,,,,
"",201,1975,,,0,,,,,,,,,,,,
"",,,,,0,,,,,,,,,0,0,0,
"",173,1925,,,,,,,,,,,,,,,
"",116,1995,,,0,,,,,,,,,,,,
"",201,1965,,,0,,,,,,,,,,,,
"",116,1905,,,,,,,,,,,,,,,
"",49,1945,,,,,,,,,,,,,,,
"",,,,,0,,,,,,,,,0,0,0,
"",159,1932,,,,,,,,,,,,,,,
"",167,1915,,,,,,,,,,,,,,,
"",81,1925,,,,,,,,,,,,,,,
"",,,,,0,,,,,,,,,0,0,0,
"",131,1995,,,0,,,,,,,,,,,,
"",,,,,0,,,,,,,,,0,0,0,
"",,,,,0,,,,,,,,,0,0,0,
"",158,1975,,,0,,,,,,,,,,,,
"",149,1932,,,,,,,,,,,,,,,
"",180,1985,,,0,,,,,,,,,,,,
"",108,1915,,,,,,,,,,,,,,,
"",,1970,,,0,,,,,,,,,,,,
"",3,1975,,,0,,,,,,,,,,,,
"",93,1985,,,0,,,,,,,,,,,,
"",,,,,0,,,,,,,,,0,0,0,
"",,,,,0,,,,,,,,,0,0,0,
"",104,1995,,,0,,,,,,,,,,,,
"",116,1975,,,0,,,,,,,,,,,,
"",65,1945,,,,,,,,,,,,,,,
"",155,1945,,,,,,,,,,,,,,,
"",192,1955,,,,,,,,,,,,,,,
"",,,,,0,,,,,,,,,0,0,0,
"",,,,,0,,,,,,,,,0,0,0,
"",176,1905,,,,,,,,,,,,,,,
"",146,2005,,,0,,,,,,,,,,,,
"",,,,,0,,,,,,,,,0,0,0,
"",,,,,0,,,,,,,,,0,0,0,
"",9,1975,,,0,,,,,,,,,,,,
"",173,1935,,,,,,,,,,,,,,,
"",89,1935,,,,,,,,,,,,,,,
"",150,1975,,,0,,,,,,,,,,,,
"",205,1905,,,,,,,,,,,,,,,
"",143,2005,,,0,,,,,,,,,,,,
"China",39,2005,,,0,,,,,,,,,,,,
"",147,1925,,,,,,,,,,,,,,,
"",40,1985,,,0,,,,,,,,,,,,
"",208,1945,,,,,,,,,,,,,,,
"",84,1932,,,,,,,,,,,,,,,
"",100,1985,,,0,,,,,,,,,,,,
"",43,1915,,,,,,,,,,,,,,,
"",212,1955,,,,,,,,,,,,,,,
"",66,1955,,,,,,,,,,,,,,,
"",,,,,0,,,,,,,,,0,0,0,
"",41,2005,,,0,,,,,,,,,,,,
"",,1925,,,,,,,,,,,,,,,
"",46,1995,,,0,,,,,,,,,,,,
"",187,1932,,,,,,,,,,,,,,,
"",213,1932,,,,,,,,,,,,,,,
"",133,1985,,,0,,,,,,,,,,,,
"",98,1975,,,0,,,,,,,,,,,,
"",97,1995,,,0,,,,,,,,,,,,
"",12,1965,,,0,,,,,,,,,,,,
"",176,1975,,,0,,,,,,,,,,,,
"",51,1945,,,,,,,,,,,,,,,
"",122,1945,,,,,,,,,,,,,,,
"",149,1955,,,,,,,,,,,,,,,
"",49,1975,,,0,,,,,,,,,,,,
"",14,1995,,,0,,,,,,,,,,,,
"",45,1995,,,0,,,,,,,,,,,,
"",90,1995,,,0,,,,,,,,,,,,
"",146,1965,,,0,,,,,,,,,,,,
"",148,2005,,,0,,,,,,,,,,,,
"",59,1975,,,0,,,,,,,,,,,,
"",76,1975,,,0,,,,,,,,,,,,
"",,,,,0,,,,,,,,,0,0,0,
"",20,1995,,,0,,,,,,,,,,,,
"",14,1932,,,,,,,,,,,,,,,
"",195,1975,,,0,,,,,,,,,,,,
"",201,1925,,,,,,,,,,,,,,,
"",42,1945,,,,,,,,,,,,,,,
"",156,1985,,,0,,,,,,,,,,,,
"",114,1932,,,,,,,,,,,,,,,
"",66,1932,,,,,,,,,,,,,,,
"",173,1955,,,,,,,,,,,,,,,
"",63,1975,,,0,,,,,,,,,,,,
"",,,,,0,,,,,,,,,0,0,0,
"",21,1955,,,,,,,,,,,,,,,
"",,,,,0,,,,,,,,,0,0,0,
"",189,1955,,,,,,,,,,,,,,,
"",125,1945,,,,,,,,,,,,,,,
"",127,1915,,,,,,,,,,,,,,,
"",119,1945,,,,,,,,,,,,,,,
"",70,1932,,,,,,,,,,,,,,,
"",170,2005,,,0,,,,,,,,,,,,
"",,,,,0,,,,,,,,,0,0,0,
"",3,1945,,,,,,,,,,,,,,,
"",171,1995,,,0,,,,,,,,,,,,
"",112,1945,,,,,,,,,,,,,,,
"",88,2005,,,0,,,,,,,,,,,,
"",100,1975,,,0,,,,,,,,,,,,
"",19,1965,,,0,,,,,,,,,,,,
"",,,,,0,,,,,,,,,0,0,0,
"",29,1945,,,,,,,,,,,,,,,
"",208,1985,,,0,,,,,,,,,,,,
"",34,1932,,,,,,,,,,,,,,,
"",190,1932,,,,,,,,,,,,,,,
"",5,2005,,,0,,,,,,,,,,,,
"",,,,,0,,,,,,,,,0,0,0,
"",19,1985,,,0,,,,,,,,,,,,
"",140,1995,,,0,,,,,,,,,,,,
"",162,1975,,,0,,,,,,,,,,,,
"",50,1932,,,,,,,,,,,,,,,
"",200,1932,,,,,,,,,,,,,,,
"",78,1932,,,,,,,,,,,,,,,
"",,,,,0,,,,,,,,,0,0,0,
"",165,1965,,,0,,,,,,,,,,,,
"",88,1975,,,0,,,,,,,,,,,,
"",174,1955,,,,,,,,,,,,,,,
"",122,2005,,,0,,,,,,,,,,,,
"",,,,,0,,,,,,,,,0,0,0,
"",34,1955,,,,,,,,,,,,,,,
"",127,1945,,,,,,,,,,,,,,,
"",4,2005,,,0,,,,,,,,,,,,
"",81,1935,,,,,,,,,,,,,,,
"",163,1915,,,,,,,,,,,,,,,
"",202,1905,,,,,,,,,,,,,,,
"",,,,,0,,,,,,,,,0,0,0,
"",98,2005,,,0,,,,,,,,,,,,
"",151,1965,,,0,,,,,,,,,,,,
"",5,1985,,,0,,,,,,,,,,,,
"",179,2005,,,0,,,,,,,,,,,,
"",58,1905,,,,,,,,,,,,,,,
"",84,2005,,,0,,,,,,,,,,,,
"",3,1985,,,0,,,,,,,,,,,,
"",214,1945,,,,,,,,,,,,,,,
"",,,,,0,,,,,,,,,0,0,0,
"",131,1955,,,,,,,,,,,,,,,
"",202,1925,,,,,,,,,,,,,,,
"",102,1945,,,,,,,,,,,,,,,
"",173,2005,,,0,,,,,,,,,,,,
"",150,1932,,,,,,,,,,,,,,,
"",94,2005,,,0,,,,,,,,,,,,
"",45,1932,,,,,,,,,,,,,,,
"",110,1995,,,0,,,,,,,,,,,,
"",92,1905,,,,,,,,,,,,,,,
"",202,1932,,,,,,,,,,,,,,,
"",,,,,0,,,,,,,,,0,0,0,
"",59,1932,,,,,,,,,,,,,,,
"",182,2005,,,0,,,,,,,,,,,,
"",125,1965,,,0,,,,,,,,,,,,
"",127,1932,,,,,,,,,,,,,,,
"Ecuador",58,2005,,,0,,,,,,,,,,,,
"",76,1932,,,,,,,,,,,,,,,
"",147,1985,,,0,,,,,,,,,,,,
"",,,,,0,,,,,,,,,0,0,0,
"",147,1935,,,,,,,,,,,,,,,
"",13,1905,,,,,,,,,,,,,,,
"",43,1945,,,,,,,,,,,,,,,
"",173,1932,,,,,,,,,,,,,,,
"",173,1965,,,0,,,,,,,,,,,,
"",,,,,0,,,,,,,,,0,0,0,
"",27,1965,,,0,,,,,,,,,,,,
"",163,1995,,,0,,,,,,,,,,,,
"",21,1965,,,0,,,,,,,,,,,,
"",55,1965,,,0,,,,,,,,,,,,
"",162,1985,,,0,,,,,,,,,,,,
"",55,1915,,,,,,,,,,,,,,,
"",,,,,0,,,,,,,,,0,0,0,
"",24,1975,,,0,,,,,,,,,,,,
"",,,,,0,,,,,,,,,0,0,0,
"",151,1932,,,,,,,,,,,,,,,
"",,,,,0,,,,,,,,,0,0,0,
"",177,1975,,,0,,,,,,,,,,,,
"",46,1985,,,0,,,,,,,,,,,,
"",96,2005,,,0,,,,,,,,,,,,
"",172,2005,,,0,,,,,,,,,,,,
"",168,1975,,,0,,,,,,,,,,,,
"",177,1985,,,0,,,,,,,,,,,,
"",,,,,0,,,,,,,,,0,0,0,
"",46,1932,,,,,,,,,,,,,,,
"",141,1925,,,,,,,,,,,,,,,
"",204,2005,,,0,,,,,,,,,,,,
"",13,1925,,,,,,,,,,,,,,,
"",116,1965,,,0,,,,,,,,,,,,
"",171,1945,,,,,,,,,,,,,,,
"",81,2005,,,0,,,,,,,,,,,,
"",172,1975,,,0,,,,,,,,,,,,
"",187,2005,,,0,,,,,,,,,,,,
"",131,1975,,,0,,,,,,,,,,,,
"",182,1985,,,0,,,,,,,,,,,,
"",38,1915,,,,,,,,,,,,,,,
"",172,1965,,,0,,,,,,,,,,,,
"",176,1985,,,0,,,,,,,,,,,,
"",,,,,0,,,,,,,,,0,0,0,
"",118,1932,,,,,,,,,,,,,,,
"",49,1965,,,0,,,,,,,,,,,,
"",55,2005,,,0,,,,,,,,,,,,
"",,,,,0,,,,,,,,,0,0,0,
"",118,1985,,,0,,,,,,,,,,,,
"",154,1975,,,0,,,,,,,,,,,,
"",,,,,0,,,,,,,,,0,0,0,
"",154,1935,,,,,,,,,,,,,,,
"",78,2005,,,0,,,,,,,,,,,,
"",168,1905,,,,,,,,,,,,,,,
"",27,2005,,,0,,,,,,,,,,,,
"",171,2005,,,0,,,,,,,,,,,,
"",182,1945,,,,,,,,,,,,,,,
"",88,1955,,,,,,,,,,,,,,,
"",60,1945,,,,,,,,,,,,,,,
"",141,1935,,,,,,,,,,,,,,,
"",214,1932,,,,,,,,,,,,,,,
"",,,,,0,,,,,,,,,0,0,0,
"",36,1915,,,,,,,,,,,,,,,
"",96,1945,,,,,,,,,,,,,,,
"",109,2005,,,0,,,,,,,,,,,,
"",112,1995,,,0,,,,,,,,,,,,
"",188,1975,,,0,,,,,,,,,,,,
"",59,1965,,,0,,,,,,,,,,,,
"",36,1965,,,0,,,,,,,,,,,,
"",212,1965,,,0,,,,,,,,,,,,
"",169,1965,,,0,,,,,,,,,,,,
"",171,1975,,,0,,,,,,,,,,,,
"",202,1935,,,,,,,,,,,,,,,
"",28,2005,,,0,,,,,,,,,,,,
"",,,,,0,,,,,,,,,0,0,0,
"",171,1965,,,0,,,,,,,,,,,,
"",50,1935,,,,,,,,,,,,,,,
"",39,1935,,,,,,,,,,,,,,,
"",203,1985,,,0,,,,,,,,,,,,
"",36,1935,,,,,,,,,,,,,,,
"",108,1955,,,,,,,,,,,,,,,
"",214,1905,,,,,,,,,,,,,,,
"",88,1945,,,,,,,,,,,,,,,
"",205,2005,,,0,,,,,,,,,,,,
"",75,1985,,,0,,,,,,,,,,,,
"",186,1975,,,0,,,,,,,,,,,,
"",146,1975,,,0,,,,,,,,,,,,
"",16,1975,,,0,,,,,,,,,,,,
"",,,,,0,,,,,,,,,0,0,0,
"",183,1985,,,0,,,,,,,,,,,,
"",42,1955,,,,,,,,,,,,,,,
"",156,1965,,,0,,,,,,,,,,,,
"",29,1985,,,0,,,,,,,,,,,,
"",27,1905,,,,,,,,,,,,,,,
"",8,1915,,,,,,,,,,,,,,,
"",87,1945,,,,,,,,,,,,,,,
"",,,,,0,,,,,,,,,0,0,0,
"",159,1975,,,0,,,,,,,,,,,,
"",170,1975,,,0,,,,,,,,,,,,
"",31,1995,,,0,,,,,,,,,,,,
"",175,1932,,,,,,,,,,,,,,,
"",200,1965,,,0,,,,,,,,,,,,
"",124,1975,,,0,,,,,,,,,,,,
"",147,2005,,,0,,,,,,,,,,,,
"",19,1932,,,,,,,,,,,,,,,
"",162,1915,,,,,,,,,,,,,,,
"",137,1975,,,0,,,,,,,,,,,,
"",51,1965,,,0,,,,,,,,,,,,
"",197,1955,,,,,,,,,,,,,,,
"",113,2005,,,0,,,,,,,,,,,,
"",16,1915,,,,,,,,,,,,,,,
"",216,1932,,,,,,,,,,,,,,,
"",31,1932,,,,,,,,,,,,,,,
"",108,1925,,,,,,,,,,,,,,,
"",169,1945,,,,,,,,,,,,,,,
"",205,1925,,,,,,,,,,,,,,,
"",,,,,0,,,,,,,,,0,0,0,
"",,,,,0,,,,,,,,,0,0,0,
"",24,1932,,,,,,,,,,,,,,,
"",31,2005,,,0,,,,,,,,,,,,
"",109,1995,,,0,,,,,,,,,,,,
"",93,1935,,,,,,,,,,,,,,,
"",114,1945,,,,,,,,,,,,,,,
"",105,2005,,,0,,,,,,,,,,,,
"",117,1985,,,0,,,,,,,,,,,,
"",88,1932,,,,,,,,,,,,,,,
"",,,,,0,,,,,,,,,0,0,0,
"",84,1995,,,0,,,,,,,,,,,,
"",,1995,,,0,,,,,,,,,,,,
"",187,1975,,,0,,,,,,,,,,,,
"",172,1995,,,0,,,,,,,,,,,,
"",51,1975,,,0,,,,,,,,,,,,
"",124,1945,,,,,,,,,,,,,,,
"",100,2005,,,0,,,,,,,,,,,,
"",46,1965,,,0,,,,,,,,,,,,
"",113,1975,,,0,,,,,,,,,,,,
"",204,1975,,,0,,,,,,,,,,,,
"",42,2005,,,0,,,,,,,,,,,,
"",137,1995,,,0,,,,,,,,,,,,
"",56,1932,,,,,,,,,,,,,,,
"",38,1935,,,,,,,,,,,,,,,
"",152,1985,,,0,,,,,,,,,,,,
"",,,,,0,,,,,,,,,0,0,0,
"",,,,,0,,,,,,,,,0,0,0,
"",211,1932,,,,,,,,,,,,,,,
"",199,1965,,,0,,,,,,,,,,,,
"",175,1945,,,,,,,,,,,,,,,
"",212,1985,,,0,,,,,,,,,,,,
"",,,,,0,,,,,,,,,0,0,0,
"",25,1965,,,0,,,,,,,,,,,,
"",19,1925,,,,,,,,,,,,,,,
"",84,1955,,,,,,,,,,,,,,,
"",,,,,0,,,,,,,,,0,0,0,
"",39,1925,,,,,,,,,,,,,,,
"",43,1932,,,,,,,,,,,,,,,
"",,,,,0,,,,,,,,,0,0,0,
"",,,,,0,,,,,,,,,0,0,0,
"",42,1985,,,0,,,,,,,,,,,,
"",187,1965,,,0,,,,,,,,,,,,
"",,,,,0,,,,,,,,,0,0,0,
"",199,1932,,,,,,,,,,,,,,,
"",42,1932,,,,,,,,,,,,,,,
"",34,2005,,,0,,,,,,,,,,,,
"",108,1935,,,,,,,,,,,,,,,
"",124,1932,,,,,,,,,,,,,,,
"",,,,,0,,,,,,,,,0,0,0,
"",198,1975,,,0,,,,,,,,,,,,
"",56,2005,,,0,,,,,,,,,,,,
"",133,1932,,,,,,,,,,,,,,,
"",216,1955,,,,,,,,,,,,,,,
"",111,1985,,,0,,,,,,,,,,,,
"",24,1945,,,,,,,,,,,,,,,
"",40,1955,,,,,,,,,,,,,,,
"",,,,,0,,,,,,,,,0,0,0,
"",194,1932,,,,,,,,,,,,,,,
"",,,,,0,,,,,,,,,0,0,0,
"",65,1985,,,0,,,,,,,,,,,,
"",188,1995,,,0,,,,,,,,,,,,
"",22,1975,,,0,,,,,,,,,,,,
"",110,1975,,,0,,,,,,,,,,,,
"",120,1955,,,,,,,,,,,,,,,
"",86,1975,,,0,,,,,,,,,,,,
"",,,,,0,,,,,,,,,0,0,0,
"",51,1925,,,,,,,,,,,,,,,
"",195,1932,,,,,,,,,,,,,,,
"",31,1945,,,,,,,,,,,,,,,
"",70,1975,,,0,,,,,,,,,,,,
"",148,1965,,,0,,,,,,,,,,,,
"",4,1985,,,0,,,,,,,,,,,,
"",24,1985,,,0,,,,,,,,,,,,
"",184,1985,,,0,,,,,,,,,,,,
"",43,1955,,,,,,,,,,,,,,,
"",86,1915,,,,,,,,,,,,,,,
"",,,,,0,,,,,,,,,0,0,0,
"",20,1932,,,,,,,,,,,,,,,
"",36,1975,,,0,,,,,,,,,,,,
"",141,1995,,,0,,,,,,,,,,,,
"",12,1915,,,,,,,,,,,,,,,
"",71,1945,,,,,,,,,,,,,,,
"",108,1995,,,0,,,,,,,,,,,,
"",,1920,,,,,,,,,,,,,,,
"",,,,,0,,,,,,,,,0,0,0,
"",125,1985,,,0,,,,,,,,,,,,
"",112,2005,,,0,,,,,,,,,,,,
"",,,,,0,,,,,,,,,0,0,0,
"",64,1925,,,,,,,,,,,,,,,
"",58,1975,,,0,,,,,,,,,,,,
"",181,1975,,,0,,,,,,,,,,,,
"",197,1985,,,0,,,,,,,,,,,,
"",129,1975,,,0,,,,,,,,,,,,
"",15,1955,,,,,,,,,,,,,,,
"",197,1975,,,0,,,,,,,,,,,,
"",207,1945,,,,,,,,,,,,,,,
"",69,1932,,,,,,,,,,,,,,,
"",9,1945,,,,,,,,,,,,,,,
"",96,1955,,,,,,,,,,,,,,,
"",148,1925,,,,,,,,,,,,,,,
"",,,,,0,,,,,,,,,0,0,0,
"",19,1975,,,0,,,,,,,,,,,,
"",175,1965,,,0,,,,,,,,,,,,
"",141,1905,,,,,,,,,,,,,,,
"",97,1932,,,,,,,,,,,,,,,
"",,,,,0,,,,,,,,,0,0,0,
"",,1985,,,0,,,,,,,,,,,,
"",86,1925,,,,,,,,,,,,,,,
"",145,1995,,,0,,,,,,,,,,,,
"",200,1995,,,0,,,,,,,,,,,,
"",90,1925,,,,,,,,,,,,,,,
"",77,1985,,,0,,,,,,,,,,,,
"",122,1935,,,,,,,,,,,,,,,
"",84,1965,,,0,,,,,,,,,,,,
"",60,1995,,,0,,,,,,,,,,,,
"",17,1955,,,,,,,,,,,,,,,
"",182,1955,,,,,,,,,,,,,,,
"",118,2005,,,0,,,,,,,,,,,,
"",51,1955,,,,,,,,,,,,,,,
"",,,,,0,,,,,,,,,0,0,0,
"",,,,,0,,,,,,,,,0,0,0,
"",104,1965,,,0,,,,,,,,,,,,
"",46,1975,,,0,,,,,,,,,,,,
"",,,,,0,,,,,,,,,0,0,0,
"",88,1995,,,0,,,,,,,,,,,,
"",156,1995,,,0,,,,,,,,,,,,
"",176,1935,,,,,,,,,,,,,,,
"",174,1995,,,0,,,,,,,,,,,,
"",176,1932,,,,,,,,,,,,,,,
"",,,,,0,,,,,,,,,0,0,0,
"",86,1932,,,,,,,,,,,,,,,
"",12,1905,,,,,,,,,,,,,,,
"",75,1955,,,,,,,,,,,,,,,
"",108,1965,,,0,,,,,,,,,,,,
"",205,1975,,,0,,,,,,,,,,,,
"",129,1985,,,0,,,,,,,,,,,,
"",57,1985,,,0,,,,,,,,,,,,
"",56,1945,,,,,,,,,,,,,,,
"",,,,,0,,,,,,,,,0,0,0,
"",113,1965,,,0,,,,,,,,,,,,
"",204,1955,,,,,,,,,,,,,,,
"",172,1955,,,,,,,,,,,,,,,
"",70,1935,,,,,,,,,,,,,,,
"",55,1925,,,,,,,,,,,,,,,
"",90,1955,,,,,,,,,,,,,,,
"",183,1932,,,,,,,,,,,,,,,
"",214,1955,,,,,,,,,,,,,,,
"",78,1955,,,,,,,,,,,,,,,
"",27,1925,,,,,,,,,,,,,,,
"",179,1985,,,0,,,,,,,,,,,,
"",96,1995,,,0,,,,,,,,,,,,
"",168,1945,,,,,,,,,,,,,,,
"",,,,,0,,,,,,,,,0,0,0,
"",18,1965,,,0,,,,,,,,,,,,
"",141,1945,,,,,,,,,,,,,,,
"",99,1965,,,0,,,,,,,,,,,,
"",86,2005,,,0,,,,,,,,,,,,
"",180,1975,,,0,,,,,,,,,,,,
"",,,,,0,,,,,,,,,0,0,0,
"",213,1945,,,,,,,,,,,,,,,
"",217,1995,,,0,,,,,,,,,,,,
"",62,1945,,,,,,,,,,,,,,,
"",70,1915,,,,,,,,,,,,,,,
"",156,2005,,,0,,,,,,,,,,,,
"",89,1915,,,,,,,,,,,,,,,
"",170,1985,,,0,,,,,,,,,,,,
"",20,1945,,,,,,,,,,,,,,,
"",145,1965,,,0,,,,,,,,,,,,
"Puerto Rico",,,,,0,,,,,,,,,0,0,0,
"",,1945,,,,,,,,,,,,,,,
"",,,,,0,,,,,,,,,0,0,0,
"",184,1932,,,,,,,,,,,,,,,
"",9,1995,,,0,,,,,,,,,,,,
"",162,1935,,,,,,,,,,,,,,,
"",201,1995,,,0,,,,,,,,,,,,
"",64,1945,,,,,,,,,,,,,,,
"",103,1932,,,,,,,,,,,,,,,
"",3,1965,,,0,,,,,,,,,,,,
"",212,2005,,,0,,,,,,,,,,,,
"",122,1915,,,,,,,,,,,,,,,
"",208,1932,,,,,,,,,,,,,,,
"",,,,,0,,,,,,,,,0,0,0,
"",176,2005,,,0,,,,,,,,,,,,
"",,,,,0,,,,,,,,,0,0,0,
"",159,2005,,,0,,,,,,,,,,,,
"",180,1995,,,0,,,,,,,,,,,,
"",176,1945,,,,,,,,,,,,,,,
"",62,1965,,,0,,,,,,,,,,,,
"",40,1932,,,,,,,,,,,,,,,
"",,,,,0,,,,,,,,,0,0,0,
"",122,1965,,,0,,,,,,,,,,,,
"",29,1995,,,0,,,,,,,,,,,,
"",102,1985,,,0,,,,,,,,,,,,
"",136,1932,,,,,,,,,,,,,,,
"",,,,,0,,,,,,,,,0,0,0,
"",186,1965,,,0,,,,,,,,,,,,
"",,,,,0,,,,,,,,,0,0,0,
"",38,1905,,,,,,,,,,,,,,,
"",,,,,0,,,,,,,,,0,0,0,
"",35,1945,,,,,,,,,,,,,,,
"",195,1995,,,0,,,,,,,,,,,,
"",97,1945,,,,,,,,,,,,,,,
"",136,1985,,,0,,,,,,,,,,,,
"",110,1955,,,,,,,,,,,,,,,
"",183,1975,,,0,,,,,,,,,,,,
"",150,1945,,,,,,,,,,,,,,,
"",212,1995,,,0,,,,,,,,,,,,
"",130,1985,,,0,,,,,,,,,,,,
"",179,1965,,,0,,,,,,,,,,,,
"",207,1935,,,,,,,,,,,,,,,
"",198,1965,,,0,,,,,,,,,,,,
"",200,1945,,,,,,,,,,,,,,,
"",12,1955,,,,,,,,,,,,,,,
"",217,1985,,,0,,,,,,,,,,,,
"",181,1985,,,0,,,,,,,,,,,,
"",154,1965,,,0,,,,,,,,,,,,
"",96,1975,,,0,,,,,,,,,,,,
"",217,1965,,,0,,,,,,,,,,,,
"",61,1965,,,0,,,,,,,,,,,,
"",118,1975,,,0,,,,,,,,,,,,
"",154,1925,,,,,,,,,,,,,,,
"",94,1975,,,0,,,,,,,,,,,,
"",55,1945,,,,,,,,,,,,,,,
"",3,1955,,,,,,,,,,,,,,,
"",195,1965,,,0,,,,,,,,,,,,
"",137,1955,,,,,,,,,,,,,,,
"",168,1995,,,0,,,,,,,,,,,,
"",153,1985,,,0,,,,,,,,,,,,
"",61,1985,,,0,,,,,,,,,,,,
"",216,2005,,,0,,,,,,,,,,,,
"",215,1995,,,0,,,,,,,,,,,,
"",71,1995,,,0,,,,,,,,,,,,
"",211,1975,,,0,,,,,,,,,,,,
"",129,1945,,,,,,,,,,,,,,,
"",193,2005,,,0,,,,,,,,,,,,
"",195,1935,,,,,,,,,,,,,,,
"",86,1935,,,,,,,,,,,,,,,
"",168,1932,,,,,,,,,,,,,,,
"",,,,,0,,,,,,,,,0,0,0,
"",44,2005,,,0,,,,,,,,,,,,
"",5,1955,,,,,,,,,,,,,,,
"",4,1975,,,0,,,,,,,,,,,,
"",179,1955,,,,,,,,,,,,,,,
"",23,1975,,,0,,,,,,,,,,,,
"",197,1995,,,0,,,,,,,,,,,,
"",202,1975,,,0,,,,,,,,,,,,
"",202,1965,,,0,,,,,,,,,,,,
"",149,1975,,,0,,,,,,,,,,,,
"",89,1975,,,0,,,,,,,,,,,,
"",98,1955,,,,,,,,,,,,,,,
"",46,1925,,,,,,,,,,,,,,,
"",169,1955,,,,,,,,,,,,,,,
"",133,1965,,,0,,,,,,,,,,,,
"",155,1932,,,,,,,,,,,,,,,
"",194,2005,,,0,,,,,,,,,,,,
"",153,1925,,,,,,,,,,,,,,,
"",167,1965,,,0,,,,,,,,,,,,
"",51,1915,,,,,,,,,,,,,,,
"",190,1985,,,0,,,,,,,,,,,,
"",22,2005,,,0,,,,,,,,,,,,
"",187,1945,,,,,,,,,,,,,,,
"",187,1985,,,0,,,,,,,,,,,,
"",165,1995,,,0,,,,,,,,,,,,
"",,,,,0,,,,,,,,,0,0,0,
"",217,2005,,,0,,,,,,,,,,,,
"",65,2005,,,0,,,,,,,,,,,,
"",116,2005,,,0,,,,,,,,,,,,
"",217,1975,,,0,,,,,,,,,,,,
"",108,1905,,,,,,,,,,,,,,,
"",,,,,0,,,,,,,,,0,0,0,
"",103,1985,,,0,,,,,,,,,,,,
"",195,2005,,,0,,,,,,,,,,,,
"",23,1945,,,,,,,,,,,,,,,
"",194,1975,,,0,,,,,,,,,,,,
"",39,1955,,,,,,,,,,,,,,,
"",113,1955,,,,,,,,,,,,,,,
"",188,1945,,,,,,,,,,,,,,,
"",25,1955,,,,,,,,,,,,,,,
"",141,1955,,,,,,,,,,,,,,,
"",88,1985,,,0,,,,,,,,,,,,
"",55,1985,,,0,,,,,,,,,,,,
"",156,1925,,,,,,,,,,,,,,,
"",86,1905,,,,,,,,,,,,,,,
"",152,1932,,,,,,,,,,,,,,,
"",173,1945,,,,,,,,,,,,,,,
"",117,2005,,,0,,,,,,,,,,,,
"",,,,,0,,,,,,,,,0,0,0,
"",,,,,0,,,,,,,,,0,0,0,
"",102,2005,,,0,,,,,,,,,,,,
"",17,1932,,,,,,,,,,,,,,,
"",130,1965,,,0,,,,,,,,,,,,
"",38,1955,,,,,,,,,,,,,,,
"",188,2005,,,0,,,,,,,,,,,,
"",,,,,0,,,,,,,,,0,0,0,
"",170,1932,,,,,,,,,,,,,,,
"",189,1905,,,,,,,,,,,,,,,
"",25,1985,,,0,,,,,,,,,,,,
"",63,1985,,,0,,,,,,,,,,,,
"",143,1955,,,,,,,,,,,,,,,
"",16,1925,,,,,,,,,,,,,,,
"",,,,,0,,,,,,,,,0,0,0,
"",100,1945,,,,,,,,,,,,,,,
"",175,1995,,,0,,,,,,,,,,,,
"",205,1935,,,,,,,,,,,,,,,
"",70,1995,,,0,,,,,,,,,,,,
"",73,2005,,,0,,,,,,,,,,,,
"",207,1915,,,,,,,,,,,,,,,
"",17,1985,,,0,,,,,,,,,,,,
"",12,1995,,,0,,,,,,,,,,,,
"",154,1995,,,0,,,,,,,,,,,,
"",117,1932,,,,,,,,,,,,,,,
"",109,1932,,,,,,,,,,,,,,,
"",,1975,,,0,,,,,,,,,,,,
"",12,1932,,,,,,,,,,,,,,,
"",189,1975,,,0,,,,,,,,,,,,
"",18,1945,,,,,,,,,,,,,,,
"",156,1932,,,,,,,,,,,,,,,
"",41,1955,,,,,,,,,,,,,,,
"",,,,,0,,,,,,,,,0,0,0,
"",70,1945,,,,,,,,,,,,,,,
"",49,2005,,,0,,,,,,,,,,,,
"",173,1905,,,,,,,,,,,,,,,
"",114,1995,,,0,,,,,,,,,,,,
"",167,1905,,,,,,,,,,,,,,,
"",92,2005,,,0,,,,,,,,,,,,
"",119,1955,,,,,,,,,,,,,,,
"",195,1955,,,,,,,,,,,,,,,
"",147,1945,,,,,,,,,,,,,,,
"",190,1945,,,,,,,,,,,,,,,
"",98,1905,,,,,,,,,,,,,,,
"",172,1945,,,,,,,,,,,,,,,
"",55,1955,,,,,,,,,,,,,,,
"",214,1985,,,0,,,,,,,,,,,,
"",202,1955,,,,,,,,,,,,,,,
"",28,1955,,,,,,,,,,,,,,,
"",5,1965,,,0,,,,,,,,,,,,
"",147,1995,,,0,,,,,,,,,,,,
"",33,1995,,,0,,,,,,,,,,,,
"",,,,,0,,,,,,,,,0,0,0,
"",,,,,0,,,,,,,,,0,0,0,
"",76,1965,,,0,,,,,,,,,,,,
"",25,1945,,,,,,,,,,,,,,,
"",214,1965,,,0,,,,,,,,,,,,
"",184,1995,,,0,,,,,,,,,,,,
"",25,2005,,,0,,,,,,,,,,,,
"",147,1975,,,0,,,,,,,,,,,,
"",162,1995,,,0,,,,,,,,,,,,
"",186,1995,,,0,,,,,,,,,,,,
"",,,,,0,,,,,,,,,0,0,0,
"",38,1945,,,,,,,,,,,,,,,
"",191,1932,,,,,,,,,,,,,,,
"",133,1975,,,0,,,,,,,,,,,,
"",,,,,0,,,,,,,,,0,0,0,
"",,,,,0,,,,,,,,,0,0,0,
"",194,1925,,,,,,,,,,,,,,,
"",94,1995,,,0,,,,,,,,,,,,
"",191,1955,,,,,,,,,,,,,,,
"",,,,,0,,,,,,,,,0,0,0,
"",169,1975,,,0,,,,,,,,,,,,
"",72,1965,,,0,,,,,,,,,,,,
"",,,,,0,,,,,,,,,0,0,0,
"",18,1932,,,,,,,,,,,,,,,
"",13,1945,,,,,,,,,,,,,,,
"",38,1932,,,,,,,,,,,,,,,
"",214,1935,,,,,,,,,,,,,,,
"",191,1975,,,0,,,,,,,,,,,,
"",213,1955,,,,,,,,,,,,,,,
"",90,1905,,,,,,,,,,,,,,,
"",205,1995,,,0,,,,,,,,,,,,
"",147,1932,,,,,,,,,,,,,,,
"",5,1995,,,0,,,,,,,,,,,,
"",58,1985,,,0,,,,,,,,,,,,
"",197,2005,,,0,,,,,,,,,,,,
"",,,,,0,,,,,,,,,0,0,0,
"",81,1975,,,0,,,,,,,,,,,,
"",140,1985,,,0,,,,,,,,,,,,
"",,,,,0,,,,,,,,,0,0,0,
"",203,1995,,,0,,,,,,,,,,,,
"",35,1925,,,,,,,,,,,,,,,
"",39,1932,,,,,,,,,,,,,,,
"",202,1995,,,0,,,,,,,,,,,,
"",198,1932,,,,,,,,,,,,,,,
"",145,1932,,,,,,,,,,,,,,,
"",174,1932,,,,,,,,,,,,,,,
"",15,1995,,,0,,,,,,,,,,,,
"",3,2005,,,0,,,,,,,,,,,,
"",133,1945,,,,,,,,,,,,,,,
"",149,1985,,,0,,,,,,,,,,,,
"",212,1932,,,,,,,,,,,,,,,
"",213,1965,,,0,,,,,,,,,,,,
"",76,1945,,,,,,,,,,,,,,,
"",205,1932,,,,,,,,,,,,,,,
"",168,1915,,,,,,,,,,,,,,,
"",146,1985,,,0,,,,,,,,,,,,
"",72,1945,,,,,,,,,,,,,,,
"",93,2005,,,0,,,,,,,,,,,,
"",215,1945,,,,,,,,,,,,,,,
"",194,1905,,,,,,,,,,,,,,,
"",132,1905,,,,,,,,,,,,,,,
"",213,1975,,,0,,,,,,,,,,,,
"",35,1905,,,,,,,,,,,,,,,
"",76,1995,,,0,,,,,,,,,,,,
"",33,1945,,,,,,,,,,,,,,,
"",13,1932,,,,,,,,,,,,,,,
"",13,1985,,,0,,,,,,,,,,,,
"",,,,,0,,,,,,,,,0,0,0,
"",181,1965,,,0,,,,,,,,,,,,
"",56,1975,,,0,,,,,,,,,,,,
"",146,1955,,,,,,,,,,,,,,,
"",19,1995,,,0,,,,,,,,,,,,
"",35,2005,,,0,,,,,,,,,,,,
"",13,1995,,,0,,,,,,,,,,,,
"",50,1965,,,0,,,,,,,,,,,,
"",159,1925,,,,,,,,,,,,,,,
"",163,1932,,,,,,,,,,,,,,,
"",,,,,0,,,,,,,,,0,0,0,
"",207,1905,,,,,,,,,,,,,,,
"",66,1945,,,,,,,,,,,,,,,
"",,,,,0,,,,,,,,,0,0,0,
"",139,1985,,,0,,,,,,,,,,,,
"",,,,,0,,,,,,,,,0,0,0,
"",39,1905,,,,,,,,,,,,,,,
"",103,1965,,,0,,,,,,,,,,,,
"",201,1935,,,,,,,,,,,,,,,
"",71,1975,,,0,,,,,,,,,,,,
"",27,1915,,,,,,,,,,,,,,,
"",50,1995,,,0,,,,,,,,,,,,
"",180,2005,,,0,,,,,,,,,,,,
"",156,1915,,,,,,,,,,,,,,,
"",38,1965,,,0,,,,,,,,,,,,
"",61,1955,,,,,,,,,,,,,,,
"",46,1945,,,,,,,,,,,,,,,
"",56,1965,,,0,,,,,,,,,,,,
"",168,1925,,,,,,,,,,,,,,,
"",36,1932,,,,,,,,,,,,,,,
"",76,2005,,,0,,,,,,,,,,,,
"",59,1905,,,,,,,,,,,,,,,
"",,,,,0,,,,,,,,,0,0,0,
"",111,1935,,,,,,,,,,,,,,,
"",22,1965,,,0,,,,,,,,,,,,
"",141,2005,,,0,,,,,,,,,,,,
"",163,1975,,,0,,,,,,,,,,,,
"",176,1955,,,,,,,,,,,,,,,
"",163,1965,,,0,,,,,,,,,,,,
"",150,1985,,,0,,,,,,,,,,,,
"",20,1955,,,,,,,,,,,,,,,
"",49,1995,,,0,,,,,,,,,,,,
"",28,1965,,,0,,,,,,,,,,,,
"",195,1915,,,,,,,,,,,,,,,
"",18,1985,,,0,,,,,,,,,,,,
"",212,1945,,,,,,,,,,,,,,,
"",,,,,0,,,,,,,,,0,0,0,
"",9,1965,,,0,,,,,,,,,,,,
"",188,1985,,,0,,,,,,,,,,,,
"",20,1985,,,0,,,,,,,,,,,,
"",161,1965,,,0,,,,,,,,,,,,
"",95,1965,,,0,,,,,,,,,,,,
"",167,1995,,,0,,,,,,,,,,,,
"",114,2005,,,0,,,,,,,,,,,,
"",53,1932,,,,,,,,,,,,,,,
"",92,1945,,,,,,,,,,,,,,,
"",143,1975,,,0,,,,,,,,,,,,
"",47,1965,,,0,,,,,,,,,,,,
"",161,1935,,,,,,,,,,,,,,,
"",84,1975,,,0,,,,,,,,,,,,
"",161,1905,,,,,,,,,,,,,,,
"",47,1985,,,0,,,,,,,,,,,,
"",40,1995,,,0,,,,,,,,,,,,
"",101,1955,,,,,,,,,,,,,,,
"",78,1945,,,,,,,,,,,,,,,
"",71,1932,,,,,,,,,,,,,,,
"",18,1975,,,0,,,,,,,,,,,,
"",161,1955,,,,,,,,,,,,,,,
"",213,2005,,,0,,,,,,,,,,,,
"",163,1905,,,,,,,,,,,,,,,
"",43,1965,,,0,,,,,,,,,,,,
"",87,1932,,,,,,,,,,,,,,,
"",126,1995,,,0,,,,,,,,,,,,
"",41,1975,,,0,,,,,,,,,,,,
"",161,1915,,,,,,,,,,,,,,,
"",23,1965,,,0,,,,,,,,,,,,
"",104,1932,,,,,,,,,,,,,,,
"",39,1985,,,0,,,,,,,,,,,,
"",76,1955,,,,,,,,,,,,,,,
"",65,1975,,,0,,,,,,,,,,,,
"",151,1985,,,0,,,,,,,,,,,,
"",88,1965,,,0,,,,,,,,,,,,
"",73,1932,,,,,,,,,,,,,,,
"",159,1995,,,0,,,,,,,,,,,,
"",,,,,0,,,,,,,,,0,0,0,
"",167,1925,,,,,,,,,,,,,,,
"",56,1985,,,0,,,,,,,,,,,,
"",99,1932,,,,,,,,,,,,,,,
"",132,1925,,,,,,,,,,,,,,,
"",,,,,0,,,,,,,,,0,0,0,
"",159,1955,,,,,,,,,,,,,,,
"",179,1975,,,0,,,,,,,,,,,,
"",60,2005,,,0,,,,,,,,,,,,
"",159,1935,,,,,,,,,,,,,,,
"",151,1995,,,0,,,,,,,,,,,,
"",155,1915,,,,,,,,,,,,,,,
"",139,1945,,,,,,,,,,,,,,,
"",146,1945,,,,,,,,,,,,,,,
"",93,1995,,,0,,,,,,,,,,,,
"",158,2005,,,0,,,,,,,,,,,,
"",159,1985,,,0,,,,,,,,,,,,
"",165,2005,,,0,,,,,,,,,,,,
"",15,2005,,,0,,,,,,,,,,,,
"",111,1945,,,,,,,,,,,,,,,
"",158,1955,,,,,,,,,,,,,,,
"",46,1935,,,,,,,,,,,,,,,
"",159,1945,,,,,,,,,,,,,,,
"",112,1955,,,,,,,,,,,,,,,
"",151,1925,,,,,,,,,,,,,,,
"",177,1955,,,,,,,,,,,,,,,
"",81,1995,,,0,,,,,,,,,,,,
"",133,1995,,,0,,,,,,,,,,,,
"",152,1945,,,,,,,,,,,,,,,
"",191,2005,,,0,,,,,,,,,,,,
"",,,,,0,,,,,,,,,0,0,0,
"",195,1985,,,0,,,,,,,,,,,,
"",,,,,0,,,,,,,,,0,0,0,
"",133,2005,,,0,,,,,,,,,,,,
"",27,1945,,,,,,,,,,,,,,,
"",41,1965,,,0,,,,,,,,,,,,
"",41,1932,,,,,,,,,,,,,,,
"",167,1932,,,,,,,,,,,,,,,
"",12,1985,,,0,,,,,,,,,,,,
"",216,1945,,,,,,,,,,,,,,,
"",149,1935,,,,,,,,,,,,,,,
"",102,1995,,,0,,,,,,,,,,,,
"",155,2005,,,0,,,,,,,,,,,,
"",150,1995,,,0,,,,,,,,,,,,
"",155,1995,,,0,,,,,,,,,,,,
"",,,,,0,,,,,,,,,0,0,0,
"",155,1985,,,0,,,,,,,,,,,,
"",20,1935,,,,,,,,,,,,,,,
"",155,1955,,,,,,,,,,,,,,,
"",101,1995,,,0,,,,,,,,,,,,
"",94,1925,,,,,,,,,,,,,,,
"",100,1955,,,,,,,,,,,,,,,
"",51,1995,,,0,,,,,,,,,,,,
"",141,1932,,,,,,,,,,,,,,,
"",62,1955,,,,,,,,,,,,,,,
"",16,1965,,,0,,,,,,,,,,,,
"",177,1965,,,0,,,,,,,,,,,,
"",162,1965,,,0,,,,,,,,,,,,
"",154,2005,,,0,,,,,,,,,,,,
"",60,1985,,,0,,,,,,,,,,,,
"",65,1932,,,,,,,,,,,,,,,
"",205,1945,,,,,,,,,,,,,,,
"",27,1985,,,0,,,,,,,,,,,,
"",90,1935,,,,,,,,,,,,,,,
"",16,1955,,,,,,,,,,,,,,,
"",,,,,0,,,,,,,,,0,0,0,
"",70,1965,,,0,,,,,,,,,,,,
"",58,1995,,,0,,,,,,,,,,,,
"",,2000,,,0,,,,,,,,,,,,
"",131,2005,,,0,,,,,,,,,,,,
"",94,1985,,,0,,,,,,,,,,,,
"",28,1995,,,0,,,,,,,,,,,,
"Pakistan",153,2005,,,0,,,,,,,,,,,,
"",,,,,0,,,,,,,,,0,0,0,
"",35,1955,,,,,,,,,,,,,,,
"",57,1995,,,0,,,,,,,,,,,,
"",109,1975,,,0,,,,,,,,,,,,
"",158,1965,,,0,,,,,,,,,,,,
"",153,1965,,,0,,,,,,,,,,,,
"",38,1985,,,0,,,,,,,,,,,,
"",184,1945,,,,,,,,,,,,,,,
"",16,1995,,,0,,,,,,,,,,,,
"",159,1915,,,,,,,,,,,,,,,
"",47,1955,,,,,,,,,,,,,,,
"",43,1995,,,0,,,,,,,,,,,,
"",168,1935,,,,,,,,,,,,,,,
"",152,1965,,,0,,,,,,,,,,,,
"",146,1995,,,0,,,,,,,,,,,,
"",95,2005,,,0,,,,,,,,,,,,
"",146,1932,,,,,,,,,,,,,,,
"",100,1995,,,0,,,,,,,,,,,,
"",69,1965,,,0,,,,,,,,,,,,
"",94,1935,,,,,,,,,,,,,,,
"",151,2005,,,0,,,,,,,,,,,,
"",207,1965,,,0,,,,,,,,,,,,
"",28,1945,,,,,,,,,,,,,,,
"",133,1955,,,,,,,,,,,,,,,
"",,,,,0,,,,,,,,,0,0,0,
"",190,1975,,,0,,,,,,,,,,,,
"",114,1975,,,0,,,,,,,,,,,,
"",13,1915,,,,,,,,,,,,,,,
"",136,2005,,,0,,,,,,,,,,,,
"",151,1945,,,,,,,,,,,,,,,
"",17,1945,,,,,,,,,,,,,,,
"",104,1975,,,0,,,,,,,,,,,,
"",49,1985,,,0,,,,,,,,,,,,
"",92,1965,,,0,,,,,,,,,,,,
"",81,1965,,,0,,,,,,,,,,,,
"",116,1955,,,,,,,,,,,,,,,
"",44,1975,,,0,,,,,,,,,,,,
"",21,1975,,,0,,,,,,,,,,,,
"",66,1985,,,0,,,,,,,,,,,,
"",98,1965,,,0,,,,,,,,,,,,
"",192,2005,,,0,,,,,,,,,,,,
"",90,1945,,,,,,,,,,,,,,,
"",46,2005,,,0,,,,,,,,,,,,
"",108,1945,,,,,,,,,,,,,,,
"",149,2005,,,0,,,,,,,,,,,,
"",137,1965,,,0,,,,,,,,,,,,
"",73,1995,,,0,,,,,,,,,,,,
"",208,2005,,,0,,,,,,,,,,,,
"",132,1935,,,,,,,,,,,,,,,
"",78,1965,,,0,,,,,,,,,,,,
"",149,1965,,,0,,,,,,,,,,,,
"",,1990,,,0,,,,,,,,,,,,
"",,,,,0,,,,,,,,,0,0,0,
"",173,1995,,,0,,,,,,,,,,,,
"",153,1995,,,0,,,,,,,,,,,,
"",77,2005,,,0,,,,,,,,,,,,
"",47,1945,,,,,,,,,,,,,,,
"",99,1955,,,,,,,,,,,,,,,
"",17,1995,,,0,,,,,,,,,,,,
"",,,,,0,,,,,,,,,0,0,0,
"",161,1945,,,,,,,,,,,,,,,
"",148,1985,,,0,,,,,,,,,,,,
"",207,1995,,,0,,,,,,,,,,,,
"",28,1932,,,,,,,,,,,,,,,
"",17,2005,,,0,,,,,,,,,,,,
"",148,1955,,,,,,,,,,,,,,,
"",197,1945,,,,,,,,,,,,,,,
"",112,1985,,,0,,,,,,,,,,,,
"",18,1955,,,,,,,,,,,,,,,
"",163,1935,,,,,,,,,,,,,,,
"",191,1965,,,0,,,,,,,,,,,,
"",,,,,0,,,,,,,,,0,0,0,
"",193,1955,,,,,,,,,,,,,,,
"",183,1915,,,,,,,,,,,,,,,
"",,1905,,,,,,,,,,,,,,,
"",94,1945,,,,,,,,,,,,,,,
"",119,2005,,,0,,,,,,,,,,,,
"",127,1955,,,,,,,,,,,,,,,
"",139,2005,,,0,,,,,,,,,,,,
"",50,1925,,,,,,,,,,,,,,,
"",20,1975,,,0,,,,,,,,,,,,
"",39,1965,,,0,,,,,,,,,,,,
"",58,1955,,,,,,,,,,,,,,,
"",147,1915,,,,,,,,,,,,,,,
"",51,1985,,,0,,,,,,,,,,,,
"",,1935,,,,,,,,,,,,,,,
"",199,2005,,,0,,,,,,,,,,,,
"",189,2005,,,0,,,,,,,,,,,,
"",44,1945,,,,,,,,,,,,,,,
"",113,1932,,,,,,,,,,,,,,,
"",108,1985,,,0,,,,,,,,,,,,
"",172,1985,,,0,,,,,,,,,,,,
"",50,1945,,,,,,,,,,,,,,,
"",155,1905,,,,,,,,,,,,,,,
"",116,1985,,,0,,,,,,,,,,,,
"",181,1995,,,0,,,,,,,,,,,,
"",145,2005,,,0,,,,,,,,,,,,
"",215,1975,,,0,,,,,,,,,,,,
"",147,1955,,,,,,,,,,,,,,,
"",198,2005,,,0,,,,,,,,,,,,
"",187,1955,,,,,,,,,,,,,,,
"",154,1985,,,0,,,,,,,,,,,,
"",194,1945,,,,,,,,,,,,,,,
"",34,1975,,,0,,,,,,,,,,,,
"",177,2005,,,0,,,,,,,,,,,,
"",45,1965,,,0,,,,,,,,,,,,
"",105,1945,,,,,,,,,,,,,,,
"",113,1995,,,0,,,,,,,,,,,,
"",130,1932,,,,,,,,,,,,,,,
"",137,1945,,,,,,,,,,,,,,,
"",162,1955,,,,,,,,,,,,,,,
"",203,2005,,,0,,,,,,,,,,,,
"",8,1945,,,,,,,,,,,,,,,
"",175,1975,,,0,,,,,,,,,,,,
"",78,1975,,,0,,,,,,,,,,,,
"",205,1965,,,0,,,,,,,,,,,,
"",18,2005,,,0,,,,,,,,,,,,
"",61,1945,,,,,,,,,,,,,,,
"",46,1955,,,,,,,,,,,,,,,
"",63,1955,,,,,,,,,,,,,,,
"",182,1932,,,,,,,,,,,,,,,
"",186,1955,,,,,,,,,,,,,,,
"",131,1945,,,,,,,,,,,,,,,
"",89,1985,,,0,,,,,,,,,,,,
"",21,1985,,,0,,,,,,,,,,,,
"",,1960,,,,,,,,,,,,,,,
"",66,1975,,,0,,,,,,,,,,,,
"",50,1975,,,0,,,,,,,,,,,,
"",40,2005,,,0,,,,,,,,,,,,
"",62,1932,,,,,,,,,,,,,,,
"",5,1975,,,0,,,,,,,,,,,,
"",70,1955,,,,,,,,,,,,,,,
"",145,1945,,,,,,,,,,,,,,,
"",150,1955,,,,,,,,,,,,,,,
"",217,1945,,,,,,,,,,,,,,,
"",215,1985,,,0,,,,,,,,,,,,
"",19,1935,,,,,,,,,,,,,,,
"",78,1995,,,0,,,,,,,,,,,,
"",141,1915,,,,,,,,,,,,,,,
"",105,1932,,,,,,,,,,,,,,,
"",140,2005,,,0,,,,,,,,,,,,
"",149,1945,,,,,,,,,,,,,,,
"",12,2005,,,0,,,,,,,,,,,,
"",30,1945,,,,,,,,,,,,,,,
"",,,,,0,,,,,,,,,0,0,0,
"",140,1975,,,0,,,,,,,,,,,,
"",47,1975,,,0,,,,,,,,,,,,
"",120,1975,,,0,,,,,,,,,,,,
"",13,2005,,,0,,,,,,,,,,,,
"",148,1935,,,,,,,,,,,,,,,
"",214,1925,,,,,,,,,,,,,,,
"",20,1965,,,0,,,,,,,,,,,,
"",49,1955,,,,,,,,,,,,,,,
"",97,1975,,,0,,,,,,,,,,,,
"",139,1995,,,0,,,,,,,,,,,,
"",15,1975,,,0,,,,,,,,,,,,
"",102,1932,,,,,,,,,,,,,,,
"",215,1932,,,,,,,,,,,,,,,
"",139,1975,,,0,,,,,,,,,,,,
"",132,1985,,,0,,,,,,,,,,,,
"",129,1955,,,,,,,,,,,,,,,
"",131,1985,,,0,,,,,,,,,,,,
"",,,,,0,,,,,,,,,0,0,0,
"",50,1905,,,,,,,,,,,,,,,
"",139,1932,,,,,,,,,,,,,,,
"",,,,,0,,,,,,,,,0,0,0,
"",50,2005,,,0,,,,,,,,,,,,
"",207,1975,,,0,,,,,,,,,,,,
"",44,1965,,,0,,,,,,,,,,,,
"Bangladesh",19,2005,,,0,,,,,,,,,,,,
"",189,1935,,,,,,,,,,,,,,,
"",198,1985,,,0,,,,,,,,,,,,
"",203,1965,,,0,,,,,,,,,,,,
"",5,1945,,,,,,,,,,,,,,,
"",137,2005,,,0,,,,,,,,,,,,
"",,,,,0,,,,,,,,,0,0,0,
"",154,1915,,,,,,,,,,,,,,,
"",20,1905,,,,,,,,,,,,,,,
"",193,1985,,,0,,,,,,,,,,,,
"",189,1985,,,0,,,,,,,,,,,,
"",93,1932,,,,,,,,,,,,,,,
"",149,1925,,,,,,,,,,,,,,,
"",50,1915,,,,,,,,,,,,,,,
"",161,1925,,,,,,,,,,,,,,,
"",94,1905,,,,,,,,,,,,,,,
"",137,1932,,,,,,,,,,,,,,,
"",97,1965,,,0,,,,,,,,,,,,
"",72,1975,,,0,,,,,,,,,,,,
"",151,1935,,,,,,,,,,,,,,,
"",177,1932,,,,,,,,,,,,,,,
"",136,1975,,,0,,,,,,,,,,,,
"",214,2005,,,0,,,,,,,,,,,,
"",155,1975,,,0,,,,,,,,,,,,
"",19,1945,,,,,,,,,,,,,,,
"",55,1995,,,0,,,,,,,,,,,,
"",,,,,0,,,,,,,,,0,0,0,
"",182,1995,,,0,,,,,,,,,,,,
"",199,1945,,,,,,,,,,,,,,,
"",109,1945,,,,,,,,,,,,,,,
"",201,1945,,,,,,,,,,,,,,,
"",139,1965,,,0,,,,,,,,,,,,
"Uruguay",201,2005,,,0,,,,,,,,,,,,
"",152,1995,,,0,,,,,,,,,,,,
"",,,,,0,,,,,,,,,0,0,0,
"",51,1935,,,,,,,,,,,,,,,
"",159,1965,,,0,,,,,,,,,,,,
"",168,1965,,,0,,,,,,,,,,,,
"",117,1945,,,,,,,,,,,,,,,
"",200,1985,,,0,,,,,,,,,,,,
"",180,1955,,,,,,,,,,,,,,,
"",125,1955,,,,,,,,,,,,,,,
"",153,1932,,,,,,,,,,,,,,,
"",86,1985,,,0,,,,,,,,,,,,
"",62,1995,,,0,,,,,,,,,,,,
"",193,1965,,,0,,,,,,,,,,,,
"",111,1975,,,0,,,,,,,,,,,,
"",207,1955,,,,,,,,,,,,,,,
"",66,2005,,,0,,,,,,,,,,,,
"",162,1932,,,,,,,,,,,,,,,
"",66,1935,,,,,,,,,,,,,,,
"",132,1965,,,0,,,,,,,,,,,,
"",167,2005,,,0,,,,,,,,,,,,
"",130,1955,,,,,,,,,,,,,,,
"",64,1975,,,0,,,,,,,,,,,,
"",132,1945,,,,,,,,,,,,,,,
"",93,1945,,,,,,,,,,,,,,,
"",201,1915,,,,,,,,,,,,,,,
"",8,1935,,,,,,,,,,,,,,,
"",44,1995,,,0,,,,,,,,,,,,
"",110,2005,,,0,,,,,,,,,,,,
"",153,1945,,,,,,,,,,,,,,,
"",205,1955,,,,,,,,,,,,,,,
"",199,1995,,,0,,,,,,,,,,,,
"",23,1932,,,,,,,,,,,,,,,
"",65,1995,,,0,,,,,,,,,,,,
"",94,1915,,,,,,,,,,,,,,,
"",208,1965,,,0,,,,,,,,,,,,
"",131,1932,,,,,,,,,,,,,,,
"",186,1932,,,,,,,,,,,,,,,
"",47,1932,,,,,,,,,,,,,,,
"",173,1915,,,,,,,,,,,,,,,
"",23,1985,,,0,,,,,,,,,,,,
"",130,1995,,,0,,,,,,,,,,,,
"",130,1945,,,,,,,,,,,,,,,
"",31,1975,,,0,,,,,,,,,,,,
"",208,1955,,,,,,,,,,,,,,,
"",16,1945,,,,,,,,,,,,,,,
"",191,1995,,,0,,,,,,,,,,,,
"",20,1915,,,,,,,,,,,,,,,
"",161,1975,,,0,,,,,,,,,,,,
"",33,1985,,,0,,,,,,,,,,,,
"",,,,,0,,,,,,,,,0,0,0,
"",158,1985,,,0,,,,,,,,,,,,
"",,1965,,,0,,,,,,,,,,,,
"",64,1935,,,,,,,,,,,,,,,
"",36,1995,,,0,,,,,,,,,,,,
"",137,1985,,,0,,,,,,,,,,,,
"",44,1985,,,0,,,,,,,,,,,,
"",98,1915,,,,,,,,,,,,,,,
"",151,1975,,,0,,,,,,,,,,,,
"",148,1932,,,,,,,,,,,,,,,
"",43,1905,,,,,,,,,,,,,,,
"",30,1955,,,,,,,,,,,,,,,
"",,,,,0,,,,,,,,,0,0,0,
"",132,1995,,,0,,,,,,,,,,,,
"",153,1975,,,0,,,,,,,,,,,,
"",,,,,0,,,,,,,,,0,0,0,
"",72,1932,,,,,,,,,,,,,,,
"",,,,,0,,,,,,,,,0,0,0,
"",118,1965,,,0,,,,,,,,,,,,
"",39,1975,,,0,,,,,,,,,,,,
"",181,1932,,,,,,,,,,,,,,,
"",86,1995,,,0,,,,,,,,,,,,
"",163,1925,,,,,,,,,,,,,,,
"",104,1955,,,,,,,,,,,,,,,
"",127,1995,,,0,,,,,,,,,,,,
"",170,1945,,,,,,,,,,,,,,,
"",97,1955,,,,,,,,,,,,,,,
"",190,1965,,,0,,,,,,,,,,,,
"",57,1935,,,,,,,,,,,,,,,
"",64,1965,,,0,,,,,,,,,,,,
"",56,1995,,,0,,,,,,,,,,,,
"",152,1975,,,0,,,,,,,,,,,,
"",126,2005,,,0,,,,,,,,,,,,
"",124,1995,,,0,,,,,,,,,,,,
"",127,1925,,,,,,,,,,,,,,,
"",40,1965,,,0,,,,,,,,,,,,
"",127,1905,,,,,,,,,,,,,,,
"",161,1995,,,0,,,,,,,,,,,,
"",124,1985,,,0,,,,,,,,,,,,
"",15,1932,,,,,,,,,,,,,,,
"",127,2005,,,0,,,,,,,,,,,,
"",126,1975,,,0,,,,,,,,,,,,
"",120,2005,,,0,,,,,,,,,,,,
"",192,1985,,,0,,,,,,,,,,,,
"",110,1965,,,0,,,,,,,,,,,,
"",101,1945,,,,,,,,,,,,,,,
"",99,2005,,,0,,,,,,,,,,,,
"",105,1985,,,0,,,,,,,,,,,,
"",36,1925,,,,,,,,,,,,,,,
"",78,1985,,,0,,,,,,,,,,,,
"",64,1905,,,,,,,,,,,,,,,
"",,,,,0,,,,,,,,,0,0,0,
"",129,1932,,,,,,,,,,,,,,,
"",169,1995,,,0,,,,,,,,,,,,
"",102,1955,,,,,,,,,,,,,,,
"",93,1925,,,,,,,,,,,,,,,
"",125,1932,,,,,,,,,,,,,,,
"",16,1932,,,,,,,,,,,,,,,
"",193,1975,,,0,,,,,,,,,,,,
"",59,2005,,,0,,,,,,,,,,,,
"",29,1965,,,0,,,,,,,,,,,,
"",33,2005,,,0,,,,,,,,,,,,
"",200,2005,,,0,,,,,,,,,,,,
"",126,1965,,,0,,,,,,,,,,,,
"",51,2005,,,0,,,,,,,,,,,,
"",147,1965,,,0,,,,,,,,,,,,
"",122,1925,,,,,,,,,,,,,,,
"",21,1995,,,0,,,,,,,,,,,,
"",86,1945,,,,,,,,,,,,,,,
"",211,1965,,,0,,,,,,,,,,,,
"",103,2005,,,0,,,,,,,,,,,,
"",14,1955,,,,,,,,,,,,,,,
"",201,1985,,,0,,,,,,,,,,,,
"",21,2005,,,0,,,,,,,,,,,,
"",45,1975,,,0,,,,,,,,,,,,
"",,,,,0,,,,,,,,,0,0,0,
"",,,,,0,,,,,,,,,0,0,0,
"",8,2005,,,0,,,,,,,,,,,,
"",22,1932,,,,,,,,,,,,,,,
"",122,1985,,,0,,,,,,,,,,,,
"",118,1945,,,,,,,,,,,,,,,
"",172,1932,,,,,,,,,,,,,,,
"",35,1965,,,0,,,,,,,,,,,,
"",14,1975,,,0,,,,,,,,,,,,
"",53,2005,,,0,,,,,,,,,,,,
"",98,1985,,,0,,,,,,,,,,,,
"",122,1932,,,,,,,,,,,,,,,
"",117,1995,,,0,,,,,,,,,,,,
"",64,1985,,,0,,,,,,,,,,,,
"",159,1905,,,,,,,,,,,,,,,
"",,,,,0,,,,,,,,,0,0,0,
"",34,1985,,,0,,,,,,,,,,,,
"",46,1905,,,,,,,,,,,,,,,
"",204,1932,,,,,,,,,,,,,,,
"",46,1915,,,,,,,,,,,,,,,
"",22,1955,,,,,,,,,,,,,,,
"",89,1905,,,,,,,,,,,,,,,
"",120,1995,,,0,,,,,,,,,,,,
"",,,,,0,,,,,,,,,0,0,0,
"",28,1985,,,0,,,,,,,,,,,,
"",132,1975,,,0,,,,,,,,,,,,
"",4,1955,,,,,,,,,,,,,,,
"",44,1932,,,,,,,,,,,,,,,
"",200,1975,,,0,,,,,,,,,,,,
"",92,1915,,,,,,,,,,,,,,,
"",119,1995,,,0,,,,,,,,,,,,
"",55,1975,,,0,,,,,,,,,,,,
"",,,,,0,,,,,,,,,0,0,0,
"",192,1945,,,,,,,,,,,,,,,
"",113,1945,,,,,,,,,,,,,,,
"",170,1955,,,,,,,,,,,,,,,
"",58,1932,,,,,,,,,,,,,,,
"",119,1932,,,,,,,,,,,,,,,
"",194,1965,,,0,,,,,,,,,,,,
"",175,2005,,,0,,,,,,,,,,,,
"",59,1985,,,0,,,,,,,,,,,,
"",,,,,0,,,,,,,,,0,0,0,
"",73,1965,,,0,,,,,,,,,,,,
"",100,1932,,,,,,,,,,,,,,,
"",69,1955,,,,,,,,,,,,,,,
"",59,1955,,,,,,,,,,,,,,,
"",154,1955,,,,,,,,,,,,,,,
"",19,1955,,,,,,,,,,,,,,,
"",23,1995,,,0,,,,,,,,,,,,
"",117,1975,,,0,,,,,,,,,,,,
"",180,1945,,,,,,,,,,,,,,,
"",53,1945,,,,,,,,,,,,,,,
"",50,1985,,,0,,,,,,,,,,,,
"",64,1932,,,,,,,,,,,,,,,
"",,1955,,,,,,,,,,,,,,,
"",149,1905,,,,,,,,,,,,,,,
"",154,1905,,,,,,,,,,,,,,,
"",58,1945,,,,,,,,,,,,,,,
"",73,1975,,,0,,,,,,,,,,,,
"",14,1965,,,0,,,,,,,,,,,,
"",35,1932,,,,,,,,,,,,,,,
"",170,1965,,,0,,,,,,,,,,,,
"",87,1965,,,0,,,,,,,,,,,,
"",203,1932,,,,,,,,,,,,,,,
"",,,,,0,,,,,,,,,0,0,0,
"",4,1945,,,,,,,,,,,,,,,
"",116,1932,,,,,,,,,,,,,,,
"",153,1955,,,,,,,,,,,,,,,
"",205,1985,,,0,,,,,,,,,,,,
"",201,1905,,,,,,,,,,,,,,,
"",89,1995,,,0,,,,,,,,,,,,
"",25,1995,,,0,,,,,,,,,,,,
"",217,1955,,,,,,,,,,,,,,,
"",148,1905,,,,,,,,,,,,,,,
"",41,1985,,,0,,,,,,,,,,,,
"",14,2005,,,0,,,,,,,,,,,,
"",15,1945,,,,,,,,,,,,,,,
"",162,1925,,,,,,,,,,,,,,,
"",192,1932,,,,,,,,,,,,,,,
"",203,1945,,,,,,,,,,,,,,,
"",33,1975,,,0,,,,,,,,,,,,
"",155,1925,,,,,,,,,,,,,,,
"",192,1975,,,0,,,,,,,,,,,,
"",190,1955,,,,,,,,,,,,,,,
"",113,1985,,,0,,,,,,,,,,,,
"",148,1995,,,0,,,,,,,,,,,,
"",183,2005,,,0,,,,,,,,,,,,
"",,,,,0,,,,,,,,,0,0,0,
"",63,1995,,,0,,,,,,,,,,,,
"",16,2005,,,0,,,,,,,,,,,,
"",171,1932,,,,,,,,,,,,,,,
"",132,1915,,,,,,,,,,,,,,,
"",,,,,0,,,,,,,,,0,0,0,
"",192,1965,,,0,,,,,,,,,,,,
"",24,1955,,,,,,,,,,,,,,,
"",211,1995,,,0,,,,,,,,,,,,
"",24,1965,,,0,,,,,,,,,,,,
"",162,1905,,,,,,,,,,,,,,,
"",161,2005,,,0,,,,,,,,,,,,
"",45,1955,,,,,,,,,,,,,,,
"",,,,,0,,,,,,,,,0,0,0,
"",149,1995,,,0,,,,,,,,,,,,
"",111,1932,,,,,,,,,,,,,,,
"",87,1995,,,0,,,,,,,,,,,,
"",78,1935,,,,,,,,,,,,,,,
"",127,1935,,,,,,,,,,,,,,,
"",202,2005,,,0,,,,,,,,,,,,
"",,,,,0,,,,,,,,,0,0,0,
"",9,1955,,,,,,,,,,,,,,,
"",176,1915,,,,,,,,,,,,,,,
"",13,1935,,,,,,,,,,,,,,,
"",38,1925,,,,,,,,,,,,,,,
"",111,1995,,,0,,,,,,,,,,,,
"",180,1932,,,,,,,,,,,,,,,
"",140,1955,,,,,,,,,,,,,,,
"",155,1935,,,,,,,,,,,,,,,
"",111,1965,,,0,,,,,,,,,,,,
"",,,,,0,,,,,,,,,0,0,0,
"",111,1955,,,,,,,,,,,,,,,
"",,,,,0,,,,,,,,,0,0,0,
"",36,1945,,,,,,,,,,,,,,,
"",165,1975,,,0,,,,,,,,,,,,
"",199,1975,,,0,,,,,,,,,,,,
"",152,1955,,,,,,,,,,,,,,,
"",111,1915,,,,,,,,,,,,,,,
"",,,,,0,,,,,,,,,0,0,0,
"",111,1905,,,,,,,,,,,,,,,
"",29,1955,,,,,,,,,,,,,,,
"",89,2005,,,0,,,,,,,,,,,,
"",29,2005,,,0,,,,,,,,,,,,
"",153,1935,,,,,,,,,,,,,,,
"",125,1995,,,0,,,,,,,,,,,,
"",94,1955,,,,,,,,,,,,,,,
"",183,1925,,,,,,,,,,,,,,,
"",127,1985,,,0,,,,,,,,,,,,
"",33,1932,,,,,,,,,,,,,,,
"",194,1935,,,,,,,,,,,,,,,
"",190,2005,,,0,,,,,,,,,,,,
"",57,1965,,,0,,,,,,,,,,,,
"",200,1955,,,,,,,,,,,,,,,
"",87,2005,,,0,,,,,,,,,,,,
"",,,,,0,,,,,,,,,0,0,0,
"",,,,,0,,,,,,,,,0,0,0,
"",132,2005,,,0,,,,,,,,,,,,
"",213,1985,,,0,,,,,,,,,,,,
"",109,1965,,,0,,,,,,,,,,,,
"",120,1932,,,,,,,,,,,,,,,
"",124,1965,,,0,,,,,,,,,,,,
"",,,,,0,,,,,,,,,0,0,0,
"",177,1995,,,0,,,,,,,,,,,,
"",152,2005,,,0,,,,,,,,,,,,
"",16,1935,,,,,,,,,,,,,,,
"",94,1932,,,,,,,,,,,,,,,
"",136,1955,,,,,,,,,,,,,,,
"",43,1925,,,,,,,,,,,,,,,
"",13,1955,,,,,,,,,,,,,,,
"",175,1955,,,,,,,,,,,,,,,
"",194,1985,,,0,,,,,,,,,,,,
"",117,1955,,,,,,,,,,,,,,,
"",81,1945,,,,,,,,,,,,,,,
"",108,1932,,,,,,,,,,,,,,,
"",136,1965,,,0,,,,,,,,,,,,
"",183,1965,,,0,,,,,,,,,,,,
"",168,1955,,,,,,,,,,,,,,,
"",154,1945,,,,,,,,,,,,,,,
"",36,1955,,,,,,,,,,,,,,,
"",103,1995,,,0,,,,,,,,,,,,
"",64,1955,,,,,,,,,,,,,,,
"",36,2005,,,0,,,,,,,,,,,,
"",81,1932,,,,,,,,,,,,,,,
"",60,1955,,,,,,,,,,,,,,,
"",103,1955,,,,,,,,,,,,,,,
"",90,1932,,,,,,,,,,,,,,,
"",,,,,0,,,,,,,,,0,0,0,
"",111,2005,,,0,,,,,,,,,,,,
"",58,1925,,,,,,,,,,,,,,,
"",,,,,0,,,,,,,,,0,0,0,
"",168,1985,,,0,,,,,,,,,,,,
"",143,1945,,,,,,,,,,,,,,,
"",203,1975,,,0,,,,,,,,,,,,
"",105,1975,,,0,,,,,,,,,,,,
"",165,1945,,,,,,,,,,,,,,,
"",214,1915,,,,,,,,,,,,,,,
"",35,1995,,,0,,,,,,,,,,,,
"",,,,,0,,,,,,,,,0,0,0,
"",76,1985,,,0,,,,,,,,,,,,
"",126,1945,,,,,,,,,,,,,,,
"",109,1985,,,0,,,,,,,,,,,,
"",,,,,0,,,,,,,,,0,0,0,
"",18,1995,,,0,,,,,,,,,,,,
"",208,1975,,,0,,,,,,,,,,,,
"",43,1985,,,0,,,,,,,,,,,,
"",202,1915,,,,,,,,,,,,,,,
"",71,1965,,,0,,,,,,,,,,,,
"",42,1975,,,0,,,,,,,,,,,,
"",104,1945,,,,,,,,,,,,,,,
"",21,1932,,,,,,,,,,,,,,,
"",,,,,0,,,,,,,,,0,0,0,
"",120,1945,,,,,,,,,,,,,,,
"",99,1975,,,0,,,,,,,,,,,,
"",93,1955,,,,,,,,,,,,,,,
"",61,1935,,,,,,,,,,,,,,,
"",94,1965,,,0,,,,,,,,,,,,
"",156,1905,,,,,,,,,,,,,,,
"",129,2005,,,0,,,,,,,,,,,,
"",5,1932,,,,,,,,,,,,,,,
"",84,1945,,,,,,,,,,,,,,,
"",214,1995,,,0,,,,,,,,,,,,
"",184,1975,,,0,,,,,,,,,,,,
"",34,1945,,,,,,,,,,,,,,,
"Paraguay",163,2005,,,0,,,,,,,,,,,,
"",55,1932,,,,,,,,,,,,,,,
"",87,1955,,,,,,,,,,,,,,,
"",27,1975,,,0,,,,,,,,,,,,
"",27,1932,,,,,,,,,,,,,,,
"",28,1915,,,,,,,,,,,,,,,
"",165,1985,,,0,,,,,,,,,,,,
"",16,1985,,,0,,,,,,,,,,,,
"",,,,,0,,,,,,,,,0,0,0,
"",151,1955,,,,,,,,,,,,,,,
"",101,2005,,,0,,,,,,,,,,,,
"",114,1955,,,,,,,,,,,,,,,
"",75,1945,,,,,,,,,,,,,,,
"",101,1985,,,0,,,,,,,,,,,,
"",104,1985,,,0,,,,,,,,,,,,
"",17,1975,,,0,,,,,,,,,,,,
"Indonesia",90,2005,,,0,,,,,,,,,,,,
"",162,1945,,,,,,,,,,,,,,,
"",77,1995,,,0,,,,,,,,,,,,
"",,1940,,,,,,,,,,,,,,,
"",78,1915,,,,,,,,,,,,,,,
"",191,1945,,,,,,,,,,,,,,,
"",22,1945,,,,,,,,,,,,,,,
"",,,,,0,,,,,,,,,0,0,0,
"",102,1975,,,0,,,,,,,,,,,,
"",204,1945,,,,,,,,,,,,,,,
"",110,1932,,,,,,,,,,,,,,,
"",12,1925,,,,,,,,,,,,,,,
"",153,1915,,,,,,,,,,,,,,,
"",162,2005,,,0,,,,,,,,,,,,
"",39,1915,,,,,,,,,,,,,,,
"",150,2005,,,0,,,,,,,,,,,,
"",,,,,0,,,,,,,,,0,0,0,
"",21,1945,,,,,,,,,,,,,,,
"",62,2005,,,0,,,,,,,,,,,,
"",99,1995,,,0,,,,,,,,,,,,
"",53,1985,,,0,,,,,,,,,,,,
"",99,1985,,,0,,,,,,,,,,,,
"",120,1985,,,0,,,,,,,,,,,,
"",143,1985,,,0,,,,,,,,,,,,
"",103,1975,,,0,,,,,,,,,,,,
"",99,1945,,,,,,,,,,,,,,,
"",19,1905,,,,,,,,,,,,,,,
"",15,1985,,,0,,,,,,,,,,,,
"",120,1965,,,0,,,,,,,,,,,,
"",165,1932,,,,,,,,,,,,,,,
"",,,,,0,,,,,,,,,0,0,0,
"",163,1955,,,,,,,,,,,,,,,
"",199,1955,,,,,,,,,,,,,,,
"",89,1925,,,,,,,,,,,,,,,
"",103,1945,,,,,,,,,,,,,,,
"",184,1965,,,0,,,,,,,,,,,,
"",98,1945,,,,,,,,,,,,,,,
"",125,1975,,,0,,,,,,,,,,,,
"",98,1935,,,,,,,,,,,,,,,
"",98,1932,,,,,,,,,,,,,,,
"",,,,,0,,,,,,,,,0,0,0,
"",98,1925,,,,,,,,,,,,,,,
"",9,2005,,,0,,,,,,,,,,,,
"",216,1995,,,0,,,,,,,,,,,,
"",129,1995,,,0,,,,,,,,,,,,
"",191,1985,,,0,,,,,,,,,,,,
"",122,1975,,,0,,,,,,,,,,,,
"",38,2005,,,0,,,,,,,,,,,,
"",27,1995,,,0,,,,,,,,,,,,
"",92,1975,,,0,,,,,,,,,,,,
"",30,1995,,,0,,,,,,,,,,,,
"",208,1995,,,0,,,,,,,,,,,,
"",194,1955,,,,,,,,,,,,,,,
"",161,1985,,,0,,,,,,,,,,,,
"",86,1965,,,0,,,,,,,,,,,,
"",28,1905,,,,,,,,,,,,,,,
"",,,,,0,,,,,,,,,0,0,0,
"",43,1975,,,0,,,,,,,,,,,,
"",96,1985,,,0,,,,,,,,,,,,
"",140,1945,,,,,,,,,,,,,,,
"",45,1985,,,0,,,,,,,,,,,,
"",61,1995,,,0,,,,,,,,,,,,
"",96,1965,,,0,,,,,,,,,,,,
"",169,2005,,,0,,,,,,,,,,,,
"",,,,,0,,,,,,,,,0,0,0,
"",193,1932,,,,,,,,,,,,,,,
"",47,1995,,,0,,,,,,,,,,,,
"",96,1932,,,,,,,,,,,,,,,
"",188,1932,,,,,,,,,,,,,,,
"",165,1955,,,,,,,,,,,,,,,
"",47,2005,,,0,,,,,,,,,,,,
"",,,,,0,,,,,,,,,0,0,0,
"",95,1985,,,0,,,,,,,,,,,,
"",141,1965,,,0,,,,,,,,,,,,
"",77,1932,,,,,,,,,,,,,,,
"",203,1955,,,,,,,,,,,,,,,
"",41,1995,,,0,,,,,,,,,,,,
"",95,1955,,,,,,,,,,,,,,,
"",57,1905,,,,,,,,,,,,,,,
"",168,2005,,,0,,,,,,,,,,,,
"",207,1932,,,,,,,,,,,,,,,
"",43,2005,,,0,,,,,,,,,,,,
"",124,2005,,,0,,,,,,,,,,,,
"",90,1975,,,0,,,,,,,,,,,,
"",111,1925,,,,,,,,,,,,,,,
"",110,1985,,,0,,,,,,,,,,,,
"",57,1925,,,,,,,,,,,,,,,
"",181,2005,,,0,,,,,,,,,,,,
"",28,1925,,,,,,,,,,,,,,,
"",116,1925,,,,,,,,,,,,,,,
"",,1900,,,,,,,,,,,,,,,
"",12,1935,,,,,,,,,,,,,,,
"",72,1985,,,0,,,,,,,,,,,,
"",,,,,0,,,,,,,,,0,0,0,
"",,,,,0,,,,,,,,,0,0,0,
"",57,1932,,,,,,,,,,,,,,,
"",151,1905,,,,,,,,,,,,,,,
"",101,1975,,,0,,,,,,,,,,,,
"",,1910,,,,,,,,,,,,,,,
"",167,1955,,,,,,,,,,,,,,,
"",28,1975,,,0,,,,,,,,,,,,
"",93,1965,,,0,,,,,,,,,,,,
"",30,1965,,,0,,,,,,,,,,,,
"",,,,,0,,,,,,,,,0,0,0,
"",77,1945,,,,,,,,,,,,,,,
"",187,1995,,,0,,,,,,,,,,,,
"",97,2005,,,0,,,,,,,,,,,,
"",86,1955,,,,,,,,,,,,,,,
"",211,1985,,,0,,,,,,,,,,,,
"",93,1905,,,,,,,,,,,,,,,
"",180,1965,,,0,,,,,,,,,,,,
"",,,,,0,,,,,,,,,0,0,0,
"",92,1995,,,0,,,,,,,,,,,,
"",117,1965,,,0,,,,,,,,,,,,
"",92,1985,,,0,,,,,,,,,,,,
"",182,1975,,,0,,,,,,,,,,,,
"",89,1965,,,0,,,,,,,,,,,,
"",,,,,0,,,,,,,,,0,0,0,
"",92,1955,,,,,,,,,,,,,,,
"",62,1975,,,0,,,,,,,,,,,,
"",92,1932,,,,,,,,,,,,,,,
"",92,1925,,,,,,,,,,,,,,,
"",193,1945,,,,,,,,,,,,,,,
"",207,2005,,,0,,,,,,,,,,,,
"",,,,,0,,,,,,,,,0,0,0,
"",93,1915,,,,,,,,,,,,,,,
"",181,1945,,,,,,,,,,,,,,,
"",95,1975,,,0,,,,,,,,,,,,
"",170,1995,,,0,,,,,,,,,,,,
"",,,,,0,,,,,,,,,0,0,0,
"",112,1932,,,,,,,,,,,,,,,
"",183,1995,,,0,,,,,,,,,,,,
"",84,1985,,,0,,,,,,,,,,,,
"",,,,,0,,,,,,,,,0,0,0,
"",143,1932,,,,,,,,,,,,,,,
"",126,1932,,,,,,,,,,,,,,,
"",42,1965,,,0,,,,,,,,,,,,
"",176,1965,,,0,,,,,,,,,,,,
"",122,1955,,,,,,,,,,,,,,,
"",,,,,0,,,,,,,,,0,0,0,
"",38,1995,,,0,,,,,,,,,,,,
"",61,1925,,,,,,,,,,,,,,,
"",216,1975,,,0,,,,,,,,,,,,
"",90,1915,,,,,,,,,,,,,,,
"",198,1995,,,0,,,,,,,,,,,,
"",51,1932,,,,,,,,,,,,,,,
"",171,1985,,,0,,,,,,,,,,,,
"",63,1932,,,,,,,,,,,,,,,
"",23,2005,,,0,,,,,,,,,,,,
"",69,1975,,,0,,,,,,,,,,,,
"",131,1965,,,0,,,,,,,,,,,,
"",148,1945,,,,,,,,,,,,,,,
"",44,1955,,,,,,,,,,,,,,,
"",194,1915,,,,,,,,,,,,,,,
"",35,1975,,,0,,,,,,,,,,,,
"",57,2005,,,0,,,,,,,,,,,,
"",66,1965,,,0,,,,,,,,,,,,
"",89,1932,,,,,,,,,,,,,,,
"",56,1955,,,,,,,,,,,,,,,
"",155,1965,,,0,,,,,,,,,,,,
"",141,1975,,,0,,,,,,,,,,,,
"",145,1955,,,,,,,,,,,,,,,
"",216,1965,,,0,,,,,,,,,,,,
"",189,1915,,,,,,,,,,,,,,,
"",118,1955,,,,,,,,,,,,,,,
"",12,1975,,,0,,,,,,,,,,,,
"",163,1985,,,0,,,,,,,,,,,,
"",60,1975,,,0,,,,,,,,,,,,
"",58,1915,,,,,,,,,,,,,,,
"",151,1915,,,,,,,,,,,,,,,
"",25,1975,,,0,,,,,,,,,,,,
"",183,1945,,,,,,,,,,,,,,,
"",70,1985,,,0,,,,,,,,,,,,
"",42,1995,,,0,,,,,,,,,,,,
"",217,1932,,,,,,,,,,,,,,,
"",29,1975,,,0,,,,,,,,,,,,
"",116,1935,,,,,,,,,,,,,,,
"",66,1925,,,,,,,,,,,,,,,
"",195,1945,,,,,,,,,,,,,,,
"",215,2005,,,0,,,,,,,,,,,,
"",153,1905,,,,,,,,,,,,,,,
"",69,2005,,,0,,,,,,,,,,,,
"",92,1935,,,,,,,,,,,,,,,
"",204,1995,,,0,,,,,,,,,,,,
"",27,1955,,,,,,,,,,,,,,,
"",40,1975,,,0,,,,,,,,,,,,
"",,,,,0,,,,,,,,,0,0,0,
"",,,,,0,,,,,,,,,0,0,0,
"",,,,,0,,,,,,,,,0,0,0,
"",,,,,0,,,,,,,,,0,0,0,
"",216,1985,,,0,,,,,,,,,,,,
"",31,1955,,,,,,,,,,,,,,,
"",9,1932,,,,,,,,,,,,,,,
"",8,1925,,,,,,,,,,,,,,,
"",62,1985,,,0,,,,,,,,,,,,
"",105,1995,,,0,,,,,,,,,,,,
"",,,,,0,,,,,,,,,0,0,0,
"",22,1985,,,0,,,,,,,,,,,,
"",214,1975,,,0,,,,,,,,,,,,
"",81,1905,,,,,,,,,,,,,,,
"",,,,,0,,,,,,,,,0,0,0,
"",122,1995,,,0,,,,,,,,,,,,
"",55,1905,,,,,,,,,,,,,,,
"",174,2005,,,0,,,,,,,,,,,,
"",194,1995,,,0,,,,,,,,,,,,
"",174,1975,,,0,,,,,,,,,,,,
"",145,1975,,,0,,,,,,,,,,,,
"",27,1935,,,,,,,,,,,,,,,
"",190,1995,,,0,,,,,,,,,,,,
"",176,1925,,,,,,,,,,,,,,,
"",109,1955,,,,,,,,,,,,,,,
"",95,1932,,,,,,,,,,,,,,,
"",89,1955,,,,,,,,,,,,,,,
"",,,,,0,,,,,,,,,0,0,0,
"",38,1975,,,0,,,,,,,,,,,,
"",,,,,0,,,,,,,,,0,0,0,
"",189,1945,,,,,,,,,,,,,,,
"",24,2005,,,0,,,,,,,,,,,,
"",15,1965,,,0,,,,,,,,,,,,
"",20,1925,,,,,,,,,,,,,,,
"",,1980,,,0,,,,,,,,,,,,
"",102,1965,,,0,,,,,,,,,,,,
"",30,2005,,,0,,,,,,,,,,,,
"",93,1975,,,0,,,,,,,,,,,,
"",,,,,0,,,,,,,,,0,0,0,
"",59,1915,,,,,,,,,,,,,,,
"",195,1905,,,,,,,,,,,,,,,
"",130,1975,,,0,,,,,,,,,,,,
"",189,1932,,,,,,,,,,,,,,,
"",156,1945,,,,,,,,,,,,,,,
"",101,1965,,,0,,,,,,,,,,,,
"",192,1995,,,0,,,,,,,,,,,,
"",186,1985,,,0,,,,,,,,,,,,
"",59,1925,,,,,,,,,,,,,,,
"",,,,,0,,,,,,,,,0,0,0,
"",63,1965,,,0,,,,,,,,,,,,
"",13,1965,,,0,,,,,,,,,,,,
"",,,,,0,,,,,,,,,0,0,0,
"",167,1935,,,,,,,,,,,,,,,
"",30,1975,,,0,,,,,,,,,,,,
"",81,1915,,,,,,,,,,,,,,,
"",,,,,0,,,,,,,,,0,0,0,
"",195,1925,,,,,,,,,,,,,,,
"",14,1985,,,0,,,,,,,,,,,,
"",98,1995,,,0,,,,,,,,,,,,
"",30,1985,,,0,,,,,,,,,,,,
"",75,1975,,,0,,,,,,,,,,,,
"",31,1985,,,0,,,,,,,,,,,,
"",90,1985,,,0,,,,,,,,,,,,
"",59,1945,,,,,,,,,,,,,,,
"",77,1975,,,0,,,,,,,,,,,,
"",125,2005,,,0,,,,,,,,,,,,
"",,,,,0,,,,,,,,,0,0,0,
"",161,1932,,,,,,,,,,,,,,,
"",114,1985,,,0,,,,,,,,,,,,
"",28,1935,,,,,,,,,,,,,,,
"",35,1915,,,,,,,,,,,,,,,
"",174,1945,,,,,,,,,,,,,,,
"",197,1932,,,,,,,,,,,,,,,
"",57,1945,,,,,,,,,,,,,,,
"",87,1985,,,0,,,,,,,,,,,,
"",181,1955,,,,,,,,,,,,,,,
"",156,1955,,,,,,,,,,,,,,,
"",36,1905,,,,,,,,,,,,,,,
"",95,1945,,,,,,,,,,,,,,,
"",29,1932,,,,,,,,,,,,,,,
"",72,1955,,,,,,,,,,,,,,,
"",,,,,0,,,,,,,,,0,0,0,
"",148,1975,,,0,,,,,,,,,,,,
"",78,1925,,,,,,,,,,,,,,,
"",211,1945,,,,,,,,,,,,,,,
"",184,2005,,,0,,,,,,,,,,,,
"",78,1905,,,,,,,,,,,,,,,
"",182,1965,,,0,,,,,,,,,,,,
"",149,1915,,,,,,,,,,,,,,,
"",130,2005,,,0,,,,,,,,,,,,
"",119,1965,,,0,,,,,,,,,,,,
"",189,1995,,,0,,,,,,,,,,,,
"",167,1975,,,0,,,,,,,,,,,,
"",,,,,0,,,,,,,,,0,0,0,
"",158,1995,,,0,,,,,,,,,,,,
"",31,1965,,,0,,,,,,,,,,,,
"",77,1955,,,,,,,,,,,,,,,
"",,,,,0,,,,,,,,,0,0,0,
"",198,1955,,,,,,,,,,,,,,,
"",139,1955,,,,,,,,,,,,,,,
"",108,1975,,,0,,,,,,,,,,,,
"",132,1932,,,,,,,,,,,,,,,
"",8,1905,,,,,,,,,,,,,,,
"",53,1965,,,0,,,,,,,,,,,,
"",175,1985,,,0,,,,,,,,,,,,
"",87,1975,,,0,,,,,,,,,,,,
"",,,,,0,,,,,,,,,0,0,0,
"",8,1995,,,0,,,,,,,,,,,,
"",95,1995,,,0,,,,,,,,,,,,
"",110,1945,,,,,,,,,,,,,,,
"",49,1932,,,,,,,,,,,,,,,
"",35,1935,,,,,,,,,,,,,,,
"",66,1905,,,,,,,,,,,,,,,
"",69,1945,,,,,,,,,,,,,,,
"",50,1955,,,,,,,,,,,,,,,
"",174,1985,,,0,,,,,,,,,,,,
"",40,1945,,,,,,,,,,,,,,,
"",8,1965,,,0,,,,,,,,,,,,
"",8,1955,,,,,,,,,,,,,,,
"",,,,,0,,,,,,,,,0,0,0,
"",4,1965,,,0,,,,,,,,,,,,
"",3,1932,,,,,,,,,,,,,,,
"",186,2005,,,0,,,,,,,,,,,,
"",179,1945,,,,,,,,,,,,,,,
"",60,1932,,,,,,,,,,,,,,,
"",205,1915,,,,,,,,,,,,,,,
"",73,1955,,,,,,,,,,,,,,,
"",108,2005,,,0,,,,,,,,,,,,
"",204,1965,,,0,,,,,,,,,,,,
"",,,,,0,,,,,,,,,0,0,0,
"",61,1932,,,,,,,,,,,,,,,
"",25,1932,,,,,,,,,,,,,,,
"",73,1985,,,0,,,,,,,,,,,,
"",179,1995,,,0,,,,,,,,,,,,
"",22,1995,,,0,,,,,,,,,,,,
"",,,,,0,,,,,,,,,0,0,0,
"",,,,,0,,,,,,,,,0,0,0,
"",,,,,0,,,,,,,,,0,0,0,
"",,1930,,,,,,,,,,,,,,,
"",126,1985,,,0,,,,,,,,,,,,
"",188,1955,,,,,,,,,,,,,,,
"",30,1932,,,,,,,,,,,,,,,
"",60,1965,,,0,,,,,,,,,,,,
"",72,2005,,,0,,,,,,,,,,,,
"",,,,,0,,,,,,,,,0,0,0,
"",72,1995,,,0,,,,,,,,,,,,
"",12,1945,,,,,,,,,,,,,,,
"",8,1975,,,0,,,,,,,,,,,,
"",183,1905,,,,,,,,,,,,,,,
"",156,1935,,,,,,,,,,,,,,,
"",116,1915,,,,,,,,,,,,,,,
"",59,1995,,,0,,,,,,,,,,,,
"",,,,,0,,,,,,,,,0,0,0,
"",183,1935,,,,,,,,,,,,,,,
"",169,1932,,,,,,,,,,,,,,,
"",145,1985,,,0,,,,,,,,,,,,
"",71,2005,,,0,,,,,,,,,,,,
"",171,1955,,,,,,,,,,,,,,,
"",71,1985,,,0,,,,,,,,,,,,
"",,,,,0,,,,,,,,,0,0,0,
"",8,1985,,,0,,,,,,,,,,,,
"",100,1965,,,0,,,,,,,,,,,,
"",207,1925,,,,,,,,,,,,,,,
"",,,,,0,,,,,,,,,0,0,0,
"",201,1932,,,,,,,,,,,,,,,
"",201,1955,,,,,,,,,,,,,,,
"",4,1995,,,0,,,,,,,,,,,,
"",,,,,0,,,,,,,,,0,0,0,
"",70,2005,,,0,,,,,,,,,,,,
"",61,1905,,,,,,,,,,,,,,,
"",90,1965,,,0,,,,,,,,,,,,
"",124,1955,,,,,,,,,,,,,,,
"",45,1945,,,,,,,,,,,,,,,
"",,,,,0,,,,,,,,,0,0,0,
"",51,1905,,,,,,,,,,,,,,,
"",143,1965,,,0,,,,,,,,,,,,
"",177,1945,,,,,,,,,,,,,,,
"",101,1932,,,,,,,,,,,,,,,
"",70,1925,,,,,,,,,,,,,,,
"",4,1932,,,,,,,,,,,,,,,
"",8,1932,,,,,,,,,,,,,,,
"",,,,,0,,,,,,,,,0,0,0,
"",132,1955,,,,,,,,,,,,,,,
"",,1950,,,,,,,,,,,,,,,
"",69,1995,,,0,,,,,,,,,,,,
"",116,1945,,,,,,,,,,,,,,,
"",140,1965,,,0,,,,,,,,,,,,
"",104,2005,,,0,,,,,,,,,,,,
"",119,1985,,,0,,,,,,,,,,,,
"",186,1945,,,,,,,,,,,,,,,
"",35,1985,,,0,,,,,,,,,,,,
"",75,1995,,,0,,,,,,,,,,,,
"",58,1935,,,,,,,,,,,,,,,
"",55,1935,,,,,,,,,,,,,,,
"",204,1985,,,0,,,,,,,,,,,,
"",141,1985,,,0,,,,,,,,,,,,
"",20,2005,,,0,,,,,,,,,,,,
"",57,1975,,,0,,,,,,,,,,,,
"",53,1975,,,0,,,,,,,,,,,,
"",158,1945,,,,,,,,,,,,,,,
"",197,1965,,,0,,,,,,,,,,,,
"",179,1932,,,,,,,,,,,,,,,
"",150,1965,,,0,,,,,,,,,,,,
"",174,1965,,,0,,,,,,,,,,,,
"",64,1915,,,,,,,,,,,,,,,
"",39,1945,,,,,,,,,,,,,,,
"",147,1905,,,,,,,,,,,,,,,
"",66,1995,,,0,,,,,,,,,,,,
"",61,1915,,,,,,,,,,,,,,,
"",167,1985,,,0,,,,,,,,,,,,
"",66,1915,,,,,,,,,,,,,,,
"",33,1955,,,,,,,,,,,,,,,
"",75,2005,,,0,,,,,,,,,,,,
"",57,1915,,,,,,,,,,,,,,,
"",73,1945,,,,,,,,,,,,,,,
"",33,1965,,,0,,,,,,,,,,,,
"",122,1905,,,,,,,,,,,,,,,
"",41,1945,,,,,,,,,,,,,,,
"",105,1965,,,0,,,,,,,,,,,,
"",189,1965,,,0,,,,,,,,,,,,
"",89,1945,,,,,,,,,,,,,,,
"",69,1985,,,0,,,,,,,,,,,,
"",118,1995,,,0,,,,,,,,,,,,
"",215,1965,,,0,,,,,,,,,,,,
"",65,1955,,,,,,,,,,,,,,,
"",17,1965,,,0,,,,,,,,,,,,
"",169,1985,,,0,,,,,,,,,,,,
"",58,1965,,,0,,,,,,,,,,,,
"",119,1975,,,0,,,,,,,,,,,,
"",81,1955,,,,,,,,,,,,,,,
"",211,2005,,,0,,,,,,,,,,,,
"",64,2005,,,0,,,,,,,,,,,,
"",64,1995,,,0,,,,,,,,,,,,
"",163,1945,,,,,,,,,,,,,,,
"",184,1955,,,,,,,,,,,,,,,
"",193,1995,,,0,,,,,,,,,,,,
"",97,1985,,,0,,,,,,,,,,,,
"",70,1905,,,,,,,,,,,,,,,
"",198,1945,,,,,,,,,,,,,,,
"",202,1985,,,0,,,,,,,,,,,,
"",143,1995,,,0,,,,,,,,,,,,
"",140,1932,,,,,,,,,,,,,,,
"",,,,,0,,,,,,,,,0,0,0,
"",173,1975,,,0,,,,,,,,,,,,
"",77,1965,,,0,,,,,,,,,,,,
"",63,2005,,,0,,,,,,,,,,,,
"",24,1995,,,0,,,,,,,,,,,,
"",126,1955,,,,,,,,,,,,,,,
"",16,1905,,,,,,,,,,,,,,,
"",36,1985,,,0,,,,,,,,,,,,
"",202,1945,,,,,,,,,,,,,,,
"",105,1955,,,,,,,,,,,,,,,
"",53,1955,,,,,,,,,,,,,,,
"",114,1965,,,0,,,,,,,,,,,,
"",63,1945,,,,,,,,,,,,,,,
"",,,,,0,,,,,,,,,0,0,0,
"",75,1932,,,,,,,,,,,,,,,
"",61,1975,,,0,,,,,,,,,,,,
"",65,1965,,,0,,,,,,,,,,,,
"",34,1965,,,0,,,,,,,,,,,,
"",43,1935,,,,,,,,,,,,,,,
"",183,1955,,,,,,,,,,,,,,,
"",59,1935,,,,,,,,,,,,,,,
"",61,2005,,,0,,,,,,,,,,,,
"",45,2005,,,0,,,,,,,,,,,,
"",136,1945,,,,,,,,,,,,,,,
"",156,1975,,,0,,,,,,,,,,,,
"",127,1965,,,0,,,,,,,,,,,,
"",34,1995,,,0,,,,,,,,,,,,
"",176,1995,,,0,,,,,,,,,,,,
"",23,1955,,,,,,,,,,,,,,,
"",9,1985,,,0,,,,,,,,,,,,
