"GPA_year1","GPA_year2","age","chooseUTM","compsurv","control","credits_earned1","credits_earned2","dad1","dad2","dad_edn","english","female","finish4","goodstanding_year1","goodstanding_year2","gpa0","graddeg","grade_20059_fall","hcom","hsgroup","lastmin","lm_never","lm_rarely","mathsci","mom1","mom2","mom_edn","mtongue","noshow","numcourses_nov1","prob_year1","prob_year2","sex","sfp","sfp_p","sfpany","sfpany_p","sfsp","sfsp_p","signup","ssp","ssp_p","totcredits_year1","used_adv","used_fsg","used_ssp","work1"
2.57999992370605,3.49000000953674,18,0,1,1,2.5,3.5,1,1,6,0,1,0,1,1,78.3000030517578,0,73,1,2,4,0,1,1,1,0,5,"Other",0,4,0,0,"F",0,0,0,0,0,0,0,0,0,4,0,0,0,0
3.54999995231628,2.96000003814697,17,0,1,0,3.5,3.5,1,1,6,1,1,0,1,1,84.3000030517578,0,77,1,3,4,0,1,3,1,1,6,"English",0,5,0,0,"F",1,1,1,1,0,0,1,0,0,5,0,0,0,0
3.75,3.30999994277954,19,0,1,1,3,4.5,1,1,6,0,0,1,1,1,85.5,1,76,1,3,1,0,0,5,1,1,6,"Other",0,5,0,0,"M",0,0,0,0,0,0,0,0,0,5,0,0,0,0
2.36999988555908,2.61999988555908,18,0,1,1,3.5,2.5,1,1,6,0,1,1,1,1,76.5,1,72,1,2,2,0,0,0,1,1,6,"Other",0,4,0,0,"F",0,0,0,0,0,0,0,0,0,4.5,0,0,0,0
1.67999994754791,2.47000002861023,19,0,1,1,2.5,3.5,1,1,6,1,1,1,1,1,74.3000030517578,1,,1,1,5,1,0,1,1,1,6,"English",0,6,0,0,"F",0,0,0,0,0,0,0,0,0,5,0,0,0,0
1.78999996185303,2.26999998092651,18,1,1,0,3,4,1,0,2,1,1,1,1,1,81.5,0,71,1,3,4,0,1,1,1,1,6,"English",0,3,0,0,"F",1,1,1,1,0,0,1,0,0,4,0,0,0,0
2.02999997138977,2.07999992370605,18,0,1,0,4,4.5,1,1,7,0,1,1,1,1,83.1999969482422,0,67,1,3,1,0,0,3.5,1,0,4,"Other",0,5,0,0,"F",0,0,1,1,1,1,1,0,0,5,1,0,1,0
2.10999989509583,2.4300000667572,18,0,1,0,2.5,3.5,1,0,2,1,0,1,1,1,85.5999984741211,1,65,1,3,2,0,0,3,1,0,2,"English",0,4,0,0,"M",1,1,1,1,0,0,1,0,0,4,0,0,0,0
2.04999995231628,3.04999995231628,18,0,1,1,2.5,4,0,0,1,1,0,1,1,1,81.6999969482422,0,65.5,1,3,3,0,0,1,1,0,2,"English",0,5,0,0,"M",0,0,0,0,0,0,0,0,0,4.5,0,0,0,0
1.13999998569489,1.12999999523163,18,0,1,0,1,2.5,1,1,6,0,1,1,0,0,77.1999969482422,1,,1,2,3,0,0,0,1,1,6,"Other",0,4,0,0,"F",1,1,1,1,0,0,1,0,0,3.5,0,0,0,0
0.430000007152557,,18,0,1,1,1,0,0,0,9,1,1,1,0,0,79.3000030517578,1,,1,2,3,0,0,2,0,0,9,"English",0,6,1,1,"F",0,0,0,0,0,0,0,0,0,4,0,0,0,0
1.25,,18,0,1,1,2.5,0,1,1,6,1,0,1,0,0,76.1999969482422,1,67,1,1,3,0,0,1,1,1,6,"English",0,6,1,1,"M",0,0,0,0,0,0,0,0,0,5,0,0,0,0
2.13000011444092,2.00999999046326,19,0,1,0,1.5,3,1,0,4,1,1,1,0,1,80.3000030517578,1,,1,2,3,0,0,0,1,0,4,"English",0,4,0,0,"F",0,0,0,0,0,0,1,1,1,3,1,0,1,0
1.92999994754791,1.21000003814697,18,0,1,0,2,2.5,1,1,8,0,1,1,1,1,71.5,0,,1,1,2,0,0,0,1,1,7,"Other",0,5,0,0,"F",0,0,1,1,1,1,1,0,0,4,0,1,1,0
3,3.41000008583069,18,0,1,1,2.5,3.5,1,1,7,1,1,1,1,1,84.1999969482422,1,75,1,3,5,1,0,0,1,0,2,"English",0,5,0,0,"F",0,0,0,0,0,0,0,0,0,4,0,0,0,0
1.28999996185303,2.14000010490417,18,0,1,1,3.5,3.5,1,0,4,0,1,1,0,1,81.3000030517578,0,60,0,3,3,0,0,0,1,0,5,"Other",0,5,1,0,"F",0,0,0,0,0,0,0,0,0,5,0,0,0,0
2.25,2.70000004768372,18,0,1,0,3.5,3.5,1,1,6,0,0,1,1,1,82,1,63,1,3,3,0,0,3,1,0,2,"Other",0,5,0,0,"M",0,0,0,0,0,0,1,1,1,5,1,0,1,0
1.35000002384186,,18,1,1,0,2.5,0,0,0,1,1,1,1,0,0,82.3000030517578,0,59,1,3,2,0,0,3,1,0,4,"English",0,4,1,1,"F",0,0,0,0,0,0,1,1,1,4,0,1,1,0
3.00999999046326,1.95000004768372,18,1,1,0,2,2,1,1,7,1,0,1,0,1,84.8000030517578,1,82,0,3,2,0,0,0,1,0,4,"English",0,6,0,0,"M",0,0,1,0,1,0,0,0,0,3.5,0,0,0,0
1.87999999523163,,18,0,1,1,2.5,0,1,0,2,1,1,1,1,0,85.8000030517578,0,67,1,3,5,1,0,2,1,0,4,"English",0,5,0,1,"F",0,0,0,0,0,0,0,0,0,5,0,0,0,0
2.33999991416931,3.59999990463257,19,0,1,0,3,5,0,0,1,1,1,1,1,1,85.3000030517578,0,67,0,3,2,0,0,3,1,0,2,"English",0,5,0,0,"F",0,0,0,0,0,0,1,1,1,5,1,1,1,0
1.24000000953674,0.589999973773956,19,1,1,1,2.5,1.5,1,0,4,1,0,1,0,0,75.5,1,55.5,0,1,3,0,0,0,1,1,6,"English",0,5,0,1,"M",0,0,0,0,0,0,0,0,0,4,0,0,0,0
0.379999995231628,0.829999983310699,18,0,1,1,1,2,1,0,2,1,0,1,0,0,74.3000030517578,1,54,1,1,3,0,0,2,1,0,4,"English",0,5,1,0,"M",0,0,0,0,0,0,0,0,0,4,0,0,0,0
1.98000001907349,1.62999999523163,18,0,1,1,3,3.5,1,0,4,1,1,1,1,1,73.6999969482422,0,71,0,1,3,0,0,1,1,1,6,"English",0,6,0,0,"F",0,0,0,0,0,0,0,0,0,5,0,0,0,0
2.45000004768372,1.82000005245209,21,0,1,1,3.5,4.5,1,0,4,1,0,1,1,1,81.3000030517578,1,63,0,3,4,0,1,3,1,0,2,"English",0,6,0,0,"M",0,0,0,0,0,0,0,0,0,5,0,0,0,0
1.5900000333786,0.660000026226044,19,0,1,1,3.5,2,1,0,2,1,0,1,1,0,73,1,68.5,1,1,1,0,0,1.5,1,0,4,"English",0,6,0,1,"M",0,0,0,0,0,0,0,0,0,5,0,0,0,0
0.889999985694885,1.54999995231628,18,0,1,1,2,2.5,1,1,6,0,1,1,0,0,73.5,1,59,1,1,2,0,0,3,1,0,4,"Other",0,6,1,0,"F",0,0,0,0,0,0,0,0,0,4,0,0,0,0
2.72000002861023,2.77999997138977,17,0,1,0,3.5,3.5,0,0,9,1,0,1,1,1,84.5,1,75,0,3,3,0,0,1,0,0,9,"English",0,5,0,0,"M",1,1,1,1,0,0,1,0,0,5,0,0,0,0
3.14000010490417,3.32999992370605,18,0,1,1,2.5,3,1,1,7,0,0,1,1,1,80,1,70.5,1,2,2,0,0,1,1,1,6,"Other",0,6,0,0,"M",0,0,0,0,0,0,0,0,0,4,0,0,0,0
2.71000003814697,2.66000008583069,18,0,1,1,3.5,5,1,0,4,1,0,1,1,1,78.1999969482422,0,75,0,2,3,0,0,3,1,0,4,"English",0,5,0,0,"M",0,0,0,0,0,0,0,0,0,5,0,0,0,0
2.90000009536743,2.80999994277954,18,1,1,0,3,2.5,1,1,6,0,0,1,1,1,76.5,0,83,1,2,2,0,0,1,1,1,6,"Other",0,4,0,0,"M",1,1,1,1,0,0,1,0,0,4,0,0,0,0
0.910000026226044,1.76999998092651,18,1,1,0,2.5,1.5,0,0,1,1,0,1,0,0,72.3000030517578,0,52,1,1,2,0,0,0,1,1,7,"English",0,5,0,1,"M",1,1,1,1,0,0,1,0,0,4,0,0,0,0
1.74000000953674,0.259999990463257,19,0,1,0,1.5,1,1,0,2,1,0,1,0,0,80.1999969482422,1,51,1,2,3,0,0,1.5,1,0,2,"English",0,5,0,1,"M",1,1,1,1,0,0,1,0,0,3,0,0,0,0
3.05999994277954,3.16000008583069,19,0,1,0,3.25,3.5,1,0,2,1,1,1,1,1,84.8000030517578,0,76,0,3,3,0,0,1,1,0,2,"English",0,6,0,0,"F",1,1,1,1,0,0,1,0,0,4.5,0,0,0,0
0,1.85000002384186,18,0,1,0,0,1,1,1,7,0,0,1,0,0,80,1,,1,2,4,0,1,3.5,1,0,3,"Other",0,4,0,1,"M",1,0,1,0,0,0,0,0,0,4,0,0,0,0
0.230000004172325,2.02999997138977,18,0,1,0,1,3,1,1,7,0,1,1,0,0,79.3000030517578,1,49.5,1,2,3,0,0,2.5,1,1,8,"Other",0,5,1,1,"F",0,0,0,0,0,0,0,1,0,4.5,0,0,0,0
2.58999991416931,3.10999989509583,18,0,1,1,3,3.5,1,0,4,1,1,1,1,1,86,0,73,0,3,3,0,0,0,1,0,4,"English",0,5,0,0,"F",0,0,0,0,0,0,0,0,0,5,0,0,0,0
1.29999995231628,2,18,0,1,1,2.5,4.5,1,0,4,1,1,1,0,1,77,0,62,1,2,4,0,1,3,1,0,4,"English",0,5,1,0,"F",0,0,0,0,0,0,0,0,0,5,0,0,0,0
2.71000003814697,2.50999999046326,18,1,1,1,3.5,5,0,0,9,1,0,1,1,1,84.8000030517578,1,76,0,3,2,0,0,4,1,1,8,"English",0,5,0,0,"M",0,0,0,0,0,0,0,0,0,5,0,0,0,0
0.5,,18,0,1,1,1,0,1,1,7,1,1,1,0,0,79.5999984741211,1,,1,2,3,0,0,3,1,0,2,"English",0,4,1,1,"F",0,0,0,0,0,0,0,0,0,4,0,0,0,0
0.850000023841858,,18,1,1,1,2,0,0,0,9,0,1,1,0,0,80.3000030517578,1,50,1,2,3,0,0,3,0,0,9,"Other",0,4,1,1,"F",0,0,0,0,0,0,0,0,0,4,0,0,0,0
1.12000000476837,0.280000001192093,18,0,1,1,1.5,0.5,0,0,1,1,1,1,0,0,78.1999969482422,0,64,0,2,4,0,1,0,1,0,2,"English",0,5,0,1,"F",0,0,0,0,0,0,0,0,0,4,0,0,0,0
,,18,0,1,1,0.5,0,1,0,2,0,1,1,0,0,83.6999969482422,1,54,1,3,1,0,0,0.5,0,0,1,"Other",0,6,0,1,"F",0,0,0,0,0,0,0,0,0,0.5,0,0,0,0
1.58000004291534,2.28999996185303,18,0,1,0,2.5,3.5,1,1,6,0,0,1,0,1,79.3000030517578,1,66,1,2,1,0,0,0,1,1,7,"Other",0,4,0,0,"M",1,1,1,1,0,0,1,0,0,4,0,0,0,0
0.300000011920929,0.709999978542328,18,0,1,1,1,1.5,1,0,4,1,1,1,0,0,75,1,56,0,1,3,0,0,4,1,0,2,"English",0,5,1,0,"F",0,0,0,0,0,0,0,0,0,5,0,0,0,0
1.63999998569489,2.45000004768372,18,0,1,1,3,2.5,1,1,7,1,0,1,1,1,87.3000030517578,1,72,1,3,1,0,0,1,1,1,7,"English",0,5,0,0,"M",0,0,0,0,0,0,0,0,0,4,0,0,0,0
1.08000004291534,1.19000005722046,19,0,1,1,2,2,1,0,4,0,0,1,0,0,80.8000030517578,1,57,1,3,3,0,0,4,0,0,9,"Other",0,5,1,0,"M",0,0,0,0,0,0,0,0,0,4,0,0,0,0
1.39999997615814,2.98000001907349,18,0,1,1,2.5,4.5,1,1,7,1,1,1,0,1,84,1,59,1,3,3,0,0,3,1,1,7,"English",0,5,1,0,"F",0,0,0,0,0,0,0,0,0,5,0,0,0,0
1.70000004768372,2.1800000667572,18,1,1,1,3,2,0,0,9,1,1,0,1,1,82.1999969482422,0,63.5,0,3,3,0,0,0,1,0,4,"English",0,6,0,0,"F",0,0,0,0,0,0,0,0,0,4,0,0,0,0
1.62999999523163,2.32999992370605,18,1,1,1,3,4.5,1,1,7,1,1,1,1,1,76.3000030517578,1,61,1,2,2,0,0,4,1,1,6,"English",0,6,0,0,"F",0,0,0,0,0,0,0,0,0,5,0,0,0,0
2.48000001907349,2.35999989509583,18,0,1,0,3.5,3.5,1,1,6,1,0,1,1,1,78,0,72.5,0,2,2,0,0,1.5,1,1,6,"English",0,5,0,0,"M",0,0,0,0,0,0,0,1,0,5,0,0,0,0
2.4300000667572,2.75999999046326,18,0,1,1,2,4,1,0,4,1,0,1,1,1,80,1,,0,2,4,0,1,1,1,0,4,"English",0,6,0,0,"M",0,0,0,0,0,0,0,0,0,4,0,0,0,0
2.38000011444092,1.76999998092651,19,0,1,1,2.5,4.5,1,1,8,1,0,1,1,1,82.1999969482422,1,61,1,3,4,0,1,3,1,1,7,"English",0,6,0,0,"M",0,0,0,0,0,0,0,0,0,4,0,0,0,0
1.44000005722046,1.51999998092651,18,0,1,0,2,2,1,0,2,1,1,1,0,0,75.3000030517578,1,74,1,1,3,0,0,1,1,0,2,"English",0,4,0,0,"F",0,0,0,0,0,0,0,1,0,4.5,0,0,0,0
1.27999997138977,2,18,0,1,1,2,2.5,1,0,2,0,1,1,0,1,77.1999969482422,1,58.5,1,2,3,0,0,0,1,0,2,"Other",0,4,0,0,"F",0,0,0,0,0,0,0,0,0,2.5,0,0,0,0
1.70000004768372,1.42999994754791,18,0,1,1,3.5,3,1,1,8,0,0,1,1,1,78.1999969482422,1,67,0,2,4,0,1,2,1,1,6,"Other",0,5,0,0,"M",0,0,0,0,0,0,0,0,0,5,0,0,0,0
3.08999991416931,2.40000009536743,18,0,1,1,3.5,4.5,1,1,6,0,0,1,1,1,85.8000030517578,0,78.5,1,3,3,0,0,3.5,1,1,6,"Other",0,5,0,0,"M",0,0,0,0,0,0,0,0,0,5,0,0,0,0
2.36999988555908,,18,0,1,1,3,0,1,0,5,1,1,1,1,0,82.6999969482422,0,66,0,3,3,0,0,2,1,0,2,"English",0,5,0,1,"F",0,0,0,0,0,0,0,0,0,4.5,0,0,0,0
2.32999992370605,3.5699999332428,18,0,1,1,2.5,1.5,1,1,7,1,1,1,1,1,87,0,71,1,3,5,1,0,1,1,0,4,"English",0,6,0,0,"F",0,0,0,0,0,0,0,0,0,4,0,0,0,0
2.59999990463257,2.9300000667572,19,0,1,1,2,2.5,0,0,1,1,0,1,0,1,79.8000030517578,1,78,1,2,4,0,1,0,0,0,1,"English",0,3,0,0,"M",0,0,0,0,0,0,0,0,0,3,0,0,0,0
1.38999998569489,1.53999996185303,18,0,1,0,3,2,1,1,6,1,1,1,0,0,77.6999969482422,0,73,1,2,3,0,0,0,1,0,5,"English",0,4,1,0,"F",1,1,1,1,0,0,1,0,0,4.5,0,0,0,0
1.5900000333786,2.29999995231628,18,0,1,1,3,4.5,1,1,6,1,0,1,1,1,75.8000030517578,0,67.5,0,1,4,0,1,1,1,1,6,"English",0,5,0,0,"M",0,0,0,0,0,0,0,0,0,4,0,0,0,0
2.91000008583069,2.46000003814697,18,1,1,1,4,4,1,1,6,1,0,1,1,1,73.6999969482422,0,81.3333358764648,1,1,2,0,0,0,1,0,4,"English",0,5,0,0,"M",0,0,0,0,0,0,0,0,0,5,0,0,0,0
2.11999988555908,2.9300000667572,19,1,1,0,2.5,2.75,1,0,4,1,0,1,1,1,76.8000030517578,0,60,1,2,4,0,1,0,1,0,4,"English",0,6,0,0,"M",1,0,1,0,0,0,0,0,0,4.5,0,0,0,0
2.08999991416931,2.70000004768372,18,0,1,1,3,3.5,1,1,6,1,1,1,1,1,82.5,1,71,1,3,4,0,1,1,1,1,6,"English",0,5,0,0,"F",0,0,0,0,0,0,0,0,0,5,0,0,0,0
1.8400000333786,1.27999997138977,18,,1,0,3.5,2,1,1,6,0,1,1,1,1,82.3000030517578,1,75,0,3,2,0,0,1.5,1,1,6,"Other",0,4,0,0,"F",0,0,0,0,0,0,1,1,1,4.5,0,0,0,0
1.75,2.38000011444092,18,0,1,0,2.5,2.5,1,1,6,1,1,0,1,1,75.5,1,70,1,1,4,0,1,0,1,1,6,"English",0,4,0,0,"F",0,0,1,1,1,1,1,0,0,4,1,0,1,0
3,2.20000004768372,19,0,1,1,3,2,1,1,6,1,0,1,1,1,79.1999969482422,1,74,1,2,3,0,0,1,1,0,4,"English",0,4,0,0,"M",0,0,0,0,0,0,0,0,0,4,0,0,0,0
1.63999998569489,1.38999998569489,18,0,1,0,3,3,0,0,9,1,1,1,1,1,79.8000030517578,1,62.5,1,2,3,0,0,3,0,0,9,"English",0,5,0,0,"F",0,0,0,0,0,0,1,1,1,4.5,1,1,1,0
2.6800000667572,2.67000007629395,18,0,1,1,2.5,5,1,0,4,1,1,0,1,1,77.8000030517578,0,78,1,2,3,0,0,1,0,0,1,"English",0,6,0,0,"F",0,0,0,0,0,0,0,0,0,4,0,0,0,0
0,0.230000004172325,18,0,1,1,0,0.5,1,1,6,0,0,1,0,0,74.5,0,40,1,1,2,0,0,1.5,1,1,6,"Other",0,5,0,1,"M",0,0,0,0,0,0,0,0,0,3.5,0,0,0,0
1.19000005722046,0.829999983310699,18,1,1,0,3,1.5,1,1,6,1,0,1,0,0,85,0,60,1,3,2,0,0,3.5,1,1,6,"English",0,4,1,0,"M",1,1,1,1,0,0,1,0,0,4.5,0,0,0,0
2.76999998092651,2.89000010490417,18,1,1,0,4,3.25,1,0,2,1,1,1,1,1,78.3000030517578,0,71.5,0,2,3,0,0,1,1,0,4,"English",0,6,0,0,"F",0,0,0,0,0,0,1,1,1,5,0,0,0,0
0.980000019073486,,19,0,1,1,2,0,1,0,4,0,1,1,0,0,78.5,1,47,0,2,4,0,1,3.5,1,0,2,"Other",0,4,1,1,"F",0,0,0,0,0,0,0,0,0,4,0,0,0,0
3.23000001907349,2.59999990463257,18,0,1,1,3.5,5,1,1,6,1,0,1,1,1,84,1,77,1,3,5,1,0,4,1,1,8,"English",0,6,0,0,"M",0,0,0,0,0,0,0,0,0,5,0,0,0,0
3.84999990463257,3.5699999332428,18,0,1,1,2.5,3.5,1,1,6,1,1,1,1,1,80.3000030517578,1,85,1,2,3,0,0,1,1,1,6,"English",0,4,0,0,"F",0,0,0,0,0,0,0,0,0,4,0,0,0,0
2.07999992370605,2.40000009536743,18,0,1,1,2.75,3.75,0,0,1,1,1,0,1,1,78.3000030517578,0,60,0,2,2,0,0,0,0,0,1,"English",0,6,0,0,"F",0,0,0,0,0,0,0,0,0,4.5,0,0,0,0
2.13000011444092,2.16000008583069,18,1,1,1,2.5,3,1,0,4,1,0,1,1,1,78,1,72,1,2,1,0,0,0.5,1,1,6,"English",0,4,0,0,"M",0,0,0,0,0,0,0,0,0,4,0,0,0,0
3.27999997138977,2.54999995231628,18,1,1,1,2,3,1,0,2,1,1,1,1,1,81.3000030517578,1,,1,3,3,0,0,3,1,0,2,"English",0,4,0,0,"F",0,0,0,0,0,0,0,0,0,4,0,0,0,0
1.22000002861023,2.53999996185303,18,0,1,0,2.5,5.5,1,1,6,1,1,1,0,1,85.3000030517578,1,56,1,3,3,0,0,3.5,1,1,6,"English",0,6,1,0,"F",1,1,1,1,0,0,1,0,0,4.5,0,0,0,0
0.819999992847443,,18,0,1,0,1.5,0,1,0,2,1,1,1,0,0,78,1,47,1,2,3,0,0,3.5,1,0,2,"English",0,5,1,1,"F",0,0,0,0,0,0,1,1,1,4.5,1,0,1,0
1.48000001907349,2.47000002861023,18,0,1,1,3,4,0,0,1,1,1,1,0,1,80.6999969482422,1,67,1,2,4,0,1,1,1,0,3,"English",0,5,1,0,"F",0,0,0,0,0,0,0,0,0,5,0,0,0,0
3.15000009536743,3.74000000953674,18,0,1,1,3.5,4.5,1,1,6,1,0,1,1,1,80.3000030517578,1,68.5,1,2,1,0,0,3,1,0,2,"English",0,5,0,0,"M",0,0,0,0,0,0,0,0,0,5,0,0,0,0
2.07999992370605,1.87999999523163,18,1,1,1,4.5,4.5,1,0,3,1,1,1,1,1,79.3000030517578,0,68.75,0,2,4,0,1,0.5,1,1,6,"English",0,5,0,0,"F",0,0,0,0,0,0,0,0,0,5,0,0,0,0
2.58999991416931,2.27999997138977,18,0,1,1,3,4.5,1,0,4,1,1,1,1,1,83.8000030517578,1,74.5,1,3,4,0,1,3,1,0,4,"English",0,4,0,0,"F",0,0,0,0,0,0,0,0,0,4,0,0,0,0
0.850000023841858,2.65000009536743,18,1,1,0,1.5,3.5,1,0,5,0,1,1,0,1,79.5,1,52,1,2,4,0,1,2,1,1,7,"Other",0,4,0,0,"F",1,1,1,1,0,0,1,0,0,3,0,0,0,0
2,,19,1,1,0,1.5,0,1,0,2,1,1,1,0,0,77.6999969482422,1,71,0,2,4,0,1,0.5,1,0,4,"English",0,6,0,1,"F",0,0,0,0,0,0,0,1,0,2,0,0,0,0
,,19,0,1,1,3,0,1,1,6,0,0,1,,,81.1999969482422,0,62.6666679382324,0,3,2,0,0,0,1,1,6,"Other",1,5,,,"M",0,0,0,0,0,0,0,0,0,0,0,0,0,0
1.17999994754791,0,18,1,1,1,2.5,0,1,0,4,0,1,1,0,0,78.5,0,52,0,2,2,0,0,0,0,0,1,"Other",0,6,1,0,"F",0,0,0,0,0,0,0,0,0,4,0,0,0,0
1.95000004768372,2.34999990463257,18,1,1,1,3,3.5,1,1,8,1,1,1,1,1,75.3000030517578,1,73,1,1,4,0,1,1,1,1,6,"English",0,5,0,0,"F",0,0,0,0,0,0,0,0,0,5,0,0,0,0
2.85999989509583,2.83999991416931,18,0,1,1,3,4.5,1,1,7,1,1,1,1,1,82.3000030517578,1,77.5,1,3,5,1,0,0,1,1,6,"English",0,6,0,0,"F",0,0,0,0,0,0,0,0,0,4,0,0,0,0
2.08999991416931,2.29999995231628,19,1,1,1,3,4,1,0,2,1,1,0,1,1,86.3000030517578,0,57,1,3,2,0,0,3,1,1,8,"English",0,5,0,0,"F",0,0,0,0,0,0,0,0,0,4.5,0,0,0,0
3.27999997138977,2.61999988555908,19,1,1,1,4.5,4.5,1,1,6,1,0,1,1,1,84.3000030517578,1,78.8000030517578,1,3,4,0,1,0,1,0,4,"English",0,5,0,0,"M",0,0,0,0,0,0,0,0,0,4.5,0,0,0,0
3.25,2.60999989509583,19,0,1,1,3,2.5,1,1,6,1,0,0,1,1,80.8000030517578,1,71.5,0,3,1,0,0,1.5,1,0,5,"English",0,5,0,0,"M",0,0,0,0,0,0,0,0,0,4,0,0,0,0
0.990000009536743,1.30999994277954,18,0,1,0,2.5,3,1,1,8,1,0,0,0,0,72.8000030517578,1,55,0,1,1,0,0,0,1,1,8,"English",0,5,1,0,"M",0,0,1,0,1,0,0,0,0,4,0,0,0,0
1.1599999666214,1.5,20,0,1,1,1.5,3,1,1,7,0,1,1,0,1,82.3000030517578,0,63,1,3,2,0,0,1.5,1,0,2,"Other",0,4,0,0,"F",0,0,0,0,0,0,0,0,0,3.5,0,0,0,0
0.800000011920929,1.20000004768372,19,0,1,1,2,2.5,1,0,4,0,1,1,0,0,76.5,1,60,1,2,3,0,0,3,1,0,4,"Other",0,5,1,0,"F",0,0,0,0,0,0,0,0,0,4,0,0,0,0
2.50999999046326,2.54999995231628,18,0,1,1,2.5,4.5,1,1,6,0,1,1,1,1,83.1999969482422,1,80,1,3,3,0,0,0,1,0,2,"Other",0,6,0,0,"F",0,0,0,0,0,0,0,0,0,4,0,0,0,0
0.850000023841858,2,18,0,1,1,1.5,2,1,0,4,1,1,0,0,0,74,1,51,0,1,3,0,0,1,1,0,5,"English",0,4,0,1,"F",0,0,0,0,0,0,0,0,0,3,0,0,0,0
2.4300000667572,1.75,18,0,1,0,3,4.5,1,1,7,1,0,1,1,1,85.8000030517578,1,80.5,0,3,4,0,1,0,1,1,6,"English",0,5,0,0,"M",1,1,1,1,0,0,1,0,0,4.5,0,0,0,0
1.8400000333786,0.349999994039536,18,0,1,1,1,2,1,0,5,0,1,1,0,0,81.5,1,42,1,3,2,0,0,2.5,1,0,5,"Other",0,6,0,1,"F",0,0,0,0,0,0,0,0,0,3,0,0,0,0
1.04999995231628,1.01999998092651,19,0,1,0,2,2,1,1,7,1,0,1,0,0,75,1,66,1,1,3,0,0,0,0,0,9,"English",0,4,0,1,"M",1,1,1,1,0,0,1,0,0,4,0,0,0,0
1.67999994754791,2.10999989509583,18,0,1,1,3.5,4,1,1,6,0,1,1,1,1,80.3000030517578,1,59.3333320617676,1,2,4,0,1,1,0,0,9,"Other",0,6,0,0,"F",0,0,0,0,0,0,0,0,0,5.5,0,0,0,0
2.45000004768372,3.22000002861023,18,1,1,0,2.5,5.5,1,0,3,1,0,0,0,1,75,0,63,0,1,2,0,0,3,0,0,1,"English",0,6,0,0,"M",1,1,1,1,0,0,1,0,0,3,0,0,0,0
0.639999985694885,2.40000009536743,19,0,1,1,2,2.25,1,0,2,1,0,1,0,0,72,0,50,1,1,2,0,0,0,1,0,2,"English",0,6,1,1,"M",0,0,0,0,0,0,0,0,0,4.5,0,0,0,0
2.96000003814697,2.6800000667572,19,1,1,0,3,3.5,1,0,2,1,1,0,0,1,78.6999969482422,1,72.5,1,2,3,0,0,1,1,0,2,"English",0,4,0,0,"F",1,0,1,0,0,0,0,0,0,3.5,0,0,0,0
2.66000008583069,3.38000011444092,18,1,1,1,3,3,1,0,5,1,0,0,1,1,80.8000030517578,0,65,0,3,5,1,0,0,0,0,1,"English",0,6,0,0,"M",0,0,0,0,0,0,0,0,0,4.5,0,0,0,0
1.67999994754791,0.819999992847443,19,0,1,0,2,2.5,1,0,2,1,1,1,1,0,75.3000030517578,1,58,1,1,3,0,0,2,1,0,2,"English",0,6,0,1,"F",0,0,0,0,0,0,0,1,0,4,0,0,0,0
1.88999998569489,1.69000005722046,18,0,1,0,3,4.5,1,1,8,1,1,1,1,1,80,1,66,0,2,3,0,0,0,1,1,6,"English",0,5,0,0,"F",0,0,0,0,0,0,0,1,0,5,0,0,0,0
3.25,2.46000003814697,18,1,1,0,2.5,4.5,0,0,9,1,1,1,1,1,83,0,71,1,3,3,0,0,3,1,0,4,"English",0,4,0,0,"F",1,1,1,1,0,0,1,0,0,4,0,0,0,0
1.92999994754791,2.53999996185303,18,1,1,0,3.5,5,1,1,6,1,1,1,1,1,76.1999969482422,1,67,1,1,4,0,1,4,1,1,6,"English",0,5,0,0,"F",0,0,0,0,0,0,1,1,1,5,1,0,1,0
0.469999998807907,0,19,0,1,1,1,0,1,1,7,0,0,1,0,0,77.6999969482422,1,57,1,2,1,0,0,2.5,1,0,2,"Other",0,6,0,0,"M",0,0,0,0,0,0,0,0,0,4,0,0,0,0
1.08000004291534,2.0699999332428,18,0,1,1,2.5,3.5,1,0,2,1,1,1,0,1,82.3000030517578,0,67,1,3,2,0,0,4,1,0,2,"English",0,6,1,0,"F",0,0,0,0,0,0,0,0,0,5,0,0,0,0
1.10000002384186,1.76999998092651,19,0,1,0,1.5,1,1,1,7,0,0,1,0,0,84.6999969482422,1,55.5,0,3,1,0,0,1.5,1,1,6,"Other",0,5,0,1,"M",0,0,0,0,0,0,0,1,0,4,0,0,0,0
2.25999999046326,0.790000021457672,18,0,1,0,3,2,1,1,8,0,1,1,1,1,81.8000030517578,1,78,1,3,1,0,0,0,1,1,7,"Other",0,6,0,0,"F",1,1,1,1,0,0,1,0,0,4.5,0,0,0,0
1.04999995231628,2.78999996185303,18,0,1,0,2.5,2,1,1,7,1,1,1,0,1,84.5,1,71.5,1,3,3,0,0,1,1,0,2,"English",0,6,1,0,"F",1,1,1,1,0,0,1,0,0,5,0,0,0,0
2.89000010490417,2.38000011444092,18,0,1,0,4,3,1,1,6,0,1,1,1,1,83.8000030517578,0,65.3333358764648,1,3,2,0,0,2,0,0,1,"Other",0,5,0,0,"F",1,1,1,1,0,0,1,0,0,5,0,0,0,0
1.37999999523163,2.27999997138977,18,0,1,0,3,4,0,0,1,1,0,1,0,1,87.3000030517578,1,65.5,1,3,4,0,1,3,1,0,5,"English",0,4,1,0,"M",0,0,1,1,1,1,1,0,0,4,1,1,1,0
3.42000007629395,2,18,0,1,1,3,3.5,1,0,4,0,1,1,1,1,83.6999969482422,1,78,0,3,2,0,0,0,1,0,4,"Other",0,5,0,0,"F",0,0,0,0,0,0,0,0,0,5,0,0,0,0
2.05999994277954,1.71000003814697,18,0,1,0,3,3,1,0,2,0,0,1,1,1,81,1,60,1,3,2,0,0,3,1,0,2,"Other",0,5,0,0,"M",1,1,1,1,0,0,1,0,0,5,0,0,0,0
1.20000004768372,2.59999990463257,18,0,1,0,3,3,0,0,9,1,0,1,0,1,83.5,0,68,1,3,3,0,0,1.5,0,0,9,"English",0,4,1,0,"M",1,1,1,1,0,0,1,0,0,4,0,0,0,0
2.27999997138977,2.66000008583069,18,0,1,1,2.5,3,1,0,4,0,0,0,1,1,71.8000030517578,0,68,1,1,3,0,0,0,1,0,2,"Other",0,4,0,0,"M",0,0,0,0,0,0,0,0,0,4,0,0,0,0
3.23000001907349,3.73000001907349,18,0,1,1,2.5,2,1,1,6,1,0,0,1,1,75.3000030517578,0,76,1,1,3,0,0,2,1,0,2,"English",0,6,0,0,"M",0,0,0,0,0,0,0,0,0,4,0,0,0,0
,1.5,19,1,1,0,,,1,0,2,0,0,0,0,0,75,0,,1,1,2,0,0,0,1,0,2,"Other",0,5,,,"M",1,0,1,0,0,0,0,0,0,3,0,0,0,0
2.4300000667572,2.07999992370605,19,0,1,1,2,2,1,1,6,0,1,1,0,1,84,1,64,1,3,5,1,0,0,1,1,6,"Other",0,3,0,0,"F",0,0,0,0,0,0,0,0,0,3,0,0,0,0
2.13000011444092,3.36999988555908,18,0,1,1,3,5,1,1,6,0,1,1,1,1,83.6999969482422,1,57,1,3,3,0,0,5,1,1,6,"Other",0,5,0,0,"F",0,0,0,0,0,0,0,0,0,5,0,0,0,0
2.50999999046326,1.71000003814697,18,0,1,1,3,2.5,0,0,1,1,1,1,1,1,83.5,1,66.5,0,3,3,0,0,0,0,0,1,"English",0,5,0,0,"F",0,0,0,0,0,0,0,0,0,4,0,0,0,0
1,1.74000000953674,18,1,1,0,2,4,1,1,6,0,1,1,0,0,83.3000030517578,0,63,1,3,4,0,1,2,1,0,2,"Other",0,5,0,1,"F",1,1,1,1,0,0,1,0,0,4,0,0,0,0
3.60999989509583,3.80999994277954,18,0,1,0,3,3.5,1,0,3,0,1,1,1,1,86.6999969482422,1,68,1,3,5,1,0,4,1,0,4,"Other",0,5,0,0,"F",0,0,1,1,1,1,1,0,0,5,1,0,1,0
1.1599999666214,0.810000002384186,18,0,1,1,1.5,3.5,1,0,4,1,1,0,0,0,77.1999969482422,0,51,1,2,1,0,0,1,1,0,4,"English",0,4,0,1,"F",0,0,0,0,0,0,0,0,0,3.5,0,0,0,0
1.46000003814697,1.9099999666214,18,0,1,1,3,3.5,1,0,5,1,1,1,0,1,81.3000030517578,1,61,0,3,3,0,0,3,1,0,4,"English",0,5,1,0,"F",0,0,0,0,0,0,0,0,0,5,0,0,0,0
1.35000002384186,2.1800000667572,18,0,1,1,2,2,1,0,4,1,0,1,0,1,72.5,1,,1,1,4,0,1,0,1,1,8,"English",0,5,1,0,"M",0,0,0,0,0,0,0,0,0,4,0,0,0,0
0.5,1.76999998092651,18,1,1,0,1,1,1,1,7,1,1,1,0,0,76,1,46,1,1,2,0,0,2,1,1,6,"English",0,4,0,1,"F",1,1,1,1,0,0,1,0,0,4.5,0,0,0,0
2.8199999332428,2.25999999046326,18,1,1,1,3,5,1,1,6,1,0,1,1,1,87.1999969482422,1,74,1,3,4,0,1,4.5,1,1,7,"English",0,6,0,0,"M",0,0,0,0,0,0,0,0,0,4.5,0,0,0,0
2.71000003814697,3.33999991416931,18,0,1,1,3,3.5,1,0,4,1,1,1,1,1,78,0,70,0,2,3,0,0,0,1,0,2,"English",0,5,0,0,"F",0,0,0,0,0,0,0,0,0,5,0,0,0,0
3.42000007629395,3.57999992370605,18,0,1,1,3,3.75,0,0,9,1,1,1,1,1,87.3000030517578,0,85,1,3,5,1,0,0,0,0,9,"English",0,6,0,0,"F",0,0,0,0,0,0,0,0,0,4.5,0,0,0,0
3.42000007629395,3.53999996185303,18,1,1,1,4,4.5,1,0,4,1,1,1,1,1,78.8000030517578,0,76.3333358764648,1,2,5,1,0,3,1,1,7,"English",0,6,0,0,"F",0,0,0,0,0,0,0,0,0,5,0,0,0,0
2.64000010490417,2.69000005722046,18,0,1,1,3,3,1,1,7,0,0,1,1,1,75.5,1,68,1,1,2,0,0,1,1,1,6,"Other",0,4,0,0,"M",0,0,0,0,0,0,0,0,0,4.5,0,0,0,0
1.58000004291534,1.86000001430511,18,0,1,1,3,3.5,1,1,7,1,0,1,1,1,73.6999969482422,1,60.5,1,1,3,0,0,0.5,1,1,6,"English",0,5,0,0,"M",0,0,0,0,0,0,0,0,0,4,0,0,0,0
1.96000003814697,1.92999994754791,18,0,1,1,2.5,3.5,0,0,1,0,0,1,1,1,80.5,0,80.5,1,2,2,0,0,2.5,0,0,1,"Other",0,6,0,0,"M",0,0,0,0,0,0,0,0,0,4,0,0,0,0
0.540000021457672,0.140000000596046,18,0,1,0,1,0.5,1,1,6,0,1,1,0,0,71.8000030517578,1,,1,1,4,0,1,1,1,1,6,"Other",0,5,1,0,"F",1,1,1,1,0,0,1,0,0,5,0,0,0,0
2.82999992370605,2.41000008583069,18,0,1,0,1.5,2.5,1,0,2,0,0,0,0,1,76,1,70,0,1,3,0,0,1,1,0,2,"Other",0,4,0,0,"M",0,0,1,0,1,0,0,0,0,3,0,0,0,0
2.55999994277954,2.40000009536743,18,1,1,0,3.5,2.5,1,1,6,1,1,1,1,1,79.6999969482422,0,76.5,1,2,4,0,1,1,1,0,5,"English",0,5,0,0,"F",1,1,1,1,0,0,1,0,0,4.5,0,0,0,0
1.67999994754791,1.97000002861023,17,1,1,1,3,2,1,1,7,0,0,1,1,1,78.8000030517578,1,66,1,2,1,0,0,1.5,1,0,3,"Other",0,4,0,0,"M",0,0,0,0,0,0,0,0,0,4,0,0,0,0
1.95000004768372,2.58999991416931,18,0,1,0,4,4,0,0,9,1,1,1,1,1,77.8000030517578,0,66,0,2,1,0,0,1,1,0,5,"English",0,6,0,0,"F",1,1,1,1,0,0,1,0,0,5,0,0,0,0
,1.75999999046326,17,1,1,1,,,1,1,6,1,1,1,0,1,73.6999969482422,0,,1,1,2,0,0,0,1,1,6,"English",0,6,,,"F",0,0,0,0,0,0,0,0,0,1,0,0,0,0
1.3400000333786,1.87000000476837,18,0,1,1,2.5,2.5,1,1,7,1,0,0,0,1,76.1999969482422,1,60,1,1,3,0,0,2,1,1,7,"English",0,5,1,0,"M",0,0,0,0,0,0,0,0,0,4,0,0,0,0
1.92999994754791,2.25,18,0,1,1,2,4,1,1,6,1,1,1,1,1,85.6999969482422,1,,1,3,3,0,0,0,0,0,9,"English",0,6,0,0,"F",0,0,0,0,0,0,0,0,0,4,0,0,0,0
1.54999995231628,1.00999999046326,18,1,1,1,2,3.5,0,0,9,1,0,0,1,0,79.6999969482422,0,67,1,2,2,0,0,0,0,0,9,"English",0,5,0,1,"M",0,0,0,0,0,0,0,0,0,4,0,0,0,0
1.52999997138977,2.6800000667572,22,0,1,1,2,2,0,0,1,0,1,0,0,1,81.5,1,51,0,3,3,0,0,2.5,0,0,1,"Other",0,5,0,0,"F",0,0,0,0,0,0,0,0,0,4,0,0,0,0
0.670000016689301,0.740000009536743,20,0,1,1,0.5,1,1,0,2,0,0,1,0,0,78.1999969482422,0,44,1,2,2,0,0,1,1,0,2,"Other",0,3,0,1,"M",0,0,0,0,0,0,0,0,0,1.5,0,0,0,0
1.53999996185303,3.25999999046326,18,0,1,1,2.5,3.5,1,0,4,1,1,1,1,1,83.6999969482422,1,54,1,3,2,0,0,2,1,0,4,"English",0,5,0,0,"F",0,0,0,0,0,0,0,0,0,4,0,0,0,0
1.38999998569489,1.33000004291534,20,0,1,1,2,2.5,1,1,6,0,1,1,0,1,74.8000030517578,0,70,1,1,3,0,0,1,1,1,7,"Other",0,3,0,0,"F",0,0,0,0,0,0,0,0,0,4,0,0,0,0
1.48000001907349,1.42999994754791,18,0,1,1,2.5,3.5,0,0,1,0,1,0,0,1,78.8000030517578,0,59,1,2,4,0,1,3,1,1,7,"French",0,6,1,0,"F",0,0,0,0,0,0,0,0,0,4,0,0,0,0
1.47000002861023,3.1800000667572,18,0,1,1,2.5,2,1,1,6,1,1,1,0,1,85.1999969482422,0,73,1,3,2,0,0,1,1,0,2,"English",0,5,1,0,"F",0,0,0,0,0,0,0,0,0,5,0,0,0,0
1.03999996185303,,18,0,1,1,2.5,0,1,1,7,1,0,1,0,0,74,1,54.25,0,1,3,0,0,0.5,0,0,9,"English",0,5,1,1,"M",0,0,0,0,0,0,0,0,0,4.5,0,0,0,0
0.680000007152557,,17,0,1,0,1.5,0,1,0,4,0,1,1,0,0,73.6999969482422,1,,1,1,4,0,1,3,1,0,2,"Other",0,4,1,1,"F",0,0,0,0,0,0,1,1,1,4,0,0,0,0
1.33000004291534,2.33999991416931,18,0,1,0,2.5,3.5,0,0,9,0,1,0,0,1,83.8000030517578,0,54,1,3,2,0,0,3,0,0,9,"Other",0,4,1,0,"F",1,1,1,1,0,0,1,0,0,4,0,0,0,0
2.50999999046326,2.9300000667572,18,0,1,1,3,2.75,1,0,3,0,1,1,1,1,80.8000030517578,0,69,1,3,2,0,0,1,1,1,6,"Other",0,6,0,0,"F",0,0,0,0,0,0,0,0,0,4.5,0,0,0,0
1.94000005722046,2.97000002861023,18,0,1,0,3,4.5,1,0,3,1,1,0,1,1,86.8000030517578,0,62,1,3,1,0,0,3,1,0,4,"English",0,5,0,0,"F",1,1,1,1,0,0,1,0,0,5,0,0,0,0
2.16000008583069,3.42000007629395,19,0,1,0,2.5,3,0,0,1,1,0,1,1,1,82.6999969482422,1,,1,3,3,0,0,0,0,0,1,"English",0,4,0,0,"M",0,0,1,1,1,1,1,0,0,4.5,0,0,0,0
1.35000002384186,1,19,1,1,0,1.5,1.5,1,0,4,1,1,1,0,0,84.5,1,46,0,3,2,0,0,1.5,1,1,8,"English",0,4,1,0,"F",1,1,1,1,0,0,1,0,0,4,0,0,0,0
3.16000008583069,2.96000003814697,18,0,1,0,3.5,3,1,0,4,1,1,1,1,1,84,0,79.6666641235352,0,3,4,0,1,0,1,0,2,"English",0,6,0,0,"F",1,1,1,1,0,0,1,0,0,4.5,0,0,0,0
2.83999991416931,2.70000004768372,18,1,1,0,3.5,3,1,1,6,0,1,1,1,1,79,1,70,1,2,5,1,0,1,0,0,1,"Other",0,5,0,0,"F",0,0,1,1,1,1,1,0,0,4.5,0,0,0,0
2.9300000667572,3.09999990463257,19,1,1,1,3,3.5,1,0,4,1,0,1,1,1,82.8000030517578,0,80,0,3,1,0,0,1.5,1,1,7,"English",0,5,0,0,"M",0,0,0,0,0,0,0,0,0,4,0,0,0,0
1.66999995708466,2.5,18,0,1,1,3.5,3.5,1,1,6,1,1,1,1,1,75.6999969482422,0,67.6666641235352,0,1,3,0,0,0,1,1,6,"English",0,6,0,0,"F",0,0,0,0,0,0,0,0,0,4.5,0,0,0,0
0.680000007152557,,18,0,1,0,1.5,0,1,1,7,0,1,1,0,0,73,1,63,1,1,3,0,0,0,1,1,7,"Other",0,4,1,1,"F",1,1,1,1,0,0,1,0,0,4,0,0,0,0
1.38999998569489,2.40000009536743,19,0,1,1,2.5,3,1,1,6,1,1,1,0,1,74.8000030517578,1,53.5,1,1,5,1,0,1.5,1,1,8,"English",0,6,1,0,"F",0,0,0,0,0,0,0,0,0,4.5,0,0,0,0
2.25999999046326,0.939999997615814,17,0,1,0,2.5,3,0,0,9,1,0,1,1,1,80.5999984741211,0,,0,2,3,0,0,3,0,0,9,"English",0,5,0,0,"M",0,0,0,0,0,0,0,1,0,5,0,0,0,0
0.639999985694885,,18,0,1,0,1.5,0,1,1,7,1,0,0,0,0,76.3000030517578,1,73,0,2,3,0,0,1,1,0,2,"English",0,5,1,1,"M",0,0,0,0,0,0,0,1,0,4,0,0,0,0
1.87999999523163,2.32999992370605,18,1,1,0,3,2.5,1,1,8,0,0,1,1,1,74,0,68.5,1,1,4,0,1,1,1,1,7,"Other",0,4,0,0,"M",1,1,1,1,0,0,1,0,0,4,0,0,0,0
1.9099999666214,1.5,18,1,1,0,3,1.5,1,0,4,1,1,1,1,1,79.6999969482422,1,65,1,2,3,0,0,0,1,0,4,"English",0,5,0,0,"F",1,1,1,1,0,0,1,0,0,4.5,0,0,0,0
2.48000001907349,2.44000005722046,18,1,1,1,2.5,4,1,0,4,1,1,1,1,1,77,1,80,0,2,3,0,0,1,1,0,4,"English",0,6,0,0,"F",0,0,0,0,0,0,0,0,0,4,0,0,0,0
0.439999997615814,,19,0,1,1,1,0,1,1,6,1,1,1,0,0,72.8000030517578,1,61,1,1,5,1,0,0,0,0,1,"English",0,6,0,1,"F",0,0,0,0,0,0,0,0,0,3.5,0,0,0,0
2.05999994277954,1.66999995708466,18,1,1,0,3,3,1,0,2,0,1,1,1,1,80.1999969482422,1,60.5,1,2,4,0,1,2,0,0,1,"Other",0,4,0,0,"F",0,0,0,0,0,0,0,1,0,4,0,0,0,0
0.230000004172325,0.400000005960464,19,0,1,0,0.5,1,1,0,2,0,1,0,0,0,75.1999969482422,1,49,1,1,3,0,0,1.5,0,0,1,"Other",0,4,0,1,"F",1,1,1,1,0,0,1,0,0,4,0,0,0,0
,,19,0,1,0,,,1,1,7,0,0,1,0,0,82.5999984741211,1,,0,3,4,0,1,0,1,1,6,"Other",1,0,,,"M",0,0,0,0,0,0,0,1,0,0,0,0,0,0
1.1599999666214,1.6599999666214,19,1,1,1,2,2,0,0,9,1,0,1,0,0,80.1999969482422,0,71,1,2,5,1,0,1,0,0,9,"English",0,5,0,0,"M",0,0,0,0,0,0,0,0,0,3.5,0,0,0,0
2.6800000667572,2.42000007629395,18,0,1,1,3,4.5,1,0,5,1,1,1,1,1,81.3000030517578,0,70,0,3,1,0,0,0.5,1,0,2,"English",0,6,0,0,"F",0,0,0,0,0,0,0,0,0,4.5,0,0,0,0
2.34999990463257,2.3199999332428,18,1,1,1,2,4,0,0,1,1,1,1,1,1,79.8000030517578,1,,1,2,4,0,1,0,1,0,4,"English",0,6,0,0,"F",0,0,0,0,0,0,0,0,0,4,0,0,0,0
2.98000001907349,2.85999989509583,18,0,1,1,3,3.5,1,1,6,1,0,1,1,1,81,0,68,1,3,4,0,1,3.5,1,1,6,"English",0,6,0,0,"M",0,0,0,0,0,0,0,0,0,5,0,0,0,0
0,0.140000000596046,20,0,1,0,0,0.5,1,1,6,0,0,1,0,0,71.6999969482422,1,,0,1,3,0,0,1.5,1,1,6,"Other",0,4,0,1,"M",1,1,1,1,0,0,1,0,0,3.5,0,0,0,0
2.21000003814697,1.67999994754791,18,0,1,0,2.5,4,1,0,4,1,0,1,1,1,78.1999969482422,1,66,1,2,2,0,0,2,1,0,2,"English",0,5,0,0,"M",1,1,1,1,0,0,1,0,0,4,0,0,0,0
,2.46000003814697,18,1,1,0,0.5,3,1,0,2,1,0,1,0,1,73,0,54,1,1,1,0,0,0,1,0,2,"English",0,2,0,0,"M",1,1,1,1,0,0,1,0,0,2,0,0,0,0
0.899999976158142,1.79999995231628,19,0,1,1,1,2,1,1,7,1,0,1,0,0,84.8000030517578,1,,1,3,3,0,0,2.5,1,1,7,"English",0,3,0,1,"M",0,0,0,0,0,0,0,0,0,3,0,0,0,0
1.71000003814697,,18,0,1,0,2,0.5,1,0,4,1,1,1,0,1,83.3000030517578,0,64,1,3,2,0,0,1,1,0,4,"English",0,5,0,0,"F",0,0,1,1,1,1,1,0,0,4,0,0,0,0
0.5,1.12999999523163,18,0,1,0,0.5,1,1,0,2,1,0,1,0,0,77.3000030517578,1,65,1,2,4,0,1,1.5,1,0,4,"English",0,2,0,0,"M",0,0,1,1,1,1,1,0,0,2,0,0,0,0
0.409999996423721,,18,0,1,0,1,0,1,1,7,0,1,1,0,0,85.3000030517578,1,50,1,3,3,0,0,3,1,1,8,"Other",0,5,1,1,"F",0,0,0,0,0,0,1,1,1,4,1,0,1,0
0.939999997615814,0.899999976158142,18,0,1,1,2,1,0,0,1,0,1,1,0,0,75.6999969482422,1,66,1,1,3,0,0,0,1,0,2,"Other",0,5,1,0,"F",0,0,0,0,0,0,0,0,0,4,0,0,0,0
1.47000002861023,2.5,18,0,1,0,2,2.5,1,1,6,1,1,1,0,1,83.8000030517578,0,69,1,3,4,0,1,0,1,0,5,"English",0,6,0,0,"F",0,0,1,1,1,1,1,0,0,3.5,1,0,1,0
3.45000004768372,3.05999994277954,18,0,1,1,2.5,3,1,1,7,1,1,1,0,1,80,1,84.5,1,2,3,0,0,0,1,1,8,"English",0,4,0,0,"F",0,0,0,0,0,0,0,0,0,3,0,0,0,0
0.639999985694885,,22,0,1,0,1,0,1,0,5,1,0,1,0,0,82,1,60,1,3,4,0,1,3,1,1,6,"English",0,4,1,1,"M",1,1,1,1,0,0,1,0,0,4,0,0,0,0
0.850000023841858,1.52999997138977,18,1,1,1,2.5,2.5,1,0,2,1,0,1,0,0,72.1999969482422,1,73,1,1,2,0,0,1,1,0,2,"English",0,5,1,0,"M",0,0,0,0,0,0,0,0,0,5,0,0,0,0
3.48000001907349,3.0699999332428,18,0,1,1,3,5,1,0,5,1,0,1,1,1,85.6999969482422,1,75,1,3,3,0,0,3,1,0,2,"English",0,6,0,0,"M",0,0,0,0,0,0,0,0,0,5,0,0,0,0
3.21000003814697,2.66000008583069,18,0,1,0,3.5,4,1,1,6,1,0,1,1,1,82.5,0,82.5,0,3,2,0,0,2,1,0,4,"English",0,6,0,0,"M",1,1,1,1,0,0,1,0,0,5,0,0,0,0
3.17000007629395,3.6800000667572,18,1,1,1,2,3,1,0,2,1,1,1,0,1,84.1999969482422,1,64,1,3,5,1,0,1,1,0,4,"English",0,5,0,0,"F",0,0,0,0,0,0,0,0,0,3,0,0,0,0
0,,20,0,1,1,0,0,1,0,2,1,1,1,0,0,79.3000030517578,0,,1,2,3,0,0,0,1,0,4,"English",0,6,0,1,"F",0,0,0,0,0,0,0,0,0,2,0,0,0,0
,1.92999994754791,18,0,1,1,2,3,1,1,6,1,0,1,0,1,80,1,67.25,1,2,5,1,0,0.5,1,1,6,"English",0,5,0,0,"M",0,0,0,0,0,0,0,0,0,4.5,0,0,0,0
2.33999991416931,2.79999995231628,18,1,1,1,4,5,0,0,9,1,0,1,1,1,83.1999969482422,1,70,1,3,4,0,1,3,1,0,4,"English",0,5,0,0,"M",0,0,0,0,0,0,0,0,0,5,0,0,0,0
2.84999990463257,2.00999999046326,19,0,1,1,2,2,1,1,6,1,1,1,0,1,79,1,80,1,2,1,0,0,1,1,1,7,"English",0,4,0,0,"F",0,0,0,0,0,0,0,0,0,3,0,0,0,0
1.80999994277954,3.20000004768372,18,1,1,0,2,3.5,1,1,6,1,0,1,1,1,83.3000030517578,0,59,1,3,3,0,0,4,1,1,6,"English",0,4,0,0,"M",0,0,0,0,0,0,0,1,0,4,0,0,0,0
1.53999996185303,2.11999988555908,18,0,1,1,3,4.5,1,1,6,1,1,1,1,1,76.3000030517578,1,69,1,2,2,0,0,0.5,1,1,7,"English",0,5,0,0,"F",0,0,0,0,0,0,0,0,0,4,0,0,0,0
1.11000001430511,1.79999995231628,18,0,1,1,2.5,3,1,0,5,1,1,1,0,0,81.3000030517578,1,56.5,1,3,1,0,0,3,1,1,6,"English",0,5,1,1,"F",0,0,0,0,0,0,0,0,0,5,0,0,0,0
2.84999990463257,3.30999994277954,18,0,1,0,2.5,2.5,1,0,4,0,0,0,0,1,77.5,1,73,1,2,5,1,0,1.5,1,0,3,"Other",0,4,0,0,"M",0,0,0,0,0,0,0,1,0,4,0,0,0,0
1.91999995708466,2.34999990463257,20,0,1,0,3,2,1,0,4,1,1,1,1,1,82.1999969482422,1,64.5,0,3,4,0,1,3,1,0,4,"English",0,6,0,0,"F",1,0,1,0,0,0,0,0,0,5,0,0,0,0
2.9300000667572,2.53999996185303,18,0,1,1,2,2.5,1,0,4,1,1,0,1,1,84,0,,0,3,3,0,0,1,1,1,7,"English",0,4,0,0,"F",0,0,0,0,0,0,0,0,0,4,0,0,0,0
1.87999999523163,2.27999997138977,18,0,1,0,3.5,2.5,1,1,6,1,1,1,1,1,81.3000030517578,1,71.6666641235352,0,3,2,0,0,1,1,0,4,"English",0,6,0,0,"F",1,1,1,1,0,0,1,0,0,4,0,0,0,0
2.05999994277954,1.96000003814697,18,0,1,1,3,4.5,1,1,6,1,0,0,1,1,75.8000030517578,0,61,1,1,3,0,0,3,1,1,7,"English",0,5,0,0,"M",0,0,0,0,0,0,0,0,0,5,0,0,0,0
1.25,1,18,1,1,1,2.5,3,1,0,2,1,0,0,0,0,77,1,60.6666679382324,1,2,3,0,0,0,1,1,7,"English",0,6,0,1,"M",0,0,0,0,0,0,0,0,0,3,0,0,0,0
2.58999991416931,2.35999989509583,19,1,1,0,3,4.5,1,0,5,1,1,1,1,1,81.3000030517578,0,83,0,3,3,0,0,1,1,1,6,"English",0,5,0,0,"F",1,1,1,1,0,0,1,0,0,5,0,0,0,0
2.14000010490417,2.09999990463257,19,1,1,0,2.5,3.5,1,1,6,0,0,1,1,1,75.5,0,80,0,1,4,0,1,1,0,0,9,"Other",0,5,0,0,"M",1,0,1,0,0,0,0,0,0,4,0,0,0,0
0.670000016689301,0.400000005960464,18,0,1,1,1.5,0.5,1,1,7,0,0,1,0,0,77.8000030517578,1,67,1,2,2,0,0,1.5,1,1,8,"Other",0,3,0,1,"M",0,0,0,0,0,0,0,0,0,4,0,0,0,0
2.04999995231628,2.9300000667572,18,0,1,1,2.5,3,1,1,6,1,0,1,1,1,86.1999969482422,1,74,1,3,2,0,0,1,1,1,7,"English",0,6,0,0,"M",0,0,0,0,0,0,0,0,0,5,0,0,0,0
1.86000001430511,2,19,0,1,1,3,1.5,1,0,5,0,0,1,1,1,74.1999969482422,0,59.5,0,1,4,0,1,1,1,1,6,"Other",0,4,0,0,"M",0,0,0,0,0,0,0,0,0,4,0,0,0,0
3.27999997138977,3.49000000953674,18,1,1,0,3.5,3.5,1,0,5,1,0,1,1,1,81.8000030517578,0,77.5,1,3,4,0,1,1,1,1,6,"English",0,5,0,0,"M",0,0,0,0,0,0,1,1,1,5,1,0,1,0
2.01999998092651,2.20000004768372,18,0,1,1,3.5,1.5,1,1,6,1,1,1,1,1,77.6999969482422,1,74,1,2,3,0,0,1,1,0,2,"English",0,5,0,0,"F",0,0,0,0,0,0,0,0,0,4.5,0,0,0,0
0.629999995231628,,19,0,1,1,1,0,1,0,2,1,1,1,0,0,76.6999969482422,0,55,0,2,2,0,0,3.5,1,0,2,"English",0,4,0,1,"F",0,0,0,0,0,0,0,0,0,3.5,0,0,0,0
3.85999989509583,4,18,0,1,0,3.5,2.5,0,0,9,1,0,1,1,1,86.3000030517578,1,77.5,1,3,5,1,0,1,0,0,9,"English",0,6,0,0,"M",0,0,0,0,0,0,0,1,0,5,0,0,0,0
2.27999997138977,1.38999998569489,18,0,1,1,2.5,2,1,0,2,1,1,0,0,1,81,0,58.3333320617676,1,3,3,0,0,2,1,0,2,"English",0,6,0,0,"F",0,0,0,0,0,0,0,0,0,3,0,0,0,0
1.73000001907349,2.60999989509583,18,0,1,1,2,3,1,1,7,1,0,1,0,1,76,1,68,1,1,4,0,1,1,1,0,4,"English",0,6,0,0,"M",0,0,0,0,0,0,0,0,0,3.5,0,0,0,0
2.08999991416931,2.38000011444092,18,0,1,0,3.5,4,1,1,6,1,0,1,1,1,73.6999969482422,0,66,0,1,5,1,0,3,1,0,2,"English",0,5,0,0,"M",1,1,1,1,0,0,1,0,0,4.5,0,0,0,0
1.89999997615814,,18,0,1,0,1,0,1,1,6,1,0,0,0,0,86.3000030517578,1,67,1,3,4,0,1,0,1,0,4,"English",0,2,0,1,"M",0,0,1,0,1,0,0,0,0,1.5,0,0,0,0
1.73000001907349,,18,0,1,1,3,0,1,1,8,1,0,1,1,0,82.8000030517578,1,65,0,3,2,0,0,3,1,0,3,"English",0,5,0,1,"M",0,0,0,0,0,0,0,0,0,5,0,0,0,0
2.40000009536743,2.94000005722046,18,0,1,0,4,2.5,1,0,2,1,1,1,1,1,83.8000030517578,1,78.6666641235352,1,3,3,0,0,1.5,1,0,4,"English",0,5,0,0,"F",0,0,0,0,0,0,1,1,1,5,0,0,0,0
1.94000005722046,,18,1,1,1,1,0,0,0,9,1,1,1,0,0,77,0,24,1,2,3,0,0,0,1,1,6,"English",0,6,0,1,"F",0,0,0,0,0,0,0,0,0,2.5,0,0,0,0
,,18,0,1,1,,,1,1,6,0,0,0,,,79.8000030517578,1,,1,2,3,0,0,0,0,0,9,"Other",1,0,,,"M",0,0,0,0,0,0,0,0,0,0,0,0,0,0
1.60000002384186,,18,0,1,1,2,0,1,0,4,1,1,0,0,0,79.8000030517578,1,57,0,2,5,1,0,1,1,0,4,"English",0,4,0,0,"F",0,0,0,0,0,0,0,0,0,3,0,0,0,0
0,0,18,0,1,0,0,0,1,1,6,1,0,1,0,0,78,1,37,1,2,4,0,1,3.5,0,0,1,"English",0,5,1,0,"M",0,0,1,1,1,1,1,0,0,4.5,0,0,0,0
0.779999971389771,1.42999994754791,18,0,1,1,2,1,0,0,9,1,0,1,0,0,77.3000030517578,0,59.5,1,2,4,0,1,3,1,0,3,"English",0,5,1,0,"M",0,0,0,0,0,0,0,0,0,5,0,0,0,0
2.25,2.6800000667572,18,0,1,0,2.5,3.5,1,0,3,1,1,1,1,1,75.6999969482422,1,68,0,1,4,0,1,0,1,0,4,"English",0,4,0,0,"F",1,1,1,1,0,0,1,0,0,4,0,0,0,0
0.370000004768372,,19,0,1,0,0.5,0,1,0,3,1,1,1,0,0,79.8000030517578,1,,0,2,3,0,0,0,1,0,2,"English",0,3,0,1,"F",0,0,0,0,0,0,1,1,1,4,0,0,0,0
1.48000001907349,2.55999994277954,18,0,1,1,2,3,1,1,7,1,0,1,0,1,77.8000030517578,1,78,1,2,3,0,0,0,1,0,2,"English",0,3,0,0,"M",0,0,0,0,0,0,0,0,0,3.5,0,0,0,0
2.91000008583069,3.17000007629395,18,0,1,0,3,5,1,0,4,0,1,1,1,1,85.5,1,70,1,3,3,0,0,3,1,0,4,"Other",0,5,0,0,"F",0,0,1,1,1,1,1,0,0,5,0,1,1,0
1.51999998092651,2.05999994277954,18,0,1,0,3,3,1,1,6,0,1,1,1,1,85,1,60,1,3,5,1,0,4,1,0,2,"French",0,5,0,0,"F",1,1,1,1,0,0,1,0,0,5,0,0,0,0
2.41000008583069,1.1599999666214,18,1,1,0,3,2,1,1,7,1,1,1,1,1,83.5,1,73,1,3,2,0,0,1,1,1,6,"English",0,3,0,0,"F",0,0,0,0,0,0,0,1,0,4,0,0,0,0
2.70000004768372,2.69000005722046,18,0,1,1,4,4,0,0,1,1,1,1,1,1,84.3000030517578,1,68.3333358764648,1,3,3,0,0,1,0,0,1,"English",0,5,0,0,"F",0,0,0,0,0,0,0,0,0,5,0,0,0,0
0.930000007152557,0.140000000596046,18,0,1,0,1.5,0.5,1,1,6,0,1,1,0,0,71.8000030517578,1,67,1,1,4,0,1,0,1,1,6,"Other",0,4,0,1,"F",0,0,0,0,0,0,1,1,1,3,1,1,1,0
3.07999992370605,2.79999995231628,18,1,1,1,2,3.5,1,1,6,1,1,1,1,1,81.8000030517578,1,,1,3,4,0,1,1,1,0,2,"English",0,4,0,0,"F",0,0,0,0,0,0,0,0,0,4,0,0,0,0
1.3400000333786,0.600000023841858,18,0,1,1,3,1,1,0,2,1,0,1,0,0,76.8000030517578,0,61.5,1,2,3,0,0,0,1,0,2,"English",0,5,0,1,"M",0,0,0,0,0,0,0,0,0,4,0,0,0,0
2.76999998092651,3.04999995231628,18,0,1,0,3.5,4,1,0,4,1,0,1,1,1,82.4000015258789,0,80.5,1,3,1,0,0,0,1,0,5,"English",0,6,0,0,"M",0,0,0,0,0,0,1,1,1,5,0,0,0,0
,,18,1,1,1,4,0,1,1,7,1,1,1,,,73.3000030517578,1,76.25,1,1,3,0,0,0,1,0,4,"English",1,4,,,"F",0,0,0,0,0,0,0,0,0,0,0,0,0,0
3.05999994277954,2.95000004768372,19,0,1,1,3.5,7.5,1,0,4,1,0,1,1,1,78.3000030517578,0,75,1,2,1,0,0,2,1,0,4,"English",0,6,0,0,"M",0,0,0,0,0,0,0,0,0,5,0,0,0,0
1.96000003814697,2.74000000953674,18,0,1,1,3,3,1,1,8,0,1,1,1,1,80.5,0,70,1,2,5,1,0,1,1,1,8,"Other",0,6,0,0,"F",0,0,0,0,0,0,0,0,0,5,0,0,0,0
2.09999990463257,1.76999998092651,18,0,1,1,3,4.5,1,0,3,1,1,1,1,1,75,1,66,1,1,3,0,0,2,1,0,2,"English",0,4,0,0,"F",0,0,0,0,0,0,0,0,0,4,0,0,0,0
0.779999971389771,2.0699999332428,18,0,1,0,1.5,2,1,0,4,1,1,1,0,0,86.8000030517578,1,59.5,1,3,3,0,0,3,1,0,4,"English",0,6,1,1,"F",0,0,1,1,1,1,1,0,0,4.5,0,0,0,0
3.73000001907349,3.97000002861023,19,0,1,0,3.5,4.5,1,0,4,1,0,1,1,1,85.6999969482422,0,82,0,3,2,0,0,0,1,0,4,"English",0,6,0,0,"M",0,0,1,1,1,1,1,0,0,5,0,0,0,0
1.04999995231628,1.70000004768372,19,1,1,1,2.5,1.5,1,0,4,1,0,1,0,0,80,0,61.6666679382324,0,2,3,0,0,0.5,1,0,4,"English",0,6,1,1,"M",0,0,0,0,0,0,0,0,0,5,0,0,0,0
1.42999994754791,1.75999999046326,18,0,1,1,2.5,2.5,1,0,4,1,1,1,0,1,72.3000030517578,0,70,1,1,3,0,0,0,1,0,4,"English",0,6,1,0,"F",0,0,0,0,0,0,0,0,0,4,0,0,0,0
1.3400000333786,2.0699999332428,18,1,1,0,2.5,3.5,1,1,6,0,1,1,0,1,80.1999969482422,0,60,1,2,3,0,0,3,1,0,4,"Other",0,4,1,0,"F",1,1,1,1,0,0,1,0,0,4.5,0,0,0,0
1.85000002384186,0.519999980926514,18,0,1,1,3,2,1,0,4,1,1,1,1,0,81.1999969482422,1,67,0,3,4,0,1,3,1,0,5,"English",0,6,0,1,"F",0,0,0,0,0,0,0,0,0,5,0,0,0,0
2.4300000667572,2.59999990463257,18,0,1,1,3,3,1,0,4,1,1,0,1,1,77.8000030517578,1,58.5,1,2,2,0,0,0,1,0,2,"English",0,6,0,0,"F",0,0,0,0,0,0,0,0,0,4,0,0,0,0
2.5699999332428,3.41000008583069,18,0,1,1,2,2.5,0,0,1,1,0,0,0,1,82.6999969482422,0,61,1,3,1,0,0,2,1,0,2,"English",0,5,0,0,"M",0,0,0,0,0,0,0,0,0,3,0,0,0,0
0.720000028610229,0.529999971389771,18,0,1,1,2.5,1.5,1,1,8,0,1,1,0,0,74,0,47,1,1,3,0,0,2,1,1,6,"Other",0,6,1,0,"F",0,0,0,0,0,0,0,0,0,4.5,0,0,0,0
0.959999978542328,0.759999990463257,18,0,1,1,2,2,1,1,8,1,0,1,0,0,76,1,61,1,1,4,0,1,3,1,0,2,"English",0,4,1,0,"M",0,0,0,0,0,0,0,0,0,4,0,0,0,0
1.25999999046326,2.59999990463257,19,0,1,1,3,3.5,1,1,6,1,0,0,0,1,72.3000030517578,0,59.5,0,1,1,0,0,1,1,0,2,"English",0,4,1,0,"M",0,0,0,0,0,0,0,0,0,4,0,0,0,0
0.899999976158142,1.67999994754791,18,0,1,1,1.5,2.5,1,1,7,0,1,1,0,0,68.6999969482422,0,50,1,1,5,1,0,1,0,0,1,"Other",0,6,0,1,"F",0,0,0,0,0,0,0,0,0,3,0,0,0,0
0.670000016689301,1.03999996185303,18,0,1,0,2,3,1,1,7,0,0,1,0,0,84.1999969482422,1,58,1,3,4,0,1,4,1,1,6,"Other",0,5,1,0,"M",0,0,0,0,0,0,1,1,1,5,1,1,1,0
2.82999992370605,,18,0,1,1,2,0,1,0,5,1,1,1,0,0,74.6999969482422,1,,1,1,5,1,0,0.5,1,0,4,"English",1,0,0,1,"F",0,0,0,0,0,0,0,0,0,2,0,0,0,0
1.97000002861023,1.91999995708466,18,1,1,1,2.5,3.5,1,1,6,1,0,0,1,1,77.1999969482422,1,52.5,1,2,4,0,1,1,1,0,4,"English",0,6,0,0,"M",0,0,0,0,0,0,0,0,0,4.5,0,0,0,0
2.77999997138977,2.61999988555908,18,0,1,1,3,3,1,1,6,1,0,1,1,1,86.8000030517578,1,70,0,3,1,0,0,3.5,1,0,4,"English",0,4,0,0,"M",0,0,0,0,0,0,0,0,0,4.5,0,0,0,0
2.88000011444092,2.5,18,0,1,0,3,2,1,1,6,0,1,1,1,1,87,1,78,1,3,3,0,0,0,1,1,6,"Other",0,6,0,0,"F",1,1,1,1,0,0,1,0,0,5,0,0,0,0
3.33999991416931,2.64000010490417,19,1,1,1,2.5,5,1,1,7,1,1,1,1,1,83.1999969482422,0,,1,3,2,0,0,0,1,1,6,"English",0,5,0,0,"F",0,0,0,0,0,0,0,0,0,5,0,0,0,0
3.08999991416931,2.71000003814697,18,0,1,0,3,5,1,1,6,1,0,1,1,1,87.1999969482422,1,67,1,3,1,0,0,4,1,1,6,"English",0,5,0,0,"M",0,0,0,0,0,0,1,1,1,5,0,1,1,0
,,19,0,1,1,,,1,1,6,0,0,0,,,80.8000030517578,0,,1,3,2,0,0,0,1,1,6,"Other",1,0,,,"M",0,0,0,0,0,0,0,0,0,0,0,0,0,0
3.0699999332428,3.49000000953674,18,0,1,0,3,2,0,0,1,1,0,1,0,1,79.8000030517578,1,79,1,2,4,0,1,0,0,0,1,"English",0,6,0,0,"M",0,0,0,0,0,0,1,1,1,3.5,0,1,1,0
3.04999995231628,3.25999999046326,18,0,1,0,4,3.5,1,0,2,1,0,1,1,1,85.8000030517578,0,68.75,1,3,4,0,1,1,1,0,2,"English",0,6,0,0,"M",0,0,1,0,1,0,0,0,0,5,0,0,0,0
0,0,19,0,1,1,0,0,1,1,6,1,1,1,0,0,73.6999969482422,1,2,1,1,4,0,1,2.5,1,1,7,"English",0,6,1,0,"F",0,0,0,0,0,0,0,0,0,4.5,0,0,0,0
2.36999988555908,2.19000005722046,18,0,1,0,3,4,1,0,2,1,1,1,1,1,80.8000030517578,1,68,1,3,4,0,1,3,1,0,4,"English",0,6,0,0,"F",0,0,0,0,0,0,1,1,1,5,1,1,1,0
0.180000007152557,0.140000000596046,19,0,1,1,0.5,0.5,1,0,2,1,0,1,0,0,76.6999969482422,0,,1,2,3,0,0,2,1,0,2,"English",0,6,1,0,"M",0,0,0,0,0,0,0,0,0,4,0,0,0,0
2.1800000667572,2,18,1,1,1,3,4.5,1,1,8,1,1,1,1,1,81,1,64,1,3,5,1,0,4,1,1,7,"English",0,5,0,0,"F",0,0,0,0,0,0,0,0,0,5,0,0,0,0
0,,18,1,1,1,0,0,1,1,8,1,1,1,0,0,78.6999969482422,0,37,1,2,4,0,1,0,1,1,8,"English",0,5,1,1,"F",0,0,0,0,0,0,0,0,0,4.5,0,0,0,0
,,18,0,1,1,0.5,0,1,1,6,0,0,1,0,0,79.8000030517578,0,53,0,2,4,0,1,0,1,1,6,"Other",0,4,0,1,"M",0,0,0,0,0,0,0,0,0,0.5,0,0,0,0
2.80999994277954,3.75,18,0,1,0,3,5,0,0,1,1,1,1,1,1,85.8000030517578,0,85,1,3,1,0,0,2,0,0,9,"English",0,4,0,0,"F",1,1,1,1,0,0,1,0,0,4.5,0,0,0,0
0.709999978542328,1.01999998092651,18,1,1,1,1.5,2,0,0,9,1,1,1,0,0,77.6999969482422,1,55,1,2,4,0,1,0,0,0,9,"English",0,4,1,0,"F",0,0,0,0,0,0,0,0,0,4.5,0,0,0,0
2.40000009536743,2.21000003814697,19,0,1,1,3,3,1,1,7,0,1,0,1,1,85,1,74,0,3,5,1,0,1.5,1,1,7,"Other",0,4,0,0,"F",0,0,0,0,0,0,0,0,0,4,0,0,0,0
0,,19,0,1,1,0,0,1,0,2,1,1,1,0,0,74.5,1,4,0,1,2,0,0,2.5,0,0,1,"English",0,4,0,1,"F",0,0,0,0,0,0,0,0,0,3.5,0,0,0,0
1.17999994754791,1.67999994754791,18,0,1,0,3.5,3,1,0,2,0,0,1,0,0,73.5,0,64.5,0,1,2,0,0,0,1,0,2,"Other",0,5,1,0,"M",0,0,0,0,0,0,0,1,0,5,0,0,0,0
1.79999995231628,3.74000000953674,19,0,1,1,2,2,0,0,9,0,0,0,1,1,77.5,0,80,0,2,4,0,1,1,0,0,9,"Other",0,4,0,0,"M",0,0,0,0,0,0,0,0,0,4,0,0,0,0
3.09999990463257,3.02999997138977,18,1,1,1,2.5,5,1,1,6,1,1,1,1,1,80.1999969482422,0,80,1,2,3,0,0,1,1,1,6,"English",0,5,0,0,"F",0,0,0,0,0,0,0,0,0,4,0,0,0,0
3.22000002861023,1.86000001430511,18,0,1,1,3.5,3,1,1,6,0,1,1,1,1,81.3000030517578,0,77.5,1,3,2,0,0,1,1,0,4,"Other",0,4,0,0,"F",0,0,0,0,0,0,0,0,0,4.5,0,0,0,0
0.280000001192093,,20,0,1,1,0.5,0,1,0,4,0,1,1,0,0,74.1999969482422,1,46,1,1,4,0,1,1.5,1,0,4,"Other",0,6,0,1,"F",0,0,0,0,0,0,0,0,0,3.5,0,0,0,0
3,3,18,0,1,1,3,5,0,0,1,0,0,1,1,1,87.3000030517578,0,62,1,3,3,0,0,3,1,0,3,"Other",0,5,0,0,"M",0,0,0,0,0,0,0,0,0,5,0,0,0,0
0.509999990463257,1.88999998569489,18,0,1,1,1.5,3,1,1,6,1,0,1,0,0,74.6999969482422,0,41.5,0,1,1,0,0,4.5,1,1,6,"English",0,6,1,1,"M",0,0,0,0,0,0,0,0,0,5,0,0,0,0
0.850000023841858,1.37999999523163,20,0,1,1,1,2,1,0,5,0,0,1,0,0,72.3000030517578,0,48,0,1,1,0,0,0,1,1,7,"Other",0,5,0,1,"M",0,0,0,0,0,0,0,0,0,3.5,0,0,0,0
,,18,0,1,1,,,1,1,6,0,1,1,0,0,83.5,0,,1,3,3,0,0,0,1,1,6,"Other",1,0,,,"F",0,0,0,0,0,0,0,0,0,0,0,0,0,0
2.41000008583069,3.10999989509583,18,0,1,0,3,3.5,1,1,7,1,1,1,1,1,76.3000030517578,1,59,1,2,1,0,0,3,1,1,6,"English",0,5,0,0,"F",1,1,1,1,0,0,1,0,0,5,0,0,0,0
2.47000002861023,1.4099999666214,18,1,1,1,4,2,1,0,4,1,0,1,1,1,76,1,71.5,1,1,3,0,0,0.5,1,1,7,"English",0,5,0,0,"M",0,0,0,0,0,0,0,0,0,5,0,0,0,0
1.86000001430511,0.870000004768372,18,0,1,1,3.5,1,1,1,6,1,0,1,1,1,72.6999969482422,1,65.3333358764648,1,1,1,0,0,0,1,0,4,"English",0,6,0,0,"M",0,0,0,0,0,0,0,0,0,4,0,0,0,0
3.50999999046326,,18,0,1,1,3.5,5,1,0,5,0,0,1,1,0,85.5,1,80.5,1,3,4,0,1,3.5,1,1,6,"Other",0,5,0,1,"M",0,0,0,0,0,0,0,0,0,5,0,0,0,0
,3.05999994277954,17,0,1,1,0.5,2,1,1,8,0,0,1,0,0,84.3000030517578,1,54,1,3,1,0,0,0.5,1,0,5,"Other",0,5,0,0,"M",0,0,0,0,0,0,0,0,0,1,0,0,0,0
2.54999995231628,1.3400000333786,18,1,1,1,3.5,3,1,1,6,1,0,1,1,1,81.6999969482422,1,72,1,3,3,0,0,4,1,1,6,"English",0,5,0,0,"M",0,0,0,0,0,0,0,0,0,5,0,0,0,0
1.87000000476837,1.73000001907349,18,0,1,1,2.5,3.5,1,0,4,1,1,1,1,1,80.3000030517578,0,74,1,2,4,0,1,0,1,0,2,"English",0,5,0,0,"F",0,0,0,0,0,0,0,0,0,4.5,0,0,0,0
0.159999996423721,,19,0,1,1,0.5,0,1,0,2,1,0,1,0,0,77.8000030517578,1,42,1,2,3,0,0,1.5,1,0,5,"English",0,6,1,1,"M",0,0,0,0,0,0,0,0,0,4,0,0,0,0
0.980000019073486,0.850000023841858,18,1,1,1,3,2,1,0,5,1,1,1,0,0,73.8000030517578,1,57.5,1,1,2,0,0,1,1,0,4,"English",0,5,1,0,"F",0,0,0,0,0,0,0,0,0,4.5,0,0,0,0
1.74000000953674,2.20000004768372,18,0,1,0,2,2.5,1,1,6,1,1,1,0,1,78,1,66,0,2,3,0,0,0,1,1,6,"English",0,4,0,0,"F",0,0,1,1,1,1,1,0,0,3,1,0,1,0
2.00999999046326,2.42000007629395,19,0,1,1,3,2.5,1,1,6,0,1,1,1,1,81.5,1,55.6666679382324,1,3,2,0,0,4.5,1,1,6,"Other",0,6,0,0,"F",0,0,0,0,0,0,0,0,0,4.5,0,0,0,0
2.5,2.29999995231628,18,,1,0,3,3,1,1,6,0,1,0,1,1,77.1999969482422,1,80.5,1,2,5,1,0,2,1,1,6,"Other",0,5,0,0,"F",1,1,1,1,0,0,1,0,0,4,0,0,0,0
0.970000028610229,2.24000000953674,18,0,1,1,2,3,1,0,2,0,1,0,0,1,77.3000030517578,0,58,1,2,3,0,0,2,1,0,2,"Other",0,5,0,0,"F",0,0,0,0,0,0,0,0,0,3.5,0,0,0,0
2.21000003814697,1.67999994754791,19,0,1,1,3,4.5,1,1,7,1,1,1,1,1,79.8000030517578,1,68,1,2,5,1,0,4,1,1,7,"English",0,5,0,0,"F",0,0,0,0,0,0,0,0,0,5,0,0,0,0
3.47000002861023,3.03999996185303,18,0,1,1,3.5,5,1,1,6,1,1,1,1,1,87.1999969482422,1,75,1,3,3,0,0,4,1,1,6,"English",0,5,0,0,"F",0,0,0,0,0,0,0,0,0,5,0,0,0,0
1.25,,18,1,1,1,2.5,0,1,0,2,1,1,1,0,0,80.5,0,74,1,2,4,0,1,0,1,0,2,"English",0,5,1,1,"F",0,0,0,0,0,0,0,0,0,4,0,0,0,0
2.79999995231628,3.10999989509583,18,0,1,0,3,2.5,1,1,8,0,1,1,1,1,85,1,83,1,3,2,0,0,1,1,0,4,"Other",0,5,0,0,"F",1,1,1,1,0,0,1,0,0,5,0,0,0,0
1.89999997615814,2.5699999332428,18,0,1,0,3,3.5,1,1,6,0,1,1,1,1,85.3000030517578,0,68.5,1,3,2,0,0,1,1,1,8,"Other",0,6,0,0,"F",1,1,1,1,0,0,1,0,0,4.5,0,0,0,0
2.11999988555908,3.00999999046326,18,0,1,0,3,3,1,0,4,1,1,1,1,1,73.8000030517578,0,78,0,1,3,0,0,1,1,0,4,"English",0,6,0,0,"F",1,0,1,0,0,0,0,0,0,5,0,0,0,0
1,,19,1,1,0,1,0,1,1,6,0,1,1,0,0,73.8000030517578,1,49,1,1,4,0,1,2,1,1,6,"Other",0,5,1,1,"F",1,1,1,1,0,0,1,0,0,4,0,0,0,0
1.8400000333786,0,19,1,1,1,2.5,0,1,0,4,0,1,1,0,0,74.3000030517578,0,71,1,1,3,0,0,1,1,0,4,"Other",0,4,0,1,"F",0,0,0,0,0,0,0,0,0,4.5,0,0,0,0
2.59999990463257,2.55999994277954,18,0,1,0,3,4.5,1,1,6,1,1,1,1,1,82.5,0,63,1,3,3,0,0,4,1,1,6,"English",0,6,0,0,"F",0,0,0,0,0,0,0,1,0,5,0,0,0,0
3.09999990463257,,18,1,1,0,2.5,0,1,1,6,1,1,0,1,0,83.5,1,79,1,3,1,0,0,0,1,1,7,"English",0,6,0,1,"F",0,0,0,0,0,0,1,1,1,4,1,0,1,0
1.9099999666214,2.75,18,0,1,0,2.5,3.5,1,1,6,1,1,1,1,1,80.1999969482422,0,66,0,2,3,0,0,2,1,1,6,"English",0,5,0,0,"F",1,1,1,1,0,0,1,0,0,4,0,0,0,0
0.280000001192093,2.24000000953674,18,0,1,0,1,3.5,0,0,1,1,1,1,0,0,85.1999969482422,1,53,1,3,4,0,1,3,1,0,2,"English",0,4,0,1,"F",0,0,0,0,0,0,1,1,1,3,0,0,0,0
2.02999997138977,2.95000004768372,17,0,1,1,3,3,1,1,8,1,0,1,1,1,75.5,1,66.5,1,1,3,0,0,0,1,1,7,"English",0,5,0,0,"M",0,0,0,0,0,0,0,0,0,4.5,0,0,0,0
3.75,2.91000008583069,18,0,1,0,3.5,4,1,1,6,1,1,1,1,1,84.3000030517578,1,79.5,1,3,1,0,0,3,1,1,6,"English",0,5,0,0,"F",0,0,1,1,1,1,1,0,0,5,1,1,1,0
2,2.23000001907349,18,0,1,1,2,3.5,1,0,4,1,0,0,1,1,73.5,1,,0,1,3,0,0,2,1,0,4,"English",0,4,0,0,"M",0,0,0,0,0,0,0,0,0,4,0,0,0,0
1.10000002384186,0.349999994039536,18,0,1,0,2,0.75,1,0,5,0,1,1,0,0,83,0,56,1,3,3,0,0,0,1,1,6,"Other",0,5,0,1,"F",0,0,0,0,0,0,1,1,1,3.5,0,0,0,0
2.03999996185303,2.39000010490417,18,0,1,0,3.5,3,1,0,2,1,0,1,1,1,72,0,68.6666641235352,1,1,3,0,0,1.5,1,0,2,"English",0,6,0,0,"M",0,0,1,1,1,1,1,0,0,4.5,0,0,0,0
1.97000002861023,2.13000011444092,18,0,1,0,3,3.5,1,1,6,1,0,1,1,1,82.1999969482422,1,59,1,3,3,0,0,5,1,1,6,"English",0,6,0,0,"M",1,1,1,1,0,0,1,0,0,5,0,0,0,0
3.74000000953674,3.5699999332428,18,0,1,0,3,5,1,1,8,1,0,1,1,1,84,1,70,1,3,4,0,1,5,0,0,9,"English",0,5,0,0,"M",0,0,0,0,0,0,1,1,1,5,0,1,1,0
2.91000008583069,1.75999999046326,18,0,1,1,3,2.5,0,0,9,0,0,1,1,1,79.1999969482422,0,74,1,2,1,0,0,1.5,0,0,9,"Other",0,4,0,0,"M",0,0,0,0,0,0,0,0,0,4,0,0,0,0
3.3199999332428,3.25999999046326,18,0,1,1,3.5,4.5,1,0,4,1,0,1,1,1,84,1,73.3333358764648,1,3,1,0,0,4,1,0,2,"English",0,6,0,0,"M",0,0,0,0,0,0,0,0,0,5,0,0,0,0
2.59999990463257,2.16000008583069,18,0,1,1,2,2.5,0,0,1,1,1,1,1,1,86.6999969482422,1,,1,3,4,0,1,0,1,0,2,"English",0,4,0,0,"F",0,0,0,0,0,0,0,0,0,4,0,0,0,0
1.89999997615814,2.95000004768372,18,1,1,1,2.5,3,1,1,8,1,0,1,0,1,74.5,0,64.5,1,1,4,0,1,0,1,1,6,"English",0,5,0,0,"M",0,0,0,0,0,0,0,0,0,3,0,0,0,0
2.98000001907349,3.19000005722046,19,0,1,1,4.5,3.5,1,1,7,1,0,1,1,1,76.3000030517578,1,75.25,1,2,3,0,0,0.5,1,1,6,"English",0,6,0,0,"M",0,0,0,0,0,0,0,0,0,5,0,0,0,0
0.699999988079071,1.62999999523163,18,0,1,1,1.5,4,1,1,7,0,1,1,0,0,80.1999969482422,1,60,0,2,4,0,1,2,1,1,6,"Other",0,6,1,0,"F",0,0,0,0,0,0,0,0,0,4,0,0,0,0
0.790000021457672,,18,0,1,0,2,1,1,1,7,1,0,1,0,0,73.8000030517578,0,62,0,1,4,0,1,1,1,0,4,"English",0,5,1,0,"M",0,0,0,0,0,0,0,1,0,4,0,0,0,0
2.4300000667572,2.09999990463257,19,0,1,1,2.5,3,1,1,6,1,1,1,1,1,71.5,1,70,1,1,3,0,0,0,1,0,2,"English",0,6,0,0,"F",0,0,0,0,0,0,0,0,0,5,0,0,0,0
1.53999996185303,2.14000010490417,18,0,1,1,2.5,3,0,0,9,1,0,1,1,1,77.8000030517578,1,59,1,2,4,0,1,3.5,1,1,6,"English",0,4,0,0,"M",0,0,0,0,0,0,0,0,0,4,0,0,0,0
1.85000002384186,1.46000003814697,18,1,1,1,3.5,3.75,1,1,6,1,0,1,1,1,75.3000030517578,0,66,1,1,1,0,0,0,1,1,7,"English",0,6,0,0,"M",0,0,0,0,0,0,0,0,0,5,0,0,0,0
1.67999994754791,0.379999995231628,18,0,1,0,2.5,0.5,0,0,9,0,0,1,0,0,77.6999969482422,1,66.5,1,2,3,0,0,0,0,0,9,"Other",0,4,0,1,"M",0,0,1,1,1,1,1,0,0,3,0,0,0,0
0.589999973773956,,19,0,1,0,1,0,1,1,6,0,1,1,0,0,80.1999969482422,1,16,1,2,1,0,0,1.5,1,1,6,"Other",0,5,1,1,"F",1,1,1,1,0,0,1,0,0,5,0,0,0,0
,,18,0,1,1,,,1,0,2,1,0,1,0,0,87.1999969482422,1,,0,3,3,0,0,0,1,0,2,"English",1,0,,,"M",0,0,0,0,0,0,0,0,0,0,0,0,0,1
3.8199999332428,3.16000008583069,18,1,1,1,3.5,3,1,1,8,1,1,1,1,1,82.3000030517578,1,81.5,1,3,2,0,0,2,1,1,6,"English",0,6,0,0,"F",0,0,0,0,0,0,0,0,0,5,0,0,0,1
0.810000002384186,1.5900000333786,19,0,1,1,2.5,4,0,0,1,1,1,1,0,0,83.5,1,67.5,1,3,3,0,0,0,1,0,2,"English",0,6,1,0,"F",0,0,0,0,0,0,0,0,0,5,0,0,0,1
0.990000009536743,,18,0,1,1,3,0,1,0,4,1,0,1,0,0,74.3000030517578,1,65,1,1,3,0,0,3.5,1,0,2,"English",0,4,1,1,"M",0,0,0,0,0,0,0,0,0,4.5,0,0,0,1
1.32000005245209,1.49000000953674,18,1,1,0,2.5,3,0,0,1,1,0,1,0,0,76.8000030517578,0,62,1,2,3,0,0,0,0,0,1,"English",0,6,1,0,"M",1,0,1,0,0,0,0,0,0,4.5,0,0,0,1
1.38999998569489,1.49000000953674,18,1,1,1,2.5,3.5,1,0,4,0,1,1,0,1,78.6999969482422,1,52,1,2,4,0,1,0,1,1,7,"Other",0,5,1,0,"F",0,0,0,0,0,0,0,0,0,4,0,0,0,1
1.26999998092651,0,19,1,1,1,3,0,1,0,4,1,1,1,0,0,75,1,62,1,1,4,0,1,0,1,0,4,"English",0,5,1,0,"F",0,0,0,0,0,0,0,0,0,5,0,0,0,1
,,19,0,1,1,0.5,0,1,0,2,1,0,1,0,0,81,1,55,1,3,2,0,0,0,1,1,7,"English",0,4,0,1,"M",0,0,0,0,0,0,0,0,0,0.5,0,0,0,1
0.850000023841858,,18,0,1,0,1,0,1,0,2,1,1,1,0,0,72.6999969482422,0,,1,1,2,0,0,0,1,0,2,"English",0,3,0,1,"F",1,0,1,0,0,0,0,0,0,2,0,0,0,1
2.58999991416931,2.30999994277954,18,1,1,1,2.5,3,0,0,9,1,1,1,1,1,85.3000030517578,1,77,1,3,1,0,0,0,1,0,4,"English",0,5,0,0,"F",0,0,0,0,0,0,0,0,0,4,0,0,0,1
2.23000001907349,2.32999992370605,19,0,1,0,3.5,3.5,1,0,5,1,1,1,1,1,72.1999969482422,1,77.5,1,1,3,0,0,1,1,0,4,"English",0,6,0,0,"F",0,0,0,0,0,0,1,1,1,5,0,0,0,1
0.670000016689301,0.519999980926514,19,0,1,1,1,0.5,0,0,1,1,1,0,0,0,74.6999969482422,0,,1,1,2,0,0,0,1,0,2,"English",0,6,0,0,"F",0,0,0,0,0,0,0,0,0,3,0,0,0,1
0.670000016689301,0.200000002980232,20,0,1,0,0.5,0.5,1,1,6,0,1,0,0,0,78,1,,1,2,4,0,1,2,1,1,6,"Other",0,6,0,1,"F",0,0,0,0,0,0,0,1,0,3,0,0,0,1
2.53999996185303,,18,0,1,1,3,0,1,0,5,1,1,1,0,0,85,1,69,1,3,5,1,0,1,1,1,6,"English",0,5,0,1,"F",0,0,0,0,0,0,0,0,0,3.5,0,0,0,1
2.82999992370605,,19,0,1,1,2,0,1,0,4,1,1,1,0,0,86.3000030517578,0,72,0,3,2,0,0,1,1,0,2,"English",0,4,0,1,"F",0,0,0,0,0,0,0,0,0,3,0,0,0,1
1.46000003814697,1.37999999523163,18,0,1,1,2,4,1,0,2,0,1,1,0,0,73.8000030517578,1,60,1,1,2,0,0,0,1,0,3,"Other",0,6,1,0,"F",0,0,0,0,0,0,0,0,0,5,0,0,0,1
0.970000028610229,1.5900000333786,18,1,1,0,2,3,0,0,9,0,0,1,0,0,78.1999969482422,0,,1,2,3,0,0,3,0,0,9,"Other",0,5,1,0,"M",1,1,1,1,0,0,1,0,0,5,0,0,0,1
3,3.16000008583069,18,1,1,0,2.5,4,1,1,7,1,1,1,1,1,76.1999969482422,1,,1,1,5,1,0,0.5,1,1,7,"English",0,5,0,0,"F",1,1,1,1,0,0,1,0,0,4.5,0,0,0,1
1.89999997615814,0,19,0,1,0,2,0,1,1,6,0,0,1,0,0,79.6999969482422,0,65,1,2,2,0,0,0,1,1,6,"Other",0,4,0,1,"M",0,0,0,0,0,0,1,1,1,3,0,0,0,1
1.5900000333786,2.13000011444092,18,0,1,1,2.5,4,0,0,1,0,1,1,1,1,72.3000030517578,1,60.5,1,1,2,0,0,1,0,0,1,"Other",0,5,0,0,"F",0,0,0,0,0,0,0,0,0,4,0,0,0,1
0.589999973773956,,17,1,1,0,1.5,0,1,1,8,0,1,1,0,0,76.3000030517578,1,51.3333320617676,1,2,3,0,0,0,1,1,7,"Other",0,5,1,1,"F",0,0,0,0,0,0,1,1,1,4,1,0,1,1
1.04999995231628,2.36999988555908,18,1,1,1,2.5,3.25,1,0,2,1,1,1,0,1,74.6999969482422,0,63.5,0,1,3,0,0,1,1,0,2,"English",0,5,1,0,"F",0,0,0,0,0,0,0,0,0,5,0,0,0,1
0.990000009536743,2,19,0,1,1,2.5,3.5,0,0,9,0,0,0,0,0,80.5999984741211,1,57,0,2,3,0,0,3,0,0,9,"Other",0,5,1,1,"M",0,0,0,0,0,0,0,0,0,4.5,0,0,0,1
0.430000007152557,,18,0,1,1,1,1.5,1,0,4,0,0,1,0,0,73.6999969482422,0,58.5,0,1,4,0,1,0.5,1,0,4,"Other",0,5,0,1,"M",0,0,0,0,0,0,0,0,0,3.5,0,0,0,1
2.29999995231628,3.00999999046326,18,0,1,0,3.5,2.5,1,1,6,0,1,1,1,1,81.5,1,71.3333358764648,1,3,1,0,0,2,1,1,7,"Other",0,6,0,0,"F",0,0,0,0,0,0,1,1,1,4,1,1,1,1
2.16000008583069,1.73000001907349,18,0,1,0,3,2,1,0,4,1,0,1,1,1,76.5,0,72.5,1,2,4,0,1,1,1,0,4,"English",0,5,0,0,"M",0,0,1,1,1,1,1,0,0,5,1,0,1,1
2.07999992370605,1.48000001907349,17,0,1,1,4,2.5,1,1,6,1,0,0,1,1,81.3000030517578,1,61.25,1,3,3,0,0,0,1,0,4,"English",0,5,0,0,"M",0,0,0,0,0,0,0,0,0,4.5,0,0,0,1
3.10999989509583,2.71000003814697,19,0,1,0,2.5,3,1,1,7,0,0,1,1,1,82,0,58,1,3,1,0,0,1.5,1,1,7,"Other",0,5,0,0,"M",0,0,0,0,0,0,0,1,0,4,0,0,0,1
1.29999995231628,2.09999990463257,18,0,1,0,2.5,3,1,1,8,1,1,1,0,1,85,1,63,1,3,1,0,0,0,1,1,8,"English",0,5,0,0,"F",0,0,1,1,1,1,1,0,0,3.5,0,0,0,1
0.899999976158142,0.730000019073486,20,0,1,1,1,2.5,1,0,2,1,1,0,0,0,72.8000030517578,0,,1,1,4,0,1,0,1,1,6,"English",0,4,0,1,"F",0,0,0,0,0,0,0,0,0,3,0,0,0,1
0.25,0.280000001192093,18,0,1,0,0.5,0.5,1,1,8,0,1,1,0,0,72.5,1,45,0,1,3,0,0,0,1,1,7,"Other",0,4,1,0,"F",0,0,0,0,0,0,0,1,0,4,0,0,0,1
0.409999996423721,0,18,0,1,1,1,0,1,1,7,1,0,1,0,0,74.1999969482422,1,49,1,1,2,0,0,1.5,1,1,6,"English",0,6,1,0,"M",0,0,0,0,0,0,0,0,0,4,0,0,0,1
1.60000002384186,2.36999988555908,18,0,1,1,2.5,2,1,1,7,1,1,1,1,1,83.6999969482422,1,60,0,3,2,0,0,2,1,1,6,"English",0,5,0,0,"F",0,0,0,0,0,0,0,0,0,4,0,0,0,1
1.41999995708466,2.36999988555908,19,0,1,0,2.5,3,1,1,7,1,1,1,0,1,86.3000030517578,0,55.5,1,3,3,0,0,1,1,1,7,"English",0,5,1,0,"F",1,1,1,1,0,0,1,0,0,4.5,0,0,0,1
1.39999997615814,2.03999996185303,18,0,1,1,1.5,2.5,0,0,9,0,0,1,0,1,76.8000030517578,1,73,1,2,2,0,0,0,0,0,9,"Other",0,4,0,0,"M",0,0,0,0,0,0,0,0,0,3.5,0,0,0,1
,2.96000003814697,18,0,1,1,3,3,1,0,2,1,0,0,0,1,86,0,,0,3,4,0,1,0,1,1,6,"English",0,3,,,"M",0,0,0,0,0,0,0,0,0,0,0,0,0,1
0.879999995231628,1.76999998092651,18,0,1,1,1.5,3.5,1,0,2,1,0,1,0,0,77.6999969482422,0,47.3333320617676,1,2,3,0,0,1.5,1,0,4,"English",0,3,0,1,"M",0,0,0,0,0,0,0,0,0,2.5,0,0,0,1
1.5,2.17000007629395,18,0,1,0,3,4.5,1,1,7,1,1,1,1,1,72.6999969482422,1,59,1,1,2,0,0,1,1,1,6,"English",0,5,0,0,"F",0,0,0,0,0,0,0,1,0,4,0,0,0,1
1,,19,0,1,1,1.5,0,1,0,2,1,0,0,0,0,74,0,53,1,1,1,0,0,0,1,0,2,"English",0,4,0,1,"M",0,0,0,0,0,0,0,0,0,3.5,0,0,0,1
1.5900000333786,1.75,19,0,1,1,3,4,1,1,7,0,1,0,1,1,79.1999969482422,0,63.5,1,2,2,0,0,3,1,0,4,"Other",0,5,0,0,"F",0,0,0,0,0,0,0,0,0,4,0,0,0,1
0,,19,1,1,0,0,0,1,1,6,0,1,1,0,0,72.1999969482422,0,,1,1,3,0,0,0,1,0,4,"Other",0,4,1,1,"F",0,0,0,0,0,0,1,1,1,4,0,0,0,1
0,,18,1,1,0,0,0,1,1,7,1,0,0,0,0,74,0,,0,1,4,0,1,0,1,1,8,"English",0,3,0,1,"M",0,0,0,0,0,0,0,1,0,3,0,0,0,1
1.74000000953674,2.73000001907349,18,0,1,0,2.5,2.5,0,0,1,1,1,1,1,1,84,1,67.5,1,3,2,0,0,0,1,0,5,"English",0,6,0,0,"F",0,0,0,0,0,0,1,1,1,4,1,0,1,1
2.07999992370605,1.25999999046326,19,0,1,1,3,3.5,1,1,6,0,0,0,1,1,75.6999969482422,1,65,0,1,1,0,0,3,1,0,2,"Other",0,6,0,0,"M",0,0,0,0,0,0,0,0,0,5,0,0,0,1
2.01999998092651,2.65000009536743,19,0,1,0,2.5,2.5,1,1,8,1,1,0,0,1,76.6999969482422,1,69.5,1,2,3,0,0,0,1,1,8,"English",0,6,0,0,"F",1,1,1,1,0,0,1,0,0,3,0,0,0,1
3.01999998092651,1.71000003814697,20,1,1,0,2,2.5,1,1,6,1,0,0,0,1,76.8000030517578,1,79,1,2,1,0,0,0.5,1,0,5,"English",0,5,0,0,"M",0,0,1,1,1,1,1,0,0,3.5,1,0,1,1
1.79999995231628,0.850000023841858,19,1,1,1,1.25,0.25,0,0,9,1,0,1,0,1,74,0,41,0,1,3,0,0,0,0,0,1,"English",0,6,0,0,"M",0,0,0,0,0,0,0,0,0,3,0,0,0,1
,,18,0,1,1,,,1,1,8,1,0,1,0,0,80.1999969482422,1,,1,2,5,1,0,0,1,1,7,"English",1,1,,,"M",0,0,0,0,0,0,0,0,0,0,0,0,0,1
2.41000008583069,3.13000011444092,18,0,1,0,3.5,2.5,1,1,6,0,1,1,1,1,82.8000030517578,1,66.3333358764648,0,3,4,0,1,0,1,0,4,"Other",0,6,0,0,"F",0,0,0,0,0,0,1,1,1,4,1,1,1,1
0.400000005960464,,19,0,1,1,0.5,0,1,0,4,1,1,1,0,0,80.8000030517578,0,65,1,3,5,1,0,2,1,0,2,"English",0,4,0,1,"F",0,0,0,0,0,0,0,0,0,2.5,0,0,0,1
1.67999994754791,2.00999999046326,19,0,1,1,2.5,2.5,1,1,7,0,1,0,1,1,81.3000030517578,1,57,1,3,3,0,0,2,1,1,7,"Other",0,5,0,0,"F",0,0,0,0,0,0,0,0,0,4,0,0,0,1
2.38000011444092,2.35999989509583,18,1,1,1,2.5,4,1,1,6,1,0,0,1,1,75.5,1,68,1,1,1,0,0,0.5,1,1,6,"English",0,4,0,0,"M",0,0,0,0,0,0,0,0,0,4,0,0,0,1
0.730000019073486,0.829999983310699,18,0,1,1,1.5,1.5,1,0,3,1,1,1,0,0,72,1,60,1,1,2,0,0,1.5,1,0,2,"English",0,4,0,0,"F",0,0,0,0,0,0,0,0,0,4,0,0,0,1
,0,19,0,1,0,,,0,0,1,1,1,0,0,0,78.6999969482422,0,,1,2,3,0,0,0,1,1,6,"English",0,5,,,"F",0,0,1,1,1,1,1,0,0,4,1,0,1,1
0.629999995231628,,19,0,1,1,1,0,0,0,1,1,1,1,0,0,73,1,53,0,1,2,0,0,1.5,1,0,2,"English",0,6,0,1,"F",0,0,0,0,0,0,0,0,0,3.5,0,0,0,1
1.45000004768372,2.63000011444092,18,0,1,0,2,3.5,1,1,7,0,0,1,0,1,73.6999969482422,0,,1,1,3,0,0,3,1,1,6,"Other",0,5,1,0,"M",0,0,1,1,1,1,1,0,0,4,0,1,1,1
1.03999996185303,1.76999998092651,18,,1,1,2.5,3.5,1,1,6,1,1,1,0,0,81,1,68,1,3,3,0,0,0,1,1,6,"English",0,5,1,1,"F",0,0,0,0,0,0,0,0,0,5,0,0,0,1
2.54999995231628,2.52999997138977,18,0,1,0,4,4,1,0,5,1,0,1,1,1,78.5,1,69,1,2,2,0,0,1,1,1,7,"English",0,5,0,0,"M",0,0,0,0,0,0,0,1,0,4,0,0,0,1
2,1.70000004768372,19,0,1,0,3,4,1,1,6,0,1,1,1,1,76.1999969482422,1,62,1,1,3,0,0,4,1,1,6,"Other",0,6,0,0,"F",1,1,1,1,0,0,1,0,0,5,0,0,0,1
2.23000001907349,2.15000009536743,18,0,1,1,2.5,1.5,0,0,9,0,0,1,0,1,68,1,64.5,1,1,4,0,1,1,0,0,9,"Other",0,4,0,0,"M",0,0,0,0,0,0,0,0,0,3,0,0,0,1
1.91999995708466,1.53999996185303,18,1,1,1,3,3,1,1,6,1,0,1,1,1,85.8000030517578,0,75,1,3,3,0,0,1,1,1,6,"English",0,5,0,0,"M",0,0,0,0,0,0,0,0,0,5,0,0,0,1
2.90000009536743,3.52999997138977,18,0,1,1,2.5,3,1,0,4,0,1,0,1,1,77,1,68,1,2,2,0,0,2.5,1,0,4,"Other",0,5,0,0,"F",0,0,0,0,0,0,0,0,0,4,0,0,0,1
1.12999999523163,,19,0,1,0,2.5,1.5,1,0,3,1,1,1,0,0,74.8000030517578,1,64,1,1,2,0,0,1,1,0,4,"English",0,4,1,0,"F",1,1,1,1,0,0,1,0,0,4,0,0,0,1
2.1800000667572,2.14000010490417,18,0,1,0,2,3,1,0,2,1,0,1,1,1,84.1999969482422,1,,1,3,3,0,0,0,1,1,6,"English",0,6,0,0,"M",1,1,1,1,0,0,1,0,0,4,0,0,0,1
3.50999999046326,3.07999992370605,18,0,1,1,2.5,3.5,1,0,5,1,1,1,1,1,82.3000030517578,0,80,1,3,2,0,0,1,1,1,6,"English",0,6,0,0,"F",0,0,0,0,0,0,0,0,0,4,0,0,0,1
0,0.340000003576279,18,0,1,1,0,0.75,1,1,6,1,1,1,0,0,76.6999969482422,1,39,1,2,3,0,0,0.5,1,1,6,"English",0,5,0,1,"F",0,0,0,0,0,0,0,0,0,3,0,0,0,1
1.63999998569489,2.46000003814697,18,0,1,1,2,2.5,1,1,6,0,0,1,0,1,80.5,0,71,1,2,2,0,0,1,1,0,5,"Other",0,6,0,0,"M",0,0,0,0,0,0,0,0,0,4.5,0,0,0,1
2.5,0,18,0,1,1,3,0,1,0,2,1,0,1,1,1,81.6999969482422,0,67,1,3,4,0,1,1,1,0,4,"English",0,4,0,0,"M",0,0,0,0,0,0,0,0,0,4,0,0,0,1
2.77999997138977,0.600000023841858,18,0,1,1,3,0.5,1,1,7,1,1,1,0,1,81.6999969482422,0,74,1,3,3,0,0,0,1,0,4,"English",0,5,0,0,"F",0,0,0,0,0,0,0,0,0,3,0,0,0,1
1.30999994277954,1.50999999046326,18,1,1,1,2.5,3.5,1,0,2,1,0,1,0,0,82.3000030517578,0,64.5,1,3,4,0,1,3,1,1,6,"English",0,6,1,0,"M",0,0,0,0,0,0,0,0,0,4.5,0,0,0,1
2.66000008583069,2.36999988555908,18,0,1,1,3.5,3.5,1,0,4,1,0,1,1,1,80.6999969482422,1,65,1,2,4,0,1,1,1,0,2,"English",0,6,0,0,"M",0,0,0,0,0,0,0,0,0,5,0,0,0,1
0.930000007152557,1.12999999523163,19,0,1,1,1.5,3,1,0,4,0,1,1,0,0,76.6999969482422,1,,1,2,1,0,0,0,0,0,1,"Other",0,6,1,0,"F",0,0,0,0,0,0,0,0,0,4,0,0,0,1
2.39000010490417,1.42999994754791,20,0,1,0,2.5,2.5,1,0,4,1,0,0,1,1,75.1999969482422,1,70,1,1,3,0,0,0,1,0,2,"English",0,4,0,0,"M",0,0,1,1,1,1,1,0,0,4,1,1,1,1
3.21000003814697,3.14000010490417,18,0,1,0,3.5,5,1,1,6,0,1,1,1,1,86,0,72,1,3,3,0,0,3,1,0,3,"Other",0,6,0,0,"F",0,0,0,0,0,0,0,1,0,5,0,0,0,1
2.09999990463257,,18,1,1,1,3,0,0,0,9,0,1,0,1,0,77.5,1,67.5,1,2,4,0,1,1,0,0,9,"Other",0,5,0,1,"F",0,0,0,0,0,0,0,0,0,5,0,0,0,1
1.79999995231628,1.44000005722046,18,0,1,1,2.5,3,1,0,3,1,0,0,1,1,77.5,1,,1,2,3,0,0,0,1,0,2,"English",0,5,0,0,"M",0,0,0,0,0,0,0,0,0,5,0,0,0,1
1.74000000953674,3.32999992370605,18,0,1,1,3,4,1,1,6,1,0,1,1,1,81.8000030517578,0,71,0,3,3,0,0,1.5,1,1,6,"English",0,4,0,0,"M",0,0,0,0,0,0,0,0,0,4.5,0,0,0,1
1.92999994754791,2.34999990463257,18,1,1,0,2.5,2,1,0,2,1,1,1,0,1,74.8000030517578,1,67,1,1,4,0,1,0,1,0,4,"English",0,2,0,0,"F",0,0,1,1,1,1,1,0,0,3,0,0,0,1
2.67000007629395,2.11999988555908,20,0,1,1,3,4,1,1,6,0,0,1,0,1,82.1999969482422,1,59.5,1,3,3,0,0,3.5,1,1,7,"Other",0,4,0,0,"M",0,0,0,0,0,0,0,0,0,3.5,0,0,0,1
3.09999990463257,2.77999997138977,18,1,1,0,3,3,0,0,9,1,0,1,1,1,79.1999969482422,0,83,1,2,2,0,0,1,0,0,9,"English",0,4,0,0,"M",0,0,1,1,1,1,1,0,0,4,0,0,0,1
0,1.89999997615814,19,1,1,1,0,3.5,1,0,2,0,1,1,0,0,73.5,0,20.6666660308838,1,1,4,0,1,0,0,0,9,"Other",0,5,1,1,"F",0,0,0,0,0,0,0,0,0,5,0,0,0,1
1.70000004768372,1.48000001907349,19,0,1,1,3.5,3,1,1,7,1,1,1,1,1,79.5,1,68,1,2,2,0,0,0,1,1,7,"English",0,6,0,0,"F",0,0,0,0,0,0,0,0,0,5,0,0,0,1
1.53999996185303,0.490000009536743,19,0,1,1,4,1.5,1,1,6,1,0,1,1,0,77,0,61.3333320617676,1,2,2,0,0,1,1,1,6,"English",0,5,0,1,"M",0,0,0,0,0,0,0,0,0,5,0,0,0,1
2.24000000953674,1.64999997615814,18,0,1,1,3,1.5,1,0,2,0,1,1,1,1,81.5,0,67,1,3,2,0,0,0,1,0,2,"Other",0,6,0,0,"F",0,0,0,0,0,0,0,0,0,4.5,0,0,0,1
3.03999996185303,2.20000004768372,18,0,1,1,2,4,1,0,2,0,1,1,0,1,79.5,0,,1,2,3,0,0,3.5,1,0,2,"Other",0,3,0,0,"F",0,0,0,0,0,0,0,0,0,3.5,0,0,0,1
2.16000008583069,2.3199999332428,18,0,1,1,2.5,3,1,1,6,1,0,1,0,1,86.1999969482422,1,66.5,1,3,4,0,1,0.5,1,0,4,"English",0,6,0,0,"M",0,0,0,0,0,0,0,0,0,4,0,0,0,1
1.51999998092651,2.36999988555908,18,0,1,0,3,2,1,1,6,1,1,1,1,1,74.8000030517578,1,61.5,1,1,3,0,0,1,0,0,9,"English",0,5,0,0,"F",0,0,1,1,1,1,1,0,0,4.5,1,0,1,1
2.04999995231628,1.67999994754791,17,1,1,0,3.5,3.5,1,0,4,0,1,1,1,1,80.3000030517578,0,64,1,2,5,1,0,0,1,0,4,"Other",0,6,0,0,"F",1,1,1,1,0,0,1,0,0,5,0,0,0,1
3.63000011444092,3.33999991416931,18,0,1,0,3,4.5,1,1,7,0,0,1,1,1,87.3000030517578,1,78,0,3,4,0,1,4,1,1,8,"Other",0,4,0,0,"M",1,1,1,1,0,0,1,0,0,4.5,0,0,0,1
1.08000004291534,2.32999992370605,18,0,1,1,1,3.5,1,1,6,1,1,1,0,1,82.3000030517578,0,63,1,3,4,0,1,1,1,0,2,"English",0,4,0,0,"F",0,0,0,0,0,0,0,0,0,3,0,0,0,1
2.70000004768372,3.02999997138977,18,0,1,0,3,2.5,1,0,4,1,1,0,1,1,76.3000030517578,1,73.5,1,2,3,0,0,1,1,0,4,"English",0,5,0,0,"F",0,0,0,0,0,0,1,1,1,4,0,0,0,1
0.959999978542328,0.970000028610229,19,0,1,1,1.5,2,1,0,2,1,1,1,0,0,80,0,58,0,2,4,0,1,2,1,0,2,"English",0,4,0,0,"F",0,0,0,0,0,0,0,0,0,3.5,0,0,0,1
1.00999999046326,1.79999995231628,18,1,1,1,2.5,4,1,1,6,0,0,1,0,0,80.8000030517578,1,60,1,3,2,0,0,4,1,0,2,"Other",0,5,1,1,"M",0,0,0,0,0,0,0,0,0,5,0,0,0,1
1.96000003814697,2.13000011444092,18,0,1,0,3.5,3,1,0,4,1,1,1,1,1,72.8000030517578,1,69.6666641235352,1,1,2,0,0,2,1,0,4,"English",0,6,0,0,"F",1,0,1,0,0,0,0,0,0,5,0,0,0,1
2.04999995231628,1.87999999523163,18,1,1,0,2.5,3.5,1,0,5,1,0,1,1,1,78.6999969482422,1,69,1,2,1,0,0,1,1,0,2,"English",0,5,0,0,"M",0,0,0,0,0,0,0,1,0,4,0,0,0,1
0.930000007152557,0.430000007152557,19,0,1,0,2,1,1,1,7,1,0,1,0,0,76.5,1,72,1,2,4,0,1,1,1,1,6,"English",0,6,0,0,"M",0,0,0,0,0,0,0,1,0,4,0,0,0,1
0.819999992847443,0,19,0,1,0,1.5,0,1,0,4,1,0,0,0,0,75.8000030517578,1,49.5,1,1,2,0,0,1.5,1,1,6,"English",0,4,0,1,"M",1,1,1,1,0,0,1,0,0,3,0,0,0,1
2.27999997138977,1.05999994277954,18,0,1,1,2.5,2.5,1,1,6,0,0,1,0,1,79.6999969482422,1,71,1,2,2,0,0,1,1,1,7,"Other",0,6,0,0,"M",0,0,0,0,0,0,0,0,0,4.5,0,0,0,1
2.1800000667572,2.02999997138977,19,1,1,0,2,3,1,0,2,1,1,1,0,1,77.3000030517578,0,70,0,2,3,0,0,1,0,0,1,"English",0,4,0,0,"F",0,0,0,0,0,0,0,1,0,3.5,0,0,0,1
1.79999995231628,2.47000002861023,18,0,1,0,3,5,1,1,7,1,0,1,1,1,75,1,63.5,1,1,2,0,0,0,1,0,4,"English",0,5,0,0,"M",0,0,0,0,0,0,1,1,1,5,1,0,1,1
2.76999998092651,2.38000011444092,18,0,1,0,2.5,3.5,1,1,7,0,1,1,1,1,82.3000030517578,0,50,1,3,4,0,1,4.5,1,1,6,"Other",0,5,0,0,"F",1,1,1,1,0,0,1,0,0,5,0,0,0,1
,,18,0,1,1,,,0,0,1,1,1,1,0,0,73,1,,1,1,4,0,1,0,1,0,2,"English",1,0,,,"F",0,0,0,0,0,0,0,0,0,0,0,0,0,1
1.35000002384186,2.11999988555908,18,0,1,0,2,3.5,0,0,9,1,1,1,0,1,81.3000030517578,1,70,1,3,2,0,0,1,0,0,9,"English",0,4,0,0,"F",1,1,1,1,0,0,1,0,0,4,0,0,0,1
,,18,0,1,1,,,1,0,2,1,1,1,0,0,82.8000030517578,0,,1,3,3,0,0,0,1,0,2,"English",1,0,,,"F",0,0,0,0,0,0,0,0,0,0,0,0,0,1
2.03999996185303,1.60000002384186,18,0,1,1,2.5,2.5,1,0,2,0,1,1,0,1,75.3000030517578,1,74,1,1,2,0,0,1,1,0,2,"Other",0,5,0,0,"F",0,0,0,0,0,0,0,0,0,3.5,0,0,0,1
1.80999994277954,,19,1,1,1,2.5,0,1,1,6,0,0,1,0,0,78.8000030517578,0,66.5,1,2,2,0,0,1,0,0,9,"Other",0,4,0,1,"M",0,0,0,0,0,0,0,0,0,3.5,0,0,0,1
2.74000000953674,2.50999999046326,18,1,1,0,3.5,3,1,0,3,1,1,0,1,1,83.3000030517578,1,76.5,1,3,3,0,0,1,1,0,2,"English",0,4,0,0,"F",0,0,0,0,0,0,0,1,0,4.5,0,0,0,1
0,1.23000001907349,18,0,1,1,0,1.5,1,0,4,1,1,0,0,0,74.8000030517578,0,33.5,1,1,4,0,1,1.5,1,0,4,"English",0,6,0,1,"F",0,0,0,0,0,0,0,0,0,3.5,0,0,0,1
2.29999995231628,0.300000011920929,19,0,1,1,2,1.5,1,1,6,1,0,0,0,0,77.5,0,,1,2,1,0,0,0,1,1,6,"English",0,4,0,1,"M",0,0,0,0,0,0,0,0,0,3,0,0,0,1
1.62000000476837,1.71000003814697,18,0,1,0,3.5,2,1,0,4,1,1,1,1,1,76.5,0,65.5,1,2,2,0,0,0,1,0,4,"English",0,6,0,0,"F",0,0,0,0,0,0,1,1,1,5,0,0,0,1
1.76999998092651,2.0699999332428,18,1,1,0,2.5,2.5,1,1,7,0,0,1,0,1,72.1999969482422,0,62,1,1,4,0,1,0,0,0,9,"Other",0,6,0,0,"M",0,0,0,0,0,0,0,1,0,3.5,0,0,0,1
1.87000000476837,1.30999994277954,19,0,1,1,3,2.5,1,0,2,1,0,0,1,1,74.1999969482422,0,57,1,1,3,0,0,0,1,0,2,"English",0,4,0,0,"M",0,0,0,0,0,0,0,0,0,4,0,0,0,1
0.230000004172325,0,18,0,1,0,0.5,0,1,0,2,1,0,0,0,0,80.3000030517578,0,,1,2,4,0,1,0,1,0,2,"English",0,6,0,1,"M",0,0,1,0,1,0,0,0,0,3,0,0,0,1
1.00999999046326,1.5,18,0,1,1,2.5,3,1,1,6,1,1,1,0,0,75.5,0,61.3333320617676,1,1,3,0,0,2,1,1,7,"English",0,5,1,0,"F",0,0,0,0,0,0,0,0,0,5,0,0,0,1
1.88999998569489,2.50999999046326,18,0,1,0,1.5,3.5,1,0,4,0,1,0,0,1,82.5999984741211,1,49,0,3,3,0,0,2.5,1,0,4,"Other",0,6,0,0,"F",1,1,1,1,0,0,1,0,0,4.5,0,0,0,1
1.54999995231628,2.60999989509583,18,1,1,1,3,3.5,1,1,8,1,0,1,1,1,86.1999969482422,1,70.3333358764648,0,3,2,0,0,1.5,1,0,2,"English",0,5,0,0,"M",0,0,0,0,0,0,0,0,0,4,0,0,0,1
1.79999995231628,,18,0,1,0,1.5,0,1,0,5,1,0,1,0,0,80.6999969482422,1,,1,2,3,0,0,0,1,0,4,"English",0,5,0,1,"M",0,0,1,1,1,1,1,0,0,3.5,1,0,1,1
2.28999996185303,2.0699999332428,19,1,1,0,2.5,3.5,1,1,6,1,0,0,1,1,81.3000030517578,1,63,1,3,4,0,1,1,1,0,4,"English",0,4,0,0,"M",0,0,1,1,1,1,1,0,0,4,0,0,0,1
0.159999996423721,0.310000002384186,18,0,1,0,0.5,1.5,1,1,6,1,1,1,0,0,77,1,24,1,2,2,0,0,1,1,1,6,"English",0,5,1,0,"F",0,0,0,0,0,0,1,1,1,5,0,0,0,1
2.00999999046326,1.98000001907349,19,0,1,0,3,1.5,1,1,6,1,0,1,1,1,79.5,1,72,1,2,3,0,0,0,0,0,9,"English",0,4,0,0,"M",0,0,1,0,1,0,0,0,0,4,0,0,0,1
1.57000005245209,1.71000003814697,20,0,1,1,2.5,3,1,1,6,0,1,1,0,1,83.8000030517578,1,61.5,1,3,2,0,0,0.5,1,0,2,"Other",0,4,0,0,"F",0,0,0,0,0,0,0,0,0,3,0,0,0,1
0.670000016689301,1.79999995231628,19,0,1,1,0.5,1.5,1,1,6,0,0,0,0,0,76.1999969482422,0,63,1,1,2,0,0,0,1,1,6,"Other",0,6,0,1,"M",0,0,0,0,0,0,0,0,0,3,0,0,0,1
1.88999998569489,0,19,0,1,1,3,0.5,1,1,6,0,0,1,1,1,81.8000030517578,0,66,0,3,4,0,1,1,1,1,6,"Other",0,4,0,0,"M",0,0,0,0,0,0,0,0,0,4,0,0,0,1
3.09999990463257,3.20000004768372,17,0,1,1,3,4,1,1,6,1,1,1,1,1,84.1999969482422,0,75,1,3,3,0,0,0,1,1,6,"English",0,5,0,0,"F",0,0,0,0,0,0,0,0,0,4.5,0,0,0,1
,,20,0,1,0,,,1,1,6,0,0,1,0,0,74.1999969482422,1,,1,1,2,0,0,0,1,0,4,"Other",1,0,,,"M",0,0,0,0,0,0,0,1,0,0,0,0,0,1
1.95000004768372,3.16000008583069,18,0,1,0,3.5,4,1,0,4,1,1,1,1,1,75.6999969482422,1,67.5,1,1,4,0,1,1.5,1,0,4,"English",0,4,0,0,"F",0,0,1,1,1,1,1,0,0,4,1,0,1,1
1.60000002384186,1.76999998092651,19,1,1,1,3,3,1,1,6,0,0,1,1,1,81.6999969482422,1,59,1,3,5,1,0,4,1,1,7,"Other",0,6,0,0,"M",0,0,0,0,0,0,0,0,0,5,0,0,0,1
2.50999999046326,2,18,1,1,1,3,3.5,1,1,8,1,1,1,1,1,87.1999969482422,1,53,0,3,1,0,0,3,1,1,6,"English",0,6,0,0,"F",0,0,0,0,0,0,0,0,0,5,0,0,0,1
2.75,3.55999994277954,18,1,1,0,2.5,5,1,0,2,1,1,1,1,1,81.6999969482422,0,70,1,3,3,0,0,2,1,0,4,"English",0,5,0,0,"F",1,1,1,1,0,0,1,0,0,4,0,0,0,1
1.60000002384186,0,18,1,1,1,3,0,1,0,2,0,1,1,1,0,87.3000030517578,1,70.5,1,3,2,0,0,0,1,1,7,"Other",0,6,0,1,"F",0,0,0,0,0,0,0,0,0,5,0,0,0,1
1.75999999046326,0.129999995231628,18,0,1,1,3.5,0.5,0,0,1,1,1,1,1,0,78.6999969482422,1,75,0,2,1,0,0,0,0,0,1,"English",0,5,0,1,"F",0,0,0,0,0,0,0,0,0,5,0,0,0,1
0.400000005960464,0.330000013113022,18,0,1,0,1,0.5,1,0,5,1,1,1,0,0,76.5,1,,1,2,2,0,0,0,1,1,7,"English",0,4,0,1,"F",1,1,1,1,0,0,1,0,0,4,0,0,0,1
1,2.09999990463257,21,1,1,0,1.5,2.5,1,1,7,0,0,1,0,1,85.1999969482422,1,74,1,3,4,0,1,1,1,0,2,"Other",0,5,0,0,"M",0,0,1,1,1,1,1,0,0,4,0,0,0,1
2.52999997138977,3.16000008583069,18,0,1,1,3.5,4,0,0,9,0,1,0,0,1,82.4000015258789,1,68,0,3,3,0,0,0,0,0,9,"Other",0,5,0,0,"F",0,0,0,0,0,0,0,0,0,3.5,0,0,0,1
1.50999999046326,1.9099999666214,18,0,1,1,3.5,4,1,1,8,1,1,1,1,1,80.6999969482422,1,64,0,2,3,0,0,3,0,0,9,"English",0,5,0,0,"F",0,0,0,0,0,0,0,0,0,5,0,0,0,1
,,18,0,1,1,,,1,1,6,1,0,1,0,0,74.6999969482422,0,,0,1,4,0,1,0,1,1,6,"English",1,0,,,"M",0,0,0,0,0,0,0,0,0,0,0,0,0,1
0.759999990463257,1.5900000333786,18,0,1,0,2.5,2,0,0,9,1,1,1,0,0,75.6999969482422,1,58,1,1,1,0,0,0,0,0,9,"English",0,6,1,0,"F",0,0,0,0,0,0,1,1,1,4.5,1,0,1,1
2.70000004768372,2.88000011444092,18,0,1,1,3.5,4.5,1,1,8,1,0,1,1,1,85.3000030517578,0,66.5,1,3,3,0,0,2,1,1,7,"English",0,5,0,0,"M",0,0,0,0,0,0,0,0,0,5,0,0,0,1
2.96000003814697,,18,0,1,0,2.5,0,0,0,9,1,1,1,0,0,82,1,70,1,3,3,0,0,0,1,0,4,"English",0,3,0,1,"F",0,0,0,0,0,0,1,1,1,3.5,0,0,0,1
1.21000003814697,1,18,0,1,1,2.5,0.5,1,1,7,1,0,1,0,0,74.6999969482422,0,58,1,1,1,0,0,2,1,0,2,"English",0,4,1,0,"M",0,0,0,0,0,0,0,0,0,4,0,0,0,1
2.36999988555908,2.86999988555908,18,0,1,0,3.25,3.5,1,0,4,1,1,1,1,1,81,1,73,0,3,4,0,1,1,1,0,2,"English",0,6,0,0,"F",0,0,1,0,1,0,0,0,0,4.5,0,0,0,1
1.53999996185303,,19,0,1,0,1.5,1,1,0,5,1,0,1,0,0,77.0999984741211,0,72,0,2,1,0,0,0,1,0,5,"English",0,4,0,1,"M",0,0,1,1,1,1,1,0,0,2.5,0,0,0,1
1.95000004768372,2.84999990463257,19,0,1,1,2,2.5,0,0,9,0,1,1,0,1,75.8000030517578,0,77.5,1,1,2,0,0,1,0,0,9,"Other",0,4,0,0,"F",0,0,0,0,0,0,0,0,0,4,0,0,0,1
1.0900000333786,2.6800000667572,18,0,1,0,2,2,1,1,6,1,0,1,0,1,83.6999969482422,0,70,1,3,3,0,0,2,1,1,6,"English",0,4,1,0,"M",0,0,0,0,0,0,1,1,1,4,0,0,0,1
2.8199999332428,1.89999997615814,18,0,1,1,2.5,4,1,1,8,0,0,1,0,1,76.8000030517578,0,73.5,1,2,2,0,0,1,1,1,6,"Other",0,4,0,0,"M",0,0,0,0,0,0,0,0,0,3,0,0,0,1
1.78999996185303,2.13000011444092,18,0,1,1,3,2,0,0,9,1,1,1,1,1,77.6999969482422,0,69,1,2,2,0,0,1,0,0,9,"English",0,5,0,0,"F",0,0,0,0,0,0,0,0,0,4.5,0,0,0,1
2.23000001907349,2.84999990463257,18,0,1,1,1.5,4,1,0,4,1,1,0,0,1,80.8000030517578,1,,1,3,4,0,1,0,1,0,4,"English",0,6,0,0,"F",0,0,0,0,0,0,0,0,0,3,0,0,0,1
2.00999999046326,1.22000002861023,18,0,1,0,2.5,3.5,1,1,6,1,0,1,1,1,73.6999969482422,1,62,1,1,4,0,1,4,1,0,2,"English",0,4,0,0,"M",1,0,1,0,0,0,0,0,0,4,0,0,0,1
1.37000000476837,1.1599999666214,18,0,1,0,2,2.5,1,1,6,1,0,0,0,0,71.6999969482422,1,62,0,1,3,0,0,1.5,1,0,2,"English",0,5,0,0,"M",0,0,0,0,0,0,1,1,1,5,0,0,0,1
1.1599999666214,0.75,18,0,1,1,2.5,1.5,1,1,6,0,0,1,0,0,83.8000030517578,1,59.6666679382324,0,3,3,0,0,1,1,0,4,"Other",0,5,0,0,"M",0,0,0,0,0,0,0,0,0,4.5,0,0,0,1
1.98000001907349,2.75999999046326,17,0,1,0,3,2,1,1,7,0,0,1,1,1,83.3000030517578,0,70,0,3,2,0,0,1.5,1,1,7,"Other",0,5,0,0,"M",1,1,1,1,0,0,1,0,0,4.5,0,0,0,1
2,2.14000010490417,18,0,1,0,3,4,1,0,2,1,0,1,1,1,73.1999969482422,1,63,1,1,4,0,1,2,1,1,8,"English",0,5,0,0,"M",0,0,0,0,0,0,0,1,0,5,0,0,0,1
1,1.42999994754791,18,0,1,1,1,2,1,0,2,1,0,1,0,0,83,1,67,1,3,3,0,0,0,1,0,4,"English",0,6,0,1,"M",0,0,0,0,0,0,0,0,0,3,0,0,0,1
,,18,1,1,1,,,1,1,6,1,0,1,0,0,84,1,,1,3,1,0,0,0,1,1,6,"English",1,0,,,"M",0,0,0,0,0,0,0,0,0,0,0,0,0,1
0.600000023841858,0.769999980926514,18,0,1,0,1.5,0.5,1,0,2,1,0,1,0,0,75.6999969482422,0,53,0,1,1,0,0,0,1,0,2,"English",0,3,0,1,"M",0,0,0,0,0,0,0,1,0,2.5,0,0,0,1
1.10000002384186,0.610000014305115,18,0,1,0,2,1,0,0,9,1,0,1,0,0,72.8000030517578,1,57,1,1,2,0,0,2,0,0,9,"English",0,6,1,0,"M",1,1,1,1,0,0,1,0,0,5,0,0,0,1
1.3400000333786,1.62999999523163,18,0,1,0,2,3,1,0,4,1,1,1,0,1,75,1,58,1,1,3,0,0,0.5,1,0,2,"English",0,5,0,0,"F",0,0,0,0,0,0,1,1,1,3,0,0,0,1
3.25999999046326,3.16000008583069,18,1,1,0,2.5,4,1,1,7,1,1,0,1,1,80.5,0,74,1,2,3,0,0,0,1,1,7,"English",0,4,0,0,"F",1,1,1,1,0,0,1,0,0,4,0,0,0,1
0.430000007152557,0.100000001490116,18,0,1,0,1,0.5,1,1,6,1,1,1,0,0,72.8000030517578,0,42,1,1,1,0,0,0,1,1,6,"English",0,3,0,1,"F",1,1,1,1,0,0,1,0,0,3.5,0,0,0,1
0.800000011920929,0,18,1,1,1,1,0,1,1,6,1,0,1,0,0,72.6999969482422,0,,1,1,1,0,0,0,1,0,4,"English",0,5,0,1,"M",0,0,0,0,0,0,0,0,0,3,0,0,0,1
2.10999989509583,1.99000000953674,19,0,1,1,3.5,4.5,1,1,8,0,1,1,1,1,79.6999969482422,0,71.5,1,2,3,0,0,3.5,1,1,6,"Other",0,4,0,0,"F",0,0,0,0,0,0,0,0,0,4.5,0,0,0,1
2.60999989509583,2.69000005722046,18,0,1,1,3,2.5,0,0,1,1,0,1,1,1,81.6999969482422,0,72.5,1,3,2,0,0,1,0,0,1,"English",0,4,0,0,"M",0,0,0,0,0,0,0,0,0,4,0,0,0,1
1.79999995231628,2.38000011444092,18,1,1,1,2.5,2,1,0,2,1,1,1,1,1,76.5,0,53,0,2,3,0,0,0,1,1,6,"English",0,6,0,0,"F",0,0,0,0,0,0,0,0,0,4,0,0,0,1
1.67999994754791,2.23000001907349,18,0,1,0,3,4.5,1,1,6,1,1,0,1,1,78.8000030517578,0,61,1,2,3,0,0,2,1,1,6,"English",0,5,0,0,"F",0,0,0,0,0,0,1,1,1,4,0,0,0,1
1.71000003814697,2.11999988555908,18,1,1,0,3,4,1,1,6,1,1,1,1,1,84.5,1,58,1,3,3,0,0,3,1,0,4,"English",0,5,0,0,"F",1,1,1,1,0,0,1,0,0,5,0,0,0,1
1.05999994277954,2.07999992370605,19,0,1,1,2.5,4.5,1,1,7,0,1,1,0,1,79.8000030517578,1,50,1,2,1,0,0,3,1,1,6,"Other",0,5,1,0,"F",0,0,0,0,0,0,0,0,0,5,0,0,0,1
1.83000004291534,2.04999995231628,18,1,1,1,2,2.5,1,1,6,0,1,1,0,1,78.8000030517578,1,50,1,2,4,0,1,2,1,0,4,"Other",0,4,0,0,"F",0,0,0,0,0,0,0,0,0,3,0,0,0,1
0.589999973773956,1.73000001907349,18,0,1,1,1.5,2.5,1,0,4,0,1,1,0,0,81.5,1,46,0,3,2,0,0,3,1,0,2,"Other",0,5,1,1,"F",0,0,0,0,0,0,0,0,0,4.5,0,0,0,1
1.21000003814697,2.1800000667572,19,0,1,0,2,1.5,1,1,7,0,0,1,0,1,80.5,1,61,1,2,3,0,0,4,1,1,6,"Other",0,5,1,0,"M",1,1,1,1,0,0,1,0,0,4,0,0,0,1
3.6800000667572,,19,0,1,1,5,0,0,0,9,0,0,0,1,0,87,0,87,1,3,2,0,0,3,1,0,2,"Other",0,5,0,1,"M",0,0,0,0,0,0,0,0,0,4.5,0,0,0,1
2.6800000667572,3.29999995231628,18,0,1,0,3.25,4.25,0,0,1,1,1,1,1,1,80.1999969482422,1,74.5,1,2,4,0,1,1,0,0,1,"English",0,6,0,0,"F",1,1,1,1,0,0,1,0,0,4.5,0,0,0,1
2.17000007629395,,18,1,1,1,2,0,1,1,7,1,0,0,0,0,77.6999969482422,1,70,1,2,3,0,0,0,1,1,8,"English",0,3,0,1,"M",0,0,0,0,0,0,0,0,0,3,0,0,0,1
1.70000004768372,3.13000011444092,18,0,1,0,2,2.5,1,0,4,1,0,1,1,1,75.8000030517578,1,71,1,1,3,0,0,2,1,0,4,"English",0,4,0,0,"M",1,1,1,1,0,0,1,0,0,4,0,0,0,1
2.59999990463257,2.67000007629395,18,1,1,1,2,4,1,0,4,1,1,1,1,1,80,0,,1,2,3,0,0,0,1,0,2,"English",0,4,0,0,"F",0,0,0,0,0,0,0,0,0,4,0,0,0,1
1.80999994277954,2.42000007629395,18,0,1,1,3,4.5,1,0,2,1,0,0,1,1,72.3000030517578,1,53,1,1,1,0,0,1.5,1,1,6,"English",0,6,0,0,"M",0,0,0,0,0,0,0,0,0,4,0,0,0,1
2.14000010490417,1.97000002861023,17,0,1,0,3,2.5,1,1,8,1,0,1,1,1,87.3000030517578,1,48,0,3,3,0,0,0.5,1,1,8,"English",0,4,0,0,"M",0,0,0,0,0,0,1,1,1,4,1,1,1,1
2.1800000667572,1.13999998569489,18,0,1,0,2,3,0,0,9,1,0,0,1,1,79.6999969482422,1,,0,2,4,0,1,3,0,0,9,"English",0,6,0,0,"M",0,0,1,1,1,1,1,0,0,4,1,1,1,1
0.28999999165535,,18,1,1,0,0.5,0,1,0,4,1,1,1,0,0,80.5999984741211,0,65,1,2,2,0,0,0,1,1,6,"English",0,5,0,1,"F",1,1,1,1,0,0,1,0,0,4,0,0,0,1
2.33999991416931,2.11999988555908,18,0,1,0,2.5,2,1,1,7,1,0,1,1,1,74.1999969482422,1,64,1,1,3,0,0,2,1,0,4,"English",0,5,0,0,"M",0,0,0,0,0,0,0,1,0,5,0,0,0,1
2.90000009536743,1.66999995708466,18,1,1,1,3.5,4,1,1,6,1,1,1,1,1,81.6999969482422,1,77,1,3,4,0,1,3.5,1,0,5,"English",0,4,0,0,"F",0,0,0,0,0,0,0,0,0,4.5,0,0,0,1
2.29999995231628,2.94000005722046,18,0,1,0,3,3,1,0,2,1,0,1,1,1,76.8000030517578,1,69.5,1,2,4,0,1,0,1,0,2,"English",0,6,0,0,"M",0,0,0,0,0,0,0,1,0,4,0,0,0,1
1.75,3.59999990463257,18,0,1,0,2,2,1,0,2,1,1,1,1,1,74.8000030517578,1,,1,1,2,0,0,0,1,0,4,"English",0,4,0,0,"F",0,0,0,0,0,0,1,1,1,4,1,0,1,1
2.76999998092651,,18,0,1,1,6.5,0,1,1,7,0,0,1,1,0,78.1999969482422,0,73,1,2,5,1,0,3.5,1,1,6,"Other",0,5,0,1,"M",0,0,0,0,0,0,0,0,0,4.5,0,0,0,1
1.26999998092651,2.38000011444092,18,1,1,0,3,3,0,0,9,1,1,1,0,1,79.3000030517578,1,71.5,1,2,4,0,1,0,1,0,2,"English",0,5,1,0,"F",1,1,1,1,0,0,1,0,0,5,0,0,0,1
1.97000002861023,0.740000009536743,18,0,1,0,3,2.5,1,1,7,1,0,1,1,0,79.6999969482422,0,67,0,2,3,0,0,4,1,0,4,"English",0,5,0,1,"M",0,0,1,1,1,1,1,0,0,5,1,1,1,1
1.63999998569489,1.35000002384186,18,0,1,1,3,2,0,0,9,1,0,1,1,1,74.3000030517578,1,77,1,1,2,0,0,0,1,1,7,"English",0,5,0,0,"M",0,0,0,0,0,0,0,0,0,5,0,0,0,1
2.38000011444092,2.10999989509583,18,0,1,0,4,3.5,1,1,7,1,0,1,1,1,72.8000030517578,0,66.3333358764648,0,1,3,0,0,3.5,1,0,5,"English",0,5,0,0,"M",0,0,0,0,0,0,0,1,0,5,0,0,0,1
,,18,0,1,1,,,0,0,9,0,1,0,0,0,81.1999969482422,0,,0,3,4,0,1,0,1,0,4,"Other",1,0,,,"F",0,0,0,0,0,0,0,0,0,0,0,0,0,1
0.680000007152557,1.75999999046326,18,0,1,1,0.75,2.75,1,1,6,1,1,0,0,0,74.5,0,70,1,1,4,0,1,0,1,0,4,"English",0,5,0,1,"F",0,0,0,0,0,0,0,0,0,3.5,0,0,0,1
1.47000002861023,2.59999990463257,18,0,1,0,2.5,3.5,1,1,6,1,0,1,0,1,75.5,1,53,0,1,4,0,1,0,1,1,6,"English",0,5,1,0,"M",0,0,0,0,0,0,0,1,0,4.5,0,0,0,1
1.00999999046326,1.37999999523163,18,0,1,1,2.5,3,0,0,9,0,0,1,0,0,75.5,0,58,1,1,3,0,0,1.5,0,0,9,"Other",0,6,0,1,"M",0,0,0,0,0,0,0,0,0,3.5,0,0,0,1
2.64000010490417,2.32999992370605,18,0,1,1,2.5,2.5,1,1,6,0,0,1,0,1,79.5,0,80,1,2,3,0,0,0.5,1,1,6,"Other",0,4,0,0,"M",0,0,0,0,0,0,0,0,0,3.5,0,0,0,1
0.600000023841858,1.3400000333786,18,0,1,1,1,2,0,0,9,1,1,1,0,0,76.8000030517578,0,54,1,2,3,0,0,0,0,0,9,"English",0,6,0,1,"F",0,0,0,0,0,0,0,0,0,2,0,0,0,1
1.70000004768372,2.23000001907349,18,0,1,1,2,3.5,1,0,2,1,1,1,1,1,84.8000030517578,1,,1,3,3,0,0,2,1,0,2,"English",0,5,0,0,"F",0,0,0,0,0,0,0,0,0,4,0,0,0,1
2.28999996185303,1.58000004291534,18,1,1,1,2.5,1.5,1,1,7,1,1,1,1,1,84.8000030517578,1,77,1,3,4,0,1,0,1,1,6,"English",0,5,0,0,"F",0,0,0,0,0,0,0,0,0,4,0,0,0,1
2.98000001907349,3.61999988555908,18,1,1,1,3.5,3.5,1,1,8,1,0,1,1,1,79.6999969482422,1,74.3333358764648,1,2,4,0,1,0,1,1,7,"English",0,4,0,0,"M",0,0,0,0,0,0,0,0,0,4,0,0,0,1
2.29999995231628,2.59999990463257,18,0,1,0,2.5,2,0,0,9,1,0,0,0,1,79.3000030517578,1,70,1,2,3,0,0,0.5,1,1,6,"English",0,6,0,0,"M",0,0,0,0,0,0,0,1,0,4,0,0,0,1
3.41000008583069,2.6800000667572,18,0,1,0,3,3,1,1,7,1,1,1,1,1,84.3000030517578,1,80.5,0,3,4,0,1,0,1,1,7,"English",0,6,0,0,"F",0,0,0,0,0,0,1,1,1,4,0,0,0,1
3.48000001907349,3.4300000667572,18,0,1,0,4,3.5,1,1,8,0,1,1,1,1,86.5,1,80.5,0,3,3,0,0,0,1,1,8,"Other",0,5,0,0,"F",0,0,0,0,0,0,0,1,0,4.5,0,0,0,1
0.540000021457672,,18,0,1,0,1,0,0,0,9,0,1,1,0,0,77.3000030517578,1,63,0,2,3,0,0,0,1,1,6,"Other",0,5,0,1,"F",0,0,1,1,1,1,1,0,0,2.5,0,0,0,1
0.959999978542328,2.03999996185303,18,0,1,0,2,2.5,1,0,2,1,0,1,0,1,81.6999969482422,1,62,1,3,1,0,0,0,1,1,7,"English",0,6,0,0,"M",0,0,0,0,0,0,0,1,0,3.5,0,0,0,1
1.38999998569489,1,18,0,1,1,3,2.5,1,0,4,1,1,1,0,0,74.1999969482422,0,64,1,1,4,0,1,0,1,0,3,"English",0,5,1,0,"F",0,0,0,0,0,0,0,0,0,4,0,0,0,1
3.16000008583069,3.17000007629395,18,0,1,1,2.5,4,1,0,3,1,1,1,1,1,86.5,0,80,1,3,3,0,0,0,1,0,3,"English",0,4,0,0,"F",0,0,0,0,0,0,0,0,0,4,0,0,0,1
3.58999991416931,2.70000004768372,17,0,1,1,4,5,1,1,6,0,1,1,1,1,80.8000030517578,1,85.5,0,3,2,0,0,0,1,1,6,"Other",0,6,0,0,"F",0,0,0,0,0,0,0,0,0,6,0,0,0,1
2.58999991416931,1.8400000333786,19,1,1,0,2.5,4.5,1,1,6,0,0,1,1,1,74.3000030517578,1,73,1,1,3,0,0,1,1,1,6,"Other",0,4,0,0,"M",1,1,1,1,0,0,1,0,0,4,0,0,0,1
2.6800000667572,3.14000010490417,18,0,1,1,2.5,3.5,1,0,2,1,0,0,1,1,84.5,1,59,1,3,4,0,1,3,1,0,4,"English",0,4,0,0,"M",0,0,0,0,0,0,0,0,0,4,0,0,0,1
1.60000002384186,2.33999991416931,19,0,1,1,3.5,4.5,1,1,6,1,0,1,1,1,76,0,67.3333358764648,1,1,4,0,1,2,1,0,2,"English",0,6,0,0,"M",0,0,0,0,0,0,0,0,0,5,0,0,0,1
2.10999989509583,1.63999998569489,18,0,1,1,3.5,3.5,1,0,2,1,1,1,1,1,82.6999969482422,1,76,1,3,4,0,1,2.5,1,0,2,"English",0,6,0,0,"F",0,0,0,0,0,0,0,0,0,5,0,0,0,1
0.140000000596046,,18,0,1,1,0.5,0,1,1,6,1,0,1,0,0,75.3000030517578,1,45,1,1,1,0,0,0,1,1,6,"English",0,6,0,1,"M",0,0,0,0,0,0,0,0,0,3,0,0,0,1
0.119999997317791,1.28999996185303,18,0,1,1,0.5,2,1,0,5,0,1,1,0,0,74.6999969482422,1,50,1,1,4,0,1,1.5,1,0,2,"Other",0,3,0,1,"F",0,0,0,0,0,0,0,0,0,3,0,0,0,1
3.07999992370605,2.66000008583069,18,0,1,1,4,2.5,1,0,3,1,1,1,1,1,79,1,74,1,2,1,0,0,0,1,0,3,"English",0,5,0,0,"F",0,0,0,0,0,0,0,0,0,5,0,0,0,1
2,2.09999990463257,18,0,1,1,2,2,1,0,2,1,1,1,1,1,80.3000030517578,0,,1,2,4,0,1,1,1,0,2,"English",0,6,0,0,"F",0,0,0,0,0,0,0,0,0,4,0,0,0,1
0.850000023841858,1.99000000953674,17,0,1,1,2,2,0,0,1,0,1,1,0,1,77.3000030517578,1,51,1,2,2,0,0,1.5,1,0,2,"Other",0,5,0,0,"F",0,0,0,0,0,0,0,0,0,3,0,0,0,1
,1.64999997615814,19,1,1,1,1,1.5,0,0,9,1,0,0,0,0,75,1,56.5,1,1,2,0,0,0.5,0,0,9,"English",0,3,0,0,"M",0,0,0,0,0,0,0,0,0,1,0,0,0,1
0.759999990463257,,18,0,1,1,1.5,0,0,0,1,0,1,1,0,0,73.1999969482422,0,51.5,1,1,2,0,0,1.5,0,0,1,"Other",0,6,1,1,"F",0,0,0,0,0,0,0,0,0,4.5,0,0,0,1
0.670000016689301,0.430000007152557,18,0,1,0,1,0.5,1,0,4,1,0,0,0,0,73.8000030517578,0,,1,1,3,0,0,3,1,0,4,"English",0,4,0,1,"M",1,1,1,1,0,0,1,0,0,3,0,0,0,1
2.03999996185303,3.05999994277954,19,0,1,0,3,3.5,0,0,1,1,1,1,1,1,77.8000030517578,1,65,1,2,3,0,0,0,1,0,2,"English",0,6,0,0,"F",0,0,1,1,1,1,1,0,0,4,1,1,1,1
1.63999998569489,,18,1,1,1,4.5,0,0,0,9,0,0,1,1,0,78.6999969482422,1,51,1,2,1,0,0,0,0,0,9,"Other",0,5,0,1,"M",0,0,0,0,0,0,0,0,0,5,0,0,0,1
0.879999995231628,1.62999999523163,19,0,1,1,1.5,2.5,1,0,2,1,1,1,0,0,78.5,0,48,1,2,5,1,0,1.5,1,0,2,"English",0,5,1,0,"F",0,0,0,0,0,0,0,0,0,5,0,0,0,1
2.99000000953674,1.96000003814697,19,1,1,0,2.5,3,0,0,9,1,0,1,1,1,80,1,75,1,2,5,1,0,0,1,1,8,"English",0,5,0,0,"M",0,0,1,1,1,1,1,0,0,4,1,0,1,1
0.379999995231628,,19,0,1,0,1,0,1,1,6,1,0,0,0,0,75.1999969482422,0,52.5,0,1,4,0,1,1.5,1,1,6,"English",0,4,1,1,"M",0,0,0,0,0,0,1,1,1,4,1,0,1,1
2.23000001907349,2.46000003814697,18,0,1,1,3.5,3.25,1,0,2,1,1,1,1,1,79.3000030517578,1,71,1,2,2,0,0,0.5,0,0,1,"English",0,4,0,0,"F",0,0,0,0,0,0,0,0,0,4,0,0,0,1
0.850000023841858,2.51999998092651,18,1,1,1,1.5,2,1,0,4,0,0,0,0,0,71.6999969482422,0,,1,1,4,0,1,1,1,0,4,"Other",0,4,1,1,"M",0,0,0,0,0,0,0,0,0,4,0,0,0,1
2.66000008583069,2.97000002861023,19,0,1,0,3,3,1,0,4,0,1,1,1,1,72.8000030517578,1,70.5,1,1,4,0,1,1,1,0,3,"Other",0,5,0,0,"F",1,1,1,1,0,0,1,0,0,4,0,0,0,1
,,18,0,1,1,,,1,0,2,1,1,0,0,0,75.1999969482422,0,,1,1,4,0,1,0,1,0,2,"English",1,0,,,"F",0,0,0,0,0,0,0,0,0,0,0,0,0,1
1.85000002384186,2.39000010490417,18,0,1,0,3.5,2,1,0,4,1,1,1,1,1,77.6999969482422,0,61.6666679382324,1,2,1,0,0,1.5,0,0,1,"English",0,6,0,0,"F",0,0,0,0,0,0,1,1,1,5,0,0,0,1
0.870000004768372,1.52999997138977,18,0,1,1,2,4,1,0,2,1,1,1,0,0,76,1,57,1,1,3,0,0,1,1,0,2,"English",0,5,0,0,"F",0,0,0,0,0,0,0,0,0,3.5,0,0,0,1
3.00999999046326,3.13000011444092,18,1,1,0,3.5,2.5,1,1,6,1,0,1,0,1,73.8000030517578,1,69.3333358764648,1,1,4,0,1,0.5,1,1,6,"English",0,6,0,0,"M",0,0,0,0,0,0,1,1,1,4.5,1,0,1,1
3.27999997138977,3.5699999332428,19,1,1,0,2.5,4.5,1,1,6,1,0,0,1,1,74,1,80,1,1,4,0,1,0,1,0,2,"English",0,6,0,0,"M",0,0,0,0,0,0,0,1,0,4,0,0,0,1
0.720000028610229,1.6599999666214,18,0,1,1,1.5,1.5,1,0,4,0,0,1,0,0,74,1,57,0,1,4,0,1,0,1,0,4,"Other",0,5,0,0,"M",0,0,0,0,0,0,0,0,0,4,0,0,0,1
0.879999995231628,,18,0,1,1,1,0,1,1,8,0,0,1,0,0,79,0,55,0,2,3,0,0,1,1,0,2,"Other",0,6,0,1,"M",0,0,0,0,0,0,0,0,0,2.5,0,0,0,1
1.17999994754791,2.08999991416931,18,1,1,1,1.5,4,0,0,1,1,1,0,0,1,76.6999969482422,0,60,1,2,1,0,0,1,0,0,1,"English",0,4,0,0,"F",0,0,0,0,0,0,0,0,0,3,0,0,0,1
1.0900000333786,,18,1,1,1,2.5,0,1,0,2,0,1,1,0,0,83,1,60,1,3,1,0,0,0,1,0,4,"Other",0,4,1,1,"F",0,0,0,0,0,0,0,0,0,4,0,0,0,1
1.61000001430511,1.39999997615814,18,1,1,1,3,1.5,1,0,2,0,1,1,1,1,85.3000030517578,1,50,1,3,2,0,0,0,1,0,2,"Other",0,6,0,0,"F",0,0,0,0,0,0,0,0,0,4.5,0,0,0,1
0.170000001788139,0.389999985694885,18,0,1,1,0.5,1,0,0,9,1,1,1,0,0,74.1999969482422,0,53,1,1,1,0,0,1,1,0,4,"English",0,4,0,1,"F",0,0,0,0,0,0,0,0,0,4,0,0,0,1
2.13000011444092,2.1800000667572,18,1,1,0,3.5,3.5,0,0,9,1,1,1,1,1,79.6999969482422,1,73,1,2,4,0,1,3,0,0,9,"English",0,6,0,0,"F",1,1,1,1,0,0,1,0,0,5,0,0,0,1
,,18,0,1,1,,,1,1,7,1,0,1,0,0,75.8000030517578,1,,1,1,3,0,0,0,1,1,6,"English",1,0,,,"M",0,0,0,0,0,0,0,0,0,0,0,0,0,1
1.37999999523163,2.21000003814697,17,1,1,1,3,3,1,1,8,1,1,1,0,1,78.6999969482422,1,68.5,1,2,4,0,1,0,1,1,7,"English",0,5,1,0,"F",0,0,0,0,0,0,0,0,0,5,0,0,0,1
1.35000002384186,1.82000005245209,18,0,1,1,3,3,1,1,6,1,1,1,0,1,71.3000030517578,1,64,1,1,1,0,0,0,1,0,4,"English",0,6,1,0,"F",0,0,0,0,0,0,0,0,0,4,0,0,0,1
,,18,0,1,1,,,1,1,6,1,0,1,,,79.5,0,,1,2,3,0,0,0,1,1,6,"English",1,0,,,"M",0,0,0,0,0,0,0,0,0,0,0,0,0,1
1,,18,0,1,1,3,0,1,1,8,1,0,1,0,0,73.1999969482422,1,51.2000007629395,1,1,2,0,0,0,1,0,4,"English",0,6,1,1,"M",0,0,0,0,0,0,0,0,0,5,0,0,0,1
0.920000016689301,,18,0,1,0,2.5,0,1,1,6,1,1,0,0,0,76,1,53,1,1,5,1,0,2,0,0,1,"English",0,5,1,1,"F",0,0,0,0,0,0,0,1,0,5,0,0,0,1
2.5,2.16000008583069,18,0,1,1,2.5,5,0,0,1,1,1,1,1,1,76.6999969482422,1,65,1,2,1,0,0,3,1,0,2,"English",0,4,0,0,"F",0,0,0,0,0,0,0,0,0,4,0,0,0,1
2.61999988555908,,18,0,1,0,3,0,1,0,4,1,0,1,1,0,73,0,77.5,1,1,4,0,1,0,1,1,6,"English",0,6,0,1,"M",0,0,0,0,0,0,0,1,0,4.5,0,0,0,1
0.219999998807907,0.389999985694885,18,0,1,1,0.5,1.5,1,1,7,0,1,1,0,0,73,0,59,1,1,2,0,0,0,1,0,5,"Other",0,4,0,0,"F",0,0,0,0,0,0,0,0,0,3,0,0,0,1
0,,19,1,1,1,0,0,0,0,1,0,1,1,0,0,71.8000030517578,0,0,1,1,3,0,0,0,0,0,1,"Other",0,6,1,1,"F",0,0,0,0,0,0,0,0,0,4,0,0,0,1
1.29999995231628,2.63000011444092,18,1,1,1,2,3,1,1,6,0,1,1,0,1,75,1,56,1,1,4,0,1,1.5,1,0,2,"Other",0,4,1,0,"F",0,0,0,0,0,0,0,0,0,4,0,0,0,1
2.23000001907349,3.32999992370605,18,0,1,0,1.5,3,1,1,6,1,0,1,0,1,72.6999969482422,0,,1,1,3,0,0,0,1,0,2,"English",0,3,0,0,"M",1,0,1,0,0,0,0,0,0,3,0,0,0,1
1.37999999523163,,18,1,1,0,2,0,1,1,6,1,1,1,0,0,81.1999969482422,1,56,0,3,3,0,0,2,1,0,4,"English",0,5,1,1,"F",1,1,1,1,0,0,1,0,0,4,0,0,0,1
0.28999999165535,,19,0,1,1,0.5,0,1,1,7,0,1,1,0,0,82.8000030517578,1,45,0,3,2,0,0,1.5,1,1,6,"Other",0,5,0,1,"F",0,0,0,0,0,0,0,0,0,3.5,0,0,0,1
1.89999997615814,2.15000009536743,19,0,1,1,3,3,1,1,6,1,1,1,1,1,72.8000030517578,1,71,1,1,3,0,0,0,1,1,6,"English",0,5,0,0,"F",0,0,0,0,0,0,0,0,0,5,0,0,0,1
1.26999998092651,1.94000005722046,18,1,1,0,2,2.5,1,1,6,1,1,1,0,1,72.5,1,39,1,1,4,0,1,1.5,1,1,6,"English",0,5,1,0,"F",0,0,1,1,1,1,1,0,0,4.5,0,0,0,1
1.92999994754791,,18,0,1,1,2.5,0,1,0,4,1,0,1,1,0,74.6999969482422,1,80,1,1,2,0,0,0,1,1,6,"English",0,6,0,1,"M",0,0,0,0,0,0,0,0,0,4,0,0,0,1
1.72000002861023,1.97000002861023,18,0,1,1,2.5,4.5,1,1,8,1,1,1,1,1,72.3000030517578,0,60,1,1,3,0,0,2,1,0,4,"English",0,6,0,0,"F",0,0,0,0,0,0,0,0,0,4.5,0,0,0,1
1.29999995231628,1.3400000333786,19,1,1,1,1,1.5,1,1,6,1,1,0,0,0,74.5,1,,1,1,1,0,0,1,1,1,6,"English",0,4,0,1,"F",0,0,0,0,0,0,0,0,0,2,0,0,0,1
2.10999989509583,1.95000004768372,19,1,1,1,3,3.5,1,0,2,1,1,1,1,1,74.3000030517578,0,61.5,1,1,3,0,0,0.5,1,0,2,"English",0,5,0,0,"F",0,0,0,0,0,0,0,0,0,4.5,0,0,0,1
1.12000000476837,2.23000001907349,19,0,1,1,3,4,1,1,7,1,1,1,0,1,75,0,62.5,1,1,2,0,0,0,1,1,6,"English",0,5,1,0,"F",0,0,0,0,0,0,0,0,0,4.5,0,0,0,1
1.60000002384186,2.47000002861023,18,0,1,1,2.5,3.5,1,1,7,1,1,0,1,1,86.3000030517578,1,61,0,3,3,0,0,3,1,1,6,"English",0,4,0,0,"F",0,0,0,0,0,0,0,0,0,4,0,0,0,1
1,2.82999992370605,18,0,1,0,2.5,4.5,1,1,6,0,0,1,0,1,82.6999969482422,0,56,1,3,1,0,0,4,1,0,4,"Other",0,5,1,0,"M",0,0,0,0,0,0,1,1,1,5,0,1,1,1
3.05999994277954,2.66000008583069,18,1,1,1,3,3,0,0,1,0,0,1,1,1,83,1,76,1,3,1,0,0,1,0,0,9,"Other",0,4,0,0,"M",0,0,0,0,0,0,0,0,0,4,0,0,0,1
1.27999997138977,2.13000011444092,19,0,1,1,2,3,1,1,7,1,1,0,0,1,75.5,1,64,1,1,3,0,0,2,1,1,6,"English",0,5,0,0,"F",0,0,0,0,0,0,0,0,0,3,0,0,0,1
3.26999998092651,3.51999998092651,18,1,1,0,3.5,5,1,1,8,0,1,1,1,1,87.3000030517578,1,68,1,3,1,0,0,3,1,1,7,"Other",0,5,0,0,"F",0,0,0,0,0,0,1,1,1,5,0,1,1,1
3,2.41000008583069,18,1,1,1,2.5,4.5,1,1,7,1,1,1,1,1,82,1,,1,3,4,0,1,4,1,1,6,"English",0,5,0,0,"F",0,0,0,0,0,0,0,0,0,5,0,0,0,1
2.35999989509583,2.40000009536743,18,0,1,0,2.5,3.5,0,0,1,1,1,1,1,1,79.6999969482422,1,60,1,2,3,0,0,0,0,0,1,"English",0,5,0,0,"F",0,0,0,0,0,0,0,1,0,4,0,0,0,1
2.60999989509583,2.4300000667572,18,1,1,1,2,3.5,1,0,2,1,0,1,0,1,79.8000030517578,1,,1,2,3,0,0,2,1,0,2,"English",0,5,0,0,"M",0,0,0,0,0,0,0,0,0,3.5,0,0,0,1
1.71000003814697,2.54999995231628,18,0,1,1,3,2.5,1,1,6,1,1,1,1,1,78,1,52,1,2,2,0,0,0,1,0,5,"English",0,5,0,0,"F",0,0,0,0,0,0,0,0,0,5,0,0,0,1
,,19,0,1,0,,,1,1,6,1,0,1,0,0,72.8000030517578,0,,0,1,1,0,0,0,1,1,6,"English",1,0,,,"M",0,0,0,0,0,0,0,1,0,0,0,0,0,1
1.79999995231628,2.14000010490417,19,0,1,1,2.5,3.5,1,0,4,1,0,1,1,1,83.8000030517578,0,72,1,3,1,0,0,3,1,0,4,"English",0,6,0,0,"M",0,0,0,0,0,0,0,0,0,4,0,0,0,1
0,0,18,1,1,1,0,0,1,0,2,0,1,1,0,0,72,0,39,1,1,3,0,0,1,1,0,2,"Other",0,6,0,1,"F",0,0,0,0,0,0,0,0,0,3.5,0,0,0,1
2.33999991416931,2.48000001907349,20,0,1,1,2.5,4,1,1,6,0,1,1,1,1,77,1,58,0,2,2,0,0,1,1,0,2,"Other",0,6,0,0,"F",0,0,0,0,0,0,0,0,0,4,0,0,0,1
1.92999994754791,2.5699999332428,18,0,1,1,3,3,1,1,7,1,0,1,1,1,74.1999969482422,1,74,0,1,3,0,0,0,1,1,6,"English",0,6,0,0,"M",0,0,0,0,0,0,0,0,0,4,0,0,0,1
2.6800000667572,2.80999994277954,18,0,1,0,2,4,1,0,2,1,1,0,1,1,74.1999969482422,0,,1,1,3,0,0,0,1,0,4,"English",0,4,0,0,"F",0,0,1,1,1,1,1,0,0,4,1,0,1,1
1.25,,19,0,1,1,2.5,0,0,0,1,0,1,1,0,0,84.5,0,55,1,3,2,0,0,0,0,0,1,"Other",0,6,1,1,"F",0,0,0,0,0,0,0,0,0,4.5,0,0,0,1
2.32999992370605,1.66999995708466,18,1,1,0,3,3,1,0,2,1,1,1,1,1,78.8000030517578,0,68,1,2,4,0,1,2,1,0,2,"English",0,5,0,0,"F",0,0,1,1,1,1,1,0,0,4.5,0,0,0,1
0.469999998807907,,18,0,1,1,1,0,0,0,9,1,1,1,0,0,74.5,1,50,1,1,3,0,0,3,1,0,4,"English",0,5,1,1,"F",0,0,0,0,0,0,0,0,0,5,0,0,0,1
1.0900000333786,,19,1,1,0,2,0,1,1,6,0,1,1,0,0,80.1999969482422,0,57,1,2,4,0,1,2,1,1,6,"Other",0,4,1,1,"F",0,0,0,0,0,0,0,1,0,4,0,0,0,1
0,0,19,1,1,0,0,0,1,1,6,1,1,0,0,0,73.3000030517578,1,0,1,1,2,0,0,0,1,0,2,"English",0,6,0,1,"F",0,0,0,0,0,0,0,1,0,1,0,0,0,1
3.09999990463257,2.73000001907349,20,0,1,0,2.5,3.5,0,0,9,1,0,1,1,1,77.6999969482422,1,80,1,2,4,0,1,0,1,0,4,"English",0,5,0,0,"M",1,1,1,1,0,0,1,0,0,4,0,0,0,1
2.03999996185303,2.13000011444092,18,1,1,0,2.5,1.5,0,0,1,0,1,1,0,1,74.5,1,68,1,1,3,0,0,1,0,0,1,"Other",0,4,0,0,"F",0,0,0,0,0,0,0,1,0,4,0,0,0,1
2.70000004768372,1.5,19,0,1,1,0.5,1,1,0,2,1,1,0,0,0,76.1999969482422,1,,1,1,4,0,1,0.5,1,0,2,"English",0,6,0,0,"F",0,0,0,0,0,0,0,0,0,0.5,0,0,0,1
2.21000003814697,1.86000001430511,18,1,1,1,2,3,1,0,2,1,1,1,0,1,84.4000015258789,1,70,1,3,3,0,0,2,1,0,2,"English",0,5,0,0,"F",0,0,0,0,0,0,0,0,0,3.5,0,0,0,1
3.16000008583069,3.5,18,0,1,1,2.5,3,0,0,1,0,0,1,1,1,81.1999969482422,1,85,1,3,3,0,0,1,0,0,1,"Other",0,5,0,0,"M",0,0,0,0,0,0,0,0,0,4,0,0,0,1
2.01999998092651,2.19000005722046,18,1,1,0,2.5,3,1,0,2,1,0,1,1,1,81.6999969482422,1,70,0,3,3,0,0,0,1,0,5,"English",0,5,0,0,"M",0,0,0,0,0,0,1,1,1,5,0,0,0,1
1.62000000476837,2.77999997138977,18,1,1,1,3.5,3.5,0,0,9,1,1,1,1,1,86.6999969482422,0,65,1,3,5,1,0,3,0,0,9,"English",0,5,0,0,"F",0,0,0,0,0,0,0,0,0,5,0,0,0,1
1.42999994754791,2.72000002861023,19,0,1,0,1.75,4,1,1,7,1,0,1,0,1,76.3000030517578,1,70,0,2,4,0,1,1.5,1,0,5,"English",0,6,0,0,"M",1,1,1,1,0,0,1,0,0,4,0,0,0,1
1.08000004291534,1.23000001907349,18,1,1,1,2.5,2,1,0,4,1,1,1,0,0,76,1,,1,1,3,0,0,1,1,0,4,"English",0,5,1,0,"F",0,0,0,0,0,0,0,0,0,5,0,0,0,1
1.39999997615814,3.20000004768372,18,0,1,0,2,3,1,0,4,1,0,0,0,1,82.6999969482422,0,67,1,3,2,0,0,1,1,0,4,"English",0,6,1,0,"M",0,0,1,1,1,1,1,0,0,4,0,0,0,1
0.970000028610229,1.49000000953674,19,1,1,0,2.5,3,1,1,6,0,1,1,0,0,72.5,1,55,1,1,3,0,0,0.5,1,1,6,"Other",0,5,1,0,"F",1,1,1,1,0,0,1,0,0,4.5,0,0,0,1
3.64000010490417,3.46000003814697,18,1,1,0,2.5,4,1,1,6,1,1,1,1,1,76,1,90,1,1,4,0,1,0,1,0,2,"English",0,5,0,0,"F",1,1,1,1,0,0,1,0,0,4,0,0,0,1
0.75,1.12000000476837,19,0,1,0,2,1.5,0,0,1,0,1,1,0,0,77.1999969482422,1,51,0,2,2,0,0,1,0,0,1,"Other",0,6,1,0,"F",1,1,1,1,0,0,1,0,0,4,0,0,0,1
0.709999978542328,1.95000004768372,18,0,1,1,2,5,1,0,5,0,1,1,0,1,72.3000030517578,1,55,0,1,3,0,0,0.5,1,1,6,"Other",0,5,1,0,"F",0,0,0,0,0,0,0,0,0,4.5,0,0,0,1
2.10999989509583,2.35999989509583,18,0,1,1,2,2,1,0,2,1,1,1,0,1,77.1999969482422,0,65,1,2,1,0,0,0,1,0,2,"English",0,6,0,0,"F",0,0,0,0,0,0,0,0,0,4.5,0,0,0,1
1.89999997615814,2.21000003814697,18,0,1,0,3,4,1,1,7,0,1,1,1,1,77,1,70,0,2,3,0,0,1.5,1,0,4,"Other",0,4,0,0,"F",0,0,0,0,0,0,1,1,1,4.5,1,1,1,1
1.9099999666214,2.14000010490417,19,0,1,1,3,6.75,1,0,2,1,1,1,1,1,71.6999969482422,0,62,0,1,3,0,0,2,1,0,4,"English",0,6,0,0,"F",0,0,0,0,0,0,0,0,0,5,0,0,0,1
2.59999990463257,2.39000010490417,18,1,1,0,2.5,3,0,0,9,1,1,1,0,1,78.8000030517578,1,69,1,2,1,0,0,0,1,1,6,"English",0,5,0,0,"F",1,1,1,1,0,0,1,0,0,4,0,0,0,1
1.79999995231628,1.04999995231628,18,1,1,0,1.5,3.5,1,0,2,1,0,0,0,0,75.1999969482422,0,,1,1,4,0,1,0,1,0,2,"English",0,3,0,1,"M",1,0,1,0,0,0,0,0,0,3,0,0,0,1
1.62000000476837,1.29999995231628,19,0,1,1,2,0.5,1,1,8,0,1,0,0,1,75.8000030517578,0,53.5,0,1,3,0,0,0,1,1,6,"Other",0,4,0,0,"F",0,0,0,0,0,0,0,0,0,3,0,0,0,1
1.13999998569489,2.17000007629395,18,1,1,1,2,2.5,0,0,1,1,1,1,0,1,82.8000030517578,0,54,1,3,1,0,0,2,0,0,1,"English",0,6,0,0,"F",0,0,0,0,0,0,0,0,0,3.5,0,0,0,1
1.89999997615814,2.29999995231628,18,0,1,1,3,4,1,1,6,0,1,1,1,1,85.6999969482422,1,65,1,3,2,0,0,3,0,0,9,"Other",0,6,0,0,"F",0,0,0,0,0,0,0,0,0,5,0,0,0,1
1.94000005722046,2.04999995231628,18,1,1,1,2.5,2,1,1,7,1,0,0,0,1,71.5,1,77,1,1,2,0,0,1,1,0,5,"English",0,3,0,0,"M",0,0,0,0,0,0,0,0,0,3.5,0,0,0,1
2.60999989509583,3.41000008583069,18,1,1,1,4,5,1,1,6,0,0,1,1,1,80.1999969482422,0,71.6666641235352,1,2,4,0,1,1,1,1,7,"Other",0,6,0,0,"M",0,0,0,0,0,0,0,0,0,5,0,0,0,1
1.63999998569489,2.80999994277954,18,0,1,0,2.5,3.5,1,1,6,1,1,0,1,1,76.1999969482422,1,67,1,1,3,0,0,1,1,1,6,"English",0,5,0,0,"F",0,0,1,1,1,1,1,0,0,4.5,1,1,1,1
1.51999998092651,,18,0,1,1,2,0,1,0,4,1,1,1,0,0,84,0,57.5,1,3,3,0,0,0,1,0,3,"English",0,4,0,1,"F",0,0,0,0,0,0,0,0,0,3,0,0,0,1
,,19,0,1,0,,,1,0,4,1,1,1,0,0,74,0,,0,1,4,0,1,1.5,0,0,1,"English",0,5,,,"F",0,0,1,0,1,0,0,0,0,4.5,0,0,0,1
1.5,1.61000001430511,18,0,1,1,2.5,3,0,0,1,1,0,1,0,1,73.3000030517578,0,60,1,1,3,0,0,0,1,0,2,"English",0,6,0,0,"M",0,0,0,0,0,0,0,0,0,3,0,0,0,1
3.04999995231628,1.78999996185303,18,0,1,1,3,3.5,1,0,4,1,1,0,1,1,86.5,1,76.5,1,3,3,0,0,1,1,0,4,"English",0,5,0,0,"F",0,0,0,0,0,0,0,0,0,4,0,0,0,1
2.82999992370605,3.07999992370605,18,1,1,0,4.5,4.5,1,1,6,1,1,1,1,1,80.5,1,73.5,1,2,2,0,0,0,1,1,6,"English",0,5,0,0,"F",0,0,0,0,0,0,0,1,0,5,0,0,0,1
0.5,1.64999997615814,18,1,1,1,1,2,1,0,4,1,1,0,0,0,76.8000030517578,0,,1,2,2,0,0,1,0,0,1,"English",0,4,1,0,"F",0,0,0,0,0,0,0,0,0,4,0,0,0,1
1.75999999046326,0.870000004768372,18,0,1,1,3,2.5,1,0,4,0,1,1,1,0,73.5,0,68,1,1,4,0,1,0,1,0,3,"Other",0,5,0,1,"F",0,0,0,0,0,0,0,0,0,5,0,0,0,1
2.05999994277954,2.90000009536743,18,0,1,1,3.5,4.5,0,0,9,1,0,1,1,1,78.6999969482422,0,73.5,1,2,1,0,0,0,0,0,9,"English",0,6,0,0,"M",0,0,0,0,0,0,0,0,0,5,0,0,0,1
1.67999994754791,2.13000011444092,18,1,1,0,3,3,1,0,4,1,1,1,1,1,78.8000030517578,0,71,1,2,2,0,0,1,1,0,4,"English",0,5,0,0,"F",1,1,1,1,0,0,1,0,0,5,0,0,0,1
2.54999995231628,2.9300000667572,19,1,1,1,3,2.5,1,0,4,1,1,0,1,1,80.3000030517578,0,69,1,2,3,0,0,0,1,0,2,"English",0,5,0,0,"F",0,0,0,0,0,0,0,0,0,4,0,0,0,1
2.55999994277954,2.58999991416931,18,0,1,1,3,5,1,0,2,1,1,1,1,1,80.8000030517578,0,62.5,1,3,3,0,0,3.5,1,0,2,"English",0,6,0,0,"F",0,0,0,0,0,0,0,0,0,4,0,0,0,1
2.09999990463257,2.29999995231628,18,0,1,1,2.75,3.5,0,0,1,0,1,1,1,1,78.6999969482422,0,61,0,2,3,0,0,0,0,0,1,"Other",0,5,0,0,"F",0,0,0,0,0,0,0,0,0,4,0,0,0,1
1.82000005245209,2.88000011444092,18,0,1,1,3,4,1,0,2,1,0,1,1,1,74.8000030517578,0,74.5,1,1,3,0,0,1,1,0,2,"English",0,6,0,0,"M",0,0,0,0,0,0,0,0,0,5,0,0,0,1
2.25,2.73000001907349,18,0,1,0,2.5,4.5,1,0,4,0,0,1,1,1,81.8000030517578,0,61,1,3,4,0,1,3,1,1,6,"Other",0,4,0,0,"M",0,0,0,0,0,0,0,1,0,4,0,0,0,1
0.899999976158142,1.48000001907349,18,0,1,1,1.5,0.5,0,0,1,1,1,0,0,0,75.8000030517578,0,58,1,1,3,0,0,0.5,1,0,5,"English",0,5,0,0,"F",0,0,0,0,0,0,0,0,0,3.5,0,0,0,1
1.54999995231628,1.66999995708466,19,0,1,0,2,3.5,1,1,6,1,1,1,0,1,75.8000030517578,0,63,1,1,3,0,0,1,1,1,6,"English",0,4,0,0,"F",0,0,1,1,1,1,1,0,0,4,1,0,1,1
2.79999995231628,2.00999999046326,18,0,1,1,4,2.5,1,0,2,1,0,1,1,1,83.3000030517578,1,70.6666641235352,1,3,5,1,0,0,1,0,2,"English",0,5,0,0,"M",0,0,0,0,0,0,0,0,0,5,0,0,0,1
1.00999999046326,2.49000000953674,19,1,1,1,3,3,1,1,6,1,0,1,0,1,72.1999969482422,1,55.6666679382324,1,1,2,0,0,2,1,1,6,"English",0,6,1,0,"M",0,0,0,0,0,0,0,0,0,4.5,0,0,0,1
1.29999995231628,,21,0,1,1,2,0,0,0,9,1,0,1,0,1,71.6999969482422,1,,1,1,5,1,0,0,1,0,4,"English",0,6,0,0,"M",0,0,0,0,0,0,0,0,0,4,0,0,0,1
2.5699999332428,1.95000004768372,19,1,1,0,1,2.5,1,1,7,0,0,0,0,1,80.3000030517578,1,67,1,2,2,0,0,1,1,0,2,"Other",0,3,0,0,"M",0,0,0,0,0,0,0,1,0,2,0,0,0,1
1.89999997615814,2.15000009536743,19,0,1,1,2.5,1.5,1,0,2,1,0,1,0,1,80.6999969482422,1,70,1,2,4,0,1,1,1,0,3,"English",0,5,0,0,"M",0,0,0,0,0,0,0,0,0,3,0,0,0,1
2.24000000953674,1.80999994277954,18,0,1,1,3.5,3.5,1,0,2,1,1,1,1,1,86.1999969482422,0,72.5,1,3,4,0,1,0,1,0,2,"English",0,6,0,0,"F",0,0,0,0,0,0,0,0,0,5,0,0,0,1
1.91999995708466,1.42999994754791,19,0,1,0,2,3,1,0,5,1,1,0,0,1,77.8000030517578,0,77,0,2,2,0,0,0,1,1,6,"English",0,6,0,0,"F",0,0,0,0,0,0,0,1,0,2.5,0,0,0,1
2.77999997138977,2.9300000667572,18,1,1,1,3,3.5,0,0,9,1,1,1,1,1,86.1999969482422,1,74,1,3,3,0,0,1,0,0,9,"English",0,4,0,0,"F",0,0,0,0,0,0,0,0,0,4.5,0,0,0,1
3,1.85000002384186,19,0,1,1,2,1,1,0,5,1,1,1,0,1,73.3000030517578,1,76,1,1,3,0,0,0,1,1,6,"English",0,6,0,0,"F",0,0,0,0,0,0,0,0,0,3.5,0,0,0,1
1.51999998092651,1.83000004291534,20,0,1,0,2,2.5,1,1,6,0,0,1,0,0,80.3000030517578,0,60,1,2,3,0,0,1,1,1,6,"Other",0,4,0,1,"M",0,0,0,0,0,0,0,1,0,3,0,0,0,1
2.79999995231628,2.57999992370605,18,0,1,0,3,3.5,1,1,6,1,1,0,1,1,84.6999969482422,0,68.5,1,3,5,1,0,1,1,0,2,"English",0,5,0,0,"F",1,0,1,0,0,0,0,0,0,4,0,0,0,1
3.36999988555908,3.63000011444092,18,1,1,1,4,3.5,1,1,6,1,0,1,1,1,81,0,73,1,3,3,0,0,2.5,1,0,2,"English",0,5,0,0,"M",0,0,0,0,0,0,0,0,0,5,0,0,0,1
2.27999997138977,2.61999988555908,19,0,1,1,2.5,2.5,1,1,6,1,0,1,0,1,74.8000030517578,1,66,1,1,3,0,0,0.5,1,0,4,"English",0,6,0,0,"M",0,0,0,0,0,0,0,0,0,3.5,0,0,0,1
0.930000007152557,2.09999990463257,19,0,1,1,1,1.5,1,1,7,1,0,1,0,0,79.8000030517578,1,,1,2,3,0,0,3,1,1,6,"English",0,4,1,1,"M",0,0,0,0,0,0,0,0,0,4,0,0,0,1
2.4300000667572,3.25,18,0,1,0,3,2.5,1,0,3,1,1,1,1,1,78.3000030517578,1,73,1,2,3,0,0,1,0,0,1,"English",0,4,0,0,"F",1,1,1,1,0,0,1,0,0,4,0,0,0,1
2.25,2.02999997138977,18,0,1,0,2.5,3,1,1,7,0,1,0,1,1,75.3000030517578,1,70,1,1,4,0,1,1,1,1,7,"Other",0,6,0,0,"F",1,1,1,1,0,0,1,0,0,5,0,0,0,1
1.45000004768372,1.75999999046326,19,0,1,1,1.5,2.5,0,0,1,1,0,0,0,1,79.1999969482422,1,64,1,2,4,0,1,1,1,0,2,"English",0,5,0,0,"M",0,0,0,0,0,0,0,0,0,4,0,0,0,1
2.22000002861023,2.73000001907349,19,0,1,1,3,4,1,0,4,1,1,1,1,1,77,0,67,1,2,3,0,0,2,1,0,2,"English",0,5,0,0,"F",0,0,0,0,0,0,0,0,0,4.5,0,0,0,1
0.930000007152557,1.19000005722046,18,0,1,1,1,2,1,0,4,1,1,1,0,0,76.8000030517578,0,62,1,2,1,0,0,0,1,0,4,"English",0,5,0,1,"F",0,0,0,0,0,0,0,0,0,4,0,0,0,1
2.47000002861023,2.91000008583069,18,0,1,0,3,2.5,1,1,7,0,0,1,1,1,77.1999969482422,0,80,1,2,4,0,1,1,1,1,6,"Other",0,6,0,0,"M",1,1,1,1,0,0,1,0,0,4.5,0,0,0,1
2.23000001907349,2.27999997138977,18,0,1,1,3,4.75,0,0,1,1,1,1,1,1,74.6999969482422,1,80,0,1,3,0,0,0,1,0,2,"English",0,6,0,0,"F",0,0,0,0,0,0,0,0,0,4.5,0,0,0,1
0,0,18,1,1,0,0,0,0,0,9,0,0,1,0,0,75.1999969482422,0,,1,1,3,0,0,0,0,0,9,"Other",0,5,0,1,"M",0,0,1,0,1,0,0,0,0,3,0,0,0,1
3.23000001907349,2.73000001907349,18,1,1,1,3,3.5,0,0,1,1,1,1,1,1,82.6999969482422,1,76,1,3,3,0,0,1,1,0,4,"English",0,6,0,0,"F",0,0,0,0,0,0,0,0,0,4.5,0,0,0,1
2.64000010490417,2.40000009536743,18,1,1,1,2.5,4,1,0,4,0,1,1,1,1,84.5999984741211,1,,1,3,4,0,1,2,1,1,6,"Other",0,6,0,0,"F",0,0,0,0,0,0,0,0,0,4.5,0,0,0,1
1.45000004768372,1.53999996185303,18,0,1,1,2,1.5,1,1,6,0,1,1,0,0,71.8000030517578,1,60,1,1,1,0,0,0,0,0,1,"Other",0,5,0,0,"F",0,0,0,0,0,0,0,0,0,3,0,0,0,1
3.03999996185303,2.69000005722046,19,0,1,1,2.5,3,0,0,9,1,0,0,1,1,83,1,77,1,3,2,0,0,0,1,0,4,"English",0,6,0,0,"M",0,0,0,0,0,0,0,0,0,4,0,0,0,1
2.25,3.5,18,0,1,1,1.5,2,1,1,7,1,1,0,0,1,83.8000030517578,1,58,1,3,3,0,0,1.5,1,1,7,"English",0,3,0,0,"F",0,0,0,0,0,0,0,0,0,3,0,0,0,1
,,18,0,1,1,,,1,1,7,0,1,1,0,0,77,0,,0,2,3,0,0,0,1,0,2,"Other",1,0,,,"F",0,0,0,0,0,0,0,0,0,0,0,0,0,1
2.13000011444092,1.62999999523163,18,0,1,1,2.5,3,1,1,6,1,0,1,1,1,83.1999969482422,1,75,1,3,1,0,0,1,1,0,2,"English",0,4,0,0,"M",0,0,0,0,0,0,0,0,0,4,0,0,0,1
3.54999995231628,,19,0,1,1,5.5,0,1,0,5,1,0,1,1,0,74.8000030517578,1,83,1,1,2,0,0,2,1,1,7,"English",0,4,0,1,"M",0,0,0,0,0,0,0,0,0,4,0,0,0,1
1.4099999666214,1.47000002861023,18,0,1,1,3,3.5,1,1,8,0,1,1,0,0,77.5,0,64,1,2,3,0,0,0,1,1,6,"Other",0,5,1,0,"F",0,0,0,0,0,0,0,0,0,5,0,0,0,1
0.670000016689301,0,20,0,1,1,1,0,0,0,1,0,1,1,0,0,81.3000030517578,0,38,1,3,1,0,0,2.5,0,0,1,"Other",0,6,0,0,"F",0,0,0,0,0,0,0,0,0,4,0,0,0,1
2.02999997138977,1.5,18,1,1,0,3,3.5,0,0,9,1,1,1,1,1,80,1,71,1,2,3,0,0,0,0,0,9,"English",0,5,0,0,"F",1,1,1,1,0,0,1,0,0,5,0,0,0,1
1.96000003814697,2.79999995231628,18,1,1,0,3.5,2,1,1,6,1,0,1,1,1,83,1,77,0,3,3,0,0,2.5,1,0,4,"English",0,6,0,0,"M",1,1,1,1,0,0,1,0,0,5,0,0,0,1
1.21000003814697,1.75999999046326,18,1,1,0,1.5,4,1,0,2,1,1,1,0,0,77.6999969482422,1,57,1,2,3,0,0,0,1,1,6,"English",0,6,0,1,"F",0,0,0,0,0,0,1,1,1,4.5,0,0,0,1
0,,18,0,1,0,0,0,0,0,1,1,1,0,0,0,74,0,,1,1,3,0,0,0,1,0,2,"English",0,6,0,1,"F",0,0,0,0,0,0,1,1,1,3.5,0,0,0,1
1.17999994754791,1.25999999046326,18,1,1,0,2,4,1,1,7,1,1,0,0,0,74.5,0,63.5,1,1,3,0,0,0,1,1,6,"English",0,3,0,1,"F",0,0,1,0,1,0,0,0,0,3,0,0,0,1
1.79999995231628,,18,0,1,1,1,0,1,0,4,1,1,1,0,0,83,1,,0,3,3,0,0,1,1,1,6,"English",0,4,0,1,"F",0,0,0,0,0,0,0,0,0,3,0,0,0,1
0.949999988079071,0,18,0,1,1,1.5,0,1,1,6,0,0,0,0,0,77.6999969482422,0,62,1,2,3,0,0,0,1,0,2,"Other",0,5,0,1,"M",0,0,0,0,0,0,0,0,0,3,0,0,0,1
0.839999973773956,0,18,1,1,1,2.5,0,1,0,4,1,1,1,0,0,71,0,51,1,1,3,0,0,1,1,0,2,"English",0,4,1,0,"F",0,0,0,0,0,0,0,0,0,4,0,0,0,1
,,21,1,1,1,0,0,1,0,4,0,0,1,0,0,74.8000030517578,1,27.75,1,1,4,0,1,0.5,1,0,4,"Other",0,4,0,1,"M",0,0,0,0,0,0,0,0,0,2,0,0,0,1
1.23000001907349,1.80999994277954,18,0,1,1,2,3,1,0,4,1,1,0,0,1,73.5,1,51,1,1,3,0,0,1,0,0,1,"English",0,4,0,0,"F",0,0,0,0,0,0,0,0,0,3,0,0,0,1
2.67000007629395,3.23000001907349,18,1,1,0,3,4,1,0,4,1,0,0,1,1,79.6999969482422,1,72,1,2,3,0,0,1.5,1,0,4,"English",0,6,0,0,"M",0,0,1,1,1,1,1,0,0,5,0,0,0,1
1.87999999523163,3.08999991416931,18,0,1,0,2,3,1,1,6,1,0,1,0,1,77.3000030517578,1,67,1,2,3,0,0,0,1,1,6,"English",0,4,0,0,"M",0,0,1,0,1,0,0,0,0,3,0,0,0,1
2.02999997138977,2.5699999332428,18,0,1,1,3.5,4.5,0,0,1,1,1,1,1,1,73.5,1,70.6666641235352,1,1,4,0,1,3,1,0,3,"English",0,4,0,0,"F",0,0,0,0,0,0,0,0,0,4,0,0,0,1
2.14000010490417,2.46000003814697,20,0,1,1,2.5,1.5,1,0,2,1,0,1,0,1,72.8000030517578,0,65.5,1,1,2,0,0,1.5,1,0,2,"English",0,4,0,0,"M",0,0,0,0,0,0,0,0,0,4,0,0,0,1
1.10000002384186,1.70000004768372,18,0,1,1,2.5,3.5,0,0,9,1,1,1,0,1,78.5,1,64.5,1,2,3,0,0,3,1,0,5,"English",0,4,1,0,"F",0,0,0,0,0,0,0,0,0,4,0,0,0,1
1.4099999666214,1.74000000953674,18,0,1,1,2.5,3,1,0,5,1,1,1,0,1,81.6999969482422,1,60,1,3,3,0,0,0,1,0,4,"English",0,5,1,0,"F",0,0,0,0,0,0,0,0,0,4.5,0,0,0,1
1.27999997138977,2.53999996185303,18,0,1,1,2.5,3,0,0,1,1,1,1,0,1,75.3000030517578,0,70,1,1,4,0,1,2,0,0,1,"English",0,5,1,0,"F",0,0,0,0,0,0,0,0,0,5,0,0,0,1
,1.25,18,0,1,0,1,1.5,1,1,6,1,0,0,0,0,76,1,69,1,1,3,0,0,0,1,0,5,"English",0,4,0,0,"M",0,0,1,1,1,1,1,0,0,2.5,0,0,0,1
1.91999995708466,2.59999990463257,18,1,1,1,2.5,5,1,1,6,0,0,0,0,1,77.1999969482422,0,70,1,2,4,0,1,0.5,1,0,2,"Other",0,6,0,0,"M",0,0,0,0,0,0,0,0,0,3.5,0,0,0,1
0.680000007152557,1,19,0,1,0,1,1.5,1,0,5,0,0,1,0,0,72.1999969482422,0,46,1,1,2,0,0,0.5,1,1,6,"Other",0,4,0,1,"M",0,0,1,1,1,1,1,0,0,3,0,0,0,1
2.07999992370605,,18,0,1,0,1.5,1,1,1,8,1,0,1,0,0,72.3000030517578,1,74,0,1,3,0,0,0,1,1,6,"English",0,2,0,0,"M",0,0,0,0,0,0,1,1,1,2,0,0,0,1
,,18,0,1,0,,,1,0,4,1,1,1,0,0,82.6999969482422,0,,1,3,3,0,0,0,1,1,6,"English",1,0,,,"F",0,0,0,0,0,0,1,1,1,0,0,0,0,1
2.0699999332428,0.379999995231628,18,0,1,0,4,1,1,1,8,1,1,0,1,0,78,0,69.6666641235352,1,2,4,0,1,0,1,1,6,"English",0,5,0,1,"F",0,0,0,0,0,0,0,1,0,5,0,0,0,1
1.97000002861023,2.00999999046326,18,0,1,0,4,4,1,1,6,0,1,1,1,1,83,0,71.3333358764648,1,3,2,0,0,3,1,0,3,"Other",0,5,0,0,"F",1,1,1,1,0,0,1,0,0,5,0,0,0,1
1.57000005245209,0.620000004768372,19,1,1,0,2.5,1,0,0,1,1,1,1,0,0,71.8000030517578,1,61.5,1,1,3,0,0,0,1,0,2,"English",0,5,0,1,"F",0,0,0,0,0,0,0,1,0,4.5,0,0,0,1
1.33000004291534,0,18,0,1,0,1,0,1,1,6,1,0,1,0,0,73,0,,1,1,3,0,0,0,1,1,6,"English",0,5,0,1,"M",1,1,1,1,0,0,1,0,0,3,0,0,0,1
1.20000004768372,1.76999998092651,18,0,1,1,1.5,3,1,1,6,0,1,1,0,0,82.3000030517578,0,46,1,3,2,0,0,2,1,1,8,"Other",0,4,0,1,"F",0,0,0,0,0,0,0,0,0,3.5,0,0,0,1
1.76999998092651,0,18,1,1,1,2,0,0,0,1,1,0,1,0,0,71.8000030517578,0,,0,1,3,0,0,0,1,0,4,"English",0,6,0,1,"M",0,0,0,0,0,0,0,0,0,4,0,0,0,1
2.23000001907349,3.38000011444092,18,0,1,0,2.5,3,1,0,4,1,0,0,0,1,75.1999969482422,0,63,1,1,1,0,0,1.5,1,0,4,"English",0,3,0,0,"M",1,0,1,0,0,0,0,0,0,4,0,0,0,1
0.409999996423721,1.66999995708466,20,0,1,1,1.5,3.5,1,1,6,0,0,1,0,0,74.5,1,45,0,1,4,0,1,2.5,1,1,7,"Other",0,5,1,0,"M",0,0,0,0,0,0,0,0,0,5,0,0,0,1
3.33999991416931,2.85999989509583,18,0,1,1,3,2.5,0,0,1,1,1,1,1,1,77.5,0,,1,2,3,0,0,0,1,0,5,"English",0,4,0,0,"F",0,0,0,0,0,0,0,0,0,5,0,0,0,1
1.8400000333786,1.70000004768372,19,1,1,0,2.5,2.5,1,1,6,1,0,1,1,1,80.3000030517578,0,,1,2,1,0,0,1,1,0,4,"English",0,4,0,0,"M",0,0,1,0,1,0,0,0,0,4.5,0,0,0,1
2.5,2.75,19,0,1,1,2.5,2,1,1,8,1,0,1,1,1,73.6999969482422,1,57,1,1,1,0,0,0,1,0,4,"English",0,4,0,0,"M",0,0,0,0,0,0,0,0,0,4,0,0,0,1
1.58000004291534,1.53999996185303,18,0,1,1,3,3,1,0,2,1,0,1,1,1,80.6999969482422,0,65.6666641235352,1,2,3,0,0,0,1,1,6,"English",0,6,0,0,"M",0,0,0,0,0,0,0,0,0,5,0,0,0,1
2.21000003814697,2.14000010490417,18,1,1,1,3.5,3.5,1,1,7,1,1,1,1,1,76.6999969482422,1,70.5,1,2,2,0,0,2,0,0,9,"English",0,5,0,0,"F",0,0,0,0,0,0,0,0,0,4.5,0,0,0,1
1.76999998092651,2.83999991416931,18,0,1,1,2.5,3.5,1,0,4,1,1,1,1,1,85.3000030517578,0,68,1,3,3,0,0,0,1,0,2,"English",0,5,0,0,"F",0,0,0,0,0,0,0,0,0,5,0,0,0,1
2,1.63999998569489,22,0,1,1,2,4,1,1,8,0,1,1,1,1,75.1999969482422,0,,0,1,2,0,0,0,1,1,7,"Other",0,6,0,0,"F",0,0,0,0,0,0,0,0,0,4,0,0,0,1
1.33000004291534,2.0699999332428,18,0,1,1,1,2,0,0,1,1,0,0,0,1,77.6999969482422,1,,1,2,3,0,0,0,1,0,2,"English",0,4,0,0,"M",0,0,0,0,0,0,0,0,0,4,0,0,0,1
0.779999971389771,0,18,1,1,0,1.5,0,1,1,6,1,1,1,0,0,72.5,0,59,0,1,2,0,0,0,1,0,2,"English",0,5,1,0,"F",1,0,1,0,0,0,0,0,0,4.5,0,0,0,1
1.69000005722046,1.12000000476837,18,1,1,0,3,1,0,0,1,1,1,1,1,0,74,1,72,0,1,2,0,0,0,1,0,2,"English",0,6,0,1,"F",1,1,1,1,0,0,1,0,0,4,0,0,0,1
0.870000004768372,2.23000001907349,19,0,1,1,2,2.5,1,0,4,1,0,0,0,0,79.6999969482422,0,60,1,2,2,0,0,1,1,1,6,"English",0,4,0,1,"M",0,0,0,0,0,0,0,0,0,4.5,0,0,0,1
0.340000003576279,0,19,0,1,0,0.5,0,0,0,9,1,0,1,0,0,76.5,1,61,1,2,2,0,0,2,0,0,9,"English",0,4,0,1,"M",0,0,0,0,0,0,1,1,1,3,0,0,0,1
0.25,,18,0,1,1,0.5,0,1,0,2,1,1,0,0,0,75.6999969482422,0,66,0,1,4,0,1,0,1,1,6,"English",0,5,1,1,"F",0,0,0,0,0,0,0,0,0,4,0,0,0,1
2.21000003814697,3.79999995231628,19,0,1,1,3,3.5,1,0,4,0,0,0,1,1,79.6999969482422,0,70,1,2,1,0,0,3,1,1,6,"Other",0,4,0,0,"M",0,0,0,0,0,0,0,0,0,4,0,0,0,1
,,19,0,1,0,,,1,0,3,1,1,1,,,75,1,,1,1,2,0,0,0,1,0,4,"English",1,0,,,"F",0,0,1,0,1,0,0,0,0,0,0,0,0,1
2.05999994277954,2.71000003814697,18,0,1,1,4,3.5,1,0,3,1,0,0,1,1,83.1999969482422,1,64.6666641235352,1,3,2,0,0,1,1,0,4,"English",0,5,0,0,"M",0,0,0,0,0,0,0,0,0,5,0,0,0,1
0,0,19,0,1,0,0,0,1,1,6,1,0,1,0,0,81.3000030517578,1,32,0,3,4,0,1,0,1,0,4,"English",0,5,0,1,"M",0,0,1,1,1,1,1,0,0,3.5,0,0,0,1
1.05999994277954,0.959999978542328,18,1,1,0,2,1,1,0,4,0,0,1,0,0,71.8000030517578,1,64,1,1,1,0,0,1,1,0,4,"Other",0,4,0,1,"M",1,1,1,1,0,0,1,0,0,3.5,0,0,0,1
3.16000008583069,1.99000000953674,19,0,1,0,2.5,3,0,0,1,1,0,1,1,1,85.1999969482422,0,85,1,3,4,0,1,1,1,0,4,"English",0,6,0,0,"M",0,0,0,0,0,0,0,1,0,4,0,0,0,1
0.899999976158142,2,18,1,1,1,1.5,1.5,1,1,6,1,0,0,0,0,80,0,,1,2,3,0,0,0,1,1,6,"English",0,3,0,1,"M",0,0,0,0,0,0,0,0,0,3.5,0,0,0,1
3.9300000667572,3.94000005722046,18,0,1,0,2.5,3.5,1,1,7,1,1,1,1,1,85.1999969482422,1,90,1,3,1,0,0,1,1,1,8,"English",0,4,0,0,"F",1,1,1,1,0,0,1,0,0,4,0,0,0,1
,,20,0,1,0,,,1,0,4,0,1,1,0,0,77.8000030517578,1,,1,2,2,0,0,0,1,0,2,"Other",0,3,,,"F",0,0,0,0,0,0,0,1,0,0,0,0,0,1
,,18,0,1,1,3,2.5,1,0,4,0,1,1,,,74.5,0,59.25,1,1,2,0,0,0,0,0,9,"Other",1,6,,,"F",0,0,0,0,0,0,0,0,0,0,0,0,0,1
1.46000003814697,1.45000004768372,19,0,1,1,3,3,1,0,2,1,1,0,0,0,81.5,0,50,1,3,3,0,0,0,1,0,2,"English",0,5,1,1,"F",0,0,0,0,0,0,0,0,0,5,0,0,0,1
0.25,,18,0,1,1,0.5,0,1,1,7,1,1,1,0,0,72,1,64,1,1,2,0,0,0,1,0,2,"English",0,6,1,1,"F",0,0,0,0,0,0,0,0,0,4,0,0,0,1
1.89999997615814,,19,0,1,0,3,0,1,0,4,1,0,1,1,0,82.6999969482422,0,63.5,1,3,2,0,0,1.5,1,0,4,"English",0,6,0,1,"M",1,1,1,1,0,0,1,0,0,4,0,0,0,1
2.72000002861023,3.25,20,0,1,1,3.5,3.5,1,1,8,1,0,0,1,1,81.8000030517578,1,67,1,3,1,0,0,4,1,1,7,"English",0,6,0,0,"M",0,0,0,0,0,0,0,0,0,5,0,0,0,1
0.810000002384186,2.23000001907349,19,0,1,1,2,3,0,0,1,1,1,1,0,0,72.3000030517578,1,59.5,1,1,5,1,0,0,1,0,4,"English",0,5,0,1,"F",0,0,0,0,0,0,0,0,0,3.5,0,0,0,1
,,18,1,1,1,,,1,0,2,0,1,1,0,0,75.3000030517578,0,,0,1,2,0,0,0,0,0,1,"Other",1,0,,,"F",0,0,0,0,0,0,0,0,0,0,0,0,0,1
0.400000005960464,,19,0,1,1,1,0,0,0,1,1,0,1,0,0,72.6999969482422,0,55.5,0,1,3,0,0,0,0,0,1,"English",0,4,0,1,"M",0,0,0,0,0,0,0,0,0,3,0,0,0,1
,2.73000001907349,18,0,1,1,2.5,2.5,1,1,6,1,0,0,0,0,82.6999969482422,1,,0,3,4,0,1,0,1,1,6,"English",1,0,,,"M",0,0,0,0,0,0,0,0,0,0,0,0,0,1
2.71000003814697,2.25999999046326,18,0,1,1,3.5,3,1,1,8,0,0,1,1,1,80,0,73.6666641235352,1,2,2,0,0,2,1,1,8,"Other",0,5,0,0,"M",0,0,0,0,0,0,0,0,0,4.5,0,0,0,1
1.02999997138977,0.959999978542328,18,0,1,1,2.5,2,0,0,9,1,1,1,0,0,76,1,54,1,1,5,1,0,1,1,0,4,"English",0,6,1,0,"F",0,0,0,0,0,0,0,0,0,5,0,0,0,1
1.21000003814697,1.66999995708466,18,1,1,1,2,3,1,1,7,1,0,0,0,1,76.3000030517578,1,63.5,1,2,4,0,1,0.5,1,0,4,"English",0,4,1,0,"M",0,0,0,0,0,0,0,0,0,4,0,0,0,1
0.509999990463257,,19,0,1,1,1.5,0,1,0,2,0,1,1,0,0,74.6999969482422,0,58,1,1,3,0,0,0,1,0,2,"Other",0,5,1,1,"F",0,0,0,0,0,0,0,0,0,4,0,0,0,1
1.64999997615814,1.04999995231628,18,0,1,1,1,3,1,1,6,1,0,1,0,0,81.1999969482422,1,63,1,3,3,0,0,1,1,1,6,"English",0,6,0,1,"M",0,0,0,0,0,0,0,0,0,1,0,0,0,1
0.379999995231628,,18,0,1,1,1,0,1,1,6,0,0,1,0,0,77,1,55,0,2,1,0,0,0,1,1,8,"Other",0,5,0,1,"M",0,0,0,0,0,0,0,0,0,4.5,0,0,0,1
2.89000010490417,2.9300000667572,18,0,1,0,3.5,3,1,1,6,0,0,0,1,1,77.6999969482422,1,69,1,2,3,0,0,1.5,1,1,6,"Other",0,4,0,0,"M",0,0,1,0,1,0,0,0,0,4.5,0,0,0,1
2.61999988555908,1.39999997615814,18,0,1,0,3,3.5,1,1,7,0,0,1,1,1,83,1,64,0,3,4,0,1,3,1,1,7,"Other",0,5,0,0,"M",0,0,1,1,1,1,1,0,0,5,0,0,0,1
2.49000000953674,2.07999992370605,18,0,1,1,2.5,3.5,1,1,6,1,1,0,0,1,84.8000030517578,0,74,1,3,4,0,1,0,1,1,6,"English",0,4,0,0,"F",0,0,0,0,0,0,0,0,0,3.5,0,0,0,1
3.58999991416931,2.82999992370605,18,0,1,0,3,3,1,1,7,0,0,1,1,1,83.6999969482422,1,71,1,3,4,0,1,4,1,1,6,"Other",0,5,0,0,"M",0,0,1,1,1,1,1,0,0,5,0,0,0,1
1.3400000333786,1.70000004768372,18,0,1,1,2,1.5,1,0,5,1,1,1,0,0,83.3000030517578,1,55,1,3,1,0,0,3,1,0,4,"English",0,5,1,1,"F",0,0,0,0,0,0,0,0,0,5,0,0,0,1
2.45000004768372,1.87000000476837,18,0,1,1,3,4.5,1,1,6,0,1,1,1,1,80.3000030517578,1,63,1,2,3,0,0,1,1,1,6,"Other",0,6,0,0,"F",0,0,0,0,0,0,0,0,0,4,0,0,0,1
2.88000011444092,1.77999997138977,18,0,1,1,3,2,1,0,3,1,1,1,1,1,75.8000030517578,1,64,1,1,3,0,0,0.5,1,1,6,"English",0,6,0,0,"F",0,0,0,0,0,0,0,0,0,5,0,0,0,1
2.63000011444092,2.21000003814697,18,0,1,1,3.5,3.5,1,1,7,1,0,1,1,1,78.8000030517578,1,69.3333358764648,1,2,4,0,1,0.5,1,1,6,"English",0,4,0,0,"M",0,0,0,0,0,0,0,0,0,4,0,0,0,1
0,,19,1,1,0,0,0,1,0,2,0,1,1,0,0,76.5,1,,1,2,3,0,0,0,1,0,2,"Other",0,3,0,1,"F",0,0,1,1,1,1,1,0,0,3,0,0,0,1
0.889999985694885,1.87999999523163,18,0,1,1,2,3.5,1,0,2,1,1,1,0,1,80.1999969482422,1,50,1,2,4,0,1,3,1,0,5,"English",0,5,1,0,"F",0,0,0,0,0,0,0,0,0,4,0,0,0,1
2.19000005722046,1.9099999666214,18,0,1,0,3.5,4.5,0,0,9,1,1,1,1,1,75,0,69.5,1,1,3,0,0,1.5,1,1,7,"English",0,5,0,0,"F",1,1,1,1,0,0,1,0,0,5,0,0,0,1
2.09999990463257,2.59999990463257,18,0,1,0,3,2.5,1,0,2,1,1,1,1,1,81.5,1,57,1,3,5,1,0,0,1,1,6,"English",0,6,0,0,"F",1,1,1,1,0,0,1,0,0,5,0,0,0,1
2.97000002861023,3.27999997138977,18,0,1,1,3.5,3.5,1,0,4,1,1,1,1,1,84.3000030517578,1,69,1,3,5,1,0,0.5,1,1,6,"English",0,5,0,0,"F",0,0,0,0,0,0,0,0,0,5,0,0,0,1
1.39999997615814,1.54999995231628,19,0,1,0,2,3.5,1,0,4,0,0,1,0,0,73.3000030517578,1,52.6666679382324,0,1,2,0,0,1,1,0,3,"Other",0,5,0,1,"M",1,0,1,0,0,0,0,0,0,4,0,0,0,1
2.50999999046326,2.95000004768372,18,0,1,0,3,3,1,0,2,1,1,1,1,1,86.5,1,73,1,3,4,0,1,0,1,1,6,"English",0,6,0,0,"F",1,1,1,1,0,0,1,0,0,5,0,0,0,1
0.839999973773956,,18,0,1,1,1.5,0,1,1,6,1,1,1,0,0,84.1999969482422,0,55,0,3,2,0,0,1.5,1,0,5,"English",0,5,1,1,"F",0,0,0,0,0,0,0,0,0,4,0,0,0,1
2.19000005722046,2.02999997138977,18,1,1,0,3.5,3.5,1,0,4,0,1,0,1,1,78.6999969482422,1,68.3333358764648,1,2,3,0,0,1,1,0,4,"Other",0,5,0,0,"F",0,0,0,0,0,0,1,1,1,4,1,0,1,1
1.62999999523163,1.87000000476837,19,1,1,0,3,1.5,0,0,1,1,1,1,0,1,75.3000030517578,0,64,0,1,4,0,1,0,1,0,4,"English",0,6,0,0,"F",1,1,1,1,0,0,1,0,0,4.5,0,0,0,1
2.5,2.17000007629395,19,0,1,1,2.5,2.5,1,1,6,1,0,1,1,1,81,1,77,1,3,4,0,1,2,1,0,4,"English",0,6,0,0,"M",0,0,0,0,0,0,0,0,0,4,0,0,0,1
1.20000004768372,,18,0,1,0,2.5,0,1,0,2,1,1,1,0,0,76,1,65,1,1,2,0,0,0,1,0,2,"English",0,6,0,1,"F",1,1,1,1,0,0,1,0,0,4.5,0,0,0,1
2.91000008583069,1.3400000333786,18,0,1,1,3,4.5,1,1,6,1,0,1,1,1,82.1999969482422,1,66,1,3,4,0,1,3,1,1,6,"English",0,5,0,0,"M",0,0,0,0,0,0,0,0,0,5,0,0,0,1
1.01999998092651,1.95000004768372,18,1,1,1,1.5,2.5,1,0,2,0,0,0,0,0,75.1999969482422,0,49,1,1,1,0,0,2.5,1,0,2,"Other",0,6,1,1,"M",0,0,0,0,0,0,0,0,0,4.5,0,0,0,1
3.4300000667572,3.00999999046326,18,0,1,1,1.5,3.5,1,1,6,0,0,0,0,1,83.3000030517578,0,76.5,1,3,3,0,0,0,1,1,6,"Other",0,5,0,0,"M",0,0,0,0,0,0,0,0,0,2,0,0,0,1
1.73000001907349,2.08999991416931,18,0,1,0,2.5,3.5,0,0,1,1,1,0,1,1,77.1999969482422,1,71,1,2,4,0,1,0,0,0,1,"English",0,6,0,0,"F",0,0,0,0,0,0,1,1,1,4,1,0,1,1
1.76999998092651,2.67000007629395,18,1,1,1,1.5,2.5,1,1,7,1,0,0,0,1,81.5,1,,1,3,2,0,0,0,1,0,4,"English",0,3,0,0,"M",0,0,0,0,0,0,0,0,0,3,0,0,0,1
1.91999995708466,2.03999996185303,19,0,1,1,2.5,4.5,1,0,4,1,1,1,1,1,73.8000030517578,1,,1,1,1,0,0,0,1,1,6,"English",0,5,0,0,"F",0,0,0,0,0,0,0,0,0,5,0,0,0,1
0.389999985694885,0.670000016689301,19,0,1,0,0.5,1,1,1,7,1,0,1,0,0,72.1999969482422,1,70,1,1,3,0,0,0,1,1,6,"English",0,4,0,1,"M",1,1,1,1,0,0,1,0,0,3.5,0,0,0,1
3.15000009536743,2.64000010490417,18,0,1,1,3.5,3.5,0,0,1,1,0,1,1,1,85.3000030517578,0,81,1,3,1,0,0,1,0,0,1,"English",0,6,0,0,"M",0,0,0,0,0,0,0,0,0,5,0,0,0,1
1.27999997138977,2.40000009536743,17,0,1,0,3.5,3,0,0,1,1,1,1,0,1,81.8000030517578,1,62,1,3,2,0,0,3.5,1,0,4,"English",0,5,1,0,"F",1,1,1,1,0,0,1,0,0,5,0,0,0,1
1.83000004291534,2.08999991416931,19,0,1,1,2.5,2.5,0,0,1,0,1,1,1,1,76.8000030517578,1,64,1,2,4,0,1,1,1,0,2,"Other",0,6,0,0,"F",0,0,0,0,0,0,0,0,0,4,0,0,0,1
2.32999992370605,,18,1,1,0,2.5,0,1,1,6,1,0,1,0,0,79.1999969482422,0,73.5,1,2,3,0,0,2,1,0,4,"English",0,4,0,1,"M",0,0,0,0,0,0,0,1,0,4,0,0,0,1
1.25999999046326,2.11999988555908,18,1,1,1,2.5,2,1,1,8,0,1,1,0,1,86.4000015258789,1,66,1,3,4,0,1,2,1,1,7,"Other",0,6,1,0,"F",0,0,0,0,0,0,0,0,0,4,0,0,0,1
0.980000019073486,1.10000002384186,18,0,1,0,3,1,1,0,3,1,1,1,0,0,80.3000030517578,0,55,1,2,2,0,0,1,1,1,6,"English",0,6,1,0,"F",0,0,1,1,1,1,1,0,0,4,1,0,1,1
2.25999999046326,2.08999991416931,19,0,1,0,3,4,1,1,6,0,1,1,1,1,77.5,1,75,1,2,3,0,0,0,0,0,1,"Other",0,5,0,0,"F",0,0,1,1,1,1,1,0,0,4,1,0,1,1
1.33000004291534,2.70000004768372,18,1,1,0,1.5,5,1,0,2,1,1,0,0,1,82.5,0,77,1,3,4,0,1,1,0,0,1,"English",0,4,0,0,"F",1,1,1,1,0,0,1,0,0,4,0,0,0,1
0.829999983310699,2.52999997138977,18,0,1,1,1.5,3,1,0,2,1,0,1,0,1,79.5,0,61,0,2,3,0,0,1.5,1,0,2,"English",0,6,0,0,"M",0,0,0,0,0,0,0,0,0,3,0,0,0,1
3.09999990463257,,18,1,1,1,5.5,0,1,1,6,1,0,1,1,0,81.1999969482422,1,72,1,3,2,0,0,4,1,1,6,"English",0,6,0,1,"M",0,0,0,0,0,0,0,0,0,4,0,0,0,1
1.6599999666214,1.86000001430511,18,0,1,1,3,2.75,1,1,6,1,1,1,1,1,72,0,62,1,1,2,0,0,1,1,0,5,"English",0,6,0,0,"F",0,0,0,0,0,0,0,0,0,5,0,0,0,1
1.00999999046326,,19,1,1,1,2.5,0,1,0,4,0,1,1,0,0,76.3000030517578,1,60,1,2,3,0,0,0.5,1,0,4,"Other",0,5,0,1,"F",0,0,0,0,0,0,0,0,0,3.5,0,0,0,1
0.330000013113022,0,18,0,1,0,0.5,0,1,1,6,1,1,0,0,0,75.6999969482422,1,,0,1,4,0,1,0,1,0,2,"English",0,5,1,0,"F",0,0,0,0,0,0,1,1,1,4,0,0,0,1
2.23000001907349,2.0699999332428,18,0,1,1,2.5,3,0,0,1,0,1,1,0,1,82.1999969482422,1,73,1,3,1,0,0,1,0,0,1,"Other",0,3,0,0,"F",0,0,0,0,0,0,0,0,0,3,0,0,0,1
1.83000004291534,1.33000004291534,18,1,1,1,3.5,2.5,1,0,2,1,1,1,1,1,79,1,69.5,1,2,2,0,0,1,1,0,2,"English",0,5,0,0,"F",0,0,0,0,0,0,0,0,0,5,0,0,0,1
3.1800000667572,,19,1,1,1,2.5,0,1,1,6,1,1,1,1,0,76.5,0,75,0,2,2,0,0,0.5,1,0,4,"English",0,6,0,1,"F",0,0,0,0,0,0,0,0,0,4,0,0,0,1
2.69000005722046,3.60999989509583,18,0,1,0,3,4.5,1,1,7,0,1,1,1,1,79.6999969482422,1,72,1,2,1,0,0,1,1,1,6,"Other",0,5,0,0,"F",0,0,0,0,0,0,1,1,1,5,1,1,1,1
2,1.33000004291534,18,0,1,0,2.5,4,1,1,7,0,0,1,0,0,75.3000030517578,1,64.5,1,1,2,0,0,1,1,1,6,"Other",0,5,0,1,"M",0,0,1,1,1,1,1,0,0,4,1,0,1,1
2.50999999046326,3.17000007629395,18,0,1,1,3.5,4.5,1,1,6,1,0,1,1,1,76,1,71,1,1,2,0,0,1.5,1,0,2,"English",0,6,0,0,"M",0,0,0,0,0,0,0,0,0,4.5,0,0,0,1
1.05999994277954,2.29999995231628,18,0,1,0,3,1,1,0,4,1,0,1,0,0,76.8000030517578,0,59,1,2,4,0,1,2,1,0,4,"English",0,5,1,1,"M",0,0,0,0,0,0,0,1,0,5,0,0,0,1
2.34999990463257,2,18,1,1,0,2,2,1,1,6,1,0,1,0,1,74.3000030517578,1,61.5,1,1,3,0,0,0,0,0,9,"English",0,4,0,0,"M",0,0,0,0,0,0,0,1,0,3,0,0,0,1
1.82000005245209,2.08999991416931,18,0,1,0,3.5,3.5,1,1,6,1,1,1,1,1,83,1,63.5,1,3,4,0,1,0,1,0,4,"English",0,6,0,0,"F",1,1,1,1,0,0,1,0,0,5,0,0,0,1
2.86999988555908,,18,0,1,1,7.5,0,1,0,3,1,0,1,1,0,78.6999969482422,0,69.5999984741211,0,2,4,0,1,0.5,1,0,2,"English",0,6,0,1,"M",0,0,0,0,0,0,0,0,0,4.5,0,0,0,1
1.62999999523163,0.769999980926514,18,0,1,1,2.5,1,0,0,1,1,1,1,0,0,79.3000030517578,0,56,1,2,1,0,0,0,0,0,1,"English",0,4,0,1,"F",0,0,0,0,0,0,0,0,0,4,0,0,0,1
0.400000005960464,0,18,0,1,1,0.5,0,0,0,9,1,0,0,0,0,77.1999969482422,0,47.75,1,2,1,0,0,0.5,0,0,9,"English",0,6,0,0,"M",0,0,0,0,0,0,0,0,0,3.5,0,0,0,1
1.69000005722046,1.48000001907349,18,1,1,1,2,3,1,1,6,0,0,1,0,1,75.3000030517578,1,71,1,1,4,0,1,0,1,1,6,"Other",0,6,0,0,"M",0,0,0,0,0,0,0,0,0,3.5,0,0,0,1
1.23000001907349,0.620000004768372,18,0,1,1,2.5,1.5,1,1,6,1,1,1,0,0,75.6999969482422,1,63,1,1,3,0,0,0,1,1,6,"English",0,6,1,0,"F",0,0,0,0,0,0,0,0,0,5,0,0,0,1
1,2.02999997138977,18,0,1,0,2,1.5,1,1,6,1,0,1,0,0,75,0,,1,1,3,0,0,0,1,0,2,"English",0,6,0,1,"M",0,0,0,0,0,0,0,1,0,3,0,0,0,1
1.46000003814697,2.3199999332428,18,1,1,0,2.5,3,1,1,6,1,0,1,0,1,76.8000030517578,1,68,1,2,2,0,0,1,1,1,6,"English",0,5,1,0,"M",0,0,0,0,0,0,1,1,1,4,1,0,1,1
2.88000011444092,2.42000007629395,19,0,1,0,3.5,2.5,1,1,6,1,0,1,1,1,82.5,1,72.3333358764648,0,3,3,0,0,0.5,1,1,6,"English",0,5,0,0,"M",1,1,1,1,0,0,1,0,0,4,0,0,0,1
2.45000004768372,,18,1,1,0,2.5,0,1,0,2,1,1,1,1,0,84.8000030517578,1,59,1,3,2,0,0,2,1,0,4,"English",0,5,0,1,"F",1,1,1,1,0,0,1,0,0,4,0,0,0,1
2.59999990463257,,18,0,1,1,2,2.5,1,0,3,1,1,0,1,1,81,0,,0,3,3,0,0,0,1,0,4,"English",0,5,0,0,"F",0,0,0,0,0,0,0,0,0,4.5,0,0,0,1
2.08999991416931,2.22000002861023,19,1,1,0,3,4.5,1,0,4,1,0,0,1,1,76.8000030517578,1,68.5,1,2,2,0,0,2,1,0,4,"English",0,4,0,0,"M",1,1,1,1,0,0,1,0,0,4,0,0,0,1
2.5,2.57999992370605,18,0,1,1,4,3.5,1,0,2,1,1,1,1,1,81.8000030517578,0,70.3333358764648,1,3,1,0,0,1,1,1,6,"English",0,6,0,0,"F",0,0,0,0,0,0,0,0,0,5,0,0,0,1
2.1800000667572,2.42000007629395,18,1,1,1,3,4,1,1,6,0,1,1,1,1,81.3000030517578,1,63,1,3,4,0,1,3,1,1,6,"Other",0,6,0,0,"F",0,0,0,0,0,0,0,0,0,5,0,0,0,1
0.189999997615814,1,18,0,1,0,0.5,1.5,1,0,4,1,0,1,0,0,72.5,1,57,1,1,3,0,0,0,1,0,4,"English",0,4,0,1,"M",0,0,0,0,0,0,0,1,0,3.5,0,0,0,1
0.569999992847443,3.25,18,0,1,0,1,2,1,0,4,1,0,0,0,1,77,0,49.3333320617676,1,2,2,0,0,0,1,0,2,"English",0,4,0,0,"M",1,1,1,1,0,0,1,0,0,3,0,0,0,1
1.47000002861023,1.46000003814697,18,0,1,1,3,3.5,1,0,4,1,0,1,0,0,84.5,0,65,1,3,4,0,1,0,1,1,6,"English",0,5,1,0,"M",0,0,0,0,0,0,0,0,0,5,0,0,0,1
1.32000005245209,0.920000016689301,18,1,1,1,3,2.5,1,1,6,1,1,1,0,0,76.8000030517578,1,64,1,2,3,0,0,0,1,0,5,"English",0,6,1,0,"F",0,0,0,0,0,0,0,0,0,5,0,0,0,1
,,19,1,1,1,,,1,0,4,1,1,0,0,0,80.0999984741211,1,,1,2,2,0,0,0,1,0,2,"English",1,0,,,"F",0,0,0,0,0,0,0,0,0,0,0,0,0,1
2.0699999332428,2.67000007629395,18,1,1,1,3.5,5.5,1,1,6,1,0,1,1,1,80.5,1,69.5,1,2,5,1,0,3,1,1,6,"English",0,5,0,0,"M",0,0,0,0,0,0,0,0,0,5,0,0,0,1
2.67000007629395,2.85999989509583,18,0,1,1,3,4.5,1,1,6,1,0,1,0,1,86,1,66.6666641235352,1,3,1,0,0,0,1,0,2,"English",0,6,0,0,"M",0,0,0,0,0,0,0,0,0,4,0,0,0,1
1.86000001430511,3.04999995231628,18,0,1,0,3,5,1,1,7,0,0,1,1,1,82.5,1,68,1,3,2,0,0,3,1,1,8,"Other",0,5,0,0,"M",1,1,1,1,0,0,1,0,0,5,0,0,0,1
0,,17,0,1,1,0,0,1,1,7,0,0,0,0,0,75.5,1,36,1,1,4,0,1,3.5,1,0,4,"Other",0,6,1,1,"M",0,0,0,0,0,0,0,0,0,4.5,0,0,0,1
2.40000009536743,2,19,0,1,1,3.5,4.5,1,1,6,0,1,1,1,1,87.1999969482422,1,70.5,1,3,5,1,0,5,1,1,6,"Other",0,5,0,0,"F",0,0,0,0,0,0,0,0,0,5,0,0,0,1
1.61000001430511,1.38999998569489,18,0,1,1,2.25,2.25,1,1,7,1,1,1,0,1,76,0,68,1,1,2,0,0,0,1,1,7,"English",0,5,0,0,"F",0,0,0,0,0,0,0,0,0,3.5,0,0,0,1
2.77999997138977,3.00999999046326,18,1,1,1,2.5,3.5,1,1,7,0,1,1,1,1,85.6999969482422,1,68,1,3,4,0,1,2,1,1,6,"Other",0,5,0,0,"F",0,0,0,0,0,0,0,0,0,4,0,0,0,1
3.71000003814697,3.55999994277954,18,0,1,1,3,3,1,1,8,1,0,1,1,1,87.3000030517578,1,80,1,3,3,0,0,0,1,1,6,"English",0,4,0,0,"M",0,0,0,0,0,0,0,0,0,4.5,0,0,0,1
3.21000003814697,3.69000005722046,19,1,1,1,2.5,2.75,1,0,2,1,1,0,1,1,84.0999984741211,1,81,1,3,3,0,0,0,1,1,6,"English",0,6,0,0,"F",0,0,0,0,0,0,0,0,0,4,0,0,0,1
0.639999985694885,0.810000002384186,18,0,1,1,2,2,1,1,6,1,1,0,0,0,81.1999969482422,0,63,1,3,1,0,0,1,1,0,5,"English",0,6,1,0,"F",0,0,0,0,0,0,0,0,0,5,0,0,0,1
1.73000001907349,2.52999997138977,18,0,1,1,3,3,1,1,6,1,0,1,1,1,79.3000030517578,0,58,1,2,3,0,0,0,1,0,5,"English",0,6,0,0,"M",0,0,0,0,0,0,0,0,0,4,0,0,0,1
0.980000019073486,1,18,0,1,1,2,0.5,1,0,2,1,0,1,0,0,76,0,59,1,1,3,0,0,0,1,0,2,"English",0,4,1,0,"M",0,0,0,0,0,0,0,0,0,4,0,0,0,1
1.13999998569489,0,19,0,1,1,2,0,1,1,7,0,0,1,0,0,72.8000030517578,0,57.3333320617676,1,1,3,0,0,0.5,0,0,9,"Other",0,5,0,1,"M",0,0,0,0,0,0,0,0,0,3,0,0,0,1
1.46000003814697,2.23000001907349,18,0,1,1,2,2.5,1,0,4,1,1,1,0,1,72.5,0,63,1,1,3,0,0,0,1,0,2,"English",0,6,1,0,"F",0,0,0,0,0,0,0,0,0,4,0,0,0,1
0.25,,19,0,1,1,0.5,0,1,1,6,1,1,1,0,0,73,0,64,0,1,3,0,0,1,1,0,4,"English",0,5,1,1,"F",0,0,0,0,0,0,0,0,0,4,0,0,0,1
2.5,1.88999998569489,18,0,1,0,2.5,3.5,0,0,1,0,1,0,1,1,76.1999969482422,1,71,0,1,3,0,0,0,1,0,3,"Other",0,4,0,0,"F",0,0,1,0,1,0,0,0,0,4,0,0,0,1
2.48000001907349,2.08999991416931,18,1,1,1,3,2,1,0,4,1,1,1,1,1,82,0,70.5,1,3,4,0,1,1,1,0,4,"English",0,5,0,0,"F",0,0,0,0,0,0,0,0,0,4,0,0,0,1
2.5,2.57999992370605,18,0,1,0,3,2.5,1,0,2,1,0,1,1,1,87,1,83,1,3,2,0,0,2,0,0,1,"English",0,6,0,0,"M",1,1,1,1,0,0,1,0,0,5,0,0,0,1
1.22000002861023,0,18,0,1,0,2,0,1,1,7,0,0,1,0,0,80.8000030517578,1,63,0,3,3,0,0,1,1,1,6,"Other",0,5,0,0,"M",0,0,0,0,0,0,1,1,1,4.5,0,0,0,1
1.52999997138977,2.04999995231628,18,0,1,0,2,3,1,0,4,1,1,1,1,1,76,0,,1,1,3,0,0,0,1,0,4,"English",0,4,0,0,"F",0,0,0,0,0,0,0,1,0,4,0,0,0,1
2.38000011444092,2.16000008583069,18,0,1,1,2,4,1,1,7,1,0,1,0,1,75.3000030517578,1,70,1,1,3,0,0,1,1,0,2,"English",0,4,0,0,"M",0,0,0,0,0,0,0,0,0,3,0,0,0,1
3.39000010490417,3.90000009536743,18,0,1,1,2.75,3.25,1,1,6,1,1,1,1,1,85.8000030517578,1,87,1,3,4,0,1,0,1,0,4,"English",0,6,0,0,"F",0,0,0,0,0,0,0,0,0,4.5,0,0,0,1
0.430000007152557,1.95000004768372,18,1,1,0,1,3,1,0,4,1,1,1,0,0,77.8000030517578,1,38.5,1,2,4,0,1,1,1,1,6,"English",0,5,1,1,"F",0,0,0,0,0,0,0,1,0,5,0,0,0,1
1.33000004291534,1.47000002861023,18,1,1,1,2,1.75,1,1,6,1,1,1,0,0,76.3000030517578,0,58,1,2,3,0,0,0,1,0,2,"English",0,6,1,0,"F",0,0,0,0,0,0,0,0,0,4,0,0,0,1
0.529999971389771,1.57000005245209,18,0,1,1,2,2.5,0,0,1,0,1,1,0,0,83.8000030517578,1,54,0,3,1,0,0,3.5,1,0,2,"Other",0,5,1,0,"F",0,0,0,0,0,0,0,0,0,5,0,0,0,1
1.45000004768372,0.949999988079071,18,0,1,1,3,1,1,1,6,1,1,1,0,0,73,0,55,1,1,4,0,1,0,1,0,5,"English",0,6,1,0,"F",0,0,0,0,0,0,0,0,0,5,0,0,0,1
,,18,0,1,0,0,0,1,0,4,0,0,1,0,0,83,0,16,1,3,3,0,0,1,1,0,2,"Other",0,3,0,1,"M",0,0,0,0,0,0,0,1,0,1,0,0,0,1
2.00999999046326,2.14000010490417,18,0,1,1,3,3,1,1,6,0,0,1,0,1,78.3000030517578,1,59,0,2,3,0,0,3,1,0,4,"Other",0,3,0,0,"M",0,0,0,0,0,0,0,0,0,3.5,0,0,0,1
,,18,0,1,1,,,0,0,9,1,1,1,,,72.3000030517578,0,,1,1,5,1,0,0,1,0,4,"English",1,4,,,"F",0,0,0,0,0,0,0,0,0,0,0,0,0,1
1.85000002384186,2.80999994277954,18,0,1,0,3.5,3,1,1,7,1,0,1,1,1,71.3000030517578,0,81,0,1,1,0,0,0,1,1,7,"English",0,6,0,0,"M",0,0,0,0,0,0,1,1,1,5,0,0,0,1
1,1.64999997615814,18,1,1,0,2,3,1,1,7,0,1,1,0,0,74.3000030517578,1,64,1,1,1,0,0,0,1,0,4,"Other",0,6,1,0,"F",0,0,1,1,1,1,1,0,0,4,0,0,0,1
2.40000009536743,2.32999992370605,18,0,1,0,2.5,4,1,1,6,0,1,1,1,1,73.8000030517578,0,72,1,1,4,0,1,3,1,0,4,"Other",0,4,0,0,"F",1,1,1,1,0,0,1,0,0,4,0,0,0,1
2.75999999046326,2.09999990463257,19,0,1,1,2.5,2.5,1,1,7,1,0,1,1,1,82.5,0,85,1,3,4,0,1,1,1,0,2,"English",0,4,0,0,"M",0,0,0,0,0,0,0,0,0,4,0,0,0,1
3.16000008583069,3.60999989509583,18,0,1,0,3,3.25,0,0,1,1,0,1,1,1,81,0,78.5,1,3,5,1,0,0,1,1,7,"English",0,6,0,0,"M",0,0,0,0,0,0,1,1,1,4,0,0,0,1
1.23000001907349,0.910000026226044,18,1,1,0,2,2,1,0,4,1,0,1,0,0,75.1999969482422,0,65,1,1,3,0,0,0,1,0,4,"English",0,6,0,1,"M",1,0,1,0,0,0,0,0,0,3,0,0,0,1
2.97000002861023,2.50999999046326,18,0,1,1,2.5,4.5,1,1,6,1,1,1,1,1,77.3000030517578,0,,1,2,4,0,1,1,1,0,4,"English",0,6,0,0,"F",0,0,0,0,0,0,0,0,0,4.5,0,0,0,1
2.19000005722046,1.24000000953674,18,0,1,1,3.5,2.5,0,0,9,1,1,1,1,1,86,1,72,1,3,3,0,0,1,1,0,5,"English",0,6,0,0,"F",0,0,0,0,0,0,0,0,0,5,0,0,0,1
1.44000005722046,,18,0,1,1,2.5,0,1,1,6,0,0,1,0,0,72.1999969482422,0,68,1,1,3,0,0,0,0,0,9,"Other",0,6,1,1,"M",0,0,0,0,0,0,0,0,0,4,0,0,0,1
1.27999997138977,1.46000003814697,18,0,1,1,1.5,2,1,0,4,1,0,1,0,0,75.4000015258789,1,66,1,1,2,0,0,0,1,0,4,"English",0,5,0,0,"M",0,0,0,0,0,0,0,0,0,3,0,0,0,1
2.45000004768372,2.83999991416931,18,0,1,1,3,3,1,1,7,0,0,1,1,1,76.8000030517578,1,69,1,2,3,0,0,0,1,0,2,"Other",0,5,0,0,"M",0,0,0,0,0,0,0,0,0,5,0,0,0,1
2.22000002861023,2.75999999046326,18,0,1,0,3,3.25,1,1,6,1,1,1,1,1,73.8000030517578,1,72,0,1,3,0,0,0,1,0,3,"English",0,6,0,0,"F",0,0,0,0,0,0,1,1,1,4.5,0,0,0,1
1,1.6599999666214,18,0,1,1,1.5,2.5,1,0,4,1,1,1,0,0,79.8000030517578,1,,1,2,4,0,1,0,0,0,9,"English",0,5,1,0,"F",0,0,0,0,0,0,0,0,0,4,0,0,0,1
3.53999996185303,2.82999992370605,18,1,1,1,2.5,3,1,0,2,1,1,1,1,1,86.8000030517578,1,85,1,3,4,0,1,1,1,0,2,"English",0,4,0,0,"F",0,0,0,0,0,0,0,0,0,4,0,0,0,1
2.71000003814697,1.98000001907349,19,0,1,1,2.5,4.5,1,1,7,0,1,1,1,1,81.1999969482422,0,63,1,3,2,0,0,4,1,0,4,"Other",0,5,0,0,"F",0,0,0,0,0,0,0,0,0,4,0,0,0,1
2.23000001907349,3.51999998092651,18,1,1,0,3.5,3.5,1,1,6,1,1,1,1,1,81.3000030517578,0,69,1,3,4,0,1,2,1,1,6,"English",0,5,0,0,"F",0,0,0,0,0,0,0,1,0,5,0,0,0,1
1.71000003814697,2.38000011444092,18,0,1,1,3,4,1,0,4,0,1,1,1,1,81.3000030517578,0,63,0,3,4,0,1,0,1,0,2,"French",0,5,0,0,"F",0,0,0,0,0,0,0,0,0,5,0,0,0,1
1.1599999666214,1.23000001907349,18,0,1,0,1.5,2.5,0,0,1,1,1,1,0,0,81,0,66,1,3,2,0,0,0,1,1,6,"English",0,5,0,1,"F",1,1,1,1,0,0,1,0,0,3,0,0,0,1
1.89999997615814,1.8400000333786,18,0,1,0,2.5,4,1,0,5,1,0,1,1,1,79.6999969482422,0,74.5,1,2,2,0,0,0,1,0,2,"English",0,4,0,0,"M",1,1,1,1,0,0,1,0,0,4,0,0,0,1
1.6599999666214,0.75,19,0,1,1,2.5,0.25,1,0,4,1,0,0,1,0,76.3000030517578,0,65,1,2,4,0,1,0.5,1,0,4,"English",0,6,0,1,"M",0,0,0,0,0,0,0,0,0,4,0,0,0,1
,,19,1,1,1,1,0,1,1,8,1,0,1,0,0,80,0,,1,2,3,0,0,0,1,1,6,"English",1,0,0,1,"M",0,0,0,0,0,0,0,0,0,1.5,0,0,0,1
0.730000019073486,1.94000005722046,18,1,1,0,2,4.5,1,1,7,1,0,1,0,0,83.1999969482422,1,64,1,3,2,0,0,3,1,0,3,"English",0,5,1,1,"M",1,1,1,1,0,0,1,0,0,4,0,0,0,1
0,2.0699999332428,19,0,1,1,0,2,0,0,1,1,1,1,0,0,75.1999969482422,0,,1,1,2,0,0,0,1,0,3,"English",0,3,0,1,"F",0,0,0,0,0,0,0,0,0,3,0,0,0,1
,,18,0,1,1,0,0,1,0,5,1,0,0,0,0,72.5,0,18,1,1,4,0,1,0.5,1,1,6,"English",0,6,0,1,"M",0,0,0,0,0,0,0,0,0,1,0,0,0,1
3.86999988555908,3.94000005722046,17,0,1,1,3,5,1,1,6,0,1,1,1,1,82.5,1,70,1,3,2,0,0,3,1,1,6,"Other",0,6,0,0,"F",0,0,0,0,0,0,0,0,0,5,0,0,0,1
1.67999994754791,,19,1,1,0,3.75,0,1,1,7,1,1,1,1,0,86.6999969482422,0,59.6666679382324,0,3,4,0,1,1,1,1,6,"English",0,6,0,1,"F",0,0,1,1,1,1,1,0,0,4.5,1,0,1,1
1.51999998092651,2.89000010490417,19,0,1,1,1.5,3.5,0,0,1,1,0,1,0,1,75.3000030517578,1,75,0,1,3,0,0,0,0,0,1,"English",0,5,0,0,"M",0,0,0,0,0,0,0,0,0,3,0,0,0,1
1.87999999523163,2.79999995231628,18,0,1,1,3,4,1,0,2,1,1,1,1,1,73.8000030517578,1,71,1,1,3,0,0,1,1,0,2,"English",0,5,0,0,"F",0,0,0,0,0,0,0,0,0,5,0,0,0,1
0.670000016689301,0.140000000596046,18,0,1,1,2,1,1,0,2,1,1,1,0,0,75,1,65,1,1,2,0,0,0,1,0,2,"English",0,6,1,0,"F",0,0,0,0,0,0,0,0,0,5,0,0,0,1
0.25,0,17,0,1,1,0.5,0,1,1,7,0,0,1,0,0,73.3000030517578,0,54,1,1,2,0,0,1,1,0,4,"Other",0,3,0,1,"M",0,0,0,0,0,0,0,0,0,2,0,0,0,1
2.91000008583069,2.44000005722046,18,0,1,1,2.5,3.5,1,1,6,1,1,0,1,1,87,1,75,1,3,4,0,1,0,1,0,2,"English",0,6,0,0,"F",0,0,0,0,0,0,0,0,0,5,0,0,0,1
0.939999997615814,1.5,18,0,1,1,1.5,2.5,0,0,1,1,0,0,0,0,80.8000030517578,1,61.5,1,3,4,0,1,1.5,0,0,1,"English",0,4,0,0,"M",0,0,0,0,0,0,0,0,0,3,0,0,0,1
2.61999988555908,2.25,18,0,1,0,3,4,1,0,2,0,0,1,0,1,72.5,1,68,1,1,3,0,0,1,0,0,1,"Other",0,5,0,0,"M",1,1,1,1,0,0,1,0,0,3,0,0,0,1
3.59999990463257,3.76999998092651,18,1,1,1,3,4,1,1,6,1,1,0,1,1,85,1,78,1,3,3,0,0,3,1,1,6,"English",0,5,0,0,"F",0,0,0,0,0,0,0,0,0,5,0,0,0,1
3.25,,18,0,1,1,4.5,0,1,0,3,1,1,1,1,0,83.3000030517578,1,85,1,3,4,0,1,1,1,1,6,"English",0,4,0,1,"F",0,0,0,0,0,0,0,0,0,4,0,0,0,1
1.95000004768372,2.41000008583069,18,0,1,1,2.5,2.75,0,0,1,1,1,0,1,1,81,1,61,1,3,3,0,0,1,1,0,2,"English",0,6,0,0,"F",0,0,0,0,0,0,0,0,0,5,0,0,0,1
1.28999996185303,1.3400000333786,18,0,1,0,2.5,3,1,0,5,0,1,1,0,0,78.1999969482422,1,57.5,1,2,1,0,0,2,1,0,2,"Other",0,4,1,0,"F",0,0,0,0,0,0,1,1,1,4,1,1,1,1
0.25,1.07000005245209,20,0,1,1,0.5,1.25,1,0,2,0,1,0,0,0,72.3000030517578,0,54,0,1,2,0,0,1,1,0,2,"Other",0,4,0,0,"F",0,0,0,0,0,0,0,0,0,2,0,0,0,1
2.41000008583069,2.34999990463257,18,0,1,0,2.5,2,1,0,4,0,0,0,1,1,71.5,0,73,1,1,1,0,0,2,1,0,2,"Other",0,4,0,0,"M",0,0,1,1,1,1,1,0,0,4,0,0,0,1
1.62999999523163,1.79999995231628,18,1,1,0,3,2,1,1,6,1,1,1,1,1,74,0,76,1,1,3,0,0,0,0,0,1,"English",0,6,0,0,"F",0,0,0,0,0,0,1,1,1,4.5,1,0,1,1
1.28999996185303,1.5900000333786,18,0,1,0,2,2.5,1,0,4,0,0,1,0,0,73.8000030517578,1,77,1,1,3,0,0,1,1,0,2,"Other",0,4,0,1,"M",0,0,0,0,0,0,1,1,1,3.5,0,0,0,1
0.810000002384186,1.57000005245209,18,1,1,0,2,3,0,0,1,1,1,0,0,0,76.3000030517578,1,56.5,1,2,4,0,1,1,1,0,2,"English",0,6,1,0,"F",0,0,1,1,1,1,1,0,0,4,1,0,1,1
,,18,0,1,1,,,1,1,6,1,1,1,0,0,75,1,,1,1,2,0,0,0,1,0,3,"English",0,6,,,"F",0,0,0,0,0,0,0,0,0,1,0,0,0,1
1.1599999666214,1.42999994754791,18,0,1,1,1.5,2.5,1,0,2,1,1,1,0,0,72.1999969482422,0,43,1,1,4,0,1,0,1,0,4,"English",0,6,1,0,"F",0,0,0,0,0,0,0,0,0,4.5,0,0,0,1
2.92000007629395,3.25,18,0,1,1,3,4,0,0,1,1,0,0,1,1,82,1,84,1,3,2,0,0,0,1,0,4,"English",0,5,0,0,"M",0,0,0,0,0,0,0,0,0,5,0,0,0,1
1.29999995231628,2.46000003814697,18,0,1,1,2.5,4,1,1,6,1,0,0,0,1,79.6999969482422,1,61.5,1,2,2,0,0,1,1,0,4,"English",0,4,0,0,"M",0,0,0,0,0,0,0,0,0,3.5,0,0,0,1
0.200000002980232,0.829999983310699,18,0,1,1,0.5,2,1,0,4,0,1,1,0,0,71.5,0,53,1,1,2,0,0,0.5,0,0,9,"Other",0,4,0,1,"F",0,0,0,0,0,0,0,0,0,3.5,0,0,0,1
2.4300000667572,2.03999996185303,18,0,1,1,3,3,0,0,1,1,0,1,1,1,76.3000030517578,0,70.5,1,2,3,0,0,0,1,0,4,"English",0,4,0,0,"M",0,0,0,0,0,0,0,0,0,4,0,0,0,1
0.779999971389771,1.35000002384186,18,0,1,1,1.5,1,1,0,5,0,0,1,0,0,71.6999969482422,0,53,1,1,3,0,0,0,1,0,2,"Other",0,3,0,0,"M",0,0,0,0,0,0,0,0,0,2,0,0,0,1
1.22000002861023,1.89999997615814,18,1,1,0,1.5,3.5,1,1,6,1,1,1,0,1,81.3000030517578,0,56,1,3,4,0,1,2,1,1,6,"English",0,4,0,0,"F",1,0,1,0,0,0,0,0,0,3,0,0,0,1
2.64000010490417,3.25999999046326,19,0,1,1,4,5,0,0,1,1,1,1,1,1,75.8000030517578,0,74,0,1,3,0,0,1.5,1,0,4,"English",0,4,0,0,"F",0,0,0,0,0,0,0,0,0,5,0,0,0,1
3.14000010490417,3.11999988555908,18,0,1,1,4,4.5,1,1,6,1,1,1,1,1,77,0,79,0,2,1,0,0,0,1,0,2,"English",0,5,0,0,"F",0,0,0,0,0,0,0,0,0,5,0,0,0,1
1.71000003814697,2.75,18,1,1,1,3.5,2,1,0,2,1,0,1,1,1,75.8000030517578,1,74,0,1,3,0,0,0.5,1,1,7,"English",0,6,0,0,"M",0,0,0,0,0,0,0,0,0,5,0,0,0,1
0.740000009536743,1.57000005245209,20,0,1,1,1,2.5,1,0,4,0,0,0,0,1,78.1999969482422,0,36,0,2,1,0,0,0.5,1,0,3,"Other",0,5,0,0,"M",0,0,0,0,0,0,0,0,0,3.5,0,0,0,1
1.62999999523163,2.01999998092651,18,0,1,1,2.5,3.5,0,0,9,1,1,0,1,1,71.5,1,54,1,1,2,0,0,0,0,0,9,"English",0,6,0,0,"F",0,0,0,0,0,0,0,0,0,4,0,0,0,1
1.13999998569489,0.389999985694885,18,0,1,1,2,1,1,0,5,0,0,1,0,0,77.1999969482422,1,,0,2,3,0,0,1.5,1,0,2,"Other",0,6,0,1,"M",0,0,0,0,0,0,0,0,0,3.5,0,0,0,1
2.76999998092651,2.14000010490417,18,0,1,0,3.5,3,1,0,2,0,1,1,1,1,80.5,1,74,1,2,4,0,1,1,1,0,3,"Other",0,4,0,0,"F",1,1,1,1,0,0,1,0,0,4.5,0,0,0,1
2.35999989509583,1.12000000476837,18,0,1,0,2.5,1.5,1,0,2,1,0,0,0,1,82.5,1,73,1,3,3,0,0,1,1,0,2,"English",0,4,0,0,"M",1,0,1,0,0,0,0,0,0,3.5,0,0,0,1
1.48000001907349,1.85000002384186,18,0,1,1,2.5,3,1,1,6,0,0,1,0,1,74,0,54,1,1,2,0,0,2,1,1,6,"Other",0,6,1,0,"M",0,0,0,0,0,0,0,0,0,4,0,0,0,1
1.71000003814697,1.38999998569489,18,0,1,0,2.5,2.5,1,1,8,1,1,1,1,1,86.3000030517578,1,74,1,3,3,0,0,1,1,1,7,"English",0,5,0,0,"F",0,0,0,0,0,0,1,1,1,4,0,0,0,1
2.73000001907349,1.88999998569489,19,1,1,0,3,3.5,1,1,6,1,1,0,1,1,77.1999969482422,0,75.5,1,2,1,0,0,0,1,1,6,"English",0,4,0,0,"F",0,0,1,1,1,1,1,0,0,4,1,1,1,1
1.52999997138977,1.67999994754791,18,0,1,0,2.5,3,1,1,8,0,0,1,1,1,75.5,1,77,0,1,3,0,0,2,1,1,6,"Other",0,6,0,0,"M",0,0,0,0,0,0,1,1,1,5,1,0,1,1
1.38999998569489,,19,1,1,1,2.5,0,1,1,6,1,0,1,0,0,74,1,75,1,1,2,0,0,2,1,0,4,"English",0,4,1,1,"M",0,0,0,0,0,0,0,0,0,4,0,0,0,1
0.330000013113022,1.39999997615814,18,1,1,1,0.5,2,1,1,7,0,1,0,0,0,75.3000030517578,0,51.5,1,1,2,0,0,0,1,1,6,"Other",0,4,0,1,"F",0,0,0,0,0,0,0,0,0,2,0,0,0,1
2.80999994277954,3.00999999046326,18,0,1,0,2.5,4.5,1,1,6,1,1,0,1,1,75.5,0,62,1,1,3,0,0,4,0,0,9,"English",0,4,0,0,"F",0,0,0,0,0,0,1,1,1,4,1,0,1,1
1.03999996185303,0.800000011920929,18,0,1,0,1.5,2,1,0,2,1,1,1,0,0,77.5,1,63,1,2,3,0,0,0,1,0,2,"English",0,4,0,0,"F",1,1,1,1,0,0,1,0,0,3.5,0,0,0,1
2.40000009536743,2.67000007629395,19,1,1,1,2.5,2,1,1,6,0,0,0,0,1,74.8000030517578,1,75,0,1,3,0,0,1,1,0,4,"Other",0,3,0,0,"M",0,0,0,0,0,0,0,0,0,3.5,0,0,0,1
2.03999996185303,2,18,0,1,1,2.5,1,1,0,4,0,1,1,1,1,83,1,68,1,3,3,0,0,3,0,0,1,"Other",0,5,0,0,"F",0,0,0,0,0,0,0,0,0,5,0,0,0,1
0.330000013113022,,18,0,1,1,1,0,1,1,6,1,0,1,0,0,74.3000030517578,1,52.5,0,1,2,0,0,0,1,1,6,"English",0,4,0,1,"M",0,0,0,0,0,0,0,0,0,4,0,0,0,1
0.680000007152557,1,18,1,1,0,1.5,2.5,1,0,2,1,0,0,0,0,86.5,0,62,1,3,1,0,0,3,1,0,4,"English",0,4,1,0,"M",0,0,0,0,0,0,1,1,1,4,0,1,1,1
3.09999990463257,2.73000001907349,19,0,1,0,2,3.5,0,0,1,1,0,0,1,1,82.5,1,,1,3,2,0,0,2,1,0,4,"English",0,6,0,0,"M",0,0,0,0,0,0,1,1,1,4,0,0,0,1
1.52999997138977,2.08999991416931,18,1,1,1,3,3,0,0,1,0,1,1,1,1,73,1,57,1,1,5,1,0,0,0,0,1,"Other",0,6,0,0,"F",0,0,0,0,0,0,0,0,0,4,0,0,0,1
1.24000000953674,1.36000001430511,19,0,1,1,2.5,2.5,1,0,2,0,0,1,0,0,72.3000030517578,1,81,1,1,3,0,0,0,1,0,2,"Other",0,6,1,0,"M",0,0,0,0,0,0,0,0,0,4.5,0,0,0,1
0.5,1,19,0,1,1,1,3.5,1,1,6,0,0,1,0,0,76.6999969482422,1,54,1,2,4,0,1,2,1,1,7,"Other",0,5,0,0,"M",0,0,0,0,0,0,0,0,0,3,0,0,0,1
3.60999989509583,,18,0,1,0,7.5,0,1,0,2,0,1,1,1,0,84.5,0,81.5,0,3,3,0,0,2,1,0,2,"Other",0,5,0,1,"F",0,0,0,0,0,0,1,1,1,5,0,0,0,1
0.800000011920929,2.04999995231628,18,0,1,1,1,3,1,0,5,1,0,0,0,1,74.5,1,53,1,1,2,0,0,0,1,1,6,"English",0,4,0,0,"M",0,0,0,0,0,0,0,0,0,2.5,0,0,0,1
1.22000002861023,1.88999998569489,19,0,1,0,1.5,3,1,1,7,1,0,1,0,1,73.3000030517578,0,71,1,1,4,0,1,1,1,1,6,"English",0,6,0,0,"M",1,1,1,1,0,0,1,0,0,3,0,0,0,1
1.28999996185303,0,18,1,1,0,2,0,1,0,4,1,0,1,0,0,74,0,71.5,1,1,2,0,0,1,1,0,4,"English",0,6,1,0,"M",0,0,0,0,0,0,0,1,0,4,0,0,0,1
1.17999994754791,2.84999990463257,19,1,1,1,2,1,1,0,4,1,0,1,0,1,80,1,70,1,2,3,0,0,1,1,0,2,"English",0,5,0,0,"M",0,0,0,0,0,0,0,0,0,4,0,0,0,1
1.86000001430511,2.32999992370605,18,0,1,0,3,3.5,1,0,2,1,1,1,1,1,82.6999969482422,0,57,1,3,2,0,0,1,1,0,4,"English",0,6,0,0,"F",0,0,0,0,0,0,1,1,1,4,0,0,0,1
2.51999998092651,3.08999991416931,18,0,1,0,2,3,1,0,4,1,1,1,0,1,84.4000015258789,1,82,1,3,3,0,0,1,1,1,6,"English",0,5,0,0,"F",1,1,1,1,0,0,1,0,0,3,0,0,0,1
,,18,0,1,1,0.5,0,1,0,2,1,1,1,0,0,74.1999969482422,0,67,1,1,2,0,0,0,1,1,6,"English",0,3,0,1,"F",0,0,0,0,0,0,0,0,0,0.5,0,0,0,1
2.59999990463257,1.51999998092651,18,1,1,1,2,2.5,1,0,2,1,1,1,0,1,71.8000030517578,0,75,1,1,1,0,0,0,1,0,4,"English",0,3,0,0,"F",0,0,0,0,0,0,0,0,0,3,0,0,0,1
1.5900000333786,2.07999992370605,18,1,1,1,2.5,2,1,1,6,0,1,1,1,1,80.8000030517578,1,60,1,3,3,0,0,0.5,1,0,4,"Other",0,5,0,0,"F",0,0,0,0,0,0,0,0,0,4,0,0,0,1
2.09999990463257,0,18,0,1,1,2,0,1,1,6,1,0,1,1,0,75.6999969482422,1,,1,1,3,0,0,1,1,0,2,"English",0,4,0,1,"M",0,0,0,0,0,0,0,0,0,4,0,0,0,1
0.569999992847443,2.26999998092651,18,0,1,1,1.5,3.5,1,1,7,1,1,1,0,0,77.5,0,52,0,2,4,0,1,2,1,0,5,"English",0,6,0,1,"F",0,0,0,0,0,0,0,0,0,3.5,0,0,0,1
2.38000011444092,2.35999989509583,18,0,1,0,3,4,1,0,2,1,1,1,1,1,80.3000030517578,1,64,1,2,4,0,1,0,1,0,2,"English",0,6,0,0,"F",0,0,1,1,1,1,1,0,0,4.5,0,0,0,1
2.6800000667572,3.07999992370605,18,0,1,1,2.5,3.5,1,1,7,1,1,1,1,1,80.3000030517578,0,70,1,2,3,0,0,0,1,1,6,"English",0,6,0,0,"F",0,0,0,0,0,0,0,0,0,4,0,0,0,1
3.11999988555908,3.29999995231628,19,1,1,1,3,4.5,1,0,2,1,0,1,1,1,74,1,81,1,1,1,0,0,1,1,0,2,"English",0,5,0,0,"M",0,0,0,0,0,0,0,0,0,5,0,0,0,1
1.19000005722046,0.140000000596046,19,0,1,1,1.5,0.5,1,1,8,1,1,1,0,0,72.8000030517578,0,76.5,1,1,2,0,0,1,1,1,6,"English",0,6,0,1,"F",0,0,0,0,0,0,0,0,0,4,0,0,0,1
1.78999996185303,2.74000000953674,18,1,1,1,3,3.5,0,0,1,0,1,1,1,1,80,0,74,1,2,2,0,0,1,0,0,1,"Other",0,6,0,0,"F",0,0,0,0,0,0,0,0,0,4.5,0,0,0,1
1.25999999046326,2.33999991416931,18,0,1,1,3,3,1,0,2,1,1,1,0,1,72.6999969482422,0,62.5,1,1,1,0,0,1,1,1,6,"English",0,6,1,0,"F",0,0,0,0,0,0,0,0,0,4,0,0,0,1
2.66000008583069,2.5699999332428,18,1,1,1,3,1.5,1,1,6,1,0,1,1,1,82.3000030517578,0,73,1,3,2,0,0,1,1,0,2,"English",0,4,0,0,"M",0,0,0,0,0,0,0,0,0,4.5,0,0,0,1
0.800000011920929,1.54999995231628,18,0,1,1,1,2.5,0,0,1,1,1,1,0,0,71.5,0,,1,1,4,0,1,0,1,0,2,"English",0,5,0,1,"F",0,0,0,0,0,0,0,0,0,3,0,0,0,1
,,18,0,1,1,,,1,1,8,0,0,1,0,0,86.3000030517578,1,,0,3,3,0,0,0,1,1,6,"Other",1,0,,,"M",0,0,0,0,0,0,0,0,0,0,0,0,0,1
3.91000008583069,3.60999989509583,18,1,1,1,2,3,1,1,6,1,1,0,0,1,82.6999969482422,1,,1,3,5,1,0,0,1,1,6,"English",0,4,0,0,"F",0,0,0,0,0,0,0,0,0,3.5,0,0,0,1
1.92999994754791,1.62999999523163,18,0,1,1,2.5,3,1,0,4,1,1,1,1,1,76.3000030517578,1,60,1,2,3,0,0,0,1,0,4,"English",0,5,0,0,"F",0,0,0,0,0,0,0,0,0,4,0,0,0,1
0,0.28999999165535,19,1,1,1,0,0.5,1,1,7,1,1,1,0,0,71.8000030517578,1,29,1,1,3,0,0,0,0,0,1,"English",0,5,0,1,"F",0,0,0,0,0,0,0,0,0,2.5,0,0,0,1
2.07999992370605,1.70000004768372,19,1,1,1,1.5,2,1,1,6,0,1,0,0,1,77,1,57,1,2,2,0,0,1,1,1,6,"Other",0,5,0,0,"F",0,0,0,0,0,0,0,0,0,3,0,0,0,1
2.48000001907349,1.85000002384186,18,0,1,1,3.5,3.5,1,0,2,1,0,1,1,1,83,0,77.5,1,3,2,0,0,1.5,0,0,1,"English",0,5,0,0,"M",0,0,0,0,0,0,0,0,0,4.5,0,0,0,1
,,18,0,1,0,,,0,0,9,1,1,1,0,0,79.3000030517578,1,,1,2,4,0,1,0,0,0,9,"English",0,6,,,"F",0,0,1,1,1,1,1,0,0,1.5,0,0,0,1
1.16999995708466,2.04999995231628,19,0,1,1,1.5,3.5,1,0,3,1,0,0,0,1,79.1999969482422,1,,1,2,2,0,0,0.5,1,0,4,"English",0,6,0,0,"M",0,0,0,0,0,0,0,0,0,3.5,0,0,0,1
0.970000028610229,,18,0,1,1,2,0.5,1,1,8,1,1,1,0,1,76.5,1,54,1,2,2,0,0,4,1,1,8,"English",0,5,1,0,"F",0,0,0,0,0,0,0,0,0,5,0,0,0,1
2.85999989509583,2.5699999332428,18,0,1,1,3,5,1,0,2,1,1,1,1,1,81.5,0,67,1,3,1,0,0,3,1,0,2,"English",0,5,0,0,"F",0,0,0,0,0,0,0,0,0,5,0,0,0,1
2.22000002861023,2.29999995231628,18,1,1,1,3,3.5,1,0,4,1,0,1,1,1,84.6999969482422,0,85,1,3,1,0,0,3,1,0,4,"English",0,4,0,0,"M",0,0,0,0,0,0,0,0,0,4.5,0,0,0,1
0.670000016689301,0.899999976158142,19,0,1,1,1.5,1,1,1,6,1,1,0,0,0,73.3000030517578,0,57,1,1,4,0,1,0,1,0,2,"English",0,4,0,0,"F",0,0,0,0,0,0,0,0,0,3.5,0,0,0,1
2.40000009536743,2.64000010490417,18,0,1,1,2.5,4,1,0,2,1,1,1,1,1,74.8000030517578,1,68,1,1,2,0,0,1,1,0,2,"English",0,6,0,0,"F",0,0,0,0,0,0,0,0,0,5,0,0,0,1
1.37999999523163,1.36000001430511,18,0,1,0,3.5,5,0,0,1,0,0,1,0,0,79.8000030517578,1,57.5,1,2,3,0,0,3.5,1,1,6,"Other",0,5,1,0,"M",0,0,0,0,0,0,1,1,1,5,1,1,1,1
2.17000007629395,1.25999999046326,18,0,1,0,3.5,1.5,1,0,4,1,0,0,1,1,80.3000030517578,1,73,1,2,3,0,0,1,1,0,4,"English",0,5,0,0,"M",0,0,0,0,0,0,1,1,1,5,1,0,1,1
1.39999997615814,1.07000005245209,19,0,1,1,2,1.5,0,0,1,0,1,1,0,0,77.8000030517578,1,63,0,2,2,0,0,0.5,0,0,1,"Other",0,4,0,1,"F",0,0,0,0,0,0,0,0,0,4,0,0,0,1
1.35000002384186,,18,1,1,0,2.5,0,1,0,4,1,1,0,0,0,77.8000030517578,1,63,1,2,2,0,0,0,1,0,2,"English",0,4,1,1,"F",0,0,0,0,0,0,1,1,1,4,0,0,0,1
1.32000005245209,1.87999999523163,19,0,1,1,4,2,1,1,7,0,0,1,0,1,76.1999969482422,1,60.3333320617676,1,1,2,0,0,1.5,1,1,7,"Other",0,6,1,0,"M",0,0,0,0,0,0,0,0,0,5,0,0,0,1
1.23000001907349,,18,0,1,1,2,0,0,0,1,1,0,1,0,0,75.1999969482422,0,67.5,1,1,1,0,0,0,1,0,5,"English",0,5,1,1,"M",0,0,0,0,0,0,0,0,0,4,0,0,0,1
2.47000002861023,2.74000000953674,18,1,1,1,3,4.25,1,0,2,1,1,1,1,1,83.3000030517578,1,75,1,3,3,0,0,0,1,1,6,"English",0,6,0,0,"F",0,0,0,0,0,0,0,0,0,4.5,0,0,0,1
1.20000004768372,0.850000023841858,18,1,1,1,0.5,1.5,1,0,5,0,0,0,0,0,74.8000030517578,0,43,1,1,4,0,1,1,1,0,5,"Other",0,4,0,1,"M",0,0,0,0,0,0,0,0,0,3.5,0,0,0,1
1.85000002384186,,19,0,1,0,2.5,0,1,1,7,1,0,1,1,1,78.3000030517578,0,75,0,2,3,0,0,2,1,0,4,"English",0,5,0,0,"M",0,0,0,0,0,0,0,1,0,4,0,0,0,1
0.5,,19,0,1,0,0.5,0,1,0,4,1,0,0,0,0,79,0,65.5,1,2,2,0,0,3,1,0,4,"English",0,4,1,1,"M",1,0,1,0,0,0,0,0,0,4,0,0,0,1
1.89999997615814,2.29999995231628,18,0,1,1,3,4,1,1,7,0,1,1,0,1,75,0,65.3333358764648,0,1,1,0,0,0,1,1,6,"Other",0,5,0,0,"F",0,0,0,0,0,0,0,0,0,3.5,0,0,0,1
1.64999997615814,2.46000003814697,18,0,1,1,2,4,1,1,6,1,1,1,1,1,76.3000030517578,1,57,1,2,3,0,0,2,1,1,6,"English",0,4,0,0,"F",0,0,0,0,0,0,0,0,0,4,0,0,0,1
1.8400000333786,1.8400000333786,18,0,1,0,3,1.5,1,1,7,1,0,1,1,1,81.5,0,73,1,3,1,0,0,2,1,0,4,"English",0,5,0,0,"M",1,1,1,1,0,0,1,0,0,4,0,0,0,1
1.46000003814697,2.23000001907349,18,0,1,0,2.5,4.5,1,1,7,1,0,0,0,1,76,0,55,1,1,2,0,0,0,1,0,2,"English",0,5,1,0,"M",0,0,0,0,0,0,1,1,1,4,0,0,0,1
2.63000011444092,1.94000005722046,18,1,1,1,1.5,2.5,0,0,1,1,1,0,0,1,74,1,,1,1,2,0,0,0,1,1,7,"English",0,3,0,0,"F",0,0,0,0,0,0,0,0,0,3,0,0,0,1
2.30999994277954,1.96000003814697,18,1,1,1,4,2,1,0,2,0,0,1,1,1,80.5,0,67,1,2,3,0,0,1.5,1,0,4,"Other",0,5,0,0,"M",0,0,0,0,0,0,0,0,0,5,0,0,0,1
1.89999997615814,2,19,1,1,0,1.5,0.5,1,0,2,1,0,0,0,0,84,0,59,1,3,2,0,0,0,1,0,2,"English",0,4,0,0,"M",1,0,1,0,0,0,0,0,0,1.5,0,0,0,1
3.02999997138977,2.14000010490417,18,0,1,0,2.5,2.5,1,1,8,0,1,1,1,1,82.3000030517578,1,85,0,3,4,0,1,1,0,0,9,"Other",0,5,0,0,"F",1,1,1,1,0,0,1,0,0,4,0,0,0,1
1.4099999666214,0.46000000834465,18,1,1,0,2.5,1,1,1,6,0,0,0,0,0,77.5,0,68,1,2,2,0,0,2,1,0,4,"Other",0,5,1,0,"M",1,1,1,1,0,0,1,0,0,4.5,0,0,0,1
3.03999996185303,3.26999998092651,18,0,1,0,3,4,1,0,4,0,1,1,1,1,84,1,72,1,3,2,0,0,4,1,0,4,"Other",0,5,0,0,"F",0,0,0,0,0,0,1,1,1,5,1,0,1,1
3.75999999046326,3.24000000953674,18,0,1,1,3,3.5,1,1,7,1,1,1,1,1,87,1,80,1,3,1,0,0,1,1,0,4,"English",0,5,0,0,"F",0,0,0,0,0,0,0,0,0,5,0,0,0,1
3.64000010490417,3.0699999332428,18,0,1,0,2.5,4.5,1,1,7,1,1,1,1,1,78.1999969482422,1,85,1,2,2,0,0,0,1,1,7,"English",0,4,0,0,"F",0,0,1,1,1,1,1,0,0,4,1,0,1,1
2.11999988555908,1.17999994754791,18,0,1,0,2,4,1,0,3,1,0,1,0,1,80,0,70,0,2,3,0,0,2,1,0,3,"English",0,4,0,0,"M",1,1,1,1,0,0,1,0,0,3,0,0,0,1
1.50999999046326,1.6599999666214,19,0,1,0,3,1.5,1,1,6,0,1,1,1,1,74.8000030517578,0,61.5,1,1,3,0,0,1,1,0,2,"Other",0,5,0,0,"F",0,0,0,0,0,0,0,1,0,4,0,0,0,1
2.61999988555908,3.38000011444092,18,0,1,0,3,3.5,1,0,2,0,1,1,1,1,78.5,0,77,1,2,1,0,0,1,1,0,4,"Other",0,6,0,0,"F",1,1,1,1,0,0,1,0,0,4.5,0,0,0,1
1.53999996185303,2.66000008583069,18,0,1,1,3.5,2.5,1,0,5,1,1,1,1,1,85.6999969482422,0,64.6666641235352,0,3,3,0,0,0.5,1,0,5,"English",0,6,0,0,"F",0,0,0,0,0,0,0,0,0,4,0,0,0,1
,,18,1,1,1,0.5,0,1,0,4,1,1,1,0,0,80.3000030517578,0,42.5,1,2,3,0,0,0.5,1,1,6,"English",0,5,0,1,"F",0,0,0,0,0,0,0,0,0,4,0,0,0,1
1.27999997138977,2.5,18,1,1,0,1.5,2.5,0,0,1,1,1,1,0,1,75.6999969482422,1,38,1,1,4,0,1,0,0,0,1,"English",0,6,0,0,"F",0,0,1,1,1,1,1,0,0,4,1,1,1,1
2.82999992370605,3.70000004768372,18,1,1,1,4,0.5,1,0,2,1,1,1,1,1,76.8000030517578,1,73.25,1,2,3,0,0,0,1,0,4,"English",0,5,0,0,"F",0,0,0,0,0,0,0,0,0,4.5,0,0,0,1
1.08000004291534,0,19,0,1,1,1.5,0,1,1,7,1,0,1,0,0,72.1999969482422,1,62.5,1,1,1,0,0,0,1,1,6,"English",0,4,0,0,"M",0,0,0,0,0,0,0,0,0,3.5,0,0,0,1
0,0.330000013113022,20,0,1,1,0,0.5,1,1,7,1,0,1,0,0,75.5,1,41,1,1,3,0,0,0,1,1,7,"English",0,6,0,1,"M",0,0,0,0,0,0,0,0,0,1.5,0,0,0,1
1.57000005245209,,18,0,1,0,3,0,1,0,2,1,0,1,0,0,75,0,63,1,1,3,0,0,0.5,1,0,2,"English",0,3,0,1,"M",0,0,0,0,0,0,0,1,0,4,0,0,0,1
1.16999995708466,1.76999998092651,18,0,1,1,2.5,2.5,1,0,4,1,1,1,0,1,82.6999969482422,0,58,1,3,4,0,1,4,1,0,4,"English",0,5,1,0,"F",0,0,0,0,0,0,0,0,0,5,0,0,0,1
1.51999998092651,2.1800000667572,18,0,1,1,2,5,1,1,6,1,0,1,0,1,78.8000030517578,1,61.5,1,2,2,0,0,2,1,1,6,"English",0,6,0,0,"M",0,0,0,0,0,0,0,0,0,4,0,0,0,1
1.17999994754791,1.39999997615814,18,0,1,1,3,5,1,0,2,1,1,1,0,0,72.5,1,53,1,1,4,0,1,1.5,1,0,2,"English",0,5,1,0,"F",0,0,0,0,0,0,0,0,0,5,0,0,0,1
2.64000010490417,,18,0,1,1,3,0,1,1,7,1,1,1,1,0,85.8000030517578,1,64,0,3,4,0,1,3,1,0,2,"English",0,5,0,1,"F",0,0,0,0,0,0,0,0,0,5,0,0,0,1
1.29999995231628,1.33000004291534,19,0,1,0,1.5,2,1,0,2,1,1,1,0,0,74.3000030517578,1,80,0,1,3,0,0,1,0,0,1,"English",0,5,0,1,"F",1,1,1,1,0,0,1,0,0,4.5,0,0,0,1
2.0699999332428,2.23000001907349,18,0,1,0,2.5,2.5,1,1,6,1,1,0,0,1,84.6999969482422,1,81,1,3,3,0,0,0,1,1,6,"English",0,4,0,0,"F",0,0,1,1,1,1,1,0,0,3.5,1,0,1,1
1.87000000476837,1.89999997615814,18,0,1,1,2.5,2,1,0,4,0,1,1,1,1,86.1999969482422,1,59,1,3,2,0,0,3,1,1,6,"Other",0,6,0,0,"F",0,0,0,0,0,0,0,0,0,5,0,0,0,1
1.88999998569489,2.52999997138977,18,0,1,1,2.5,3,1,0,5,1,1,1,1,1,80.5,1,65,1,2,2,0,0,4,1,0,2,"English",0,4,0,0,"F",0,0,0,0,0,0,0,0,0,4,0,0,0,1
3.52999997138977,2.75999999046326,19,0,1,1,2.5,3.5,1,1,6,0,0,1,1,1,81,1,81,1,3,2,0,0,1,1,1,7,"Other",0,4,0,0,"M",0,0,0,0,0,0,0,0,0,4,0,0,0,1
1.87999999523163,2.38000011444092,18,1,1,1,1.5,3,1,0,4,1,1,1,0,1,83.6999969482422,1,3,1,3,3,0,0,0,1,0,2,"English",0,4,0,0,"F",0,0,0,0,0,0,0,0,0,3,0,0,0,1
3.00999999046326,2.33999991416931,19,0,1,0,2.5,5,1,1,7,1,0,1,1,1,80.6999969482422,1,66,1,2,5,1,0,3,1,1,7,"English",0,4,0,0,"M",1,1,1,1,0,0,1,0,0,4,0,0,0,1
1.38999998569489,3.39000010490417,18,0,1,1,3,4.5,1,1,8,0,1,1,0,1,78.8000030517578,0,53.5,1,2,2,0,0,1.5,1,1,7,"Other",0,6,1,0,"F",0,0,0,0,0,0,0,0,0,5,0,0,0,1
1.63999998569489,2,19,1,1,1,3,2.75,1,0,4,1,1,1,1,1,75.6999969482422,0,56.6666679382324,1,1,4,0,1,1.5,1,0,2,"English",0,4,0,0,"F",0,0,0,0,0,0,0,0,0,4,0,0,0,1
,2.20000004768372,18,0,1,1,3,3,0,0,9,1,0,1,0,1,76.8000030517578,0,,1,2,3,0,0,0,0,0,9,"English",1,0,,,"M",0,0,0,0,0,0,0,0,0,0,0,0,0,1
0.670000016689301,0.800000011920929,21,1,1,1,1.5,1.5,1,1,6,1,1,1,0,0,74.3000030517578,1,55.3333320617676,1,1,3,0,0,0.5,1,1,6,"English",0,4,0,1,"F",0,0,0,0,0,0,0,0,0,3,0,0,0,1
1.97000002861023,2.73000001907349,18,0,1,0,3,4,1,0,4,1,1,1,1,1,75.8000030517578,1,55,1,1,3,0,0,2,1,0,2,"English",0,6,0,0,"F",0,0,1,1,1,1,1,0,0,5,1,0,1,1
2.58999991416931,2.78999996185303,18,0,1,0,2.5,2.5,1,1,6,1,1,0,1,1,82.5,1,73,1,3,3,0,0,1,1,0,5,"English",0,6,0,0,"F",1,1,1,1,0,0,1,0,0,4.5,0,0,0,1
0.660000026226044,,18,0,1,1,2,0,0,0,9,1,1,1,0,0,78.8000030517578,0,57,1,2,3,0,0,0.5,0,0,9,"English",0,5,1,1,"F",0,0,0,0,0,0,0,0,0,4,0,0,0,1
1.28999996185303,1.60000002384186,18,0,1,1,1.5,3,1,1,6,0,0,1,0,0,83.3000030517578,1,53,1,3,5,1,0,0.5,0,0,9,"Other",0,6,0,0,"M",0,0,0,0,0,0,0,0,0,3.5,0,0,0,1
,,18,0,1,1,4.5,5,1,0,2,1,0,1,,,79,1,69.25,1,2,4,0,1,0,1,1,6,"English",1,6,,,"M",0,0,0,0,0,0,0,0,0,0,0,0,0,1
2.52999997138977,2.54999995231628,18,0,1,1,1.5,2.5,1,0,4,1,1,0,0,1,74.8000030517578,1,,1,1,4,0,1,0,1,0,2,"English",0,3,0,0,"F",0,0,0,0,0,0,0,0,0,3,0,0,0,1
,1.13999998569489,18,0,1,0,1,2,1,0,2,1,0,0,0,0,86.6999969482422,0,63,0,3,5,1,0,0,1,0,2,"English",0,5,0,0,"M",0,0,0,0,0,0,1,1,1,2.5,1,0,1,1
1.58000004291534,2.04999995231628,18,0,1,1,1.5,3,1,1,7,1,0,1,0,1,74,1,66,1,1,3,0,0,1,1,1,6,"English",0,5,0,0,"M",0,0,0,0,0,0,0,0,0,2,0,0,0,1
1.29999995231628,1.35000002384186,19,0,1,0,2.5,4,1,1,6,1,0,0,0,0,73.5,0,64,0,1,3,0,0,1,1,0,2,"English",0,5,0,1,"M",0,0,0,0,0,0,0,1,0,3.5,0,0,0,1
2.01999998092651,2.80999994277954,18,1,1,0,3.5,4.5,1,0,5,1,0,1,1,1,74.3000030517578,0,72.5,1,1,3,0,0,1.5,1,0,5,"English",0,5,0,0,"M",0,0,0,0,0,0,1,1,1,4.5,0,0,0,1
0.46000000834465,0.469999998807907,18,0,1,0,1,1,1,0,2,1,1,1,0,0,72.5,1,62,1,1,3,0,0,0.5,1,0,2,"English",0,6,1,0,"F",0,0,1,1,1,1,1,0,0,4,1,0,1,1
,,18,1,1,0,,,1,1,6,1,0,1,0,0,78.3000030517578,0,,1,2,2,0,0,0,1,1,6,"English",0,5,,,"M",0,0,1,1,1,1,1,0,0,0,1,0,1,1
1.12999999523163,,18,0,1,0,1.5,0,1,0,3,1,1,1,0,0,80,0,56,0,2,4,0,1,2,1,1,6,"English",0,5,1,1,"F",1,1,1,1,0,0,1,0,0,4,0,0,0,1
3.17000007629395,2.70000004768372,19,0,1,1,3,0.5,1,1,6,1,0,1,0,1,75.3000030517578,1,80.3333358764648,1,1,2,0,0,0,1,0,2,"English",0,3,0,0,"M",0,0,0,0,0,0,0,0,0,3,0,0,0,1
1.87000000476837,1.70000004768372,19,0,1,0,2.5,0.5,1,0,5,1,0,1,0,1,74,0,70,1,1,3,0,0,0,1,1,7,"English",0,4,0,0,"M",1,1,1,1,0,0,1,0,0,3.5,0,0,0,1
0.75,1.87000000476837,18,1,1,1,2,2.5,1,1,6,1,1,0,0,0,81.6999969482422,0,58.5,1,3,3,0,0,0,1,0,4,"English",0,4,1,1,"F",0,0,0,0,0,0,0,0,0,4,0,0,0,1
0.569999992847443,,18,1,1,0,0.5,0,1,0,4,1,1,1,0,0,85.3000030517578,1,,1,3,4,0,1,1,1,0,4,"English",0,5,0,1,"F",0,0,0,0,0,0,0,1,0,3.5,0,0,0,1
2.02999997138977,2.03999996185303,18,1,1,1,1.5,2.5,1,0,2,1,1,0,0,1,76.5,1,,1,2,3,0,0,0,1,0,2,"English",0,6,0,0,"F",0,0,0,0,0,0,0,0,0,3,0,0,0,1
0.899999976158142,0.230000004172325,18,1,1,1,1.5,1,1,0,2,1,1,1,0,0,72.3000030517578,0,64.5,1,1,3,0,0,0,1,0,4,"English",0,5,0,1,"F",0,0,0,0,0,0,0,0,0,3,0,0,0,1
2.48000001907349,3.4300000667572,18,0,1,0,2,1,1,0,4,1,1,1,0,1,73.5,0,75.3333358764648,1,1,3,0,0,0,1,0,2,"English",0,4,0,0,"F",0,0,0,0,0,0,1,1,1,2.5,0,0,0,1
2,2.79999995231628,18,1,1,0,2.5,4.5,1,0,4,1,0,0,1,1,78.5,0,65,1,2,2,0,0,0,1,0,4,"English",0,5,0,0,"M",1,0,1,0,0,0,0,0,0,4,0,0,0,1
2.92000007629395,2.59999990463257,18,0,1,0,3.5,4.5,1,1,7,1,1,1,1,1,87,1,69,1,3,2,0,0,3.5,1,1,7,"English",0,6,0,0,"F",0,0,0,0,0,0,1,1,1,5,1,1,1,1
1.1599999666214,1.63999998569489,18,0,1,1,3,3,1,1,6,1,0,1,0,0,75.6999969482422,1,66.5,0,1,2,0,0,0,1,1,6,"English",0,6,1,0,"M",0,0,0,0,0,0,0,0,0,4.5,0,0,0,1
2.23000001907349,2.73000001907349,18,0,1,0,3.5,2.5,1,0,5,1,0,1,1,1,79,0,73.6666641235352,0,2,3,0,0,0,1,1,8,"English",0,4,0,0,"M",0,0,0,0,0,0,1,1,1,4,0,0,0,1
2.33999991416931,0.5,18,0,1,1,3,1,1,0,2,0,1,0,1,1,75.1999969482422,1,80,1,1,3,0,0,0,1,0,4,"Other",0,3,0,0,"F",0,0,0,0,0,0,0,0,0,4,0,0,0,1
2.22000002861023,2.24000000953674,19,0,1,0,2,2.5,0,0,1,1,1,1,0,1,78.5,1,75,1,2,1,0,0,0,1,0,5,"English",0,5,0,0,"F",1,1,1,1,0,0,1,0,0,4,0,0,0,1
2.32999992370605,2.69000005722046,19,1,1,0,3,3.5,1,0,5,1,0,1,1,1,77,0,76.5,1,2,2,0,0,0,1,0,2,"English",0,4,0,0,"M",0,0,0,0,0,0,1,1,1,4,0,0,0,1
1.47000002861023,1.23000001907349,18,0,1,0,2,2.5,1,1,7,1,1,1,0,0,73.6999969482422,0,58,0,1,4,0,1,0,1,0,4,"English",0,6,0,1,"F",1,1,1,1,0,0,1,0,0,4,0,0,0,1
2.23000001907349,3.02999997138977,18,0,1,1,3,3,1,0,2,1,1,1,1,1,83.3000030517578,1,66.5,0,3,3,0,0,2,1,0,2,"English",0,5,0,0,"F",0,0,0,0,0,0,0,0,0,4,0,0,0,1
3.40000009536743,2.65000009536743,18,0,1,0,2.5,1,1,1,6,1,0,1,0,1,84.3000030517578,0,74.5,1,3,2,0,0,1,1,0,2,"English",0,4,0,0,"M",0,0,0,0,0,0,0,1,0,3,0,0,0,1
1.1599999666214,1.29999995231628,19,0,1,1,3.5,6,1,0,3,1,1,1,0,0,73.6999969482422,0,62.5,1,1,3,0,0,1,1,0,2,"English",0,5,1,0,"F",0,0,0,0,0,0,0,0,0,5,0,0,0,1
2.25999999046326,1.5900000333786,18,0,1,0,2.5,3.5,0,0,9,1,1,1,1,1,75.3000030517578,1,66,1,1,2,0,0,0,1,0,4,"English",0,4,0,0,"F",1,0,1,0,0,0,0,0,0,4,0,0,0,1
2.13000011444092,2.8199999332428,19,1,1,1,2.5,1.75,1,0,2,0,0,1,1,1,80,1,64,1,2,5,1,0,3,1,0,2,"Other",0,4,0,0,"M",0,0,0,0,0,0,0,0,0,4.5,0,0,0,1
2.14000010490417,1.53999996185303,20,0,1,1,2,3,1,0,4,1,1,1,0,1,79.3000030517578,1,68,1,2,5,1,0,0,1,0,4,"English",0,5,0,0,"F",0,0,0,0,0,0,0,0,0,3,0,0,0,1
2.89000010490417,2.52999997138977,18,0,1,1,4,4.5,1,1,8,1,1,1,1,1,84,1,79,1,3,3,0,0,1,1,1,8,"English",0,6,0,0,"F",0,0,0,0,0,0,0,0,0,6,0,0,0,1
,,18,0,1,0,,,1,0,4,1,1,0,,,84.6999969482422,1,,1,3,5,1,0,0,1,0,2,"English",1,0,,,"F",0,0,0,0,0,0,0,1,0,0,0,0,0,1
2,2.36999988555908,18,0,1,1,3,3,1,0,2,1,1,1,1,1,80.5,0,72.5,1,2,1,0,0,1,1,0,4,"English",0,5,0,0,"F",0,0,0,0,0,0,0,0,0,4,0,0,0,1
1.45000004768372,2.11999988555908,19,0,1,0,3,4.5,1,1,7,0,1,1,0,1,81.1999969482422,0,58,1,3,2,0,0,3,1,0,2,"Other",0,6,1,0,"F",0,0,0,0,0,0,0,1,0,5,0,0,0,1
3.20000004768372,1.70000004768372,18,0,1,0,3,2.5,1,1,7,1,1,0,1,1,74.3000030517578,0,79,1,1,2,0,0,0,1,1,6,"English",0,5,0,0,"F",1,1,1,1,0,0,1,0,0,5,0,0,0,1
0.479999989271164,0.200000002980232,18,0,1,1,1,0.5,0,0,9,0,1,1,0,0,75.1999969482422,0,,1,1,3,0,0,1.5,0,0,9,"Other",0,4,0,1,"F",0,0,0,0,0,0,0,0,0,3,0,0,0,1
1.44000005722046,2.27999997138977,19,0,1,1,3,3,1,1,6,1,1,1,0,1,71.5,0,67,1,1,2,0,0,0,1,1,6,"English",0,6,1,0,"F",0,0,0,0,0,0,0,0,0,5,0,0,0,1
2.20000004768372,2.23000001907349,18,1,1,0,3.5,3.5,1,1,6,1,1,1,1,1,85.5999984741211,0,65.5,1,3,3,0,0,3,1,1,6,"English",0,5,0,0,"F",1,1,1,1,0,0,1,0,0,5,0,0,0,1
1.99000000953674,2.5,18,1,1,1,2.5,3,1,0,4,1,0,1,1,1,80.3000030517578,0,67,1,2,3,0,0,0,1,0,4,"English",0,4,0,0,"M",0,0,0,0,0,0,0,0,0,4,0,0,0,1
3.29999995231628,3.05999994277954,18,0,1,1,3,3,1,1,7,0,0,1,1,1,83.8000030517578,1,67,1,3,3,0,0,1.5,1,1,6,"Other",0,5,0,0,"M",0,0,0,0,0,0,0,0,0,4.5,0,0,0,1
0.850000023841858,1.19000005722046,18,0,1,1,1.5,2.5,1,1,6,0,1,1,0,0,79.3000030517578,1,52,1,2,2,0,0,0,1,0,2,"Other",0,4,0,1,"F",0,0,0,0,0,0,0,0,0,3,0,0,0,1
1.95000004768372,2.58999991416931,18,0,1,0,2.5,3.5,1,0,5,1,0,1,0,1,73.5,1,63.5,1,1,3,0,0,1,1,0,2,"English",0,4,0,0,"M",0,0,0,0,0,0,0,1,0,3,0,0,0,1
1.47000002861023,2.59999990463257,18,1,1,0,2.5,2,1,0,4,0,0,1,0,1,77,1,67.5,1,2,2,0,0,1,1,0,2,"Other",0,5,0,0,"M",1,1,1,1,0,0,1,0,0,4,0,0,0,1
2.36999988555908,3.00999999046326,18,1,1,0,3,3,0,0,1,1,1,1,1,1,83.5,0,63,1,3,3,0,0,1,1,0,2,"English",0,5,0,0,"F",1,1,1,1,0,0,1,0,0,5,0,0,0,1
1,,18,0,1,1,2.5,0,1,1,7,0,1,1,0,0,78.8000030517578,1,61,1,2,1,0,0,0,1,1,8,"Other",0,5,1,1,"F",0,0,0,0,0,0,0,0,0,4,0,0,0,1
0,1.20000004768372,18,0,1,1,0,2,1,0,2,1,1,1,0,0,82.9000015258789,0,,0,3,4,0,1,3,1,0,4,"English",0,5,1,0,"F",0,0,0,0,0,0,0,0,0,4,0,0,0,1
2.01999998092651,2.11999988555908,19,0,1,1,3.5,1.5,0,0,9,1,1,1,1,1,76.8000030517578,0,59,1,2,3,0,0,1.5,0,0,9,"English",0,5,0,0,"F",0,0,0,0,0,0,0,0,0,4.5,0,0,0,1
3.74000000953674,3.8199999332428,19,1,1,0,3.5,2.5,1,0,2,1,0,1,1,1,80.5,0,85,1,2,3,0,0,0,0,0,1,"English",0,5,0,0,"M",0,0,1,1,1,1,1,0,0,5,1,1,1,1
1.27999997138977,,18,0,1,1,2,0,1,1,6,0,1,1,0,0,80.8000030517578,0,62.5,1,3,4,0,1,0,1,1,6,"Other",0,4,0,0,"F",0,0,0,0,0,0,0,0,0,4,0,0,0,1
2,2.79999995231628,19,0,1,0,2.5,3,0,0,1,1,1,0,1,1,78.3000030517578,0,71.5,1,2,3,0,0,1,0,0,1,"English",0,4,0,0,"F",1,1,1,1,0,0,1,0,0,4,0,0,0,1
1.80999994277954,2.13000011444092,19,0,1,1,3,3,1,0,2,1,1,0,1,1,75,1,61,1,1,3,0,0,0,1,0,4,"English",0,4,0,0,"F",0,0,0,0,0,0,0,0,0,4.5,0,0,0,1
2.46000003814697,2.5,18,1,1,0,3,3.75,1,1,6,1,1,1,1,1,79.5,0,67,1,2,3,0,0,1,1,1,6,"English",0,6,0,0,"F",0,0,0,0,0,0,1,1,1,4,0,0,0,1
2.32999992370605,2,18,0,1,1,2.5,4,1,0,2,1,0,1,0,1,82.5,0,69,1,3,2,0,0,0,1,0,2,"English",0,4,0,0,"M",0,0,0,0,0,0,0,0,0,3.5,0,0,0,1
2.70000004768372,3.33999991416931,18,1,1,1,3,4,1,1,6,0,1,1,1,1,85,1,65,1,3,3,0,0,3,1,1,7,"Other",0,6,0,0,"F",0,0,0,0,0,0,0,0,0,5,0,0,0,1
1.62999999523163,2.22000002861023,19,0,1,1,2.5,3,1,1,6,1,0,1,0,1,78.5,1,69,1,2,3,0,0,0,1,1,6,"English",0,4,0,0,"M",0,0,0,0,0,0,0,0,0,4,0,0,0,1
0.449999988079071,1.73000001907349,19,0,1,0,1,2.5,0,0,1,1,1,1,0,0,74.5,0,50,0,1,1,0,0,0,1,1,7,"English",0,5,0,1,"F",0,0,1,1,1,1,1,0,0,3.5,0,0,0,1
2.4300000667572,1.8400000333786,18,0,1,1,3,5,0,0,9,0,0,1,0,1,79,1,78,1,2,2,0,0,3,0,0,9,"Other",0,3,0,0,"M",0,0,0,0,0,0,0,0,0,3.5,0,0,0,1
2.59999990463257,3.20000004768372,18,0,1,1,2.5,3,1,0,2,1,0,1,1,1,71.6999969482422,0,61,1,1,4,0,1,1,1,0,4,"English",0,4,0,0,"M",0,0,0,0,0,0,0,0,0,4,0,0,0,1
0.100000001490116,0.860000014305115,18,0,1,0,0.5,2,1,0,4,1,1,1,0,0,72.5,1,55,1,1,5,1,0,3,1,1,6,"English",0,6,1,0,"F",0,0,0,0,0,0,1,1,1,5,1,0,1,1
2.38000011444092,3.1800000667572,18,0,1,1,2.5,2,1,0,4,1,1,1,1,1,77.5,1,78,1,2,3,0,0,0,1,0,4,"English",0,4,0,0,"F",0,0,0,0,0,0,0,0,0,4,0,0,0,1
2.21000003814697,1.97000002861023,18,0,1,0,2.5,3,0,0,9,0,1,0,1,1,79.5,0,65,1,2,3,0,0,1,0,0,9,"Other",0,4,0,0,"F",1,1,1,1,0,0,1,0,0,4,0,0,0,1
1.17999994754791,2.27999997138977,18,0,1,1,2.5,3,1,0,4,1,1,1,0,1,80.5,1,61,1,2,3,0,0,3,1,0,4,"English",0,5,1,0,"F",0,0,0,0,0,0,0,0,0,5,0,0,0,1
3.71000003814697,3.53999996185303,19,1,1,1,3.5,2.5,0,0,9,1,1,1,1,1,83.3000030517578,1,78,1,3,4,0,1,1,1,1,6,"English",0,5,0,0,"F",0,0,0,0,0,0,0,0,0,5,0,0,0,1
0.479999989271164,0.670000016689301,19,0,1,1,1,1.5,1,0,4,0,1,1,0,0,77.8000030517578,1,,0,2,3,0,0,0.5,0,0,9,"Other",0,6,0,1,"F",0,0,0,0,0,0,0,0,0,2.5,0,0,0,1
1.14999997615814,1.29999995231628,18,0,1,1,1.5,3,1,1,7,0,0,1,0,0,77,1,,1,2,3,0,0,1,1,1,6,"Other",0,5,1,0,"M",0,0,0,0,0,0,0,0,0,4.5,0,0,0,1
2.82999992370605,2.03999996185303,18,0,1,1,2,5,1,0,4,0,0,1,1,1,84.8000030517578,1,,1,3,3,0,0,3,1,0,2,"Other",0,4,0,0,"M",0,0,0,0,0,0,0,0,0,4,0,0,0,1
2.10999989509583,3,20,1,1,0,2.5,0.5,1,1,6,0,0,1,0,1,79.1999969482422,0,73,1,2,2,0,0,1,1,1,6,"Other",0,5,0,0,"M",0,0,1,0,1,0,0,0,0,3.5,0,0,0,1
1.80999994277954,1.98000001907349,18,1,1,0,3.5,3,1,0,4,1,1,1,1,1,76.5,1,63.3333320617676,0,2,4,0,1,1.5,1,0,2,"English",0,6,0,0,"F",0,0,1,1,1,1,1,0,0,5,0,1,1,1
0.930000007152557,0.340000003576279,18,0,1,1,3,1,0,0,1,1,1,1,0,0,75,0,54.5,1,1,3,0,0,1,0,0,1,"English",0,5,1,0,"F",0,0,0,0,0,0,0,0,0,4,0,0,0,1
,,19,0,1,1,0.5,0,1,1,6,1,1,1,0,0,80,1,55,1,2,3,0,0,0,1,1,6,"English",0,4,0,1,"F",0,0,0,0,0,0,0,0,0,0.5,0,0,0,1
1.62000000476837,1.70000004768372,19,0,1,1,1.5,1,1,1,6,1,0,1,0,1,87,1,66.5,0,3,3,0,0,2,1,0,2,"English",0,6,0,0,"M",0,0,0,0,0,0,0,0,0,4,0,0,0,1
0.860000014305115,1.48000001907349,18,0,1,1,2,2.5,1,1,7,1,0,1,0,0,78.3000030517578,0,59,1,2,4,0,1,2,1,1,6,"English",0,6,1,0,"M",0,0,0,0,0,0,0,0,0,5,0,0,0,1
3.42000007629395,2.50999999046326,18,0,1,0,3.5,3.5,1,0,2,1,1,1,1,1,84,0,79.5,1,3,3,0,0,1,1,0,4,"English",0,5,0,0,"F",0,0,1,0,1,0,0,0,0,5,0,0,0,1
2.1800000667572,2.54999995231628,18,0,1,0,3.5,4,1,1,6,1,1,1,1,1,78.5,0,69,0,2,4,0,1,0,1,0,4,"English",0,5,0,0,"F",0,0,0,0,0,0,0,1,0,4.5,0,0,0,1
0.680000007152557,1.6599999666214,19,0,1,0,1.5,2.5,1,1,7,1,1,1,0,0,77.8000030517578,0,,1,2,2,0,0,4,1,1,6,"English",0,6,1,0,"F",0,0,0,0,0,0,1,1,1,4,0,0,0,1
1.54999995231628,1.00999999046326,18,0,1,0,2.5,2.5,1,1,6,1,1,1,0,0,73,1,64.5,1,1,4,0,1,1,1,1,8,"English",0,5,0,1,"F",1,1,1,1,0,0,1,0,0,3,0,0,0,1
2.63000011444092,2.71000003814697,18,0,1,1,2,4,1,0,4,1,1,1,0,1,74,1,81,1,1,3,0,0,0,1,1,6,"English",0,5,0,0,"F",0,0,0,0,0,0,0,0,0,3,0,0,0,1
1.35000002384186,1.62000000476837,18,1,1,0,2.5,1.5,1,1,6,0,1,1,0,0,78.8000030517578,1,62,1,2,2,0,0,0,1,1,6,"Other",0,5,1,0,"F",0,0,0,0,0,0,0,1,0,4,0,0,0,1
,,18,0,1,0,,,1,0,5,0,1,1,,,81.5,1,,1,3,4,0,1,0,1,1,6,"Other",1,0,,,"F",0,0,1,0,1,0,0,0,0,0,0,0,0,1
0.300000011920929,,18,0,1,1,1,0,1,1,6,1,1,1,0,0,74.3000030517578,1,51.5,1,1,3,0,0,1.5,1,0,2,"English",0,5,1,1,"F",0,0,0,0,0,0,0,0,0,4.5,0,0,0,1
1.32000005245209,2.09999990463257,18,0,1,1,3,3,1,0,2,1,1,1,0,1,81.3000030517578,1,62,1,3,3,0,0,1,1,0,2,"English",0,5,1,0,"F",0,0,0,0,0,0,0,0,0,4.5,0,0,0,1
2.29999995231628,1.78999996185303,18,1,1,1,2.5,3.5,1,0,4,1,1,1,1,1,79,0,71,1,2,3,0,0,0,1,1,6,"English",0,6,0,0,"F",0,0,0,0,0,0,0,0,0,4.5,0,0,0,1
1.92999994754791,2.1800000667572,18,0,1,1,2.5,3,1,1,7,1,1,1,1,1,84.8000030517578,1,58,1,3,3,0,0,0,1,1,7,"English",0,4,0,0,"F",0,0,0,0,0,0,0,0,0,4,0,0,0,1
2.32999992370605,2.23000001907349,18,1,1,1,1.5,2.5,1,0,4,1,0,0,1,1,74.3000030517578,1,,1,1,3,0,0,0,1,0,4,"English",0,4,0,0,"M",0,0,0,0,0,0,0,0,0,4,0,0,0,1
3.96000003814697,3.60999989509583,18,1,1,0,2.5,3,1,1,7,1,1,0,1,1,77.3000030517578,1,82,1,2,1,0,0,1,1,1,7,"English",0,5,0,0,"F",0,0,1,1,1,1,1,0,0,4,1,0,1,1
2.98000001907349,3.1800000667572,18,0,1,1,3.5,3,1,0,3,1,1,1,1,1,86.3000030517578,0,74,1,3,3,0,0,1.5,1,0,3,"English",0,6,0,0,"F",0,0,0,0,0,0,0,0,0,5,0,0,0,1
1.52999997138977,1.85000002384186,19,0,1,1,2.25,2.5,1,1,8,1,1,1,1,1,77.5,0,47,1,2,3,0,0,0,1,1,6,"English",0,6,0,0,"F",0,0,0,0,0,0,0,0,0,4.5,0,0,0,1
2.52999997138977,1.53999996185303,20,0,1,1,2.5,2,1,1,6,1,1,1,1,1,83.8000030517578,1,82,1,3,4,0,1,0,1,0,2,"English",0,6,0,0,"F",0,0,0,0,0,0,0,0,0,4,0,0,0,1
2.39000010490417,1.87999999523163,18,1,1,1,2.5,2,1,1,6,1,0,1,1,1,72.3000030517578,1,72,1,1,1,0,0,0,1,1,6,"English",0,5,0,0,"M",0,0,0,0,0,0,0,0,0,4.5,0,0,0,1
3.32999992370605,2.9300000667572,17,0,1,1,2,3.5,1,1,7,0,1,1,1,1,76,0,,1,1,2,0,0,3,1,0,4,"Other",0,4,0,0,"F",0,0,0,0,0,0,0,0,0,4,0,0,0,1
1.12999999523163,1.13999998569489,18,0,1,1,2.5,2.5,1,1,7,0,1,0,0,0,77,1,70,1,2,3,0,0,0,1,1,7,"Other",0,6,1,0,"F",0,0,0,0,0,0,0,0,0,4,0,0,0,1
3.42000007629395,3.27999997138977,18,1,1,1,3,4,1,0,4,1,0,1,1,1,87.3000030517578,1,61,1,3,2,0,0,5,1,0,4,"English",0,5,0,0,"M",0,0,0,0,0,0,0,0,0,5,0,0,0,1
1.44000005722046,3.05999994277954,18,1,1,0,2,2.5,1,0,2,1,1,1,0,1,77.5,0,47,1,2,2,0,0,0,1,0,4,"English",0,4,1,0,"F",0,0,0,0,0,0,0,1,0,4,0,0,0,1
3.21000003814697,3.44000005722046,19,0,1,0,4,5,1,0,4,0,1,1,1,1,75.6999969482422,1,75,1,1,4,0,1,0,1,1,6,"Other",0,6,0,0,"F",0,0,1,1,1,1,1,0,0,4,1,0,1,1
2.19000005722046,,19,0,1,1,2.5,0,1,0,4,1,0,1,0,0,85.5,0,70,1,3,1,0,0,2,1,0,4,"English",0,4,0,1,"M",0,0,0,0,0,0,0,0,0,3.5,0,0,0,1
3,2.83999991416931,18,0,1,1,3.5,5,0,0,9,0,1,1,1,1,86.6999969482422,1,73,1,3,3,0,0,3,1,0,3,"Other",0,6,0,0,"F",0,0,0,0,0,0,0,0,0,5,0,0,0,1
0.899999976158142,,19,0,1,1,2,0,1,1,6,1,0,1,0,0,80,0,68.5,1,2,2,0,0,3,1,0,4,"English",0,5,1,1,"M",0,0,0,0,0,0,0,0,0,5,0,0,0,1
2.13000011444092,,18,0,1,1,2,0,1,1,6,1,1,1,0,0,71.6999969482422,1,,0,1,4,0,1,0,1,1,6,"English",1,0,0,1,"F",0,0,0,0,0,0,0,0,0,3.5,0,0,0,1
2.20000004768372,2.40000009536743,18,0,1,1,3,2,1,1,6,1,0,1,0,1,79.1999969482422,0,72.5,1,2,3,0,0,0,1,1,6,"English",0,6,0,0,"M",0,0,0,0,0,0,0,0,0,3.5,0,0,0,1
2.07999992370605,1.54999995231628,18,0,1,1,2,4,1,0,2,0,1,1,0,1,76.3000030517578,0,54,1,2,1,0,0,0,1,0,2,"Other",0,6,0,0,"F",0,0,0,0,0,0,0,0,0,3,0,0,0,1
2.76999998092651,0.479999989271164,18,0,1,1,3,1,0,0,1,1,1,1,1,1,85,1,70,0,3,3,0,0,0,1,0,2,"English",0,5,0,0,"F",0,0,0,0,0,0,0,0,0,5,0,0,0,1
2.5699999332428,1.89999997615814,18,1,1,0,2.5,2,1,1,8,1,0,1,0,1,82.3000030517578,1,79,1,3,4,0,1,1,1,0,2,"English",0,4,0,0,"M",0,0,0,0,0,0,1,1,1,4,0,0,0,1
0.839999973773956,1,18,0,1,1,2,1.5,1,1,7,1,0,0,0,0,76.1999969482422,1,65,1,1,3,0,0,0,1,0,5,"English",0,5,1,0,"M",0,0,0,0,0,0,0,0,0,4,0,0,0,1
1.02999997138977,,19,0,1,0,2.5,0,0,0,1,1,1,1,0,0,79.8000030517578,0,67,1,2,3,0,0,1,1,0,2,"English",0,6,1,1,"F",1,1,1,1,0,0,1,0,0,4.5,0,0,0,1
2.28999996185303,2.82999992370605,18,0,1,1,3,2.5,1,1,6,1,0,1,1,1,78.6999969482422,0,74.5,1,2,4,0,1,1,1,1,6,"English",0,6,0,0,"M",0,0,0,0,0,0,0,0,0,4,0,0,0,1
1.27999997138977,1.98000001907349,18,0,1,0,3,4.5,1,1,8,1,1,1,0,1,73.8000030517578,1,63,0,1,2,0,0,4,0,0,1,"English",0,5,1,0,"F",0,0,0,0,0,0,0,1,0,5,0,0,0,1
3.24000000953674,3.57999992370605,18,0,1,0,3,3.5,1,1,7,1,0,1,1,1,82.1999969482422,1,80,1,3,4,0,1,0,1,0,5,"English",0,6,0,0,"M",0,0,0,0,0,0,1,1,1,5,1,1,1,1
2.75,2.69000005722046,18,1,1,1,3,4,1,1,6,0,0,0,1,1,82,0,62,1,3,3,0,0,3,1,0,2,"Other",0,5,0,0,"M",0,0,0,0,0,0,0,0,0,5,0,0,0,1
2.74000000953674,2.76999998092651,18,1,1,1,3.5,2.5,1,1,8,0,1,1,1,1,81.3000030517578,1,80,1,3,3,0,0,1,1,1,6,"Other",0,4,0,0,"F",0,0,0,0,0,0,0,0,0,4.5,0,0,0,1
3.11999988555908,3.20000004768372,19,0,1,1,3.5,5,1,0,2,1,1,1,1,1,79.3000030517578,0,71,1,2,3,0,0,1,1,1,6,"English",0,5,0,0,"F",0,0,0,0,0,0,0,0,0,5,0,0,0,1
1.79999995231628,2.29999995231628,18,0,1,0,2.5,4,1,1,6,1,1,1,1,1,82,1,66,1,3,5,1,0,1.5,1,1,6,"English",0,6,0,0,"F",0,0,0,0,0,0,1,1,1,4.5,0,0,0,1
0.699999988079071,,19,0,1,1,1.5,0,1,1,6,1,0,1,0,0,78.5999984741211,0,76,1,2,3,0,0,3,1,0,2,"English",0,5,1,1,"M",0,0,0,0,0,0,0,0,0,5,0,0,0,1
1.02999997138977,,18,0,1,1,1.5,0,1,0,2,0,0,1,0,0,79.1999969482422,0,55.5,0,2,5,1,0,0,1,0,2,"Other",0,4,0,1,"M",0,0,0,0,0,0,0,0,0,2,0,0,0,1
1.21000003814697,2.32999992370605,18,1,1,1,3,3,1,1,6,1,1,1,0,1,76.8000030517578,0,59.5,1,2,3,0,0,0,1,1,6,"English",0,5,1,0,"F",0,0,0,0,0,0,0,0,0,4.5,0,0,0,1
1.57000005245209,2.14000010490417,18,1,1,1,3,3.5,1,1,6,0,0,1,1,1,84.3000030517578,0,68,1,3,4,0,1,3,1,1,6,"Other",0,6,0,0,"M",0,0,0,0,0,0,0,0,0,5,0,0,0,1
0.939999997615814,1.21000003814697,18,0,1,0,2,3.5,1,0,2,1,0,1,0,0,80.3000030517578,0,60,1,2,2,0,0,0,1,0,2,"English",0,6,1,0,"M",1,0,1,0,0,0,0,0,0,4.5,0,0,0,1
0.740000009536743,1.32000005245209,18,0,1,1,1.5,4,1,0,3,1,1,1,0,0,78.3000030517578,0,60.5,1,2,4,0,1,0.5,1,0,3,"English",0,6,1,0,"F",0,0,0,0,0,0,0,0,0,4.5,0,0,0,1
3.14000010490417,2.59999990463257,18,0,1,1,3,4.5,1,1,6,1,1,1,1,1,86.3000030517578,0,73,1,3,5,1,0,0,1,1,7,"English",0,6,0,0,"F",0,0,0,0,0,0,0,0,0,5,0,0,0,1
0.430000007152557,0.259999990463257,19,0,1,1,0.5,0.5,1,0,2,0,0,0,0,0,74,0,,1,1,4,0,1,1.5,1,1,6,"Other",0,6,0,1,"M",0,0,0,0,0,0,0,0,0,3.5,0,0,0,1
0,0,19,0,1,1,0,0,0,0,9,1,0,1,0,0,72.8000030517578,0,16,1,1,2,0,0,0,1,0,4,"English",0,5,0,0,"M",0,0,0,0,0,0,0,0,0,3,0,0,0,1
2.03999996185303,2.07999992370605,18,0,1,0,2.5,3,1,1,6,1,1,1,1,1,71.6999969482422,0,71,1,1,2,0,0,0,0,0,1,"English",0,5,0,0,"F",1,1,1,1,0,0,1,0,0,4,0,0,0,1
1.97000002861023,2.47000002861023,18,0,1,1,3,4,1,0,2,0,1,1,1,1,79.8000030517578,1,66,0,2,3,0,0,3,1,0,2,"Other",0,5,0,0,"F",0,0,0,0,0,0,0,0,0,5,0,0,0,1
1.37000000476837,1.67999994754791,18,1,1,1,3,2.5,1,0,4,1,1,1,0,1,76,0,59.5,0,1,2,0,0,1,1,0,4,"English",0,6,1,0,"F",0,0,0,0,0,0,0,0,0,5,0,0,0,1
2.67000007629395,2.65000009536743,18,0,1,1,2.5,2,1,1,6,1,1,1,0,1,80.4000015258789,1,70.5,1,2,1,0,0,1,1,1,6,"English",0,4,0,0,"F",0,0,0,0,0,0,0,0,0,3,0,0,0,1
2.60999989509583,3.33999991416931,18,0,1,0,3.5,3.5,1,0,4,1,1,1,1,1,87.3000030517578,0,76,1,3,4,0,1,1,1,1,6,"English",0,5,0,0,"F",0,0,0,0,0,0,1,1,1,5,1,0,1,1
1.22000002861023,1.35000002384186,19,1,1,0,1.5,2,1,0,2,1,0,1,0,0,80.1999969482422,1,70,0,2,4,0,1,1,1,0,4,"English",0,5,0,1,"M",0,0,1,1,1,1,1,0,0,4,1,0,1,1
1.35000002384186,1.44000005722046,18,1,1,0,3,2.5,1,1,6,1,1,1,0,0,80.3000030517578,0,66,1,2,4,0,1,0,1,0,4,"English",0,6,1,0,"F",1,1,1,1,0,0,1,0,0,5,0,0,0,1
0.949999988079071,,18,0,1,1,1.5,0,1,0,4,1,1,1,0,0,71.6999969482422,0,61.5,1,1,2,0,0,1,0,0,9,"English",0,3,0,1,"F",0,0,0,0,0,0,0,0,0,3,0,0,0,1
2.57999992370605,2.5,18,1,1,1,2,2,1,0,2,1,0,0,1,1,75.3000030517578,0,,1,1,5,1,0,0,1,0,2,"English",0,5,0,0,"M",0,0,0,0,0,0,0,0,0,4,0,0,0,1
1.07000005245209,2.03999996185303,18,0,1,1,2,3.5,1,0,3,1,0,0,0,1,73.6999969482422,1,61.5,0,1,3,0,0,1,0,0,1,"English",0,5,0,0,"M",0,0,0,0,0,0,0,0,0,4,0,0,0,1
2.24000000953674,1.75999999046326,18,0,1,1,3,3.5,1,0,2,0,1,0,1,1,82.5,0,70,1,3,3,0,0,1,1,0,2,"Other",0,5,0,0,"F",0,0,0,0,0,0,0,0,0,5,0,0,0,1
1.29999995231628,1.89999997615814,18,0,1,0,1.5,2.5,1,1,7,1,0,1,0,1,78,0,64,1,2,3,0,0,1,1,1,6,"English",0,4,0,0,"M",1,1,1,1,0,0,1,0,0,3.5,0,0,0,1
0.389999985694885,1.75999999046326,18,1,1,0,1,2.5,1,1,6,1,0,1,0,0,78.5,0,58,1,2,3,0,0,0,0,0,9,"English",0,6,0,1,"M",1,1,1,1,0,0,1,0,0,3.5,0,0,0,1
1.62000000476837,1.25,19,0,1,1,2,1,1,0,4,1,0,1,0,0,75.1999969482422,1,73,1,1,3,0,0,0,1,0,4,"English",0,5,0,1,"M",0,0,0,0,0,0,0,0,0,3,0,0,0,1
1.44000005722046,2.14000010490417,18,0,1,0,2.5,3,1,0,2,0,1,1,0,1,74.3000030517578,0,55,1,1,1,0,0,1,1,0,5,"Other",0,6,1,0,"F",0,0,0,0,0,0,0,1,0,5,0,0,0,1
2.09999990463257,2.0699999332428,17,0,1,1,2.5,5,0,0,1,1,0,0,0,1,72.6999969482422,1,64.5,1,1,1,0,0,3.5,1,0,2,"English",0,5,0,0,"M",0,0,0,0,0,0,0,0,0,3.5,0,0,0,1
1.25,0.670000016689301,18,0,1,1,1.5,1,1,1,6,1,1,1,0,0,72,0,78,1,1,3,0,0,1,1,1,6,"English",0,4,1,0,"F",0,0,0,0,0,0,0,0,0,4,0,0,0,1
1.12999999523163,2.25,18,0,1,1,2,1.5,1,0,2,0,1,1,0,1,79.3000030517578,1,72.5,1,2,2,0,0,0,1,0,4,"Other",0,6,1,0,"F",0,0,0,0,0,0,0,0,0,4.5,0,0,0,1
3.49000000953674,,18,1,1,0,3,1.5,1,1,6,0,0,0,1,1,86.1999969482422,0,66,1,3,4,0,1,4,1,1,6,"Other",0,6,0,0,"M",0,0,0,0,0,0,0,1,0,5,0,0,0,1
1.44000005722046,2.29999995231628,17,0,1,1,4,3.5,1,0,4,1,0,1,0,1,80.1999969482422,1,58.3333320617676,1,2,1,0,0,3.5,1,0,4,"English",0,5,1,0,"M",0,0,0,0,0,0,0,0,0,5,0,0,0,1
2.41000008583069,1.96000003814697,19,0,1,1,2.5,3,1,1,7,1,1,0,1,1,73.1999969482422,0,67,1,1,3,0,0,0,1,0,4,"English",0,4,0,0,"F",0,0,0,0,0,0,0,0,0,4,0,0,0,1
1.33000004291534,,18,1,1,1,1,0,1,1,6,1,1,1,0,0,81.3000030517578,1,25,0,3,1,0,0,1.5,1,0,5,"English",0,4,0,1,"F",0,0,0,0,0,0,0,0,0,4,0,0,0,1
3.03999996185303,2.99000000953674,18,1,1,1,3.5,3.5,1,1,6,1,0,0,1,1,82.5,1,80,1,3,3,0,0,0,1,0,4,"English",0,5,0,0,"M",0,0,0,0,0,0,0,0,0,5,0,0,0,1
2.74000000953674,1.91999995708466,18,0,1,1,4,4.5,1,0,5,1,0,1,1,1,72.8000030517578,0,75.75,1,1,5,1,0,0,1,0,4,"English",0,5,0,0,"M",0,0,0,0,0,0,0,0,0,4.5,0,0,0,1
1.20000004768372,0.680000007152557,19,0,1,1,1,0.5,1,0,4,1,1,0,0,0,79.3000030517578,1,45,1,2,3,0,0,0,1,0,2,"English",0,4,0,1,"F",0,0,0,0,0,0,0,0,0,3.5,0,0,0,1
2.25,3.07999992370605,18,0,1,0,2.5,2,1,1,6,1,1,1,1,1,77,1,70.5,0,2,3,0,0,1,1,1,6,"English",0,5,0,0,"F",0,0,0,0,0,0,0,1,0,4,0,0,0,1
1.48000001907349,3.53999996185303,18,1,1,1,2.5,3,1,1,6,1,0,1,0,1,81,1,61,1,3,5,1,0,0,1,1,6,"English",0,5,1,0,"M",0,0,0,0,0,0,0,0,0,4.5,0,0,0,1
,,18,0,1,0,,,1,0,2,1,0,1,0,0,85,0,,1,3,3,0,0,0,1,0,2,"English",1,0,,,"M",0,0,1,0,1,0,0,0,0,0,0,0,0,1
0.939999997615814,2.08999991416931,18,1,1,0,2.5,3,0,0,1,1,1,1,0,0,84,0,55,0,3,3,0,0,3,1,0,2,"English",0,6,1,1,"F",0,0,0,0,0,0,1,1,1,5,1,1,1,1
2.46000003814697,2.34999990463257,18,0,1,1,2.5,1,1,1,6,0,0,1,1,1,81.8000030517578,0,74,0,3,2,0,0,1,1,1,6,"Other",0,5,0,0,"M",0,0,0,0,0,0,0,0,0,4,0,0,0,1
3.50999999046326,2.58999991416931,18,0,1,1,2.5,4,0,0,1,0,0,1,1,1,83.8000030517578,0,78.5,1,3,1,0,0,1,1,0,2,"Other",0,5,0,0,"M",0,0,0,0,0,0,0,0,0,4,0,0,0,1
1.12999999523163,1.87000000476837,20,0,1,0,1.5,1.5,1,1,7,0,1,1,0,0,85.3000030517578,1,53.3333320617676,1,3,1,0,0,0.5,1,1,6,"French",0,6,0,1,"F",0,0,0,0,0,0,0,1,0,3.5,0,0,0,1
2.73000001907349,2.52999997138977,18,0,1,0,2.5,3,1,0,2,0,1,0,1,1,80.3000030517578,1,74,0,2,3,0,0,1,0,0,1,"Other",0,5,0,0,"F",0,0,0,0,0,0,0,1,0,4,0,0,0,1
1.67999994754791,1.50999999046326,18,1,1,0,3.5,3.5,0,0,1,1,1,1,1,1,83.3000030517578,1,58.25,1,3,3,0,0,0.5,0,0,1,"English",0,6,0,0,"F",0,0,1,0,1,0,0,0,0,4.5,0,0,0,1
2.63000011444092,2.09999990463257,18,1,1,1,3,3,1,0,2,1,1,1,1,1,85.5,1,70,1,3,3,0,0,0,1,0,4,"English",0,6,0,0,"F",0,0,0,0,0,0,0,0,0,5,0,0,0,1
1.23000001907349,,19,0,1,0,1.5,0,0,0,1,1,0,0,0,0,78.5,0,64,0,2,3,0,0,0,1,1,6,"English",0,5,0,1,"M",1,1,1,1,0,0,1,0,0,3,0,0,0,1
1.47000002861023,,19,0,1,1,3,0,1,0,4,1,1,1,0,0,81,0,58.6666679382324,0,3,4,0,1,0,1,1,6,"English",0,6,1,0,"F",0,0,0,0,0,0,0,0,0,5,0,0,0,1
,,19,1,1,1,,,1,0,2,1,0,1,0,0,75.3000030517578,0,,1,1,3,0,0,0,1,0,2,"English",1,0,,,"M",0,0,0,0,0,0,0,0,0,0,0,0,0,1
2.28999996185303,2.71000003814697,18,1,1,1,3.25,3,1,1,6,0,0,1,1,1,74.1999969482422,0,62.5,1,1,3,0,0,0.5,1,1,6,"Other",0,5,0,0,"M",0,0,0,0,0,0,0,0,0,4,0,0,0,1
3.04999995231628,3.07999992370605,18,1,1,1,3,4.5,1,1,6,1,1,1,1,1,85,1,66,1,3,3,0,0,4,1,1,6,"English",0,6,0,0,"F",0,0,0,0,0,0,0,0,0,5,0,0,0,1
0.219999998807907,0.930000007152557,18,0,1,1,0.5,1.5,0,0,1,1,1,1,0,0,73.8000030517578,0,66,1,1,3,0,0,0,1,0,2,"English",0,5,1,0,"F",0,0,0,0,0,0,0,0,0,4.5,0,0,0,1
3.34999990463257,3.40000009536743,18,0,1,1,3.5,3.5,1,1,7,0,1,1,1,1,85,1,80.5,1,3,4,0,1,1.5,1,1,6,"Other",0,5,0,0,"F",0,0,0,0,0,0,0,0,0,5,0,0,0,1
1.47000002861023,,18,0,1,1,2,0,1,1,7,1,1,1,0,0,76.8000030517578,1,47,0,2,3,0,0,1,1,1,6,"English",0,5,0,1,"F",0,0,0,0,0,0,0,0,0,3.5,0,0,0,1
1.83000004291534,2.9300000667572,19,0,1,1,2,2,1,1,8,1,0,1,0,1,77,1,70,1,2,3,0,0,1,1,1,6,"English",0,4,0,0,"M",0,0,0,0,0,0,0,0,0,3,0,0,0,1
0.790000021457672,2.07999992370605,18,0,1,1,2,3,1,1,6,0,1,0,0,0,82.1999969482422,0,57,1,3,1,0,0,4,1,1,7,"Other",0,4,1,1,"F",0,0,0,0,0,0,0,0,0,4,0,0,0,1
2.80999994277954,2.14000010490417,18,0,1,1,3.5,5,1,1,6,1,0,1,1,1,82.6999969482422,1,75.5,1,3,4,0,1,3.5,0,0,1,"English",0,5,0,0,"M",0,0,0,0,0,0,0,0,0,5,0,0,0,1
3.88000011444092,3.94000005722046,18,0,1,1,3,3.5,1,0,2,1,0,1,1,1,86.5,0,94,1,3,3,0,0,3,1,0,2,"English",0,5,0,0,"M",0,0,0,0,0,0,0,0,0,5,0,0,0,1
1.36000001430511,1.97000002861023,18,0,1,1,3,4,1,1,6,1,1,1,0,1,75.1999969482422,1,62.5,1,1,3,0,0,0,1,0,2,"English",0,6,1,0,"F",0,0,0,0,0,0,0,0,0,4.5,0,0,0,1
1.98000001907349,2.9300000667572,19,0,1,1,3.5,4,1,0,4,0,0,0,1,1,82.3000030517578,1,64.6666641235352,1,3,3,0,0,0.5,1,0,5,"Other",0,4,0,0,"M",0,0,0,0,0,0,0,0,0,4,0,0,0,1
0,0.200000002980232,18,0,1,1,0,0.5,1,0,2,0,1,1,0,0,79.1999969482422,1,47,1,2,4,0,1,1.5,1,0,2,"Other",0,5,0,0,"F",0,0,0,0,0,0,0,0,0,2,0,0,0,1
0.239999994635582,0.330000013113022,19,1,1,1,0.5,0.5,1,1,6,1,0,1,0,0,73.6999969482422,0,60,1,1,4,0,1,1,1,0,4,"English",0,5,0,0,"M",0,0,0,0,0,0,0,0,0,3.5,0,0,0,1
2.54999995231628,3.00999999046326,18,0,1,0,3,3.5,1,0,4,0,1,1,1,1,84.8000030517578,0,70,1,3,3,0,0,3,1,0,4,"Other",0,5,0,0,"F",1,1,1,1,0,0,1,0,0,5,0,0,0,1
1.92999994754791,2.48000001907349,19,0,1,0,3.5,1.5,0,0,1,1,1,0,1,1,74,0,76,1,1,2,0,0,1,0,0,1,"English",0,4,0,0,"F",1,1,1,1,0,0,1,0,0,4,0,0,0,1
1.89999997615814,2.38000011444092,18,0,1,1,3,3,1,0,2,0,1,1,1,1,74.1999969482422,0,73,1,1,4,0,1,3,1,0,3,"Other",0,4,0,0,"F",0,0,0,0,0,0,0,0,0,4.5,0,0,0,1
2.32999992370605,3.20000004768372,18,0,1,0,3.5,3.5,1,0,4,1,1,1,1,1,87,0,69,1,3,3,0,0,0,1,0,2,"English",0,5,0,0,"F",1,1,1,1,0,0,1,0,0,5,0,0,0,1
1.70000004768372,2.15000009536743,18,1,1,0,3,3,0,0,9,1,1,1,1,1,81.6999969482422,1,70.5,1,3,3,0,0,2,1,0,4,"English",0,5,0,0,"F",0,0,1,0,1,0,0,0,0,5,0,0,0,1
1.6599999666214,2.57999992370605,18,0,1,1,2.5,4,1,1,6,1,1,1,1,1,74,1,71,1,1,4,0,1,0,1,1,6,"English",0,6,0,0,"F",0,0,0,0,0,0,0,0,0,4,0,0,0,1
2.63000011444092,2.97000002861023,20,0,1,1,3,3,1,1,7,0,0,0,1,1,74.6999969482422,0,67.5,1,1,3,0,0,1,0,0,1,"Other",0,4,0,0,"M",0,0,0,0,0,0,0,0,0,4,0,0,0,1
1.10000002384186,,19,0,1,0,2.5,0,1,1,6,1,1,1,0,0,74,1,61,1,1,4,0,1,0,1,0,2,"English",0,5,0,1,"F",0,0,1,1,1,1,1,0,0,3.5,1,0,1,1
2.73000001907349,2.6800000667572,18,0,1,1,3.5,4,0,0,1,0,1,1,1,1,83,0,71.5,1,3,4,0,1,1,1,0,4,"Other",0,6,0,0,"F",0,0,0,0,0,0,0,0,0,5,0,0,0,1
2.4300000667572,2.64000010490417,19,0,1,0,3,2,1,1,8,0,1,1,1,1,78,0,70,1,2,2,0,0,1,1,0,2,"Other",0,4,0,0,"F",0,0,1,1,1,1,1,0,0,4,1,1,1,1
1.98000001907349,2.19000005722046,18,0,1,1,1.5,2,1,1,6,0,0,1,0,1,80.3000030517578,1,77,1,2,3,0,0,0,1,0,2,"Other",0,5,0,0,"M",0,0,0,0,0,0,0,0,0,2,0,0,0,1
2,2.82999992370605,18,1,1,0,2.25,2.5,1,0,4,1,1,0,0,1,77.6999969482422,0,59,1,2,3,0,0,0.5,1,1,6,"English",0,4,0,0,"F",0,0,0,0,0,0,0,1,0,3,0,0,0,1
2.23000001907349,2.91000008583069,18,0,1,0,1.5,2.5,1,0,4,1,1,1,0,1,84.3000030517578,1,,1,3,4,0,1,0,1,0,4,"English",0,3,0,0,"F",0,0,0,0,0,0,0,1,0,3,0,0,0,1
1.33000004291534,1.11000001430511,18,0,1,0,1.5,3.5,1,0,4,1,1,0,0,0,76.3000030517578,0,,1,2,3,0,0,0,1,0,4,"English",0,4,1,0,"F",0,0,0,0,0,0,1,1,1,4,1,0,1,1
0.430000007152557,0.850000023841858,18,0,1,0,0.5,0.5,0,0,9,1,1,0,0,0,71.5,0,,1,1,4,0,1,0,0,0,9,"English",0,6,1,0,"F",0,0,1,1,1,1,1,0,0,4,1,1,1,1
2.14000010490417,2.58999991416931,18,0,1,0,2.5,4.5,0,0,1,0,1,1,1,1,82.1999969482422,1,66,1,3,3,0,0,0,1,0,3,"Other",0,6,0,0,"F",0,0,0,0,0,0,1,1,1,4,0,0,0,1
0.180000007152557,1.01999998092651,18,0,1,1,0.5,2.5,0,0,1,1,1,0,0,0,76.6999969482422,1,,1,2,3,0,0,1,1,1,6,"English",0,6,1,0,"F",0,0,0,0,0,0,0,0,0,4,0,0,0,1
,,19,1,1,1,0,0,1,0,4,1,0,1,0,0,73.6999969482422,0,10,0,1,4,0,1,0,1,0,4,"English",0,5,0,1,"M",0,0,0,0,0,0,0,0,0,0.5,0,0,0,1
4,3.53999996185303,18,1,1,1,2,4.5,1,1,6,1,1,1,1,1,82.5,0,,1,3,5,1,0,2,1,1,6,"English",0,6,0,0,"F",0,0,0,0,0,0,0,0,0,4,0,0,0,1
2.09999990463257,1.60000002384186,18,1,1,1,2,1.5,1,0,4,1,1,1,0,1,75.1999969482422,0,50,1,1,2,0,0,0,1,0,4,"English",0,4,0,0,"F",0,0,0,0,0,0,0,0,0,3.5,0,0,0,1
0.540000021457672,0.300000011920929,18,0,1,0,1,1,1,0,4,1,0,1,0,0,71.6999969482422,1,50,1,1,4,0,1,0,1,1,6,"English",0,5,0,1,"M",0,0,0,0,0,0,0,1,0,2.5,0,0,0,1
1.74000000953674,2.52999997138977,18,1,1,1,2.5,2.5,1,1,6,1,1,1,1,1,80,1,,1,2,4,0,1,1,1,1,6,"English",0,6,0,0,"F",0,0,0,0,0,0,0,0,0,4.5,0,0,0,1
3.08999991416931,3.0699999332428,18,0,1,1,3.5,3.5,1,0,2,1,0,1,1,1,85,0,83,1,3,2,0,0,1,0,0,1,"English",0,6,0,0,"M",0,0,0,0,0,0,0,0,0,5,0,0,0,1
2.80999994277954,2.72000002861023,18,0,1,1,2,2.5,1,0,4,1,1,1,0,1,82.6999969482422,1,82,1,3,3,0,0,1,1,0,2,"English",0,4,0,0,"F",0,0,0,0,0,0,0,0,0,3.5,0,0,0,1
2.05999994277954,2.63000011444092,18,0,1,0,2.5,2.75,1,0,4,1,1,1,1,1,85.5999984741211,0,62,1,3,3,0,0,0,1,0,4,"English",0,5,0,0,"F",0,0,0,0,0,0,0,1,0,4.5,0,0,0,1
3.10999989509583,2.46000003814697,18,0,1,1,3,2.5,1,0,2,0,1,0,1,1,83.3000030517578,1,73,1,3,4,0,1,1.5,1,1,6,"French",0,5,0,0,"F",0,0,0,0,0,0,0,0,0,5,0,0,0,1
1.55999994277954,2.35999989509583,18,0,1,1,4,4.5,0,0,1,1,1,1,1,1,75.5,0,67.6666641235352,0,1,3,0,0,1.5,0,0,1,"English",0,6,0,0,"F",0,0,0,0,0,0,0,0,0,5,0,0,0,1
2.80999994277954,2.46000003814697,18,0,1,1,3.5,3.5,1,0,4,1,0,0,1,1,83.6999969482422,0,81,1,3,2,0,0,1,1,0,4,"English",0,4,0,0,"M",0,0,0,0,0,0,0,0,0,4.5,0,0,0,1
0.800000011920929,1.54999995231628,19,0,1,0,3,3,1,0,2,1,0,1,0,0,72,0,55.5,1,1,3,0,0,1,1,0,2,"English",0,5,1,0,"M",1,1,1,1,0,0,1,0,0,4.5,0,0,0,1
1.83000004291534,3.09999990463257,18,0,1,0,3,4,1,0,4,1,0,1,1,1,81.5,1,65,1,3,4,0,1,3,1,0,2,"English",0,5,0,0,"M",0,0,1,1,1,1,1,0,0,5,0,0,0,1
2.29999995231628,1.96000003814697,17,1,1,1,1.5,3.5,1,1,6,1,1,1,0,1,74.3000030517578,1,,1,1,2,0,0,0,1,1,6,"English",0,4,0,0,"F",0,0,0,0,0,0,0,0,0,4,0,0,0,1
2.01999998092651,2.33999991416931,18,0,1,1,3.5,2.5,0,0,9,1,0,0,1,1,75,1,70.5,1,1,3,0,0,1,1,1,6,"English",0,4,0,0,"M",0,0,0,0,0,0,0,0,0,4.5,0,0,0,1
3.44000005722046,3.23000001907349,18,0,1,1,3,4,1,0,4,1,1,1,1,1,83,1,82,1,3,2,0,0,1,1,0,2,"English",0,6,0,0,"F",0,0,0,0,0,0,0,0,0,4.5,0,0,0,1
3.6800000667572,3.41000008583069,19,1,1,1,3,3.5,1,1,7,1,1,0,1,1,77.3000030517578,0,75.5,1,2,3,0,0,0.5,1,0,4,"English",0,4,0,0,"F",0,0,0,0,0,0,0,0,0,4,0,0,0,1
1.5,0.790000021457672,19,0,1,0,2,2.5,1,1,7,1,0,1,0,0,82.8000030517578,0,62,1,3,3,0,0,2,0,0,9,"English",0,4,0,1,"M",0,0,1,1,1,1,1,0,0,3,0,0,0,1
2.89000010490417,3,18,1,1,0,3,4,1,1,7,1,1,1,1,1,76.5,1,80,1,2,4,0,1,1,0,0,1,"English",0,5,0,0,"F",0,0,1,0,1,0,0,0,0,5,0,0,0,1
1.63999998569489,2.59999990463257,18,1,1,0,2,3.5,1,0,2,1,1,1,0,1,76.3000030517578,0,,1,2,2,0,0,0,1,1,6,"English",0,6,0,0,"F",0,0,0,0,0,0,0,1,0,3.5,0,0,0,1
0.810000002384186,0.939999997615814,18,0,1,1,2.5,2,1,1,6,1,0,1,0,0,74.1999969482422,0,58.5,0,1,3,0,0,1,1,1,7,"English",0,5,1,0,"M",0,0,0,0,0,0,0,0,0,4,0,0,0,1
,,20,1,1,0,,,1,1,7,0,1,0,0,0,74.1999969482422,1,,1,1,3,0,0,0,1,1,6,"Other",0,4,,,"F",1,1,1,1,0,0,1,0,0,0,0,0,0,1
,2.63000011444092,18,0,1,0,0,4,1,1,6,0,1,1,0,1,75,0,36,1,1,3,0,0,0,1,1,6,"Other",0,5,0,0,"F",0,0,0,0,0,0,0,1,0,4,0,0,0,1
,,18,0,1,0,,,0,0,9,1,0,0,0,0,78,0,,1,2,4,0,1,0,0,0,1,"English",0,6,,,"M",0,0,0,0,0,0,0,1,0,0,0,0,0,1
,,18,0,1,1,,,1,1,6,1,1,1,0,0,79,0,,0,2,4,0,1,0,1,1,6,"English",1,0,,,"F",0,0,0,0,0,0,0,0,0,0,0,0,0,1
3.33999991416931,3.14000010490417,18,1,1,1,3,5,1,0,4,1,0,1,1,1,78.5,1,80,1,2,4,0,1,1,1,0,4,"English",0,5,0,0,"M",0,0,0,0,0,0,0,0,0,5,0,0,0,1
1.63999998569489,2.13000011444092,18,1,1,1,3,3.5,1,0,4,1,1,1,1,1,83,0,60.5,1,3,3,0,0,3,1,1,7,"English",0,5,0,0,"F",0,0,0,0,0,0,0,0,0,5,0,0,0,1
3.25,3.1800000667572,18,0,1,1,3.5,3,1,0,3,1,0,1,1,1,81.5,0,77.6666641235352,1,3,1,0,0,0,1,0,4,"English",0,6,0,0,"M",0,0,0,0,0,0,0,0,0,4,0,0,0,1
1.60000002384186,2.32999992370605,18,0,1,0,3.5,3.5,1,0,4,1,1,1,1,1,75.3000030517578,0,66,1,1,4,0,1,0,1,1,6,"English",0,6,0,0,"F",0,0,0,0,0,0,1,1,1,5,0,0,0,1
2.36999988555908,2.53999996185303,18,0,1,0,3.5,5.5,1,0,2,1,1,1,1,1,83.5,1,67,1,3,3,0,0,3.5,1,0,4,"English",0,5,0,0,"F",0,0,0,0,0,0,1,1,1,5,0,1,1,1
1.1599999666214,,18,0,1,0,1.5,0,1,0,4,1,1,1,0,0,78.3000030517578,0,68,1,2,1,0,0,0,1,0,4,"English",0,6,1,1,"F",1,1,1,1,0,0,1,0,0,4,0,0,0,1
0.779999971389771,2.04999995231628,19,1,1,1,1.5,1.75,0,0,1,1,1,1,0,0,77.3000030517578,0,58,1,2,2,0,0,0,0,0,1,"English",0,5,0,1,"F",0,0,0,0,0,0,0,0,0,3,0,0,0,1
1.29999995231628,,18,0,1,0,2.5,0,1,1,7,1,1,1,0,0,76,1,66.5,1,1,2,0,0,0,1,1,6,"English",0,6,1,1,"F",1,1,1,1,0,0,1,0,0,5,0,0,0,1
,2.88000011444092,20,0,1,1,,,1,1,8,1,1,0,0,1,76.3000030517578,0,,1,2,2,0,0,0,1,1,6,"English",0,5,,,"F",0,0,0,0,0,0,0,0,0,1,0,0,0,1
0.46000000834465,,18,0,1,1,0.5,0,1,0,4,1,0,1,0,0,75,1,39,1,1,2,0,0,0,1,0,2,"English",0,6,0,1,"M",0,0,0,0,0,0,0,0,0,3,0,0,0,1
1.42999994754791,1.52999997138977,19,0,1,1,3,2.5,1,1,6,1,0,1,0,1,74.5,0,60.3333320617676,0,1,2,0,0,0,1,0,2,"English",0,5,0,0,"M",0,0,0,0,0,0,0,0,0,4.5,0,0,0,1
2.20000004768372,2.42000007629395,20,0,1,0,1.5,2,1,1,6,1,0,0,0,1,84.8000030517578,1,53,0,3,1,0,0,1,1,0,2,"English",0,5,0,0,"M",0,0,0,0,0,0,0,1,0,3,0,0,0,1
2.20000004768372,2.11999988555908,18,1,1,0,3,5,1,0,4,1,1,1,1,1,83.5,0,70,0,3,2,0,0,4,1,1,6,"English",0,5,0,0,"F",0,0,1,1,1,1,1,0,0,5,1,0,1,1
2,2.58999991416931,18,0,1,0,2,3.5,1,0,4,1,1,1,1,1,82.3000030517578,0,,1,3,4,0,1,1,1,0,2,"English",0,5,0,0,"F",1,1,1,1,0,0,1,0,0,4,0,0,0,1
0.25,,18,1,1,1,1,0,1,0,4,1,0,1,0,0,74.5,0,,1,1,1,0,0,1.5,1,0,4,"English",0,3,1,1,"M",0,0,0,0,0,0,0,0,0,4,0,0,0,1
1.03999996185303,,18,1,1,1,1.5,0,1,1,7,0,1,1,0,0,86.1999969482422,0,49,1,3,2,0,0,1.5,1,1,7,"French",0,5,1,1,"F",0,0,0,0,0,0,0,0,0,4.5,0,0,0,1
2.14000010490417,2.90000009536743,19,0,1,1,3,4.5,1,1,6,0,1,1,1,1,85.3000030517578,1,60,0,3,4,0,1,4,1,1,6,"Other",0,5,0,0,"F",0,0,0,0,0,0,0,0,0,5,0,0,0,1
0,0,18,0,1,0,0,0,1,0,3,1,1,1,0,0,71.8000030517578,1,,1,1,3,0,0,1,1,0,2,"English",0,6,0,1,"F",1,1,1,1,0,0,1,0,0,3,0,0,0,1
0.779999971389771,,18,0,1,1,1.5,0,1,1,6,0,1,1,0,0,76.5,0,67,1,2,4,0,1,1,1,1,6,"Other",0,6,0,1,"F",0,0,0,0,0,0,0,0,0,3,0,0,0,1
1.87999999523163,0,18,0,1,1,3,0,1,1,6,1,1,1,1,0,73.6999969482422,1,65,1,1,3,0,0,0,1,0,2,"English",0,6,0,1,"F",0,0,0,0,0,0,0,0,0,5,0,0,0,1
2.04999995231628,1.92999994754791,18,1,1,1,3,3.5,1,0,4,0,0,1,1,1,80.3000030517578,0,69.5,1,2,2,0,0,1.5,1,0,4,"Other",0,5,0,0,"M",0,0,0,0,0,0,0,0,0,4,0,0,0,1
3.27999997138977,3.39000010490417,19,0,1,1,3.5,3,1,1,7,0,0,1,1,1,85.3000030517578,1,63.5,0,3,1,0,0,1.5,1,1,6,"Other",0,5,0,0,"M",0,0,0,0,0,0,0,0,0,5.5,0,0,0,1
1.96000003814697,2.59999990463257,18,0,1,1,3,3,0,0,9,1,0,1,1,1,77.3000030517578,0,68,1,2,1,0,0,0,1,1,6,"English",0,4,0,0,"M",0,0,0,0,0,0,0,0,0,4,0,0,0,1
0.449999988079071,0,19,0,1,1,1,0,0,0,9,1,1,1,0,0,77.8000030517578,0,44,1,2,1,0,0,2.5,1,1,6,"English",0,6,1,0,"F",0,0,0,0,0,0,0,0,0,4,0,0,0,1
1.87000000476837,,18,0,1,1,3.5,0,1,1,7,1,1,1,1,0,84.5,1,63,1,3,1,0,0,1.5,1,1,6,"English",0,6,0,1,"F",0,0,0,0,0,0,0,0,0,5,0,0,0,1
0,0,18,1,1,1,0,0,1,1,6,1,0,1,0,0,76.5,1,6.5,0,2,3,0,0,0.5,1,1,6,"English",0,5,0,1,"M",0,0,0,0,0,0,0,0,0,3.5,0,0,0,1
1.22000002861023,1.99000000953674,18,0,1,0,2.5,3.5,1,0,4,1,1,1,0,1,84.3000030517578,1,65,1,3,4,0,1,3,1,0,4,"English",0,4,1,0,"F",1,1,1,1,0,0,1,0,0,4.5,0,0,0,1
1.76999998092651,3.09999990463257,18,0,1,0,1.5,2.5,1,0,4,1,1,1,0,1,78.5,1,,1,2,4,0,1,0,0,0,1,"English",0,5,0,0,"F",0,0,1,1,1,1,1,0,0,3,1,0,1,1
1.94000005722046,2.73000001907349,18,0,1,1,3.5,5,1,1,6,0,0,1,1,1,80.3000030517578,0,63.6666679382324,1,2,4,0,1,0,1,0,4,"Other",0,6,0,0,"M",0,0,0,0,0,0,0,0,0,5,0,0,0,1
0.899999976158142,1.74000000953674,18,0,1,1,1.5,3.5,1,1,7,1,0,1,0,0,71.8000030517578,1,66,0,1,2,0,0,0.5,1,1,6,"English",0,6,0,1,"M",0,0,0,0,0,0,0,0,0,3,0,0,0,1
1.87999999523163,2.54999995231628,18,0,1,0,2,2.5,1,0,3,0,1,1,0,1,86.6999969482422,1,64,1,3,4,0,1,0,1,0,2,"Other",0,6,0,0,"F",1,1,1,1,0,0,1,0,0,3.5,0,0,0,1
1.89999997615814,,19,1,1,1,3,0,1,0,5,1,0,1,1,0,72.9000015258789,0,70,1,1,4,0,1,2,1,0,2,"English",0,6,0,1,"M",0,0,0,0,0,0,0,0,0,5,0,0,0,1
0.930000007152557,,18,0,1,1,2,0,1,0,3,1,0,1,0,0,76.6999969482422,1,70,1,2,3,0,0,2.5,1,0,3,"English",0,5,1,1,"M",0,0,0,0,0,0,0,0,0,4,0,0,0,1
2.80999994277954,2.80999994277954,18,0,1,1,3.5,3,1,1,6,0,1,1,1,1,83.6999969482422,1,80,1,3,1,0,0,0,0,0,9,"Other",0,6,0,0,"F",0,0,0,0,0,0,0,0,0,5,0,0,0,1
3.22000002861023,3.40000009536743,18,1,1,1,4,5,1,1,7,1,0,1,1,1,83,0,78.3333358764648,1,3,2,0,0,0,1,1,7,"English",0,5,0,0,"M",0,0,0,0,0,0,0,0,0,5,0,0,0,1
0.930000007152557,,19,0,1,1,2,0,1,1,6,1,1,1,0,0,73.6999969482422,0,42,0,1,4,0,1,0,1,0,4,"English",0,6,1,1,"F",0,0,0,0,0,0,0,0,0,4.5,0,0,0,1
3.03999996185303,3,19,1,1,0,3.5,3,1,1,6,0,1,1,1,1,85.5,0,71.5,1,3,5,1,0,2,1,1,6,"Other",0,5,0,0,"F",0,0,0,0,0,0,0,1,0,5,0,0,0,1
1.14999997615814,2.03999996185303,18,1,1,0,3,4,1,1,6,0,0,1,0,1,84.3000030517578,1,65,1,3,1,0,0,3,1,1,6,"Other",0,5,1,0,"M",1,1,1,1,0,0,1,0,0,5,0,0,0,1
2.70000004768372,,18,0,1,0,1.5,0,1,0,5,1,1,0,0,0,76.3000030517578,1,,1,2,3,0,0,0,1,0,2,"English",0,3,0,1,"F",0,0,1,0,1,0,0,0,0,3,0,0,0,1
2.89000010490417,2.86999988555908,21,1,1,1,3,3.5,0,0,9,0,0,1,1,1,78.8000030517578,0,81.5,1,2,3,0,0,0,0,0,9,"Other",0,4,0,0,"M",0,0,0,0,0,0,0,0,0,4,0,0,0,1
1.42999994754791,2.46000003814697,18,0,1,1,2.5,2.5,0,0,9,1,1,1,0,1,80.3000030517578,1,64,1,2,3,0,0,0,0,0,9,"English",0,4,1,0,"F",0,0,0,0,0,0,0,0,0,4,0,0,0,1
1,2.03999996185303,18,0,1,1,2,2,1,1,7,1,1,1,0,0,79.5,0,50,0,2,3,0,0,3,1,0,5,"English",0,5,1,1,"F",0,0,0,0,0,0,0,0,0,5,0,0,0,1
2.29999995231628,2.21000003814697,18,0,1,1,3.5,3.5,1,1,6,0,0,1,1,1,80.6999969482422,1,67.5,1,2,3,0,0,2,1,0,2,"Other",0,5,0,0,"M",0,0,0,0,0,0,0,0,0,5,0,0,0,1
2.25,2.32999992370605,18,0,1,1,4,3.5,1,0,4,0,0,1,1,1,71.8000030517578,1,68,1,1,3,0,0,2,1,1,6,"Other",0,5,0,0,"M",0,0,0,0,0,0,0,0,0,5,0,0,0,1
2.16000008583069,2.33999991416931,18,0,1,1,3,3.5,1,0,3,1,0,1,1,1,75.5,0,70.5,1,1,1,0,0,0,0,0,1,"English",0,5,0,0,"M",0,0,0,0,0,0,0,0,0,4,0,0,0,1
0.810000002384186,1.25999999046326,18,1,1,1,1.5,3.5,1,1,7,1,1,1,0,0,71.3000030517578,1,61,1,1,1,0,0,1,1,1,8,"English",0,6,0,1,"F",0,0,0,0,0,0,0,0,0,4,0,0,0,1
1.10000002384186,2.52999997138977,19,0,1,1,2.5,1.5,1,1,6,1,1,1,0,0,75,1,60,1,1,4,0,1,0,1,1,6,"English",0,6,1,1,"F",0,0,0,0,0,0,0,0,0,4,0,0,0,1
0.899999976158142,,18,0,1,0,1,1,0,0,1,0,1,1,0,0,77.8000030517578,1,57,1,2,3,0,0,0,0,0,1,"Other",0,4,0,0,"F",0,0,0,0,0,0,1,1,1,1.5,1,0,1,1
3.21000003814697,2.91000008583069,18,0,1,1,4,3.5,1,1,7,1,1,1,1,1,85.3000030517578,0,75.6666641235352,0,3,1,0,0,0,1,0,3,"English",0,4,0,0,"F",0,0,0,0,0,0,0,0,0,4.5,0,0,0,1
1.64999997615814,1.88999998569489,18,0,1,0,3.5,4,1,0,2,1,0,1,1,1,77.3000030517578,0,70,1,2,2,0,0,0,1,0,2,"English",0,6,0,0,"M",1,1,1,1,0,0,1,0,0,5,0,0,0,1
2.16000008583069,1.9099999666214,19,1,1,1,2.5,4,1,1,8,1,0,1,1,1,84,0,60,1,3,4,0,1,2,0,0,9,"English",0,4,0,0,"M",0,0,0,0,0,0,0,0,0,4,0,0,0,1
0.769999980926514,2.33999991416931,18,0,1,1,2.5,4,1,1,6,1,0,1,0,1,79.3000030517578,1,55.5,0,2,3,0,0,0,1,1,6,"English",0,5,1,0,"M",0,0,0,0,0,0,0,0,0,4.5,0,0,0,1
2,3.20000004768372,19,1,1,1,1,1,1,1,6,1,0,0,0,0,79.3000030517578,0,,1,2,3,0,0,0,1,0,4,"English",0,2,0,0,"M",0,0,0,0,0,0,0,0,0,2,0,0,0,1
2.02999997138977,1.51999998092651,18,0,1,1,1.5,1,1,0,2,1,1,1,0,1,82.6999969482422,0,73,1,3,3,0,0,1,0,0,1,"English",0,6,0,0,"F",0,0,0,0,0,0,0,0,0,3,0,0,0,1
0.46000000834465,2.09999990463257,19,0,1,1,1,2.5,1,1,6,0,1,0,0,0,71.8000030517578,0,60,1,1,1,0,0,1,1,1,6,"Other",0,5,1,1,"F",0,0,0,0,0,0,0,0,0,4,0,0,0,1
0.25,3.24000000953674,19,0,1,1,1,3.5,1,1,6,1,0,1,0,1,81.3000030517578,1,56,1,3,3,0,0,3,1,1,6,"English",0,4,1,0,"M",0,0,0,0,0,0,0,0,0,4,0,0,0,1
0.800000011920929,1.42999994754791,18,0,1,1,2.5,2.5,1,0,4,1,0,1,0,0,81,0,61,1,3,1,0,0,3,1,0,2,"English",0,5,1,0,"M",0,0,0,0,0,0,0,0,0,5,0,0,0,1
0.610000014305115,,18,0,1,0,1.5,0,1,1,7,1,1,1,0,0,76,1,66.5,1,1,1,0,0,0,1,1,6,"English",0,5,1,0,"F",0,0,0,0,0,0,1,1,1,5,0,0,0,1
1.55999994277954,0,18,0,1,0,2.5,0,1,0,2,1,0,1,1,0,85,0,,0,3,4,0,1,3,1,0,2,"English",0,6,0,1,"M",0,0,0,0,0,0,1,1,1,5,0,0,0,1
1.60000002384186,1.52999997138977,18,1,1,0,1,2,1,0,5,1,1,0,1,1,76.8000030517578,0,,1,2,4,0,1,0,1,0,5,"English",0,5,0,0,"F",1,0,1,0,0,0,0,0,0,4,0,0,0,1
2.96000003814697,1.95000004768372,18,0,1,1,3,3,0,0,1,0,0,0,0,1,77.1999969482422,1,85,0,2,2,0,0,0,0,0,9,"Other",0,3,0,0,"M",0,0,0,0,0,0,0,0,0,3.5,0,0,0,1
0.230000004172325,1.13999998569489,18,1,1,0,0.5,2,1,0,4,1,0,1,0,0,74.8000030517578,1,,1,1,3,0,0,2,1,0,2,"English",0,5,0,1,"M",1,1,1,1,0,0,1,0,0,3,0,0,0,1
1.62000000476837,2.0699999332428,18,0,1,1,2,4.5,1,1,6,1,1,0,1,1,76.5,0,43,1,2,2,0,0,2.5,1,0,4,"English",0,6,0,0,"F",0,0,0,0,0,0,0,0,0,4.5,0,0,0,1
0,,19,0,1,1,0,0,0,0,9,1,1,0,0,0,74.1999969482422,1,35,1,1,2,0,0,1,0,0,9,"English",0,6,0,1,"F",0,0,0,0,0,0,0,0,0,3.5,0,0,0,1
2.74000000953674,3.14000010490417,18,0,1,1,2.5,5,1,1,6,0,1,1,1,1,78.8000030517578,1,66,1,2,3,0,0,2,1,0,2,"Other",0,5,0,0,"F",0,0,0,0,0,0,0,0,0,5,0,0,0,1
1.21000003814697,2.92000007629395,18,1,1,1,3,2.5,1,1,6,1,1,1,0,1,83,1,67.5,1,3,3,0,0,3,1,1,6,"English",0,5,1,0,"F",0,0,0,0,0,0,0,0,0,5,0,0,0,1
0.5,,18,0,1,1,1,0,1,0,2,0,0,1,0,0,75.8000030517578,0,63,1,1,1,0,0,0,1,1,7,"Other",0,5,1,1,"M",0,0,0,0,0,0,0,0,0,4,0,0,0,1
1.05999994277954,0.28999999165535,19,0,1,1,1.5,0.5,1,1,6,0,1,1,0,0,73.5,1,44,1,1,3,0,0,0,1,0,2,"Other",0,5,0,0,"F",0,0,0,0,0,0,0,0,0,3.5,0,0,0,1
0.140000000596046,,18,1,1,0,0.5,0,1,1,6,1,0,0,0,0,78.8000030517578,0,45,1,2,4,0,1,1,1,1,6,"English",0,3,0,1,"M",0,0,0,0,0,0,1,1,1,3.5,0,0,0,1
0.740000009536743,1.20000004768372,19,0,1,1,1.5,1.5,1,0,5,0,0,0,0,0,80.4000015258789,1,53,0,2,4,0,1,0.5,1,0,2,"Other",0,3,0,1,"M",0,0,0,0,0,0,0,0,0,3,0,0,0,1
2.75,2.70000004768372,18,0,1,1,2.5,4,1,0,3,1,0,1,1,1,82,0,77,1,3,3,0,0,0,1,1,6,"English",0,4,0,0,"M",0,0,0,0,0,0,0,0,0,4,0,0,0,1
0,0,18,0,1,1,0,0,1,1,7,1,1,1,0,0,75.8000030517578,1,,1,1,3,0,0,0,1,1,7,"English",0,5,1,0,"F",0,0,0,0,0,0,0,0,0,4,0,0,0,1
0,,19,0,1,1,0,0,1,0,2,1,0,1,0,0,73.8000030517578,0,27,1,1,3,0,0,0,1,0,2,"English",0,5,0,1,"M",0,0,0,0,0,0,0,0,0,2,0,0,0,1
1.38999998569489,2.36999988555908,18,0,1,1,2,4.5,1,0,5,1,1,1,0,1,76,0,,1,1,2,0,0,0,1,0,2,"English",0,4,0,0,"F",0,0,0,0,0,0,0,0,0,3.5,0,0,0,1
0.939999997615814,0.730000019073486,18,0,1,1,2,1.5,1,0,2,1,1,1,0,0,72.5,0,60,1,1,2,0,0,0,1,0,4,"English",0,6,1,0,"F",0,0,0,0,0,0,0,0,0,5,0,0,0,1
0.680000007152557,0.569999992847443,18,1,1,0,1,1,1,1,6,1,1,1,0,0,71.5,0,,1,1,3,0,0,0,1,1,6,"English",0,5,1,0,"F",0,0,0,0,0,0,0,1,0,4,0,0,0,1
3,3.60999989509583,18,1,1,1,3,3.5,1,0,2,1,0,1,1,1,81.5,0,66,1,3,2,0,0,1,1,0,2,"English",0,5,0,0,"M",0,0,0,0,0,0,0,0,0,5,0,0,0,1
1.29999995231628,1.16999995708466,18,0,1,0,2.5,2,1,0,4,1,1,1,0,0,75.3000030517578,0,67,1,1,3,0,0,0,1,0,3,"English",0,6,1,0,"F",1,1,1,1,0,0,1,0,0,4,0,0,0,1
,,18,0,1,0,,,1,1,6,1,1,1,0,0,77.6999969482422,1,,0,2,4,0,1,0,1,1,6,"English",0,6,,,"F",0,0,1,1,1,1,1,0,0,0,0,0,0,1
3.00999999046326,2.96000003814697,19,0,1,1,3,2.5,1,0,4,1,0,1,0,1,80.1999969482422,0,75.6666641235352,1,2,3,0,0,0.5,1,0,2,"English",0,5,0,0,"M",0,0,0,0,0,0,0,0,0,3.5,0,0,0,1
3.07999992370605,3.30999994277954,18,0,1,1,3.5,3.75,1,0,3,1,1,1,1,1,86.3000030517578,0,80,0,3,3,0,0,0,1,0,4,"English",0,6,0,0,"F",0,0,0,0,0,0,0,0,0,4.5,0,0,0,1
0.629999995231628,,18,0,1,1,1.5,0,1,1,7,0,1,1,0,0,69.4000015258789,1,55.5,0,1,3,0,0,0,1,1,7,"Other",0,6,0,1,"F",0,0,0,0,0,0,0,0,0,4.5,0,0,0,1
1.86000001430511,2.59999990463257,18,0,1,1,2.5,3,0,0,9,0,0,0,0,1,79.8000030517578,1,59,1,2,2,0,0,1.5,0,0,9,"Other",0,6,0,0,"M",0,0,0,0,0,0,0,0,0,5,0,0,0,1
0.839999973773956,1.78999996185303,18,0,1,0,2,2.5,1,1,6,1,0,0,0,0,78.8000030517578,1,50,1,2,3,0,0,2,1,0,4,"English",0,6,1,1,"M",1,1,1,1,0,0,1,0,0,4,0,0,0,1
2.22000002861023,0.810000002384186,18,0,1,0,3,1.5,1,0,4,0,0,1,1,1,79.8000030517578,1,60,1,2,1,0,0,4,1,0,4,"Other",0,5,0,0,"M",0,0,1,1,1,1,1,0,0,5,1,0,1,1
3.11999988555908,,22,0,1,0,3,0,1,1,8,0,1,0,1,0,86.6999969482422,1,70,1,3,3,0,0,3,1,1,7,"Other",0,5,0,1,"F",0,0,0,0,0,0,1,1,1,5,1,1,1,1
1.62999999523163,2.6800000667572,18,0,1,1,2,4,1,1,7,0,1,1,0,1,83.5,1,71,0,3,3,0,0,1,1,1,6,"Other",0,5,0,0,"F",0,0,0,0,0,0,0,0,0,4,0,0,0,1
1.54999995231628,1.25,18,0,1,1,2.5,3,1,1,7,1,0,1,0,0,74.6999969482422,1,67.5,1,1,3,0,0,0,0,0,1,"English",0,4,0,1,"M",0,0,0,0,0,0,0,0,0,4,0,0,0,1
1.61000001430511,2.51999998092651,18,0,1,1,3,2.5,0,0,9,0,1,1,0,1,75,1,61.3333320617676,1,1,3,0,0,1,1,0,2,"Other",0,4,0,0,"F",0,0,0,0,0,0,0,0,0,3.5,0,0,0,1
0.389999985694885,,18,1,1,0,1,0,1,0,2,0,0,0,0,0,79,0,56.5,0,2,3,0,0,0,1,0,2,"Other",0,4,0,1,"M",1,0,1,0,0,0,0,0,0,3.5,0,0,0,1
1.61000001430511,1.96000003814697,18,0,1,1,3.5,2,1,1,8,1,0,1,1,1,81.3000030517578,1,68.6666641235352,1,3,4,0,1,0,1,1,6,"English",0,5,0,0,"M",0,0,0,0,0,0,0,0,0,5,0,0,0,1
0,,22,1,1,0,0,0,1,0,4,0,1,0,0,0,75.6999969482422,1,,1,1,4,0,1,1,1,0,2,"Other",0,3,0,1,"F",0,0,0,0,0,0,1,1,1,2,0,0,0,1
1.83000004291534,2.58999991416931,18,0,1,0,3,3.5,1,0,2,1,1,1,0,1,83.1999969482422,0,67,0,3,2,0,0,0,1,0,2,"English",0,4,0,0,"F",0,0,1,1,1,1,1,0,0,3,0,0,0,1
3.35999989509583,3.04999995231628,18,0,1,0,3,3,1,1,7,1,0,1,1,1,84.6999969482422,1,74,1,3,1,0,0,3,1,1,7,"English",0,5,0,0,"M",0,0,0,0,0,0,1,1,1,5,1,1,1,1
1.13999998569489,1.11000001430511,18,0,1,0,2.5,1.5,1,1,6,1,1,1,0,0,80,1,61,1,2,1,0,0,1,1,1,6,"English",0,6,0,1,"F",1,1,1,1,0,0,1,0,0,4,0,0,0,1
0.689999997615814,,18,0,1,1,2,0,0,0,1,1,1,1,0,0,72.3000030517578,1,63,1,1,2,0,0,0,1,0,2,"English",0,6,0,1,"F",0,0,0,0,0,0,0,0,0,3.5,0,0,0,1
1.92999994754791,1.97000002861023,18,0,1,0,3,3.25,0,0,1,1,1,1,1,1,73.6999969482422,0,58.5,0,1,1,0,0,0,0,0,1,"English",0,6,0,0,"F",0,0,0,0,0,0,1,1,1,5,0,0,0,1
2.82999992370605,2.52999997138977,18,0,1,0,4.5,4,0,0,1,1,1,1,1,1,77,1,76.25,1,2,3,0,0,0.5,1,0,2,"English",0,6,0,0,"F",0,0,1,0,1,0,0,0,0,5,0,0,0,1
3.07999992370605,2.76999998092651,18,0,1,0,3,5,1,1,8,1,1,1,1,1,82.1999969482422,1,74.5,1,3,5,1,0,1,0,0,9,"English",0,5,0,0,"F",1,0,1,0,0,0,0,0,0,4.5,0,0,0,1
,,18,0,1,0,0,0,1,0,4,1,1,1,0,0,70,0,17,1,1,4,0,1,0.5,1,1,6,"English",0,4,0,1,"F",1,1,1,1,0,0,1,0,0,0.5,0,0,0,1
1.73000001907349,1.5,19,0,1,1,2,2,1,1,6,0,0,1,0,1,75.8000030517578,0,63,1,1,1,0,0,0,1,0,4,"Other",0,5,0,0,"M",0,0,0,0,0,0,0,0,0,3,0,0,0,1
2.4300000667572,2.59999990463257,18,0,1,0,2,2,1,1,6,1,1,1,1,1,81,0,,1,3,3,0,0,0,1,1,6,"English",0,6,0,0,"F",1,0,1,0,0,0,0,0,0,4,0,0,0,1
2.29999995231628,3.4300000667572,17,0,1,1,2,2,1,1,7,1,1,0,0,1,81,0,77,1,3,1,0,0,0,1,1,6,"English",0,4,0,0,"F",0,0,0,0,0,0,0,0,0,3,0,0,0,1
0.610000014305115,,18,0,1,1,1.5,0,1,1,7,1,1,1,0,0,80.3000030517578,1,53,1,2,4,0,1,3,1,0,5,"English",0,4,1,1,"F",0,0,0,0,0,0,0,0,0,4,0,0,0,1
2.13000011444092,1.8400000333786,18,0,1,1,2,3.5,1,0,5,1,1,0,0,1,77.3000030517578,0,61,0,2,3,0,0,1,1,0,5,"English",0,6,0,0,"F",0,0,0,0,0,0,0,0,0,3.5,0,0,0,1
2.26999998092651,2.54999995231628,18,0,1,1,3.5,3.5,1,0,4,1,1,1,1,1,73.5,1,69.5,1,1,4,0,1,1,1,0,2,"English",0,6,0,0,"F",0,0,0,0,0,0,0,0,0,5,0,0,0,1
1.53999996185303,2.15000009536743,18,0,1,0,3,4,1,0,4,1,0,1,1,1,75.3000030517578,1,68,1,1,4,0,1,0,1,0,4,"English",0,5,0,0,"M",0,0,0,0,0,0,0,1,0,5,0,0,0,1
1.76999998092651,2.03999996185303,19,1,1,1,2,3,1,0,2,1,1,1,0,1,75.8000030517578,0,75,1,1,2,0,0,2,1,1,6,"English",0,5,0,0,"F",0,0,0,0,0,0,0,0,0,3.5,0,0,0,1
0.910000026226044,0.400000005960464,21,0,1,0,2.5,0.5,1,1,7,0,0,1,0,0,72.1999969482422,1,57.5,0,1,2,0,0,0,1,1,6,"Other",0,5,1,0,"M",0,0,1,0,1,0,0,0,0,4,0,0,0,1
1.54999995231628,3.30999994277954,18,0,1,1,2,5,1,0,3,1,1,1,1,1,86.1999969482422,1,64,0,3,2,0,0,2,1,0,4,"English",0,5,0,0,"F",0,0,0,0,0,0,0,0,0,4,0,0,0,1
1.26999998092651,1.6599999666214,18,0,1,1,2.5,3,1,1,6,0,1,1,0,0,74.5,1,55,1,1,4,0,1,1.5,1,1,6,"Other",0,5,1,0,"F",0,0,0,0,0,0,0,0,0,4.5,0,0,0,1
2.91000008583069,3.67000007629395,19,0,1,0,4.5,4,1,0,4,1,0,1,1,1,73.1999969482422,1,73.75,1,1,4,0,1,1,1,0,4,"English",0,5,0,0,"M",1,1,1,1,0,0,1,0,0,5,0,0,0,1
2.70000004768372,0.579999983310699,19,0,1,1,1.5,2,1,1,6,1,1,1,0,1,81.1999969482422,1,,1,3,3,0,0,2,1,1,6,"English",0,5,0,0,"F",0,0,0,0,0,0,0,0,0,3,0,0,0,1
3.41000008583069,3,18,1,1,0,3.5,3.5,0,0,1,1,1,1,1,1,83,0,86,1,3,2,0,0,1,1,0,3,"English",0,5,0,0,"F",0,0,0,0,0,0,1,1,1,5,0,0,0,1
3.14000010490417,3.36999988555908,18,0,1,1,2.5,3,1,0,5,1,1,1,1,1,80,0,,1,2,4,0,1,0,1,0,3,"English",0,5,0,0,"F",0,0,0,0,0,0,0,0,0,5,0,0,0,1
1.16999995708466,1.82000005245209,18,0,1,1,2.5,2,1,0,4,1,1,1,0,0,80.3000030517578,0,66.5,1,2,4,0,1,1,1,0,2,"English",0,6,1,1,"F",0,0,0,0,0,0,0,0,0,5,0,0,0,1
1.11000001430511,0.490000009536743,18,1,1,1,1,1.5,1,1,6,1,0,0,0,0,80.3000030517578,0,67,1,2,3,0,0,1,1,0,4,"English",0,4,1,0,"M",0,0,0,0,0,0,0,0,0,4,0,0,0,1
1.23000001907349,1.73000001907349,18,0,1,0,2.5,2.5,1,0,2,0,0,0,0,1,74.1999969482422,0,62,1,1,4,0,1,4,1,0,2,"Other",0,4,1,0,"M",1,1,1,1,0,0,1,0,0,4,0,0,0,1
1.44000005722046,,18,1,1,0,2.5,0,1,0,2,0,0,1,0,0,87.3000030517578,1,61,1,3,1,0,0,3,1,0,2,"Other",0,6,1,1,"M",0,0,0,0,0,0,1,1,1,5,0,0,0,1
2.4300000667572,2.83999991416931,19,0,1,0,4,4,1,1,6,0,0,1,1,1,81,1,72.75,1,3,3,0,0,0,1,1,6,"Other",0,6,0,0,"M",0,0,0,0,0,0,0,1,0,4.5,0,0,0,1
2.6800000667572,2.73000001907349,18,1,1,1,3,3,0,0,9,1,1,1,1,1,81,0,84,1,3,5,1,0,0,0,0,9,"English",0,6,0,0,"F",0,0,0,0,0,0,0,0,0,5,0,0,0,1
0.100000001490116,0,18,0,1,0,0.5,0,1,0,2,1,0,1,0,0,72.8000030517578,1,50,1,1,4,0,1,1.5,1,0,2,"English",0,6,0,0,"M",0,0,0,0,0,0,0,1,0,3.5,0,0,0,1
3.24000000953674,2.86999988555908,19,0,1,1,3.5,3.5,1,1,8,0,1,1,1,1,76.1999969482422,1,83.6666641235352,1,1,2,0,0,0,1,1,7,"Other",0,4,0,0,"F",0,0,0,0,0,0,0,0,0,4,0,0,0,1
0.680000007152557,0.469999998807907,18,0,1,0,1.5,1,1,1,6,1,0,1,0,0,73.8000030517578,0,,1,1,3,0,0,4,1,1,6,"English",0,4,1,0,"M",1,1,1,1,0,0,1,0,0,4,0,0,0,1
2.09999990463257,,18,1,1,0,2,0,1,0,4,1,1,1,0,0,80.8000030517578,0,67,1,3,3,0,0,3,1,1,8,"English",0,5,0,1,"F",0,0,0,0,0,0,0,1,0,3,0,0,0,1
1.12000000476837,,18,0,1,0,3,0,1,0,3,0,1,1,0,0,74.5,1,61.5,1,1,4,0,1,0.5,1,0,2,"Other",0,6,1,1,"F",1,1,1,1,0,0,1,0,0,5,0,0,0,1
1.29999995231628,2.80999994277954,18,0,1,0,2,2.5,1,1,7,1,1,1,0,1,86.1999969482422,1,77,1,3,4,0,1,1,1,0,3,"English",0,6,1,0,"F",0,0,1,0,1,0,0,0,0,4,0,0,0,1
,,20,1,1,1,,,1,0,4,1,0,0,0,0,77.1999969482422,1,,0,2,5,1,0,0,1,0,4,"English",1,1,,,"M",0,0,0,0,0,0,0,0,0,0,0,0,0,1
2.74000000953674,3.23000001907349,18,0,1,1,3,3,1,1,7,1,0,1,1,1,75,0,77,1,1,2,0,0,0,1,0,4,"English",0,6,0,0,"M",0,0,0,0,0,0,0,0,0,4.5,0,0,0,1
2.4300000667572,2.39000010490417,18,0,1,0,3,4.5,0,0,9,0,1,1,1,1,85,1,56,1,3,4,0,1,4,0,0,9,"Other",0,5,0,0,"F",0,0,0,0,0,0,0,1,0,5,0,0,0,1
1.5900000333786,2.1800000667572,18,1,1,0,3,4.5,1,1,7,0,1,1,1,1,74.5,1,66,1,1,2,0,0,3,1,1,6,"Other",0,6,0,0,"F",0,0,0,0,0,0,1,1,1,5,0,0,0,1
1.04999995231628,0.939999997615814,19,1,1,0,2,1,1,0,2,1,1,1,0,0,79.1999969482422,0,75,1,2,3,0,0,0,1,0,2,"English",0,6,1,0,"F",0,0,1,0,1,0,0,0,0,4,0,0,0,1
1.08000004291534,1.98000001907349,18,0,1,1,2.5,2,1,1,6,1,1,1,0,0,76.8000030517578,1,59.5,1,2,3,0,0,3.5,0,0,9,"English",0,5,1,1,"F",0,0,0,0,0,0,0,0,0,5,0,0,0,1
0.850000023841858,1.91999995708466,18,0,1,0,1.5,2,1,0,4,0,1,0,0,1,69.8000030517578,0,61,0,1,3,0,0,0,1,0,4,"Other",0,3,0,0,"F",0,0,1,1,1,1,1,0,0,3,0,0,0,1
3.0699999332428,,19,0,1,0,3.25,2,1,1,6,1,1,1,1,1,81.1999969482422,0,74,0,3,3,0,0,0,1,0,2,"English",0,6,0,0,"F",1,1,1,1,0,0,1,0,0,4.5,0,0,0,1
2.30999994277954,2.61999988555908,18,0,1,1,3,4.5,1,1,6,1,1,1,0,1,74,0,69.3333358764648,1,1,1,0,0,0,1,1,7,"English",0,5,0,0,"F",0,0,0,0,0,0,0,0,0,4.5,0,0,0,1
1.22000002861023,,17,0,1,1,1.5,0,1,1,7,0,1,1,0,0,82.8000030517578,0,52,0,3,4,0,1,0.5,1,0,4,"Other",0,5,0,1,"F",0,0,0,0,0,0,0,0,0,3,0,0,0,1
1.88999998569489,1.77999997138977,19,0,1,0,3,4.5,1,0,4,1,1,1,1,1,71.6999969482422,1,74,0,1,3,0,0,0,0,0,1,"English",0,6,0,0,"F",0,0,0,0,0,0,1,1,1,4.5,1,0,1,1
0.600000023841858,1.33000004291534,18,1,1,1,2,1.25,0,0,9,1,1,1,0,0,73.5,1,54,1,1,3,0,0,0,1,1,6,"English",0,5,1,0,"F",0,0,0,0,0,0,0,0,0,4,0,0,0,1
1.20000004768372,0,18,0,1,0,1.5,0,1,1,6,1,1,1,0,0,82.6999969482422,0,57.3333320617676,0,3,3,0,0,0,1,0,2,"English",0,4,0,1,"F",1,1,1,1,0,0,1,0,0,2.5,0,0,0,1
2.82999992370605,3,19,0,1,1,3.5,2.5,1,1,8,1,1,1,1,1,84.1999969482422,1,69.5,0,3,3,0,0,3,1,1,6,"English",0,6,0,0,"F",0,0,0,0,0,0,0,0,0,5,0,0,0,1
0,,19,0,1,1,0,0,1,1,7,1,1,1,0,0,78.8000030517578,0,,1,2,1,0,0,0,1,0,2,"English",0,3,0,1,"F",0,0,0,0,0,0,0,0,0,3,0,0,0,1
0.75,1.28999996185303,18,0,1,1,1.5,2.5,1,0,2,1,1,1,0,0,73,1,64,1,1,3,0,0,0,1,0,4,"English",0,4,1,0,"F",0,0,0,0,0,0,0,0,0,4,0,0,0,1
1.88999998569489,3.69000005722046,19,1,1,0,3,3,1,1,7,1,0,1,1,1,84.3000030517578,0,67,1,3,1,0,0,2,1,0,5,"English",0,5,0,0,"M",1,1,1,1,0,0,1,0,0,4,0,0,0,1
0.430000007152557,0.270000010728836,19,0,1,0,1,1.5,1,0,3,1,1,0,0,0,72.6999969482422,1,,1,1,2,0,0,0,1,0,5,"English",0,6,1,0,"F",1,1,1,1,0,0,1,0,0,4,0,0,0,1
1.58000004291534,0,18,0,1,1,1.5,0,1,0,5,0,1,1,0,0,80.3000030517578,1,57,1,2,4,0,1,0,1,0,2,"Other",0,6,0,1,"F",0,0,0,0,0,0,0,0,0,2,0,0,0,1
2.40000009536743,3.63000011444092,18,0,1,0,2,2,1,1,6,0,1,1,0,1,84.3000030517578,1,60,1,3,3,0,0,1.5,1,1,6,"Other",0,5,0,0,"F",0,0,1,1,1,1,1,0,0,3.5,1,0,1,1
3.08999991416931,3.38000011444092,19,0,1,0,3,3.5,1,1,6,1,1,1,1,1,78.8000030517578,1,68.5,1,2,2,0,0,0,1,0,4,"English",0,5,0,0,"F",0,0,0,0,0,0,1,1,1,4.5,1,0,1,1
0.649999976158142,,18,1,1,1,0.5,0,1,0,4,1,1,1,0,0,81,0,40,0,3,5,1,0,0,1,0,4,"English",0,6,0,1,"F",0,0,0,0,0,0,0,0,0,4,0,0,0,1
0.740000009536743,1.74000000953674,18,0,1,1,2,2.5,1,1,7,1,1,1,0,0,76.5,1,53,0,2,4,0,1,3,1,1,6,"English",0,6,1,1,"F",0,0,0,0,0,0,0,0,0,4.5,0,0,0,1
2.78999996185303,3.57999992370605,19,0,1,1,2.5,6.5,1,0,4,1,0,0,0,1,80.8000030517578,0,82,0,3,2,0,0,1,1,0,4,"English",0,4,0,0,"M",0,0,0,0,0,0,0,0,0,4.5,0,0,0,1
1.55999994277954,2.58999991416931,19,1,1,1,3,4,1,1,6,1,1,1,0,1,78.1999969482422,0,61.5,1,2,3,0,0,2,1,1,6,"English",0,4,0,0,"F",0,0,0,0,0,0,0,0,0,3.5,0,0,0,1
1.62000000476837,0.800000011920929,18,0,1,0,3,1.5,1,0,5,1,1,1,1,0,76,1,31,1,1,2,0,0,0,1,1,7,"English",0,6,0,1,"F",0,0,0,0,0,0,1,1,1,5,0,0,0,1
3.64000010490417,2.61999988555908,18,0,1,1,2.5,2.5,0,0,1,1,0,1,1,1,77.3000030517578,0,83,1,2,3,0,0,1,0,0,1,"English",0,4,0,0,"M",0,0,0,0,0,0,0,0,0,4,0,0,0,1
1.62999999523163,1.12999999523163,19,0,1,1,2.5,2,1,1,6,0,0,0,1,0,76.3000030517578,1,78,1,2,1,0,0,0,1,1,7,"Other",0,5,0,1,"M",0,0,0,0,0,0,0,0,0,4,0,0,0,1
0.810000002384186,,18,0,1,0,1,0,1,0,4,1,0,1,0,0,74.8000030517578,1,35,1,1,3,0,0,0,1,0,5,"English",0,6,1,1,"M",0,0,1,1,1,1,1,0,0,5,0,0,0,1
3.13000011444092,2.67000007629395,18,1,1,1,3.5,3,1,0,2,0,1,1,1,1,86,1,75.5,1,3,4,0,1,0,1,1,6,"Other",0,5,0,0,"F",0,0,0,0,0,0,0,0,0,5,0,0,0,1
1.24000000953674,0.860000014305115,19,1,1,1,2.5,1.5,1,1,7,1,1,1,0,0,82,1,63,0,3,3,0,0,1.5,1,1,6,"English",0,5,0,1,"F",0,0,0,0,0,0,0,0,0,5,0,0,0,1
0.850000023841858,,18,0,1,1,2,0,0,0,9,0,1,1,0,0,86.1999969482422,1,59,0,3,4,0,1,2,0,0,9,"Other",0,5,1,1,"F",0,0,0,0,0,0,0,0,0,4,0,0,0,1
,,22,0,1,0,,,0,0,9,1,0,0,0,0,87,1,,1,3,1,0,0,0,1,0,2,"English",1,1,,,"M",0,0,0,0,0,0,0,1,0,0,0,0,0,1
1.02999997138977,1.62999999523163,18,0,1,1,1.5,2,1,0,4,1,1,0,0,0,74.1999969482422,0,,1,1,2,0,0,1,1,0,2,"English",0,6,1,0,"F",0,0,0,0,0,0,0,0,0,4,0,0,0,1
3.46000003814697,3.25,18,0,1,1,3,4.5,1,1,7,0,0,1,1,1,86.3000030517578,1,76,1,3,4,0,1,3,1,1,7,"Other",0,5,0,0,"M",0,0,0,0,0,0,0,0,0,4,0,0,0,1
1.0900000333786,1.9099999666214,19,0,1,1,2,3.5,1,1,6,0,1,1,0,1,78.6999969482422,1,71,1,2,3,0,0,2,1,1,6,"Other",0,4,1,0,"F",0,0,0,0,0,0,0,0,0,4,0,0,0,1
2,1.57000005245209,18,0,1,1,2,3,0,0,9,1,1,1,1,1,74,1,,1,1,3,0,0,0,1,0,2,"English",0,4,0,0,"F",0,0,0,0,0,0,0,0,0,4,0,0,0,1
1.23000001907349,1.29999995231628,17,1,1,0,1.5,0.5,1,1,7,1,1,0,0,0,78.4000015258789,1,,0,2,4,0,1,0,1,1,7,"English",0,6,0,1,"F",1,1,1,1,0,0,1,0,0,4,0,0,0,1
2.5,2.83999991416931,18,1,1,1,2,3.5,1,1,6,1,1,1,1,1,78.3000030517578,1,,1,2,1,0,0,0,1,1,6,"English",0,4,0,0,"F",0,0,0,0,0,0,0,0,0,4,0,0,0,1
1.70000004768372,0.430000007152557,18,0,1,0,2.5,0.5,1,1,8,1,1,1,0,0,74.5,0,66,1,1,4,0,1,0,1,1,7,"English",0,6,0,1,"F",0,0,1,1,1,1,1,0,0,4,0,0,0,1
0.340000003576279,,18,0,1,1,1,0,1,0,2,0,0,1,0,0,77,1,,0,2,4,0,1,4,1,0,2,"Other",0,6,1,1,"M",0,0,0,0,0,0,0,0,0,5,0,0,0,1
1.92999994754791,2.08999991416931,18,1,1,1,1.5,3,1,0,2,1,0,1,0,1,77.8000030517578,0,65,1,2,1,0,0,0,1,0,3,"English",0,4,0,0,"M",0,0,0,0,0,0,0,0,0,2.5,0,0,0,1
2.3199999332428,0.600000023841858,18,1,1,1,3.5,1.5,1,1,8,1,0,1,1,1,84.6999969482422,0,73,1,3,4,0,1,0,1,1,6,"English",0,5,0,0,"M",0,0,0,0,0,0,0,0,0,5,0,0,0,1
2.09999990463257,1.92999994754791,18,0,1,1,2,3.5,1,1,6,1,1,1,1,1,76,0,,1,1,2,0,0,0,0,0,9,"English",0,4,0,0,"F",0,0,0,0,0,0,0,0,0,4,0,0,0,1
2.59999990463257,2.82999992370605,19,0,1,0,2.5,2.5,0,0,1,1,1,1,1,1,75.8000030517578,0,74,1,1,1,0,0,0,0,0,1,"English",0,5,0,0,"F",0,0,1,1,1,1,1,0,0,4,0,0,0,1
0.28999999165535,0.140000000596046,18,0,1,0,0.5,0.5,0,0,9,1,0,1,0,0,75.8000030517578,1,42,1,1,1,0,0,1.5,1,1,8,"English",0,6,0,1,"M",0,0,0,0,0,0,1,1,1,4,0,0,0,1
1.20000004768372,0.200000002980232,18,0,1,1,2,0.5,1,0,4,0,1,1,0,0,74.8000030517578,0,52.5,0,1,3,0,0,0,1,0,2,"Other",0,4,0,1,"F",0,0,0,0,0,0,0,0,0,3,0,0,0,1
0.140000000596046,0,18,1,1,1,0.5,0,0,0,1,1,1,1,0,0,77.8000030517578,0,,1,2,4,0,1,0,1,0,2,"English",0,6,1,0,"F",0,0,0,0,0,0,0,0,0,5,0,0,0,1
2.29999995231628,1.08000004291534,18,0,1,1,3,3,1,0,4,1,0,1,1,1,76.3000030517578,1,64.3333358764648,1,2,3,0,0,0,1,1,6,"English",0,6,0,0,"M",0,0,0,0,0,0,0,0,0,4.5,0,0,0,1
1.58000004291534,0.930000007152557,18,0,1,0,2.5,2,1,0,5,1,1,1,1,0,83.5,1,67,1,3,4,0,1,1,1,1,6,"English",0,5,0,1,"F",0,0,0,0,0,0,1,1,1,4,0,0,0,1
2.55999994277954,1.24000000953674,18,0,1,0,3,1.5,1,0,5,1,1,1,1,1,81.8000030517578,1,78.5,1,3,3,0,0,0.5,1,0,2,"English",0,4,0,0,"F",0,0,0,0,0,0,1,1,1,4,0,0,0,1
1.87999999523163,2.79999995231628,18,1,1,0,3.5,4,1,0,4,1,1,1,1,1,78.8000030517578,1,62,1,2,4,0,1,0,1,0,4,"English",0,5,0,0,"F",0,0,1,1,1,1,1,0,0,4.5,0,0,0,1
1.77999997138977,0.620000004768372,18,0,1,0,2,1,1,1,6,0,0,1,0,0,74.1999969482422,1,62.5,1,1,2,0,0,0,1,0,5,"Other",0,4,0,1,"M",1,1,1,1,0,0,1,0,0,2,0,0,0,1
1.12000000476837,1.48000001907349,19,0,1,0,3,3,0,0,9,1,1,1,0,0,73.3000030517578,0,62.5,1,1,2,0,0,0,0,0,9,"English",0,6,1,0,"F",0,0,1,1,1,1,1,0,0,5,0,0,0,1
2.01999998092651,0.839999973773956,19,0,1,1,2.5,2,1,0,4,1,0,1,0,0,76.5,1,71,0,2,1,0,0,0.5,1,0,2,"English",0,6,0,1,"M",0,0,0,0,0,0,0,0,0,4,0,0,0,1
4,3.52999997138977,18,0,1,0,3.5,3,0,0,1,1,1,1,1,1,82,1,88,1,3,4,0,1,1.5,1,0,2,"English",0,5,0,0,"F",0,0,1,1,1,1,1,0,0,4.5,0,0,0,1
1.70000004768372,2.20000004768372,18,0,1,0,3,4,1,1,6,1,0,0,1,1,78.8000030517578,0,62,1,2,2,0,0,0.5,0,0,9,"English",0,6,0,0,"M",0,0,1,1,1,1,1,0,0,4.5,1,0,1,1
1.62999999523163,2.55999994277954,18,0,1,0,2,3.5,1,1,6,0,1,0,1,1,82.8000030517578,1,63,1,3,3,0,0,0,0,0,9,"Other",0,4,0,0,"F",1,1,1,1,0,0,1,0,0,4,0,0,0,1
0.660000026226044,2.59999990463257,19,1,1,0,1.5,2.5,1,0,4,0,1,1,0,0,72.6999969482422,1,57,1,1,3,0,0,3,1,0,2,"Other",0,4,1,1,"F",0,0,1,1,1,1,1,0,0,4,1,1,1,1
1.10000002384186,1.86000001430511,18,0,1,1,2,3.5,1,0,2,1,1,1,0,0,71.8000030517578,1,,1,1,3,0,0,2,1,1,6,"English",0,4,1,1,"F",0,0,0,0,0,0,0,0,0,4,0,0,0,1
1.03999996185303,1.17999994754791,19,0,1,1,3,2,0,0,1,0,1,0,0,0,74.6999969482422,0,56,0,1,2,0,0,1,0,0,1,"Other",0,6,1,0,"F",0,0,0,0,0,0,0,0,0,4,0,0,0,1
1.21000003814697,2.5699999332428,19,0,1,1,3,2,1,0,4,1,1,1,0,1,73.1999969482422,1,63,0,1,3,0,0,0.5,1,1,6,"English",0,6,1,0,"F",0,0,0,0,0,0,0,0,0,4.5,0,0,0,1
1.63999998569489,2.6800000667572,18,0,1,1,3,2,1,0,2,0,1,1,1,1,82,1,68,0,3,3,0,0,0,1,0,4,"Other",0,6,0,0,"F",0,0,0,0,0,0,0,0,0,5,0,0,0,1
0,,19,0,1,0,0,0,1,1,6,1,0,1,0,0,71.6999969482422,1,11,0,1,3,0,0,0,1,1,6,"English",0,5,1,1,"M",0,0,0,0,0,0,1,1,1,5,0,0,0,1
,,19,0,1,0,0.5,0,1,0,3,1,0,1,0,0,79.1999969482422,1,63,1,2,4,0,1,0.5,0,0,1,"English",0,5,0,1,"M",1,1,1,1,0,0,1,0,0,0.5,0,0,0,1
3.11999988555908,1.61000001430511,19,0,1,1,2.5,3.5,1,1,7,0,1,1,1,1,85.3000030517578,1,70,1,3,1,0,0,1,1,1,6,"Other",0,6,0,0,"F",0,0,0,0,0,0,0,0,0,4.5,0,0,0,1
1.87999999523163,2.09999990463257,18,0,1,1,3.5,4.5,1,0,5,1,0,1,1,1,80.8000030517578,1,66,1,3,3,0,0,3,1,0,2,"English",0,6,0,0,"M",0,0,0,0,0,0,0,0,0,5,0,0,0,1
1.94000005722046,1.9099999666214,19,1,1,0,3.5,4.5,1,0,2,1,0,0,1,1,79.8000030517578,0,71.6666641235352,1,2,2,0,0,3,1,0,4,"English",0,5,0,0,"M",0,0,0,0,0,0,1,1,1,5,0,0,0,1
3.36999988555908,2.63000011444092,18,1,1,0,3,2.5,1,0,2,0,1,1,1,1,83.5,1,87,1,3,2,0,0,1,1,0,2,"Other",0,5,0,0,"F",0,0,1,1,1,1,1,0,0,5,0,0,0,1
2.44000005722046,1.87000000476837,19,0,1,1,2.5,3,1,1,7,0,0,0,1,1,75.8000030517578,0,60,0,1,1,0,0,3.5,1,0,3,"Other",0,5,0,0,"M",0,0,0,0,0,0,0,0,0,4,0,0,0,1
2.07999992370605,2.63000011444092,18,0,1,1,3,4.5,1,1,7,1,0,1,1,1,80.8000030517578,1,61,1,3,3,0,0,0,1,1,7,"English",0,5,0,0,"M",0,0,0,0,0,0,0,0,0,4.5,0,0,0,1
2.0699999332428,2.00999999046326,18,0,1,0,3,2.5,1,0,2,1,0,0,1,1,80.1999969482422,0,80,1,2,1,0,0,2,1,0,5,"English",0,5,0,0,"M",1,1,1,1,0,0,1,0,0,4.5,0,0,0,1
1.53999996185303,2.00999999046326,18,1,1,0,3.5,4.5,1,1,6,1,1,1,1,1,80.5,0,58.3333320617676,1,2,3,0,0,2,1,0,2,"English",0,5,0,0,"F",1,1,1,1,0,0,1,0,0,5,0,0,0,1
3.73000001907349,3.46000003814697,18,0,1,1,3,3,1,1,6,0,1,1,1,1,80.8000030517578,0,82.5,1,3,2,0,0,1,1,1,6,"Other",0,4,0,0,"F",0,0,0,0,0,0,0,0,0,4,0,0,0,1
2.05999994277954,1.87000000476837,18,0,1,1,2.5,3.5,1,1,7,1,1,1,1,1,84.6999969482422,0,73,1,3,3,0,0,1,1,0,4,"English",0,5,0,0,"F",0,0,0,0,0,0,0,0,0,4,0,0,0,1
1.85000002384186,2.25999999046326,18,0,1,0,2,4,1,1,6,1,1,1,1,1,77.3000030517578,1,,1,2,3,0,0,3,1,1,6,"English",0,5,0,0,"F",0,0,1,1,1,1,1,0,0,4,1,0,1,1
3.6800000667572,3.83999991416931,18,0,1,1,3.5,3.5,1,1,6,1,0,1,1,1,82.3000030517578,1,81,1,3,3,0,0,0,1,1,6,"English",0,5,0,0,"M",0,0,0,0,0,0,0,0,0,4.5,0,0,0,1
1.66999995708466,2.40000009536743,18,1,1,1,1.5,2,1,0,2,0,0,1,0,1,85.5,1,,0,3,1,0,0,2,1,0,2,"Other",0,4,0,0,"M",0,0,0,0,0,0,0,0,0,3,0,0,0,1
0.790000021457672,1.26999998092651,18,1,1,1,2,1.5,1,1,6,1,0,1,0,0,72.1999969482422,0,61.5,0,1,2,0,0,0,1,1,6,"English",0,4,1,0,"M",0,0,0,0,0,0,0,0,0,4.5,0,0,0,1
2.6800000667572,2.23000001907349,18,0,1,1,3,4.5,1,0,5,1,0,1,1,1,84.6999969482422,1,67,1,3,4,0,1,5,1,0,4,"English",0,5,0,0,"M",0,0,0,0,0,0,0,0,0,5,0,0,0,1
3.25,3.11999988555908,18,0,1,1,3,3,1,1,6,0,1,1,1,1,79.1999969482422,0,75.5,1,2,3,0,0,1,1,1,6,"Other",0,5,0,0,"F",0,0,0,0,0,0,0,0,0,4,0,0,0,1
3.75,2.5,18,1,1,1,2.5,2.5,1,1,6,1,0,1,1,1,81.8000030517578,1,78,1,3,3,0,0,1,1,1,6,"English",0,5,0,0,"M",0,0,0,0,0,0,0,0,0,4,0,0,0,1
3.04999995231628,,18,0,1,1,3.5,0,0,0,9,1,1,1,1,0,81.1999969482422,0,76,0,3,2,0,0,0.5,0,0,9,"English",0,5,0,1,"F",0,0,0,0,0,0,0,0,0,4,0,0,0,1
0.439999997615814,0.569999992847443,18,0,1,1,1.5,1,1,0,2,1,1,1,0,0,75.6999969482422,1,63,1,1,2,0,0,0,0,0,1,"English",0,6,1,0,"F",0,0,0,0,0,0,0,0,0,5,0,0,0,1
1.13999998569489,2.51999998092651,18,0,1,1,2.5,3.5,1,1,6,0,0,1,0,1,72.8000030517578,0,68,1,1,2,0,0,1,1,0,4,"Other",0,4,1,0,"M",0,0,0,0,0,0,0,0,0,4.5,0,0,0,1
,,18,0,1,1,,,1,0,2,1,0,0,0,0,73.5,0,,1,1,1,0,0,0,1,1,6,"English",1,0,,,"M",0,0,0,0,0,0,0,0,0,0,0,0,0,1
1.02999997138977,1.95000004768372,18,1,1,1,2.5,3,1,1,6,1,0,1,0,0,73,0,59,1,1,3,0,0,3,1,1,6,"English",0,6,1,1,"M",0,0,0,0,0,0,0,0,0,5,0,0,0,1
1,1.5,18,0,1,1,1,2.25,1,0,4,1,1,1,0,0,78.3000030517578,0,56,1,2,2,0,0,1,1,0,2,"English",0,6,0,1,"F",0,0,0,0,0,0,0,0,0,3,0,0,0,1
2.44000005722046,2.52999997138977,18,0,1,1,4,3,1,0,4,1,0,0,1,1,81.5,1,71.6666641235352,1,3,4,0,1,3.5,1,0,2,"English",0,5,0,0,"M",0,0,0,0,0,0,0,0,0,5,0,0,0,1
1.91999995708466,2.84999990463257,18,0,1,1,4,2,1,0,4,1,1,1,1,1,81.1999969482422,1,65.6666641235352,1,3,3,0,0,0,1,0,3,"English",0,5,0,0,"F",0,0,0,0,0,0,0,0,0,5,0,0,0,1
1.0900000333786,1.83000004291534,18,0,1,1,2.5,2,1,1,6,0,1,1,0,0,77.8000030517578,0,73,1,2,3,0,0,2,1,1,6,"Other",0,5,1,1,"F",0,0,0,0,0,0,0,0,0,4.5,0,0,0,1
1.29999995231628,3.17000007629395,18,0,1,1,2.5,2.5,1,1,6,0,1,1,0,1,76.3000030517578,1,43,1,2,2,0,0,0.5,1,1,6,"Other",0,5,1,0,"F",0,0,0,0,0,0,0,0,0,4.5,0,0,0,1
0,,19,0,1,1,0,0,1,1,7,1,0,1,0,0,73.1999969482422,1,21,0,1,5,1,0,0,1,1,7,"English",0,4,0,1,"M",0,0,0,0,0,0,0,0,0,3.5,0,0,0,1
0.46000000834465,1.14999997615814,18,1,1,0,1.5,1,0,0,1,1,1,1,0,0,76.6999969482422,1,48.5,1,2,3,0,0,1.5,1,0,4,"English",0,5,1,0,"F",1,1,1,1,0,0,1,0,0,4.5,0,0,0,1
1.47000002861023,,18,0,1,0,2.5,0,1,0,2,1,1,0,0,0,75.8000030517578,0,68,0,1,1,0,0,1,1,0,2,"English",0,4,1,1,"F",0,0,1,1,1,1,1,0,0,4.5,0,0,0,1
0.600000023841858,0.340000003576279,18,0,1,1,1,0.5,1,0,2,1,1,0,0,0,75.1999969482422,0,53,1,1,5,1,0,1,1,0,2,"English",0,4,0,1,"F",0,0,0,0,0,0,0,0,0,3,0,0,0,1
3.35999989509583,1.97000002861023,18,0,1,0,2.5,3.5,1,1,6,1,0,1,1,1,83,1,90,1,3,3,0,0,1,1,1,6,"English",0,4,0,0,"M",1,1,1,1,0,0,1,0,0,4,0,0,0,1
0.25,2.09999990463257,18,0,1,1,1,2,1,0,4,1,1,1,0,0,81.6999969482422,0,59,1,3,4,0,1,1,1,0,2,"English",0,4,1,1,"F",0,0,0,0,0,0,0,0,0,4.5,0,0,0,1
0,0,19,1,1,1,0,0,0,0,1,1,1,1,0,0,71.5,1,30.6666660308838,1,1,3,0,0,0,1,0,5,"English",0,6,0,1,"F",0,0,0,0,0,0,0,0,0,3.5,0,0,0,1
0,,18,0,1,0,0,0,0,0,1,0,1,1,0,0,76.5,0,46,1,2,3,0,0,1.5,0,0,1,"Other",0,4,0,1,"F",1,1,1,1,0,0,1,0,0,2.5,0,0,0,1
3.03999996185303,2.73000001907349,18,0,1,1,2,3.5,1,0,4,1,0,0,0,1,79.1999969482422,0,77,1,2,3,0,0,0,1,0,5,"English",0,4,0,0,"M",0,0,0,0,0,0,0,0,0,3.5,0,0,0,1
2.05999994277954,0.720000028610229,18,0,1,1,2.5,1.5,1,1,6,0,1,1,1,1,73.6999969482422,1,61,1,1,1,0,0,0.5,1,1,6,"Other",0,6,0,0,"F",0,0,0,0,0,0,0,0,0,4.5,0,0,0,1
1.62000000476837,1.89999997615814,18,0,1,1,1.5,3.5,1,1,6,0,1,1,0,1,76.5,0,50,1,2,2,0,0,0,1,1,6,"Other",0,5,0,0,"F",0,0,0,0,0,0,0,0,0,3.5,0,0,0,1
0.899999976158142,1.27999997138977,20,0,1,1,1,1.5,1,0,2,1,0,1,0,0,75.6999969482422,1,,1,1,3,0,0,0.5,1,0,2,"English",0,6,0,0,"M",0,0,0,0,0,0,0,0,0,1.5,0,0,0,1
2.44000005722046,2.1800000667572,18,0,1,0,3.5,3,1,1,8,1,0,1,1,1,79.3000030517578,1,64,0,2,2,0,0,1.5,1,1,7,"English",0,5,0,0,"M",0,0,0,0,0,0,1,1,1,5,0,0,0,1
2.1800000667572,1.9099999666214,18,0,1,1,2,3.5,1,0,2,0,1,1,1,1,74,0,,1,1,3,0,0,0,1,0,2,"Other",0,5,0,0,"F",0,0,0,0,0,0,0,0,0,4,0,0,0,1
1.72000002861023,2.38000011444092,19,1,1,0,2,3,1,0,4,1,1,0,0,1,74.1999969482422,1,77,1,1,3,0,0,0,1,0,4,"English",0,5,0,0,"F",0,0,1,1,1,1,1,0,0,3,1,0,1,1
2.00999999046326,1.04999995231628,18,0,1,1,3.5,1.5,1,1,6,1,0,1,1,1,79.6999969482422,1,71.5,1,2,3,0,0,1,0,0,9,"English",0,4,0,0,"M",0,0,0,0,0,0,0,0,0,4.5,0,0,0,1
2.14000010490417,2.70000004768372,18,1,1,1,1.5,1,0,0,1,1,0,0,0,1,74.5,0,72,1,1,2,0,0,0,1,0,3,"English",0,3,0,0,"M",0,0,0,0,0,0,0,0,0,2.5,0,0,0,1
3.03999996185303,3.10999989509583,18,0,1,0,3.5,4.5,1,1,8,1,0,1,1,1,80.5,1,72,1,2,3,0,0,3,1,0,2,"English",0,5,0,0,"M",1,1,1,1,0,0,1,0,0,5,0,0,0,1
2.45000004768372,2.29999995231628,18,0,1,1,4,4.5,1,0,2,1,1,1,1,1,82.3000030517578,1,69,0,3,3,0,0,1.5,1,0,2,"English",0,6,0,0,"F",0,0,0,0,0,0,0,0,0,5,0,0,0,1
0.159999996423721,,18,0,1,0,0.5,0,1,1,6,1,1,0,0,0,72.3000030517578,1,48,0,1,4,0,1,0.5,1,0,2,"English",0,5,1,1,"F",1,1,1,1,0,0,1,0,0,4.5,0,0,0,1
2,1.16999995708466,18,0,1,0,2.5,3,1,0,5,1,1,1,1,1,77.6999969482422,1,,1,2,3,0,0,0,0,0,1,"English",0,6,0,0,"F",1,1,1,1,0,0,1,0,0,5,0,0,0,1
2.52999997138977,,18,0,1,1,5.5,0,1,1,7,0,0,1,1,0,79.8000030517578,1,71,0,2,3,0,0,0,1,1,6,"Other",0,4,0,1,"M",0,0,0,0,0,0,0,0,0,4,0,0,0,1
1.1599999666214,2.39000010490417,19,0,1,1,2,3,1,1,7,0,1,1,0,1,79.5,1,62,0,2,2,0,0,3,1,1,6,"Other",0,5,1,0,"F",0,0,0,0,0,0,0,0,0,4,0,0,0,1
1.62999999523163,2.5,19,0,1,1,3,2,1,0,4,1,0,1,1,1,83,0,61,1,3,1,0,0,2,1,0,4,"English",0,6,0,0,"M",0,0,0,0,0,0,0,0,0,4.5,0,0,0,1
0.490000009536743,,18,0,1,0,1,0,0,0,9,1,1,1,0,0,72.5,0,45,1,1,1,0,0,1.5,0,0,9,"English",0,6,0,1,"F",1,1,1,1,0,0,1,0,0,3.5,0,0,0,1
1.6599999666214,2.55999994277954,18,0,1,1,3,4,1,0,5,1,1,1,1,1,77.8000030517578,0,61,1,2,4,0,1,4,1,0,2,"English",0,6,0,0,"F",0,0,0,0,0,0,0,0,0,5,0,0,0,1
1.07000005245209,2.33999991416931,18,0,1,1,2.5,2.5,1,1,6,0,0,1,0,1,73.8000030517578,0,68,0,1,1,0,0,1,1,0,4,"Other",0,4,1,0,"M",0,0,0,0,0,0,0,0,0,4.5,0,0,0,1
1.71000003814697,1.55999994277954,18,1,1,1,2.5,2,1,0,2,1,1,1,1,1,80.3000030517578,1,58,1,2,4,0,1,0,1,0,2,"English",0,6,0,0,"F",0,0,0,0,0,0,0,0,0,5,0,0,0,1
,,19,1,1,1,,,1,1,7,1,1,1,0,0,74.5,1,,1,1,3,0,0,0,1,1,6,"English",1,0,,,"F",0,0,0,0,0,0,0,0,0,0,0,0,0,1
2.25,1.75999999046326,18,1,1,0,2,2.5,1,1,7,1,1,0,0,1,80,0,70,1,2,1,0,0,0,1,1,6,"English",0,4,0,0,"F",0,0,1,1,1,1,1,0,0,2,1,0,1,1
1.76999998092651,2.24000000953674,18,0,1,0,3.5,3.5,1,0,2,1,0,1,1,1,82.6999969482422,1,59,1,3,3,0,0,3.5,1,0,2,"English",0,6,0,0,"M",0,0,1,1,1,1,1,0,0,5,0,0,0,1
2.04999995231628,3.1800000667572,19,0,1,1,2.5,2.5,1,1,6,0,0,0,1,1,83.1999969482422,1,64,1,3,4,0,1,1,0,0,1,"French",0,5,0,0,"M",0,0,0,0,0,0,0,0,0,4,0,0,0,1
1.03999996185303,2.70000004768372,18,0,1,1,2.5,4,0,0,9,0,1,1,0,1,77.5,1,51,1,2,3,0,0,1,1,1,7,"Other",0,4,1,0,"F",0,0,0,0,0,0,0,0,0,4.5,0,0,0,1
1.89999997615814,2.73000001907349,18,0,1,1,3,2.5,1,1,6,1,0,0,1,1,85.1999969482422,1,66,1,3,4,0,1,0.5,1,1,6,"English",0,6,0,0,"M",0,0,0,0,0,0,0,0,0,4,0,0,0,1
1.57000005245209,1.29999995231628,18,0,1,0,2.5,1,1,1,8,0,0,1,1,1,74.8000030517578,0,73,1,1,3,0,0,1.5,1,1,8,"Other",0,6,0,0,"M",0,0,1,0,1,0,0,0,0,4.5,0,0,0,1
2.53999996185303,3.22000002861023,18,0,1,0,2.5,4.5,1,0,4,0,1,0,1,1,82.6999969482422,1,66,1,3,3,0,0,3,1,0,2,"Other",0,4,0,0,"F",0,0,0,0,0,0,0,1,0,4,0,0,0,1
0,,19,0,1,1,0,0,1,0,4,1,0,1,0,0,81.3000030517578,0,19,1,3,4,0,1,0,1,0,2,"English",0,6,0,1,"M",0,0,0,0,0,0,0,0,0,4,0,0,0,1
1.38999998569489,1.75,18,1,1,1,2.5,3.5,1,0,4,1,1,1,0,1,74.6999969482422,1,74,1,1,4,0,1,0,1,0,4,"English",0,5,1,0,"F",0,0,0,0,0,0,0,0,0,5,0,0,0,1
2.46000003814697,2.53999996185303,18,1,1,1,3,5,1,1,6,1,0,1,1,1,74.8000030517578,0,71,1,1,3,0,0,3,1,1,6,"English",0,4,0,0,"M",0,0,0,0,0,0,0,0,0,4,0,0,0,1
3.36999988555908,3.44000005722046,18,1,1,1,3,4,1,1,6,1,1,1,1,1,85,1,74,1,3,3,0,0,3,1,1,6,"English",0,5,0,0,"F",0,0,0,0,0,0,0,0,0,5,0,0,0,1
1.75,2.04999995231628,19,,0,1,2,2.5,,,,0,1,,0,0,82,,60,,3,,,,0,,,,"Other",0,4,0,1,"F",0,0,0,0,0,0,0,0,0,3.5,0,0,0,
2.16000008583069,3.23000001907349,18,,0,1,3.5,1.5,,,,1,0,,1,1,74.8000030517578,,72,,1,,,,0,,,,"English",0,5,0,0,"M",0,0,0,0,0,0,0,0,0,5,0,0,0,
,,18,,0,1,,,,,,0,1,,0,0,82.8000030517578,,,,3,,,,0,,,,"Other",1,0,,,"F",0,0,0,0,0,0,0,0,0,0,0,0,0,
0,0.879999995231628,18,,0,0,0,1,,,,1,1,,0,0,75,,42,,1,,,,0,,,,"English",0,6,1,0,"F",1,0,1,0,0,0,0,0,0,4,0,0,0,
1.79999995231628,2.89000010490417,18,,0,0,1.5,3,,,,0,1,,0,1,80.5,,55,,2,,,,0,,,,"Other",0,4,0,0,"F",1,1,1,1,0,0,1,0,0,3.5,0,0,0,
,,18,,0,0,,,,,,1,1,,0,0,73,,,,1,,,,0,,,,"English",1,0,,,"F",0,0,0,0,0,0,0,1,0,0,0,0,0,
0.239999994635582,0.340000003576279,18,,0,0,0.5,0.5,,,,1,1,,0,0,80,,62,,2,,,,1,,,,"English",0,6,0,1,"F",0,0,0,0,0,0,0,1,0,3.5,0,0,0,
,,18,,0,0,,,,,,1,0,,0,0,75,,,,1,,,,0,,,,"English",1,0,,,"M",1,0,1,0,0,0,0,0,0,0,0,0,0,
1.47000002861023,1.76999998092651,18,,0,1,3,4.5,,,,1,1,,0,1,73,,58,,1,,,,0,,,,"English",0,6,1,0,"F",0,0,0,0,0,0,0,0,0,5,0,0,0,
1.97000002861023,2.47000002861023,18,,0,0,3,2.5,,,,1,1,,1,1,74.3000030517578,,72,,1,,,,0.5,,,,"English",0,5,0,0,"F",0,0,0,0,0,0,0,1,0,5,0,0,0,
,,18,,0,0,,,,,,1,0,,,,73.8000030517578,,,,1,,,,0,,,,"English",1,0,,,"M",0,0,1,0,1,0,0,0,0,0,0,0,0,
1.07000005245209,0.75,18,,0,0,2,2,,,,1,1,,0,0,73.6999969482422,,66,,1,,,,1,,,,"English",0,3,0,1,"F",0,0,0,0,0,0,0,1,0,3.5,0,0,0,
,,18,,0,1,,,,,,1,1,,0,0,82.6999969482422,,,,3,,,,0,,,,"English",1,0,,,"F",0,0,0,0,0,0,0,0,0,0,0,0,0,
0,0,19,,0,1,0,0,,,,0,0,,0,0,75.5,,40,,1,,,,0,,,,"Other",0,4,0,1,"M",0,0,0,0,0,0,0,0,0,3.5,0,0,0,
0.330000013113022,,18,,0,1,1,0,,,,1,0,,0,0,83.3000030517578,,,,3,,,,0,,,,"English",1,0,0,1,"M",0,0,0,0,0,0,0,0,0,3.5,0,0,0,
,,19,,0,1,,,,,,1,0,,,,71.6999969482422,,,,1,,,,0,,,,"English",1,0,,,"M",0,0,0,0,0,0,0,0,0,0,0,0,0,
1.44000005722046,3.09999990463257,18,,0,0,2.5,3,,,,1,1,,0,1,75.5,,54.5,,1,,,,0,,,,"English",0,6,1,0,"F",0,0,1,1,1,1,1,0,0,4.5,0,0,0,
1.97000002861023,2.63000011444092,20,,0,0,2.5,3,,,,0,1,,0,1,71.8000030517578,,65,,1,,,,0,,,,"Other",0,5,0,0,"F",1,1,1,1,0,0,1,0,0,3,0,0,0,
1.63999998569489,1.8400000333786,19,,0,0,2,4,,,,1,0,,0,1,78.1999969482422,,71,,2,,,,0,,,,"English",0,4,0,0,"M",0,0,0,0,0,0,0,1,0,3.5,0,0,0,
,,18,,0,1,,,,,,1,1,,0,0,83.3000030517578,,,,3,,,,0,,,,"English",1,0,,,"F",0,0,0,0,0,0,0,0,0,0,0,0,0,
1.03999996185303,2.67000007629395,18,,0,0,2,1.5,,,,0,0,,0,1,80.3000030517578,,58.5,,2,,,,2.5,,,,"Other",0,4,0,0,"M",1,1,1,1,0,0,1,0,0,3.5,0,0,0,
1.92999994754791,0.709999978542328,18,,0,1,2,1,,,,0,0,,0,0,81.3000030517578,,63,,3,,,,0,,,,"Other",0,3,0,1,"M",0,0,0,0,0,0,0,0,0,2,0,0,0,
0.790000021457672,,19,,0,1,1.5,0,,,,1,0,,0,0,80.3000030517578,,71.5,,2,,,,0,,,,"English",0,6,1,1,"M",0,0,0,0,0,0,0,0,0,4,0,0,0,
0.430000007152557,0,18,,0,1,1,0,,,,1,0,,0,0,71.5,,60,,1,,,,0,,,,"English",0,4,1,0,"M",0,0,0,0,0,0,0,0,0,4,0,0,0,
,,20,,0,0,,,,,,1,1,,0,0,83.3000030517578,,,,3,,,,0,,,,"English",1,0,,,"F",1,0,1,0,0,0,0,0,0,0,0,0,0,
0.629999995231628,1.5900000333786,18,,0,0,1.5,3,,,,1,1,,0,0,77.1999969482422,,63,,2,,,,1,,,,"English",0,3,0,1,"F",1,1,1,1,0,0,1,0,0,3.5,0,0,0,
2.39000010490417,2.32999992370605,18,,0,1,3.5,4.5,,,,1,0,,1,1,87.3000030517578,,73,,3,,,,3,,,,"English",0,6,0,0,"M",0,0,0,0,0,0,0,0,0,5,0,0,0,
,,18,,0,1,,,,,,0,1,,0,0,79,,,,2,,,,0,,,,"Other",1,0,,,"F",0,0,0,0,0,0,0,0,0,0,0,0,0,
1.94000005722046,2,18,,0,1,2,1,,,,1,0,,0,1,76.8000030517578,,81,,2,,,,1,,,,"English",0,3,0,0,"M",0,0,0,0,0,0,0,0,0,3.5,0,0,0,
1.78999996185303,2.71000003814697,18,,0,0,3,3,,,,1,1,,1,1,81.1999969482422,,63.5,,3,,,,0,,,,"English",0,5,0,0,"F",0,0,0,0,0,0,0,1,0,4.5,0,0,0,
1.61000001430511,2.96000003814697,18,,0,0,3,5,,,,1,0,,1,1,73.8000030517578,,60,,1,,,,0,,,,"English",0,6,0,0,"M",0,0,1,0,1,0,0,0,0,4,0,0,0,
0.5,0.610000014305115,19,,0,0,0.25,1.5,,,,0,0,,0,0,77.5,,38,,2,,,,0,,,,"Other",0,5,0,1,"M",0,0,1,1,1,1,1,0,0,2.5,1,0,1,
3.25,3.79999995231628,18,,0,0,2.5,3,,,,1,0,,1,1,86.8000030517578,,67,,3,,,,1,,,,"English",0,4,0,0,"M",0,0,1,1,1,1,1,0,0,4,0,0,0,
1.92999994754791,,18,,0,1,3.5,0,,,,1,0,,1,0,77.8000030517578,,70.6666641235352,,2,,,,0,,,,"English",0,5,0,1,"M",0,0,0,0,0,0,0,0,0,4,0,0,0,
1.78999996185303,1.53999996185303,18,,0,0,3,3.5,,,,1,0,,1,1,83.6999969482422,,70,,3,,,,1.5,,,,"English",0,4,0,0,"M",1,1,1,1,0,0,1,0,0,4,0,0,0,
0.379999995231628,0.449999988079071,18,,0,1,1,1,,,,1,1,,0,0,78.8000030517578,,60,,2,,,,0,,,,"English",0,4,1,0,"F",0,0,0,0,0,0,0,0,0,4,0,0,0,
0.379999995231628,0.430000007152557,18,,0,0,1.5,1,,,,1,1,,0,0,76.8000030517578,,55.6666679382324,,2,,,,0,,,,"English",0,6,1,0,"F",0,0,1,0,1,0,0,0,0,5,0,0,0,
2.6800000667572,2.99000000953674,18,,0,1,3.5,3.5,,,,0,1,,1,1,79.3000030517578,,73,,2,,,,1,,,,"Other",0,5,0,0,"F",0,0,0,0,0,0,0,0,0,4,0,0,0,
2.17000007629395,1.3400000333786,18,,0,0,2,3,,,,1,1,,0,1,79.8000030517578,,71,,2,,,,0,,,,"English",0,4,0,0,"F",1,1,1,1,0,0,1,0,0,4,0,0,0,
2.09999990463257,2.74000000953674,18,,0,1,1.5,4,,,,1,0,,0,1,73,,65,,1,,,,1,,,,"English",0,4,0,0,"M",0,0,0,0,0,0,0,0,0,2,0,0,0,
,,19,,0,0,4.5,4.5,,,,0,0,,,,78.3000030517578,,65.4000015258789,,2,,,,0,,,,"Other",1,5,,,"M",0,0,1,0,1,0,0,0,0,0,0,0,0,
2.72000002861023,2.67000007629395,19,,0,1,3,2.5,,,,1,1,,0,1,76.1999969482422,,74,,1,,,,0.5,,,,"English",0,3,0,0,"F",0,0,0,0,0,0,0,0,0,3,0,0,0,
1.55999994277954,2,18,,0,0,2.5,1,,,,1,0,,1,1,75.6999969482422,,65,,1,,,,0,,,,"English",0,6,0,0,"M",1,1,1,1,0,0,1,0,0,4,0,0,0,
,,18,,0,1,,,,,,1,1,,0,0,83.4000015258789,,,,3,,,,0,,,,"English",1,0,,,"F",0,0,0,0,0,0,0,0,0,0,0,0,0,
1.13999998569489,0.189999997615814,19,,0,0,1.5,0.5,,,,1,0,,0,0,74.1999969482422,,42.6666679382324,,1,,,,0.5,,,,"English",0,5,0,1,"M",0,0,1,1,1,1,1,0,0,3.5,1,1,1,
,,19,,0,0,2,0.5,,,,1,0,,,,75,,72,,1,,,,0,,,,"English",1,4,,,"M",0,0,0,0,0,0,0,1,0,0,0,0,0,
,,20,,0,0,,,,,,1,1,,0,0,71.5,,,,1,,,,0,,,,"English",1,0,,,"F",1,0,1,0,0,0,0,0,0,0,0,0,0,
0.949999988079071,1.04999995231628,18,1,0,1,2.5,2.5,,,,1,1,,0,0,72.5,,63,,1,,,,1,,,,"English",0,5,1,0,"F",0,0,0,0,0,0,0,0,0,4,0,0,0,
3.41000008583069,3.90000009536743,19,,0,1,2.25,3.25,,,,0,0,,1,1,82,,,,3,,,,2.5,,,,"Other",0,4,0,0,"M",0,0,0,0,0,0,0,0,0,4,0,0,0,
0.910000026226044,1.49000000953674,18,,0,1,3,3,,,,1,0,,0,0,77.8000030517578,,56.5,,2,,,,4.5,,,,"English",0,6,1,0,"M",0,0,0,0,0,0,0,0,0,4.5,0,0,0,
1.86000001430511,1.57000005245209,18,,0,0,2,2.5,,,,1,0,,1,1,82.1999969482422,,67,,3,,,,0,,,,"English",0,5,0,0,"M",0,0,1,0,1,0,0,0,0,4,0,0,0,
1.3400000333786,,18,,0,1,2,0,,,,1,1,,0,0,79.6999969482422,,45,,2,,,,0.5,,,,"English",0,6,1,1,"F",0,0,0,0,0,0,0,0,0,4,0,0,0,
,,18,,0,0,,,,,,1,0,,0,0,72,,,,1,,,,0,,,,"English",1,0,,,"M",1,0,1,0,0,0,0,0,0,0,0,0,0,
2.4300000667572,2.23000001907349,19,,0,1,3,2,,,,0,0,,0,1,75.6999969482422,,69.3333358764648,,1,,,,0.5,,,,"Other",0,4,0,0,"M",0,0,0,0,0,0,0,0,0,3.5,0,0,0,
1.42999994754791,1.36000001430511,18,,0,1,3,2,,,,1,0,,0,0,72.3000030517578,,66.5,,1,,,,0.5,,,,"English",0,6,1,0,"M",0,0,0,0,0,0,0,0,0,4,0,0,0,
2.84999990463257,1,18,,0,1,1,0.5,,,,1,0,,0,0,76.8000030517578,,74,,2,,,,0,,,,"English",0,6,0,0,"M",0,0,0,0,0,0,0,0,0,1,0,0,0,
1.13999998569489,1.28999996185303,18,,0,0,2,3.5,,,,0,1,,0,0,77.8000030517578,,57.5,,2,,,,1,,,,"Other",0,4,0,1,"F",0,0,1,0,1,0,0,0,0,4,0,0,0,
1.60000002384186,3.09999990463257,18,,0,0,2,2,,,,1,0,,0,1,81,,72,,3,,,,0.5,,,,"English",0,3,0,0,"M",1,0,1,0,0,0,0,0,0,3,0,0,0,
,,18,,0,1,,,,,,0,1,,,,84.5999984741211,,,,3,,,,0,,,,"Other",1,0,,,"F",0,0,0,0,0,0,0,0,0,0,0,0,0,
0.990000009536743,,18,,0,1,2,0,,,,1,0,,0,0,72.3000030517578,,53.5,,1,,,,0,,,,"English",0,5,1,1,"M",0,0,0,0,0,0,0,0,0,4,0,0,0,
,,19,,0,0,,,,,,1,1,,0,0,85,,,,3,,,,0,,,,"English",1,0,,,"F",0,0,0,0,0,0,0,1,0,0,0,0,0,
3.14000010490417,2.57999992370605,19,,0,1,4,3.5,,,,0,1,,1,1,87,,69.3333358764648,,3,,,,2,,,,"Other",0,5,0,0,"F",0,0,0,0,0,0,0,0,0,5,0,0,0,
0.980000019073486,0,18,,0,0,2.5,0.5,,,,1,0,,0,0,73.5,,60,,1,,,,1,,,,"English",0,6,1,0,"M",0,0,1,1,1,1,1,0,0,4.5,0,0,0,
2.40000009536743,2.80999994277954,18,,0,1,3,5,,,,1,1,,1,1,79.8000030517578,,76.5,,2,,,,1,,,,"English",0,5,0,0,"F",0,0,0,0,0,0,0,0,0,4.5,0,0,0,
3,,18,,0,1,7.5,0,,,,1,0,,1,0,85.3000030517578,,75.5,,3,,,,1.5,,,,"English",0,4,0,1,"M",0,0,0,0,0,0,0,0,0,4,0,0,0,
2.1800000667572,2.44000005722046,18,,0,1,3,2.5,,,,1,0,,1,1,83,,71,,3,,,,1,,,,"English",0,5,0,0,"M",0,0,0,0,0,0,0,0,0,5,0,0,0,
,,18,,0,1,,,,,,1,0,,0,0,71.8000030517578,,,,1,,,,0,,,,"English",1,0,,,"M",0,0,0,0,0,0,0,0,0,0,0,0,0,
2.32999992370605,3.16000008583069,18,,0,0,3,3.5,,,,1,0,,1,1,79.3000030517578,,74,,2,,,,0,,,,"English",0,4,0,0,"M",0,0,0,0,0,0,0,1,0,4,0,0,0,
0.930000007152557,3,19,,0,0,2,1.5,,,,1,0,,0,1,76.5,,14,,2,,,,1,,,,"English",0,3,1,0,"M",1,0,1,0,0,0,0,0,0,4,0,0,0,
2.85999989509583,3,19,,0,1,3.5,4,,,,1,1,,1,1,84,,73.5,,3,,,,0,,,,"English",0,5,0,0,"F",0,0,0,0,0,0,0,0,0,5,0,0,0,
0,0,19,,0,0,0,0,,,,1,0,,0,0,79.3000030517578,,,,2,,,,0,,,,"English",1,1,0,0,"M",0,0,1,0,1,0,0,0,0,1,0,0,0,
,,19,,0,0,,,,,,1,0,,0,0,71.5,,,,1,,,,0,,,,"English",1,0,,,"M",0,0,1,0,1,0,0,0,0,0,0,0,0,
1.28999996185303,1.53999996185303,19,,0,0,2.5,4,,,,1,1,,0,0,73.5,,64,,1,,,,0.5,,,,"English",0,4,0,1,"F",0,0,0,0,0,0,0,1,0,4,0,0,0,
,1.33000004291534,19,,0,0,0,1.5,,,,1,0,,0,0,80.1999969482422,,45,,2,,,,0,,,,"English",0,6,0,0,"M",1,1,1,1,0,0,1,0,0,0.5,0,0,0,
1.62999999523163,2.52999997138977,18,,0,1,3,3,,,,0,0,,0,1,83.1999969482422,,62,,3,,,,0.5,,,,"Other",0,5,0,0,"M",0,0,0,0,0,0,0,0,0,4,0,0,0,
0.910000026226044,1.52999997138977,18,,0,1,2,3,,,,0,1,,0,0,77.6999969482422,,,,2,,,,3,,,,"Other",0,6,1,0,"F",0,0,0,0,0,0,0,0,0,4.5,0,0,0,
0.670000016689301,0.709999978542328,19,,0,1,1.5,2.5,,,,0,0,,0,0,78,,54,,2,,,,0.5,,,,"Other",0,3,0,1,"M",0,0,0,0,0,0,0,0,0,3.5,0,0,0,
0.600000023841858,,18,,0,1,1,0,,,,1,1,,0,0,82,,54,,3,,,,1,,,,"English",0,5,0,1,"F",0,0,0,0,0,0,0,0,0,2.5,0,0,0,
3.95000004768372,3.38000011444092,18,,0,0,2.5,2.5,,,,0,0,,0,1,85.1999969482422,,85.5,,3,,,,1,,,,"Other",0,3,0,0,"M",0,0,0,0,0,0,1,1,1,3,1,0,1,
2.02999997138977,3.05999994277954,19,,0,1,4,2,,,,1,0,,1,1,76,,69.3333358764648,,1,,,,1,,,,"English",0,5,0,0,"M",0,0,0,0,0,0,0,0,0,5,0,0,0,
2.92000007629395,3.25,22,,0,0,1.5,2,,,,0,0,,0,1,80.8000030517578,,,,3,,,,1.5,,,,"Other",0,4,0,0,"M",1,0,1,0,0,0,0,0,0,3,0,0,0,
0.119999997317791,,18,,0,1,0.5,0,,,,1,0,,0,0,75.3000030517578,,51,,1,,,,3,,,,"English",0,3,0,1,"M",0,0,0,0,0,0,0,0,0,3,0,0,0,
,0.430000007152557,18,,0,1,,,,,,1,0,,0,0,74.1999969482422,,,,1,,,,0,,,,"English",0,2,,,"M",0,0,0,0,0,0,0,0,0,0,0,0,0,
,,19,,0,0,,,,,,0,1,,0,0,75.5,,,,1,,,,0,,,,"Other",1,0,,,"F",0,0,0,0,0,0,0,1,0,0,0,0,0,
0.870000004768372,0,21,,0,1,2,0,,,,1,0,,0,0,80.8000030517578,,59.3333320617676,,3,,,,0,,,,"English",0,4,0,1,"M",0,0,0,0,0,0,0,0,0,4,0,0,0,
,,18,,0,1,0.5,0,,,,1,1,,0,0,78.6999969482422,,51,,2,,,,0.5,,,,"English",0,4,0,1,"F",0,0,0,0,0,0,0,0,0,0.5,0,0,0,
2.32999992370605,,18,,0,1,1.25,0,,,,1,1,,0,0,83.3000030517578,,63.5,,3,,,,0,,,,"English",0,5,0,1,"F",0,0,0,0,0,0,0,0,0,1.5,0,0,0,
,,18,,0,0,,,,,,1,0,,0,0,72.3000030517578,,,,1,,,,0,,,,"English",1,0,,,"M",0,0,1,0,1,0,0,0,0,0,0,0,0,
0.349999994039536,0.430000007152557,19,,0,0,0.5,0.5,,,,1,0,,0,0,74,,,,1,,,,1,,,,"English",0,3,0,1,"M",0,0,1,0,1,0,0,0,0,2,0,0,0,
0.479999989271164,0.910000026226044,18,,0,0,1,1.5,,,,1,1,,0,0,76.8000030517578,,,,2,,,,0,,,,"English",0,5,1,0,"F",0,0,1,0,1,0,0,0,0,5,0,0,0,
0.730000019073486,1.08000004291534,18,,0,0,2,3,,,,1,1,,0,0,76.5,,56.25,,2,,,,0,,,,"English",0,6,1,0,"F",0,0,0,0,0,0,1,1,1,4.5,0,0,0,
3.14000010490417,,18,,0,1,4.5,0,,,,1,0,,1,0,80.6999969482422,,75.4000015258789,,2,,,,0,,,,"English",0,6,0,1,"M",0,0,0,0,0,0,0,0,0,5,0,0,0,
1.47000002861023,2.84999990463257,19,,0,1,1.5,2,,,,1,0,,0,1,78.8000030517578,,,,2,,,,0,,,,"English",0,6,0,0,"M",0,0,0,0,0,0,0,0,0,3,0,0,0,
,2.26999998092651,18,,0,1,3.5,3.5,,,,1,0,,0,1,77.6999969482422,,,,2,,,,0,,,,"English",1,0,,,"M",0,0,0,0,0,0,0,0,0,0,0,0,0,
1.92999994754791,2.0699999332428,18,,0,0,2.5,2,,,,1,0,,1,1,72.5,,70,,1,,,,0,,,,"English",0,4,0,0,"M",0,0,0,0,0,0,1,1,1,4,0,0,0,
0.0900000035762787,0.349999994039536,20,,0,0,0.5,0.5,,,,0,0,,0,0,80.1999969482422,,20.5,,2,,,,3.5,,,,"Other",0,5,1,0,"M",0,0,0,0,0,0,0,1,0,4,0,0,0,
0.759999990463257,0.280000001192093,19,,0,1,1.5,0.5,,,,1,1,,0,0,72.1999969482422,,48.5,,1,,,,0.5,,,,"English",0,4,1,0,"F",0,0,0,0,0,0,0,0,0,4,0,0,0,
1.47000002861023,1.35000002384186,18,,0,1,2.5,3,,,,0,1,,0,1,79,,54,,2,,,,0,,,,"Other",0,4,0,0,"F",0,0,0,0,0,0,0,0,0,3,0,0,0,
0,0.529999971389771,19,,0,1,0,1.5,,,,1,0,,0,0,73,,,,1,,,,0,,,,"English",0,3,0,1,"M",0,0,0,0,0,0,0,0,0,2,0,0,0,
0.610000014305115,1.77999997138977,20,,0,1,1.5,2,,,,0,1,,0,0,77.6999969482422,,35,,2,,,,1,,,,"Other",0,6,0,1,"F",0,0,0,0,0,0,0,0,0,3.5,0,0,0,
2.4300000667572,2.9300000667572,18,,0,1,3,3.5,,,,1,1,,1,1,83.1999969482422,,74,,3,,,,0,,,,"English",0,6,0,0,"F",0,0,0,0,0,0,0,0,0,4,0,0,0,
3,,18,,0,0,3,3.5,,,,0,1,,1,0,87.1999969482422,,85,,3,,,,1,,,,"Other",0,6,0,1,"F",1,1,1,1,0,0,1,0,0,5,0,0,0,
,,19,,0,1,,,,,,0,0,,0,0,84.6999969482422,,,,3,,,,0,,,,"Other",1,0,,,"M",0,0,0,0,0,0,0,0,0,0,0,0,0,
3.22000002861023,3.07999992370605,18,,0,1,3,3,,,,1,0,,1,1,85.8000030517578,,73,,3,,,,0,,,,"English",0,6,0,0,"M",0,0,0,0,0,0,0,0,0,5,0,0,0,
,,18,,0,0,,,,,,0,1,,0,0,78,,,,2,,,,0,,,,"Other",1,0,,,"F",1,0,1,0,0,0,0,0,0,0,0,0,0,
2.44000005722046,2.75999999046326,18,,0,1,3.25,3.25,,,,1,1,,1,1,80.5,,66,,2,,,,0,,,,"English",0,5,0,0,"F",0,0,0,0,0,0,0,0,0,4,0,0,0,
,1.95000004768372,18,,0,1,2.5,2.5,,,,1,1,,0,0,76.8000030517578,,,,2,,,,0,,,,"English",1,0,,,"F",0,0,0,0,0,0,0,0,0,0,0,0,0,
2.80999994277954,3.29999995231628,18,,0,1,2.5,3.5,,,,1,1,,0,1,75.3000030517578,,67,,1,,,,0.5,,,,"English",0,5,0,0,"F",0,0,0,0,0,0,0,0,0,3.5,0,0,0,
,,18,,0,1,,,,,,0,1,,0,0,78,,,,2,,,,0,,,,"Other",1,0,,,"F",0,0,0,0,0,0,0,0,0,0,0,0,0,
1.44000005722046,1.71000003814697,18,,0,1,3,3,,,,1,1,,0,1,77.6999969482422,,59.5,,2,,,,0,,,,"English",0,6,1,0,"F",0,0,0,0,0,0,0,0,0,5,0,0,0,
3,1.38999998569489,18,,0,1,1.5,2,,,,0,0,,0,1,84,,70,,3,,,,1,,,,"Other",0,4,0,0,"M",0,0,0,0,0,0,0,0,0,4.5,0,0,0,
,3.26999998092651,18,,0,0,1,2,,,,0,0,,0,1,84.3000030517578,,73,,3,,,,0,,,,"Other",0,4,0,0,"M",1,1,1,1,0,0,1,0,0,1,0,0,0,
1.60000002384186,2.5699999332428,18,,0,1,2.5,5,,,,1,1,,1,1,74.3000030517578,,61,,1,,,,3,,,,"English",0,5,0,0,"F",0,0,0,0,0,0,0,0,0,4,0,0,0,
0.990000009536743,2.1800000667572,18,,0,0,2,3.5,,,,0,0,,0,1,75.5,,65,,1,,,,1,,,,"Other",0,6,1,0,"M",0,0,0,0,0,0,0,1,0,5,0,0,0,
0.850000023841858,2.32999992370605,18,,0,1,2,1.5,,,,0,1,,0,0,87,,59,,3,,,,3,,,,"Other",0,4,1,1,"F",0,0,0,0,0,0,0,0,0,4,0,0,0,
,1.25,20,,0,1,0.5,1,,,,1,0,,0,0,76.3000030517578,,50,,2,,,,0,,,,"English",0,6,0,0,"M",0,0,0,0,0,0,0,0,0,4.5,0,0,0,
0.879999995231628,2.55999994277954,18,,0,1,2,2.5,,,,1,1,,0,1,73,,66,,1,,,,0,,,,"English",0,5,1,0,"F",0,0,0,0,0,0,0,0,0,5,0,0,0,
,,18,,0,0,2,0,,,,1,1,,0,0,85.6999969482422,,,,3,,,,0,,,,"English",1,0,,,"F",0,0,0,0,0,0,0,1,0,0,0,0,0,
1.04999995231628,2.4300000667572,19,,0,0,2.5,2,,,,1,1,,0,1,71.6999969482422,,63.5,,1,,,,0,,,,"English",0,5,1,0,"F",1,1,1,1,0,0,1,0,0,4,0,0,0,
2.11999988555908,2.49000000953674,18,,0,1,2.5,3.5,,,,0,1,,1,1,80.5,,,,2,,,,0,,,,"Other",0,6,0,0,"F",0,0,0,0,0,0,0,0,0,5,0,0,0,
0,,18,,0,1,0,0,,,,1,1,,0,0,74,,36,,1,,,,0,,,,"English",0,6,0,1,"F",0,0,0,0,0,0,0,0,0,3,0,0,0,
2.41000008583069,,18,,0,1,2.5,0,,,,1,1,,1,0,83.6999969482422,,73,,3,,,,0,,,,"English",0,4,0,1,"F",0,0,0,0,0,0,0,0,0,4,0,0,0,
2.6800000667572,3.34999990463257,18,,0,0,3.5,3,,,,1,0,,1,1,83.8000030517578,,71.3333358764648,,3,,,,0,,,,"English",0,5,0,0,"M",0,0,0,0,0,0,0,1,0,4,0,0,0,
,,17,,0,1,,,,,,1,0,,0,0,86.5,,,,3,,,,0,,,,"English",1,0,,,"M",0,0,0,0,0,0,0,0,0,0,0,0,0,
1.46000003814697,1.32000005245209,19,,0,1,2.5,1,,,,0,0,,0,1,76.1999969482422,,67,,1,,,,0,,,,"Other",0,5,1,0,"M",0,0,0,0,0,0,0,0,0,4,0,0,0,
1.3400000333786,2.50999999046326,18,,0,1,2,3,,,,1,1,,0,1,76,,59,,1,,,,0,,,,"English",0,4,1,0,"F",0,0,0,0,0,0,0,0,0,4,0,0,0,
1.69000005722046,1.52999997138977,18,0,0,1,1.5,2,,,,1,0,,0,1,80.1999969482422,,,,2,,,,0,,,,"English",0,4,0,0,"M",0,0,0,0,0,0,0,0,0,3.5,0,0,0,
,,18,,0,1,,,,,,1,1,,0,0,86.1999969482422,,,,3,,,,0,,,,"English",1,0,,,"F",0,0,0,0,0,0,0,0,0,0,0,0,0,
,0.140000000596046,18,,0,1,1,0.5,,,,1,0,,0,0,81.3000030517578,,58.5,,3,,,,1,,,,"English",0,5,0,1,"M",0,0,0,0,0,0,0,0,0,4.5,0,0,0,
1.46000003814697,,19,,0,0,3,0,,,,0,1,,0,0,84.5,,63.5,,3,,,,2,,,,"Other",0,5,1,1,"F",0,0,0,0,0,0,1,1,1,4,1,0,1,
0.230000004172325,,19,,0,1,0.5,0,,,,0,1,,0,0,74.6999969482422,,,,1,,,,0,,,,"Other",0,4,0,1,"F",0,0,0,0,0,0,0,0,0,3,0,0,0,
1.9099999666214,1.6599999666214,18,,0,1,4.5,3,,,,1,1,,1,1,75.3000030517578,,63,,1,,,,1.5,,,,"English",0,6,0,0,"F",0,0,0,0,0,0,0,0,0,5,0,0,0,
1.94000005722046,2.13000011444092,18,,0,0,3,2.5,,,,1,1,,1,1,76.1999969482422,,78,,1,,,,1,,,,"English",0,6,0,0,"F",1,1,1,1,0,0,1,0,0,4,0,0,0,
,,19,,0,0,,,,,,0,1,,0,0,72.8000030517578,,,,1,,,,0,,,,"Other",1,0,,,"F",0,0,1,0,1,0,0,0,0,0,0,0,0,
1.51999998092651,1.58000004291534,18,,0,1,1,1.5,,,,1,0,,0,1,71.8000030517578,,54,,1,,,,0,,,,"English",0,4,0,0,"M",0,0,0,0,0,0,0,0,0,2.5,0,0,0,
1.71000003814697,2.25999999046326,18,,0,1,2.5,3.5,,,,1,1,,1,1,84.5,,62,,3,,,,1,,,,"English",0,5,0,0,"F",0,0,0,0,0,0,0,0,0,5,0,0,0,
,,19,,0,0,,,,,,0,0,,0,0,75,,,,1,,,,0,,,,"Other",1,0,,,"M",1,0,1,0,0,0,0,0,0,0,0,0,0,
0.589999973773956,2.02999997138977,19,,0,1,1.5,1.5,,,,1,0,,0,0,72.6999969482422,,59,,1,,,,1,,,,"English",0,6,1,1,"M",0,0,0,0,0,0,0,0,0,4,0,0,0,
,,18,,0,1,,,,,,1,1,,0,0,76.8000030517578,,,,2,,,,0,,,,"English",1,0,,,"F",0,0,0,0,0,0,0,0,0,0,0,0,0,
1.63999998569489,1.61000001430511,19,,0,1,2,2,,,,1,1,,0,1,78.3000030517578,,,,2,,,,0,,,,"English",0,4,0,0,"F",0,0,0,0,0,0,0,0,0,3.5,0,0,0,
2.90000009536743,2.75999999046326,18,,0,0,2.5,4,,,,0,1,,0,1,80.6999969482422,,77,,2,,,,0,,,,"Other",0,4,0,0,"F",1,1,1,1,0,0,1,0,0,3.5,0,0,0,
2.14000010490417,3.00999999046326,18,,0,0,3.5,2.5,,,,0,1,,1,1,82.5,,74,,3,,,,1,,,,"Other",0,5,0,0,"F",1,1,1,1,0,0,1,0,0,5,0,0,0,
,,18,,0,0,,,,,,1,0,,0,0,76.3000030517578,,,,2,,,,0,,,,"English",1,0,,,"M",0,0,1,0,1,0,0,0,0,0,0,0,0,
1.13999998569489,,18,,0,0,2,2.5,,,,0,1,,0,0,75.1999969482422,,,,1,,,,3,,,,"Other",0,3,1,1,"F",0,0,0,0,0,0,0,1,0,4,0,0,0,
1.87000000476837,3.13000011444092,18,,0,1,3,3,,,,0,1,,1,1,86.8000030517578,,57,,3,,,,4,,,,"Other",0,5,0,0,"F",0,0,0,0,0,0,0,0,0,5,0,0,0,
1.92999994754791,2.94000005722046,18,,0,0,3.5,2.5,,,,0,1,,1,1,83.1999969482422,,63.5,,3,,,,1,,,,"Other",0,6,0,0,"F",1,1,1,1,0,0,1,0,0,5,0,0,0,
2.5,1.86000001430511,18,,0,0,2.5,2.5,,,,0,0,,0,1,85.6999969482422,,73,,3,,,,1.5,,,,"Other",0,6,0,0,"M",0,0,1,1,1,1,1,0,0,4,1,0,1,
1.89999997615814,2.07999992370605,19,,0,1,2,2,,,,0,0,,0,1,79,,65,,2,,,,0,,,,"Other",0,4,0,0,"M",0,0,0,0,0,0,0,0,0,2,0,0,0,
0.899999976158142,1.82000005245209,18,,0,1,1.5,5,,,,0,1,,0,1,77,,,,2,,,,1,,,,"Other",0,6,0,0,"F",0,0,0,0,0,0,0,0,0,3,0,0,0,
1.00999999046326,1.89999997615814,18,,0,1,2,2.5,,,,1,0,,0,1,72.8000030517578,,57,,1,,,,2,,,,"English",0,6,1,0,"M",0,0,0,0,0,0,0,0,0,4,0,0,0,
1.85000002384186,2.47000002861023,18,,0,1,1.5,1,,,,1,0,,0,0,77,,58,,2,,,,0.5,,,,"English",0,2,0,0,"M",0,0,0,0,0,0,0,0,0,2,0,0,0,
,,23,1,0,1,,,,,,1,0,,0,0,82.3000030517578,,,,3,,,,0,,,,"English",1,0,,,"M",0,0,0,0,0,0,0,0,0,0,0,0,0,
,,18,,0,1,,,,,,1,0,,,,74,,,,1,,,,0,,,,"English",1,0,,,"M",0,0,0,0,0,0,0,0,0,0,0,0,0,
0,0.600000023841858,19,,0,0,0,1,,,,1,0,,0,0,75.5,,20,,1,,,,0,,,,"English",0,4,1,0,"M",0,0,0,0,0,0,0,1,0,4,0,0,0,
3.34999990463257,2.13000011444092,19,,0,0,1.5,1,,,,1,0,,0,0,78.1999969482422,,80,,2,,,,0,,,,"English",0,3,0,0,"M",1,1,1,1,0,0,1,0,0,2,0,0,0,
,,19,,0,1,,,,,,1,1,,0,0,77,,,,2,,,,0,,,,"English",1,0,,,"F",0,0,0,0,0,0,0,0,0,0,0,0,0,
2.47000002861023,2.40000009536743,18,,0,0,3.5,2.5,,,,0,1,,1,1,78.5,,80,,2,,,,1,,,,"Other",0,5,0,0,"F",0,0,1,0,1,0,0,0,0,5,0,0,0,
1.37999999523163,2.39000010490417,19,,0,0,3,2,,,,0,0,,0,1,74.6999969482422,,66.5,,1,,,,1.5,,,,"Other",0,5,1,0,"M",1,1,1,1,0,0,1,0,0,4.5,0,0,0,
2.03999996185303,2.25999999046326,18,,0,1,3,4,,,,1,0,,1,1,75.6999969482422,,70,,1,,,,1,,,,"English",0,6,0,0,"M",0,0,0,0,0,0,0,0,0,4,0,0,0,
1.77999997138977,3.55999994277954,18,,0,0,3,5,,,,1,0,,1,1,75.5,,76,,1,,,,1,,,,"English",0,4,0,0,"M",0,0,0,0,0,0,0,1,0,4.5,0,0,0,
,,18,,0,1,,,,,,0,1,,,,86.4000015258789,,,,3,,,,0,,,,"Other",1,0,,,"F",0,0,0,0,0,0,0,0,0,0,0,0,0,
,,19,,0,0,,,,,,1,0,,,,74.6999969482422,,,,1,,,,0,,,,"English",1,0,,,"M",0,0,1,0,1,0,0,0,0,0,0,0,0,
3.07999992370605,3.0699999332428,18,,0,1,3.5,4,,,,0,1,,1,1,86.6999969482422,,75.5,,3,,,,3,,,,"Other",0,5,0,0,"F",0,0,0,0,0,0,0,0,0,5,0,0,0,
2.0699999332428,1.21000003814697,18,,0,0,4,2.5,,,,1,0,,1,1,85,,69,,3,,,,0.5,,,,"English",0,5,0,0,"M",0,0,0,0,0,0,1,1,1,5,0,0,0,
2.46000003814697,1.87000000476837,18,,0,1,3,2,,,,1,1,,1,1,74,,71,,1,,,,0,,,,"English",0,4,0,0,"F",0,0,0,0,0,0,0,0,0,4,0,0,0,
1.58000004291534,3,19,,0,0,2.5,2,,,,1,1,,1,1,81.1999969482422,,63,,3,,,,1,,,,"English",0,4,0,0,"F",0,0,0,0,0,0,0,1,0,4,0,0,0,
,,19,,0,0,1,0.5,,,,1,1,,,,83.8000030517578,,,,3,,,,0,,,,"English",1,4,,,"F",0,0,0,0,0,0,0,1,0,0,0,0,0,
,,19,,0,0,,,,,,1,0,,0,0,72.3000030517578,,,,1,,,,0,,,,"English",1,1,,,"M",0,0,0,0,0,0,0,1,0,0,0,0,0,
,,19,,0,1,,,,,,1,1,,,,80.3000030517578,,,,2,,,,0,,,,"English",1,0,,,"F",0,0,0,0,0,0,0,0,0,0,0,0,0,
1.75999999046326,1.97000002861023,18,,0,1,3,4.5,,,,1,1,,1,1,80.6999969482422,,58,,2,,,,3,,,,"English",0,5,0,0,"F",0,0,0,0,0,0,0,0,0,5,0,0,0,
1.70000004768372,1.54999995231628,18,,0,0,1,1.5,,,,1,0,,0,1,78.6999969482422,,,,2,,,,0,,,,"English",0,4,0,0,"M",0,0,0,0,0,0,0,1,0,4,0,0,0,
2.54999995231628,3.03999996185303,18,,0,0,2,4,,,,1,1,,0,1,80,,65,,2,,,,2,,,,"English",0,4,0,0,"F",1,1,1,1,0,0,1,0,0,3,0,0,0,
2.07999992370605,1.76999998092651,18,,0,1,2,2.75,,,,0,1,,1,1,74.8000030517578,,,,1,,,,0,,,,"Other",0,4,0,0,"F",0,0,0,0,0,0,0,0,0,4,0,0,0,
,,19,,0,1,,,,,,1,0,,,,71.6999969482422,,,,1,,,,0,,,,"English",1,0,,,"M",0,0,0,0,0,0,0,0,0,0,0,0,0,
1.27999997138977,0.579999983310699,18,,0,1,2.5,0.5,,,,1,0,,0,0,74.8000030517578,,59,,1,,,,0,,,,"English",0,5,0,0,"M",0,0,0,0,0,0,0,0,0,3,0,0,0,
3.8199999332428,3.74000000953674,19,,0,1,3.5,4.5,,,,1,1,,1,1,83.0999984741211,,86,,3,,,,0,,,,"English",0,5,0,0,"F",0,0,0,0,0,0,0,0,0,5,0,0,0,
0,,18,,0,1,0,0,,,,0,0,,0,0,74.1999969482422,,43,,1,,,,3,,,,"Other",0,5,1,1,"M",0,0,0,0,0,0,0,0,0,4,0,0,0,
0.200000002980232,0,23,,0,1,0.5,0.5,,,,0,1,,0,0,78.5,,53,,2,,,,0,,,,"Other",0,5,0,1,"F",0,0,0,0,0,0,0,0,0,2.5,0,0,0,
,,19,,0,0,,,,,,1,1,,0,0,74.3000030517578,,,,1,,,,0,,,,"English",1,0,,,"F",0,0,0,0,0,0,0,1,0,0,0,0,0,
2.1800000667572,3,18,,0,0,3,2.5,,,,1,1,,1,1,84.8000030517578,,67.5,,3,,,,1,,,,"English",0,4,0,0,"F",0,0,1,1,1,1,1,0,0,4,1,0,1,
0.600000023841858,0,18,,0,0,1.5,0,,,,1,0,,0,0,83.3000030517578,,54,,3,,,,1,,,,"English",0,4,0,0,"M",0,0,1,1,1,1,1,0,0,3,0,0,0,
0,,18,,0,0,0,0,,,,0,1,,0,0,72,,39,,1,,,,1,,,,"Other",0,5,0,1,"F",0,0,0,0,0,0,0,1,0,3.5,0,0,0,
2.66000008583069,1.5,19,,0,1,2.5,4,,,,1,0,,1,1,82.3000030517578,,60,,3,,,,3,,,,"English",0,4,0,0,"M",0,0,0,0,0,0,0,0,0,4,0,0,0,
1.92999994754791,1.33000004291534,19,,0,0,2.25,1.5,,,,0,1,,1,1,76.8000030517578,,55,,2,,,,0,,,,"Other",0,6,0,0,"F",0,0,0,0,0,0,0,1,0,4.5,0,0,0,
