"date","time","unscheduled","ff1","ff2","ed1","ed2","ed3","ed4","sp500","sp500_emini","tnote02","tnote05","tnote10","tbond","mps","mps_orth","nfp_surp","nfp_12m","sp500_3m","slope_3m","bcom_3m","tr_skew"
1988-02-04,"11:30am",1,"NA","NA",-0.035,-0.02,-0.01,0,"0.28731381532063299","NA","NA","NA",-0.00910125142207053,-0.00499495297774313,-0.0086903775649785,"-3.8671318066616882E-2",151,3.0878683909286,0.00166666705246943,-0.31324418691775,0.0171169239580946,0.240650090909091
1988-02-05,"11:30am",1,"NA","NA",0.01,-0.01,0,0.00999999999999091,"-0.18690674862273901","NA","NA","NA",0.00449255405232748,-0.00163124944012581,0.0114085717287746,"2.540131204118785E-3",-93,3.00857692041578,-0.0139383310164209,-0.331256323026104,0.0271704353431463,0.232826090909091
1988-02-11,"11:30am",0,"NA","NA",0.02,-0.005,-0.005,-0.00999999999999091,"-1.94760931573335E-2","NA","NA","NA",0.00677545803152961,0,0.00930356302591996,"-8.5161077097495319E-5",-93,3.00857692041578,0.0246526772855606,-0.131967821183222,0.0104151248457187,0.295690772727273
1988-03-30,"11:30am",0,"NA","NA",0.005,0.01,0,0,"-0.22919999999999999","NA","NA","NA",-0.0140906680425965,-0.0124592382944687,0.013088186353626,"-4.2128410805956661E-2",331,3.21282624148509,0.0314026975037933,0.300416165757632,0.0277051776112982,0.718858181818182
1988-04-04,"11:30am",1,"NA","NA",0.02,0.03,0.02,0.0100000000000051,"-0.28012575671274598","NA","NA","NA",0,-0.00538997928587543,0.0303648035102139,"-5.1946274693600086E-3",62,3.23388403657088,0.0568199217168814,0.202578598330264,0.0277230146293146,0.703221045454545
1988-04-05,"11:30am",1,"NA","NA",0.01,0.035,0.03,0.0300000000000011,"2.8978507809629399E-2","NA","NA","NA",0.00945421450172708,0.00538061751681155,0.0365264624297374,"6.2758118980512584E-3",62,3.23388403657088,0.0326648745592184,0.303624174863418,0.0113685505209453,0.701019818181818
1988-04-06,"11:30am",1,"NA","NA",-0.005,-0.02,-0.01,-0.019999999999996,"-0.202653869114577","NA","NA","NA",-0.00708568401156963,-0.00715146009614894,-0.00539958396088692,"-3.6378381615956211E-2",62,3.23388403657088,0.0452222070920874,0.184925604548649,-0.00271779454952092,0.694600045454545
1988-05-09,"11:30am",1,"NA","NA",0.03,0.02,0.03,0.0100000000000051,"-3.8789759989832397E-2","NA","NA","NA",0.00965257688931105,0.0092610668987814,0.0329675153797901,"2.050123534461543E-2",-80,3.1355760111067,0.0206799733691003,0.19330695087316,0.0319052871649284,0.4126445
1988-05-10,"11:30am",1,"NA","NA",-0.01,-0.005,0,-0.00500000000000966,"0.164418045647441","NA","NA","NA",-0.00241528291832885,-0.00185157926380495,0.00364910545713952,"-8.3508097745553997E-3",-80,3.1355760111067,0.0170225240563893,0.138287280179008,0.0292021636064428,0.393515090909091
1988-05-18,"11:30am",0,"NA","NA",0.02,0.02,0.015,0.019999999999996,"-0.117612480478968","NA","NA","NA",0.007336163821737,0.00759222588925559,0.0287572028636625,"1.78638184764447E-2",-80,3.1355760111067,-0.00873265851255578,0.132271540009058,0.0610628342078261,0.295455045454545
1988-05-19,"11:30am",0,"NA","NA",0.035,0.035,0.03,0.019999999999996,"0.190371281380664","NA","NA","NA",0.00491156894734562,0.00191032750863242,0.0409014901465558,"3.3947041544347439E-2",-80,3.1355760111067,-0.0331811808724787,0.186260301850211,0.0561623139735898,0.273658545454545
1988-05-20,"11:30am",0,"NA","NA",0,-0.005,0.01,0.00500000000000966,"0.108701033481218","NA","NA","NA",-0.00490408505229098,0,0.011447606723013,"2.0547461546865059E-3",-80,3.1355760111067,-0.025950105963152,0.127079383648763,0.0699580392136649,0.254211136363636
1988-05-25,"11:30am",1,"NA","NA",0.02,0.02,0.03,0.0300000000000011,"-0.28407718570262502","NA","NA","NA",0.0098065680259834,0.0152587073007368,0.0351359836052473,"2.8484347412141928E-2",-80,3.1355760111067,-0.0467387386875604,0.177554024279326,0.0756188649559588,0.218245818181818
1988-05-26,"11:30am",1,"NA","NA",0.025,0.03,0.01,0.0150000000000006,"-0.31492989320165399","NA","NA","NA",0.0196598472488919,0.0153038251709442,0.0303343229716799,"2.4374537876764042E-2",-80,3.1355760111067,-0.043416356390007,0.168664555234992,0.0670831196142707,0.215403363636364
1988-06-17,"11:30am",1,"NA","NA",0.015,0.03,0.03,0.03,"-0.119326279705678","NA","NA","NA",0,0.00740027538797611,0.0365179079740361,"9.247285689263432E-3",-13.5,3.12957951638921,0.0135848329139483,-0.217469483177663,0.128346071110024,0.172769590909091
1988-06-20,"11:30am",1,"NA","NA",0,-0.015,-0.02,-0.0299999999999994,"2.7671447854515901E-2","NA","NA","NA",-0.00486876564883299,-0.00373956404340944,-0.00773026894150682,"-3.6070802756066021E-2",-13.5,3.12957951638921,0.00752789418919431,-0.272635254030487,0.134934962276689,0.176462
1988-07-01,"11:30am",0,"NA","NA",0.015,0,0.01,0.019999999999996,"-0.17327075604036701","NA","NA","7.5873461044825789E-3",0.00950470750330099,0.0144305098684211,0.0205889973634337,"-9.6166105578194168E-3",-13.5,3.12957951638921,0.0503507963133769,-0.527471954930163,0.0961315207138451,0.161679227272727
1988-07-19,"11:30am",1,"NA","NA",0.025,0.025,0.03,0.00999999999999091,"-0.41626256859466099","NA","NA","7.6827353193109358E-3",0.0146404060211085,0.00951112503917267,0.0329760698354876,"-7.391211824713341E-3",121,3.30683620133563,0.0405894362005883,-0.452199138531482,0.0744281418102259,0.242301181818182
1988-07-20,"11:30am",1,"NA","NA",0,0.01,0.02,0.0100000000000051,"0.101752934175892","NA","NA","-1.9193870752831448E-3",0.00487355095449565,0.00569951598908623,0.0194120620283126,"-1.9834060011416441E-2",121,3.30683620133563,0.0329425517350579,-0.471710082418705,0.0675573036915047,0.245311863636364
1988-08-09,"9:45am",1,"NA","NA",0.1,0.115,0.11,0.120000000000005,"-0.46347876812387101","NA","NA","4.8105907283506742E-2",0.0266916284249386,0.0168313076001745,0.126067071650989,"9.2112768520526467E-2",35,3.17933196551419,0.0423309601768267,-0.664348331798962,0.0322419820464779,0.370049818181818
1988-08-09,"11:30am",1,"NA","NA",0.02,0.025,0.005,0.03,"9.4000000000000004E-3","NA","NA","7.7254220338579486E-3",0.0146422028935335,0.00943862908191486,0.0299598015658897,"-3.9945015645730941E-3",35,3.17933196551419,0.0423309601768267,-0.664348331798962,0.0322419820464779,0.370049818181818
1988-08-17,"11:30am",0,"NA","NA",0.01,0.035,0.03,0.0300000000000011,"-0.32507916571047302","NA","NA","1.9447727056132662E-2",0.0272498408472713,0.0310829891258535,0.0365264624297374,"8.7488474552160148E-3",35,3.17933196551419,0.0146134738050403,-0.653220604343732,0.00909733171874283,0.335517818181818
1988-09-21,"11:30am",0,"NA","NA",0.005,-0.02,-0.02,-0.0175,"0.119260598512305","NA","NA","-1.5311013886246909E-2",-0.00956800137826081,-0.00910423519736842,-0.00467751143456267,"-5.399262366231488E-3",-10,3.1276877397568,-0.00351585269923316,-0.575774478844602,-0.11829163045603,0.140542090909091
1988-11-02,"11:30am",0,"NA","NA",0.01,0.01,0.02,0.00999999999999091,"0.18747494666513401","NA","NA","3.7791927015276426E-3",0,-0.00175089830111664,0.0221416929430835,"7.5656235898884129E-3",-27.5,3.22658105874005,0.0248529852286348,-0.620434198059074,-0.0537045269915,0.292542863636364
1988-11-07,"11:30am",1,"NA","NA",0.015,0.025,0.02,0.0300000000000011,"-9.0925629104887704E-2","NA","NA","1.1446270182864478E-2",0.0142783741891039,0.00717849047702075,0.0325247172799701,"9.6275212460619347E-3",93,2.99715864353427,0.0159787435849026,-0.512724872378978,-0.049910673241957,0.326151363636364
1988-11-08,"11:30am",1,"NA","NA",0.015,0.05,0.04,0.019999999999996,"-0.108597295740598","NA","NA","1.71624931630639E-2",0.00712740160417832,0.0214938227303019,0.0421821588372497,"1.857068922412481E-2",93,2.99715864353427,0.0102004260092894,-0.51599384376434,-0.0439923192279092,0.342599727272727
1988-12-15,"11:30am",0,"NA","NA",0.025,0.065,0.03,0.0349999999999966,"-0.19969145239828701","NA","NA","4.8836654906074188E-2",0.0316918463845001,0.0255078309905534,0.0500856530654848,"1.133936062594287E-2",213,3.0908841322157,0.0290398856507332,-0.696957017568681,-0.00897553967562459,0.219482363636364
1989-01-06,"11:30am",1,"NA","NA",0.01,0.015,0,-0.0100000000000051,"-9.6903500513345606E-2","NA","NA","-3.9285969807540963E-3",0,-0.00181634857760173,0.0133773221539838,"-2.0911668890241101E-2",29,3.07491491444214,0.0313052640994176,-0.560927370243713,0.0895973496764606,0.258062318181818
1989-01-09,"11:30am",1,"NA","NA",-0.01,-0.01,0,0,"1.76491352381625E-2","NA","NA","-3.9245939951827917E-3",0,-0.00361444172510952,0.00350026032911184,"-3.2328302336858433E-2",29,3.07491491444214,0.0364639791527548,-0.609434676503491,0.0936103769165051,0.258616409090909
1989-01-10,"11:30am",1,"NA","NA",0.01,0.02,0.01,0.0100000000000051,"-0.141467751268021","NA","NA","-1.9617246559988553E-3",0.00488299959605286,0,0.0222686119882851,"-1.1960615575407479E-2",29,3.07491491444214,0.0329962645164033,-0.597675764842104,0.0807639312441415,0.271222181818182
1989-02-09,"11:30am",0,"NA","NA",-0.04,-0.025,-0.02,-0.019999999999996,"7.4953157787582797E-2","NA","NA","-7.7903041281342364E-3",-0.00481572127843363,-0.00176942602145255,-0.0189464828566635,"-6.6704737924309643E-2",153,3.23193021176973,0.0777488953595418,-0.889071456348309,0.03455524383922,0.280171954545455
1989-02-14,"11:30am",1,"NA","NA",0.03,0.015,0.04,0.0300000000000011,"-0.15241323864918499","NA","NA","1.1762938230383975E-2",0,0.00726343238201251,0.0391120653879116,"-2.105063577895222E-3",153,3.23193021176973,0.0679215530650659,-0.700857734397991,0.0139486643402185,0.248415
1989-02-23,"11:30am",1,"NA","NA",0.085,0.08,0.07,0.065,"-0.13719999999999999","NA","NA","1.7807189230475463E-2",0.00987523312466567,-0.00184228760535705,0.0884099801276576,"4.2794443206070551E-2",153,3.23193021176973,0.0947946893037095,-0.492906084402395,0.0584006771659791,0.232111818181818
1989-02-24,"9:00am",1,"NA","NA",0.05,0.055,0.07,0.0750000000000028,"1.70517521088875E-2","NA","NA","4.7475952932190847E-2",0.0394908880532253,0.0460005263513337,0.0744384719306235,"2.7905780829485121E-2",153,3.23193021176973,0.0916633535734102,-0.573892323617778,0.0619773399061225,0.222562318181818
1989-02-24,"11:30am",1,"NA","NA",-0.055,-0.045,-0.035,-0.0300000000000011,"-8.6449103144481398E-3","NA","NA","-2.3769004940687878E-2",-0.00495241538906566,-0.00739355866950924,-0.0349131896227623,"-8.1445880723900702E-2",153,3.23193021176973,0.0916633535734102,-0.573892323617778,0.0619773399061225,0.222562318181818
1989-03-29,"11:30am",0,"NA","NA",-0.02,-0.01,-0.03,-0.025,"7.6042418433353007E-2","NA","NA","-3.9754088575862474E-3",-0.0148251990808319,-0.0110433758343494,-0.0132114568538876,"-4.2816817867183603E-2",46.5,3.03650698280364,0.0499602987654644,-0.587195344298098,0.0290329539125835,0.231477954545455
1989-05-17,"11:30am",0,"NA","NA",-0.01,-0.015,-0.015,-0.019999999999996,"7.8724660540707703E-3","NA","NA","-3.8484603303031739E-3",-0.0070889630765263,0,-0.00670093989567503,"-1.89183999225747E-2",-103,2.87894607213275,0.0766388398133309,-0.0257873829514708,0.0353310813209342,0.236802363636364
1989-06-06,"11:30am",1,"NA","NA",-0.04,-0.05,-0.06,-0.0499999999999972,"0.238507518334341","NA","NA","-2.6335344580479651E-2",-0.018235922260981,-0.0148141873374326,-0.0436397642563659,"-5.0197816865122619E-2",-99,2.77269670421507,0.104936214583981,0.092610258854009,-0.0208682591155291,0.246025454545454
1989-07-07,"11:30am",0,"NA","NA",-0.015,-0.04,-0.03,-0.0300000000000011,"0.3906404569336","NA","NA","-2.5719092072217217E-2",-0.0177825304873731,-0.00783322544577179,-0.0213113856600877,"-2.229608297337507E-2",-17.5,2.53208936373923,0.0851274005371092,0.475460057665227,-0.0456061810244499,0.181310727272727
1989-07-25,"11:30am",1,"NA","NA",-0.015,-0.025,-0.03,-0.0400000000000063,"8.8593582760321296E-2","NA","NA","-2.5700547172939809E-2",-0.00887002930392559,-0.0062944042753851,-0.0196403254909407,"-1.8393541965867559E-2",-17.5,2.53208936373923,0.0859466563101225,0.241781481076727,-0.0812261047575191,0.143098954545454
1989-07-26,"11:30am",1,"NA","NA",-0.005,-0.01,-0.03,-0.0100000000000051,"9.6428446443841395E-2","NA","NA","-1.4660207973091408E-2",-0.00663840088336471,-0.00784368800455697,-0.00544343612655297,"-1.04273099541654E-3",-17.5,2.53208936373923,0.0754682060469865,0.318216943841157,-0.089281404727485,0.130655636363636
1989-07-27,"11:30am",1,"NA","NA",-0.01,-0.01,-0.02,-0.0200000000000102,"0.26279305582930201","NA","NA","3.6560132575757572E-3",0,0.00467709433814611,-0.00663748037307945,"-3.3021179321603119E-3",-17.5,2.53208936373923,0.0908562764632119,0.324709556945225,-0.0866347873962265,0.114266954545455
1989-08-23,"11:30am",0,"NA","NA",-0.02,-0.03,-0.01,-0.0300000000000011,"-2.9124799972901599E-2","NA","NA","-7.5100296735905034E-3",-0.00908169358507734,-0.00641782493159075,-0.0146898197293422,"-1.7749482682182249E-2",9,2.35851377161591,0.060250999544202,0.123872829690119,-0.0190581579012434,0.0107383181818182
1989-10-04,"11:30am",0,"NA","NA",0.005,0.01,0.01,-0.0100000000000051,"6.2615231461027293E-2","NA","NA","7.5006527260212189E-3",0.00226452364711232,0.00479077660802557,0.0132589575644867,"-4.6326103289988738E-3",42,2.28828379762742,0.109312066500621,-0.111753423746357,0.00956686302108345,0.0778063636363636
1989-10-16,"11:30am",1,"NA","NA",0.02,-0.005,0.025,0.0249999999999915,"0.83632948706782195","NA","NA","-1.8486263540901224E-3",0.00666166286661096,0.0123788946786982,0.025734698864257,"2.609100891454829E-2",-66,2.19803421446549,0.011151411520185,-0.0910535288737444,0.00925313108538983,0.0739775454545455
1989-10-19,"11:30am",1,"NA","NA",0.015,0,0,0.0100000000000051,"9.3300326142298204E-2","NA","NA","-7.3871204759308855E-3",-0.00887680697730394,-0.00620262440520973,0.0155201270123415,"1.6576454891729559E-2",-66,2.19803421446549,0.0309335177975401,0.0622830178792468,0.0137343331597588,0.0403351363636364
1989-11-07,"11:30am",1,"NA","NA",-0.065,-0.065,-0.07,-0.0600000000000023,"0.59036901283446896","NA","NA","-4.7982466532401367E-2",-0.0309708614327523,-0.0215030645004378,-0.0596528216336618,"-6.5718439528043515E-2",78,2.04894666046336,-0.0334384397356562,-0.138538473792515,0.0461002576229461,-0.145538
1989-11-08,"11:30am",1,"NA","NA",0.005,0.005,0.005,0,"-3.67849921381058E-2","NA","NA","-7.3427136630661374E-3",-0.00439597552531547,-0.00152380026255652,0.0130247268310269,"8.7131473056572435E-3",78,2.04894666046336,-0.0426828110351511,-0.0245674597311303,0.048918609788295,-0.140493454545455
1989-11-09,"11:30am",1,"NA","NA",0.05,0.05,0.03,0.00999999999999091,"-0.38240964384037601","NA","NA","2.9336366005638877E-2",0.0219397350150592,0.0243679549506542,0.0466669966878643,"4.424694893718422E-2",78,2.04894666046336,-0.0325847009775106,0.180067059437164,0.0461451375497939,-0.133972
1989-11-15,"11:30am",0,"NA","NA",0.02,0.02,0.02,0,"-8.8125143398709596E-2","NA","NA","7.3217922606924647E-3",0.0109604870950881,0.00760723489084456,0.0251690141139201,"2.3169638715386711E-2",78,2.04894666046336,-0.014889049735145,0.208500636047739,0.0343943110635516,-0.139948272727273
1989-12-20,"11:30am",0,"NA","NA",-0.04,-0.03,-0.02,-0.02,"0.17257500507961199","NA","NA","-3.6488470098016007E-3",0.0021811867349964,0.00604460367392908,-0.0203198527697526,"-2.8658675340541399E-2",45,1.9827086915603,-0.0123915165279689,-0.100605657022176,0.0346404515180998,0.0476359090909091
1990-02-08,"11:30am",0,"NA","NA",0.015,0.015,0.015,-0.005,"-0.311","NA","NA","1.3221913382272589E-2",0.0115106774511063,0.0232779430471669,0.0198963935678976,"1.089662556454846E-2",102.5,1.8747949163096,-0.0115287929587833,0.271322732721147,0.0251382778324771,0.122528272727273
1990-03-28,"11:30am",0,"NA","NA",-0.025,-0.02,-0.02,-0.0300000000000011,"-0.15953999999999999","NA","NA","-1.1419267428870245E-2",-0.00927342010618256,-0.00671101271275583,-0.0159277161415313,"-2.5965695968786642E-2",149.5,1.84918046591776,-0.00955885345598784,0.0816949181794606,0.000297149169526279,0.0353726818181818
1990-05-16,"11:30am",0,"NA","NA",-0.01,-0.025,-0.02,-0.01,"0.21893000000000001","NA","NA","-1.1452011794920575E-2",-0.0093811527014652,-0.011992329430763,-0.00830854054222518,"1.371810040119391E-2",-306,1.7290807945475,0.0600849402154724,0.177699197349491,0.0188446138282359,0.0404162272727273
1990-07-05,"11:30am",0,"NA","NA",0.01,0.005,0.01,0,"1.3884000000000001E-2","NA","NA","7.525114589023202E-3",0,0.00495459132189707,0.0156994526789032,"2.0238356809890459E-2",-68.5,1.76447881243274,0.0577792457092166,0.207647237651744,-0.0269669228829166,0.155180090909091
1990-07-13,"11:30am",1,"NA","NA",-0.05,-0.035,-0.015,-0.025,"-9.4017000000000003E-2","NA","NA","-1.3185542283122374E-2",-0.00460515058179329,0.00333500140117699,-0.0243374679921841,"-2.3365970877431249E-2",-60,1.67983241799412,0.068135173990564,0.251823960975973,-0.00180424791963763,0.154871272727273
1990-08-22,"11:30am",0,"NA","NA",0.015,-0.01,0.005,0.005,"0.40573999999999999","NA","NA","-7.6060858195649596E-3",-0.00952116356535722,-0.0144098471916583,0.0128587727915949,"3.6977206530081581E-2",-219,1.60909612934219,-0.096986522046449,0.574146695097329,0.101905251974708,0.0283242727272727
1990-10-03,"11:30am",0,"NA","NA",-0.01,-0.015,-0.01,0,"-3.9328000000000002E-2","NA","NA","-7.5337845861536638E-3",-0.00938118953574904,-0.00705385815212405,-0.000492930364954477,"-2.1698285815600622E-3",-42,1.36868898193843,-0.127349767393252,0.704135634279889,0.154118425169448,0.386911818181818
1990-10-29,"11:30am",1,"NA","NA",0.015,0.01,0,-0.01,"-0.66624000000000005","NA","NA","1.1228753204823855E-2",0.00932096204197845,0.0139344762990715,0.0133687676982841,"2.3841297724229979E-2",-101,1.05651107338929,-0.155317385282168,0.497742322153679,0.104916595985069,0.383180272727273
1990-11-14,"11:30am",0,"NA","NA",0.01,0,0,0.01,"-0.1482","NA","NA","9.2732661529342023E-3",0.0137092596282486,0.00837707396689663,0.0141553115549531,"1.421384546987081E-2",-46,0.824425142292817,-0.0645149114528776,0.0986585944949168,0.0265509080479074,0.504197363636364
1990-11-15,"11:30am",0,"NA","NA",0.005,0.01,0,-0.01,"-0.18731999999999999","NA","NA","0",0.00684851936218679,0.0033492386499193,0.0106391367835098,"1.0765281403817391E-2",-46,0.824425142292817,-0.0575796734122811,-0.0330988771716498,0.00634016723196051,0.506069
1990-11-16,"11:30am",0,"NA","NA",0.005,0.005,0.01,0,"-0.41710999999999998","NA","NA","3.6975487174624243E-3",0.00453928652708238,0.00496608086641157,0.014334637221516,"1.6744612761122411E-2",-46,0.824425142292817,-0.0701572092595937,-0.0491672115311688,-0.00566821158745956,0.505593272727273
1990-12-07,"11:30am",1,"NA","NA",-0.025,-0.025,-0.03,-0.03,"0.21285999999999999","NA","NA","-1.6467133926880088E-2",-0.00446665344514959,-0.0111946327238335,-0.0199209068355973,"-8.3701104833654172E-5",-192,0.429413611972507,0.0143239984657972,-0.247247517099876,-0.102013232945322,0.453792409090909
1990-12-18,"3:30pm",0,"NA","NA",-0.14,-0.105,-0.09,-0.08,"0.95816999999999997","NA","NA","-8.9430817312245475E-2",-0.0510696739299721,-0.0412555391432792,-0.101249753501363,"-8.2243270718891384E-2",-192,0.429413611972507,0.0285933767516511,-0.23141897517529,-0.117521916799695,0.512527409090909
1990-12-19,"11:30am",0,"NA","NA",0.015,0.03,0.035,0.025,"9.7697000000000006E-2","NA","NA","0",0.0110968582310382,0.00634593796159527,0.0366032935794671,"5.3395946142188837E-2",-192,0.429413611972507,0.0379163074811073,-0.307293881884583,-0.116448762247081,0.524492818181818
1991-01-08,"11:30am",1,"NA","NA",-0.125,-0.11,-0.1,-0.08,"0.44838","NA","-2.4491633128574455E-2","-5.3286262616689568E-2",-0.0585574450553353,-0.0425881250498445,-0.101148497823268,"-9.2678142945826603E-2",75,0.304581802777903,0.0128902301694742,0.190193249465034,-0.168392496282915,0.557992954545455
1991-02-01,"9:15am",1,"NA","NA",-0.04,-0.055,-0.05,-0.045,"-0.54547999999999996","NA","-1.6261449674379203E-2","3.6287918224409631E-3",0.00661721655753702,0.0141920646308982,-0.0411687886034184,"-1.0155795910826861E-2",-230,-0.126466292515381,0.130408560878069,0.314483748025671,-0.175504010482122,0.480941409090909
1991-02-01,"11:30am",1,"NA","NA",-0.06,-0.03,-0.03,-0.03,"0.26998","NA","-4.8748345422777563E-3","-2.1771331219535277E-2",-0.00882366251361174,-0.00630731127207682,-0.0308479849503957,"1.6500774219587591E-4",-230,-0.126466292515381,0.130408560878069,0.314483748025671,-0.175504010482122,0.480941409090909
1991-02-07,"11:30am",0,"NA","NA",0.01,-0.005,-0.015,-0.01,"-6.1807000000000001E-2","NA","-3.24816011012866E-3","0",0.00219219516331925,0.00468076749347002,0.00395411133016521,"3.3650465061926371E-2",-230,-0.126466292515381,0.138206195041184,0.256062259426568,-0.165402454157307,0.435754409090909
1991-03-08,"11:30am",1,"NA","NA",-0.065,-0.085,-0.05,-0.05,"0.26325999999999999","NA","1.961715647339158E-2","-2.7666429755981992E-2",-0.0293071387000156,-0.00981986997236416,-0.0574576101539413,"-4.5025008457808532E-2",-77,-0.642640972606046,0.148297642888681,0.553162784889115,-0.0676312102155796,0.375313363636364
1991-03-27,"11:30am",0,"NA","NA",-0.01,-0.025,-0.025,-0.0281,"0.21021000000000001","NA","4.910554466980882E-3","-3.6991301462397192E-3",-0.00904331771055248,-0.00327864940643083,-0.0140512306546246,"-6.9995517476686801E-4",-77,-0.642640972606046,0.130930472874908,0.576331332310026,-0.0670983176009825,0.402927045454545
1991-04-30,"9:30am",1,"NA","NA",-0.175,-0.215,-0.18,-0.145,"0.99443999999999999","NA","-0.1","-0.10272619611558502",-0.0782426896854757,-0.0578440285381134,-0.180514809025571,"-0.17262525929149469",-60,-0.978899322985605,0.109872693357218,0.415710446021428,0.0050103288513661,0.293738909090909
1991-04-30,"11:30am",1,"NA","NA",0.025,0.02,0.03,0.03,"-0.48365000000000002","NA","-8.1393624907338778E-3","1.4663666508763617E-2",0.0133949908576774,0.0128273286033321,0.0365007990626342,"4.4390348796710923E-2",-60,-0.978899322985605,0.109872693357218,0.415710446021428,0.0050103288513661,0.293738909090909
1991-05-15,"11:30am",0,"NA","NA",0,0.01,0.005,0.02,"-0.1074","NA","-4.8818172191040987E-3","7.3511502831283913E-3",0.00450446739300274,0.00491378709246845,0.0179313804269603,"3.2385345818200288E-2",11,-1.20997884837593,0.0335749828901566,0.580358783644228,-0.0156345918176628,0.277245863636364
1991-07-05,"11:30am",0,"NA","NA",0.01,0.01,0.005,0.01,"-0.12579000000000001","NA","8.1955404904401237E-3","2.4217619284883859E-2",0.022917141879562,0.0286874440229041,0.0182119617716185,"4.9135400719690157E-2",-100,-1.39235504024473,-0.0163918498259426,0.278075128280269,-0.0531425649970965,0.227072318181818
1991-08-06,"11:30am",1,"NA","NA",-0.125,-0.125,-0.12,-0.085,"0.60102999999999995","NA","-7.6999999999999999E-2","-5.2931569105498615E-2",-0.0333281433565939,-0.025635662203629,-0.111732773909547,"-8.8183025567667356E-2",-101,-1.40480596636223,0.011860427962934,0.199147315051674,-0.0173244942541588,0.224106272727273
1991-08-21,"11:30am",0,"NA","NA",0.005,0.02,0.02,0.02,"3.2412000000000003E-2","NA","0","3.5987517140290319E-3",0.00438481749350209,0.00157012793344321,0.0259726668819911,"5.1606095596942847E-2",-101,-1.40480596636223,0.0187284343981986,0.376638825246752,-0.00838665702783015,0.172277090909091
1991-09-13,"9:10am",1,"NA","NA",-0.005,0.015,0.01,0,"-1.2807000000000001E-2","NA","4.8408573696745172E-3","-1.792973917973918E-3",-0.00433460611781945,-0.00153717928721828,0.0143517461329179,"2.755745863835133E-2",-6,-1.20049901705208,0.0163722601874587,0.251205327686461,0.0327906072150439,0.0714502727272727
1991-09-13,"11:30am",1,"NA","NA",-0.01,0,0.02,0.025,"3.2273999999999997E-2","NA","-3.2274675840169359E-3","1.4370393120393119E-2",0.00868668366843729,0.00616870077205022,0.017609265642535,"3.0814978147968439E-2",-6,-1.20049901705208,0.0163722601874587,0.251205327686461,0.0327906072150439,0.0714502727272727
1991-10-02,"11:30am",0,"NA","NA",0.01,0,0.01,0.01,"-3.1889000000000001E-2","NA","8.0332380649941783E-3","0",0,0.00152025976046041,0.0167751323359312,"2.3347797565491421E-2",-6,-1.20049901705208,0.0474601138268715,0.00720946863255234,0.0550008451479078,0.0109365454545455
1991-10-30,"11:30am",1,"NA","NA",0,-0.02,-0.005,0,"1.2728E-2","NA","4.7904011006455706E-3","-7.0629189087133013E-3",-0.00213448237080358,-0.0030371356652056,0.00217324102722081,"1.7359646668009529E-2",-16,-1.0897364246377,0.021507871141206,0.429250890109472,0.0507488666735494,0.00165081818181819
1991-11-06,"8:45am",0,"NA","NA",-0.09,-0.105,-0.1,-0.09,"-0.10271","NA","-9.2999999999999999E-2","-5.6471670953583304E-2",-0.0449737608509082,-0.0339001093835456,-0.0926704692785856,"-7.5770554104529306E-2",-26,-0.929572773707221,0.00943439800763901,0.53252096627251,0.0532159531285528,0.015267
1991-11-06,"11:30am",0,"NA","NA",0.005,0.015,0.02,0.015,"-0.12181","NA","7.9681464627758079E-3","7.0557141845812585E-3",0.00856831323775624,0,0.0233747721838448,"4.0274687357901059E-2",-26,-0.929572773707221,0.00943439800763901,0.53252096627251,0.0532159531285528,0.015267
1991-12-06,"11:30am",1,"NA","NA",0.01,0.005,0.02,0.02,"1.3147000000000001E-2","NA","7.9221328819297498E-3","0",0,0.00299380332805683,0.0232173726001138,"6.2878225132937393E-2",-211,-0.845904271706388,-0.0327906775899622,0.487988010316752,-0.0101685280708308,0.118362590909091
1991-12-18,"11:30am",0,"NA","NA",0.005,0.01,0.01,0.01,"4.5588999999999998E-2","NA","7.9070136464614409E-3","3.4805029669398133E-3",0,0,0.0181570567047204,"6.3687284111521414E-2",-211,-0.845904271706388,-0.00791135131417509,0.710699368327355,-0.0527632637109905,0.114005727272727
1991-12-20,"8:30am",1,"NA","NA",-0.3,-0.3,-0.26,-0.26,"0.88665000000000005","NA","-0.16550301491589972","-0.13602430351129219",-0.072638582170911,-0.0454719987712865,-0.287105120286911,"-0.24012710226749021",-211,-0.845904271706388,-0.0114887027689994,0.6678265148704,-0.0676530002718216,0.116213590909091
1991-12-20,"11:30am",1,"NA","NA",-0.01,0.015,-0.01,-0.01,"-1.9387000000000001E-2","NA","-7.8705172960964777E-3","6.9031863033699927E-3",-0.00207111508679731,0.00439025092633479,0.0052982395434582,"5.2276257562879402E-2",-211,-0.845904271706388,-0.0114887027689994,0.6678265148704,-0.0676530002718216,0.116213590909091
1992-02-06,"11:30am",0,"NA","NA",0,-0.01,0.01,-0.01,"4.8259999999999997E-2","NA","4.7360347016504436E-3","0",-0.00836378923766816,-0.0059393231078314,0.00640066245474814,"2.0496293242332542E-2",81,-0.770585611559227,0.0559537861060315,0.622318202694929,-0.0539508041221852,0.115555954545455
1992-04-01,"11:30am",0,"NA","NA",0.015,0.02,0.015,0.02,"-4.3557999999999999E-2","NA","7.994390644017569E-3","-1.7812544278090019E-3",0.00215727395563563,0,0.0273923874062763,"2.4309132318955231E-2",140,-0.386099086827407,-0.00683826647952568,0.0430014339654123,0.0292778120286013,0.0602899545454546
1992-04-09,"11:30am",1,"NA","NA",-0.22,-0.24,-0.23,-0.265,"0.94027000000000005","NA","-0.15556260910966513","-0.10580479290499104",-0.0491298546246225,-0.0395933025964572,-0.242152696453782,"-0.2270709617805845",-49,-0.191766988192121,-0.0564258543571707,0.202219749147032,0.0500997550468218,0.0812146818181818
1992-05-20,"11:30am",0,"NA","NA",0.025,0.03,0.02,0.02,"-6.5997E-2","NA","3.3089129859825449E-2","0",-0.0083909673259416,-0.0134089283297566,0.0341786685377161,"3.3164532575216482E-2",51,0.150322576227957,0.00938656828503603,0.0664869269369071,0.0295168231032097,0.120981727272727
1992-07-02,"9:15am",0,"NA","NA",0.01,0.02,0.045,0.07,"-0.15737000000000001","NA","2.3495689883124438E-2","2.2275177104662387E-2",0.0185449059134152,0.0102465827113532,0.0461322821424048,"6.8783416241647952E-2",-212,0.349220598626587,0.0242204318937889,0.431830285612827,0.0350342536097346,0.131691363636364
1992-08-19,"11:30am",0,"NA","NA",-0.01,0.01,-0.01,0,"7.7351000000000003E-2","NA","7.7431803764009309E-3","6.6628332707472778E-3",0.00396059782608696,0,0.00637391920048627,"2.137745995616449E-3",88,0.468932956284362,0.0270634608941256,0.0997321961758129,0.00566835845719815,0.130627954545455
1992-09-04,"11:30am",1,"NA","NA",-0.01,-0.015,-0.005,-0.035,"-5.9874999999999998E-3","NA","-7.7624484617824299E-3","3.3391173849833511E-3",0.0138830074313945,0.0152802509963538,-0.00775469346987218,"2.2537747115652911E-2",-233,0.571758952007961,0.00814350441269074,0.239250928043372,-0.0202541744104172,0.0768670454545455
1992-10-07,"11:30am",0,"NA","NA",0.01,0,0.01,0.01,"-0.14727000000000001","NA","7.7467618292360561E-3","1.0018315448376265E-2",0.00398835415595425,-0.00714180672268908,0.0167751323359312,"2.6620361899798179E-2",-7,0.571595807189773,-0.0162240775787286,0.158733445429087,-0.00237072221994783,0.0873517272727273
1992-11-18,"11:30am",0,"NA","NA",0.01,-0.015,0.005,0.01,"0.31448999999999999","NA","1.0964091173515258E-2","6.8516775681144431E-3",-0.00203446018414051,0.0014358240290104,0.0113451122061777,"1.6196685559980731E-2",2,0.710817394927332,-0.00349996190662516,-0.179705799446814,-0.0184691785433975,0.0898746818181818
1992-12-23,"11:30am",0,"NA","NA",0,-0.01,-0.005,-0.01,"-0.12453","NA","7.8526471677156616E-3","0",-0.00203065347638289,0,0.00247093128328088,"-2.8445735781542979E-3",45,0.900824181553617,0.0421420117187452,-0.462703469206188,-0.0506138781891785,0.158822090909091
1993-02-04,"11:30am",0,"NA","NA",-0.01,-0.01,0.01,0.005,"-7.2445999999999997E-2","NA","-3.1081209685946917E-3","6.692181263207325E-3",0.00393669921739733,0,0.00734460589514813,"2.8985614716464871E-3",-27,1.074242529908,0.065899016854206,-0.387886701187627,-0.0280681603651036,0.181864636363636
1993-03-24,"11:30am",0,"NA","NA",0,0,0,0,"-0.17734","NA","4.6443222668640302E-3","4.9567236647667301E-3",0.0115764036565495,0.00785117282286331,0.0089766310700625,"-1.7278180815028809E-2",243,1.58643346209342,0.0301541750910275,-0.192072374938123,0.0177403319307094,0.0613989545454546
1993-05-19,"11:30am",0,"NA","NA",-0.01,-0.02,-0.02,-0.02,"0.15375","NA","-5.4141777237405502E-3","-1.3192731535756156E-2",-0.0193128190975576,-0.0172386510662459,-0.00938422019925325,"-1.3431139775648389E-2",-31,1.62701820433462,-0.00962828095783941,-0.200314326882126,0.0272359796484345,0.162820363636364
1993-07-08,"11:30am",0,"NA","NA",-0.01,-0.025,-0.01,-0.01,"0.20743","NA","-1.0071896806935928E-2","-3.2845055898000795E-3",-0.00948739114284535,-0.00126263043418408,-0.005688719761247,"-9.6710625462187137E-3",-137,1.85362625866663,0.00325711083904956,-0.62137227448912,0.02656735613765,0.212938272727273
1993-08-18,"11:30am",0,"NA","NA",0.005,0.01,0,0.01,"-0.10402","NA","1.2365068456943488E-2","9.8067055598509856E-3",0.00941449737485912,0.00611325599606636,0.0155372359237422,"-2.4785784199128792E-3",12,2.05684526103287,0.0304048334520948,-0.574886053352466,0.00557079613617439,0.256568727272727
1993-09-22,"11:30am",0,"NA","NA",-0.005,0.01,-0.01,-0.0200000000000005,"-1.6462000000000001E-2","NA","1.0830513850708394E-2","1.6257171627286141E-3",0.0130737558672559,0.0048136105928596,0.00284063551764088,"7.4367665026700228E-3",-189,2.07701032160088,0.0206781622478287,-0.398838383516588,-0.000873186439564577,0.188177863636364
1993-11-17,"11:30am",0,"NA","NA",0.01,-0.01,0.01,-0.01,"-0.11801","NA","0","-4.8872021927050388E-3",-0.0131065560257185,-0.00843576231146647,0.00913029336952249,"-4.6681440195099552E-3",17,2.35353985180886,0.0312498228469025,-0.236591704914418,-0.00715878723503494,0.243373954545455
1993-12-22,"11:30am",0,"NA","NA",0.01,0,-0.01,-0.013,"-3.7476000000000002E-2","NA","0","-3.3057405496670104E-3",0,0.0012424405505742,0.00590267676270758,"-5.9118926200336791E-3",37,2.44961857721222,0.0222750558272384,0.200504213735103,0.00434390527654926,0.272217545454546
1994-02-04,"11:05am",0,"NA","NA",0.125,0.15,0.15,0.15,"-0.85182999999999998","NA","0.15176881180265453","0.12846352334037064",0.0912743260378191,0.0333488912683378,0.160331170163802,"0.15117934589927681",-118,2.52089628605461,0.0258561525052299,0.0798032125400132,0.0603871279010591,0.330375272727273
1994-03-22,"2:20pm",0,"NA","NA",-0.055,-0.055,-0.045,-0.052,"0.41427999999999998","NA","-5.7819855080129053E-2","-6.4989064227087778E-2",-0.0581728100366382,-0.0523359334859171,-0.0456676592841722,"-6.8000437553223381E-2",67,2.45498657056231,0.0111603510603162,-0.0503623895794405,0.0413057324496444,0.320397863636364
1994-04-18,"10:06am",1,"NA","NA",0.07,0.09,0.09,0.095,"-0.75666999999999995","NA","6.3838907705334458E-2","7.1748413428645574E-2",0.0520035306974529,0.0358431515174717,0.0996490638539773,"7.2880121223975566E-2",226.5,2.9101824368766,-0.0608434491401404,0.101413173980393,0.00454612186938164,0.358134
1994-05-17,"2:26pm",0,"NA","NA",-0.035,-0.06,-0.055,-0.065,"0.54325000000000001","NA","-6.4103513971210835E-2","-8.96679401915004E-2",-0.0708444618460979,-0.0711739275024942,-0.047385352589841,"-7.3319371697107977E-2",92,2.94104688026682,-0.0616814547890474,-0.122397311909054,0.0624100008184465,0.385898227272727
1994-07-06,"2:18pm",0,"NA","NA",-0.01,0.005,0,0.01,"-8.9429999999999996E-2","NA","8.0547321617615922E-3","8.8959474778008696E-3",0.014872191011236,0.0178357042212743,0.0100694196384925,"-1.4986327513692589E-2",-84,2.98739770322776,0.00183873044898686,-0.45086289273924,0.0758231688343312,0.479684954545455
1994-08-16,"1:18pm",0,"NA","NA",0.065,0.02,0.01,-0.01,"0.22677","NA","-1.125866723124967E-2","-3.0055457227138645E-2",-0.0376648097864121,-0.0505384351013862,0.0323834828793103,"5.0243768958658647E-3",49,3.14382886261804,0.0386354931914159,-0.24896326367676,0.00816579293298769,0.399240409090909
1994-09-27,"2:18pm",0,"NA","NA",-0.03,-0.02,0,0,"-0.26451000000000002","NA","4.8660808807961045E-3","2.1645539684041246E-2",0.0282083826930671,0.038582007894017,-0.00470574132661316,"-2.131124704008059E-2",-53.5,3.26421678034467,0.0245824888855362,-0.0539554680989101,0.00527082317748651,0.445818727272727
1994-11-15,"2:20pm",0,"NA","NA",0.05,0.03,0.03,0.03,"-1.2322","NA","8.1587587375556037E-3","-5.4892951875710489E-3",-0.00883244925383691,-0.015742513030419,0.0460716161757463,"3.3018316526039482E-2",-51,3.27857809573473,0.00883645483372675,-0.174146835897312,0.036756897622519,0.171008590909091
1994-12-20,"2:17pm",0,"NA","NA",-0.05,0,0.02,0.025,"-5.4205E-3","NA","8.2648305084745775E-3","3.6877887006988041E-3",0.0154356635556246,0.0091280101640012,0.00669074198343765,"-2.867879827012736E-2",100,3.4085182164036,-0.0285887514472876,-1.19501907826723,0.0168851647407662,0.222612090909091
1995-02-01,"2:15pm",0,"NA","NA",0.05,0.06,0.06,0.04,"-0.17962","NA","4.916159101742492E-2","3.6454904932162059E-2",0.0216494118310813,0.0237924502773644,0.064620347567326,"3.8467690611180667E-2",-4,3.37187304588884,0.0097622187909634,-0.925391367954784,0.0079851277744325,0.257499045454545
1995-03-28,"2:15pm",0,"NA","NA",0.01,0.03,0.025,0.025,"-7.8973000000000002E-2","NA","1.6233786860077294E-2","1.6054714262089823E-2",0.0146776905829596,0.0143181644651447,0.0326186573411017,"2.9887772098884731E-3",86,3.41164031120602,0.0906094015978542,0.171708309629925,0.0212990364095091,0.301481636363636
1995-05-23,"2:15pm",0,"NA","NA",-0.01,-0.01,0,-0.005,"-2.3764E-2","NA","8.0206403810531898E-3","6.9392418781068152E-3",0.00600847457627119,0.00262868774747644,0.00227573554405373,"-5.9291478970292686E-3",-159,3.01602729704928,0.0762211258833689,-0.132455414471932,0.0307923706062061,0.210362636363636
1995-07-06,"2:15pm",0,"NA","NA",-0.185,-0.27,-0.25,-0.26,"0.38967000000000002","NA","-0.20308449288397443","-0.1757570058303555",-0.142576937952373,-0.105076202390627,-0.244854324507499,"-0.2345539180369616",-273.5,2.70784123503311,0.0888969182445161,-0.315469883997237,-0.0367497984777163,0.112132772727273
1995-08-22,"2:15pm",0,"NA","NA",0.04,0.055,0.06,0.055,"-0.21895000000000001","NA","3.3658110611272822E-2","3.2991658419341152E-2",0.0200764685436218,0.0250609903719016,0.0641909210946378,"6.0404291253524138E-2",-70,2.38820923472378,0.0715352826611122,0.0927400508074747,-0.00178216347658555,0.148102090909091
1995-09-26,"2:15pm",0,"NA","NA",0.065,0.065,0.075,0.0500000000000007,"-0.26848","NA","4.7930359316293594E-2","3.606318118688355E-2",0.0335935008941816,0.0254656381615933,0.0764669445941593,"6.0977264101500922E-2",84,2.3567131542988,0.0542820911244322,0.0679718955017923,0.022836071288582,0.0451025
1995-11-15,"2:15pm",0,"NA","NA",0.055,0.025,0.02,0.035,"-0.10578","NA","2.9354002433733664E-2","2.1966531130279458E-2",0.0173674765323026,0.00968257282126227,0.0446677657241253,"3.2037225310220178E-2",-14,2.20235295163444,0.0514460322133692,-0.3379309025032,0.0340726021948718,0.0426607727272727
1995-12-19,"2:15pm",0,"NA","NA",-0.05,-0.02,-0.025,-0.047,"0.17544000000000001","NA","-3.9558800190445963E-2","-2.8519745342636311E-2",-0.0209578280044101,-0.0154517713336463,-0.0282250880881535,"-3.5691139258684827E-2",6,1.96125769796591,0.0394283779632483,-0.109189831581717,0.0320692374093481,-0.0110095454545455
1996-01-31,"2:15pm",0,"NA","NA",-0.025,-0.035,-0.045,-0.045,"1.1835E-2","NA","-4.2412735350116353E-2","-2.8117084154235854E-2",-0.0149537456422081,-0.00463435625722815,-0.0302709521884152,"-3.9024272331806137E-2",11,1.83287931544207,0.0886010061871776,0.274288821044419,0.0397832068876998,0.0356339545454546
1996-03-26,"11:39am",0,"NA","NA",0.02,0.02,0.035,0.03,"4.1905999999999999E-2","NA","2.072278956558548E-2","1.542252029650547E-2",0.0118653840822776,0.0115463023605487,0.0364458939957361,"-7.5094042390420473E-3",408.5,1.73391423633937,0.0702529281912865,0.373349328371091,0.0606970806214973,0.123506590909091
1996-05-21,"2:15pm",0,"NA","NA",-0.005,0.025,0.015,0.02,"-0.22927","NA","8.0064563928873844E-3","2.0801800103670894E-2",0.0221984078383344,0.0159302195340502,0.0233064954898158,"1.8050087485139869E-2",-125.5,1.7704222880683,0.0329671145292245,-0.0178895369366607,0.0740510080012475,0.223041590909091
1996-07-03,"2:15pm",0,"NA","NA",-0.05,-0.025,-0.02,-0.02,"9.2341000000000006E-2","NA","-2.4137511247552004E-2","-2.2710042432814711E-2",-0.00406734091162376,0.00535465301011158,-0.0216761137714388,"-3.9170045874572713E-2",178,2.06231229885603,0.0426260981369255,-0.00997171820413678,-0.0530768557856076,0.202959318181818
1996-08-20,"2:15pm",0,"NA","NA",-0.01,0.01,0.01,0,"-8.9873999999999996E-2","NA","0","1.0376371944038815E-2",0.00799438834331116,0.0143959656748022,0.0116135607624426,"9.6265026483737075E-3",3,2.2234090440401,0.00259871112052501,-0.160054343617732,-0.0483009478483263,0.180997909090909
1996-09-24,"2:15pm",0,"NA","NA",-0.085,-0.085,-0.075,-0.075,"-0.14435000000000001","NA","-5.7914792273088121E-2","-4.372273959684074E-2",-0.0264944042591741,-0.0121392102674598,-0.075589047861226,"-8.7344246759214622E-2",12.5,2.15447283944208,0.036160489568065,-0.131067998579586,0.0120512705710132,0.171663272727273
1996-11-13,"2:15pm",0,"NA","NA",-0.01,-0.02,-0.015,-0.03,"0.33735999999999999","NA","-1.8314725646859622E-2","-2.0482239473065159E-2",-0.0176200359762004,-0.0237271994725661,-0.0105233593788804,"-2.657345155016257E-2",15,2.20711789728227,0.0914973471461895,-0.158520357465783,-0.00329102742959897,0.193512863636364
1996-12-17,"2:15pm",0,"NA","NA",-0.03,0.01,0.01,0.01,"-0.1946","NA","5.0000000000000001E-3","6.8972011016689818E-3",0.00993177090556095,0.00256530315040463,0.00860334850301014,"-5.92175766584567E-4",-57,2.32616284042706,0.0577247969765464,-0.173667441931901,0.0318053296663861,0.0927655454545455
1997-02-05,"2:15pm",0,"NA","NA",-0.025,0.005,0.025,0.02,"-0.45372000000000001","NA","2.2370217494840451E-2","2.0682144623136875E-2",0.0198462691123012,0.0283251960349164,0.0149735747888927,"-1.78051398425845E-2",87,2.35530994670796,0.112515089396366,-0.0452294817178132,0.0571484396610344,0.281311909090909
1997-03-25,"2:15pm",0,"NA","NA",0.0425,0.0625,0.0725,0.0775,"-0.65314000000000005","NA","7.2578596379803115E-2","6.1366799556509637E-2",0.0490023441424346,0.0495664144441115,0.0757185212019479,"4.8571189189140801E-2",116,2.4467858724698,0.0780069924968361,-0.0371468348959363,0.00890658206164652,0.287123772727273
1997-05-20,"2:15pm",0,"NA","NA",-0.0675,-0.0675,-0.0525,-0.0475,"0.49249999999999999","NA","-4.502461229026624E-2","-2.6201141025036543E-2",-0.0162231413014719,-0.00132640883153694,-0.0533759159895419,"-6.5214470855476048E-2",-56,2.59126493264379,0.0260790785887126,-0.0138178892775343,0.0566867032526357,0.200213045454545
1997-07-02,"2:15pm",0,"NA","NA",-0.005,0.0025,0,0,"0.19103000000000001","NA","-1.6037576078327599E-2","-8.6587204371996618E-3",-0.00600839226910839,-0.00645163974592491,0.0082985005692194,"2.8099451020596831E-3",-87,2.53029529500708,0.162856335587689,-0.175184639113826,-0.0739556906556986,0.142044727272727
1997-08-19,"2:15pm",0,"NA","NA",-0.0075,0.005,0.0075,0.01,"-0.54603999999999997","NA","7.9828553286062018E-3","1.3716787084323738E-2",0.0118368789411683,0.0200752293577982,0.0127166929529197,"1.6584223267101831E-3",118,2.54694429342717,0.0805396402215175,-0.120954723062917,-0.0892452155702719,0.0573105909090909
1997-09-30,"2:15pm",0,"NA","NA",-0.0075,-0.01,0,0,"-0.19474","-0.22073999999999999","0","3.4239258318038497E-3",0.00589403423253753,0.00742775939904593,0.00418266805780543,"-9.7102336627652858E-3",-31,2.37667017297696,0.0758766019754535,-0.228443720500333,0.0292991509377218,0.104205909090909
1997-11-12,"2:15pm",0,"NA","NA",-0.0275,-0.025,-0.03,-0.0325,"-0.61307999999999996","-0.61038000000000003","-2.5504524048891478E-2","-2.3823633156966489E-2",-0.0193919553566495,-0.0179824283607344,-0.02121557695682,"-3.268107261037935E-2",74,2.66588690271359,-0.0142093341840042,-0.255832987973005,0.00608684434717777,0.00726059090909091
1997-12-16,"2:15pm",0,"NA","NA",-0.0025,-0.0075,-0.01,-0.005,"-0.21404999999999999","-0.20385","-7.9633843060479392E-3","-6.7710316620830692E-3",-0.00384985655963809,-0.00701906490332782,0.0023898229057004,"-2.1961980448734011E-2",204,2.67657170830162,0.0418436499374026,-0.55000443340613,-0.0399072749394609,-0.0350422727272727
1998-02-04,"2:12pm",0,"NA","NA",0.01,0.02,0.0175,0.025,"-0.32640999999999998","-0.33384999999999998","1.8989049357244884E-2","1.1672809220873728E-2",0.00567894439934506,0.00344498121309716,0.0279070519291918,"1.2629629118875749E-2",170,2.77270953206212,0.0902771411729493,-0.195604320347928,-0.0845950976902703,-0.0704296363636364
1998-03-31,"2:15pm",0,"NA","NA",-0.0025,-0.0075,0.0075,0.005,"8.9537999999999996E-3","1.1191E-2","0","0",0,0.00233626553332195,0.00942355884252843,"-8.018462366565041E-3",60,2.71041712157771,0.152276370629703,0.128679555409452,-0.0242653714220911,0.0554643636363636
1998-05-19,"2:15pm",0,"NA","NA",-0.025,-0.0175,-0.01,-0.01,"-0.13885","-0.14557","-1.5900529100529099E-2","-1.1802673935007869E-2",-0.00958320694884875,-0.00582313377214644,-0.0077231112637763,"-1.248512566239917E-2",-8,2.55212072050206,0.076733905189224,-0.0557833059783759,-0.0650357119822669,0.150125136363636
1998-07-01,"2:15pm",0,"NA","NA",0.005,0.005,0.0025,0.0025,"0.13886000000000001","0.17358999999999999","0","8.3479281605822273E-3",0.00188401413388696,0.00224641675854465,0.0129820340283114,"8.8879059541960674E-3",71,2.65316673309695,0.0344539928346723,-0.137254330405489,-0.0599134571187267,-0.0595743181818182
1998-08-18,"2:15pm",0,"NA","NA",0,0,0,0,"0.17269999999999999","0.13633000000000001","0","0",0.00187520602131634,0.00111885504248311,0.0089766310700625,"1.8220871483576269E-2",11,2.48447527751665,-0.0306242810168529,-0.148728749185,-0.0844022096356358,-0.0318002727272727
1998-09-29,"2:15pm",0,"NA","NA",0.055,0.0025,0.0125,0.01,"-0.87668000000000001","-0.81749000000000005","3.1180731810490693E-3","7.9968668163112617E-3",0,-0.00630494493516912,0.0304001116042044,"4.7022370553103349E-2",15,2.76817374012754,-0.0740384953075344,0.0371071433586641,-0.0298718901577679,-0.369353681818182
1998-10-15,"3:15pm",1,"NA","NA",-0.235,-0.285,-0.2875,-0.274999999999992,"2.1703000000000001","2.2065999999999999","-0.20926826689224912","-0.18406461114098041",-0.103932660665234,-0.0476696046424101,-0.276120491104476,"-0.2394725252651965",-131,2.53127503960613,-0.157946719464574,0.317356137105815,-0.014915233102613,-0.286222227272727
1998-11-17,"2:15pm",0,"NA","NA",-0.04,-0.0375,-0.005,-0.005,"0.81869000000000003","0.80998999999999999","1.8754627181385514E-2","-9.6795637010509573E-3",-0.00897243552148829,-0.00755092702586169,-0.0147766021127432,"-1.3895201409488441E-2",-59,2.41329031679065,0.0665389888741093,0.20087396742454,0.00159463681654781,-0.00534922727272727
1998-12-22,"2:15pm",0,"NA","NA",0.015,-0.005,-0.0025,-0.0025,"-0.12330000000000001","-0.13356999999999999","3.123479640401904E-3","9.6488149551952462E-3",0,-0.00322153427304264,0.0104304899413623,"5.1960525386378744E-3",97,2.38224862493119,0.164794568618099,0.150167361022335,-0.106605644969053,-0.115181818181818
1999-02-03,"2:12pm",0,"NA","NA",-0.005,0,0.01,0.005,"0.14904999999999999","0.14710999999999999","1.880685424159086E-2","9.7468324785123777E-3",0.0126591939271476,0.00986357290543764,0.0114561611787116,"-7.9836378410848233E-3",178,2.41694262266474,0.166817833506921,-0.179983595712345,-0.0865933267442864,-0.0983331363636364
1999-03-30,"2:12pm",0,"NA","NA",-0.015,-0.025,-0.03,-0.03,"-0.16309000000000001","-0.19914000000000001","-3.1516978736908917E-2","-1.4786124457986641E-2",-0.0074738936535163,0,-0.017191275920823,"-3.7075334511281449E-2",25,2.44939873185359,0.0848647595471128,0.432384403429803,0.0834535614346956,0.181229863636364
1999-05-18,"2:11pm",0,"NA","NA",0.01,0.1175,0.1525,0.165,"-1.3104","-1.3254999999999999","0.1100782985927415","0.12369848538217681",0.0937976586092304,0.0782245999002584,0.124342039759243,"0.1097715007229528",9,2.48005152972315,0.0659186048738327,0.432694480177922,0.0953475048006949,0.0423392272727273
1999-06-30,"2:15pm",0,"NA","NA",-0.095,-0.1,-0.1025,-0.12,"1.6738999999999999","1.6756","-0.1123968253968254","-0.11515671256049999",-0.0743290677427379,-0.0482041088021009,-0.100664018728478,"-9.6251912554928529E-2",-209,2.32795132014765,0.0521329012826888,0.18312365272329,0.0194506930717937,0.294276681818182
1999-08-24,"2:15pm",0,"NA","NA",0.02,-0.005,-0.0025,-0.0225,"0.64961000000000002","0.64802000000000004","0","-1.3481733818865265E-2",-0.0117016039823009,-0.00617700504972103,0.006897206258517,"-2.2146319109819311E-2",110,2.51468467668108,0.0158503531406868,0.00641275945661412,0.122375712876854,0.0920417272727273
1999-10-05,"2:12pm",0,"NA","NA",0.0375,0.0775,0.0975,0.1,"-0.49214999999999998","-0.53005000000000002","8.7834047732444298E-2","7.8251152724193085E-2",0.0543872793872794,0.0535394757494899,0.0905337289690321,"8.5046349709150926E-2",-91,2.35997771099186,-0.0568824291093515,0.0935680945689121,0.116427561826558,0.167138863636364
1999-11-16,"2:15pm",0,"NA","NA",0.05,0.0775,0.0725,0.0625,"-0.47665000000000002","-0.45007000000000003","6.7058263216383557E-2","4.916290443942814E-2",0.0371845453161122,0.0311000796827345,0.0782122797721187,"5.6966637912374662E-2",12,2.51171182925187,0.0490239854922763,-0.374620516017414,0.0665035645368519,0.0717466818181818
1999-12-21,"2:15pm",0,"NA","NA",0.015,0.04,0.04,0.04,"0.44590000000000002","0.41487000000000002","4.9910019583972905E-2","3.1760939669985638E-2",0.0427418010005559,0.0428075580963694,0.0443335181513068,"2.001160415368828E-2",24,2.51631487467225,0.060065046655958,-0.222328863194074,0.0403287378421746,0.289257772727273
2000-02-02,"2:15pm",0,"NA","NA",-0.02,-0.005,0.01,0.025,"-0.33477000000000001","-0.36119000000000001","3.3110890468227426E-2","5.1482369051694621E-2",0.0432013905348819,0.00864548350985964,0.0108864440336944,"-2.418573121141394E-2",90,2.46394717263527,0.0485900820073661,-0.50549512846395,0.0961367004661522,0.155576454545454
2000-03-21,"2:15pm",0,"NA","NA",-0.01,-0.005,0,0,"-0.10063999999999999","-0.10906","1.6508699514081196E-2","1.8183144504980965E-2",-0.00316595432257388,-0.00963937323680364,0.0048736302422,"2.7248606162072128E-3",-180,2.31612201817431,0.0301769264154554,-0.584368387799663,0.0547950163255084,0.0140948181818182
2000-05-16,"2:15pm",0,"NA","NA",0.0675,0.0525,0.0525,0.04,"-0.59509000000000001","-0.68874999999999997","4.149934674679906E-2","4.5968275704667355E-2",0.0289549490299244,-0.0028340650294965,0.0653722812128152,"4.3023595480612298E-2",20,2.52472350986537,0.0247678378163689,-0.575531163213732,0.0427297462806351,0.166028318181818
2000-06-28,"2:15pm",0,"NA","NA",-0.0225,-0.0275,-0.0375,-0.03,"0.23608999999999999","0.26977000000000001","-3.7124046399832793E-2","-1.0843930899311727E-2",-0.011505273501474,-0.0110252504191382,-0.0218900496491814,"-2.4633016817305491E-2",-129,2.52661802250795,-0.0516634302840329,-0.13341000104932,0.0671479292788364,0.242478772727273
2000-08-22,"2:15pm",0,"NA","NA",0,0.01,0.0225,0.025,"-0.16220999999999999","-0.16552","3.2824451410658306E-3","1.0716595318335003E-2",0.00716326503963124,0.00920076301879816,0.0237405915787302,"2.5736258568295801E-2",-182,2.14415955901117,0.0424146471318601,-0.342900237817477,0.0126081328281282,0.151599590909091
2000-10-03,"2:12pm",0,"NA","NA",0.02,0.0375,0.045,0.0675,"-0.24833","-0.21260999999999999","4.5724285639659405E-2","4.423838347062304E-2",0.0336562059422484,0.013517037037037,0.0530564453604586,"5.4511511543963317E-2",-70,2.03368353454696,-0.00427983506174368,0.104123904773216,0.0321753567238785,0.114086909090909
2000-11-15,"2:12pm",0,"NA","NA",0,0.01,0.005,0.005,"-0.65588000000000002","-0.62729999999999997","-6.5211032177183454E-3","-1.0568874533709399E-2",-0.0100563897534739,-0.0196118719546457,0.014257806071786,"1.7742433944027629E-2",-46,1.65546135626489,-0.0756036533828492,0.111898574068007,0.0728847578618286,0.0830152272727273
2000-12-19,"2:15pm",0,"NA","NA",0.03,0.02,0.015,0.02,"-0.74995000000000001","-0.72606999999999999","2.4168581575099227E-2","1.549401639530395E-2",0.0213198035327813,0.0247950429768612,0.0314868337784378,"4.8841651396393099E-2",-54,1.58622442259855,-0.1027026479335,-0.142011523469143,-0.00315469095649945,-0.0889275
2001-01-03,"1:13pm",1,"NA","NA",-0.1475,-0.1475,-0.125,-0.09,"4.3169000000000004","4.3906999999999998","2.4008458646616541E-2","5.6238792418567704E-2",0.0544728393143804,0.073336808227225,-0.126589043252233,"-0.1029449265679224",-54,1.58622442259855,-0.127853008649827,0.0156322861598932,0.00840747229883565,-0.214121363636364
2001-01-31,"2:15pm",0,"NA","NA",0.035,-0.005,-0.03,-0.0475,"-0.50632999999999995","-0.53361999999999998","3.9907069019525952E-3","1.5351908154467487E-2",0.0115486216219713,0.0062317652029126,-0.00233547844230202,"8.940595211028992E-3",-10,1.47024079167668,0.00644850205998448,0.849993265786922,0.0647884297182335,-0.148048590909091
2001-03-20,"2:15pm",0,"NA","NA",-0.0375,-0.0675,-0.09,-0.0925,"-0.64146000000000003","-0.64349999999999996","-4.5211149971289867E-2","-2.5158087985313118E-2",-0.0189312937716843,-0.0145040989666333,-0.06603207423941,"-2.7832297605688151E-2",60,1.26258753627546,-0.157975866023161,0.998496452953262,-0.0580068553233399,-0.204865272727273
2001-04-18,"10:54am",1,"NA","NA",-0.3225,-0.2725,-0.29,-0.215,"2.4977999999999998","2.5175999999999998","-0.13838805658506029","-8.4959303511914205E-2",-0.021383745455016,0.00773461352374915,-0.28253199460058,"-0.23195310628467869",-149,0.867777948428916,-0.107311941873958,0.724834474552239,-0.0406048831787258,-0.296953954545454
2001-05-15,"2:15pm",0,"NA","NA",-0.1,-0.135,-0.1325,-0.16,"0.33907999999999999","0.39892","-0.10002088118605136","-7.1774852473899239E-2",-0.0324109902095723,0.00661940367707183,-0.129298084200882,"-7.4986852802501391E-2",-258,0.432779920245352,-0.0648002130246397,1.11037216722295,-0.0344708476055891,-0.00584186363636363
2001-06-27,"2:12pm",0,"NA","NA",0.085,0.0675,0.07,0.07,"-0.34820000000000001","-0.37896000000000002","5.1480244271621685E-2","2.2134737128724106E-2",0.0106794946550049,0.0038405700363782,0.0862010801299953,"0.1101178921009752",6,0.230609098974632,0.0653124598333426,0.923857146954802,-0.0516403425463885,-0.0847119545454545
2001-08-21,"2:15pm",0,"NA","NA",-0.01,-0.04,-0.05,-0.04,"-0.70026999999999995","-0.72141","-3.1455560774489848E-2","-1.6747105340674782E-2",-0.00189426403015127,-0.00123255084003767,-0.0276352613347728,"5.3365945379369589E-4",8,-0.0416034741119731,-0.0952628386871197,0.0462175728323926,-0.0704171967577496,-0.0308008636363636
2001-09-17,"8:20am",1,"NA","NA",-0.468,-0.31,-0.02,0,"-5.6406999999999998","-3.766","-0.2956698664440735","-0.14765921838248597",-0.124508833922261,0.0218785202726592,,,-68,-0.156666887922086,-0.155976992555892,0.560948967002171,-0.0128642660617384,-0.136249727272727
2001-10-02,"2:15pm",0,"NA","NA",-0.055,-0.06,-0.06,-0.065,"-0.31179000000000001","-0.29974000000000001","-4.6476940734557597E-2","-1.6312504240450505E-2",0.00551638153751237,0.0156587402014757,-0.0541545248098787,"-3.3737370711281471E-3",-68,-0.156666887922086,-0.165401007933871,0.643731255020243,-0.0665091035280749,-0.122475772727273
2001-11-06,"2:20pm",0,"NA","NA",-0.16,-0.145,-0.16,-0.15,"0.47688999999999998","0.51087000000000005","-9.9900897141664932E-2","-6.430056027471534E-2",-0.0341388411962176,0.0034425683632613,-0.153178067093278,"-9.2350680695723816E-2",-140,-0.682327403509753,-0.0881924765159932,0.766274931863281,-0.122065974491402,-0.115300454545455
2001-12-11,"2:15pm",0,"NA","NA",-0.015,-0.065,-0.0975,-0.095,"0.26184000000000002","0.26184000000000002","-7.4186143572621044E-2","-6.3647066814590092E-2",-0.0394480477531719,-0.0258694871216488,-0.0617808477028863,"-1.6275467007581671E-3",-131,-1.07094852027423,0.00558609068121463,1.49700549717657,-0.111743984519594,-0.0448026818181818
2002-01-30,"2:15pm",0,"NA","NA",0.03,0.02,0.025,0.03,"-6.8345000000000003E-2","-9.1127E-2","-1.5542627569654598E-2","-4.9857317570322053E-3",-0.0066423451927423,-0.00503215247083846,0.0365557041295322,"5.3260185653465041E-2",46,-1.31513981125888,0.0141275269929277,0.492143248951032,-0.00382759191776305,0.0798696363636364
2002-03-19,"2:15pm",0,"NA","NA",-0.05,-0.075,-0.07,-0.07,"-0.40050999999999998","-0.40482000000000001","-5.8383342900380934E-2","-5.2712352367782739E-2",-0.0363381960459151,-0.0211377542027915,-0.0607541646577923,"-7.4261410324500218E-2",66,-1.55893836343264,0.0250109679230874,-0.440088301503764,0.136167329570577,0.0967409090909091
2002-05-07,"2:15pm",0,"NA","NA",-0.02,-0.03,-0.06,-0.065,"-0.37887999999999999","-0.35515999999999998","-2.3344464155274965E-2","-2.1610309605236338E-2",-0.0162167052224821,-0.0152028770749738,-0.0363605971296396,"-3.0135632131819572E-2",-10,-1.39812442760743,-0.0710648144921642,-0.00412057534286703,0.115106864720841,0.168316227272727
2002-06-26,"2:15pm",0,"NA","NA",0.015,0.01,0.01,0.01,"-0.53725999999999996","-0.56074000000000002","3.0972874282733437E-3","1.3094187651304328E-2",0.0102274366371317,-0.00123787050836231,0.0208866876194947,"4.8180441973134112E-2",-24,-1.35265118228141,-0.162780128402225,0.063435906164746,0.0228694702483105,0.144991318181818
2002-08-13,"2:15pm",0,"NA","NA",-0.025,-0.075,-0.16,-0.205,"-0.74534999999999996","-0.70379000000000003","-9.151499348109518E-2","-6.6130560317603532E-2",-0.0477101382606251,-0.0358820423250335,-0.110570643596229,"-7.6275297607273099E-2",-49,-1.20873148240861,-0.171614965274584,-0.169292418339277,0.011867206578156,-0.0863326363636364
2002-09-24,"2:15pm",0,"NA","NA",0.005,-0.015,-0.02,-0.02,"-0.98265999999999998","-0.98568","-1.9779944725452366E-2","-2.4734114465975669E-2",-0.0129111569721522,-0.00547192219422555,-0.00391640391400357,"7.8288386284959752E-3",9,-1.09440529353577,-0.188151954078928,-0.615557263907748,0.0899667920288971,0.0422096363636364
2002-11-06,"2:15pm",0,"NA","NA",-0.0875,-0.07,-0.0775,-0.0825,"-0.99612999999999996","-0.94904999999999995","-8.6462950409344541E-2","-8.8669206664111641E-2",-0.0550353052338573,-0.0495478498471147,-0.0746430882234869,"-8.6763358279144609E-2",-5,-0.63417657301148,0.0923976358162717,-0.140826000902643,0.0818960184827233,0.2590045
2002-12-10,"2:15pm",0,"NA","NA",0.01,0.01,0.02,0.04,"-0.34987000000000001","-0.34705000000000003","1.5258382437294675E-2","1.580131673881674E-2",0.00885678905172854,0.00805211731658153,0.0294888416534344,"4.4133515364482553E-2",-65,-0.400370342041789,-0.00215015313082922,0.327913575771264,0.00827881752451454,0.250095681818182
2003-01-29,"2:15pm",0,"NA","NA",0.0325,0.0375,0.07,0.055,"0.25041999999999998","0.21842","4.5478437711842311E-2","5.1732148495647078E-2",0.0385946539635509,0.0421352913050173,0.0599567239937267,"6.5617077706209365E-2",-121,-0.393952768613204,-0.0428633786224717,0.195798742868121,0.113546743027728,0.358081727272727
2003-03-18,"2:15pm",0,"NA","NA",0.0075,-0.0075,-0.0025,-0.0025,"-0.50565000000000004","-0.49403999999999998","-1.3668265721138806E-2","-1.5616209880995312E-2",-0.0174318005173095,-0.00895646153350723,0.00769658179873743,"3.9202536884542158E-2",-328,-0.221307642732249,-0.047155699871344,-0.137939718980848,0.0374350712729141,0.2112045
2003-05-06,"2:15pm",0,"NA","NA",-0.0275,-0.075,-0.1175,-0.145,"0.15482000000000001","0.16017000000000001","-8.7601668404588107E-2","-7.7369073093816881E-2",-0.0458215531952829,-0.027502546457817,-0.085424515585068,"-8.5443721929094552E-2",2,-0.337433983782276,0.0925930284560419,-0.0630961470235185,-0.0669205460610414,0.413152181818182
2003-06-25,"2:15pm",0,"NA","NA",0.1175,0.1175,0.135,0.15,"-0.25408999999999998","-0.25407000000000002","8.1915337295381072E-2","5.450535601764335E-2",0.0316372495527161,0.00826783830725428,0.145427311371181,"0.13551522114904971",8,-0.334320246367525,0.0933607871910835,-0.507209989655853,0.0204727479366982,0.177881045454545
2003-08-12,"2:15pm",0,"NA","NA",-0.0075,-0.0175,-0.05,-0.08,"-7.1402999999999994E-2","-6.3755000000000006E-2","-5.120502659297111E-2","-4.7116533976860102E-2",-0.0312084874390509,-0.0179474137577423,-0.0305688872776475,"-2.1167404759565089E-2",-54,-0.307552137012124,0.063487326079442,0.63884452279272,-0.00554029830316694,0.388580363636364
2003-09-16,"2:15pm",0,"NA","NA",-0.005,-0.005,0,-0.0075,"-0.15698999999999999","-0.15942000000000001","-1.1379040667361834E-2","-1.2598160753730332E-2",-0.00802809706257982,-0.00714324205163376,0.004401658522,"2.4292431565575891E-2",-108,-0.332898980444263,0.016192514006776,1.0434814688247,0.0170167133595767,0.412332909090909
2003-10-28,"2:15pm",0,"NA","NA",-0.025,-0.09,-0.1125,-0.125,"-6.2745999999999996E-2","-6.0331999999999997E-2","-0.10635657297804663","-0.10845397555585623",-0.0744878790589498,-0.0608303484207099,-0.0826542080649173,"-0.1070057137341867",77,-0.188686537284966,0.0319761602270328,-0.156752504705126,0.0931991250723421,0.496232772727273
2003-12-09,"2:15pm",0,"NA","NA",-0.0035,0.005,0.0575,0.0775,"-5.1594000000000001E-2","-4.6904000000000001E-2","5.5397371714643311E-2","9.2139521241793199E-2",0.0877411349332242,0.0809814851033314,0.0434387338220049,"2.8296493942275739E-2",-90,-0.10340906095383,0.0458397840806448,-0.44215263578533,0.134332076865846,0.312714909090909
2004-01-28,"2:15pm",0,"NA","NA",0.025,0.11,0.1775,0.2425,"-0.95942000000000005","-0.97475999999999996","0.20491709250182502","0.2351162948090329",0.163621485468796,0.138008314927894,0.151906117382619,"0.14097104960832441",-147,0.0957623328870838,0.104666342557556,-0.200923932691873,0.100581112304773,0.373192818181818
2004-03-16,"2:15pm",0,"NA","NA",-0.0225,-0.055,-0.08,-0.095,"-1.3521999999999999E-2","-3.3808999999999999E-2","-7.5726130260207539E-2","-8.0475890324613927E-2",-0.0625457224141435,-0.0474962583192689,-0.056496644696079,"-7.324810131363424E-2",-104,0.290127086175751,0.0409449849380987,-0.401825710404784,0.0873305755371936,0.572454045454545
2004-05-04,"2:15pm",0,"NA","NA",-0.0075,-0.0025,0.0025,0.005,"0.38061","0.38061","0","1.1241725220849055E-2",0.00998408522107425,0.0275994348518951,0.00812220290774031,"-2.6427909728259581E-2",208,0.694035406172766,-0.0147631034451745,-0.0369552738659253,0.0858928563154322,0.536169863636364
2004-06-30,"2:15pm",0,"NA","NA",-0.03,-0.0275,-0.0125,-0.01,"0.28620000000000001","0.28619","0","1.3019559072922553E-2",0.0220704104060359,0.0241776221131474,-0.0124896217425843,"-1.3212370313678071E-2",28,1.14324488993454,0.024059341928715,-0.117878498324432,-0.0557133169390251,0.235442409090909
2004-08-10,"2:15pm",0,"NA","NA",0.035,0.0425,0.05,0.05,"-0.29411999999999999","-0.2918","4.806217724688331E-2","3.5084232871144025E-2",0.0204841021965081,0.0103223134455624,0.055548335288494,"6.9596082922990771E-2",-193,1.27160784409828,-0.0515124739107717,-0.678168286293013,-0.032440821572715,0.227262136363636
2004-09-21,"2:15pm",0,"NA","NA",-0.0175,-0.02,-0.0175,-0.0225,"5.3246000000000002E-2","5.5460000000000002E-2","-1.5404235343208846E-2","-2.5399941334416393E-2",-0.0255672681793818,-0.0323605805958747,-0.0113887505826185,"-1.618539541679602E-2",-6,1.36062750230224,-0.00873910408211565,-0.597994295230948,0.010145174112643,0.0503578181818182
2004-11-10,"2:15pm",0,"NA","NA",-0.0075,-0.025,-0.035,-0.0475,"0.12429","0.10716000000000001","-3.0945325542570956E-2","-3.5192212133532096E-2",-0.0258641437935272,-0.028311063991648,-0.0207397998729347,"-5.9817420480044271E-2",157,1.51862744899365,0.0887497248717617,-0.58148820747347,0.0666059324718233,0.230849863636364
2004-12-14,"2:15pm",0,"NA","NA",-0.005,-0.0125,-0.0175,-0.0175,"7.0661000000000002E-2","6.2343999999999997E-2","-1.1658493322203672E-2","-1.1247826970401645E-2",-0.0124449699603733,-0.0133564147260357,-0.00469213228446025,"-2.041286251336023E-2",-87,1.54152814329063,0.0643983767886631,-0.701775900702299,0.0349934772398885,0.279722272727273
2005-02-02,"2:15pm",0,"NA","NA",-0.01,-0.02,-0.0225,-0.0225,"4.6131999999999999E-2","5.2424999999999999E-2","-1.7550093926111461E-2","-1.9395131213128091E-2",-0.0187000089583947,-0.0229045756244589,-0.0106514377870268,"-2.7025862973392541E-2",-18,1.54926415874161,0.0535078099543647,-0.764506922210945,-0.0328746076100188,0.382773681818182
2005-03-22,"2:15pm",0,"NA","NA",0.0325,0.075,0.095,0.1075,"-0.29387000000000002","-0.26234000000000002","8.0731694587965128E-2","0.10585397889397165",0.0904341446462358,0.0897648686030429,0.0896640605374434,"6.3680931186969936E-2",43,1.67595971473169,-0.0183641904917788,-0.27634286163166,0.101979329691548,0.390728136363636
2005-05-03,"2:15pm",0,"NA","NA",0.01,0.0175,0.025,0.0225,"0.30062","0.30059000000000002","2.5512238400918531E-2","1.7910032567396417E-2",0.00538628121836518,0,0.0285729701658523,"1.9113920356411879E-2",-115,1.52485237475712,-0.0106047529351461,-0.473689145785039,0.0713440501528275,0.319788863636364
2005-06-30,"2:15pm",0,"NA","NA",0.0375,0.0525,0.05,0.0525,"-0.44518999999999997","-0.43686000000000003","4.3179730717044153E-2","2.4337583649846267E-2",0.00528061322261258,-0.0114992860542599,0.0595897452358929,"5.5432193149584308E-2",-97,1.50277905345,0.0291664968222483,-0.680267637694479,-0.0027772211923125,0.179006181818182
2005-08-09,"2:15pm",0,"NA","NA",-0.005,-0.015,-0.0225,-0.025,"0.25524000000000002","0.24309","-1.583307234575634E-2","-2.3207897477697775E-2",-0.018235732073631,-0.0187166247761602,-0.00852551480908058,"-3.3920382276034E-2",27,1.83888524312543,0.0421640576568407,-0.415361418436578,0.0860037334825918,0.212175181818182
2005-09-20,"2:15pm",0,"NA","NA",0.0225,0.0175,0.015,0.015,"-0.13324","-0.12113","2.1708857456025885E-2","1.1506018644221197E-2",0.00181012058073527,-0.0228734003985499,0.0275284008507549,"1.317739075710647E-2",-21,1.92100671052184,0.0164296605518599,-0.0988448410846099,0.092697160241312,0.141491681818182
2005-11-01,"2:15pm",0,"NA","NA",-0.0025,0.0075,0.01,0.01,"0.19470999999999999","0.17607","9.9389193422083008E-3","3.3431523610985229E-3",0.00278145354375306,-0.0033873015616281,0.0154231485620955,"-4.0037533816321526E-3",108,1.85202285642418,-0.0222605548592743,-0.0457075315078082,0.0693278416317931,0.184610136363636
2005-12-13,"2:15pm",0,"NA","NA",-0.0025,-0.0275,-0.04,-0.0375,"0.52625","0.57908999999999999","-2.3875026101482563E-2","-2.1744942114683159E-2",-0.0157749813428035,-0.00790130638163795,-0.0189225301924645,"-4.0931906573543668E-2",6,1.86316181705895,0.0151487162939308,-0.134183323055027,0.0956824693857019,0.317978045454545
2006-01-31,"2:15pm",0,"NA","NA",0.0275,0.0275,0.0325,0.0375,"-0.31162000000000001","-0.32134000000000001","3.5832419733750981E-2","3.5157489236347157E-2",0.0315232640453054,0.0257139171517487,0.0417350040337917,"2.8060257716862248E-2",-92,1.88733462787436,0.071472508691719,-0.217548120433788,0.0668827629555881,0.225697227272727
2006-03-28,"2:15pm",0,"NA","NA",0.0325,0.05,0.055,0.055,"-0.71786000000000005","-0.70630999999999999","5.5965122957239072E-2","5.5842329674317334E-2",0.0415007419833538,0.0311207197834798,0.0594604176049798,"4.7709367755479203E-2",43,2.00851355914899,0.0327918715698488,-0.08288290034755,-0.0165986373712377,0.257158636363636
2006-05-10,"2:15pm",0,"NA","NA",0.0425,0.05,0.065,0.0625,"-0.24166000000000001","-0.22653999999999999","5.2140358205837817E-2","4.9531352835712507E-2",0.0374710502141314,0.0277127738245879,0.0666466564783195,"5.3236605422942243E-2",-62,1.99839813802445,0.0472130846136496,0.30326075712736,0.131121072984519,0.146085727272727
2006-06-29,"2:15pm",0,"NA","NA",-0.0425,-0.0425,-0.04,-0.035,"0.44944000000000001","0.44355","-4.0294532351558832E-2","-2.9259654460008624E-2",-0.0135819580818156,0,-0.0333489011982972,"-3.0176272388284169E-2",-105,1.8968168182143,-0.0436635393797911,0.00963202047070366,0.0699467645568737,0.0993105454545455
2006-08-08,"2:15pm",0,"NA","NA",-0.0325,-0.035,-0.03,-0.03,"-0.24607999999999999","-0.26368000000000003","-3.4059106098579782E-2","-2.0353157321720192E-2",-0.00852952189126028,0.00700429786574674,-0.0247148698478544,"-2.5798282835424239E-2",-33,1.6432008568799,-0.0281933032584973,-0.348580122929443,0.0191154265001847,0.0834182727272727
2006-09-20,"2:15pm",0,"NA","NA",0.0125,0.0175,0.02,0.0225,"-0.25802000000000003","-0.27109","1.9977025898078531E-2","1.6846532296460878E-2",0.0112405278622609,0.00341618483047205,0.0279454675040568,"2.8603167221282449E-2",3,1.61739327795551,0.0514674646226174,-0.12302585246207,-0.0258484686808558,-0.0306216818181818
2006-10-25,"2:15pm",0,"NA","NA",-0.0025,-0.0125,-0.0125,-0.0125,"-1.0834999999999999E-2","-1.8058999999999999E-2","-8.009085213032582E-3","-8.4571078709267788E-3",-0.0141337013581664,-0.0149193548387097,-0.00147528938021946,"-3.9638399602908046E-3",-74,1.67519956048494,0.0883494614040474,-0.0759603464518182,0.0352241272207632,-0.0427106363636364
2006-12-12,"2:15pm",0,"NA","NA",-0.00375,-0.0125,-0.0575,-0.0625,"0.30220999999999998","0.30748999999999999","-5.1756291114127599E-2","-4.1709146106617731E-2",-0.0304215318142071,-0.0253745017358879,-0.0258509346095492,"-4.0419955855949957E-2",22,1.51949672335903,0.084210261908332,-0.194181611547023,0.0896070337566313,-0.142641045454546
2007-01-31,"2:15pm",0,"NA","NA",-0.005,-0.0025,-0.015,-0.015,"0.51839999999999997","0.52183000000000002","-8.01639515455305E-3","-1.1874617251468619E-2",-0.0113457046624769,-0.0138725223285033,-0.000678174870510351,"-4.1852344470264006E-3",52,1.5352104491507,0.0366657848897978,0.0373567346796504,0.00847372004794344,-0.0420699090909091
2007-03-21,"2:15pm",0,"NA","NA",-0.05,-0.0925,-0.115,-0.12,"0.88022999999999996","0.87322","-8.1581832419733755E-2","-6.5080875356803042E-2",-0.0416190549722051,-0.0347252942411082,-0.0895954007185837,"-7.3346174586009436E-2",-3,1.33487535836281,-0.000439326844975163,0.0425761820589701,0.0116828701349876,-0.443638045454545
2007-05-09,"2:15pm",0,"NA","NA",0.01,0.03,0.055,0.065,"-0.12554999999999999","-0.1239","4.1906750900642199E-2","3.8566668933161082E-2",0.0214034545384288,0.0147382485120855,0.0502743179645012,"4.5953186364653641E-2",-18,1.19102892314817,0.0401459812377993,-0.0474067825311728,0.0761794441104735,-0.0749692272727273
2007-06-28,"2:15pm",0,"NA","NA",0.005,0.0075,0.02,0.0275,"-0.3155","-0.31222","2.2040102344525091E-2","1.1947123567457163E-2",0.00767707214841072,0.00479476463005083,0.0243760292768579,"8.6898277030314185E-3",17,1.2733544280664,0.0467773738197819,0.326197561328578,0.0262355410670967,0.566738772727273
2007-08-07,"2:15pm",0,"NA","NA",-0.0025,-0.005,-0.0325,-0.035,"-0.93371000000000004","-0.96775","-3.9793787522839991E-2","-2.5141652690267892E-2",-0.00841538858100271,-0.00115095228809152,-0.0101652376053051,"1.247616256392795E-2",-38,1.10722128795366,-0.0233810641510006,0.412037488634737,-0.0118996989820346,-0.191985636363636
2007-08-10,"9:15am",1,"NA","NA",0.005,0,0.005,0.005,"9.6976000000000007E-2","6.9264000000000006E-2","3.9751500913599589E-3","-1.0058247586238158E-2",-0.0102898943026553,-0.0069800483922214,0.0128758817029969,"3.8885099604154448E-2",-38,1.10722128795366,-0.0369062524711907,0.518994108544118,0.0077435228736622,-0.304913590909091
2007-08-17,"8:00am",1,"NA","NA",-0.03125,-0.0575,-0.0325,-0.0175,"1.7947","1.8051999999999999","-1.7806545910111188E-2","6.6361680443890849E-3",0.012935893146666,0.0195925007117004,-0.0281474738250035,"1.10739003476249E-2",-38,1.10722128795366,-0.0617681187041494,0.709489711298659,-0.0283217672676805,-0.462851772727273
2007-09-18,"2:15pm",0,"NA","NA",-0.1775,-0.1825,-0.17,-0.1575,"1.2649999999999999","1.2584","-0.11643092019416461","-4.9592612710483437E-2",-0.0155635430038511,0.0190747669580363,-0.172711803500859,"-0.1352613369036928",-117,0.967590956667053,-0.0308863671109494,0.114045529779039,0.0196485733349743,-0.700460272727273
2007-10-31,"2:15pm",0,"NA","NA",0.025,0.075,0.0925,0.105,"-0.44036999999999998","-0.43711","8.4592901878914412E-2","7.234846770177901E-2",0.0445815464420534,0.0367921255395538,0.0863496197635891,"9.1258074867117817E-2",0,0.929704653816366,0.0380154463891369,0.381244919439646,0.091892213123093,-0.276913
2007-12-11,"2:15pm",0,"NA","NA",0.1825,0.12,0.015,-0.0575,"-1.651","-1.6543000000000001","-0.11841185370689204","-0.10577079382281225",-0.0670260408027865,-0.0527988186933791,0.0816009693221089,"0.1012515266716567",29,0.888300757928207,0.0420400614978709,0.719744121531285,0.0927854435338409,-0.743084590909091
2008-01-22,"8:30am",1,"NA","NA",-0.1325,-0.1075,-0.0675,-0.0425,"1.1578999999999999","1.1457999999999999","-1.143214770001043E-2","4.6393889552306068E-3",0.0176961369466386,0.0317103581067218,-0.0848106826266895,"-4.5984093827445657E-2",-48,0.830777469420596,-0.149271569718014,0.873874517452589,0.0842600481109939,-0.505033227272727
2008-01-30,"2:15pm",0,"NA","NA",-0.1425,-0.12,-0.0975,-0.07,"0.73314000000000001","0.76060000000000005","-2.8721118239190529E-2","1.5632075046227395E-3",0.00941312760973623,0.0136036214906882,-0.105568086984938,"-7.024156191821429E-2",-48,0.830777469420596,-0.106821680624503,1.0175791828418,0.0822437734781092,-0.434617409090909
2008-03-11,"8:30am",1,"NA","NA",0.0325,0.08,0.0975,0.1,"1.6672","1.6633","0.11964853731031964","0.11437387387387388",0.0726321397313444,0.0512323370320654,0.089855598468189,"0.1091013192499562",-93,0.558211118833363,-0.138678641717882,1.192666578707,0.212773176546073,-0.0524733636363636
2008-03-18,"2:15pm",0,"NA","NA",0.0425,0.0225,0.015,0.01,"-1.1777","-1.2332000000000001","-9.4681405777453341E-3","-1.7614577705744643E-2",-0.0231651927480675,-0.0252216266567727,0.0331365078083337,"5.9056122162184227E-2",-93,0.558211118833363,-0.146252694147841,1.06936298373167,0.160685233819112,-0.104640681818182
2008-04-30,"2:15pm",0,"NA","NA",-0.0625,-0.0825,-0.08,-0.055,"0.35726999999999998","0.36621999999999999","-1.7280408929689128E-2","-2.3701130236650349E-3",0,0.00107176453706213,-0.0651725045966963,"-6.277227691133952E-2",-30,0.343431314444409,0.0443422938713391,0.4215985489439,0.116985537796636,-0.101253818181818
2008-06-25,"2:15pm",0,"NA","NA",-0.07,-0.05,-0.0475,-0.055,"5.2741000000000003E-2","4.7083E-2","-6.5952008346374533E-2","-2.9836013733285149E-2",-0.0142024092687793,-0.0121415712999871,-0.049778405809525,"-5.5627760425454822E-2",1,-0.105858478562837,-0.0267191037466681,-0.292122408571048,0.140897006214167,-0.0320309545454546
2008-08-05,"2:15pm",0,"NA","NA",-0.0175,-0.0275,-0.0275,-0.035,"0.16105","0.16694000000000001","-7.6923478170152831E-3","7.1252849436883566E-3",0.0104143551287447,0.0178518524449711,-0.0191299381958742,"4.7226222121920904E-3",14,-0.399225308306939,-0.120770272181148,-0.0286302952592741,-0.0510454133023135,0.128514363636364
2008-09-16,"2:15pm",0,"NA","NA",0.1375,0.0925,0.065,0.0575,"-0.55452999999999997","-0.59884000000000004","8.3515853149770544E-2","6.3935127829710559E-2",0.0317982400527477,0.0200479239501905,0.103027269644867,"0.16070258431026771",-11,-0.587155516794269,-0.116352949728708,0.261153355499946,-0.259473060991352,0.0241610454545454
2008-10-08,"7:00am",1,"NA","NA",0.0325,0,-0.0025,-0.0025,"1.7774000000000001","1.7675000000000001","3.2146321113834281E-2","3.1536242336819328E-2",0.0347323329551105,0.0394146380207299,0.0165807139553055,"0.1127973316985295",-59,-0.977953090333372,-0.228766970224535,0.703340770218957,-0.373371865720341,-0.119915318181818
2008-10-29,"2:15pm",0,"NA","NA",0,-0.0475,-0.075,-0.095,"-2.0794999999999999","-2.0125000000000002","-6.2373553029512988E-2","-6.4948616244478508E-2",-0.0625470698612476,-0.0435489815868335,-0.0469850098777154,"6.8829186717679625E-2",-59,-0.977953090333372,-0.271893716121601,1.33311613062231,-0.428084506746613,-0.173734
2008-12-16,"2:15pm",0,"NA","NA",-0.2575,-0.24,-0.2425,-0.24,"1.6009","1.6573","-0.12385866166353972","-0.1449021673353206",-0.118454371266484,-0.0351894683360001,-0.249540964435118,"-0.1195047378879351",-238,-2.00490945281349,-0.365409725167272,0.905795130385205,-0.378701749289275,-0.0821168636363637
2009-01-28,"2:15pm",0,"NA","NA",0,-0.01,-0.0075,-0.02,"-0.14957000000000001","-0.14380000000000001","-9.3447664720600482E-3","1.5490746563651066E-2",0.0142772526780088,0.0176690914719084,-0.000633073482079885,"2.758331527722269E-2",-44,-2.59709228500782,-0.0586340587504344,-0.481655706438387,-0.113431202094217,0.401335363636364
2009-03-18,"2:15pm",0,"NA","NA",-0.05,-0.0675,-0.0725,-0.065,"1.8065","1.7782","-7.5015638031693074E-2","-0.17807555046798193",-0.295742810498556,-0.317411615966944,-0.0581245401983465,"-2.6698431952188309E-2",-21,-3.69059701828505,-0.144669208206192,-0.0803898413146475,0.00379911465187188,0.357908818181818
2009-04-29,"2:15pm",0,"NA","NA",0,0.0075,0.0225,0.0375,"0.74817","0.69974999999999998","2.9973413960277331E-2","6.3665182786995816E-2",0.0642843594704298,0.0651697304258377,0.0261152185848315,"3.4763498490404193E-2",-13,-4.25696777169424,0.027516243070691,0.022693940252823,0.0518844667503648,0.571389909090909
2009-06-24,"2:15pm",0,"NA","NA",0.0175,0.035,0.055,0.07,"-0.58318999999999999","-0.58316999999999997","4.9054371057707352E-2","9.2462175792507192E-2",0.0844769575856444,0.0755511581702267,0.0549194358487282,"6.0106505464733277E-2",155,-4.73656857388445,0.152442832805793,1.22768667395719,0.12069321447188,0.156362818181818
2009-08-12,"2:15pm",0,"NA","NA",0,-0.015,-0.025,-0.0175,"-0.21898999999999999","-0.21153","-5.648297794692665E-3","1.9181095625154798E-2",0.0231640575283187,0.0272259782504704,-0.00597886736935078,"5.9485601319323152E-3",83,-5.09595507607941,0.0677329711431529,0.396265896605413,0.0843122011254485,0.226210136363636
2009-09-23,"2:15pm",0,"NA","NA",-0.0525,-0.1,-0.125,-0.135,"0.49014000000000002","0.49003000000000002","-9.207151793160967E-2","-8.4492567856259415E-2",-0.0627228257416937,-0.0633451506710559,-0.098631258453062,"-9.6389012485142395E-2",9,-5.02853524952318,0.151254393510209,-0.28024125404539,0.0693313080592075,0.287415727272727
2009-11-04,"2:15pm",0,"NA","NA",-0.0125,-0.0125,-0.025,-0.035,"0","-2.3761000000000001E-2","-3.7444091122347915E-2","7.5656340689748264E-4",0.0134698905341224,0.0251505856550277,-0.012990057803978,"7.028995507070996E-4",-90,-4.88336723073797,0.0417826053655252,0.0681559050784886,0.0779040442159893,0.601423409090909
2009-12-16,"2:15pm",0,"NA","NA",-0.005,0,0.01,0.02,"-8.5722999999999994E-2","-9.0232000000000007E-2","9.3724263747719579E-3","3.0353248038135498E-2",0.0295720337908115,0.0295090812432059,0.0151297355338859,"6.2684299025307921E-3",103,-4.1322872450726,0.0543320143270236,0.201404495496102,0.10877838243095,0.586111772727273
2010-01-27,"2:15pm",0,"0","-5.0000000000000001E-3",-0.005,0.0125,0.04,0.0675,"8.7677000000000005E-2","6.9211999999999996E-2","5.2364072355731636E-2","4.8402555910543127E-2",0.0319848084544254,0.0209227714909668,0.0380556081175929,"6.6183085540297948E-2",-85,-3.80994862441319,0.00991004489611491,0.381087479862865,0.0140677071668032,0.390079681818182
2010-03-16,"2:15pm",0,"-5.0000000000000001E-3","-0.01",-0.0125,-0.035,-0.05,-0.055,"0.19994000000000001","0.20644000000000001","-4.3153669724770638E-2","-3.8034409085797811E-2",-0.0253732100503532,-0.00210849101454788,-0.0306178735055526,"-1.845404861211512E-2",14,-2.74677365223859,0.0522493915703741,0.110062837429201,-0.00837125454202248,0.319310772727273
2010-04-28,"2:15pm",0,"-3.0000000000000001E-3","0",-0.005,-0.0075,-0.01,-0.0075,"0.17671999999999999","0.16830999999999999","-7.5013033051819413E-3","6.8666426545405434E-3",0.00593620483612601,0.00950387572222134,0.00109515278447775,"6.589837417751872E-4",-38,-2.00419120397477,0.0808625010808131,-0.176250856221251,0.0268366984293857,0.430896818181818
2010-06-23,"2:15pm",0,"0","0",0.005,0.0075,0.0075,0.005,"0.36654999999999999","0.38941999999999999","-7.4512665485249657E-3","-5.9697167119717835E-3",-0.00651733117589058,-0.00389623259878894,0.0155908917678736,"2.8765722742984161E-2",-69,-0.629496766173787,-0.0572963662810642,-0.374882206668063,-0.00552639615839379,0.260023181818182
2010-08-10,"2:15pm",0,"3.0000000000000001E-3","0",-0.01,-0.015,-0.0325,-0.04,"0.72968999999999995","0.69382999999999995","-1.1145567311200293E-2","-4.6658737994794003E-2",-0.0606430908633275,-0.0546898895497026,-0.0161837254026203,"-1.058775061792081E-2",-76,-0.184617086996575,-0.000319157427108863,-0.645748516669893,0.0473682115737892,-0.0414845454545455
2010-09-21,"2:15pm",0,"0","0",-0.005,-0.0125,-0.0125,-0.0125,"0.52771000000000001","0.56066000000000005","-1.299718574108818E-2","-2.1853205660081178E-2",-0.0149512146054418,-0.00274110583936002,-0.00215769710891305,"-1.9785785409824501E-2",44,-0.0436944005295814,0.0236159287248237,-0.521357434783177,0.0864698600446125,0.219795545454545
2010-11-03,"2:15pm",0,"8.0000000000000002E-3","0.01",0.005,-0.0075,-0.0025,-0.0075,"-0.38784000000000002","-0.42159000000000002","-5.5524286012090893E-3","-3.8112319246721225E-2",0.0154892601431981,0.11988674062987,0.00578964928498573,"-7.6986659972258847E-3",-100,0.0759840546802337,0.0584016280412412,-0.347541366941802,0.122574035972757,0.306877590909091
2010-12-14,"2:15pm",0,"3.0000000000000001E-3","0",0.0025,-0.0025,-0.0075,-0.0075,"0","0","-1.1177421036172207E-2","7.4715200539265253E-4",0.00330152381916671,0.00921362844279035,0.00517070107889121,"-6.5538812055252792E-3",-111,0.532950155889722,0.111527750847511,0.764306152011869,0.157341132329183,0.394687045454545
2011-01-26,"2:15pm",0,"0","-5.0000000000000001E-3",-0.0025,-0.005,-0.015,-0.0225,"-6.5703999999999999E-2","-6.7636000000000002E-2","-3.1627749400604609E-2","-1.6375730337078651E-2",0.00164440787391607,0.0174551347932643,-0.00251923927594801,"-7.1247443236679064E-3",-42,0.789589857465245,0.0898217757568665,0.952041308620347,0.0865201876095218,0.336062454545455
2011-03-15,"2:15pm",0,"0","0",-0.005,0.0025,0.0075,0.0225,"0.32568000000000003","0.32374000000000003","2.9771199249491846E-2","4.0888160111413101E-2",0.0253895439208401,0.0141426193990015,0.0157737276877145,"3.1650687029684539E-3",17,1.03699406008957,0.053968661823637,0.175904649300224,0.0693443787358721,0.229181318181818
2011-04-27,"12:30pm",0,"0","0",-0.005,-0.005,-0.0125,-0.0225,"0.13399","0.15817999999999999","-2.0464401125820909E-2","-2.6067415730337079E-2",-0.0155976307396345,-0.00910466224894219,-0.00254669180939705,"-2.5928682044452259E-2",31,1.08217627103926,0.0485842087163117,-0.0788971155725289,0.121082738753924,0.246725681818182
2011-06-22,"12:30pm",0,"0","-5.0000000000000001E-3",0,0,0.005,0.015,"8.5235000000000005E-2","7.7481999999999995E-2","1.6679174484052532E-2","2.7707249237394579E-2",0.0214440578833258,0.0145456531577223,0.0139601158157259,"2.1789542196829641E-2",-144,0.807325929894631,0.0126694590627494,-0.269420074516817,-0.0336850478407129,0.379623545454546
2011-08-09,"2:15pm",0,"-5.0000000000000001E-3","-5.0000000000000001E-3",0.025,0.005,-0.0325,-0.0825,"-1.0016","-0.99734999999999996","-9.4184471078686827E-2","-0.12193575844458382",-0.056948702867083,0.0290079528002068,-0.0115449982215514,"-8.4929754826462735E-3",7,1.19813027240863,-0.176159769232292,-0.893797198564116,-0.0573795855271353,0.411232681818182
2011-09-21,"2:15pm",0,"3.0000000000000001E-3","1.4999999999999999E-2",0.04,0.06,0.065,0.0675,"-0.18945000000000001","-0.16830999999999999","3.8765959664391052E-2","3.7697061984951624E-2",0.000747246159610341,-0.066034007318411,0.0699355133608603,"6.3758955347680293E-2",-120,1.29502925876697,-0.0561355973620428,-1.11016567098505,-0.0243502208175812,0.507542818181818
2011-11-02,"12:30pm",0,"-5.0000000000000001E-3","0",0.0125,0.01,0.0125,0.02,"-0.17052","-0.14207","1.6622544165928396E-2","2.0616752917982838E-2",0.0127529706066291,0.00166337633371511,0.0233082846561619,"1.8914599024095671E-2",47,1.52732844183134,-0.0548272795549663,-0.906492567889099,-0.0860096384105589,0.248866
2011-12-13,"2:15pm",0,"2E-3","0",0.0025,0.01,0.01,0.01,"-0.73755999999999999","-0.67859000000000003","1.845119599770702E-3","2.1311398302237554E-3",-0.00598758105423606,-0.0172630851511327,0.0174746489760268,"1.7581064461851651E-2",-5,1.47807818934833,0.0688270906690303,-0.0619346828837148,-0.10848900165542,0.358272727272727
2012-01-25,"12:30pm",0,"0","-5.0000000000000001E-3",-0.005,-0.015,-0.025,-0.035,"0.35527999999999998","0.34383999999999998","-2.0289734236581553E-2","-5.9490268974938969E-2",-0.0492830443424885,-0.0281698312236287,-0.0116295195744414,"-3.4932778175200373E-2",50,1.56673840026755,0.0830492893702228,-0.1679245006338,-0.0219838192213402,0.557081272727273
2012-03-13,"2:15pm",0,"3.0000000000000001E-3","-5.0000000000000001E-3",0.00125,0.01,0.015,0.0225,"-7.2598000000000003E-3","-1.8152000000000001E-2","9.2490489342852665E-3","3.0667712301142725E-2",0.0367568716704599,0.0363761977031282,0.0215046674648144,"-9.2903566019121413E-3",17,1.86493168353472,0.0857093465329868,-0.199122029600725,0.0467252638135598,0.560686409090909
2012-04-25,"12:30pm",0,"0","0",0.005,0.005,0.0025,0.0025,"-0.1013","-5.4274000000000003E-2","0","7.083314669652856E-3",0.0103770356678989,0.0132646374257113,0.0129820340283114,"1.4470356183188501E-3",-90,1.86177898470312,0.042122065906427,-0.229390981319714,-0.0190746419239032,0.590052363636364
2012-06-20,"12:30pm",0,"3.0000000000000001E-3","0.01",0.015,0.02,0.0175,0.0225,"-8.1659999999999996E-2","-5.5674000000000001E-2","2.4030434102871437E-2","1.0591119768925909E-2",-0.0138794424305841,-0.0430311452628137,0.0286596049940499,"3.4196564276282877E-2",-89,1.67976272915684,-0.0334480794072407,-0.931539567998255,-0.0929547624232256,0.231028954545454
2012-08-01,"2:15pm",0,"1.4999999999999999E-2","1.4999999999999999E-2",0.01,0.0125,0.015,0.015,"-0.20011999999999999","-0.22742999999999999","1.8456407316691854E-2","3.994941129068362E-2",0.0260422245749517,0.00845222991371187,0.0227429922941988,"1.051198305885582E-2",-10,1.55825431368957,-0.0172787371179721,-0.533077221757353,0.0101620477573876,0.346598
2012-09-13,"12:30pm",0,"5.0000000000000001E-3","0.01",0.01,0.0125,0.015,0.02,"0.65864","0.62434999999999996","2.7693991349210485E-2","6.8967523892656507E-2",0.0654050754338537,0.0775589140109316,0.0239675170792569,"-6.7683315108170647E-3",-39,1.65587077986213,0.0930413571894597,0.238574565486203,0.166398326080899,0.438189272727273
2012-10-24,"2:15pm",0,"-2E-3","0",-0.0025,0,0.0025,0,"-4.2576999999999997E-2","-3.5477000000000002E-2","-3.6961279899942676E-3","-1.1283641574492858E-2",-0.00662881245944192,0.00236916469702279,0.00894917853661345,"-6.9700155702247784E-3",-6,1.62337090703932,0.0453032457507812,0.310048001845345,0.0379804699699333,0.530895272727273
2012-12-12,"12:30pm",0,"3.0000000000000001E-3","0",0.00125,-0.0075,-0.0075,-0.005,"0.42913000000000001","0.39251999999999998","0","-2.8060162492446112E-3",0.0138774645429846,0.034367128580451,0.00406838969398532,"-1.20752441515516E-2",36,1.59236652607007,-0.00299305108822878,0.0322464284701054,-0.0350161920023,0.742811
2013-01-30,"2:15pm",0,"0","5.0000000000000001E-3",0,0,-0.0075,-0.005,"-9.9917000000000006E-2","-5.8263000000000002E-2","-5.5427588722705709E-3","-1.2736434282131099E-2",-0.00893762183235867,-0.00904526390162505,0.00578724069927075,"-1.3523284292860741E-2",0,1.62107618933387,0.0503359518747173,0.270499464202924,0.00146716380204381,0.753436590909091
2013-03-20,"2:00pm",0,"0","5.0000000000000001E-3",0,0.005,0.005,0,"9.6726999999999994E-2","0.10478","-1.8472562405544843E-3","-2.8246804128327398E-3",-0.00445831147090423,-0.00656661004975274,0.0116599113736397,"-1.2301361565007151E-2",84,1.50670522925473,0.0805724474028366,0.281599304756114,-0.00951023095905335,0.647096954545454
2013-05-01,"2:00pm",0,"0","0",-0.005,0,0,0,"0.19903999999999999","0.11065","3.6901511203751951E-3","4.904655326768129E-3",0.0101964156634014,0.0139951379441087,0.00761181561267532,"5.1248229303208284E-4",-97,1.44378702580834,0.0610472277989995,-0.296748321575349,-0.0402033468143221,0.527759409090909
2013-06-19,"2:00pm",0,"0","5.0000000000000001E-3",0,0,0.0025,0.005,"-4.8680000000000001E-2","-5.3241999999999998E-2","2.032727083224764E-2","6.0166756320602477E-2",0.0554427940385169,0.0391553236539625,0.0108561110503651,"-2.8117617982154411E-5",5,1.59618239349371,0.0567372178114782,0.299133197886646,-0.0635272483602387,0.7090605
2013-07-31,"2:00pm",0,"-3.0000000000000001E-3","0",0,0,-0.005,-0.0075,"-7.7166999999999999E-2","-7.4212E-2","-5.5453645317629884E-3","-2.9635360602798706E-2",-0.0256956920486953,-0.01972681359045,0.00582993350198624,"4.9081528014150453E-3",30,1.67313737010701,0.0634935699662753,1.26866319118132,-0.0850461054809921,0.774125
2013-09-18,"2:00pm",0,"0","0",-0.005,-0.01,-0.0125,-0.0225,"1.0147999999999999","0.97546999999999995","-3.7025379123456145E-2","-0.1380359705776821",-0.11267177490265,-0.0695881699421522,-0.0039200617224852,"-9.6433872690477491E-3",-8,1.70138033753631,0.0468524734989204,0.939845377314851,-0.0212021226054562,0.688172818181818
2013-10-30,"2:00pm",0,"0","0",0,-0.005,0,0.005,"-0.34129999999999999","-0.36981999999999998","5.5417166084736043E-3","3.3073991031390138E-2",0.0368257274426892,0.0308849138457778,0.00882778594203246,"-1.1388167654038521E-2",-32,1.700547004023,0.0501192447541117,-0.0800173373489543,0.021720821811015,0.625472590909091
2013-12-18,"2:00pm",0,"0","0",0.01,0.005,0,-0.005,"0.93960999999999995","0.73899999999999999","-1.1100109437698681E-2","-1.3131181734586314E-2",-0.00474412989070969,0.00929782642207492,0.0118551071128669,"-1.3958306490834649E-2",23,1.82335664436195,0.0479595154299428,-0.00851826539120815,-0.00300391928211319,0.779998863636364
2014-01-29,"2:00pm",0,"-2E-3","0",0,0,0,-0.0025,"-0.52278000000000002","-0.48741000000000001","-1.8496977277465082E-3","-3.6384644724147988E-3",-0.00705008739829731,-0.0188808188532377,0.00836436867753344,"1.1259099734993E-2",-122,1.68333998609462,0.0260662194337131,0.310361815930013,0.00578566224542776,0.392467090909091
2014-03-19,"2:00pm",0,"0","0",0.0025,0.0075,0.0175,0.0375,"-0.18784000000000001","-0.19456999999999999","6.117886178861788E-2","0.10065984379208187",0.0610844753167982,0.0325710214213478,0.025487715923036,"4.3232551993392576E-3",30,1.58242036062735,0.0492811379287614,-0.220217763805314,0.064270439447796,0.255323454545455
2014-04-30,"2:00pm",0,"0","0",0,0.0025,0.005,0.0025,"-2.6676999999999999E-2","6.6708999999999996E-3","3.7037731915780694E-3","5.8786286791944493E-3",0.00633314862856711,0.00620241368774824,0.0115854888096247,"-6.4803055734184139E-3",-3,1.67866056634214,0.0480054662957068,-0.0445207910054952,0.088565488528479,0.208954045454545
2014-06-18,"2:00pm",0,"0","0",0.0025,0.005,0.01,0.0125,"0.3695","0.33583000000000002","1.6710444027517198E-2","2.3618812436861598E-2",0.00870680760035233,-0.0122793792924909,0.0167135414554677,"1.1693815823739221E-2",-3,1.75538940551672,0.053333706970534,-0.0576679057117877,-0.0135697471732703,0.137423818181818
2014-07-30,"2:00pm",0,"0","-5.0000000000000001E-3",0,-0.005,-0.01,-0.01,"0.38173000000000001","0.38800000000000001","-7.4274248188877894E-3","-1.0343867214698021E-2",-0.0110499943345629,-0.0137992082608332,0.00253439080587995,"-2.773696290569921E-3",73,1.86408986130662,0.0556053856829539,-0.356066177161212,-0.0916060741672133,0.0856681818181818
2014-09-17,"2:00pm",0,"0","0",-0.0025,0.0075,0.02,0.0375,"0.40140999999999999","0.24454000000000001","3.7216865586073906E-2","4.7515102517460536E-2",0.0285081147778351,0.01481577187329,0.0247778556608933,"3.7288908362429249E-2",-78,1.90153287746373,0.0319304203981066,-0.0565316244572767,-0.089406471952759,0.0959105
2014-10-29,"2:00pm",0,"3.0000000000000001E-3","0",0.0025,0.005,0.035,0.0525,"-0.19289999999999999","-0.35535","4.0775525095116491E-2","5.7228171796771511E-2",0.0349393200834192,0.00585603655639926,0.033059291688378,"4.7733086196979253E-2",33,1.98643929822655,0.00309791466639542,-0.149436332827856,-0.0752516717900082,-0.343143954545455
2014-12-17,"2:00pm",0,"-2E-3","-5.0000000000000001E-3",-0.0175,-0.0475,-0.0775,-0.0975,"0.81469000000000003","0.78952999999999995","-7.2543909939021226E-2","-6.8336102006914201E-2",-0.0284615384615385,0.00241121341663926,-0.0530290815663441,"-4.0348680370161878E-2",96,2.00150877604859,-0.00575709156947912,-0.668933898599503,-0.113336117035168,-0.512495863636364
2015-01-28,"2:00pm",0,"0","0",-0.005,-0.0075,-0.0125,-0.015,"-0.13341","-0.2223","-1.2985354667222599E-2","-1.5953166004979476E-2",-0.0142701715772097,-0.0138594424813506,-0.00139658958835396,"1.8829198829071421E-2",9,2.15971207536025,0.0517926222507574,-0.620411811328281,-0.14338834240956,-0.572049863636364
2015-03-18,"2:00pm",0,"-3.0000000000000001E-3","-0.01",-0.045,-0.065,-0.08,-0.0925,"1.5942000000000001","1.5641","-8.1957473420888063E-2","-7.7083754010455238E-2",-0.0527771863689306,-0.0416635017090771,-0.0647727916879685,"-5.5360501183684192E-2",55,2.24105652054956,0.0234816003993412,-0.241767786968613,-0.0900464181059872,-0.307566590909091
2015-04-29,"2:00pm",0,"0","-5.0000000000000001E-3",-0.0025,-0.005,-0.0025,-0.0025,"0.15232000000000001","8.9288000000000006E-2","-1.8568301454109555E-3","-7.2947803060903916E-4",-0.00152502224617428,-0.00572158999605569,0.00565363584050716,"1.830849215075929E-2",-122,2.10683561463565,0.030214126719426,0.140808618508015,0.0358616580521591,-0.242609954545455
2015-06-17,"2:00pm",0,"-3.0000000000000001E-3","-5.0000000000000001E-3",-0.03,-0.0425,-0.05,-0.0575,"0.17749000000000001","0.37747999999999998","-5.0331995622035761E-2","-7.0168350168350171E-2",-0.0531120905061463,-0.0430449724696057,-0.038067044868569,"-5.1072120236304988E-2",60,2.17049718546907,0.0206721597840005,0.251778397321018,0.050380236976646,0.1297555
2015-07-29,"2:00pm",0,"-2E-3","-5.0000000000000001E-3",-0.0075,-0.01,-0.0125,-0.0175,"9.5365000000000005E-2","0.16686999999999999","-1.4880120921505265E-2","-2.4212558651190985E-2",-0.0162472372915411,-0.0171650259372789,-0.00337794466612068,"2.0258259379481159E-2",-7,2.04050882834519,-0.0116079898696757,0.284251011255783,-0.0909292817203031,-0.245656636363636
2015-09-17,"2:00pm",0,"-2.5000000000000001E-2","-0.05",-0.06,-0.065,-0.0675,-0.0625,"0.25335999999999997","0.21953","-5.4049827999583029E-2","-5.4978568703574877E-2",-0.037794584289674,-0.0128158286312006,-0.0582453133735586,"-3.6654556709115257E-2",-42,2.0420984907167,-0.0436960098388557,-0.261387004222465,-0.10786621335729,-0.147693227272727
2015-10-28,"2:00pm",0,"0","-5.0000000000000001E-3",0.0225,0.04,0.0475,0.06,"-0.56567000000000001","-0.72577999999999998","5.9512144271864902E-2","5.6134838521444443E-2",0.0305090270812437,-0.00435667567547772,0.0532437060633537,"6.2997812165050182E-2",-58,1.91682381863956,-0.000846733955992107,-0.266899060406406,-0.0436718456201888,-0.0567588181818182
2015-12-16,"2:00pm",0,"0.01","1.7500000000000002E-2",0.0125,0.02,0.0225,0.02,"4.8911999999999997E-2","0.21387999999999999","-5.6166597164303582E-3","-1.1106319902978034E-2",-0.0194966894073599,-0.0371669447486604,0.0286748452633164,"3.8989680662543262E-2",11,1.92442788952416,0.0452379682079895,-0.242315911066207,-0.0953906529702993,-0.195525227272727
2016-01-27,"2:00pm",0,"-2E-3","-5.0000000000000001E-3",-0.02,-0.0275,-0.0325,-0.0425,"-0.42182999999999998","-0.42180000000000001","-3.7320823560072977E-2","-3.5054530766123602E-2",-0.022838887496868,-0.0143041801770222,-0.022959043492644,"-7.8200522698253037E-3",91,1.91715844392242,-0.058810031453099,-0.385705682524903,-0.114073051632906,-0.280350409090909
2016-03-16,"2:00pm",0,"-7.0000000000000001E-3","-2.2499999999999999E-2",-0.055,-0.0825,-0.1,-0.1125,"0.33888000000000001","0.24321000000000001","-9.3510555121188443E-2","-0.10614172874966339",-0.0685019847481186,-0.0288284226753149,-0.0824469580007402,"-8.4860623677594477E-2",47,1.81540437867138,-0.0155975157022405,-0.309673611978413,0.0476414929304951,-0.278599
2016-04-27,"2:00pm",0,"0","-5.0000000000000001E-3",0.005,0.005,0.0125,0.0125,"0.25422","0.22173999999999999","1.4923638259056555E-2","9.4557243174118854E-3",0.00453011776779345,-0.00420693567625753,0.0180509043794058,"7.3827471968826441E-4",15,1.92633270860032,0.0924982456192929,-0.112377992227239,0.148653455996954,-0.329986590909091
2016-06-15,"2:00pm",0,"0","-5.0000000000000001E-3",-0.0375,-0.045,-0.05,-0.0525,"8.9288999999999993E-2","-2.4115000000000001E-2","-5.0248097571145629E-2","-4.3226399444033448E-2",-0.027337761242478,-0.00663332662218132,-0.0395764282261357,"-4.1989711877146042E-2",-117,1.65502656574184,0.0259342761062857,-0.278456771386493,0.143306190323916,-0.269235454545455
2016-07-27,"2:00pm",0,"-5.0000000000000001E-3","-0.01",0.005,0.005,0.0075,0.0075,"0.28932000000000002","0.20244000000000001","5.5853226310851661E-3","-6.4821416560166814E-3",-0.00662557550500955,-0.0129445316250708,0.0155164692038586,"3.3645265101430542E-3",107,1.71914381655398,0.0364294547249608,-0.403520544107847,0.00712262888547244,-0.124645636363636
2016-09-21,"2:00pm",0,"-1.2999999999999999E-2","-0.04",-0.025,-0.0275,-0.035,-0.035,"0.10299999999999999","0.28051999999999999","-4.4781860828772481E-2","-4.3379384587781469E-2",-0.0321598121033432,-0.0299070281516156,-0.0231420269676886,"-1.897479624846609E-2",-38,1.76716803317571,0.0325558675653221,-0.0325647372768954,-0.0346532414648104,0.0757735454545454
2016-11-02,"2:00pm",0,"-3.0000000000000001E-3","5.0000000000000001E-3",0,0.0025,0.0025,0.005,"2.3872999999999998E-2","2.9850000000000002E-2","5.5960385718008872E-3","2.1709133321370895E-3",0.00300581795433219,0.0104195280763333,0.0115427960069092,"1.294176310893675E-2",-18,1.87732251237893,-0.0276114081264378,0.301616503652345,0.0504432639489858,0.0701117272727272
2016-12-14,"2:00pm",0,"-2E-3","-5.0000000000000001E-3",0.00125,0.02,0.0475,0.08,"-0.18096999999999999","-0.21529000000000001","6.7704097591492027E-2","8.520058433531856E-2",0.0635479522807725,0.036516929016929,0.046847859857338,"3.8029289698601469E-2",1,1.65143788824995,0.0508735753707583,0.779929637191062,0.0858328004118363,0.248196954545455
2017-02-01,"2:00pm",0,"-5.0000000000000001E-3","-1.2500000000000001E-2",-0.02,-0.0175,-0.025,-0.025,"8.7974000000000004E-3","0.17580999999999999","-2.8195610239299305E-2","-2.2388582986852451E-2",-0.00951093870045468,0.00385260128469492,-0.0139616013330307,"-1.082978533163694E-2",-19,1.61324570633621,0.0631402676592883,0.632565510795241,0.0571864071938979,-0.0929536363636364
2017-03-15,"2:00pm",0,"0","2.5000000000000001E-3",-0.035,-0.05,-0.0675,-0.0775,"0.22322","0.24740999999999999","-6.9813878317084618E-2","-7.3647418462990846E-2",-0.0518783925040616,-0.0196428704068217,-0.0509747007025326,"-4.4776868303741502E-2",39,1.68503497699195,0.0538899157847901,-0.00875656917268319,-0.0236094544224024,-0.312088363636364
2017-05-03,"2:00pm",0,"-2E-3","7.4999999999999997E-3",0.01,0.0125,0.01,0.0125,"0.13014999999999999","1.0507000000000001E-2","1.3167196705072728E-2","1.8546104071178213E-2",0.0148629783808937,0.0113230546464639,0.0208208195111807,"3.8706236118768569E-2",-80,1.59510635805926,0.0411850277707151,-0.441440145742408,-0.0170318817863251,-0.539335181818182
2017-06-14,"2:00pm",0,"0.01","0.02",0.01,0.0175,0.0225,0.025,"-5.9526000000000003E-2","-5.1316000000000001E-2","3.0108440644387675E-2","2.2194672775457034E-2",0.0131209279554099,0.00294329598074397,0.0285302773631368,"3.3922699169138003E-2",-44,1.71418989527901,0.0281550713962861,-0.604227405488125,-0.0122212476709844,-0.279001409090909
2017-07-26,"2:00pm",0,"-2E-3","0",-0.005,-0.01,-0.0175,-0.015,"0.10906","3.0294000000000001E-2","-2.0718978102189776E-2","-2.4538264503662428E-2",-0.0156177331975816,-0.00151116000561138,-0.00339318493538712,"-1.4963162363733219E-2",42,1.67576322888898,0.0532429060558748,-0.124604785394851,-0.0076219740379706,0.194213409090909
2017-09-20,"2:00pm",0,"0","5.0000000000000001E-3",0.035,0.0425,0.0525,0.0575,"-0.14993000000000001","-0.14487","4.7162148070907191E-2","5.4381825535930975E-2",0.0374390611649998,0.0201733283306481,0.0580400776613257,"6.3309797020998898E-2",-27,1.53859214254393,0.0297604861532683,0.0352714349072811,0.0638071134826923,-0.329050363636364
2017-11-01,"2:00pm",0,"-2E-3","0",0.005,0.005,0.005,0.0025,"0.1242","7.7655000000000002E-2","3.7841276462613413E-3","3.7468804100996016E-3",0.00471832049539345,0.00452444457579407,0.013636989223556,"2.0305278312919652E-2",-120,1.3961043308889,0.0416108991378694,-0.173715367504771,0.0490130842969849,-0.143019045454545
2017-12-13,"2:00pm",0,"2E-3","5.0000000000000001E-3",-0.00375,-0.0075,-0.01,-0.01,"0.21709999999999999","0.10295","-1.5208322469625071E-2","-1.8871747588099043E-2",-0.015024230599786,-0.00900154627788823,0.000824094256295492,"-1.64149079603168E-3",30,1.49509045101936,0.0683466569987203,-0.142409414400604,0.00381955351579233,-0.162620090909091
2018-01-31,"2:00pm",0,"3.0000000000000001E-3","-5.0000000000000001E-3",0.005,0.0075,0.01,0.005,"-0.10618","-6.6279000000000005E-2","9.5551267341191203E-3","1.6112862547288775E-2",0.0138231725811344,0.0181757214923883,0.0162458469631182,"3.4137481636504229E-3",-42,1.44132000017798,0.0987048589419617,-0.185751635189422,0.0591271414492684,0.0889731818181818
2018-03-21,"2:00pm",0,"0","0",-0.005,-0.01,-0.005,0,"0.12819","0.38862000000000002","-7.675376832003338E-3","1.4697904933543589E-2",0.0189754954726778,0.0261648341744773,0.00355516539600993,"3.5911843915230459E-4",108,1.50120885808196,0.0201092692252951,0.0962389165698294,0.0349983144592745,-0.249761272727273
2018-05-02,"2:00pm",0,"-3.0000000000000001E-3","0",-0.0025,-0.0075,-0.0075,-0.01,"1.1318999999999999E-2","0.13669999999999999","-9.6119138281779773E-3","-1.9409524238804626E-2",-0.0116012417638115,-0.00163837732645072,0.00182025331588683,"1.7651453575249151E-2",-75,1.56601536482963,-0.07894220781498,-0.0539207259581393,0.00614772644905681,-0.0386533636363637
2018-06-13,"2:00pm",0,"-2E-3","-0.01",0,0.015,0.0275,0.035,"-0.14698","-0.13889000000000001","4.2366073757237492E-2","3.9693021997836274E-2",0.0298745565129245,0.0254882225694027,0.0288729214524237,"2.668415018402907E-2",33,1.60331952139057,0.000100476906544245,-0.222992837235802,0.0315609900541247,-0.148287909090909
2018-08-01,"2:00pm",0,"-2E-3","-5.0000000000000001E-3",0,-0.005,-0.005,-0.0075,"6.0457999999999998E-2","2.6681E-2","0","-5.4529059019793498E-3",-0.004152627242188,-0.00412990943379181,0.00445656358889809,"5.908842107191347E-3",18,1.61055870660594,0.0533756519690947,-0.222417170671729,-0.0456737814812307,-0.0702829545454546
2018-09-26,"2:00pm",0,"3.0000000000000001E-3","0.01",0.0025,-0.005,-0.005,-0.01,"0.17050000000000001","0.24732999999999999","-5.8031196202201468E-3","-8.6205186020293142E-3",-0.00334157787924911,0.00505539988368668,0.00452670892506262,"8.5903425339339777E-3",9,1.59838098571132,0.0566880266412984,-0.0904500485104991,-0.0140766112086146,-0.216356772727273
2018-11-08,"2:00pm",0,"5.0000000000000001E-3","2.5000000000000001E-3",0.0075,0.005,0.0075,0.01,"-0.33859","6.6808000000000006E-2","7.7518651849533046E-3","6.2989283699943594E-3",0.00589540391917806,0.00519509450602923,0.0168111393250813,"1.9997994371005211E-2",62,1.60383117670566,-0.0157116522122784,0.00399306939121913,-0.00801883868225683,-0.110951363636364
2018-12-19,"2:00pm",0,"0.01","2.5000000000000001E-2",0.0275,0.0225,0.015,0.0125,"-0.56635000000000002","-0.77991999999999995","3.8510693792383932E-3","-1.2367863740819177E-2",-0.0155293879564398,-0.0259162989984944,0.0296543238287012,"6.1769484519752962E-2",-43,1.51317546942824,-0.131840163761603,-0.187866999610346,-0.0328861351384973,-0.442361227272727
2019-01-30,"2:00pm",0,"-2E-3","0",-0.0075,-0.0275,-0.0375,-0.0375,"0.91007000000000005","0.80115000000000003","-4.3258046006989723E-2","-3.6906584992343026E-2",-0.0243160287987874,-0.00723128132246241,-0.0196323904546071,"-7.4414970445995567E-3",136,1.53572344691391,-0.0374307963567251,-0.362045626305399,-0.0328633825368367,-0.636802318181818
2019-03-20,"2:00pm",0,"0","0",-0.0075,-0.025,-0.045,-0.0625,"0.51222999999999996","0.44152000000000002","-6.0384936365533069E-2","-6.4880804988406898E-2",-0.0480375577374492,-0.0334301110580368,-0.0270331950090872,"-6.6588950192541484E-3",-160,1.35047889550801,0.066221094677168,-0.0735943595600702,0.0460704616843781,-0.518009181818182
2019-05-01,"2:00pm",0,"-2.5000000000000001E-2","-0.02",-0.03,-0.04,-0.05,-0.0575,"0.16943","0.19905999999999999","-5.066291138580295E-2","-4.1742437882607127E-2",-0.024625275764261,-0.00628666631879477,-0.0373803599120249,"-3.2946615285474858E-2",21,1.34909975198862,0.100276613734896,0.0228980821719733,0.0207668302586983,-0.446995545454546
2019-06-19,"2:00pm",0,"2.3E-2","5.2499999999999998E-2",-0.05,-0.0825,-0.1025,-0.1025,"0.25599","0.33335999999999999","-7.4876153725817379E-2","-5.9620657108184635E-2",-0.0415615072638465,-0.0304591059322346,-0.0792880481684813,"-4.3484780995014558E-2",-105,1.2592227042699,0.0331968402104916,-0.0856106680706951,-0.0377769802404435,-0.770768090909091
2019-07-31,"2:00pm",0,"3.0000000000000001E-3","-3.0000000000000001E-3",-0.0025,0,-0.005,-0.005,"3.9855000000000002E-2","0.17827000000000001","-9.4936378806841895E-4","-7.4667895434826586E-4",-0.000770090854331894,-0.00148607903987292,0.00575978816582171,"5.4371183762530204E-3",64,1.25146724240377,0.0246272352944885,-0.135594622370957,-0.0167632633720007,-0.0780635454545455
2019-09-18,"2:00pm",0,"1.35E-2","1.7500000000000002E-2",0.03,0.0325,0.035,0.0375,"-0.62868000000000002","-0.37168000000000001","3.5007561140950098E-2","3.028961736356079E-2",0.0234038288062544,0.0120757937115725,0.044445736870818,"5.2026301790247413E-2",-30,1.25222570352452,0.0402995129008996,-0.218536965916762,0.025298918126949,-0.337223727272727
2019-10-11,"11:00am",1,"-5.0000000000000001E-3","-7.4999999999999997E-3",-0.0175,0,0,0,"0.27776000000000001","0.21353","-8.5102721868808E-3","-4.4236081478653396E-3",-0.00150492422820388,0.00213028374591312,0.00419977696920738,"1.8801172016054132E-2",-9,1.3281697241565,-0.0185262919417894,-0.172762473370783,-0.0230758731908667,-0.263674636363636
2019-10-30,"2:00pm",0,"2E-3","-1.0999999999999999E-2",0.0125,0.015,0.015,0.015,"0.41161999999999999","0.12778","1.0408280321201377E-2","7.3932478267705916E-3",-0.000755295708347939,-0.00859433231515718,0.0241120849794365,"3.2310556130722708E-2",-9,1.3281697241565,0.00525599358511819,0.0163588119259257,0.0202274155262598,-0.203247090909091
2019-12-11,"2:00pm",0,"0","0",0,-0.005,-0.005,-0.005,"0.26290000000000002","0.17130999999999999","-7.5654395661695689E-3","-6.6535627639500404E-3",-0.00454576190535819,0,0.00506882598142715,"8.0369501579899208E-3",86,1.3568621116967,0.0504414763966778,0.339864879972337,0.0144224930991905,-0.272386181818182
2020-01-29,"2:00pm",0,"0","0.01",0.005,0.005,0.005,0.0025,"NA","1.1403E-2","2.8292492179353493E-3","-1.4638969317442147E-3",-0.00373064377038731,-0.00491441172617575,0.013636989223556,"2.5097704563033549E-2",-15,1.31833896542091,0.0865786019293608,-0.0124333006697716,-0.0319651863565085,-0.337706227272727
2020-03-03,"10:00am",1,"-0.23749999999999999","-0.1925",-0.1725,-0.145,-0.135,-0.1225,"NA","0.48757","-8.573364607766483E-2","-6.3328404355424125E-2",-0.0438618083268066,-0.0236347743849141,-0.14330566746648,"NA",60,1.31279876320232,-0.013949746362524,-0.0548780271217367,-0.0495336280406304,-0.589811863636364
2020-03-15,"5:00pm",1,"-0.105","-8.5000000000000006E-2",-0.28125,-0.2075,-0.175,-0.1725,"NA","-1.9409000000000001","-0.16884869964038149","-0.2006586021505376",-0.133369807144722,-0.124440076626715,-0.212882058552747,"NA",98,1.48294910117084,-0.237586605070896,0.0442717881443694,-0.162039728876265,-0.748315318181818
2020-03-19,"9:00am",1,"7.0000000000000001E-3","5.0000000000000001E-3",-0.055,-0.0475,-0.0275,-0.025,"NA","0.41159000000000001","-1.295512586647209E-2","-2.9657505095983694E-2",-0.0280622527431515,-0.0358942182895086,-0.0324104842085144,"NA",98,1.48294910117084,-0.278603624856488,0.409757929142155,-0.281009222380899,-0.724327272727273
2020-03-23,"8:00am",1,"-2E-3","-5.0000000000000001E-3",-0.04,-0.0275,-0.0275,-0.03,"NA","6.1904000000000003","-1.4775380446112154E-2","-3.558783375483987E-2",-0.055480029769288,-0.0570167771642968,-0.0240470829690584,"NA",98,1.48294910117084,-0.325429390288854,0.288253033356286,-0.257207761331225,-0.661010181818182
2020-03-31,"8:30am",1,"-2E-3","-3.0000000000000001E-3",-0.02,-0.015,-0.0125,-0.01,"NA","0.247","-3.695033613007452E-3","6.9759011881586892E-4",0.000698533331680284,0.00185760407333134,-0.0063265660450896,"NA",98,1.48294910117084,-0.204721228454696,0.0727062105219324,-0.253890570461363,-0.473172818181818
2020-04-29,"2:00pm",0,"-5.0000000000000001E-3","-0.03",-0.005,-0.01,-0.0075,0,"NA","-0.26435999999999998","4.6184272239303764E-3","1.2543404331483803E-2",0.0125418308916487,0.0183098391808719,0.00290021020076539,"NA",-601,0.401073607308255,-0.140542560560247,0.163382934650445,-0.193595376115518,-0.310275181818182
2020-06-10,"2:00pm",0,"0","-5.0000000000000001E-3",0,-0.005,-0.005,-0.005,"NA","0.63083999999999996","-1.1068841523789671E-2","-2.0214974386506501E-2",-0.0147110593251853,0.00253854704021432,0.00506882598142715,"NA",10009,-12.4243049464225,0.0760324319616625,0.420460029092649,-0.010013473098776,-0.260078409090909
2020-07-29,"2:00pm",0,"0","5.0000000000000001E-3",-0.005,-0.015,-0.005,-0.0025,"NA","6.1697000000000002E-2","-2.7645127670661803E-3","-9.0203314768838479E-3",-0.00761914197958981,-0.00795109636059342,0.00156953309039273,"NA",1570,-9.14956352644136,0.126241264590214,-0.0331691799311833,0.169747341226699,-0.0107205
2020-08-27,"9:10am",1,"0","0",-0.00125,0,-0.005,0.0025,"NA","0.22997000000000001","-2.7655028660760815E-3","-8.333221484016733E-3",-0.00902642472918371,-0.012497859344674,0.00793777920775567,"NA",283,-8.06435922290021,0.150802099150218,-0.0197683698897098,0.18917731092733,0.160226772727273
2020-09-16,"2:00pm",0,"-2E-3","0",0,0,0,-0.0025,"NA","0.44786999999999999","0","6.93455310011631E-4",0.00416084522393975,0.0138540531686856,0.00836436867753344,"NA",21,-7.11500328190322,0.111839966878552,0.00224176147196176,0.1500688307833,0.356953681818182
2020-11-05,"2:00pm",0,"3.0000000000000001E-3","-5.0000000000000001E-3",-0.0025,-0.005,0,-0.005,"NA","7.1167000000000001E-3","-1.8435122459614381E-3","0",0.00139450132632571,0.000641314768970994,0.00569632864322264,"NA",-198,-6.50892438097621,0.0405777192443981,0.2346617493488,0.0732519840648989,0.4200745
2020-12-16,"2:00pm",0,"-3.0000000000000001E-3","-5.0000000000000001E-3",0,0,0.0025,0,"NA","-0.18645999999999999","2.7640437727983326E-3","1.3176225841088046E-2",0.0175765843978668,0.0266189115861099,0.00963158626530704,"NA",-215,-6.05088313081197,0.0879552087356608,0.325595018067468,0.084356548849108,0.736164181818182
2021-01-27,"2:00pm",0,"2E-3","0",0,-0.005,0,-0.005,"NA","-0.32457000000000003","0","-1.3864373420411085E-3",0,-0.00263682200372579,0.00637873637191623,"3.1383789805387682E-2",-190,-6.30428551295097,0.113794502086472,0.33476324659381,0.102955327999246,0.547442181818182
2021-03-17,"2:00pm",0,"-5.0000000000000001E-3","-7.4999999999999997E-3",-0.01,-0.005,-0.0075,-0.01,"NA","0.4945","-1.8439291297550807E-2","-4.9424721314411071E-2",-0.0236515971373713,0.00295914022698243,0.000459715086350141,"-4.7685539379062449E-3",179,-5.99736083024478,0.0759683752697686,0.94877628303871,0.133399653105322,0.724307772727273
2021-04-28,"2:00pm",0,"0","-0.01",-0.005,0.0025,-0.005,-0.005,"NA","2.9907E-2","-2.7668056279312142E-3","-3.5334423072616934E-3",-0.00147927147440299,-0.00437220487103917,0.0057640653936722,"-1.9361653641728439E-3",256,-4.48898425102531,0.0860625052986812,0.800901398191721,0.117402364288877,0.287957909090909
2021-06-16,"2:00pm",0,"0.01","1.7500000000000002E-2",0.01,0.0175,0.015,0.0325,"NA","-0.58206999999999998","2.7684731631057842E-2","7.4214061800268696E-2",0.0545147205588822,0.0353105857930208,0.0284021989549904,"-2.4360841704223649E-2",-116,8.63873097806476,0.0740882279999155,-0.137243684818461,0.0772475360600655,0.492219681818182
2021-07-28,"2:00pm",0,"0","5.0000000000000001E-3",-0.005,0,0.0025,0.0075,"NA","0.15367","7.3828756058158321E-3","2.2513264826381892E-2",0.0101430991107679,-0.00206803737775327,0.010103557985507,"-3.8304460577083241E-2",130,5.76361448848477,0.0515843885004284,-0.455220376146945,0.0478454309278824,0.148868909090909
2021-09-22,"2:00pm",0,"0","0",-0.005,0,-0.0025,0.005,"NA","0.36131000000000002","2.7722653603627079E-3","8.5033815559636319E-3",0.000731093484984536,-0.00207466469148712,0.00818138520248889,"2.099629588744711E-2",-498,4.48130535507954,0.0440742456061365,-0.133526770708256,0.0423817364784842,0.271766136363636
2021-11-03,"2:00pm",0,"3.0000000000000001E-3","-5.0000000000000001E-3",0,0.0025,0.01,0.01,"NA","0.24073","1.1139313076562254E-2","1.511041858170975E-2",0.0149516820642322,0.0348169392327284,0.014732186377701,"7.7737947899903237E-3",-306,4.06651637206217,0.0540151541016982,0.232496350467204,0.0924047713057039,0.396975818181818
2021-12-15,"2:00pm",0,"0","-5.0000000000000001E-3",0.0325,0.0475,0.0525,0.0525,"NA","0.66110000000000002","3.2672261023663086E-2","2.9010989010989013E-2",0.0179568884723524,0.00630976602238047,0.0575065150606621,"6.6459823032399556E-2",-340,4.40956769682366,0.0363355955618445,-0.152990582292503,-0.0193872799210988,0.220408181818182
2022-01-26,"2:00pm",0,"-2E-3","-5.0000000000000001E-3",-0.005,-0.005,-0.0075,-0.0075,"NA","-0.18146000000000001","-9.3749348347409037E-4","8.8100424423435374E-3",0.0122467596019925,0.0126163369072621,0.00243679293626637,"-6.5325957944176909E-4",-251,4.95857370589121,-0.0434213746253658,-0.391600702130771,-0.00266173210293363,0.346684363636364
2022-03-16,"2:00pm",0,"-0.01","-0.02",0.0675,0.1175,0.145,0.165,"NA","-0.64097000000000004","0.11754276178556529","7.8831098713218764E-2",0.050733544056719,0.0398361434338637,0.138072551933462,"8.1182095111873576E-2",255,5.05205636527215,-0.0907687716680154,-0.390278190226052,0.231344955521483,-0.111931454545455
2022-05-04,"2:00pm",0,"-1.7999999999999999E-2","-0.02",-0.025,-0.0275,-0.0325,-0.0375,"NA","-0.20050999999999999","-4.1631279670301002E-2","-4.159038643639807E-2",-0.0209069127695448,-0.00338410025396058,-0.0230993341649731,"-4.6808829799824668E-2",-59,4.80129014092263,-0.0595877823527449,-0.218355032236304,0.157088633886592,-0.0104786818181819
2022-06-15,"2:00pm",0,"2.1499999999999998E-2","0.04",0.08,0.0825,0.0925,0.065,"NA","-6.6299999999999996E-3","4.4109052961127049E-2","3.1375338753387536E-2",0.0181907333350315,0.00816027831844166,0.0936264463840153,"8.070659554387212E-2",72,4.63695797466226,-0.118233865208223,6.42370940829862e-05,0.0299287066965075,0.0481763181818181
2022-07-27,"2:00pm",0,"-2E-3","-1.4999999999999999E-2",-0.0075,0,0.0075,0.005,"NA","3.4562000000000002E-2","2.9129232535086346E-3","1.5581751791912725E-3",0.00164683845491824,-0.000824433681297193,0.0101187982547735,"6.4612993623045997E-4",107,4.37806778550591,-0.113803117647601,-0.919628972129161,-0.101210541137954,-0.0139574090909091
2022-09-21,"2:00pm",0,"-1.2E-2","-3.5000000000000003E-2",0.0925,0.1225,0.14,0.1225,"NA","-1.3793","9.6972702124328E-2","5.6145308226145531E-2",0.0236866641973101,-0.0120659588258897,0.134551628070003,"0.1184250921823904",17,4.03040170773803,0.0503010575052088,-0.7314488017245,-0.0865047317986045,0.0847436363636363
2022-11-02,"2:00pm",0,"-5.0000000000000001E-3","-2.5000000000000001E-2",-0.065,-0.08,-0.09,-0.1,"NA","0.65298","-9.2820967994570042E-2","-7.9525330072242231E-2",-0.0478814157248599,-0.00710991144575461,-0.078808771215347,"-8.1620175766125291E-2",8,3.87112556207576,-0.0658642737691473,-0.0130066101018658,-0.04506157361552,0.165522454545455
2022-12-14,"2:00pm",0,"-2E-3","0",0.0125,0.08,0.1075,0.115,"NA","-1.1263000000000001","7.3225099185633746E-2","5.167947558770343E-2",0.0304360583792611,0.00735548454163939,0.0906897317747928,"7.8994198827412793E-2",63,3.26910094162454,-0.0223279460598107,-0.813779209116063,-0.0564655077941234,-0.0228149090909091
2023-02-01,"2:00pm",0,"-8.0000000000000002E-3","-2.5000000000000001E-3",0.0025,0.0175,0.0225,0.0225,"NA","0.12587999999999999","2.2807328913713003E-2","1.6943270903463387E-2",0.0112673257236037,0.0119578176559724,0.025870791784527,"7.5964469995057904E-3",18,2.97863851554521,0.0622418587810696,-0.781782032777507,-0.0248304633286196,0.0252900454545454
2023-03-22,"2:00pm",0,"1.2E-2","0.04",-0.025,-0.065,-0.0775,-0.0975,"NA","0.39290000000000003","-8.9842363503497238E-2","-6.3011345658364595E-2",-0.0330676985556109,-0.0046225977160895,-0.0598830994482334,"-5.6133688211116597E-2",86,2.73538313917676,0.00188792770427248,0.224637936513143,-0.0736708524469867,-0.0790639090909091
2023-05-03,"2:00pm",0,"1.6E-2","0.02",0.025,0.0175,0.0225,0.02,"NA","0.13852","9.8642935435043575E-3","1.1987262009621249E-2",0.0120032594026126,0.0236113139948796,0.0314001989502402,"5.0287488710220651E-2",6,2.50260960211897,0.0119706342902841,0.0956128338820674,-0.0776264048935671,-0.407983181818182
2023-06-14,"2:00pm",0,"-0.01","-1.2500000000000001E-2",0.0025,0.075,0.1225,0.145,"NA","-0.72075","0.11574770258980785","9.1064032049976235E-2",0.0549332548347049,0.0248831948255891,0.0978636108287462,"8.0558142522975829E-2",144,2.50829652352813,0.123457423059337,-0.40399017140704,-0.0407249694948941,-0.251105045454545
2023-07-26,"2:00pm",0,"0","-2.5000000000000001E-3",-0.0025,0.005,0.01,0.0075,"NA","8.1783999999999996E-2","4.0192157067516056E-3","0",0,-0.000967618839947667,0.0141242012130224,"1.2803742198726101E-3",-21,2.38616915175385,0.10073069348314,-0.298053849832322,0.0167962047321693,-0.0182380454545455
2023-09-20,"2:00pm",0,"-2E-3","0",0.0325,0.0625,0.0975,0.1075,"NA","-0.19486000000000001","7.1429317457830696E-2","5.7770071172763941E-2",0.036750488532346,0.0166906999223541,0.0868855909499676,"8.6754081958511572E-2",17,2.02782519877776,0.00408352963614078,0.441271568834963,0.0443383085913833,-0.0131046818181819
2023-11-01,"2:00pm",0,"-3.0000000000000001E-3","-7.4999999999999997E-3",-0.015,-0.015,-0.015,-0.0125,"NA","3.5478999999999997E-2","-1.5098172323759792E-2","-1.4365136949029566E-2",-0.0085025289017341,0,-0.00622896817547602,"6.8470265594921479E-3",166,2.01874664760755,-0.0900461747082311,1.10142744295896,-0.00414317062486358,-0.144678409090909
2023-12-13,"2:00pm",0,"-1E-3","0",-0.00625,-0.065,-0.1225,-0.16,"NA","0.62846999999999997","-0.13741777174480527","-0.11672512502545765",-0.0801142622908821,-0.0602623766664304,-0.0818607948106597,"-5.6921769437258879E-2",14,1.83763836020994,0.0342246221401581,0.270957988507092,-0.0936964390629873,-0.451124454545455
