"date","SENT","SENT_ORTH","pdnd","ripo","nipo","cefd","s","indpro","consdur","consnon","consserv","recess","employ","cpi"
1958-01-01,,,,,,,,20.1650009155273,,,,1,52076,28.6399993896484
1958-02-01,,,,,,,,19.734899520874,,,,1,51576,28.7000007629395
1958-03-01,,,,,,,,19.4929008483887,,,,1,51299,28.8700008392334
1958-04-01,,,,,,,,19.1702003479004,,,,1,51027,28.9400005340576
1958-05-01,,,,,,,,19.3584003448486,,,,0,50914,28.9400005340576
1958-06-01,,,,,,,,19.8693008422852,,,,0,50914,28.9099998474121
1958-07-01,,,,,,,,20.1650009155273,,,,0,51039,28.8899993896484
1958-08-01,,,,,,,,20.5683002471924,,,,0,51233,28.9400005340576
1958-09-01,,,,,,,,20.7565994262695,,,,0,51506,28.9099998474121
1958-10-01,,,,,,,,20.9985008239746,,,,0,51485,28.9099998474121
1958-11-01,,,,,,,,21.6168994903564,,,,0,51944,28.9500007629395
1958-12-01,,,,,,,0.159999996423721,21.6438007354736,,,,0,52085,28.9699993133545
1959-01-01,,,,,,,0.170000001788139,21.9664993286133,42.2999992370605,125.099998474121,138.699996948242,0,52478,29.0100002288818
1959-02-01,,,,,,,0.170000001788139,22.3966007232666,44.2000007629395,125.400001525879,140,0,52688,29
1959-03-01,,,,,,,0.200000002980232,22.7192993164062,44.4000015258789,127.699996948242,140.5,0,53014,28.9699993133545
1959-04-01,,,,,,,0.219999998807907,23.2031993865967,45.0999984741211,125.599998474121,141.5,0,53321,28.9799995422363
1959-05-01,,,,,,,0.230000004172325,23.5527992248535,45.4000015258789,128,142.800003051758,0,53550,29.0400009155273
1959-06-01,,,,,,,0.25,23.5797004699707,46,127.900001525879,144.300003051758,0,53681,29.1100006103516
1959-07-01,,,,,,,0.25,23.0149993896484,45.4000015258789,127.300003051758,145.100006103516,0,53804,29.1499996185303
1959-08-01,,,,,,,0.25,22.2353000640869,46.2000007629395,127.900001525879,146.100006103516,0,53336,29.1800003051758
1959-09-01,,,,,,,0.259999990463257,22.2084007263184,47.4000015258789,129.399993896484,147.399993896484,0,53428,29.25
1959-10-01,,,,,,,0.270000010728836,22.0471000671387,44.7999992370605,129.800003051758,148.300003051758,0,53358,29.3500003814697
1959-11-01,,,,,,,0.270000010728836,22.1816005706787,44.7000007629395,129,149.199996948242,0,53634,29.3500003814697
1959-12-01,,,,,,,0.259999990463257,23.5527992248535,42.7999992370605,129.699996948242,150.399993896484,0,54174,29.4099998474121
1960-01-01,,,,13.8,16,,0.270000010728836,24.171199798584,43.2000007629395,129.600006103516,150.800003051758,0,54274,29.3700008392334
1960-02-01,,,,8,16,,0.259999990463257,23.9561004638672,45.7000007629395,128.399993896484,151.199996948242,0,54513,29.4099998474121
1960-03-01,,,,19.4,21,,0.25,23.7409992218018,47.4000015258789,130.800003051758,151.899993896484,0,54454,29.4099998474121
1960-04-01,,,3.57047700881958,15.9,16,,0.25,23.5527992248535,49.0999984741211,134.100006103516,153.300003051758,1,54813,29.5400009155273
1960-05-01,,,11.4085702896118,25.3,19,,0.25,23.525899887085,45.7000007629395,130.300003051758,154,1,54475,29.5699996948242
1960-06-01,,,19.2033138275146,30.6,40,,0.239999994635582,23.2301006317139,44.5,131.5,154.100006103516,1,54348,29.6100006103516
1960-07-01,,,19.7803916931152,10.4,17,,0.239999994635582,23.1494998931885,44.9000015258789,132.199996948242,154.300003051758,1,54306,29.5499992370605
1960-08-01,,,34.5879974365234,27.5,23,,0.239999994635582,23.1226005554199,45.7999992370605,131.399993896484,154.399993896484,1,54272,29.6100006103516
1960-09-01,,,36.1026802062988,18.1,20,,0.239999994635582,22.8805999755859,47.0999984741211,131.100006103516,155.100006103516,1,54227,29.6100006103516
1960-10-01,,,50.4039268493652,12.6,27,,0.219999998807907,22.8537006378174,46.7000007629395,132.600006103516,156.100006103516,1,54142,29.75
1960-11-01,,,53.1644744873047,7.4,38,,0.209999993443489,22.531099319458,45.0999984741211,133.100006103516,157.199996948242,1,53961,29.7800006866455
1960-12-01,,,56.2515029907227,25,16,,0.200000002980232,22.1009006500244,42.2999992370605,131.5,157.399993896484,1,53742,29.8099994659424
1961-01-01,,,55.508918762207,29.9,11,,0.209999993443489,22.127799987793,41.5999984741211,132.300003051758,158.300003051758,1,53683,29.8400001525879
1961-02-01,,,45.8846435546875,74.9,27,,0.200000002980232,22.1009006500244,41.9000015258789,133.300003051758,158.5,1,53557,29.8400001525879
1961-03-01,,,42.6334228515625,70.7,25,,0.200000002980232,22.2353000640869,43.2000007629395,134.600006103516,159.899993896484,0,53659,29.8400001525879
1961-04-01,,,53.0604858398438,71.1,27,,0.259999990463257,22.6923999786377,42.7000007629395,133.899993896484,161,0,53627,29.8099994659424
1961-05-01,,,51.1076202392578,44.7,42,,0.25,23.0419006347656,43.5,134.300003051758,162.100006103516,0,53786,29.8400001525879
1961-06-01,,,50.9462738037109,22.8,29,,0.239999994635582,23.3645992279053,43.7999992370605,134.5,162.5,0,53977,29.8400001525879
1961-07-01,,,51.3237838745117,16.7,29,,0.25,23.6333999633789,44.0999984741211,133.899993896484,162.5,0,54123,29.9200000762939
1961-08-01,,,53.7290954589844,23.8,50,,0.25,23.8484992980957,44.5999984741211,134.600006103516,162.899993896484,0,54298,29.9400005340576
1961-09-01,,,54.3883323669434,5.6,37,,0.259999990463257,23.8216991424561,45,135.300003051758,164.100006103516,0,54388,29.9799995422363
1961-10-01,,,55.809642791748,14.5,53,,0.270000010728836,24.2786998748779,45.5999984741211,135.300003051758,165.600006103516,0,54522,29.9799995422363
1961-11-01,,,54.7336769104004,20.5,53,,0.270000010728836,24.6550998687744,46.7000007629395,136.300003051758,166.899993896484,0,54742,29.9799995422363
1961-12-01,,,54.7525939941406,13.9,52,,0.280000001192093,24.8701992034912,47.7000007629395,136.899993896484,167.800003051758,0,54872,30.0100002288818
1962-01-01,,,-36.769588470459,16.2,40,,0.280000001192093,24.6550998687744,47.5,137.199996948242,168.5,0,54891,30.0400009155273
1962-02-01,,,-29.1292724609375,4.1,31,,0.280000001192093,25.0583992004395,47.4000015258789,137.399993896484,169.199996948242,0,55188,30.1100006103516
1962-03-01,,,-29.1257457733154,2.4,50,,0.280000001192093,25.1928997039795,48.2000007629395,138.899993896484,170.199996948242,0,55275,30.1700000762939
1962-04-01,,,-10.1515741348267,-3.1,74,,0.239999994635582,25.2465991973877,48.4000015258789,139,171.600006103516,0,55602,30.2099990844727
1962-05-01,,,-1.10975992679596,-13.4,40,,0.230000004172325,25.2196998596191,49.5999984741211,139.5,173,0,55628,30.2399997711182
1962-06-01,,,-4.49576139450073,1.2,5,,0.230000004172325,25.1660003662109,49.0999984741211,137.800003051758,173.399993896484,0,55644,30.2099990844727
1962-07-01,,,23.6380577087402,2.7,6,,0.219999998807907,25.4078998565674,49.2000007629395,138.199996948242,174,0,55746,30.2199993133545
1962-08-01,,,16.4828491210938,3.6,7,,0.209999993443489,25.4347991943359,49,139.199996948242,174.699996948242,0,55838,30.2800006866455
1962-09-01,,,17.2011985778809,-0.4,17,,0.209999993443489,25.5962009429932,50.5,142.5,175.699996948242,0,55978,30.4200000762939
1962-10-01,,,18.9526653289795,-13.4,7,,0.189999997615814,25.6231002807617,49,141,176.5,0,56041,30.3799991607666
1962-11-01,,,19.0138378143311,-7.8,11,,0.180000007152557,25.7306003570557,52.0999984741211,141.699996948242,177.899993896484,0,56056,30.3799991607666
1962-12-01,,,17.1799068450928,-11.4,10,,0.159999996423721,25.7306003570557,53.5,141.800003051758,178.300003051758,0,56028,30.3799991607666
1963-01-01,,,12.1292686462402,14.7,2,,0.159999996423721,25.9188003540039,53.0999984741211,142.800003051758,178.600006103516,0,56115,30.4400005340576
1963-02-01,,,10.6059694290161,-8.3,5,,0.159999996423721,26.214599609375,52.4000015258789,141.899993896484,179.100006103516,0,56230,30.4799995422363
1963-03-01,,,8.12693977355957,6.3,7,,0.140000000596046,26.3759002685547,52.2999992370605,142.699996948242,180,0,56320,30.5100002288818
1963-04-01,,,20.4355278015137,0.4,8,,0.129999995231628,26.6179008483887,53.2000007629395,142.100006103516,181,0,56580,30.4799995422363
1963-05-01,,,18.5536155700684,9.2,8,,0.119999997317791,26.9405002593994,53.5,142.399993896484,181.399993896484,0,56616,30.5100002288818
1963-06-01,,,17.3970031738281,-0.9,10,,0.109999999403954,27.0212001800537,55,143.899993896484,182.800003051758,0,56659,30.6100006103516
1963-07-01,,,18.3660659790039,-1.3,6,,0.119999997317791,26.9136009216309,55.5,144.699996948242,184.300003051758,0,56794,30.6900005340576
1963-08-01,,,16.7970809936523,1.2,7,,0.119999997317791,26.967399597168,54.0999984741211,146.5,185.699996948242,0,56910,30.75
1963-09-01,,,15.6093587875366,3.5,8,,0.109999999403954,27.2362003326416,54.5999984741211,144.300003051758,186.600006103516,0,57078,30.7199993133545
1963-10-01,,,19.7594757080078,-1,8,,0.109999999403954,27.4244995117188,54.2000007629395,144,187.899993896484,0,57283,30.75
1963-11-01,,,19.3961181640625,13.9,8,,0.119999997317791,27.5589008331299,55.5999984741211,145,188.899993896484,0,57255,30.7800006866455
1963-12-01,,,23.5095272064209,20.4,6,,0.109999999403954,27.5051002502441,57.4000015258789,146.899993896484,190.300003051758,0,57361,30.8799991607666
1964-01-01,,,29.0815296173096,11.9,10,,0.109999999403954,27.7471008300781,57.9000015258789,147.199996948242,191.600006103516,0,57487,30.9400005340576
1964-02-01,,,29.8825225830078,15.5,4,,0.109999999403954,27.9353008270264,58.4000015258789,148.899993896484,192.800003051758,0,57753,30.9099998474121
1964-03-01,,,29.7904510498047,9.7,2,,0.109999999403954,27.9353008270264,57.5999984741211,149.800003051758,194.399993896484,0,57897,30.9400005340576
1964-04-01,,,28.7939586639404,-1.3,11,,0.189999997615814,28.3924007415771,58.2000007629395,149.399993896484,195.300003051758,0,57922,30.9500007629395
1964-05-01,,,28.8068962097168,6.8,12,,0.200000002980232,28.5536994934082,59.7000007629395,152.300003051758,196.5,0,58089,30.9799995422363
1964-06-01,,,29.3234882354736,8.2,8,,0.209999993443489,28.6343994140625,60.5999984741211,152.699996948242,198.100006103516,0,58219,31.0100002288818
1964-07-01,,,31.4962482452393,-7.9,5,,0.219999998807907,28.8225994110107,61.5999984741211,154.300003051758,199,0,58412,31.0200004577637
1964-08-01,,,30.3912029266357,0.7,11,,0.219999998807907,29.010799407959,62.0999984741211,155.5,200.100006103516,0,58619,31.0499992370605
1964-09-01,,,28.8006706237793,-4.4,8,,0.219999998807907,29.1182994842529,60.2999992370605,154.800003051758,201.5,0,58903,31.0799999237061
1964-10-01,,,30.5310096740723,3.4,8,,0.230000004172325,28.7150001525879,61.2000007629395,155.800003051758,202.5,0,58793,31.1200008392334
1964-11-01,,,32.2446632385254,14.5,8,,0.219999998807907,29.6023006439209,58.9000015258789,153.600006103516,203.800003051758,0,59218,31.2099990844727
1964-12-01,,,31.3554801940918,6.8,10,,0.219999998807907,29.9517993927002,58,157.899993896484,205.100006103516,0,59421,31.25
1965-01-01,,,28.7540321350098,16.7,6,,0.219999998807907,30.2744007110596,61,157.300003051758,206.100006103516,0,59582,31.2800006866455
1965-02-01,,,27.429801940918,1.2,7,,0.230000004172325,30.4626998901367,65.4000015258789,159,207.100006103516,0,59800,31.2800006866455
1965-03-01,,,28.0257396697998,34.9,13,,0.219999998807907,30.8659992218018,68.4000015258789,157,207.899993896484,0,60003,31.3099994659424
1965-04-01,,,27.1382026672363,17.7,24,,0.150000005960464,31.0004005432129,67.3000030517578,160,209.699996948242,0,60259,31.3799991607666
1965-05-01,,,24.748233795166,20,13,,0.170000001788139,31.2423992156982,65.0999984741211,161.300003051758,211.100006103516,0,60491,31.4799995422363
1965-06-01,,,27.8860092163086,7.2,8,,0.159999996423721,31.4843997955322,62,161,212.300003051758,0,60690,31.6100006103516
1965-07-01,-2.00159883499146,-2.14658379554749,26.2850227355957,35.3,8,19.2700004577637,0.140000000596046,31.7800998687744,63.5,163.800003051758,213.699996948242,0,60965,31.5799999237061
1965-08-01,-2.00049018859863,-2.22970128059387,23.199197769165,28,8,19.6900005340576,0.140000000596046,31.9144992828369,66,163.399993896484,215,0,61228,31.5499992370605
1965-09-01,-1.85933423042297,-2.11279010772705,21.1701850891113,-5.3,17,17.5799999237061,0.140000000596046,31.9951992034912,70.5999984741211,165,216.399993896484,0,61490,31.6200008392334
1965-10-01,-1.7124730348587,-2.11002373695374,19.5355186462402,-4.4,11,13.5900001525879,0.129999995231628,32.3179016113281,69.5,170.600006103516,218.399993896484,0,61719,31.6499996185303
1965-11-01,-1.75524270534515,-1.94550728797913,14.6507339477539,1.5,20,13.960000038147,0.140000000596046,32.4523010253906,69.0999984741211,169.800003051758,220.199996948242,0,61996,31.75
1965-12-01,-1.74311757087708,-1.7977774143219,10.0982961654663,0.1,11,13.8999996185303,0.140000000596046,32.855598449707,68.8000030517578,171.199996948242,221.600006103516,0,62322,31.8500003814697
1966-01-01,-1.77199006080627,-1.87985050678253,10.4196014404297,-5.8,5,16.0100002288818,0.140000000596046,33.1781997680664,70.1999969482422,172.5,222.399993896484,0,62529,31.8799991607666
1966-02-01,-1.90391397476196,-2.06725335121155,8.18404960632324,33.1,4,19.1800003051758,0.140000000596046,33.3932991027832,72.3000030517578,174.300003051758,223.600006103516,0,62796,32.0800018310547
1966-03-01,-1.69969737529755,-1.93117558956146,8.04140281677246,21,9,16,0.140000000596046,33.850399017334,74.4000015258789,175.399993896484,225.199996948242,0,63192,32.1800003051758
1966-04-01,-1.73658728599548,-1.93715691566467,1.56831610202789,25,16,18.3199996948242,0.140000000596046,33.9042015075684,72.5,177.699996948242,226.800003051758,0,63437,32.2799987792969
1966-05-01,-1.63359868526459,-1.65843415260315,3.49118757247925,-3.6,10,17.9500007629395,0.129999995231628,34.2267990112305,68.6999969482422,176.199996948242,228.199996948242,0,63712,32.3499984741211
1966-06-01,-1.56461429595947,-1.50301492214203,0.182824969291687,18,13,15,0.150000005960464,34.3880996704102,68,177.899993896484,229.600006103516,0,64111,32.3800010681152
1966-07-01,-1.45716261863708,-1.38014245033264,0.255097419023514,8.3,8,14.6800003051758,0.150000005960464,34.576301574707,69.5999984741211,179.699996948242,231.300003051758,0,64301,32.4500007629395
1966-08-01,-1.25020468235016,-1.15548098087311,0.704236090183258,0.3,5,12.9700002670288,0.150000005960464,34.603199005127,72.3000030517578,179.100006103516,231.800003051758,0,64507,32.6500015258789
1966-09-01,-1.3459095954895,-1.47525906562805,2.47549438476562,-0.4,1,15.0600004196167,0.150000005960464,34.9258995056152,75.0999984741211,180.5,233.5,0,64643,32.75
1966-10-01,-1.368821144104,-1.32578837871552,12.188196182251,-9.4,5,15.9399995803833,0.150000005960464,35.1678009033203,73.4000015258789,180,234.899993896484,0,64854,32.8499984741211
1966-11-01,-1.31912481784821,-1.42423319816589,4.71764039993286,-4.1,5,16.4500007629395,0.140000000596046,34.9258003234863,72.3000030517578,180.699996948242,237.100006103516,0,65019,32.8800010681152
1966-12-01,-1.1792961359024,-1.29368424415588,2.62897348403931,2.3,3,15.6999998092651,0.140000000596046,35.0065002441406,72.1999969482422,180.5,239.100006103516,0,65199,32.9199981689453
1967-01-01,-1.11528027057648,-1.16731107234955,1.74548745155334,44.7,2,13.6000003814697,0.129999995231628,35.1716003417969,72.5,181.5,240.300003051758,0,65407,32.9000015258789
1967-02-01,-1.09523928165436,-0.983046770095825,-0.488914042711258,7.9,4,14.9700002670288,0.129999995231628,34.7727012634277,69.9000015258789,182.699996948242,240.399993896484,0,65429,33
1967-03-01,-1.22685265541077,-1.0809041261673,-1.64958250522614,22.6,4,16.8899993896484,0.119999997317791,34.5766983032227,71,182.899993896484,241.899993896484,0,65530,33
1967-04-01,-1.10740387439728,-1.02630627155304,-5.18729686737061,8,12,18.2399997711182,0.119999997317791,34.9028015136719,74.3000030517578,183.600006103516,243.399993896484,0,65466,33.0999984741211
1967-05-01,-1.14302814006805,-1.02719843387604,-8.65314865112305,20.7,8,16.8999996185303,0.119999997317791,34.5983009338379,74,183.600006103516,244.699996948242,0,65620,33.0999984741211
1967-06-01,-1.02043223381042,-0.995193004608154,-13.5587577819824,43.3,5,16.1100006103516,0.0900000035762787,34.5940017700195,75.1999969482422,184.899993896484,246.699996948242,0,65750,33.2999992370605
1967-07-01,-0.988776504993439,-0.896923303604126,-15.6361808776855,35.1,7,14.6499996185303,0.0900000035762787,34.5152015686035,74.4000015258789,183.699996948242,248.600006103516,0,65888,33.4000015258789
1967-08-01,-0.961319148540497,-0.933768928050995,-16.9369029998779,53.8,12,13.3199996948242,0.0900000035762787,35.1764984130859,73.5999984741211,185.800003051758,250.399993896484,0,66143,33.5
1967-09-01,-0.890340268611908,-0.750553965568542,-18.7895736694336,36.7,9,11.8800001144409,0.100000001490116,35.1194000244141,76,187.800003051758,251.699996948242,0,66164,33.5999984741211
1967-10-01,-1.05733942985535,-0.874776184558868,-23.6181297302246,27.6,12,10.25,0.109999999403954,35.4053993225098,74.0999984741211,185.100006103516,252.899993896484,0,66225,33.7000007629395
1967-11-01,-0.682140529155731,-0.517513513565063,-21.9972515106201,47.7,14,7.32000017166138,0.109999999403954,35.9118003845215,75.0999984741211,187.800003051758,254.5,0,66703,33.9000015258789
1967-12-01,-0.346648067235947,-0.237682312726974,-27.6386528015137,103.8,11,2.09999990463257,0.109999999403954,36.2985000610352,77.6999969482422,190.699996948242,256.799987792969,0,66900,34
1968-01-01,-0.206346556544304,-0.112041175365448,-23.1355113983154,63.9,15,0.939999997615814,0.119999997317791,36.2594985961914,79.6999969482422,191.300003051758,259.899993896484,0,66804,34.0999984741211
1968-02-01,0.0394926182925701,0.148046925663948,-14.5311880111694,32.1,14,-3.10999989509583,0.129999995231628,36.3894004821777,79.5,193,261.200012207031,0,67215,34.2000007629395
1968-03-01,-0.0462595038115978,-0.0396622531116009,-14.9689016342163,39.4,21,-0.280000001192093,0.140000000596046,36.5029983520508,83.4000015258789,196.399993896484,264.600006103516,0,67295,34.2999992370605
1968-04-01,-0.127334162592888,-0.130761712789536,-23.3950786590576,56,18,2.19000005722046,0.150000005960464,36.5558013916016,81.4000015258789,195.800003051758,266.799987792969,0,67556,34.4000015258789
1968-05-01,0.14212828874588,-0.0766389220952988,-28.556697845459,96,28,0.419999986886978,0.150000005960464,36.9659004211426,84,197.300003051758,268.5,0,67652,34.5
1968-06-01,0.312081843614578,0.0291031301021576,-27.2990531921387,75.6,23,0.639999985694885,0.150000005960464,37.1016998291016,83.8000030517578,200.300003051758,272.200012207031,0,67905,34.7000007629395
1968-07-01,0.53502756357193,0.29804852604866,-26.2938079833984,60.6,30,-0.740000009536743,0.159999996423721,37.0447998046875,86.9000015258789,202.600006103516,273.700012207031,0,68126,34.9000015258789
1968-08-01,0.655945718288422,0.566508531570435,-26.7624340057373,45.6,24,1.54999995231628,0.180000007152557,37.1482009887695,87.5999984741211,203.699996948242,275.600006103516,0,68330,35
1968-09-01,0.838774621486664,0.747474074363708,-29.1235504150391,67.6,29,0.310000002384186,0.189999997615814,37.2888984680176,88.0999984741211,202.199996948242,277.899993896484,0,68484,35.0999984741211
1968-10-01,1.28421235084534,1.21747279167175,-26.3760776519775,36.6,53,-4.07000017166138,0.189999997615814,37.3628997802734,88.0999984741211,203.5,280,0,68721,35.2999992370605
1968-11-01,1.3556991815567,1.23618412017822,-28.3921909332275,53.4,52,-3.24000000953674,0.200000002980232,37.8461990356445,87.5,207,282.299987792969,0,68984,35.4000015258789
1968-12-01,2.12777066230774,2.06613230705261,-33.5426635742188,43.5,61,-10.9099998474121,0.209999993443489,37.9656982421875,87.9000015258789,204.5,284.200012207031,0,69248,35.5999984741211
1969-01-01,2.06393980979919,2.00295281410217,-30.9929733276367,37,68,-9.42000007629395,0.209999993443489,38.1954002380371,90.0999984741211,207.300003051758,286.100006103516,0,69439,35.7000007629395
1969-02-01,1.90874433517456,1.75908124446869,-22.8677215576172,20.4,54,-9.90999984741211,0.230000004172325,38.4398002624512,90.8000030517578,209.300003051758,288.600006103516,0,69699,35.7999992370605
1969-03-01,1.96514415740967,1.91505980491638,-22.5495014190674,12,88,-8.90999984741211,0.239999994635582,38.7411994934082,89.0999984741211,209.899993896484,289.799987792969,0,69905,36.0999984741211
1969-04-01,2.33729457855225,2.38656997680664,-20.6043815612793,23.1,76,-8.1899995803833,0.25,38.5987014770508,90.4000015258789,210.800003051758,292.700012207031,0,70072,36.2999992370605
1969-05-01,2.69745516777039,2.75732660293579,-19.8587608337402,22.8,72,-7.19999980926514,0.270000010728836,38.4528007507324,90.5,213.600006103516,296.299987792969,0,70328,36.4000015258789
1969-06-01,2.75388073921204,2.90464186668396,-16.2665252685547,-2.5,78,-6.34000015258789,0.280000001192093,38.828498840332,90.5,212.300003051758,298.100006103516,0,70636,36.5999984741211
1969-07-01,2.73218178749084,2.77780270576477,-14.1961069107056,-11.9,34,-5.82999992370605,0.28999999165535,39.0334014892578,88.5999984741211,214.600006103516,299.5,0,70729,36.7999992370605
1969-08-01,2.61123275756836,2.55691123008728,-15.8115282058716,13.5,33,-3.3199999332428,0.28999999165535,39.1231002807617,90.6999969482422,217.300003051758,301.899993896484,0,71008,36.9000015258789
1969-09-01,2.97564291954041,3.01933407783508,-15.8531160354614,5.7,54,-8.15999984741211,0.28999999165535,39.1142997741699,92.5999984741211,216,304.600006103516,0,70914,37.0999984741211
1969-10-01,2.81484079360962,2.74491858482361,-14.9064407348633,13.8,85,-6.80999994277954,0.300000011920929,39.1258010864258,91.4000015258789,219.199996948242,307.899993896484,0,71121,37.2999992370605
1969-11-01,2.8660044670105,2.89696836471558,-12.8776178359985,21.1,68,-6.30000019073486,0.310000002384186,38.7569999694824,90.6999969482422,219.300003051758,310.5,0,71086,37.5
1969-12-01,3.00364327430725,3.01999998092651,-11.4771642684937,-4.7,71,-7.57999992370605,0.310000002384186,38.6529998779297,90.4000015258789,220.699996948242,311.600006103516,1,71241,37.7000007629395
1970-01-01,2.78447890281677,2.50423192977905,-9.6689395904541,8.3,76,-5.59000015258789,0.310000002384186,37.937198638916,89.3000030517578,224.5,314.899993896484,1,71176,37.9000015258789
1970-02-01,2.40699887275696,2.13288950920105,-6.45137500762939,2.7,38,-4.23999977111816,0.300000011920929,37.9122009277344,91,224,319,1,71305,38.0999984741211
1970-03-01,2.39816784858704,2.28454995155334,-2.619708776474,-2.5,38,-8.09000015258789,0.300000011920929,37.8629989624023,88.5,225,318.799987792969,1,71451,38.2999992370605
1970-04-01,2.27182650566101,2.06258201599121,5.87751197814941,-10.7,34,-9.10000038146973,0.28999999165535,37.7655982971191,90,224.699996948242,321.399993896484,1,71348,38.5
1970-05-01,1.99163138866425,1.77777945995331,8.27571964263916,-28.8,11,-7.44999980926514,0.270000010728836,37.7215995788574,91.1999969482422,227.199996948242,324.100006103516,1,71124,38.5999984741211
1970-06-01,1.5526270866394,1.32283699512482,9.84462738037109,6.4,26,-4.28000020980835,0.259999990463257,37.5996017456055,91.9000015258789,227.800003051758,326.600006103516,1,71029,38.7999992370605
1970-07-01,1.5215812921524,1.39189255237579,12.2909898757935,1.6,23,-6.63000011444092,0.259999990463257,37.6918983459473,91.4000015258789,228.300003051758,328.799987792969,1,71053,38.9000015258789
1970-08-01,1.2995822429657,1.12970900535583,11.7100687026978,-11,17,-2.09999990463257,0.25,37.624698638916,92.3000030517578,229.100006103516,331.399993896484,1,70937,39
1970-09-01,1.21721982955933,1.02787744998932,5.14517879486084,3,20,-2.75999999046326,0.239999994635582,37.3653984069824,92.3000030517578,231.699996948242,335,1,70944,39.2000007629395
1970-10-01,0.907626628875732,0.78142923116684,9.60807800292969,0.3,23,0.699999988079071,0.239999994635582,36.6179008483887,89.6999969482422,232.5,336.100006103516,1,70521,39.4000015258789
1970-11-01,0.668162286281586,0.539502739906311,12.5000658035278,9.7,30,2.48000001907349,0.230000004172325,36.3960990905762,85.1999969482422,233.5,337.899993896484,1,70409,39.5999984741211
1970-12-01,0.577211201190948,0.419056206941605,13.8414583206177,0.8,22,0.349999994039536,0.219999998807907,37.2319984436035,87.0999984741211,237.399993896484,341.100006103516,0,70792,39.7999992370605
1971-01-01,0.413929522037506,0.500104248523712,10.7983913421631,24.2,17,0.0299999993294477,0.219999998807907,37.5183982849121,97.4000015258789,236.300003051758,342.399993896484,0,70865,39.9000015258789
1971-02-01,0.148771047592163,0.2039964646101,10.0078620910645,35.8,19,2.76999998092651,0.219999998807907,37.4468994140625,97.1999969482422,236.5,345.700012207031,0,70807,39.9000015258789
1971-03-01,-0.0259409788995981,-0.0717629790306091,6.52435779571533,9.3,32,3.53999996185303,0.209999993443489,37.4062995910645,99.5999984741211,234.600006103516,347.799987792969,0,70860,40
1971-04-01,-0.446948349475861,-0.517084062099457,9.88697147369385,37.1,32,6.40999984741211,0.219999998807907,37.6164016723633,100.300003051758,238.100006103516,350.399993896484,0,71036,40.0999984741211
1971-05-01,-0.672930240631104,-0.705773532390594,9.50070381164551,16.3,29,9.27999973297119,0.230000004172325,37.807300567627,99.5999984741211,237.800003051758,353.700012207031,0,71247,40.2999992370605
1971-06-01,-0.800790190696716,-0.916177868843079,10.2795381546021,21,30,11.7299995422363,0.239999994635582,37.9658012390137,103,240.600006103516,356.100006103516,0,71254,40.5
1971-07-01,-0.760981142520905,-0.88477748632431,12.5402040481567,-2.9,32,10.4499998092651,0.270000010728836,37.855598449707,101.099998474121,239.100006103516,358.700012207031,0,71315,40.5999984741211
1971-08-01,-0.86877852678299,-0.952366948127747,11.3605890274048,41.7,31,13.0100002288818,0.270000010728836,37.6358985900879,102.199996948242,240.300003051758,362.299987792969,0,71373,40.7000007629395
1971-09-01,-0.723320782184601,-0.868505835533142,11.9482593536377,8.9,37,14.2799997329712,0.280000001192093,38.2476005554199,107,241.800003051758,364.200012207031,0,71614,40.7999992370605
1971-10-01,-0.794762909412384,-1.04641830921173,13.6949491500854,12.7,35,12.75,0.28999999165535,38.5339012145996,107.199996948242,241.199996948242,367.399993896484,0,71642,40.9000015258789
1971-11-01,-0.915248572826385,-1.16977500915527,15.3757524490356,19.4,49,12.9899997711182,0.28999999165535,38.6973991394043,107.300003051758,244,369.700012207031,0,71847,41
1971-12-01,-0.91555243730545,-1.15489947795868,13.6417751312256,24.3,48,13.3500003814697,0.28999999165535,39.144100189209,107.400001525879,245.600006103516,375.399993896484,0,72109,41.0999984741211
1972-01-01,-0.715106308460236,-1.06503665447235,9.59408950805664,17.8,39,11.25,0.28999999165535,40.0822982788086,110.5,243.199996948242,377.700012207031,0,72441,41.2000007629395
1972-02-01,-0.819116234779358,-1.11845397949219,9.90118312835693,27.8,38,15.4700002670288,0.300000011920929,40.4850006103516,109.300003051758,246.600006103516,380.299987792969,0,72648,41.4000015258789
1972-03-01,-0.690666139125824,-1.15483844280243,10.8316793441772,22.1,66,16.4899997711182,0.310000002384186,40.771800994873,112.300003051758,251.300003051758,385.600006103516,0,72944,41.4000015258789
1972-04-01,-0.687255442142487,-1.11114752292633,14.1453514099121,19.7,66,17.7800006866455,0.300000011920929,41.1758995056152,112.900001525879,252.199996948242,387.5,0,73162,41.5
1972-05-01,-0.715074300765991,-1.07881939411163,15.790825843811,5.8,49,20.1900005340576,0.310000002384186,41.17919921875,114.5,255.399993896484,388.100006103516,0,73469,41.5999984741211
1972-06-01,-0.606564819812775,-0.985317230224609,16.2080249786377,10.3,66,19.1599998474121,0.319999992847443,41.2863998413086,114.800003051758,255.300003051758,391.399993896484,0,73758,41.7000007629395
1972-07-01,-0.663429856300354,-1.07031977176666,19.0566711425781,0.9,32,18.3199996948242,0.28999999165535,41.247501373291,116.599998474121,258,395.299987792969,0,73709,41.7999992370605
1972-08-01,-0.599241256713867,-1.03617680072784,20.57350730896,20,51,20.0100002288818,0.28999999165535,41.8172988891602,118.300003051758,259.600006103516,398.5,0,74141,41.9000015258789
1972-09-01,-0.531492173671722,-0.961573243141174,21.8695278167725,10.9,32,18.2000007629395,0.300000011920929,42.1375007629395,117.900001525879,262.700012207031,400.600006103516,0,74264,42.0999984741211
1972-10-01,-0.587759375572205,-1.05725276470184,22.871114730835,-1.9,43,18.8899993896484,0.300000011920929,42.6805992126465,122,267.700012207031,405.200012207031,0,74674,42.2000007629395
1972-11-01,-0.536595463752747,-1.13004922866821,23.8945083618164,8.2,40,17.1000003814697,0.310000002384186,43.1837997436523,123.400001525879,267.899993896484,409.200012207031,0,74973,42.4000015258789
1972-12-01,-0.411301881074905,-0.928701281547546,20.6078453063965,-1.4,40,16.0100002288818,0.310000002384186,43.6689987182617,124.800003051758,268.600006103516,412.700012207031,0,75268,42.5
1973-01-01,-0.464453428983688,-0.738725662231445,22.9461669921875,0.1,31,19.2399997711182,0.319999992847443,43.9874000549316,129.300003051758,272.5,414.700012207031,0,75617,42.7000007629395
1973-02-01,-0.250635921955109,-0.516974031925201,25.5615997314453,-0.8,21,14.3199996948242,0.340000003576279,44.627498626709,131.899993896484,276.200012207031,417.700012207031,0,76014,43
1973-03-01,-0.273490250110626,-0.423570394515991,26.6518135070801,-4.8,9,13.3000001907349,0.349999994039536,44.6439018249512,134.300003051758,277.600006103516,420.799987792969,0,76284,43.4000015258789
1973-04-01,-0.394162058830261,-0.480776607990265,27.4422454833984,9.7,8,11.9399995803833,0.360000014305115,44.5778999328613,132.5,279.399993896484,423.899993896484,0,76455,43.7000007629395
1973-05-01,-0.637410700321198,-0.858213067054749,30.1012649536133,-5.1,8,14.5200004577637,0.360000014305115,44.8726005554199,133.300003051758,280.700012207031,427.600006103516,0,76648,43.9000015258789
1973-06-01,-0.838048100471497,-0.950107872486115,32.1896820068359,-5,2,16.0599994659424,0.340000003576279,44.9268989562988,128.100006103516,284.100006103516,432.100006103516,0,76887,44.2000007629395
1973-07-01,-0.961568653583527,-1.15581345558167,28.6347770690918,-2.9,1,16.2600002288818,0.340000003576279,45.092098236084,130.100006103516,289.899993896484,434.100006103516,0,76913,44.2000007629395
1973-08-01,-1.12066435813904,-1.12782227993011,27.5650768280029,2.7,6,17.0400009155273,0.340000003576279,45.0304985046387,128.600006103516,287.5,437.200012207031,0,77168,45
1973-09-01,-1.20496225357056,-1.21233427524567,26.0375900268555,18.9,5,17.2900009155273,0.330000013113022,45.3912010192871,133.699996948242,292.299987792969,443.200012207031,0,77276,45.2000007629395
1973-10-01,-1.35719263553619,-1.30256164073944,25.5982875823975,-10.3,9,18.3799991607666,0.319999992847443,45.7541999816895,129.300003051758,293.399993896484,445.5,0,77607,45.5999984741211
1973-11-01,-1.61175870895386,-1.60757946968079,27.8881664276123,1.7,5,21.9599990844727,0.330000013113022,45.9606018066406,129.100006103516,299.100006103516,448.700012207031,1,77920,45.9000015258789
1973-12-01,-1.35414397716522,-1.6062136888504,28.3153076171875,,0,16.4799995422363,0.330000013113022,45.8320999145508,126.300003051758,300.600006103516,449.799987792969,1,78031,46.2999992370605
1974-01-01,-1.23869681358337,-1.49136531352997,25.3740062713623,,0,11,0.300000011920929,45.5297012329102,126.699996948242,305,452.799987792969,1,78100,46.7999992370605
1974-02-01,-1.46961402893066,-1.70625746250153,24.887752532959,6.2,5,13.0799999237061,0.28999999165535,45.3982009887695,124.800003051758,309.299987792969,455.600006103516,1,78254,47.2999992370605
1974-03-01,-1.48229777812958,-1.72088348865509,24.6777114868164,-12.5,2,11.3000001907349,0.259999990463257,45.3907012939453,128.5,312.299987792969,460.700012207031,1,78296,47.7999992370605
1974-04-01,-1.75874173641205,-2.03440999984741,20.3976593017578,,0,15.6700000762939,0.259999990463257,45.2529983520508,129,315.200012207031,466.5,1,78382,48.0999984741211
1974-05-01,-1.85082745552063,-2.03971982002258,20.3779602050781,,0,15.3999996185303,0.230000004172325,45.6184997558594,132,318.600006103516,471.899993896484,1,78549,48.5999984741211
1974-06-01,-1.87994909286499,-1.99956655502319,22.5082817077637,0,2,14.3599996566772,0.230000004172325,45.535400390625,130.800003051758,320.200012207031,477,1,78604,49
1974-07-01,-1.90455412864685,-1.9991854429245,20.540771484375,,0,17,0.219999998807907,45.6195983886719,133.399993896484,324.399993896484,480.200012207031,1,78636,49.2999992370605
1974-08-01,-2.12591862678528,-2.29884815216064,17.9180927276611,,0,20.6299991607666,0.209999993443489,45.1411018371582,140.899993896484,328.700012207031,485.200012207031,1,78619,49.9000015258789
1974-09-01,-1.85479962825775,-1.93392586708069,15.3026065826416,,0,15.25,0.209999993443489,45.1474990844727,134.699996948242,329.899993896484,490.5,1,78610,50.5999984741211
1974-10-01,-2.18428349494934,-2.18275165557861,19.979923248291,,0,22.1900005340576,0.200000002980232,45.0063018798828,131,331.5,496.700012207031,1,78630,51
1974-11-01,-2.40659618377686,-2.298508644104,18.3186359405518,,0,24.2399997711182,0.170000001788139,43.5222015380859,125.400001525879,331.5,499.299987792969,1,78265,51.5
1974-12-01,-2.0580141544342,-1.95985412597656,19.2648582458496,,0,16.6599998474121,0.159999996423721,41.9571990966797,125,329.700012207031,507.100006103516,1,77652,51.9000015258789
1975-01-01,-1.86284351348877,-1.78757214546204,19.0385894775391,-1.4,1,14.25,0.159999996423721,41.3765983581543,129.5,334.399993896484,511.600006103516,1,77293,52.2999992370605
1975-02-01,-2.0489239692688,-2.04357314109802,20.1860675811768,5,1,18.5900001525879,0.150000005960464,40.4317016601562,134.800003051758,336.100006103516,518.5,1,76918,52.5999984741211
1975-03-01,-2.07655096054077,-2.05083394050598,19.9012279510498,,0,19.4400005340576,0.150000005960464,39.9919013977051,131,338.100006103516,521.400024414062,1,76648,52.7999992370605
1975-04-01,-2.0864782333374,-2.02129006385803,15.4865493774414,,0,21.4500007629395,0.150000005960464,40.0660018920898,132,336.200012207031,526.799987792969,0,76460,53
1975-05-01,-2.09810829162598,-1.79882597923279,15.8730173110962,,0,22.4099998474121,0.170000001788139,39.9520988464355,138.100006103516,348.799987792969,532,0,76624,53.0999984741211
1975-06-01,-2.10617661476135,-1.88862442970276,15.4330539703369,-0.8,2,21.4599990844727,0.170000001788139,40.2048988342285,140,349.5,537.299987792969,0,76521,53.5
1975-07-01,-1.94369161128998,-1.71393513679504,14.1064434051514,9.1,1,19.25,0.170000001788139,40.6186981201172,145,353.600006103516,541.200012207031,0,76770,54
1975-08-01,-1.95851624011993,-1.89934420585632,14.6144428253174,-4.1,1,21.0799999237061,0.180000007152557,41.0204010009766,145.399993896484,357.399993896484,544.099975585938,0,77153,54.2000007629395
1975-09-01,-1.98368918895721,-1.87736630439758,13.8774318695068,-7.1,3,21.4699993133545,0.180000007152557,41.5526008605957,149.899993896484,356.799987792969,548.099975585938,0,77228,54.5999984741211
1975-10-01,-1.88591778278351,-1.82710564136505,16.1039524078369,-0.1,3,18.8199996948242,0.189999997615814,41.7303009033203,148,355.700012207031,557.099975585938,0,77540,54.9000015258789
1975-11-01,-1.95465934276581,-2.04390048980713,16.8637580871582,0,1,21.2299995422363,0.200000002980232,41.788200378418,153.199996948242,360.399993896484,562.099975585938,0,77685,55.2999992370605
1975-12-01,-1.99373281002045,-2.24103379249573,16.5293560028076,-8.8,1,21.5300006866455,0.200000002980232,42.3526992797852,158.899993896484,362.899993896484,570.299987792969,0,78017,55.5999984741211
1976-01-01,-1.83221793174744,-2.16885328292847,16.784273147583,5.1,6,18.4099998474121,0.209999993443489,42.9179000854492,161.199996948242,369.299987792969,576.700012207031,0,78503,55.7999992370605
1976-02-01,-1.90531587600708,-2.32497882843018,14.0333652496338,25,1,17.6299991607666,0.219999998807907,43.3469009399414,164.199996948242,366,577.5,0,78816,55.9000015258789
1976-03-01,-1.89598214626312,-2.31114935874939,14.3645429611206,12.9,2,19.8600006103516,0.239999994635582,43.4396018981934,164.5,367,583.299987792969,0,79048,56
1976-04-01,-1.8683750629425,-2.25599813461304,14.2487173080444,,0,21.7399997711182,0.230000004172325,43.6562004089355,167.600006103516,371.299987792969,586.5,0,79292,56.0999984741211
1976-05-01,-1.90276598930359,-2.2702169418335,15.1019802093506,-4.1,4,22.3500003814697,0.230000004172325,43.8419990539551,162.199996948242,370.399993896484,590.099975585938,0,79312,56.4000015258789
1976-06-01,-1.8490823507309,-2.25056052207947,15.6734657287598,1.6,4,21.3500003814697,0.230000004172325,43.8891983032227,167.899993896484,377.600006103516,595,0,79376,56.7000007629395
1976-07-01,-1.77274096012115,-2.20343399047852,15.7953424453735,9.4,4,21.4699993133545,0.239999994635582,44.1328010559082,169.699996948242,377.899993896484,602,0,79547,57
1976-08-01,-1.86276066303253,-2.19202828407288,16.9875602722168,-0.9,2,22.6399993896484,0.239999994635582,44.4373016357422,168.699996948242,381,608.299987792969,0,79704,57.2999992370605
1976-09-01,-1.87976968288422,-2.31266236305237,17.9970722198486,-1.6,6,22.0599994659424,0.219999998807907,44.5848007202148,171.199996948242,382.899993896484,614.700012207031,0,79892,57.5999984741211
1976-10-01,-1.88083112239838,-2.29278445243835,18.9818229675293,-6.2,1,20.7700004577637,0.209999993443489,44.5707015991211,170.899993896484,387.299987792969,618.5,0,79911,57.9000015258789
1976-11-01,-1.96561324596405,-2.52535772323608,17.7595386505127,-4.3,1,22.1599998474121,0.209999993443489,45.2542991638184,173.199996948242,388.200012207031,627.5,0,80240,58.0999984741211
1976-12-01,-1.8447961807251,-2.42239594459534,18.4021015167236,2.1,4,19.6399993896484,0.209999993443489,45.7421989440918,182.199996948242,393.200012207031,636,0,80448,58.4000015258789
1977-01-01,-1.71228170394897,-2.09980249404907,16.4325542449951,-0.7,4,17.4500007629395,0.200000002980232,45.4292984008789,177.800003051758,394.5,642.700012207031,0,80690,58.7000007629395
1977-02-01,-1.59504437446594,-1.92079675197601,16.5835704803467,32.8,2,17.1900005340576,0.209999993443489,46.1459007263184,184.100006103516,397.700012207031,649.5,0,80988,59.2999992370605
1977-03-01,-1.49376940727234,-1.81969547271729,16.3003349304199,32.8,3,15.2399997711182,0.200000002980232,46.7313995361328,189.899993896484,397.100006103516,651.299987792969,0,81391,59.5999984741211
1977-04-01,-1.49217975139618,-1.84624326229095,13.6598281860352,90.7,5,15.4099998474121,0.200000002980232,47.1879997253418,188.899993896484,402.100006103516,656.400024414062,0,81728,60
1977-05-01,-1.68375945091248,-1.87353646755219,12.5943756103516,-1.4,1,18.4099998474121,0.200000002980232,47.5519981384277,188.600006103516,404.600006103516,663.900024414062,0,82088,60.2000007629395
1977-06-01,-1.66183757781982,-1.89333593845367,11.5677242279053,-2.9,5,17.7199993133545,0.200000002980232,47.9155006408691,190.199996948242,404.399993896484,668.900024414062,0,82488,60.5
1977-07-01,-1.6308376789093,-1.80333888530731,11.6197509765625,11.3,3,17.1900005340576,0.189999997615814,47.9772987365723,191.699996948242,409.799987792969,678.900024414062,0,82834,60.7999992370605
1977-08-01,-1.65684974193573,-1.76047384738922,10.8539752960205,17.5,2,17.0400009155273,0.189999997615814,48.0265998840332,194.199996948242,409,682.5,0,83075,61.0999984741211
1977-09-01,-1.65552568435669,-1.744988322258,10.6568841934204,8.8,1,16.4599990844727,0.200000002980232,48.2178993225098,196.100006103516,410.899993896484,687.599975585938,0,83532,61.2999992370605
1977-10-01,-1.63492631912231,-1.8183262348175,10.6018238067627,11.5,4,15.5200004577637,0.200000002980232,48.2949981689453,197.100006103516,418.799987792969,695.5,0,83800,61.5999984741211
1977-11-01,-1.58375310897827,-1.60125696659088,9.14394283294678,12.1,2,15.2399997711182,0.209999993443489,48.3823013305664,200.800003051758,426.5,699.700012207031,0,84173,62
1977-12-01,-1.55159592628479,-1.5348973274231,8.00164604187012,8.2,3,14.3999996185303,0.219999998807907,48.4678993225098,204.199996948242,425.600006103516,706.299987792969,0,84410,62.2999992370605
1978-01-01,-1.56756341457367,-1.4502409696579,6.43858528137207,45,3,15.4899997711182,0.219999998807907,47.7603988647461,191.199996948242,424.200012207031,714,0,84594,62.7000007629395
1978-02-01,-1.54754960536957,-1.48324644565582,4.87849283218384,-12.5,2,15.4799995422363,0.219999998807907,48.027099609375,198.5,431.200012207031,725.400024414062,0,84948,63
1978-03-01,-1.44286215305328,-1.48744630813599,3.47511291503906,-15,2,14.2799997329712,0.219999998807907,48.9458999633789,204.699996948242,437.799987792969,735,0,85460,63.4000015258789
1978-04-01,-1.25507712364197,-1.26535546779633,1.13605380058289,58.1,6,16.4799995422363,0.209999993443489,49.9197998046875,213.5,438.799987792969,744.099975585938,0,86162,63.9000015258789
1978-05-01,-1.33115386962891,-1.36401414871216,-0.609500885009766,80,2,19.4799995422363,0.209999993443489,50.1601982116699,217,445.700012207031,749.299987792969,0,86509,64.5
1978-06-01,-1.35295808315277,-1.3178551197052,-2.48603010177612,68.5,4,20.1900005340576,0.219999998807907,50.4826011657715,218.100006103516,449.899993896484,757.799987792969,0,86950,65
1978-07-01,-1.45642411708832,-1.33847093582153,-2.89046907424927,23.8,3,22.3799991607666,0.209999993443489,50.4463996887207,215.300003051758,450.700012207031,760.799987792969,0,87204,65.5
1978-08-01,-1.42806422710419,-1.43324565887451,-4.70536851882935,20,4,22.8400001525879,0.219999998807907,50.6530990600586,221.800003051758,454.299987792969,770.799987792969,0,87483,65.9000015258789
1978-09-01,-1.35455048084259,-1.31918799877167,-4.11568450927734,34.8,6,23.0100002288818,0.219999998807907,50.7723999023438,213.100006103516,461.799987792969,777.900024414062,0,87621,66.5
1978-10-01,-1.32382726669312,-1.28007626533508,1.93719327449799,4.4,5,22.3999996185303,0.230000004172325,51.1649017333984,220.300003051758,461.899993896484,784.700012207031,0,87956,67.0999984741211
1978-11-01,-1.31149911880493,-1.33941805362701,-0.0290398728102446,-0.4,5,22.9300003051758,0.209999993443489,51.5582008361816,222.300003051758,469.5,788.799987792969,0,88391,67.5
1978-12-01,-1.27408182621002,-1.26335263252258,-0.278218448162079,-2.7,8,23.5300006866455,0.219999998807907,51.815299987793,224.199996948242,476.799987792969,795.5,0,88671,67.9000015258789
1979-01-01,-1.10212671756744,-1.06274676322937,-1.33078825473785,7.6,6,22.9599990844727,0.219999998807907,51.5359001159668,220.5,478.899993896484,802.900024414062,0,88808,68.5
1979-02-01,-1.14864337444305,-1.0585949420929,-2.29785513877869,2.5,3,23.7099990844727,0.219999998807907,51.7994003295898,224,484.299987792969,809.5,0,89055,69.1999969482422
1979-03-01,-1.19889581203461,-0.986845672130585,-5.2759575843811,11.3,6,24.3099994659424,0.219999998807907,51.9543991088867,225.300003051758,490.5,815.400024414062,0,89479,69.9000015258789
1979-04-01,-1.16527152061462,-0.930198907852173,-7.41400527954102,25.6,5,23.3099994659424,0.219999998807907,51.3339996337891,222.699996948242,489.100006103516,826.700012207031,0,89417,70.5999984741211
1979-05-01,-1.08489537239075,-0.909171462059021,-7.91880416870117,64.6,8,24.4899997711182,0.209999993443489,51.7921981811523,224.399993896484,499.399993896484,835,0,89789,71.4000015258789
1979-06-01,-0.885385274887085,-0.655247926712036,-8.9281063079834,50.6,9,25.2800006866455,0.189999997615814,51.7961006164551,219.300003051758,511.700012207031,844.700012207031,0,90108,72.1999969482422
1979-07-01,-0.734756886959076,-0.493350327014923,-8.93138313293457,22.3,5,22.9899997711182,0.200000002980232,51.7123985290527,226,511.299987792969,848.799987792969,0,90217,73
1979-08-01,-0.648858487606049,-0.40854200720787,-9.63990116119385,0.9,5,22.1599998474121,0.209999993443489,51.3765983581543,231.300003051758,524.200012207031,860,0,90300,73.6999969482422
1979-09-01,-0.616154372692108,-0.307912141084671,-9.61844921112061,24.7,4,21.5499992370605,0.209999993443489,51.3740997314453,235.399993896484,531.5,867,0,90327,74.4000015258789
1979-10-01,-0.906314611434937,-0.605824887752533,-9.18674182891846,4.6,11,23.7199993133545,0.209999993443489,51.7267990112305,228.300003051758,533.799987792969,879.599975585938,0,90481,75.1999969482422
1979-11-01,-0.85447496175766,-0.49943807721138,-11.110372543335,28,6,22.6399993896484,0.209999993443489,51.6422004699707,229,541.099975585938,887.200012207031,0,90573,76
1979-12-01,-0.785311818122864,-0.371804505586624,-13.7604293823242,27.4,13,19.9300003051758,0.219999998807907,51.6763000488281,229.899993896484,543.299987792969,893.099975585938,0,90672,76.9000015258789
1980-01-01,-0.856649339199066,-0.665247082710266,-15.5298624038696,73.5,14,20.9200000762939,0.219999998807907,51.9544982910156,239.600006103516,554.200012207031,903.5,1,90800,78
1980-02-01,-0.847103357315063,-0.897198677062988,-16.5373668670654,119.1,8,21.6299991607666,0.230000004172325,51.9779014587402,232.899993896484,560.200012207031,908.299987792969,1,90883,79
1980-03-01,-0.662708401679993,-0.688004732131958,-13.3897104263306,28.5,9,19.8799991607666,0.25,51.7565002441406,223.600006103516,565.400024414062,919.099975585938,1,90994,80.0999984741211
1980-04-01,-0.702285289764404,-0.580989062786102,-12.1506967544556,39,9,20.5400009155273,0.25,50.7369003295898,212.399993896484,565.200012207031,917.700012207031,1,90849,80.9000015258789
1980-05-01,-0.456938356161118,-0.236274659633636,-12.5610828399658,21.6,13,17.5100002288818,0.25,49.4900016784668,208.5,566.400024414062,925.099975585938,1,90420,81.6999969482422
1980-06-01,-0.38781550526619,-0.170159071683884,-14.0918493270874,13.9,18,17.2199993133545,0.239999994635582,48.8504981994629,214.899993896484,566.099975585938,937.799987792969,1,90101,82.5
1980-07-01,-0.346062779426575,-0.313820689916611,-16.7831287384033,12.7,26,16.75,0.230000004172325,48.499698638916,226.699996948242,570.299987792969,950.099975585938,1,89840,82.5999984741211
1980-08-01,-0.414199471473694,-0.307662665843964,-19.3480319976807,51.7,24,18.5100002288818,0.230000004172325,48.6553993225098,224,579.400024414062,960.400024414062,0,90099,83.1999969482422
1980-09-01,-0.467021137475967,-0.190616354346275,-21.0876960754395,37.4,25,19.8799991607666,0.239999994635582,49.467700958252,225.399993896484,579.799987792969,975.200012207031,0,90213,83.9000015258789
1980-10-01,-0.447818785905838,-0.144245728850365,-22.3606414794922,74.5,34,19.5200004577637,0.259999990463257,50.0946998596191,236.300003051758,588,992.799987792969,0,90490,84.6999969482422
1980-11-01,-0.255411863327026,0.0458264052867889,-21.6200408935547,53.3,23,17.9099998474121,0.259999990463257,50.9310989379883,236.699996948242,588.700012207031,1001.40002441406,0,90747,85.5999984741211
1980-12-01,0.13402147591114,0.36996778845787,-22.708984375,69.1,35,13.5299997329712,0.280000001192093,51.2644004821777,235.699996948242,597,1019,0,90943,86.4000015258789
1981-01-01,0.199798732995987,0.403484731912613,-22.7311477661133,31.9,24,17.4500007629395,0.28999999165535,50.9453010559082,239.899993896484,609.799987792969,1020.40002441406,0,91033,87.1999969482422
1981-02-01,0.407990545034409,0.649812281131744,-22.4168434143066,50.5,32,17.9300003051758,0.28999999165535,50.7332000732422,247.300003051758,614.299987792969,1022.59997558594,0,91105,88
1981-03-01,0.531818926334381,0.767817258834839,-25.9308567047119,37.8,39,14.5699996948242,0.28999999165535,50.9921989440918,250.899993896484,618.099975585938,1034,0,91210,88.5999984741211
1981-04-01,0.471847027540207,0.606799066066742,-29.2921733856201,16.8,56,16.7399997711182,0.300000011920929,50.7779998779297,241.699996948242,621.5,1041.19995117188,0,91283,89.0999984741211
1981-05-01,0.372018486261368,0.390084505081177,-34.1506080627441,16.3,46,18.4699993133545,0.330000013113022,51.0666999816895,239.800003051758,620.599975585938,1053.40002441406,0,91296,89.6999969482422
1981-06-01,0.571689605712891,0.495433181524277,-29.6168212890625,13.4,62,14.6899995803833,0.370000004768372,51.3354988098145,241.399993896484,626.5,1066.59997558594,0,91490,90.5
1981-07-01,0.396939188241959,0.308032989501953,-28.5009098052979,15.6,42,19.0300006866455,0.389999985694885,51.6646003723145,245.199996948242,626.5,1070.40002441406,1,91601,91.5
1981-08-01,0.630346477031708,0.257327258586884,-26.2149925231934,3.6,37,18.0599994659424,0.409999996423721,51.6049003601074,260.399993896484,629.799987792969,1076.5,1,91565,92.1999969482422
1981-09-01,0.832487642765045,0.668027102947235,-24.0736255645752,2.2,20,14.9399995803833,0.409999996423721,51.3526992797852,250.199996948242,631.099975585938,1084.30004882812,1,91477,93.0999984741211
1981-10-01,0.867890417575836,0.700791418552399,-26.0063819885254,2.4,37,18.6000003814697,0.400000005960464,50.9580993652344,237.300003051758,633.400024414062,1093.19995117188,1,91380,93.4000015258789
1981-11-01,1.01971662044525,0.940168261528015,-22.8766803741455,5.9,27,15.4700002670288,0.379999995231628,50.3633995056152,237,633.700012207031,1100,1,91171,93.8000030517578
1981-12-01,1.25228428840637,1.23747134208679,-22.6588726043701,4.7,28,12.7399997711182,0.360000014305115,49.8180999755859,236.300003051758,640,1112.5,1,90895,94.0999984741211
1982-01-01,1.08155882358551,1.01049029827118,-22.9091014862061,6.2,15,14.8900003433228,0.370000004768372,48.7979011535645,241,637.299987792969,1118.80004882812,1,90565,94.4000015258789
1982-02-01,1.2102222442627,0.889556884765625,-21.6373748779297,2,14,10.8800001144409,0.379999995231628,49.7942008972168,249.300003051758,643.400024414062,1128.5,1,90563,94.6999969482422
1982-03-01,1.35315418243408,0.96985274553299,-20.7897281646729,0.2,13,8.89999961853027,0.370000004768372,49.4589996337891,249,638.900024414062,1136.19995117188,1,90434,94.6999969482422
1982-04-01,1.22459805011749,0.804012656211853,-22.1458072662354,21.6,18,10.8999996185303,0.389999985694885,49.0071983337402,244.899993896484,637.5,1144,1,90150,95
1982-05-01,1.29281568527222,0.963253974914551,-20.7176532745361,2.1,19,10.460000038147,0.379999995231628,48.6783981323242,256.799987792969,638.599975585938,1149.09997558594,1,90107,95.9000015258789
1982-06-01,1.21335542201996,1.01672768592834,-19.9349231719971,29.9,14,6.94000005722046,0.370000004768372,48.5528984069824,246,640,1162,1,89865,97
1982-07-01,1.04015672206879,0.85339742898941,-18.8986301422119,-0.9,14,8.94999980926514,0.370000004768372,48.3858985900879,247.800003051758,652.599975585938,1171.90002441406,1,89521,97.5
1982-08-01,0.832904636859894,0.505456984043121,-18.4749946594238,0.3,11,9.65999984741211,0.360000014305115,47.9495010375977,248.600006103516,647,1184.5,1,89363,97.6999969482422
1982-09-01,0.707639992237091,0.260466516017914,-17.8915748596191,7.1,16,10.1099996566772,0.349999994039536,47.8258018493652,260,649.599975585938,1195.09997558594,1,89183,97.6999969482422
1982-10-01,0.658482015132904,0.264693528413773,-22.1223583221436,22.2,22,9.28999996185303,0.340000003576279,47.3656005859375,254.100006103516,656.5,1215.19995117188,1,88907,98.0999984741211
1982-11-01,0.729392409324646,0.160778060555458,-26.598331451416,60.7,22,4.94000005722046,0.360000014305115,47.2148017883301,268.100006103516,655,1226.19995117188,1,88786,98
1982-12-01,0.763259887695312,0.225009709596634,-26.2566242218018,31.5,44,2.44000005722046,0.360000014305115,46.8796997070312,270.799987792969,658.799987792969,1232,0,88771,97.6999969482422
1983-01-01,0.590296804904938,0.308026880025864,-30.8019504547119,32.6,24,5.84999990463257,0.349999994039536,47.7490997314453,268.299987792969,655.099975585938,1250.59997558594,0,88990,97.9000015258789
1983-02-01,0.459286332130432,0.329902529716492,-31.6346626281738,22.1,41,7.36999988555908,0.360000014305115,47.4547996520996,266.799987792969,652.900024414062,1257.30004882812,0,88917,98
1983-03-01,0.275852382183075,0.0805732756853104,-31.3913879394531,32.8,60,11,0.379999995231628,47.8516006469727,271.600006103516,663.099975585938,1268.09997558594,0,89090,98.0999984741211
1983-04-01,0.378399550914764,0.111537329852581,-24.4170112609863,34,43,9.96000003814697,0.370000004768372,48.451099395752,281.700012207031,665.299987792969,1279.40002441406,0,89364,98.8000030517578
1983-05-01,0.316632330417633,-0.132410824298859,-28.4598770141602,44,68,11.1499996185303,0.370000004768372,48.7541999816895,288.799987792969,672.700012207031,1284.30004882812,0,89644,99.1999969482422
1983-06-01,0.401832431554794,-0.0803238749504089,-30.9738311767578,48.2,85,11,0.389999985694885,49.0495986938477,298.200012207031,681.099975585938,1296.69995117188,0,90021,99.4000015258789
1983-07-01,0.593085885047913,0.0809396207332611,-28.7472839355469,28.3,95,7.76999998092651,0.389999985694885,49.7773017883301,303.399993896484,686.299987792969,1314.69995117188,0,90437,99.8000030517578
1983-08-01,0.604592800140381,0.133656561374664,-26.4771423339844,12.5,104,10.0900001525879,0.409999996423721,50.3726997375488,301.200012207031,688.200012207031,1331.09997558594,0,90129,100.099998474121
1983-09-01,0.742074012756348,0.216777563095093,-25.9789752960205,12,84,8.98999977111816,0.419999986886978,51.0979995727539,302.600006103516,690.799987792969,1341.5,0,91247,100.400001525879
1983-10-01,1.31976902484894,0.758427262306213,-21.0911903381348,7.5,86,2.14000010490417,0.430000007152557,51.4992980957031,313.700012207031,693.799987792969,1350.09997558594,0,91520,100.800003051758
1983-11-01,1.59174203872681,1.05458056926727,-22.5452423095703,6.6,84,3.29999995231628,0.430000007152557,51.7270011901855,315.899993896484,696.5,1353.90002441406,0,91875,101.099998474121
1983-12-01,1.7788770198822,1.19997906684875,-22.0744075775146,2.5,109,2.9300000667572,0.430000007152557,51.9886016845703,328.299987792969,699.200012207031,1366.09997558594,0,92230,101.400001525879
1984-01-01,2.20777177810669,1.85564124584198,-20.1520938873291,12.6,67,-1.45000004768372,0.419999986886978,53.0175018310547,336.799987792969,710.5,1372,0,92673,102.099998474121
1984-02-01,2.35568451881409,2.11697387695312,-21.5561904907227,10.8,61,-3.27999997138977,0.400000005960464,53.2650985717773,328.700012207031,701.5,1373.30004882812,0,93157,102.599998474121
1984-03-01,2.2899432182312,2.04735732078552,-20.3848304748535,11.5,56,-1.08000004291534,0.379999995231628,53.5144996643066,328.799987792969,707.400024414062,1395.5,0,93429,102.900001525879
1984-04-01,1.97740721702576,1.68963980674744,-21.2319793701172,13.1,39,1.67999994754791,0.360000014305115,53.831901550293,336,716.599975585938,1404.90002441406,0,93792,103.300003051758
1984-05-01,2.24610328674316,2.01062536239624,-20.7119750976562,8.9,50,-0.230000004172325,0.360000014305115,54.1203994750977,341.700012207031,719.700012207031,1413.09997558594,0,94098,103.5
1984-06-01,2.24019455909729,1.89487266540527,-20.7131328582764,7.2,49,1.3400000333786,0.319999992847443,54.3133010864258,346.100006103516,730.900024414062,1418.59997558594,0,94479,103.699996948242
1984-07-01,2.13764691352844,1.92220795154572,-19.0872783660889,14.8,39,0.25,0.28999999165535,54.4644012451172,341.5,720.200012207031,1432.90002441406,0,94789,104.099998474121
1984-08-01,1.79467535018921,1.70851838588715,-19.734582901001,8.2,51,3.16000008583069,0.270000010728836,54.5299987792969,339.700012207031,721.900024414062,1450.59997558594,0,95032,104.400001525879
1984-09-01,1.75706076622009,1.77854835987091,-18.5407772064209,10.4,28,1,0.239999994635582,54.377498626709,345,731.700012207031,1457.19995117188,0,95344,104.699996948242
1984-10-01,1.40548884868622,1.40550100803375,-17.2392826080322,16.4,40,2.96000003814697,0.209999993443489,54.3527984619141,343,728.700012207031,1459.5,0,95629,105.099998474121
1984-11-01,1.42664778232574,1.44683396816254,-14.9776659011841,14,40,0.600000023841858,0.189999997615814,54.5344009399414,358.399993896484,736.700012207031,1476.30004882812,0,95982,105.300003051758
1984-12-01,1.21408259868622,1.24232137203217,-16.3964309692383,12.3,32,1.14999997615814,0.170000001788139,54.5607986450195,360.100006103516,732.900024414062,1489.69995117188,0,96107,105.5
1985-01-01,1.09762299060822,0.951420545578003,-18.8809947967529,13.5,30,1.08000004291534,0.170000001788139,54.5341987609863,365.5,737,1516.19995117188,0,96372,105.699996948242
1985-02-01,0.966528117656708,0.782414138317108,-19.0030918121338,19.6,26,3.42000007629395,0.170000001788139,54.7019004821777,364.899993896484,745.700012207031,1530.19995117188,0,96503,106.300003051758
1985-03-01,0.89565098285675,0.860487759113312,-17.9580936431885,29.3,39,3.0699999332428,0.159999996423721,54.7738990783691,373.600006103516,744.400024414062,1530.40002441406,0,96842,106.800003051758
1985-04-01,0.892832696437836,0.881718039512634,-15.7789669036865,7,40,3.24000000953674,0.159999996423721,54.6661987304688,365.700012207031,754,1539.80004882812,0,97038,107
1985-05-01,0.811675846576691,0.775477349758148,-14.9671220779419,23.2,40,3.30999994277954,0.159999996423721,54.747200012207,384.299987792969,753.900024414062,1558.19995117188,0,97312,107.199996948242
1985-06-01,0.696638166904449,0.71926349401474,-14.4199085235596,14.6,40,3.90000009536743,0.159999996423721,54.7210998535156,369.700012207031,750.400024414062,1569.30004882812,0,97459,107.5
1985-07-01,0.638147473335266,0.664724588394165,-15.6640167236328,14.4,45,3.55999994277954,0.159999996423721,54.4380989074707,376.299987792969,755.200012207031,1584.09997558594,0,97648,107.699996948242
1985-08-01,0.731525480747223,0.660150408744812,-14.7560052871704,4.9,46,1.73000001907349,0.170000001788139,54.6189994812012,390.299987792969,761.200012207031,1600.59997558594,0,97840,107.900001525879
1985-09-01,0.730288147926331,0.52680116891861,-13.2262678146362,14.9,44,1.36000001430511,0.170000001788139,54.8199996948242,422.700012207031,765,1606.90002441406,0,98045,108.099998474121
1985-10-01,0.644490540027618,0.578611195087433,-12.2784576416016,3.6,65,3.35999989509583,0.170000001788139,54.6304016113281,379.200012207031,766,1610.59997558594,0,98233,108.5
1985-11-01,0.582566916942596,0.535718560218811,-13.3382577896118,7.8,49,3.88000011444092,0.170000001788139,54.8176002502441,380.799987792969,775.200012207031,1615.09997558594,0,98443,109
1985-12-01,0.693369090557098,0.652519226074219,-13.6859521865845,5.6,43,3.49000000953674,0.180000007152557,55.3596000671387,391.200012207031,778.900024414062,1641.19995117188,0,98609,109.5
1986-01-01,0.844331741333008,0.89239227771759,-15.8388319015503,2.7,37,1.80999994277954,0.170000001788139,55.6511001586914,401.399993896484,784.400024414062,1641.30004882812,0,98732,109.900001525879
1986-02-01,0.713839530944824,0.733085870742798,-16.081859588623,10.3,52,5.57999992370605,0.170000001788139,55.2700004577637,389.399993896484,776.700012207031,1654.19995117188,0,98847,109.699996948242
1986-03-01,0.685793101787567,0.56356680393219,-15.1558713912964,12.6,71,7.09999990463257,0.170000001788139,54.8828010559082,384.100006103516,776.700012207031,1662.80004882812,0,98934,109.099998474121
1986-04-01,0.622959613800049,0.516147613525391,-15.8787469863892,11.7,48,7.01999998092651,0.159999996423721,54.9455986022949,404,761.400024414062,1669.80004882812,0,99121,108.699996948242
1986-05-01,0.650059580802917,0.537801921367645,-16.0552978515625,11.7,88,7.98999977111816,0.170000001788139,55.0535011291504,414.200012207031,768.599975585938,1674.69995117188,0,99248,109
1986-06-01,0.636596858501434,0.648855209350586,-14.727952003479,8.5,122,10.4200000762939,0.159999996423721,54.8370018005371,403.700012207031,772.299987792969,1685.69995117188,0,99155,109.400001525879
1986-07-01,0.886532604694366,0.800881922245026,-12.4516372680664,6.9,95,7.19999980926514,0.159999996423721,55.1716003417969,415.899993896484,771.599975585938,1693.69995117188,0,99473,109.5
1986-08-01,0.989720582962036,0.872496664524078,-11.3716564178467,1.8,92,5.61999988555908,0.159999996423721,55.0792007446289,434.399993896484,768.5,1695.69995117188,0,99588,109.599998474121
1986-09-01,1.07721304893494,0.816698670387268,-11.1666688919067,7,67,3.61999988555908,0.159999996423721,55.2317008972168,486.799987792969,773.099975585938,1711.90002441406,0,99934,110
1986-10-01,1.12222456932068,1.03321290016174,-11.4056062698364,1,86,1.96000003814697,0.159999996423721,55.4645004272461,434.899993896484,778.299987792969,1719.69995117188,0,100121,110.199996948242
1986-11-01,1.27626657485962,1.25850093364716,-10.4519929885864,1.5,90,0.170000001788139,0.159999996423721,55.6853981018066,420,775.200012207031,1733.19995117188,0,100308,110.400001525879
1986-12-01,1.31796824932098,1.25872921943665,-11.3860769271851,1,105,0.920000016689301,0.159999996423721,56.2120018005371,468.5,783.5,1745.09997558594,0,100509,110.800003051758
1987-01-01,1.27644205093384,1.33739364147186,-13.9647312164307,11.2,38,2.75,0.159999996423721,56.0012016296387,399.700012207031,782.900024414062,1752.90002441406,0,100678,111.400001525879
1987-02-01,1.12760472297668,1.110191822052,-17.3789005279541,7.4,58,5.98000001907349,0.159999996423721,56.7438011169434,427,805.799987792969,1769,0,100919,111.800003051758
1987-03-01,1.03441596031189,1.09707617759705,-16.7642383575439,9.7,73,7.11999988555908,0.170000001788139,56.8235015869141,428.799987792969,803.5,1781,0,101164,112.199996948242
1987-04-01,1.04674446582794,1.03876328468323,-13.9422998428345,4.1,57,7.67999982833862,0.170000001788139,57.1954002380371,437.600006103516,809,1792.19995117188,0,101499,112.699996948242
1987-05-01,0.933828830718994,0.957638204097748,-13.8867845535278,2.3,51,8.89000034332275,0.170000001788139,57.5498008728027,434,812.400024414062,1802,0,101728,113
1987-06-01,0.847301840782166,0.790661513805389,-11.8404903411865,4.3,80,8.59000015258789,0.170000001788139,57.8602981567383,445.700012207031,815.400024414062,1811.59997558594,0,101900,113.5
1987-07-01,0.698649287223816,0.636589288711548,-10.4092397689819,4.9,84,9.96000003814697,0.180000007152557,58.2500991821289,452.399993896484,817.299987792969,1825,0,102247,113.800003051758
1987-08-01,0.546961605548859,0.419292122125626,-11.2831974029541,8.6,63,11.3800001144409,0.170000001788139,58.6888999938965,468.899993896484,822.5,1839.40002441406,0,102420,114.300003051758
1987-09-01,0.565032184123993,0.499869167804718,-12.0413370132446,4.2,60,10.4899997711182,0.170000001788139,58.9137001037598,460.299987792969,822.200012207031,1844,0,102647,114.699996948242
1987-10-01,0.437679320573807,0.302738547325134,-5.61974000930786,0.5,38,11.8599996566772,0.170000001788139,59.7083015441895,443.100006103516,824.200012207031,1867.30004882812,0,103138,115
1987-11-01,0.464574784040451,0.445027500391006,-6.2601318359375,6.3,21,8.47000026702881,0.159999996423721,60.0022010803223,447.399993896484,826.200012207031,1870.59997558594,0,103372,115.400001525879
1987-12-01,0.146966189146042,-0.026946434751153,-8.14154243469238,,7,12.6999998092651,0.150000005960464,60.3335990905762,459.399993896484,830,1884.69995117188,0,103661,115.599998474121
1988-01-01,0.158788874745369,0.137713626027107,-4.86254692077637,-0.2,12,13.3999996185303,0.150000005960464,60.3185997009277,470.299987792969,832.200012207031,1911.30004882812,0,103753,116
1988-02-01,0.198304757475853,0.122811928391457,-5.36411237716675,10.4,14,13.3000001907349,0.150000005960464,60.6208992004395,468.700012207031,832.700012207031,1920.09997558594,0,104214,116.199996948242
1988-03-01,0.0774099826812744,-0.0467872358858585,-8.11024761199951,10.3,19,13.8199996948242,0.140000000596046,60.7591018676758,472.399993896484,850.299987792969,1937.90002441406,0,104489,116.5
1988-04-01,-0.0850472077727318,-0.104143157601357,-8.06181049346924,6.6,19,14.2799997329712,0.129999995231628,61.1143989562988,467.799987792969,849.200012207031,1946.09997558594,0,104732,117.199996948242
1988-05-01,-0.105242818593979,-0.057213056832552,-6.61139154434204,8.1,24,13.4899997711182,0.119999997317791,60.9952011108398,474.700012207031,854.400024414062,1964.59997558594,0,104962,117.5
1988-06-01,-0.207613378763199,-0.241743192076683,-8.42697525024414,9.7,26,12.75,0.119999997317791,61.1697006225586,477.299987792969,857.099975585938,1984.19995117188,0,105326,118
1988-07-01,-0.327965646982193,-0.317960858345032,-6.79746532440186,5.7,24,12.7299995422363,0.119999997317791,61.1749000549316,472.399993896484,864.700012207031,2005.69995117188,0,105550,118.5
1988-08-01,-0.348760217428207,-0.271608859300613,-6.39084148406982,1.2,20,12.6499996185303,0.109999999403954,61.4850997924805,470.100006103516,871.599975585938,2026.19995117188,0,105674,119
1988-09-01,-0.420793235301971,-0.0992629528045654,-5.3624382019043,0.6,11,13.1899995803833,0.109999999403954,61.2844009399414,468.700012207031,876,2030.30004882812,0,106013,119.5
1988-10-01,-0.593765676021576,-0.389452517032623,-2.80791926383972,2.6,25,12.8199996948242,0.109999999403954,61.5595016479492,477.899993896484,883.900024414062,2051.89990234375,0,106276,119.900001525879
1988-11-01,-0.586638808250427,-0.488720566034317,-2.67417216300964,-0.6,13,13.0200004577637,0.109999999403954,61.7127990722656,481.799987792969,888,2060.39990234375,0,106617,120.300003051758
1988-12-01,-0.536959886550903,-0.275862276554108,-4.77138662338257,1.5,20,13.6999998092651,0.109999999403954,61.9982986450195,498.899993896484,887.099975585938,2073.80004882812,0,106898,120.699996948242
1989-01-01,-0.570088088512421,-0.578545928001404,-5.41140365600586,0.6,8,12.1700000762939,0.109999999403954,62.1789016723633,496.200012207031,902.599975585938,2085,0,107161,121.199996948242
1989-02-01,-0.596759498119354,-0.456566035747528,-6.71560764312744,6.8,13,12.960000038147,0.109999999403954,61.907398223877,481.299987792969,900.5,2106.30004882812,0,107427,121.599998474121
1989-03-01,-0.580314695835114,-0.398611932992935,-6.34265565872192,14.6,11,13.6800003051758,0.100000001490116,62.0592002868652,481.899993896484,904.5,2112.30004882812,0,107621,122.199996948242
1989-04-01,-0.562419772148132,-0.35187953710556,-11.9021949768066,13.8,12,13.1499996185303,0.100000001490116,62.0424003601074,500.399993896484,920.599975585938,2122,0,107791,123.099998474121
1989-05-01,-0.611557960510254,-0.392237395048141,-12.7206249237061,8.5,24,13.4300003051758,0.0900000035762787,61.6948013305664,487.600006103516,930.200012207031,2134,0,107913,123.699996948242
1989-06-01,-0.477189749479294,-0.198338389396667,-12.2382717132568,6.5,17,11.6300001144409,0.0900000035762787,61.6915016174316,492,932.5,2142.10009765625,0,108027,124.099998474121
1989-07-01,-0.550612807273865,-0.217089086771011,-10.28746509552,3.6,18,12.1700000762939,0.0900000035762787,61.0978012084961,497.399993896484,932.599975585938,2155.69995117188,0,108069,124.5
1989-08-01,-0.608786761760712,-0.25081667304039,-11.6559495925903,14.6,15,12.6300001144409,0.0900000035762787,61.6949005126953,518.700012207031,935,2166.89990234375,0,108120,124.5
1989-09-01,-0.592258512973785,-0.300256341695786,-13.279806137085,10.7,13,11.75,0.0900000035762787,61.4838981628418,500.799987792969,941.200012207031,2179.80004882812,0,108369,124.800003051758
1989-10-01,-0.632246077060699,-0.417701154947281,-11.2548379898071,12.8,17,11.1099996566772,0.0900000035762787,61.4104995727539,493.899993896484,943,2196.69995117188,0,108476,125.400001525879
1989-11-01,-0.585585057735443,-0.358984798192978,-9.8638277053833,5.7,31,10.3400001525879,0.0900000035762787,61.6171989440918,490.100006103516,948.599975585938,2204.60009765625,0,108752,125.900001525879
1989-12-01,-0.426425784826279,-0.244586825370789,-8.27279281616211,5.2,25,8.38000011444092,0.100000001490116,61.9635009765625,491.600006103516,962.400024414062,2230.10009765625,0,108836,126.300003051758
1990-01-01,-0.397210419178009,-0.159907057881355,-7.58017110824585,8,12,8.30000019073486,0.100000001490116,61.6440010070801,536.400024414062,965.299987792969,2229,0,109189,127.5
1990-02-01,-0.375933289527893,-0.0976577699184418,-8.75680923461914,8.7,13,8.51000022888184,0.100000001490116,62.2108001708984,505.899993896484,975.700012207031,2246.60009765625,0,109432,128
1990-03-01,-0.374094694852829,-0.120887480676174,-9.98862266540527,8.8,19,8.60000038146973,0.109999999403954,62.5068016052246,503.799987792969,981.5,2269.60009765625,0,109637,128.600006103516
1990-04-01,-0.157342582941055,-0.0344349928200245,-9.73886966705322,8.9,22,7.82000017166138,0.119999997317791,62.3596992492676,505.700012207031,976.5,2287.80004882812,0,109671,128.899993896484
1990-05-01,-0.259292930364609,-0.121310219168663,-11.0151414871216,17.4,19,10.3400001525879,0.119999997317791,62.5474014282227,495.299987792969,977.400024414062,2303.10009765625,0,109834,129.100006103516
1990-06-01,-0.249476402997971,-0.144956409931183,-11.5786323547363,16.8,22,9.77999973297119,0.119999997317791,62.7541007995605,494.299987792969,988.599975585938,2321.60009765625,0,109857,129.899993896484
1990-07-01,-0.320589512586594,-0.361982882022858,-7.99272871017456,9.5,24,10.0900001525879,0.109999999403954,62.6497001647949,496.299987792969,991.099975585938,2334.30004882812,1,109822,130.5
1990-08-01,-0.222898900508881,-0.614352941513062,-5.42344951629639,6.3,15,9.34000015258789,0.109999999403954,62.8760986328125,489.299987792969,1004.20001220703,2354.80004882812,1,109610,131.600006103516
1990-09-01,-0.212542682886124,-0.541367173194885,-2.8702118396759,5.7,7,10.0699996948242,0.100000001490116,62.8959999084473,495.100006103516,1014.09997558594,2361,1,109520,132.5
1990-10-01,-0.18268795311451,-0.416091501712799,-0.844294786453247,0.6,4,8.39999961853027,0.100000001490116,62.5060005187988,486.100006103516,1016.29998779297,2368.10009765625,1,109374,133.399993896484
1990-11-01,-0.272447347640991,-0.445894807577133,-1.90032768249512,,5,8.76000022888184,0.0900000035762787,61.7271003723145,482.700012207031,1023.5,2365.69995117188,1,109220,133.699996948242
1990-12-01,-0.275171756744385,-0.278580039739609,-2.16807055473328,14.5,10,7.48999977111816,0.0799999982118607,61.2938995361328,474,1016.5,2370.80004882812,1,109168,134.199996948242
1991-01-01,-0.322851657867432,-0.490437209606171,-5.7003870010376,26.5,4,7.88000011444092,0.0700000002980232,61.0931015014648,452.700012207031,1013,2375.30004882812,1,109051,134.699996948242
1991-02-01,-0.235496029257774,-0.373257458209991,-6.35462188720703,23,7,6.6100001335144,0.0700000002980232,60.6521987915039,467,1010.90002441406,2388.80004882812,1,108731,134.800003051758
1991-03-01,-0.289539337158203,-0.432906210422516,-8.5375804901123,15.5,18,8.19999980926514,0.0599999986588955,60.3069000244141,495.399993896484,1018.59997558594,2399,1,108569,134.800003051758
1991-04-01,-0.26154100894928,-0.22253380715847,-7.09098052978516,16.1,28,7.6399998664856,0.0700000002980232,60.4658012390137,474.399993896484,1017.20001220703,2415.39990234375,0,108352,135.100006103516
1991-05-01,-0.159243509173393,0.198066607117653,-6.84809112548828,8,28,6.92000007629395,0.0799999982118607,61.0671005249023,473.5,1026.69995117188,2432.89990234375,0,108250,135.600006103516
1991-06-01,-0.085168793797493,0.303619593381882,-6.06574773788452,6.8,47,6.90000009536743,0.0900000035762787,61.5611000061035,477.799987792969,1021.29998779297,2441.39990234375,0,108338,136
1991-07-01,-0.221315965056419,0.159045428037643,-7.12313652038574,6.4,38,8.26000022888184,0.0900000035762787,61.7229995727539,485.399993896484,1025.19995117188,2455.5,0,108290,136.199996948242
1991-08-01,-0.299186289310455,0.182310059666634,-8.76195430755615,12.1,35,8.82999992370605,0.100000001490116,61.7360000610352,479.799987792969,1026.40002441406,2463,0,108302,136.600006103516
1991-09-01,-0.264654457569122,0.10618744790554,-10.9240560531616,17.2,23,7.07999992370605,0.109999999403954,62.2463989257812,487.899993896484,1021.59997558594,2475.19995117188,0,108333,137
1991-10-01,-0.249244034290314,0.0768631249666214,-12.0386896133423,14.3,46,6.76000022888184,0.129999995231628,62.1824989318848,474.100006103516,1018.40002441406,2483.5,0,108362,137.199996948242
1991-11-01,-0.058264285326004,0.166701108217239,-12.2144269943237,14.4,51,4.84999990463257,0.140000000596046,62.0983009338379,477.299987792969,1022.59997558594,2503.60009765625,0,108300,137.800003051758
1991-12-01,0.0290474984794855,0.212246268987656,-14.2937154769897,10.7,42,4.55000019073486,0.150000005960464,61.8107986450195,480.899993896484,1021,2518.60009765625,0,108330,138.199996948242
1992-01-01,0.158496081829071,0.440003395080566,-18.1590957641602,18.1,42,5.28000020980835,0.159999996423721,61.4897994995117,495.600006103516,1040,2549.10009765625,0,108367,138.300003051758
1992-02-01,0.324816137552261,0.454740613698959,-19.1608238220215,16.1,46,3.64000010490417,0.170000001788139,61.9299011230469,501.299987792969,1038.59997558594,2559.69995117188,0,108312,138.600006103516
1992-03-01,0.514123797416687,0.533370971679688,-16.9338932037354,11,67,2.71000003814697,0.180000007152557,62.4490013122559,491.700012207031,1034.40002441406,2590.89990234375,0,108361,139.100006103516
1992-04-01,0.457064598798752,0.555373847484589,-5.87529468536377,3.3,45,4.01999998092651,0.180000007152557,62.9311981201172,490,1043.30004882812,2598.19995117188,0,108515,139.399993896484
1992-05-01,0.449351400136948,0.555943787097931,-5.09789991378784,4.5,48,3.88000011444092,0.170000001788139,63.1358985900879,501.899993896484,1048.40002441406,2608,0,108648,139.699996948242
1992-06-01,0.471356302499771,0.573230683803558,-4.19158506393433,3.2,44,2.20000004768372,0.180000007152557,63.1735992431641,511,1049.90002441406,2616.10009765625,0,108717,140.100006103516
1992-07-01,0.443821132183075,0.529212236404419,-4.27987289428711,5.4,34,3.01999998092651,0.180000007152557,63.7407989501953,507.200012207031,1056.19995117188,2641.30004882812,0,108799,140.5
1992-08-01,0.531325459480286,0.598525822162628,-3.77881360054016,4.6,36,2.28999996185303,0.170000001788139,63.3917007446289,511.899993896484,1061.30004882812,2647.69995117188,0,108923,140.800003051758
1992-09-01,0.616733968257904,0.691745162010193,-5.56864070892334,10,22,2.05999994277954,0.170000001788139,63.592700958252,517.099975585938,1065.59997558594,2672.5,0,108954,141.100006103516
1992-10-01,0.580570995807648,0.645626306533813,-8.52937412261963,12.6,51,3.77999997138977,0.159999996423721,64.0281982421875,522.700012207031,1073.90002441406,2688.10009765625,0,109135,141.699996948242
1992-11-01,0.640348494052887,0.741650521755219,-11.3995676040649,22.2,27,2.09999990463257,0.150000005960464,64.2732009887695,514.099975585938,1071.5,2714.89990234375,0,109280,142.100006103516
1992-12-01,0.741670548915863,0.770356357097626,-12.9448404312134,16.7,47,1.20000004768372,0.150000005960464,64.3667984008789,532.400024414062,1079,2725,0,109500,142.300003051758
1993-01-01,0.785173892974854,0.762054681777954,-14.6124858856201,11.2,22,2.08999991416931,0.140000000596046,64.625602722168,538.099975585938,1078.5,2724.10009765625,0,109795,142.800003051758
1993-02-01,0.846745610237122,0.909649670124054,-11.2443037033081,18.3,36,1.19000005722046,0.140000000596046,64.9290008544922,524.200012207031,1081.40002441406,2749.69995117188,0,110044,143.100006103516
1993-03-01,0.74370265007019,1.061150431633,-13.0409116744995,12.9,62,1.77999997138977,0.140000000596046,64.8720016479492,521.200012207031,1077.5,2753.80004882812,0,109992,143.300003051758
1993-04-01,0.380416572093964,0.597903311252594,-7.79969263076782,14.2,31,2.04999995231628,0.129999995231628,65.0610961914062,543,1082.40002441406,2768,0,110295,143.800003051758
1993-05-01,0.260255932807922,0.42455780506134,-10.0073843002319,9.5,48,3.94000005722046,0.129999995231628,64.8104019165039,552,1091.69995117188,2778.69995117188,0,110570,144.199996948242
1993-06-01,0.233827814459801,0.333513140678406,-11.1538362503052,14.4,57,4.19999980926514,0.129999995231628,64.9552993774414,548.599975585938,1084.90002441406,2806.5,0,110751,144.300003051758
1993-07-01,0.277304232120514,0.465180397033691,-11.8919267654419,12,58,3.97000002861023,0.129999995231628,65.1197967529297,558.599975585938,1091.90002441406,2818.5,0,111060,144.5
1993-08-01,0.216793835163116,0.330321222543716,-13.6640300750732,12.6,54,5.21999979019165,0.129999995231628,65.0494003295898,551.5,1090.40002441406,2839.19995117188,0,111209,144.800003051758
1993-09-01,0.269575268030167,0.388736844062805,-16.7861328125,18.9,47,5.80999994277954,0.140000000596046,65.3881988525391,559.799987792969,1095.30004882812,2856.39990234375,0,111454,145
1993-10-01,0.431202918291092,0.505709171295166,-15.3760967254639,14.1,58,4.26000022888184,0.140000000596046,65.8702011108398,568.900024414062,1100.19995117188,2863.69995117188,0,111734,145.600006103516
1993-11-01,0.591056287288666,0.742743670940399,-13.8417501449585,10.1,78,4.03000020980835,0.140000000596046,66.1779022216797,574.200012207031,1107.19995117188,2872.69995117188,0,111990,146
1993-12-01,0.624601483345032,0.74470978975296,-15.7169380187988,8.9,76,5.26000022888184,0.140000000596046,66.5602035522461,578.299987792969,1108.5,2884.30004882812,0,112324,146.300003051758
1994-01-01,0.661469638347626,0.78907722234726,-15.6967697143555,9.8,26,5.40999984741211,0.150000005960464,66.7722015380859,579.599975585938,1109.90002441406,2895.60009765625,0,112598,146.300003051758
1994-02-01,0.595807373523712,0.76180237531662,-16.7802314758301,13.8,62,5.55000019073486,0.150000005960464,66.8068008422852,593.299987792969,1117.80004882812,2921.5,0,112779,146.699996948242
1994-03-01,0.534278392791748,0.608202040195465,-15.5937795639038,8.4,61,7.98000001907349,0.150000005960464,67.4832000732422,593.599975585938,1122.80004882812,2929.60009765625,0,113240,147.100006103516
1994-04-01,0.465273559093475,0.453696340322495,-9.38545417785645,7.3,48,7.25,0.150000005960464,67.8770980834961,607,1126.09997558594,2938,0,113587,147.199996948242
1994-05-01,0.571482241153717,0.56561404466629,-7.70489597320557,6.7,71,7.15000009536743,0.150000005960464,68.1960983276367,588.900024414062,1124,2956.69995117188,0,113923,147.5
1994-06-01,0.663434147834778,0.724741756916046,-6.25199127197266,7.5,53,6.26000022888184,0.150000005960464,68.6526031494141,600.299987792969,1134.19995117188,2974.39990234375,0,114237,147.899993896484
1994-07-01,0.582322180271149,0.60354346036911,-5.74311256408691,6.5,41,8.01000022888184,0.140000000596046,68.7352981567383,602.099975585938,1139.30004882812,2979.30004882812,0,114607,148.399993896484
1994-08-01,0.612868428230286,0.677968382835388,-8.08898735046387,6.6,43,8.34000015258789,0.140000000596046,69.1953964233398,612,1155,2995.69995117188,0,114899,149
1994-09-01,0.618607521057129,0.701553463935852,-9.07814311981201,18.7,37,10.039999961853,0.140000000596046,69.4017028808594,613.799987792969,1154.5,3006.69995117188,0,115253,149.300003051758
1994-10-01,0.468280851840973,0.488950043916702,-9.43439102172852,11,46,12.0100002288818,0.129999995231628,69.9690017700195,629.599975585938,1161.09997558594,3022.19995117188,0,115458,149.399993896484
1994-11-01,0.470423370599747,0.42387717962265,-9.55374431610107,11.8,44,9.73999977111816,0.129999995231628,70.4366989135742,635.099975585938,1159.09997558594,3031.39990234375,0,115873,149.800003051758
1994-12-01,0.335201978683472,0.354405492544174,-9.4104118347168,10.3,36,12.1400003433228,0.119999997317791,71.1412963867188,630.700012207031,1168.80004882812,3042.10009765625,0,116176,150.100006103516
1995-01-01,0.387262105941772,0.457451164722443,-7.64227199554443,9.2,18,10.7799997329712,0.119999997317791,71.2761993408203,623.599975585938,1173,3054.69995117188,0,116504,150.5
1995-02-01,0.40268748998642,0.4146768450737,-8.2907829284668,20.9,37,10.3199996948242,0.119999997317791,71.1903991699219,613,1161,3076.69995117188,0,116693,150.899993896484
1995-03-01,0.251518845558167,0.24177773296833,-9.03516864776611,22.9,29,11.6499996185303,0.109999999403954,71.2891006469727,627.200012207031,1166.59997558594,3091.60009765625,0,116907,151.199996948242
1995-04-01,0.0285440683364868,0.115686237812042,-3.37682437896729,20.7,31,11.960000038147,0.100000001490116,71.1623001098633,613.200012207031,1168.40002441406,3108.69995117188,0,117065,151.800003051758
1995-05-01,-0.0947701707482338,0.0499233864247799,-2.93338966369629,25.8,35,12.5699996948242,0.109999999403954,71.5044021606445,624.799987792969,1178.5,3129.80004882812,0,117050,152.100006103516
1995-06-01,-0.126254960894585,-0.0460706353187561,-7.17048740386963,18.9,55,12.0799999237061,0.100000001490116,71.7429962158203,642.799987792969,1184.09997558594,3150.60009765625,0,117286,152.399993896484
1995-07-01,-0.198858797550201,-0.0958985537290573,-10.2312459945679,22.3,50,13.5200004577637,0.109999999403954,71.4458999633789,631,1182.90002441406,3156.30004882812,0,117377,152.600006103516
1995-08-01,-0.0860348716378212,-0.0688364803791046,-11.4433012008667,27.6,53,12.5900001525879,0.109999999403954,72.379997253418,645.299987792969,1178.59997558594,3181.39990234375,0,117639,152.899993896484
1995-09-01,-0.034562423825264,-0.00496124010533094,-10.6686182022095,18.9,35,11.960000038147,0.109999999403954,72.6601028442383,651.299987792969,1189.5,3179.60009765625,0,117880,153.100006103516
1995-10-01,-0.0053137531504035,0.0863002836704254,-8.55286026000977,11.1,62,11.9700002670288,0.119999997317791,72.5428009033203,638.099975585938,1181.5,3194.30004882812,0,118029,153.5
1995-11-01,0.0729042142629623,0.138726606965065,-8.26629257202148,28.6,84,11.5100002288818,0.119999997317791,72.7177963256836,650.599975585938,1191.5,3213.39990234375,0,118168,153.699996948242
1995-12-01,0.120583064854145,0.196746796369553,-7.98417186737061,19.3,77,11.5900001525879,0.119999997317791,72.9672012329102,668,1201.90002441406,3227.5,0,118325,153.899993896484
1996-01-01,0.179906621575356,0.325476109981537,-6.98421669006348,22.5,29,9.59000015258789,0.119999997317791,72.5866012573242,645.799987792969,1200.09997558594,3239.80004882812,0,118318,154.699996948242
1996-02-01,0.185110613703728,0.337154388427734,-9.54095077514648,19.8,65,10.8699998855591,0.129999995231628,73.6389007568359,663.200012207031,1209.30004882812,3260.30004882812,0,118734,155
1996-03-01,0.254240423440933,0.367351293563843,-9.38008117675781,17.7,73,11.4499998092651,0.129999995231628,73.5202026367188,670.400024414062,1224.09997558594,3278.80004882812,0,118990,155.5
1996-04-01,0.171376287937164,0.299700915813446,-14.6940107345581,27.9,67,11.539999961853,0.150000005960464,74.2664031982422,679.5,1237.5,3290.89990234375,0,119156,156.100006103516
1996-05-01,0.226150348782539,0.299168944358826,-15.9961929321289,28.8,94,12.6800003051758,0.159999996423721,74.8144989013672,680.099975585938,1238,3305.69995117188,0,119489,156.399993896484
1996-06-01,0.443002939224243,0.53612869977951,-13.3428173065186,14.7,87,12.1599998474121,0.170000001788139,75.3778991699219,669.400024414062,1243.09997558594,3317.30004882812,0,119770,156.699996948242
1996-07-01,0.539290130138397,0.635766625404358,-8.91323661804199,11,66,13.0299997329712,0.170000001788139,75.3753967285156,672.900024414062,1244.30004882812,3334.69995117188,0,120016,157
1996-08-01,0.686420917510986,0.847788691520691,-11.6586322784424,8.9,58,11.710000038147,0.170000001788139,75.7567977905273,681.700012207031,1246.19995117188,3347.10009765625,0,120201,157.199996948242
1996-09-01,0.689519047737122,0.815687596797943,-13.3973655700684,20.6,59,11.8500003814697,0.170000001788139,76.2304000854492,683.599975585938,1249,3364,0,120402,157.699996948242
1996-10-01,0.685681343078613,0.855361461639404,-10.1442289352417,11.5,106,11.8999996185303,0.180000007152557,76.2192993164062,688.799987792969,1263.19995117188,3376.39990234375,0,120663,158.199996948242
1996-11-01,0.680821537971497,0.839628636837006,-9.68441867828369,12.2,81,12.8299999237061,0.189999997615814,76.8940963745117,692.200012207031,1266.5,3392.5,0,120949,158.699996948242
1996-12-01,0.750249028205872,0.844969868659973,-10.3470945358276,12.1,60,11.0600004196167,0.200000002980232,77.3731002807617,687.799987792969,1275.19995117188,3415.60009765625,0,121145,159.100006103516
1997-01-01,0.752178966999054,0.798951387405396,-10.7270946502686,12.7,35,10.9099998474121,0.209999993443489,77.513801574707,703.299987792969,1272.09997558594,3435.69995117188,0,121363,159.399993896484
1997-02-01,0.817324161529541,0.835198044776917,-6.43329095840454,12.3,62,10.7600002288818,0.200000002980232,78.4245986938477,702,1283.09997558594,3448.89990234375,0,121675,159.699996948242
1997-03-01,0.785951972007751,0.803069233894348,-5.75588035583496,10,39,10.1899995803833,0.200000002980232,78.9265975952148,711.5,1287.80004882812,3454.89990234375,0,121989,159.800003051758
1997-04-01,0.947614729404449,0.940467536449432,1.30619513988495,7.8,33,9.14000034332275,0.189999997615814,78.9924011230469,697.5,1278.59997558594,3483.30004882812,0,122284,159.899993896484
1997-05-01,0.805671453475952,0.839420020580292,-2.90630173683167,16.9,43,11.710000038147,0.180000007152557,79.4411010742188,690.200012207031,1273,3497,0,122551,159.899993896484
1997-06-01,0.72081446647644,0.826923727989197,-2.27572226524353,14.8,63,10.9099998474121,0.170000001788139,79.804801940918,702.099975585938,1281.59997558594,3510.60009765625,0,122816,160.199996948242
1997-07-01,0.517040908336639,0.538342237472534,-4.78527688980103,18,55,11.8000001907349,0.159999996423721,80.4800033569336,715.700012207031,1291.09997558594,3542,0,123112,160.399993896484
1997-08-01,0.641084730625153,0.621578097343445,-9.36584281921387,15.9,48,9.93000030517578,0.159999996423721,81.2862014770508,732.599975585938,1297.69995117188,3556.69995117188,0,123092,160.800003051758
1997-09-01,0.77899843454361,0.811028063297272,-11.4970378875732,23.9,54,7.94000005722046,0.159999996423721,82.0380020141602,720,1303.19995117188,3578.5,0,123577,161.199996948242
1997-10-01,0.582025527954102,0.502172529697418,-9.78476619720459,20.3,65,8.80000019073486,0.150000005960464,82.7657012939453,724.700012207031,1303.90002441406,3609.10009765625,0,123923,161.5
1997-11-01,0.627433001995087,0.595483601093292,-5.72692203521729,6.9,80,6.84999990463257,0.150000005960464,83.4320983886719,740.799987792969,1312.69995117188,3607.60009765625,0,124230,161.699996948242
1997-12-01,0.67138135433197,0.710497975349426,-4.06968355178833,6,35,5.26999998092651,0.140000000596046,83.782600402832,746.099975585938,1306.80004882812,3639.19995117188,0,124551,161.800003051758
1998-01-01,0.634119033813477,0.622045814990997,-4.01707172393799,11.1,21,5.61999988555908,0.129999995231628,84.1656036376953,733,1309.40002441406,3647.39990234375,0,124813,162
1998-02-01,0.447963505983353,0.463673084974289,-6.50338125228882,15.6,51,6.5,0.129999995231628,84.304801940918,739.400024414062,1306.5,3677.89990234375,0,125018,162
1998-03-01,0.387793809175491,0.398321151733398,-7.80928993225098,18.5,41,7.3600001335144,0.140000000596046,84.3415985107422,740.700012207031,1304.09997558594,3705.5,0,125164,162
1998-04-01,0.0821459069848061,0.128710195422173,-4.29698085784912,22.7,42,9.32999992370605,0.140000000596046,84.6262969970703,758.099975585938,1313.59997558594,3716.39990234375,0,125445,162.199996948242
1998-05-01,0.206441164016724,0.241712406277657,-0.73925769329071,12.1,51,8.63000011444092,0.140000000596046,85.1838989257812,778.299987792969,1317.69995117188,3741.89990234375,0,125846,162.600006103516
1998-06-01,0.16340796649456,0.136112898588181,-3.19711089134216,9.3,61,9.21000003814697,0.150000005960464,84.6809005737305,771.299987792969,1328.40002441406,3771.89990234375,0,126077,162.800003051758
1998-07-01,0.321232169866562,0.367500633001328,-2.00959897041321,16.8,50,7.46000003814697,0.150000005960464,84.3448028564453,769.400024414062,1334.09997558594,3786.39990234375,0,126209,163.199996948242
1998-08-01,0.386210203170776,0.41410294175148,5.72313928604126,14.2,20,8.13000011444092,0.140000000596046,86.084602355957,784.900024414062,1333.19995117188,3806.89990234375,0,126547,163.399993896484
1998-09-01,0.328700572252274,0.365479171276093,1.49077916145325,163.2,7,9.40999984741211,0.140000000596046,85.994499206543,800.900024414062,1337.19995117188,3827.60009765625,0,126745,163.5
1998-10-01,0.223792284727097,0.326739221811295,3.32534861564636,22.8,6,9.36999988555908,0.129999995231628,86.5967025756836,819.400024414062,1344.80004882812,3834.5,0,126950,163.899993896484
1998-11-01,0.0331608615815639,0.107558853924274,1.96329343318939,90.6,19,8.96000003814697,0.119999997317791,86.5113983154297,817.900024414062,1354,3843.5,0,127225,164.100006103516
1998-12-01,-0.183765977621078,-0.138931587338448,-4.42160558700562,79.4,23,12.1400003433228,0.119999997317791,86.8608016967773,838.200012207031,1366.59997558594,3865.69995117188,0,127598,164.399993896484
1999-01-01,-0.155641168355942,-0.0445075072348118,-11.4105701446533,121.4,26,11.6400003433228,0.119999997317791,87.2276992797852,808.400024414062,1380,3885.5,0,127704,164.699996948242
1999-02-01,-0.0304359570145607,0.0745958834886551,-8.45841979980469,57.4,36,10.1800003051758,0.119999997317791,87.7266006469727,824.099975585938,1384.80004882812,3890.30004882812,0,128118,164.699996948242
1999-03-01,-0.0648181438446045,0.0678372457623482,-12.8957901000977,95,22,11.289999961853,0.109999999403954,87.9203033447266,827.400024414062,1390.09997558594,3915.60009765625,0,128233,164.800003051758
1999-04-01,-0.161115542054176,-0.110085435211658,3.34882426261902,75.2,37,11.4300003051758,0.100000001490116,88.1153030395508,841.299987792969,1414.30004882812,3943.89990234375,0,128595,165.899993896484
1999-05-01,-0.185009643435478,-0.199612304568291,2.05573916435242,53,55,9.78999996185303,0.100000001490116,88.655403137207,855.400024414062,1420.80004882812,3956,0,128810,166
1999-06-01,-0.05701694637537,-0.0469392351806164,1.20388913154602,37.1,60,8.25,0.100000001490116,88.5958023071289,867.700012207031,1419.69995117188,3972.80004882812,0,129088,166
1999-07-01,-0.137844190001488,-0.138018473982811,0.848782002925873,61.7,64,9.59000015258789,0.100000001490116,89.1234970092773,865.200012207031,1421.80004882812,4000.5,0,129423,166.699996948242
1999-08-01,-0.324587017297745,-0.250431805849075,0.35220018029213,40.9,40,9.51000022888184,0.100000001490116,89.5115966796875,871.900024414062,1439.30004882812,4020.69995117188,0,129569,167.100006103516
1999-09-01,-0.0814909860491753,-0.0858094766736031,-4.01108551025391,77.8,43,8.39999961853027,0.109999999403954,89.136100769043,876.400024414062,1459.09997558594,4051,0,129781,167.800003051758
1999-10-01,-0.167531460523605,-0.235141485929489,-4.57886505126953,73.5,62,10.4300003051758,0.109999999403954,90.2842025756836,868,1462.19995117188,4081.19995117188,0,130179,168.100006103516
1999-11-01,0.0170666761696339,-0.0580693669617176,-13.2778663635254,101.8,58,10.9099998474121,0.129999995231628,90.7630996704102,871.200012207031,1467.80004882812,4109.7001953125,0,130467,168.399993896484
1999-12-01,0.307177722454071,0.143215954303741,-26.9688606262207,115.3,41,11.210000038147,0.140000000596046,91.4925994873047,889.799987792969,1518,4133.2001953125,0,130781,168.800003051758
2000-01-01,0.721987009048462,0.601707756519318,-29.6006755828857,92.3,15,9.44999980926514,0.150000005960464,91.4251022338867,908.599975585938,1463.69995117188,4170.60009765625,0,131009,169.300003051758
2000-02-01,0.648582816123962,0.454624176025391,-49.1757545471191,113.2,60,12.0699996948242,0.159999996423721,91.7357025146484,930.700012207031,1485.40002441406,4209.10009765625,0,131120,170
2000-03-01,1.03026723861694,0.865044295787811,-46.721492767334,85.7,60,10.210000038147,0.170000001788139,92.0932998657227,923.299987792969,1527.5,4235.7001953125,0,131604,171
2000-04-01,0.543129205703735,0.391472011804581,-34.9632911682129,30.5,37,13.6400003433228,0.180000007152557,92.6837997436523,900.599975585938,1528.19995117188,4250.2001953125,0,131883,170.899993896484
2000-05-01,0.825342833995819,0.707508146762848,-26.635290145874,32.8,23,10.1199998855591,0.180000007152557,92.9375991821289,907,1532,4270.7001953125,0,132106,171.199996948242
2000-06-01,1.04831886291504,0.918095529079437,-39.1097717285156,44.6,36,7.34000015258789,0.180000007152557,93.0075988769531,898.200012207031,1545.09997558594,4303.60009765625,0,132060,172.199996948242
2000-07-01,1.31715250015259,1.24992418289185,-34.7105598449707,58.4,46,3.94000005722046,0.170000001788139,92.8458023071289,897.299987792969,1547.80004882812,4323.39990234375,0,132228,172.699996948242
2000-08-01,1.29029047489166,1.18909704685211,-42.3321762084961,30.3,65,5.65999984741211,0.180000007152557,92.5971984863281,906.400024414062,1548.80004882812,4347.60009765625,0,132231,172.699996948242
2000-09-01,1.32231116294861,1.20543825626373,-38.9170761108398,41.4,25,6.78999996185303,0.170000001788139,92.9653015136719,931.299987792969,1575.80004882812,4381.5,0,132357,173.600006103516
2000-10-01,1.34023952484131,1.35551917552948,-34.7092552185059,18.7,26,6.48999977111816,0.170000001788139,92.6417999267578,920.599975585938,1572.59997558594,4400.60009765625,0,132352,173.899993896484
2000-11-01,1.77576720714569,1.85691475868225,-17.9638595581055,15.8,22,2.49000000953674,0.150000005960464,92.6617965698242,913.400024414062,1572.5,4424,0,132553,174.199996948242
2000-12-01,1.99709820747375,2.12398552894592,-14.4827356338501,25.4,9,6.17000007629395,0.140000000596046,92.3459014892578,913.5,1587.69995117188,4451,0,132718,174.600006103516
2001-01-01,2.21021723747253,2.28017139434814,-20.9315700531006,18.6,10,2.14000010490417,0.129999995231628,91.8902969360352,916.5,1582.09997558594,4488.89990234375,0,132699,175.600006103516
2001-02-01,2.86481595039368,3.01923179626465,-6.00742340087891,5.7,10,0.550000011920929,0.109999999403954,91.2914962768555,938.900024414062,1574.90002441406,4488,0,132786,176
2001-03-01,2.62912845611572,2.70297026634216,0.215223670005798,5.7,15,2.88000011444092,0.100000001490116,91.0525970458984,925.099975585938,1560.30004882812,4511.2998046875,1,132751,176.100006103516
2001-04-01,2.25136137008667,2.10737276077271,-2.92920184135437,11.3,4,1.75,0.0900000035762787,90.7293014526367,908.299987792969,1582.09997558594,4513.7998046875,1,132455,176.399993896484
2001-05-01,2.10043382644653,2.00240159034729,-3.11257672309875,25.4,12,-0.200000002980232,0.0799999982118607,90.257698059082,916,1603,4533.7998046875,1,132411,177.300003051758
2001-06-01,2.44156312942505,2.39675974845886,-6.2379674911499,10.1,16,0.400000005960464,0.0900000035762787,89.7677001953125,934.099975585938,1586.80004882812,4548.7998046875,1,132296,177.699996948242
2001-07-01,2.27523756027222,2.17868995666504,-1.08616971969604,14.4,15,0.589999973773956,0.0900000035762787,89.2259979248047,925,1592,4565.2998046875,1,132173,177.399993896484
2001-08-01,2.39454388618469,2.27715420722961,3.95334148406982,8.1,5,-0.490000009536743,0.0799999982118607,89.1325988769531,942.5,1590.19995117188,4589,1,132024,177.399993896484
2001-09-01,2.25450706481934,2.29521799087524,12.1756162643433,,6,-0.870000004768372,0.0799999982118607,88.6679000854492,904.099975585938,1591.90002441406,4511,1,131765,178.100006103516
2001-10-01,2.02468991279602,1.81422281265259,5.66941404342651,14.8,10,-0.25,0.0799999982118607,88.3926010131836,1035.09997558594,1592,4585.7998046875,1,131452,177.600006103516
2001-11-01,1.30734050273895,1.11572206020355,-0.289347261190414,15.3,16,1.97000002861023,0.0799999982118607,87.8774032592773,997,1580.59997558594,4604.7998046875,1,131141,177.5
2001-12-01,1.02144038677216,0.946961641311646,-1.96424198150635,17.3,13,3.57999992370605,0.0900000035762787,87.8343963623047,955.599975585938,1573.09997558594,4638.10009765625,0,130984,177.399993896484
2002-01-01,1.27042841911316,1.49679386615753,0.710355520248413,7.8,6,1.00999999046326,0.0900000035762787,88.4664993286133,970.700012207031,1578.59997558594,4635.2998046875,0,130853,177.699996948242
2002-02-01,0.618725061416626,0.76319831609726,6.92035388946533,19.8,9,1.17999994754791,0.0900000035762787,88.4661026000977,983.200012207031,1584.5,4657.5,0,130732,178
2002-03-01,0.297426551580429,0.451484888792038,2.51938247680664,7.2,15,0.170000001788139,0.100000001490116,89.122802734375,974.900024414062,1593.80004882812,4674.7001953125,0,130720,178.5
2002-04-01,0.409067839384079,0.468093484640121,13.1298608779907,8.8,14,-0.0900000035762787,0.100000001490116,89.5531997680664,1001.5,1607.30004882812,4703.60009765625,0,130616,179.300003051758
2002-05-01,0.333765536546707,0.372553139925003,14.9689912796021,8.9,18,1.62999999523163,0.100000001490116,89.9339981079102,962.700012207031,1602.59997558594,4723.7001953125,0,130632,179.5
2002-06-01,0.384490072727203,0.320625483989716,14.7239751815796,6.2,17,1.05999994277954,0.100000001490116,90.6769027709961,968,1618.69995117188,4735.7998046875,0,130682,179.600006103516
2002-07-01,-0.0148466769605875,-0.115078382194042,17.8852787017822,2.9,12,3.40000009536743,0.100000001490116,90.6455001831055,1001.59997558594,1617.5,4768.2001953125,0,130585,180
2002-08-01,-0.106246002018452,-0.166168257594109,17.7157535552979,,7,0.790000021457672,0.0900000035762787,90.5475006103516,1019.70001220703,1616.30004882812,4776.60009765625,0,130587,180.5
2002-09-01,-0.569779992103577,-0.689710199832916,18.0183410644531,,9,3.88000011444092,0.0900000035762787,90.6380996704102,983.900024414062,1616.40002441406,4791.2998046875,0,130498,180.800003051758
2002-10-01,-0.411691576242447,-0.601057410240173,14.8775548934937,1.9,20,4.26000022888184,0.0900000035762787,90.4040985107422,969.900024414062,1634.80004882812,4830.39990234375,0,130621,181.199996948242
2002-11-01,-0.218632340431213,-0.38377770781517,8.5981273651123,6.7,23,3.77999997138977,0.0900000035762787,90.8984985351562,978.5,1645,4840.2998046875,0,130617,181.5
2002-12-01,-0.300053000450134,-0.373894929885864,11.9270057678223,14.6,10,6.09000015258789,0.0799999982118607,90.3889999389648,1009.90002441406,1645.80004882812,4864.2998046875,0,130469,181.800003051758
2003-01-01,-0.305782496929169,-0.382542282342911,10.4078063964844,,1,4.21000003814697,0.0799999982118607,91.135498046875,982.599975585938,1667.09997558594,4891.60009765625,0,130580,182.600006103516
2003-02-01,-0.481239676475525,-0.454778492450714,9.55366802215576,-3.3,6,4.55000019073486,0.0700000002980232,91.2501983642578,956.400024414062,1687,4905.2998046875,0,130443,183.600006103516
2003-03-01,-0.34818822145462,-0.35412785410881,9.39805603027344,,4,4.09000015258789,0.0700000002980232,91.0058975219727,984.599975585938,1694.30004882812,4932.60009765625,0,130232,183.899993896484
2003-04-01,-0.656042397022247,-0.710446178913116,6.48669958114624,,3,3.91000008583069,0.0700000002980232,90.4281005859375,1003.90002441406,1676.19995117188,4954.39990234375,0,130176,183.199996948242
2003-05-01,-0.666281282901764,-0.625229775905609,1.35490822792053,31.4,5,1.88999998569489,0.0599999986588955,90.4073028564453,1005.70001220703,1653,4991.7001953125,0,130196,182.899993896484
2003-06-01,-0.587053120136261,-0.499834984540939,0.240067929029465,25.6,10,-0.0399999991059303,0.0599999986588955,90.5217971801758,1013.90002441406,1681,5004.60009765625,0,130192,183.100006103516
2003-07-01,-0.789554119110107,-0.753977596759796,-2.79470658302307,22.5,16,2.03999996185303,0.0599999986588955,90.9896011352539,1024.90002441406,1696.80004882812,5035.2998046875,0,130184,183.699996948242
2003-08-01,-0.896371185779572,-0.914078533649445,-4.6795220375061,17.9,11,4.44000005722046,0.0700000002980232,90.7857971191406,1059.30004882812,1733.09997558594,5059.7001953125,0,130153,184.5
2003-09-01,-0.750071704387665,-0.724717497825623,-3.66928696632385,10.6,13,1.19000005722046,0.0700000002980232,91.3828964233398,1041.09997558594,1743.59997558594,5069,0,130252,185.100006103516
2003-10-01,-0.683627843856812,-0.42051038146019,0.638737082481384,11.7,15,0.910000026226044,0.0700000002980232,91.5005035400391,1036.19995117188,1730,5101.2001953125,0,130439,184.899993896484
2003-11-01,-0.586979329586029,-0.431059300899506,-0.73908257484436,9,20,2.05999994277954,0.0700000002980232,92.1265029907227,1053.5,1746.09997558594,5123,0,130482,185
2003-12-01,-0.7551189661026,-0.73630827665329,-0.115779712796211,9.3,28,4,0.0700000002980232,92.1722030639648,1051.5,1749.5,5149.39990234375,0,130594,185.5
2004-01-01,-0.575277090072632,-0.481582701206207,-1.55530655384064,28,11,1.44000005722046,0.0799999982118607,92.3270034790039,1048.09997558594,1775.30004882812,5183.7001953125,0,130766,186.300003051758
2004-02-01,-0.417940706014633,-0.307255417108536,-0.407420039176941,14.9,26,-1.36000001430511,0.0799999982118607,92.8872985839844,1065.19995117188,1764.80004882812,5210.39990234375,0,130822,186.699996948242
2004-03-01,-0.488659828901291,-0.433171808719635,-1.38611817359924,5.4,22,0.689999997615814,0.0900000035762787,92.5325012207031,1079.40002441406,1796.90002441406,5222.5,0,131139,187.100006103516
2004-04-01,-0.353598207235336,-0.264850974082947,-6.2031307220459,25,19,-0.25,0.0900000035762787,92.9095993041992,1062.80004882812,1788.09997558594,5256.2998046875,0,131409,187.399993896484
2004-05-01,-0.335133254528046,-0.32411926984787,-7.54975080490112,9.2,20,3.10999989509583,0.100000001490116,93.5838012695312,1091.5,1810,5274.89990234375,0,131693,188.199996948242
2004-06-01,-0.239093571901321,-0.163281321525574,-7.25929689407349,9.7,32,2.96000003814697,0.0900000035762787,92.8620986938477,1043.59997558594,1810.90002441406,5303.10009765625,0,131789,188.899993896484
2004-07-01,-0.0190750248730183,0.0741384476423264,-2.46846556663513,5.2,34,1.72000002861023,0.0900000035762787,93.5511016845703,1076.90002441406,1815.09997558594,5345,0,131850,189.100006103516
2004-08-01,0.14184832572937,0.206322073936462,-1.36441707611084,0.5,22,0.310000002384186,0.0900000035762787,93.6327972412109,1079,1825.09997558594,5367.5,0,131936,189.199996948242
2004-09-01,0.104487746953964,0.103885993361473,-3.48612594604492,12.8,20,0.920000016689301,0.0799999982118607,93.7417984008789,1099.30004882812,1838.69995117188,5403.5,0,132083,189.800003051758
2004-10-01,0.106675237417221,0.128231897950172,-5.36861133575439,14.9,40,-0.230000004172325,0.0799999982118607,94.5671005249023,1098.59997558594,1868,5430.39990234375,0,132435,190.800003051758
2004-11-01,0.127401858568192,0.179376378655434,-8.41621780395508,18.6,21,0.419999986886978,0.0799999982118607,94.8000030517578,1099.90002441406,1880.59997558594,5463.89990234375,0,132509,191.699996948242
2004-12-01,0.12347099930048,0.197682976722717,-11.1844472885132,15.6,36,-0.100000001490116,0.0799999982118607,95.5426025390625,1122.59997558594,1883.80004882812,5498,0,132633,191.699996948242
2005-01-01,0.220844730734825,0.247281983494759,-8.5272798538208,12.2,14,-0.800000011920929,0.0700000002980232,95.8831024169922,1096.40002441406,1886.09997558594,5515.2001953125,0,132779,191.600006103516
2005-02-01,0.156935676932335,0.128797292709351,-6.18786334991455,5.6,32,0.379999995231628,0.0700000002980232,96.5615997314453,1113.19995117188,1897.19995117188,5548.7001953125,0,133033,192.399993896484
2005-03-01,0.13952861726284,0.115004889667034,-6.95437574386597,16.5,13,0.589999973773956,0.0599999986588955,96.4371032714844,1120.19995117188,1892.69995117188,5585.5,0,133154,193.100006103516
2005-04-01,0.180009379982948,0.223507672548294,-5.60151529312134,6.2,13,2.95000004768372,0.0599999986588955,96.6279983520508,1142.80004882812,1922.40002441406,5613.2001953125,0,133515,193.699996948242
2005-05-01,0.182411432266235,0.189211502671242,-9.14456844329834,5.4,21,3.17000007629395,0.0500000007450581,96.730598449707,1116.40002441406,1913.30004882812,5641.89990234375,0,133687,193.600006103516
2005-06-01,0.174715355038643,0.166997298598289,-10.823805809021,7.9,34,2.83999991416931,0.0599999986588955,97.1488037109375,1154.59997558594,1922.69995117188,5676.10009765625,0,133939,193.699996948242
2005-07-01,-0.0153122739866376,0.0213976297527552,-12.5191822052002,15.3,29,3.05999994277954,0.0500000007450581,96.8383026123047,1202.19995117188,1947.30004882812,5704.2998046875,0,134297,194.899993896484
2005-08-01,0.0194064434617758,0.204721182584763,-11.1812839508057,10.4,37,1.55999994277954,0.0500000007450581,97.1603012084961,1139.5,1984.40002441406,5726.2001953125,0,134495,196.100006103516
2005-09-01,0.0768515691161156,0.31205016374588,-10.4894371032715,4.5,20,1.77999997138977,0.0599999986588955,95.2729034423828,1113.80004882812,2026.40002441406,5760.2998046875,0,134552,198.800003051758
2005-10-01,0.108267173171043,0.306699007749557,-11.3884220123291,13.2,23,1.87000000476837,0.0500000007450581,96.4383010864258,1099.59997558594,2051.69995117188,5787.10009765625,0,134646,199.100006103516
2005-11-01,0.140000104904175,0.308198094367981,-11.8219327926636,20.8,21,3.27999997138977,0.0500000007450581,97.4951019287109,1116.40002441406,2003.30004882812,5826.5,0,135001,198.100006103516
2005-12-01,0.202288299798965,0.373409032821655,-11.9732875823975,6.2,23,3.52999997138977,0.0500000007450581,97.9787979125977,1128.19995117188,2004.19995117188,5848.7998046875,0,135160,198.100006103516
2006-01-01,0.121359974145889,0.335901916027069,-14.9943056106567,18.7,16,3.49000000953674,0.0500000007450581,98.130500793457,1167.90002441406,2041.80004882812,5861.89990234375,0,135425,199.300003051758
2006-02-01,0.0368237048387527,0.258135437965393,-14.9099950790405,9.5,23,3.26999998092651,0.0500000007450581,98.1779022216797,1143.5,2047.90002441406,5904.60009765625,0,135732,199.399993896484
2006-03-01,0.00556119158864021,0.268903195858002,-16.1973609924316,12.8,14,4.69000005722046,0.0500000007450581,98.3898010253906,1151,2038.40002441406,5943.39990234375,0,136041,199.699996948242
2006-04-01,-0.0478640645742416,0.136224314570427,-15.6758947372437,6.3,19,4.71000003814697,0.0500000007450581,98.6769027709961,1151,2072.10009765625,5968.5,0,136210,200.699996948242
2006-05-01,0.0837769061326981,0.359280318021774,-11.7476253509521,7,17,3.76999998092651,0.0500000007450581,98.7052001953125,1147.19995117188,2076.10009765625,6008.5,0,136247,201.300003051758
2006-06-01,0.14446347951889,0.337482333183289,-10.7617044448853,8.2,26,3.16000008583069,0.0500000007450581,99.0427017211914,1149.5,2082.30004882812,6027.7998046875,0,136328,201.800003051758
2006-07-01,0.223874688148499,0.347903341054916,-7.63390207290649,0.4,17,2.61999988555908,0.0500000007450581,98.9804000854492,1168.69995117188,2116.80004882812,6058.2998046875,0,136522,202.899993896484
2006-08-01,0.229894295334816,0.44178631901741,-9.77914619445801,10,10,1.26999998092651,0.0500000007450581,99.4105987548828,1146,2123,6073.2001953125,0,136688,203.800003051758
2006-09-01,0.258999168872833,0.33746075630188,-9.93374061584473,15.6,18,-0.159999996423721,0.0399999991059303,99.220703125,1166.90002441406,2098.89990234375,6109.5,0,136825,202.800003051758
2006-10-01,0.246143341064453,0.344567477703094,-12.3607654571533,16.6,25,0.660000026226044,0.0500000007450581,99.1252975463867,1168.30004882812,2083.10009765625,6142.2001953125,0,136849,201.899993896484
2006-11-01,0.324242621660233,0.513814151287079,-13.7096452713013,10.5,32,-0.370000004768372,0.0500000007450581,99.0969009399414,1164.40002441406,2072,6163.7998046875,0,137068,202
2006-12-01,0.32582888007164,0.523470759391785,-13.0893898010254,20.4,38,-0.340000003576279,0.0500000007450581,100.112197875977,1175.5,2123.39990234375,6189.2998046875,0,137251,203.100006103516
2007-01-01,0.392066866159439,0.45024186372757,-12.5782899856567,11.8,18,0.25,0.0500000007450581,99.7571029663086,1183.5,2116.19995117188,6239,0,137475,203.436996459961
2007-02-01,0.605108439922333,0.720970392227173,-13.3138360977173,17.2,23,-4.09000015258789,0.0500000007450581,100.727500915527,1175.09997558594,2120.89990234375,6269.89990234375,0,137556,204.225997924805
2007-03-01,0.660377085208893,0.812062323093414,-13.8508434295654,10.1,21,-4.3899998664856,0.0500000007450581,100.902297973633,1178.5,2150.19995117188,6283.10009765625,0,137782,205.287994384766
2007-04-01,0.713389217853546,0.896456480026245,-7.42511224746704,8.4,13,-6.01999998092651,0.0500000007450581,101.58740234375,1181.19995117188,2151,6311.2998046875,0,137842,205.904006958008
2007-05-01,0.424861699342728,0.576763689517975,-7.71674013137817,5.2,28,-1.72000002861023,0.0599999986588955,101.629898071289,1197.69995117188,2170.30004882812,6317.7998046875,0,137993,206.755004882812
2007-06-01,0.439149409532547,0.657703697681427,-8.46415519714355,17.4,20,-2.71000003814697,0.0599999986588955,101.64820098877,1178.19995117188,2177,6351.60009765625,0,138072,207.233993530273
2007-07-01,0.335595905780792,0.597370028495789,-8.25847434997559,12.1,19,-2.8199999332428,0.0599999986588955,101.492500305176,1180.69995117188,2194.80004882812,6375.7001953125,0,138042,207.602996826172
2007-08-01,0.246601685881615,0.389272004365921,-9.06440258026123,14.8,17,0.469999998807907,0.0599999986588955,101.687400817871,1192.40002441406,2174.60009765625,6432,0,138017,207.667007446289
2007-09-01,0.176413774490356,0.359660297632217,-9.87476539611816,56,5,2.09999990463257,0.0599999986588955,101.939796447754,1202.59997558594,2195.10009765625,6447.39990234375,0,138103,208.546997070312
2007-10-01,0.161244571208954,0.345533728599548,-11.757963180542,25.9,23,3.96000003814697,0.0599999986588955,101.634498596191,1209,2196.89990234375,6476.7001953125,0,138175,209.190002441406
2007-11-01,0.149451345205307,0.311424523591995,-9.3186616897583,12,39,4.90000009536743,0.0700000002980232,102.206802368164,1197.69995117188,2245,6513.2001953125,0,138291,210.833999633789
2007-12-01,0.0983628109097481,0.201748937368393,-8.70451831817627,18,23,6.15999984741211,0.0799999982118607,102.260398864746,1180,2255.89990234375,6536.89990234375,1,138396,211.445007324219
2008-01-01,0.21051312983036,0.0762113407254219,-5.04260110855103,21.2,14,3.19000005722046,0.0799999982118607,102.139999389648,1168.40002441406,2252.60009765625,6575.39990234375,1,138397,212.17399597168
2008-02-01,0.276023536920547,0.174947574734688,-4.38277244567871,-3.7,8,2.25,0.0900000035762787,101.767097473145,1148.40002441406,2238.39990234375,6594.89990234375,1,138326,212.686996459961
2008-03-01,0.202763766050339,0.0567940212786198,-3.7960410118103,16.7,5,3.71000003814697,0.100000001490116,101.435501098633,1143.69995117188,2267.60009765625,6623.89990234375,1,138256,213.447998046875
2008-04-01,0.109519369900227,-0.000421015720348805,4.49170970916748,26.7,5,1.92999994754791,0.109999999403954,100.742401123047,1139.09997558594,2276.19995117188,6655,1,138037,213.942001342773
2008-05-01,0.0561190247535706,-0.123849026858807,2.39971971511841,-1,7,2.72000002861023,0.129999995231628,100.13200378418,1143.69995117188,2300.60009765625,6687.89990234375,1,137847,215.207992553711
2008-06-01,0.0430952943861485,-0.0759635269641876,2.80774974822998,-7.4,5,3.49000000953674,0.140000000596046,99.8650970458984,1130.40002441406,2340.60009765625,6716.10009765625,1,137689,217.462997436523
2008-07-01,0.0180088393390179,-0.0192785765975714,1.32039368152618,8.9,4,4.05999994277954,0.159999996423721,99.4214019775391,1100,2356.30004882812,6728.89990234375,1,137492,219.016006469727
2008-08-01,0.0434456393122673,0.0222858041524887,1.58342039585114,-19.9,5,3.88000011444092,0.170000001788139,97.8448028564453,1114.30004882812,2336.80004882812,6724.60009765625,1,137209,218.690002441406
2008-09-01,-0.255973190069199,-0.192993775010109,5.77419853210449,,0,11.210000038147,0.200000002980232,93.5589981079102,1073.19995117188,2303.10009765625,6740.10009765625,1,136759,218.876998901367
2008-10-01,-0.254344254732132,-0.276969462633133,7.21235418319702,,0,12.25,0.219999998807907,94.4955978393555,1026.59997558594,2262.89990234375,6744.60009765625,1,136294,216.994995117188
2008-11-01,-0.645649194717407,-0.720097482204437,10.0942573547363,-1.2,1,18.2299995422363,0.230000004172325,93.2688980102539,1002.40002441406,2153,6729.7998046875,1,135546,213.15299987793
2008-12-01,-0.536356091499329,-0.552159070968628,9.05488204956055,,0,14.5799999237061,0.219999998807907,90.6279983520508,995,2085.30004882812,6721.2001953125,1,134848,211.397994995117
2009-01-01,-0.520137310028076,-0.473233044147491,7.19516038894653,,1,11.7600002288818,0.200000002980232,88.381103515625,1023,2110.30004882812,6714,1,134066,211.932998657227
2009-02-01,-0.736350893974304,-0.692625284194946,4.1913104057312,10.1,2,15.289999961853,0.189999997615814,87.8412017822266,1006.20001220703,2130.19995117188,6688.10009765625,1,133314,212.705001831055
2009-03-01,-0.736974239349365,-0.649848759174347,6.16533803939819,,2,14.9700002670288,0.180000007152557,86.4794006347656,984.200012207031,2106.19995117188,6682.7998046875,1,132494,212.494995117188
2009-04-01,-0.890557706356049,-0.823271751403809,0.783773839473724,22.6,7,13.8500003814697,0.189999997615814,85.7882995605469,978.799987792969,2119.60009765625,6674.10009765625,1,131825,212.708999633789
2009-05-01,-0.820212423801422,-0.758743822574615,1.24057197570801,27.5,4,14.2799997329712,0.219999998807907,84.9515991210938,998.900024414062,2131.69995117188,6661,1,131470,213.022003173828
2009-06-01,-0.826444566249847,-0.823048293590546,-1.00571548938751,23.3,8,14.0200004577637,0.230000004172325,84.6928024291992,1006.40002441406,2168.10009765625,6678,1,131003,214.789993286133
2009-07-01,-0.613195955753326,-0.572139143943787,-2.38712000846863,,4,10.3800001144409,0.219999998807907,85.7043991088867,1020.79998779297,2175,6690.39990234375,0,130661,214.725997924805
2009-08-01,-0.670569598674774,-0.464387506246567,-2.39980530738831,6.2,5,11.0699996948242,0.230000004172325,86.6616973876953,1089.09997558594,2197.89990234375,6717.2001953125,0,130480,215.445007324219
2009-09-01,-0.725901007652283,-0.57399320602417,-2.46333241462708,13.8,12,9.22000026702881,0.209999993443489,87.4032974243164,995.400024414062,2207.19995117188,6725.2001953125,0,130241,215.860992431641
2009-10-01,-0.894448161125183,-0.58630383014679,0.318847566843033,0.3,13,10.960000038147,0.189999997615814,87.6035003662109,1003.59997558594,2218.80004882812,6754.2998046875,0,130061,216.509002685547
2009-11-01,-0.995122015476227,-0.598000466823578,0.12355649471283,12.2,11,11.25,0.180000007152557,87.9559020996094,1017.40002441406,2219.69995117188,6748.60009765625,0,130059,217.233993530273
2009-12-01,-0.941226184368134,-0.701881527900696,-2.70196390151978,1.8,7,10.0500001907349,0.230000004172325,88.2468032836914,1021.59997558594,2230.19995117188,6800.7998046875,0,129807,217.34700012207
2010-01-01,-0.900220453739166,-0.832312166690826,-1.56457352638245,-3.5,12,8.47000026702881,0.239999994635582,89.1911010742188,1006.09997558594,2241.5,6808.5,0,129795,217.488006591797
2010-02-01,-0.84107494354248,-0.878390729427338,-2.4824333190918,0.9,8,10.0299997329712,0.25,89.497200012207,1005.20001220703,2246.60009765625,6841.7001953125,0,129702,217.281005859375
2010-03-01,-0.860070168972015,-0.967515170574188,-3.81381821632385,12.5,15,8.86999988555908,0.270000010728836,90.1418991088867,1052,2247.19995117188,6856.89990234375,0,129865,217.352996826172
2010-04-01,-0.627122044563293,-0.758739769458771,-5.25999307632446,2.1,16,7.61999988555908,0.270000010728836,90.459098815918,1046,2257,6879.2998046875,0,130115,217.40299987793
2010-05-01,-0.625877797603607,-0.827686429023743,-5.94612503051758,8.3,14,8.98999977111816,0.239999994635582,91.7020034790039,1041.69995117188,2241.30004882812,6927.89990234375,0,130645,217.289993286133
2010-06-01,-0.374063700437546,-0.630801498889923,-4.88829660415649,6.9,15,7.71000003814697,0.230000004172325,91.8996963500977,1044.09997558594,2243.69995117188,6943.5,0,130501,217.199005126953
2010-07-01,-0.387057363986969,-0.646457850933075,-4.36804151535034,12.3,15,8.75,0.239999994635582,92.252197265625,1047.5,2246.19995117188,6974.5,0,130420,217.604995727539
2010-08-01,-0.262342363595963,-0.484947293996811,-3.64349985122681,14.1,16,7.98999977111816,0.230000004172325,92.5898971557617,1053.69995117188,2262.19995117188,6991.2001953125,0,130423,217.923004150391
2010-09-01,-0.250973284244537,-0.312129259109497,-5.94087982177734,11.5,15,7.51000022888184,0.209999993443489,92.8563995361328,1056.09997558594,2279.69995117188,6991.2998046875,0,130340,218.274993896484
2010-10-01,-0.367136627435684,-0.52979177236557,-7.05779266357422,11.6,25,7.28000020980835,0.209999993443489,92.6036987304688,1079.19995117188,2297.89990234375,7009.2998046875,0,130620,219.035003662109
2010-11-01,-0.422598212957382,-0.673117160797119,-6.59375238418579,10.5,26,9.10999965667725,0.209999993443489,92.6772994995117,1077.5,2323.39990234375,7032.7001953125,0,130754,219.589996337891
2010-12-01,-0.39720219373703,-0.534137964248657,-6.63441610336304,8.7,20,9.57999992370605,0.159999996423721,93.5850982666016,1078.69995117188,2339.80004882812,7052.5,0,130836,220.47200012207
2011-01-01,-0.378357082605362,-0.316474795341492,-6.17385625839233,15.1,16,7.69000005722046,0.150000005960464,93.394401550293,1085,2365.39990234375,7063.7998046875,0,130839,221.186996459961
2011-02-01,-0.311689257621765,-0.175844937562943,-6.41359758377075,8.4,21,6.85363626480103,0.150000005960464,92.9929962158203,1083.80004882812,2373.5,7083.39990234375,0,131054,221.897994995117
2011-03-01,-0.268072366714478,-0.202995136380196,-6.59451341629028,11.7,13,7.10863637924194,0.159999996423721,93.9820022583008,1095,2404.39990234375,7120.2998046875,0,131278,223.046005249023
2011-04-01,-0.302225679159164,-0.159112736582756,-5.9794397354126,16.8,22,7.93318176269531,0.150000005960464,93.6524963378906,1090.90002441406,2430.39990234375,7130.7998046875,0,131604,224.093002319336
2011-05-01,-0.154010459780693,0.166965514421463,-6.17956161499023,14.1,29,5.37454557418823,0.150000005960464,93.7774963378906,1081.19995117188,2425.10009765625,7165.89990234375,0,131704,224.805999755859
2011-06-01,-0.229509234428406,0.14128789305687,-5.29516267776489,8.8,18,5.88181829452515,0.140000000596046,94.0466995239258,1076.59997558594,2439.19995117188,7179,0,131936,224.805999755859
2011-07-01,-0.259295523166656,0.119905441999435,-7.31283855438232,27.6,17,6.63681840896606,0.140000000596046,94.4931030273438,1085.69995117188,2430.5,7215.39990234375,0,131992,225.395004272461
2011-08-01,-0.271790623664856,0.211709320545197,-5.17597007751465,30,5,6.52863645553589,0.140000000596046,95.0969009399414,1085.19995117188,2433.80004882812,7231.2001953125,0,132123,226.106002807617
2011-09-01,-0.196739137172699,0.099006675183773,-4.1516318321228,,3,5.91681814193726,0.140000000596046,95.0280990600586,1101.30004882812,2446.69995117188,7235.2001953125,0,132346,226.59700012207
2011-10-01,-0.25517925620079,-0.0379993841052055,-6.25354099273682,17.9,8,7.86347818374634,0.140000000596046,95.6923980712891,1114.40002441406,2446.89990234375,7241.60009765625,0,132557,226.75
2011-11-01,-0.426441818475723,-0.170039087533951,-4.64834928512573,8.7,18,10.9073915481567,0.129999995231628,95.6912994384766,1107.90002441406,2454.69995117188,7244.2001953125,0,132701,227.169006347656
2011-12-01,-0.470725297927856,-0.208955124020576,-4.17219734191895,1.8,10,11.710000038147,0.129999995231628,96.1938018798828,1114.90002441406,2444.80004882812,7258.10009765625,0,132902,227.223007202148
2012-01-01,-0.431964486837387,-0.275578826665878,-5.35929107666016,9.1,6,10.8004760742188,0.122180335223675,96.7789993286133,1130.40002441406,2470,7296.39990234375,0,133243,227.841995239258
2012-02-01,-0.350981771945953,-0.274857372045517,-7.84799575805664,20,20,9.2380952835083,0.118549272418022,97.0959014892578,1145.90002441406,2501.30004882812,7340,0,133521,228.328994750977
2012-03-01,-0.344653367996216,-0.140415757894516,-9.32321071624756,24.6,24,9.50285720825195,0.12065801024437,96.5919036865234,1138,2500.5,7355.39990234375,0,133745,228.807006835938
2012-04-01,-0.339712888002396,-0.219956263899803,-5.65543413162231,17.8,20,9.55523777008057,0.121887028217316,97.2941970825195,1137.40002441406,2500.69995117188,7380.5,0,133828,229.186996459961
2012-05-01,-0.326167315244675,-0.248788461089134,-5.35642910003662,14.9,13,9.23047637939453,0.125950023531914,97.4852981567383,1133.40002441406,2486.60009765625,7386.7998046875,0,133935,228.712997436523
2012-06-01,-0.460682660341263,-0.373144328594208,-4.25964784622192,12.3,8,11.2723808288574,0.121748082339764,97.4959030151367,1129.90002441406,2461.19995117188,7398.7998046875,0,134008,228.524002075195
2012-07-01,-0.323031485080719,-0.232940480113029,-3.85130715370178,15.9,19,10.0930004119873,0.122976690530777,97.6921997070312,1134.69995117188,2460.30004882812,7421.7998046875,0,134153,228.589996337891
2012-08-01,-0.335050910711288,-0.182389408349991,-6.4417290687561,14.9,11,9.4040002822876,0.123961754143238,97.3060989379883,1138.40002441406,2498.5,7419.10009765625,0,134329,229.917999267578
2012-09-01,-0.333017915487289,-0.206225678324699,-7.02919244766235,29.6,10,8.89700031280518,0.121432639658451,97.2382965087891,1151.90002441406,2511.60009765625,7441.7998046875,0,134512,231.014999389648
2012-10-01,-0.26947221159935,-0.0777508020401001,-5.03508901596069,14.2,28,9.50949954986572,0.121955372393131,97.5425033569336,1141.19995117188,2524.39990234375,7471.89990234375,0,134672,231.638000488281
2012-11-01,-0.407453566789627,-0.269519120454788,-5.6346583366394,2.4,12,11.2440004348755,0.116382367908955,97.9339981079102,1169.40002441406,2509.89990234375,7499.10009765625,0,134831,231.248992919922
2012-12-01,-0.437212020158768,-0.307904332876205,-6.17555809020996,24.2,8,11.4949998855591,0.11649801582098,98.1984024047852,1180.09997558594,2497.19995117188,7503.89990234375,0,135074,231.220993041992
2013-01-01,-0.351576775312424,-0.197408422827721,0.788018643856049,17.8,13,10.4455003738403,0.117323704063892,98.2029037475586,1193.09997558594,2543.39990234375,7515.7998046875,0,135263,231.679000854492
2013-02-01,-0.220717310905457,-0.0297496542334557,0.922919809818268,32.3,10,9.50450038909912,0.119415394961834,98.6733016967773,1194.19995117188,2561.69995117188,7534.60009765625,0,135548,232.936996459961
2013-03-01,-0.155621096491814,-0.025355763733387,-0.143639609217644,13.9,17,9.47799968719482,0.119401060044765,99.0787963867188,1181.90002441406,2535.80004882812,7572.39990234375,0,135690,232.281997680664
2013-04-01,-0.258009672164917,-0.074460431933403,1.14761221408844,13.6,16,9.4370002746582,0.119523391127586,98.9657974243164,1184.09997558594,2512.19995117188,7584.7998046875,0,135876,231.796997070312
2013-05-01,-0.202693924307823,-0.0377223864197731,-1.70386981964111,17,31,8.70199966430664,0.119188636541367,99.0567016601562,1189.30004882812,2526.89990234375,7605.39990234375,0,136090,231.893005371094
2013-06-01,-0.142823025584221,0.0337272100150585,-2.56926155090332,19.3,25,7.63749980926514,0.125427708029747,99.2424011230469,1189.5,2529.69995117188,7625.2998046875,0,136269,232.445007324219
2013-07-01,-0.232193604111671,-0.041500810533762,-4.25405788421631,19.3,23,8.80350017547607,0.123993150889874,98.9257965087891,1193.59997558594,2549.30004882812,7629.7001953125,0,136391,232.899993896484
2013-08-01,-0.13858363032341,-0.0468515865504742,-5.01721572875977,20.7,16,8.23750019073486,0.123023681342602,99.5058975219727,1190.80004882812,2550.19995117188,7665.5,0,136634,233.455993652344
2013-09-01,-0.113418444991112,-0.0404356829822063,-7.5517578125,30.1,24,8.9069995880127,0.121570274233818,100.039100646973,1191.40002441406,2560.5,7694,0,136819,233.544006347656
2013-10-01,-0.165917500853539,-0.0777849107980728,-4.60807132720947,24.1,33,8.85799980163574,0.126141458749771,99.9203033447266,1194.59997558594,2566,7737.39990234375,0,137039,233.669006347656
2013-11-01,-0.223302513360977,-0.148823693394661,-5.9700140953064,20.8,31,10.8929996490479,0.128551155328751,100.16609954834,1205.30004882812,2577.89990234375,7779.2998046875,0,137312,234.100006103516
2013-12-01,-0.110373392701149,-0.0449237301945686,-6.68334722518921,24.1,13,9.4689998626709,0.128662869334221,100.377700805664,1193.69995117188,2591.30004882812,7808.2001953125,0,137367,234.718994140625
2014-01-01,-0.307821869850159,-0.214119479060173,-10.9224433898926,27.6,19,9.8745002746582,0.129223644733429,99.9990005493164,1177.5,2589.39990234375,7811.89990234375,0,137551,235.287994384766
2014-02-01,-0.269680291414261,-0.192101746797562,-13.0551824569702,9.4,23,9.5600004196167,0.126969859004021,100.75830078125,1208.90002441406,2610.80004882812,7817.2001953125,0,137710,235.546997070312
2014-03-01,-0.257989138364792,-0.1544229388237,-9.74638843536377,28.8,32,9.68599987030029,0.121568858623505,101.776702880859,1236.30004882812,2608.10009765625,7877.89990234375,0,137987,236.02799987793
2014-04-01,-0.268843978643417,-0.180965527892113,-3.90898036956787,10.4,28,9.3120002746582,0.123010776937008,101.842498779297,1234.69995117188,2639,7888.60009765625,0,138298,236.468002319336
2014-05-01,-0.21932278573513,-0.160270214080811,-4.73304224014282,10.5,23,9.76500034332275,0.118936739861965,102.259399414062,1243.5,2636.30004882812,7927.5,0,138500,236.917999267578
2014-06-01,-0.178973004221916,-0.150550544261932,-6.72923755645752,13.3,32,9.83100032806396,0.118428647518158,102.598602294922,1254.5,2649.5,7957.7001953125,0,138833,237.231002807617
2014-07-01,-0.0441262312233448,-0.0614724308252335,-5.33035707473755,12.3,37,8.53299999237061,0.120838560163975,102.816299438477,1253.80004882812,2660.5,7990.10009765625,0,139076,237.498001098633
2014-08-01,-0.0842281058430672,-0.068521536886692,-6.43652057647705,11.4,14,9.89700031280518,0.116967909038067,102.656196594238,1264,2670.10009765625,8049.5,0,139257,237.460006713867
2014-09-01,-0.0259777586907148,0.0441121086478233,-5.54631328582764,22.2,17,10.3400001525879,0.119540497660637,102.977600097656,1266,2651.30004882812,8074.10009765625,0,139564,237.477005004883
2014-10-01,-0.127564519643784,-0.101352050900459,-6.06183767318726,5.2,36,11.3760004043579,0.114410787820816,102.989196777344,1269.80004882812,2666.19995117188,8128.7001953125,0,139804,237.429992675781
2014-11-01,-0.0671762973070145,-0.0284976679831743,-4.51994228363037,15.7,28,11.2119998931885,0.112145289778709,103.640197753906,1279,2655.80004882812,8149.10009765625,0,140088,236.983001708984
2014-12-01,-0.014900497160852,0.0398138985037804,-4.75471353530884,23.6,16,10.59850025177,0.109320752322674,103.634498596191,1279.19995117188,2634.69995117188,8182.2001953125,0,140366,236.251998901367
2015-01-01,0.114880926907063,0.169076472520828,-6.56542348861694,30.1,14,10.5059995651245,0.111161984503269,102.82389831543,1280.19995117188,2587,8199.5,0,140562,234.746994018555
2015-02-01,0.162043318152428,0.2146315574646,-7.77863788604736,-6,12,9.9060001373291,0.11768040060997,102.151298522949,1283.80004882812,2604.60009765625,8228.2998046875,0,140831,235.341995239258
2015-03-01,0.110650159418583,0.162344038486481,-9.92740535736084,4.5,10,9.09888935089111,0.121796078979969,101.823997497559,1309.19995117188,2625.69995117188,8241.2001953125,0,140925,235.975997924805
2015-04-01,-0.0844018310308456,-0.0407818183302879,-6.56306743621826,30.3,17,9.18777751922607,0.117578633129597,101.244003295898,1315.90002441406,2617.39990234375,8275.7998046875,0,141202,236.22200012207
2015-05-01,-0.0532514713704586,0.0393387414515018,-7.94052743911743,6.3,23,8.77333354949951,0.112764440476894,100.782997131348,1319.59997558594,2649.39990234375,8306.5,0,141539,237.001007080078
2015-06-01,-0.00131558463908732,0.10236532241106,-10.1118316650391,29.3,30,8.493332862854,0.112893089652061,100.478103637695,1317.80004882812,2656.69995117188,8333.400390625,0,141695,237.656997680664
2015-07-01,-0.181726366281509,-0.0585539154708385,-10.1828460693359,24.6,23,10.6683330535889,0.10735709220171,101.105201721191,1324.69995117188,2676.5,8363.7001953125,0,141989,238.033996582031
2015-08-01,-0.19252336025238,-0.08554457873106,-10.5211029052734,19.4,10,11.2833337783813,0.110606983304024,100.944198608398,1330.90002441406,2672.5,8392.7998046875,0,142130,238.033004760742
2015-09-01,-0.293098747730255,-0.185225993394852,-8.43436431884766,38,7,12.2594442367554,0.106904394924641,100.650703430176,1325.09997558594,2651.10009765625,8410.2001953125,0,142265,237.498001098633
2015-10-01,-0.341620177030563,-0.182083055377007,-8.92604064941406,3.6,20,12.1666669845581,0.104332849383354,100.187103271484,1317.5,2637.19995117188,8440.2001953125,0,142584,237.733001708984
2015-11-01,-0.419872164726257,-0.201897352933884,-10.4571094512939,13.3,14,12.3022222518921,0.103830955922604,99.4382019042969,1332.09997558594,2649.39990234375,8441.7001953125,0,142810,238.016998291016
2015-12-01,-0.390093773603439,-0.173408761620522,-9.80466556549072,32.3,2,11.4499998092651,0.103254176676273,98.9390029907227,1332.80004882812,2644.60009765625,8474.599609375,0,143083,237.761001586914
2016-01-01,-0.468541771173477,-0.297610431909561,-6.73049211502075,,0,13.7494440078735,0.103340081870556,99.4558029174805,1329.69995117188,2630.19995117188,8518,0,143196,237.651992797852
2016-02-01,-0.445440798997879,-0.29950425028801,-5.51442718505859,-4.3,5,13.4877777099609,0.0944772735238075,98.9135971069336,1353.09997558594,2631,8570.5,0,143411,237.335998535156
2016-03-01,-0.400157928466797,-0.2421785145998,-5.60827827453613,-2.5,4,12.6350002288818,0.0883068591356277,98.1906967163086,1333.19995117188,2637.39990234375,8566.400390625,0,143666,238.080001831055
2016-04-01,-0.403010815382004,-0.267532676458359,-1.07558417320251,7,8,11.1044445037842,0.0882614254951477,98.4669036865234,1339.19995117188,2660,8612.2998046875,0,143856,238.992004394531
2016-05-01,-0.371620446443558,-0.276859432458878,-3.12572050094604,8.9,19,10.9555559158325,0.0869211107492447,98.2518005371094,1340.19995117188,2672.30004882812,8640.2001953125,0,143901,239.557006835938
2016-06-01,-0.311232715845108,-0.237231001257896,-1.44706189632416,32,9,11.1255559921265,0.0796979367733002,98.7275009155273,1358.19995117188,2701.5,8671.5,0,144152,240.22200012207
2016-07-01,-0.231187641620636,-0.153481960296631,-3.94036912918091,11.5,11,9.75944423675537,0.0805943459272385,98.8359985351562,1365.59997558594,2676.39990234375,8714.7001953125,0,144515,240.100997924805
2016-08-01,-0.230324327945709,-0.135446891188622,-4.61478137969971,3,8,10.0727777481079,0.0804323330521584,98.7554016113281,1363.40002441406,2682.19995117188,8742.5,0,144664,240.544998168945
2016-09-01,-0.339509308338165,-0.249675363302231,-6.24996948242188,46,17,11.6044445037842,0.0847940370440483,98.6595993041992,1369.90002441406,2694.80004882812,8781.900390625,0,144961,241.175994873047
2016-10-01,-0.326469957828522,-0.23909604549408,-6.74539947509766,9.5,21,11.9916667938232,0.0848899930715561,98.7322006225586,1375.5,2701.5,8790.099609375,0,145069,241.740997314453
2016-11-01,-0.275163769721985,-0.254524111747742,-6.29337406158447,-0.1,3,11.539999961853,0.0873604640364647,98.3451995849609,1357.69995117188,2700.69995117188,8834.7001953125,0,145188,242.026000976562
2016-12-01,-0.287372946739197,-0.327456206083298,-5.39556789398193,9.9,8,11.4694442749023,0.0895423218607903,99.0314025878906,1392.09997558594,2730.60009765625,8883.2001953125,0,145410,242.636993408203
2017-01-01,-0.369172304868698,-0.32865434885025,-7.94036817550659,5.1,10,11.1883335113525,0.0860867649316788,98.798698425293,1384.90002441406,2751.5,8927.2998046875,0,145636,243.61799621582
2017-02-01,-0.331235647201538,-0.257473975419998,-8.1267786026001,1.9,8,10.2250003814697,0.0864920690655708,98.4321975708008,1390.30004882812,2757.69995117188,8940.400390625,0,145848,244.005996704102
2017-03-01,-0.290473699569702,-0.253523021936417,-9.18797779083252,15.5,14,9.85999965667725,0.0880490839481354,99.0662994384766,1380.09997558594,2770.19995117188,8989.7001953125,0,145976,243.891998291016
2017-04-01,-0.363316923379898,-0.313897579908371,1.84258615970612,12.2,20,8.17625045776367,0.0869271978735924,100.008201599121,1390.80004882812,2778.60009765625,8999.7001953125,0,146173,244.192993164062
2017-05-01,-0.275673598051071,-0.213001698255539,0.956966519355774,3.4,19,7.82499980926514,0.0889539867639542,100.128601074219,1388.80004882812,2755.80004882812,9027.2001953125,0,146389,244.003997802734
2017-06-01,-0.369801104068756,-0.321749746799469,-0.191386222839355,7.6,23,8.35375022888184,0.0879247188568115,100.323303222656,1403.5,2771.39990234375,9050.2001953125,0,146588,244.162994384766
2017-07-01,-0.387621343135834,-0.335457444190979,-0.932188212871552,28.3,15,9.27624988555908,0.0895945653319359,100.094703674316,1412.59997558594,2763,9087.599609375,0,146772,244.24299621582
2017-08-01,-0.426144510507584,-0.338161826133728,-1.50638604164124,-4.9,8,9.84062480926514,0.0853831395506859,99.6641998291016,1403.5,2788.80004882812,9102.400390625,0,146907,245.182998657227
2017-09-01,-0.241729348897934,-0.185540348291397,-1.32949268817902,24.9,19,8.41874980926514,0.0815642327070236,99.7686004638672,1437.30004882812,2842.89990234375,9137.099609375,0,146999,246.434997558594
2017-10-01,-0.208734929561615,-0.208734825253487,-2.85816812515259,36.5,22,8.45250034332275,0.0810599476099014,100.998100280762,1447.09997558594,2825.80004882812,9174.599609375,0,147146,246.626007080078
2017-11-01,-0.222833558917046,-0.176741734147072,-1.5732753276825,9.2,32,9.19312477111816,0.0786505416035652,101.259696960449,1467,2856.89990234375,9216.7001953125,0,147375,247.283996582031
2017-12-01,-0.210726276040077,-0.180929839611053,-1.34983384609222,7.2,12,8.19624996185303,0.0774603933095932,101.457298278809,1485,2893,9288,0,147521,247.804992675781
2018-01-01,-0.126067608594894,-0.118209972977638,-5.17777729034424,27.6,20,7.83750009536743,0.0795601159334183,101.393898010254,1478.19995117188,2906.89990234375,9318.2001953125,0,147667,248.858993530273
2018-02-01,-0.0640998333692551,-0.0417173355817795,-6.71214723587036,-2.9,19,6.8899998664856,0.0775226354598999,101.765602111816,1490.69995117188,2906.89990234375,9341.2001953125,0,148054,249.529006958008
2018-03-01,-0.010397550649941,0.0529213100671768,-7.38205528259277,22.7,17,6.72375011444092,0.0766471102833748,102.244102478027,1481.09997558594,2900,9412.099609375,0,148280,249.576995849609
2018-04-01,-0.26944375038147,-0.199067249894142,-5.38737201690674,29.7,13,5.5631251335144,0.0743078142404556,103.346801757812,1478.40002441406,2909.10009765625,9451,0,148426,250.227005004883
2018-05-01,-0.293271392583847,-0.180696174502373,-6.89377450942993,10.4,23,6.38625001907349,0.0745838731527328,102.391098022461,1498.80004882812,2939.30004882812,9466.900390625,0,148755,250.792007446289
2018-06-01,-0.293700963258743,-0.184152349829674,-8.86121940612793,22.6,36,6.59375,0.0761734545230865,103.192398071289,1487.19995117188,2916.89990234375,9526.2998046875,0,148968,251.018005371094
2018-07-01,-0.24224428832531,-0.154811277985573,-7.72848081588745,21.5,25,6.875,0.0764417052268982,103.333396911621,1492.59997558594,2926.30004882812,9555.900390625,0,149023,251.214004516602
2018-08-01,-0.237537637352943,-0.203267067670822,-10.3735866546631,11.4,15,7.15625,0.0783169567584991,104.080703735352,1497,2929.10009765625,9587.900390625,0,149274,251.662994384766
2018-09-01,-0.289445281028748,-0.266358882188797,-9.11667060852051,26.1,24,7.45562505722046,0.0824277251958847,104.118103027344,1485.19995117188,2937.10009765625,9595.5,0,149361,252.182006835938
2018-10-01,-0.337725579738617,-0.244522258639336,-5.02948570251465,21.3,27,11.0124998092651,0.0792013555765152,103.939697265625,1483.90002441406,2958,9641.099609375,0,149525,252.772003173828
2018-11-01,-0.376686006784439,-0.349702000617981,-5.48121309280396,0.9,11,10.21875,0.0797050297260284,104.000701904297,1519.59997558594,2976.30004882812,9667.099609375,0,149622,252.593994140625
2018-12-01,-0.42331075668335,-0.286996722221375,-4.81855201721191,-1.4,9,10.9012498855591,0.0810683518648148,103.994598388672,1473.30004882812,2898.69995117188,9679.7001953125,0,149804,252.766998291016
2019-01-01,-0.253060907125473,-0.119904078543186,-9.62976932525635,-6.6,8,9.88624954223633,0.074375331401825,103.373001098633,1469.69995117188,2932.39990234375,9686.2998046875,0,150062,252.561004638672
2019-02-01,-0.210550650954247,-0.0516498237848282,-9.05130958557129,3.3,20,9.46125030517578,0.0766715034842491,102.829200744629,1474.19995117188,2933.19995117188,9708.099609375,0,150067,253.319000244141
2019-03-01,-0.166096940636635,0.00682172225788236,-9.09995079040527,30.6,13,9.03499984741211,0.0755351483821869,102.828598022461,1502,2974.19995117188,9764,0,150294,254.276992797852
2019-04-01,-0.207288771867752,0.0488903038203716,-9.27869606018066,29.3,18,9.42249965667725,0.0796656832098961,102.248100280762,1491.90002441406,3000.5,9785.900390625,0,150602,255.233001708984
2019-05-01,-0.13848078250885,-0.0117477308958769,-9.28256320953369,20.9,33,9.40750026702881,0.0855748727917671,102.41919708252,1523.80004882812,3006.30004882812,9810.7001953125,0,150640,255.296005249023
2019-06-01,-0.0716085880994797,0.125690206885338,-9.18801212310791,38.8,24,9.66374969482422,0.0904746651649475,102.489303588867,1527.40002441406,3012.30004882812,9851.5,0,150844,255.212997436523
2019-07-01,-0.0690276771783829,0.14668208360672,-10.3118352890015,22.8,24,8.78999996185303,0.0904426500201225,102.023597717285,1533.59997558594,3032,9906.2001953125,0,150934,255.802001953125
2019-08-01,-0.00639184284955263,0.218302577733994,-8.3699312210083,12.8,10,9.00374984741211,0.0889787673950195,102.775398254395,1538.5,3036.89990234375,9950.2998046875,0,151155,256.036010742188
2019-09-01,-0.0230029039084911,0.258687645196915,-6.06425189971924,21.2,15,8.47749996185303,0.0888771340250969,102.53150177002,1550.69995117188,3018.89990234375,9986,0,151358,256.429992675781
2019-10-01,-0.16985397040844,0.108694963157177,-7.6274676322937,8.8,20,8.49187469482422,0.0912909433245659,101.602203369141,1533.19995117188,3033.30004882812,10017.400390625,0,151458,257.154998779297
2019-11-01,-0.135278537869453,0.128465905785561,-8.49796390533447,13.1,28,8.66062545776367,0.0930799692869186,102.148002624512,1562.59997558594,3040.69995117188,10075.2998046875,0,151666,257.878997802734
2019-12-01,-0.141486257314682,0.171037569642067,-8.57733058929443,53.4,13,8.43937492370605,0.093927264213562,101.884002685547,1564.69995117188,3056.89990234375,10119.7998046875,0,151792,258.630004882812
2020-01-01,0.0261921435594559,0.285547465085983,-11.5615100860596,45,13,7.17437505722046,0.10167870670557,101.376800537109,1544,3053.5,10218.099609375,0,152045,258.906005859375
2020-02-01,-0.0882458388805389,0.0667575374245644,-14.4170751571655,24.9,20,9.5181245803833,0.106576442718506,101.633003234863,1551.19995117188,3051.19995117188,10208.2998046875,1,152309,259.246002197266
2020-03-01,-0.191160157322884,0.0890116468071938,-13.9296474456787,-8.9,5,11.5331249237061,0.0960410311818123,97.6671981811523,1344.09997558594,3134.39990234375,9314.5,1,150898,258.149993896484
2020-04-01,-0.188078969717026,0.314496755599976,-5.31308460235596,38.5,9,11.3362503051758,0.0874670222401619,84.597900390625,1178.69995117188,2730.19995117188,8319.400390625,1,130421,256.126007080078
2020-05-01,-0.186216622591019,0.042396318167448,-9.39216041564941,35.4,17,11.383749961853,0.0876949578523636,85.9731979370117,1539.80004882812,2947.39990234375,8764.2998046875,0,133040,255.848007202148
2020-06-01,-0.0943349078297615,0.135514184832573,-10.9906330108643,36.7,36,10.4937496185303,0.0986602529883385,91.5625,1684.30004882812,3095.19995117188,9247.599609375,0,137655,257.003997802734
2020-07-01,-0.0407853573560715,0.0783550292253494,-13.9902238845825,44.5,46,10.7162504196167,0.102232806384563,95.0143966674805,1745.09997558594,3140.80004882812,9399.2998046875,0,139240,258.407989501953
2020-08-01,-0.0269370600581169,0.104798160493374,-15.9841928482056,61.9,46,10.4281253814697,0.106531850993633,95.8880996704102,1764.69995117188,3135.30004882812,9528.2998046875,0,140774,259.365997314453
2020-09-01,-0.0294604990631342,0.026931393891573,-15.2055072784424,33.4,65,10.2825002670288,0.111341714859009,95.8443984985352,1788.09997558594,3196,9670.900390625,0,141820,259.950988769531
2020-10-01,0.100746259093285,0.120684191584587,-17.533863067627,18.2,92,9.91125011444092,0.117800131440163,96.42919921875,1791.90002441406,3170.39990234375,9740.2001953125,0,142493,260.248992919922
2020-11-01,0.181474417448044,0.292093187570572,-20.6630172729492,38.5,42,9.2162504196167,0.120126411318779,96.8563995361328,1787.09997558594,3157.10009765625,9731.5,0,142761,260.894989013672
2020-12-01,0.346753716468811,0.311904489994049,-23.326150894165,84.7,73,8.72687530517578,0.128143697977066,97.9754028320312,1827.69995117188,3199.30004882812,9774.900390625,0,142518,262.005004882812
2021-01-01,0.711535453796387,0.658649861812592,-25.174165725708,37.8,119,6.76312494277954,0.137518167495728,98.7835998535156,1880,3281.60009765625,9885.7998046875,0,142916,262.518005371094
2021-02-01,1.03745937347412,1.1366571187973,-25.8328552246094,32.3,131,5.50500011444092,0.148024529218674,95.374397277832,1818.59997558594,3229.80004882812,9899.7001953125,0,143443,263.5830078125
2021-03-01,1.24908459186554,0.474506199359894,-22.3231620788574,21.3,151,4.46250009536743,0.166911885142326,98.1351013183594,2074.30004882812,3440,10143.2001953125,0,144274,264.910003662109
2021-04-01,0.982750713825226,-0.190649420022964,-11.9547576904297,37.9,48,6.32250022888184,0.177894130349159,98.2885971069336,2100.80004882812,3464.5,10288.900390625,0,144593,266.752014160156
2021-05-01,1.13112783432007,0.181805044412613,-10.4281349182129,34.9,43,6.97312498092651,0.179605543613434,99.1508026123047,2040.30004882812,3445.39990234375,10404.2998046875,0,145044,268.451995849609
2021-06-01,1.24517786502838,0.597148060798645,-14.2816047668457,37.7,79,6.76125001907349,0.174014732241631,99.5095977783203,2034.09997558594,3524,10550.2998046875,0,145822,270.664001464844
2021-07-01,1.42480325698853,0.945153474807739,-13.7157707214355,24.4,98,7.88562488555908,0.174814388155937,100.123100280762,1962.59997558594,3494.19995117188,10694.099609375,0,146761,271.993988037109
2021-08-01,1.66462469100952,1.17715036869049,-16.0195732116699,23.4,40,6.47249984741211,0.173206940293312,100.125503540039,1972.69995117188,3557.10009765625,10775.7998046875,0,147226,272.789001464844
2021-09-01,1.74707746505737,1.32082414627075,-16.1722202301025,33.7,53,3.96875,0.171267822384834,99.0614013671875,1982.90002441406,3578.19995117188,10837.7998046875,0,147706,273.886993408203
2021-10-01,1.7395943403244,1.32215666770935,-17.622049331665,10,101,4.44999980926514,0.170677334070206,100.304496765137,2063.89990234375,3633.89990234375,10916,0,148566,276.433990478516
2021-11-01,2.04374837875366,1.652064204216,-14.1671171188354,70.7,92,2.08312511444092,0.172947287559509,101.19709777832,2078.89990234375,3670.19995117188,10992.5,0,149197,278.799011230469
2021-12-01,2.28994131088257,2.00588989257812,-9.90009689331055,19.4,63,1.23312497138977,0.163229137659073,100.886001586914,2067.69995117188,3683.80004882812,11047.7001953125,0,149763,280.808013916016
2022-01-01,2.26740884780884,2.00331687927246,-10.592248916626,3.4,37,-0.0643749982118607,0.15085931122303,101.02269744873,2134.19995117188,3701.39990234375,11053,0,150014,282.390014648438
2022-02-01,2.06891512870789,1.67584621906281,-12.1966781616211,87.9,34,1.109375,0.134377345442772,101.676597595215,2111.60009765625,3740,11148.099609375,0,150876,284.535003662109
2022-03-01,1.82524025440216,1.3888064622879,-12.1425037384033,2.7,14,-1.1599999666214,0.113861873745918,102.477996826172,2116.39990234375,3834.19995117188,11253,0,151370,287.553009033203
2022-04-01,1.36841607093811,0.706060826778412,3.29403042793274,159.2,17,1.56749999523163,0.110708437860012,102.795303344727,2142.80004882812,3841.5,11326.2001953125,0,151642,288.764007568359
2022-05-01,1.2451913356781,1.47060537338257,6.44724798202515,6.4,15,2.41499996185303,0.10475117713213,102.776901245117,2110,3882.80004882812,11392.099609375,0,151928,291.359008789062
2022-06-01,1.17730808258057,1.5042816400528,6.96566295623779,61.9,9,4.1256251335144,0.0958150625228882,102.686302185059,2116,3950.30004882812,11483.7001953125,0,152348,294.996002197266
2022-07-01,1.0109806060791,1.41115427017212,3.44535803794861,126.6,4,3.93187499046326,0.0859996303915977,103.132797241211,2126.69995117188,3898.39990234375,11531.2998046875,0,153038,294.976989746094
2022-08-01,1.10703659057617,1.45773541927338,2.79046177864075,19.4,19,1.90937495231628,0.0855269804596901,103.234397888184,2146.30004882812,3898.39990234375,11647.5,0,153281,295.209014892578
2022-09-01,0.978006899356842,1.2786648273468,3.65292453765869,-9,11,3.4762499332428,0.0754351392388344,103.528297424316,2156.39990234375,3914.30004882812,11733.2998046875,0,153536,296.341003417969
2022-10-01,0.887896358966827,1.13018071651459,7.51186513900757,14.2,6,3.08999991416931,0.0651334375143051,103.411399841309,2172.10009765625,3942.19995117188,11800.7998046875,0,153897,297.863006591797
2022-11-01,0.642957031726837,0.905373156070709,10.560905456543,-10.9,5,5.08937501907349,0.0495288968086243,103.070701599121,2111.5,3922.19995117188,11858.900390625,0,154155,298.648010253906
2022-12-01,0.287088572978973,0.524881839752197,13.9368515014648,-18.1,7,6.59000015258789,0.0480538904666901,101.484802246094,2103.39990234375,3891.60009765625,11948.5,0,154291,298.81201171875
2023-01-01,0.215324968099594,0.345362544059753,8.62413597106934,0.3,8,6.80312490463257,0.04128772392869,102.547798156738,2213.69995117188,3934.5,12081.400390625,0,154773,300.355987548828
2023-02-01,0.326214969158173,0.500220239162445,8.03993892669678,4.4,14,5.72687482833862,0.0427906215190887,102.567100524902,2203.60009765625,3960.60009765625,12132.400390625,0,155060,301.509002685547
2023-03-01,0.276835262775421,0.662359178066254,7.81607961654663,1.6,18,7.6100001335144,0.0463878065347672,102.659202575684,2167.30004882812,3921.89990234375,12193.400390625,0,155206,301.743988037109
2023-04-01,-0.117468744516373,0.27830758690834,9.31982612609863,143,15,8.08937454223633,0.0436742231249809,103.15119934082,2183.69995117188,3955.39990234375,12224.7001953125,0,155484,303.032012939453
2023-05-01,-0.238203972578049,0.0421593450009823,4.57920455932617,21.3,9,8.41499996185303,0.047931682318449,102.924003601074,2202.80004882812,3941.89990234375,12263,0,155787,303.364990234375
2023-06-01,-0.226543068885803,-0.000786198885180056,4.66884899139404,16.7,9,7.93125009536743,0.0496806465089321,102.300201416016,2194.19995117188,3955.89990234375,12335.2998046875,0,156027,304.002990722656
2023-07-01,-0.0375692248344421,0.0590222179889679,3.60632538795471,12,14,7.62312507629395,0.0512611120939255,103.190002441406,2206.89990234375,3981.30004882812,12407.2001953125,0,156211,304.627990722656
2023-08-01,-0.0415352806448936,0.148578718304634,4.47209930419922,-6.2,12,8.11499977111816,0.0497140735387802,103.114097595215,2193.10009765625,4035.5,12422.900390625,0,156421,306.18701171875
2023-09-01,-0.036614652723074,0.1952123939991,5.06411695480347,3.3,17,7.42999982833862,0.0512084178626537,103.297401428223,2213.39990234375,4065,12513,0,156667,307.287994384766
2023-10-01,-0.0641102567315102,0.211012482643127,7.82686281204224,-13.5,14,9.71000003814697,0.0500209853053093,102.568298339844,2191.10009765625,4059.69995117188,12576.099609375,0,156832,307.531005859375
2023-11-01,-0.352550327777863,-0.0938593968749046,5.29255628585815,-15.7,15,9.64562511444092,0.0492422915995121,102.904899597168,2195.69995117188,4046.69995117188,12660.5,0,157014,308.023986816406
2023-12-01,-0.405537456274033,-0.181039303541183,2.9844765663147,,7,10.4624996185303,0.0451546534895897,102.57430267334,2219.80004882812,4054,12739.900390625,0,157304,308.742004394531
