"cz","cz_name","state","children_in_1980_82_cohorts","am_80_82_cohort","rm_80_82_cohort","p_child_in_q5_parent_in_q1_80_85_cohort","am_college_attendance","rm_college_attendance","am_teenage_birth","rm_teenage_birth","am_females","rm_females","am_males","rm_males","am_males_individual_income","rm_males_individual_income","am_cost_of_living_adjusted","rm_cost_of_living_adjusted","am_2011_2012_parent_income","rm_2011_2012_parent_income","am_single_parents","rm_single_parents","am_married_parents","rm_married_parents","am_83_85_cohort","rm_83_85_cohort","am_80_85_cohort","rm_80_85_cohort","am_white_80_zips","rm_white_80_zips","am_poverty_line","rm_poverty_line","am_college_quality","rm_college_quality"
100,"Johnson City","TN",18494,38.3875,0.3717,0.0621988102793694,33.66625,0.87497,23.1315,-0.31138,39.97675,0.38227,36.83775,0.36175,40.401,0.34168,39.95,0.35808,38.91025,0.33133,36.68425,0.35865,39.35525,0.35337,40.02,0.34876,39.21575,0.35919,38.368,0.37188,66.56876,0.40215,35.08313,0.20682
200,"Morristown","TN",7760,37.77675,0.35611,0.0536519400775433,32.68875,0.77467,27.156,-0.33872,38.7855,0.37426,36.81325,0.33785,40.4385,0.31502,39.361,0.3498,37.97425,0.33409,36.5295,0.3525,38.56425,0.33909,39.36175,0.37071,38.60225,0.36217,37.77675,0.35611,65.30325,0.43897,34.7445,0.16901
301,"Middlesborough","TN",2217,39.04925,0.37557,0.0726351365447044,40.9725,0.67994,23.18125,-0.26063,41.348,0.36896,36.79175,0.38091,40.5835,0.34866,41.008,0.3552,37.82975,0.34943,35.52075,0.31827,40.24225,0.35485,39.953,0.35244,39.516,0.3624,39.0695,0.3749,65.01175,0.48347,36.09037,0.158215
302,"Knoxville","TN",23805,37.84125,0.37253,0.0562812127172947,32.35125,0.85705,24.969,-0.32944,39.60825,0.37445,36.1375,0.3705,39.724,0.3434,39.2465,0.36466,38.5975,0.34286,35.8915,0.34782,39.227,0.3496,39.50275,0.33015,38.691,0.35036,38.7205,0.35782,65.60225,0.39677,34.77657,0.20817
401,"Winston-Salem","NC",16103,36.96925,0.38913,0.0448007918894291,42.95475,0.73715,26.32775,-0.35645,38.80675,0.39667,35.0955,0.38314,38.7825,0.35758,37.583,0.38244,38.99625,0.35405,34.595,0.38944,40.28375,0.32775,38.227,0.35884,37.6315,0.37298,39.6645,0.3567,66.11926,0.38789,38.09144,0.201735
402,"Martinsville","VA",3269,37.29525,0.42257,0.0518358536064625,36.61375,0.85803,26.48475,-0.38949,38.6325,0.42362,35.99575,0.42083,39.87325,0.40349,37.8435,0.40274,38.53175,0.36819,34.48275,0.34155,39.61525,0.38001,38.65025,0.39901,37.99325,0.40961,39.25475,0.42915,67.417,0.43804,36.76275,0.24467
500,"Greensboro","NC",33788,36.47725,0.39521,0.0473969392478466,39.6805,0.76698,25.92525,-0.32971,38.3885,0.39826,34.5605,0.39246,38.6905,0.3689,37.01575,0.39023,38.1025,0.36494,34.2145,0.35002,39.459,0.3432,38.08325,0.35921,37.3145,0.3761,38.79325,0.36401,66.08675,0.39755,37.17088,0.20727
601,"North Wilkesboro","NC",2958,38.3445,0.38886,0.051663126796484,38.33375,0.80467,24.8685,-0.29242,40.7165,0.39134,36.14325,0.38497,37.94375,0.34671,39.519,0.37344,39.3635,0.36086,37.053,0.3942,39.15525,0.37105,40.71425,0.34649,39.54375,0.36631,38.34725,0.38885,66.88325,0.43925,36.55656,0.206405
602,"Galax","VA",1877,40.813,0.41348,0.0795698910951614,35.259,0.82528,21.29325,-0.25051,42.6245,0.38642,39.059,0.4394,40.94575,0.42399,41.7125,0.40074,41.53475,0.35691,39.784,0.51808,41.93675,0.37643,43.28075,0.35955,42.062,0.3842,40.74325,0.41281,69.54125,0.47333,37.287,0.229155
700,"Spartanburg","SC",12280,36.406,0.4044,0.043111190199852,36.047,0.78672,29.94025,-0.37035,37.71875,0.42027,35.11975,0.38415,39.81825,0.35289,37.28925,0.39985,38.33875,0.35519,33.94025,0.36729,39.5075,0.34682,38.7345,0.36638,37.58575,0.38439,38.2495,0.3801,67.727,0.3898,36.10825,0.199115
800,"Gastonia","NC",14684,35.43425,0.41629,0.0515273064374924,36.2655,0.76062,29.73775,-0.35949,36.77525,0.41985,34.11775,0.41167,38.548,0.37916,36.349,0.40496,37.35375,0.37139,33.9755,0.32506,36.6445,0.40114,37.25375,0.38431,36.3605,0.39934,36.323,0.41064,63.64775,0.45491,34.97275,0.200535
900,"Charlotte","NC",47059,35.835,0.39704,0.0437852367758751,38.30625,0.75689,27.273,-0.35632,38.06025,0.40141,33.5905,0.3929,38.145,0.37912,36.357,0.39348,38.045,0.36344,33.714,0.35928,39.1695,0.34042,37.8435,0.35742,36.878,0.37608,39.28025,0.36213,67.03525,0.36337,36.68063,0.20287
1001,"Boone","NC",2056,40.01675,0.30419,0.0560836493968964,41.33175,0.76659,18.47575,-0.27037,40.747,0.32128,39.33625,0.28721,41.481,0.27236,41.36475,0.28607,40.434,0.2842,37.43675,0.40799,41.95125,0.25549,42.80725,0.27085,41.502,0.28536,39.98575,0.30483,70.363,0.33216,39.23119,0.199885
1002,"Morganton","NC",5190,37.55075,0.37279,0.0544464625418186,40.9775,0.75306,25.96875,-0.28597,40.191,0.35464,35.068,0.38884,39.0125,0.34954,38.791,0.35888,38.806,0.33372,35.5865,0.34978,39.15025,0.33989,39.7565,0.35734,38.67075,0.36375,37.725,0.37224,67.1035,0.42266,36.56225,0.197335
1100,"Hickory","NC",12536,35.5565,0.4151,0.0449696704745293,36.1785,0.79314,28.31275,-0.37285,36.952,0.41752,34.166,0.4128,38.35725,0.39245,36.25825,0.40889,37.98325,0.37277,33.8585,0.39506,37.50725,0.37801,38.57975,0.35819,37.1085,0.3851,36.03525,0.40925,64.2165,0.44018,35.23075,0.20037
1201,"Franklin","NC",1305,41.238,0.33776,0.0566615611314774,44.78375,0.73775,21.86075,-0.26913,43.28175,0.32003,39.384,0.35028,39.97825,0.35501,42.257,0.33956,41.858,0.3542,39.3995,0.1883,41.452,0.34488,41.1765,0.31754,41.19375,0.32819,41.08575,0.33819,69.9735,0.39286,38.2575,0.186715
1202,"Sylva","NC",1700,40.59225,0.29197,0.0606653615832329,46.764,0.64444,27.15675,-0.35373,40.5455,0.32026,40.66825,0.26337,44.3295,0.22766,42.07025,0.27705,39.946,0.28132,39.4665,0.23134,41.18325,0.28625,41.242,0.33112,40.91825,0.31089,41.827,0.286,72.21225,0.24825,37.83019,0.171325
1203,"Asheville","NC",12197,39.013,0.31936,0.063380278646946,44.35775,0.71007,22.6455,-0.28126,41.06025,0.31545,37.08125,0.32157,40.63325,0.30865,40.01325,0.31089,40.122,0.29164,36.61475,0.29439,41.0895,0.28126,40.57375,0.30343,39.827,0.31028,39.48175,0.31195,69.08075,0.32175,38.12787,0.191095
1204,"Andrews","NC",1833,40.83275,0.30435,0.0804810374975204,47.82475,0.66515,22.919,-0.29764,41.78275,0.33707,39.8875,0.26854,42.182,0.22596,42.13375,0.30307,41.1715,0.27014,39.09225,0.26493,41.5335,0.29254,43.18325,0.27345,42.013,0.28784,40.83275,0.30435,69.6705,0.35802,38.51463,0.153485
1301,"Bennettsville","SC",3040,34.9235,0.4105,0.0297968406230211,29.8725,0.80002,31.1915,-0.39282,35.4755,0.44262,34.4075,0.37918,40.287,0.35264,35.5645,0.39994,35.0015,0.37102,32.49625,0.30277,37.9485,0.35934,35.8125,0.42718,35.3465,0.41774,,,66.551,0.44304,33.28537,0.169755
1302,"Florence","SC",21210,35.914,0.3938,0.0356782004237175,38.352,0.76984,25.71475,-0.34149,37.41675,0.40703,34.381,0.38096,39.5155,0.3481,36.535,0.3904,36.39075,0.35291,33.63775,0.33887,39.15575,0.33399,37.049,0.36704,36.464,0.38004,38.06675,0.34799,66.97124,0.37517,37.26231,0.191135
1400,"Fayetteville","NC",24241,34.775,0.37436,0.0382470116019249,41.225,0.6816,28.52775,-0.33809,36.7295,0.37846,32.77675,0.37179,38.09725,0.35321,35.34875,0.36427,34.6845,0.31046,32.969,0.32404,37.272,0.32772,36.8095,0.34758,35.83275,0.35995,37.637,0.36448,65.09725,0.39949,37.1435,0.180215
1500,"Wilmington","NC",11650,35.8625,0.34638,0.0418033972382545,45.88325,0.66861,26.4655,-0.3595,37.473,0.3502,34.272,0.34328,39.45475,0.31875,36.48425,0.34173,36.27225,0.32385,33.36225,0.30001,39.04425,0.29061,37.089,0.34412,36.491,0.34452,37.7165,0.3085,64.84775,0.36891,38.85219,0.18401
1600,"Wilson","NC",8483,35.0385,0.4313,0.0319583788514137,43.154,0.72148,26.98425,-0.31335,37.356,0.44076,32.73575,0.42487,37.89775,0.39631,35.426,0.42676,35.59425,0.37505,32.492,0.3354,40.123,0.34544,36.18075,0.39095,35.59475,0.41087,47.406,0.22652,66.142,0.442,37.56706,0.199085
1701,"Raleigh","NC",41170,36.93225,0.38949,0.0499866344034672,42.95375,0.72923,25.20225,-0.34547,39.2825,0.39122,34.48975,0.39015,39.146,0.36696,37.31275,0.38199,38.89575,0.35003,34.73125,0.36173,40.458,0.3312,38.56175,0.34139,37.78825,0.36389,41.44,0.33936,67.33775,0.35035,39.06269,0.213585
1702,"Henderson","NC",2303,33.47,0.42436,0.0336088165640831,40.84875,0.74283,32.48875,-0.41133,35.65425,0.40705,31.28175,0.44527,36.509,0.42864,34.0535,0.41666,33.0905,0.37494,31.61975,0.33191,36.13725,0.38489,35.2355,0.41266,34.355,0.41832,,,63.1785,0.41174,36.66481,0.198565
1800,"Goldsboro","NC",7655,37.61975,0.39567,0.0453549511730671,47.284,0.68776,27.015,-0.36228,38.4145,0.43534,36.81175,0.35771,42.022,0.30148,38.326,0.3864,37.29,0.35044,35.848,0.35424,39.8535,0.35126,38.705,0.38168,38.173,0.38772,44.21825,0.27089,68.574,0.37416,39.19125,0.19607
1900,"Jacksonville","NC",18199,37.20775,0.38275,0.0470072403550148,45.6525,0.6997,26.67025,-0.36119,39.316,0.38304,35.0555,0.38486,39.7405,0.35902,37.668,0.37312,37.01325,0.33413,34.8015,0.35422,40.387,0.3192,39.24675,0.33879,38.2785,0.35914,39.541,0.34992,67.7155,0.37918,39.03744,0.197045
2000,"Virginia Beach","VA",41448,37.92725,0.38389,0.0535509437322617,37.75675,0.73335,26.23175,-0.35185,40.028,0.3926,35.7985,0.37638,41.0515,0.35918,37.8265,0.3771,38.0605,0.31774,36.37575,0.35039,40.05925,0.34541,39.1265,0.35194,38.5715,0.36686,41.4125,0.33378,68.70475,0.35583,37.87138,0.208825
2100,"Washington","NC",4654,37.50625,0.37629,0.0497884787619114,48.151,0.67704,23.535,-0.33616,39.3725,0.35554,35.67375,0.39623,40.493,0.36104,38.0245,0.37502,37.48825,0.34721,34.55925,0.27689,40.32475,0.32707,39.08225,0.35261,38.3085,0.36334,40.295,0.26956,68.17425,0.35705,38.72406,0.183835
2200,"South Boston","VA",5459,37.989,0.4398,0.0490487515926361,35.86725,0.79829,24.73175,-0.34677,40.2745,0.42886,35.64475,0.45427,40.1295,0.41474,37.995,0.43236,37.79025,0.39149,36.50975,0.42795,39.6695,0.40302,39.17575,0.45039,38.58875,0.44391,,,67.571,0.45508,36.47344,0.23011
2300,"Lynchburg","VA",7681,39.2425,0.3969,0.0673591420054436,34.85925,0.79829,25.413,-0.33268,41.14,0.37532,37.41725,0.41721,41.4285,0.3893,39.5215,0.38522,39.67475,0.36363,36.9975,0.35678,41.62125,0.35261,40.97075,0.39167,40.1705,0.39306,41.155,0.36248,69.231,0.39328,36.86369,0.21453
2400,"Richmond","VA",36657,37.87175,0.40043,0.0547646731138229,35.5815,0.77502,24.89675,-0.33809,40.34825,0.39745,35.32375,0.40475,40.3025,0.37902,37.627,0.3946,39.6,0.3552,35.8245,0.3859,41.88575,0.33095,38.345,0.37752,38.12775,0.38827,45.6825,0.29734,67.10175,0.37139,38.21375,0.216455
2500,"Newport News","VA",20764,38.0525,0.39982,0.0513657629489899,38.2755,0.75778,26.08175,-0.35281,39.70925,0.41277,36.39825,0.38693,41.47625,0.37433,37.9885,0.38998,38.37525,0.32901,36.448,0.3786,40.352,0.35644,39.9985,0.36758,39.10275,0.38195,43.39375,0.33475,68.35025,0.37721,38.45169,0.22155
2600,"Roanoke Rapids","NC",5719,35.58675,0.46087,0.0327529013156891,47.94175,0.65959,27.235,-0.32796,37.1875,0.43842,33.86425,0.48733,39.6685,0.43046,35.83275,0.45219,34.48525,0.40669,33.2115,0.3471,39.059,0.4072,36.67125,0.42533,36.126,0.44252,,,66.3605,0.48314,38.05269,0.20869
2700,"Gulfport","MS",17850,39.334,0.34168,0.0671070292592049,39.86975,0.71627,28.413,-0.31164,40.7465,0.34922,37.94775,0.33599,43.18825,0.31893,40.685,0.33344,39.365,0.29036,36.78025,0.30797,42.00925,0.29065,41.1685,0.32326,40.28625,0.33117,41.3785,0.31654,69.9685,0.31266,37.22837,0.15454
2800,"Laurel","MS",4923,40.06675,0.43611,0.0692070573568344,46.2065,0.70886,28.21025,-0.38023,39.98125,0.41609,40.14525,0.45449,45.65475,0.42587,41.52775,0.42635,39.267,0.37776,35.3495,0.3257,45.21025,0.33213,42.2045,0.40598,41.09775,0.42083,43.4885,0.34966,71.44975,0.37723,39.69831,0.15651
2900,"Hattiesburg","MS",6668,39.39125,0.38949,0.0605108886957169,44.884,0.72264,28.896,-0.38748,39.80175,0.40047,38.95625,0.37777,43.98475,0.34539,40.6695,0.3805,38.85025,0.33813,36.16775,0.41599,44.372,0.2792,40.55825,0.37441,39.95775,0.38163,43.55825,0.31661,71.10475,0.31387,38.85031,0.16248
3001,"Kosciusko","MS",2111,37.34725,0.48801,0.0354896672070026,36.229,0.75552,25.90975,-0.31717,38.11275,0.49255,36.558,0.485,42.3635,0.44122,38.262,0.483,35.3955,0.43858,34.028,0.381,43.06,0.37516,38.257,0.47596,37.77675,0.48115,,,70.9765,0.4519,34.57156,0.13867
3002,"Yazoo City","MS",1967,34.79875,0.50763,0.0247895233333111,31.76475,0.85455,27.24975,-0.36749,35.54375,0.50031,33.9675,0.5165,39.274,0.4554,35.55125,0.50265,33.20825,0.42249,31.604,0.35436,39.74075,0.43419,35.65875,0.46827,35.22175,0.48807,,,66.5735,0.44026,33.49125,0.171235
3003,"Jackson","MS",23204,36.3725,0.41994,0.0375340469181538,42.78475,0.70015,28.9115,-0.37042,38.0945,0.42242,34.648,0.41892,39.079,0.39128,37.34975,0.41707,36.5825,0.3891,33.9305,0.34886,41.17325,0.33881,37.62,0.40448,37.001,0.41164,42.8365,0.34042,69.153,0.34816,37.62006,0.159475
3101,"McComb","MS",4816,39.6185,0.43822,0.0625297203660011,35.8565,0.69062,25.828,-0.31228,39.887,0.42548,39.36925,0.44901,44.9025,0.40042,40.8385,0.4265,38.36275,0.37147,36.1595,0.35006,43.65375,0.36059,41.06725,0.42501,40.31025,0.43093,,,70.88575,0.36907,33.94331,0.140355
3102,"Brookhaven","MS",2149,40.47925,0.42353,0.0642954856157303,34.3035,0.58742,25.67175,-0.22621,40.154,0.42524,40.798,0.42172,45.89125,0.39069,41.653,0.42724,39.673,0.37068,36.4505,0.40054,45.57875,0.31339,42.327,0.46168,41.3635,0.44138,44.75675,0.41439,70.404,0.36264,32.48231,0.08671501
3201,"Jena","LA",1189,48.58875,0.44039,0.126422256231308,31.981,0.68972,27.427,-0.21668,49.31,0.4412,47.84575,0.44155,52.454,0.36528,49.8705,0.4279,46.926,0.36248,43.3155,0.56154,53.3225,0.32074,48.48725,0.46789,48.51325,0.45305,51.249,0.33516,75.4395,0.3387,36.78044,0.16551
3202,"Natchez","MS",3351,38.7735,0.43726,0.0487460270524025,34.401,0.74148,28.4175,-0.34162,39.31275,0.43211,38.24125,0.44249,43.59475,0.38319,39.80025,0.42505,37.731,0.3828,35.834,0.34492,42.62725,0.36949,40.50325,0.39305,39.62025,0.41517,,,70.82925,0.31937,35.21544,0.162495
3203,"Vicksburg","MS",3946,35.33125,0.41933,0.0311782080680132,37.90975,0.76719,29.71975,-0.34493,36.77975,0.42435,33.87925,0.41493,39.3225,0.3853,36.37875,0.40879,34.83375,0.36423,32.9175,0.27706,40.30625,0.34957,36.45575,0.40139,35.871,0.41004,,,68.97175,0.32635,36.58675,0.176795
3300,"New Orleans","LA",57774,38.17975,0.39679,0.0512128658592701,41.1295,0.71842,24.40525,-0.30271,39.597,0.3994,36.7235,0.39498,42.54875,0.36795,38.90925,0.39177,38.3145,0.35266,35.77425,0.33869,42.5055,0.32574,39.11375,0.35763,38.66425,0.37633,43.51,0.3252,69.4605,0.3223,39.30994,0.207445
3400,"Houma","LA",12869,43.974,0.40068,0.113469153642654,24.8115,0.62962,27.18175,-0.30473,42.7905,0.41578,45.20325,0.38469,51.42625,0.34437,45.521,0.3882,43.59425,0.34317,39.226,0.33628,48.20825,0.32101,44.39675,0.40019,44.18075,0.40011,48.31825,0.32793,72.702,0.32736,31.11106,0.12116
3500,"Baton Rouge","LA",34182,39.2945,0.4055,0.0603968948125839,33.3245,0.68446,25.27275,-0.29233,39.86175,0.40687,38.72525,0.40449,44.399,0.37472,40.144,0.40188,39.33775,0.36995,36.47075,0.35343,44.01125,0.32353,40.19525,0.38953,39.76225,0.39689,44.294,0.33784,70.76475,0.31691,37.46806,0.18991
3600,"Alexandria","LA",8393,40.067,0.40416,0.0672128424048424,34.66075,0.75087,29.61325,-0.33967,40.45675,0.41607,39.67675,0.39291,45.24825,0.35029,41.14675,0.39919,38.871,0.36408,36.438,0.3608,44.88325,0.30949,41.718,0.40388,40.908,0.40312,44.621,0.33884,69.48125,0.37393,40.55156,0.21201
3700,"Lake Charles","LA",14710,42.56025,0.33977,0.0971184596419334,32.612,0.67808,27.993,-0.29044,42.732,0.33148,42.39325,0.34801,48.3955,0.32222,43.94225,0.33265,42.5935,0.29302,39.22475,0.29559,45.6585,0.28206,44.463,0.32388,43.539,0.33076,45.74,0.2986,71.87775,0.30839,36.75556,0.171935
3800,"Lafayette","LA",24639,43.189,0.38124,0.0950535386800766,31.8985,0.6897,26.752,-0.2954,42.474,0.39036,43.912,0.37192,49.74775,0.33223,44.61125,0.37257,42.5645,0.3325,38.96075,0.32267,47.16175,0.30847,43.846,0.35964,43.5195,0.36994,48.86825,0.27849,72.9235,0.30606,38.28537,0.18517
3901,"Monroe","LA",11387,37.8895,0.41474,0.0551850982010365,33.971,0.701,25.79825,-0.29223,38.94775,0.41675,36.83525,0.41305,42.05,0.37048,38.9015,0.4091,37.0095,0.3713,34.24925,0.32245,43.538,0.31204,39.42375,0.40827,38.64475,0.41083,42.099,0.34504,68.5395,0.36538,36.23094,0.16741
3902,"Lake Providence","LA",1045,40.5265,0.5073,0.0573065914213657,33.58125,0.70845,27.70525,-0.32927,39.353,0.57356,41.91325,0.42773,46.45775,0.37955,41.48225,0.49821,36.6905,0.42062,37.075,0.48776,46.8835,0.35538,39.80025,0.50733,40.14575,0.50723,45.1615,0.42902,70.66475,0.37711,36.23381,0.16473
4001,"Magnolia","AR",1451,38.56225,0.41897,0.060388945043087,42.28675,0.74639,27.8875,-0.41662,37.5525,0.43262,39.52025,0.40641,44.8405,0.3581,39.76025,0.41789,38.247,0.35636,34.57,0.34208,44.009,0.30888,39.137,0.52648,38.862,0.46936,,,68.32275,0.39779,39.24381,0.16634
4002,"Shreveport","LA",21664,38.13575,0.43503,0.0527185052633286,37.819,0.74196,27.37825,-0.31219,38.882,0.44732,37.4055,0.42398,43.06875,0.38687,39.0485,0.42762,37.15975,0.38595,35.09225,0.36581,43.72325,0.33545,39.7815,0.40846,38.97975,0.42047,45.475,0.31724,68.32175,0.38115,38.3435,0.193505
4003,"Ruston","LA",3003,40.35225,0.43153,0.0688279271125793,40.82525,0.65025,24.306,-0.30452,41.00975,0.44495,39.70475,0.41787,44.68025,0.38305,41.3895,0.4249,39.4335,0.39946,37.651,0.41796,44.99825,0.33761,41.58475,0.41083,40.99975,0.42003,46.63725,0.28757,70.16451,0.34514,40.47419,0.19839
4004,"Many","LA",982,46.5605,0.41326,0.15160796046257,32.16275,0.66951,30.583,-0.231,44.2195,0.42406,48.91575,0.39875,54.067,0.36468,48.31925,0.39853,44.97625,0.35517,41.874,0.34528,50.377,0.3308,46.428,0.38392,46.48075,0.39899,48.356,0.32516,72.0845,0.35814,36.31469,0.16697
4101,"Crossett","AR",1108,38.56775,0.38687,0.0415384620428085,36.0195,0.66666,29.825,-0.26812,38.122,0.41516,39.03825,0.35657,44.6345,0.36914,40.287,0.37292,38.8355,0.34446,34.74,0.29328,42.89075,0.30939,40.4165,0.40902,39.4875,0.39494,,,70.2595,0.30006,36.85612,0.154825
4102,"Pine Bluff","AR",7303,36.63725,0.42613,0.0428298264741898,39.55725,0.69353,30.8255,-0.33766,38.382,0.42964,34.90425,0.42265,40.368,0.38424,37.939,0.41296,35.75675,0.36291,33.02775,0.24707,40.70675,0.37251,38.995,0.40908,37.8195,0.4155,39.44625,0.34809,68.28075,0.38651,37.09875,0.167405
4103,"El Dorado","AR",3942,37.579,0.43772,0.0566330477595329,41.30575,0.70787,31.07625,-0.40195,38.693,0.46944,36.5135,0.40978,41.20525,0.37429,38.66475,0.42723,36.933,0.40596,35.168,0.36756,40.3345,0.38506,40.061,0.412,38.84375,0.42303,,,66.4865,0.42402,38.087,0.16015
4200,"Little Rock","AR",24072,37.99,0.39308,0.0535617172718048,39.346,0.70076,28.232,-0.3612,39.57375,0.39907,36.423,0.3884,40.71225,0.36045,39.178,0.39096,38.41475,0.35015,35.968,0.3968,41.14825,0.33301,39.854,0.36648,38.9605,0.37846,42.384,0.33268,67.96375,0.37299,37.70513,0.169795
4301,"Stuttgart","AR",1771,39.83075,0.39863,0.0539629012346268,44.19425,0.64057,27.5005,-0.39286,41.01975,0.39155,38.556,0.40544,43.96875,0.35447,41.59725,0.38649,38.37275,0.35707,36.47025,0.27281,42.971,0.34548,42.05475,0.39583,40.8935,0.3969,41.58225,0.35349,72.2855,0.32998,39.14731,0.168185
4302,"Searcy","AR",3694,41.313,0.37224,0.0891045406460762,37.941,0.77428,28.4325,-0.34962,42.037,0.40824,40.56325,0.33357,44.3365,0.29226,43.23325,0.36089,39.98925,0.35221,37.98525,0.37601,43.73875,0.31799,44.06525,0.33961,42.66925,0.35461,42.9125,0.3347,69.72475,0.38015,36.79338,0.15857
4401,"London","KY",4974,39.0955,0.35722,0.0638953074812889,37.851,0.76584,24.53775,-0.29785,40.84225,0.37409,37.3725,0.34134,41.04125,0.32157,41.49,0.33936,38.23275,0.33099,37.81075,0.38555,39.82875,0.33899,40.12875,0.34679,39.63575,0.35031,39.1005,0.35646,66.617,0.42084,35.22669,0.18678
4402,"Richmond","KY",3623,38.85325,0.34829,0.0590868405997753,36.38175,0.70639,24.20925,-0.29231,39.76425,0.37029,37.90225,0.32385,41.87725,0.29065,40.73525,0.33785,38.61675,0.32967,36.37775,0.39039,40.2745,0.31574,40.1935,0.3329,39.547,0.33932,38.88125,0.34985,65.96075,0.38679,35.9035,0.167035
4501,"West Liberty","KY",1613,38.44575,0.34151,0.0684385374188423,39.56025,0.70981,18.72925,-0.18387,40.844,0.31924,36.157,0.35764,39.589,0.33352,40.823,0.3252,36.61,0.35684,34.29925,0.18757,39.28825,0.34857,42.37925,0.37429,40.46075,0.35295,38.372,0.3456,63.15375,0.43459,35.6565,0.142165
4502,"Hazard","KY",4355,42.679,0.2744,0.130659371614456,50.77375,0.61007,18.01825,-0.17647,43.447,0.28552,41.9325,0.2645,46.332,0.25076,45.24475,0.25783,41.799,0.25876,39.8085,0.31686,43.819,0.24844,44.13,0.29572,43.42525,0.28177,42.71975,0.27471,67.76425,0.32461,36.85331,0.16386
4601,"Campbellsville","KY",2821,41.917,0.33136,0.0714285746216774,40.91075,0.74623,24.417,-0.32976,43.8205,0.34178,39.98,0.32252,42.3895,0.26354,44.33825,0.31917,40.8105,0.3253,40.942,0.4552,42.77225,0.30101,44.02775,0.33991,42.9875,0.3329,41.904,0.3312,71.27275,0.38235,36.2825,0.18726
4602,"Somerset","KY",4229,39.055,0.39792,0.062714509665966,36.50675,0.88291,24.61975,-0.34113,40.84675,0.42319,37.39825,0.37845,40.0425,0.3573,41.1275,0.37882,38.6465,0.33054,36.12475,0.31087,39.908,0.38648,40.9055,0.35118,40.01475,0.37183,39.055,0.39792,66.922,0.44368,35.6285,0.20821
4701,"Greenwood","MS",3909,35.5705,0.45862,0.0331106595695019,31.17425,0.74477,28.36975,-0.37817,35.763,0.48176,35.39,0.43524,40.17125,0.38733,36.498,0.45204,34.83575,0.40207,33.397,0.39088,40.06925,0.37601,35.8365,0.4793,35.69225,0.46781,,,67.194,0.42256,33.0245,0.13942
4702,"Clarksdale","MS",6240,34.24675,0.47959,0.0271325036883354,36.44775,0.84759,30.7735,-0.40562,35.24375,0.48551,33.2425,0.47374,38.1655,0.41026,35.15225,0.46833,33.38225,0.41537,31.575,0.33336,37.5745,0.43606,35.1375,0.41342,34.64875,0.44691,,,66.256,0.44576,36.4305,0.205805
4800,"Greenville","MS",7754,33.6105,0.47114,0.0221015904098749,26.99325,0.77953,29.571,-0.37624,35.53525,0.47549,31.637,0.46548,36.849,0.42488,34.408,0.46244,32.3715,0.40422,30.341,0.25788,38.5725,0.42286,34.02725,0.42533,33.789,0.44872,,,66.1185,0.4457,31.82494,0.123075
4901,"Jackson","TN",7572,37.32325,0.39669,0.0474881269037724,30.9125,0.78718,29.5715,-0.33606,39.38725,0.39393,35.36525,0.39833,39.5485,0.35646,38.94575,0.38815,37.63075,0.37439,34.74225,0.36245,41.024,0.32496,38.556,0.41524,37.9605,0.40514,40.93125,0.31501,69.212,0.36996,34.9545,0.16752
4902,"Dyersburg","TN",3665,36.49925,0.45121,0.0431115292012691,30.547,0.77524,30.59525,-0.32307,37.597,0.4882,35.415,0.416,40.26775,0.37727,37.96425,0.42497,36.991,0.38356,33.5745,0.30998,39.4695,0.40662,37.6445,0.40834,37.046,0.42964,38.8155,0.4179,67.31525,0.44585,34.09713,0.18268
4903,"Lexington","TN",1627,40.99425,0.36185,0.0816599726676941,27.361,0.74996,25.71975,-0.18881,41.82875,0.35031,40.18975,0.37203,43.00775,0.31711,43.159,0.35476,42.435,0.27628,40.15475,0.32935,41.4125,0.35538,43.90275,0.36471,42.4335,0.36202,41.018,0.35404,72.27425,0.36941,33.011,0.166785
5000,"Tupelo","MS",8753,37.74075,0.42111,0.0435734167695045,28.8075,0.74662,28.4095,-0.33414,38.17275,0.42495,37.3035,0.41754,42.5585,0.3575,38.8385,0.41802,38.2655,0.38562,35.27575,0.39079,41.17225,0.34985,39.47975,0.38631,38.61175,0.40267,40.675,0.3822,70.702,0.38736,30.95481,0.14741
5100,"Corinth","MS",4473,39.04825,0.38925,0.0657632499933243,29.5625,0.75578,25.91875,-0.30329,40.4855,0.39498,37.68625,0.38525,41.19325,0.34537,40.4125,0.38314,39.39525,0.36861,37.038,0.38752,40.44075,0.35879,42.49925,0.37041,40.77225,0.37733,39.05225,0.38913,68.8935,0.39738,32.19675,0.145605
5201,"New Albany","MS",2128,39.2955,0.42626,0.0546255521476269,28.0745,0.69702,30.04975,-0.34509,39.508,0.45876,39.0575,0.39642,43.859,0.34492,40.403,0.42276,39.80675,0.39031,35.94275,0.37479,42.14525,0.36409,42.19225,0.42757,40.73325,0.42473,40.2,0.38812,72.404,0.4266,30.77769,0.15036
5202,"Memphis","TN",46897,33.74725,0.41649,0.028182739391923,32.898,0.7584,31.27525,-0.39903,36.0355,0.41738,31.437,0.41748,36.465,0.39804,34.73775,0.41103,34.83125,0.37617,31.80675,0.32799,38.35775,0.34735,35.58225,0.38509,34.69225,0.39973,41.33075,0.33343,67.19376,0.35007,35.29794,0.1893
5300,"West Memphis","AR",6390,35.2185,0.4375,0.0320140719413757,39.49225,0.65341,34.1805,-0.43778,36.58425,0.44669,33.83375,0.42735,38.94575,0.39467,36.38125,0.42581,34.2735,0.37878,32.70525,0.36073,39.24275,0.36583,36.39325,0.40165,35.7995,0.41874,,,66.38825,0.41265,36.5785,0.171935
5401,"Bowling Green","KY",5908,40.35225,0.35469,0.0642673522233963,37.188,0.77056,26.4435,-0.31094,41.0415,0.3837,39.66775,0.32615,42.9955,0.30042,42.2405,0.3457,40.93,0.32892,36.48625,0.33037,42.97225,0.30561,42.0785,0.32674,41.214,0.34004,40.36375,0.35463,69.47625,0.36837,37.01688,0.18789
5402,"Glasgow","KY",3250,42.372,0.37124,0.0613557659089565,37.58625,0.78305,22.41775,-0.25641,44.24075,0.39711,40.4575,0.34894,42.823,0.32268,44.792,0.34856,41.84575,0.35419,39.7825,0.34134,43.3625,0.35342,43.59275,0.33407,42.9545,0.3519,42.40925,0.36929,73.834,0.35376,37.70338,0.19266
5500,"Columbia","TN",6587,39.43625,0.30425,0.057019267231226,28.93175,0.70075,28.33925,-0.29163,41.08075,0.31367,37.87,0.29532,41.5235,0.28578,41.379,0.29584,40.66575,0.30279,37.1965,0.22578,40.97225,0.28369,40.09425,0.31841,39.7805,0.31014,40.461,0.29332,69.23175,0.34723,34.21869,0.145725
5600,"Nashville","TN",42917,38.20225,0.35681,0.0572634488344193,33.37625,0.77097,28.42175,-0.34805,39.82975,0.36407,36.594,0.34884,40.3505,0.33254,39.2515,0.35538,40.1965,0.3161,35.90575,0.35235,41.28025,0.30237,39.669,0.3358,38.97475,0.34523,41.4435,0.31418,67.855,0.34896,35.94756,0.17921
5700,"Tullahoma","TN",4829,39.18275,0.37467,0.0614474266767502,29.33175,0.81183,25.657,-0.30168,40.32825,0.37225,38.04675,0.37771,42.13075,0.34647,40.716,0.36272,39.7675,0.34462,36.8815,0.27338,40.45675,0.35659,42.46675,0.33711,40.8195,0.3545,39.857,0.36848,69.55325,0.35561,34.07294,0.184355
5800,"Dickson","TN",5373,39.72225,0.36409,0.0715361461043358,28.20975,0.76747,25.98925,-0.27855,40.48075,0.39467,38.96225,0.33189,43.2495,0.30462,41.5005,0.35606,40.50525,0.31833,37.75975,0.25279,40.5705,0.35866,42.29725,0.33733,41.04375,0.34839,39.71325,0.36389,69.5755,0.37822,34.83244,0.17264
5900,"Clarksville","TN",8506,39.1895,0.34194,0.0599688477814198,33.83975,0.71655,27.9825,-0.30654,40.5,0.35604,37.901,0.3296,42.4505,0.31694,40.57625,0.32961,39.0865,0.27258,37.46275,0.34059,40.76925,0.30685,40.44325,0.33189,39.879,0.33548,42.271,0.31204,69.95825,0.35269,36.34031,0.171635
6000,"Huntsville","AL",18969,38.46875,0.36263,0.0566761530935764,37.80875,0.76735,26.84575,-0.34221,39.95825,0.38245,37.00625,0.34293,40.9155,0.3325,39.4685,0.35858,39.3625,0.3303,35.55925,0.30013,41.45625,0.31521,39.9575,0.35098,39.2555,0.35578,41.353,0.34336,68.0775,0.33194,37.3915,0.188755
6100,"Gadsden","AL",11274,41.1705,0.36822,0.0710566639900208,28.16725,0.86281,26.07075,-0.31929,42.441,0.36352,39.914,0.37128,43.9525,0.33334,42.7955,0.35962,41.6265,0.32422,38.24825,0.29745,42.9395,0.33714,42.56175,0.36631,41.88475,0.36603,41.7385,0.3579,71.06275,0.33879,33.37613,0.192305
6200,"Florence","AL",8496,41.46725,0.36069,0.0710671544075012,35.8055,0.8175,25.468,-0.3242,42.116,0.39692,40.83775,0.32455,44.532,0.30436,42.95125,0.35233,41.564,0.33072,39.68275,0.36179,42.886,0.33128,43.1595,0.36694,42.33875,0.36255,42.209,0.36348,71.465,0.34448,36.06363,0.194925
6301,"McMinnville","TN",3101,39.344,0.36504,0.0572254322469234,28.865,0.7766,27.2065,-0.2805,40.87325,0.37785,37.79325,0.35037,41.011,0.3256,41.4085,0.34666,39.75,0.34536,38.09775,0.26791,39.5845,0.3705,41.5765,0.33042,40.451,0.34648,39.344,0.36504,69.3545,0.3797,34.69637,0.18134
6302,"Cookeville","TN",3328,41.246,0.3074,0.0720288082957268,35.7745,0.77366,22.5315,-0.26802,43.33525,0.34477,39.15675,0.27643,41.1535,0.27286,43.431,0.29488,41.09425,0.30409,40.681,0.39664,41.91875,0.28663,42.9385,0.3159,42.075,0.31176,41.245,0.3084,72.578,0.28684,38.33381,0.201535
6401,"Chattanooga","TN",17775,37.94875,0.36171,0.0570530630648136,36.825,0.79612,28.02075,-0.34981,39.2565,0.37454,36.66175,0.34731,40.92975,0.31583,39.57925,0.35277,38.72875,0.33079,35.67675,0.35159,40.48675,0.31483,39.52525,0.34689,38.76,0.35324,39.8665,0.33294,67.107,0.37644,35.73925,0.2004
6402,"Crossville","TN",3331,40.567,0.34848,0.0708446875214577,30.83425,0.78617,26.03,-0.32012,41.833,0.35796,39.32,0.34208,42.444,0.31012,42.68925,0.33177,40.0285,0.32562,38.4395,0.28738,41.4715,0.3343,43.0615,0.3447,41.8535,0.34514,40.65525,0.34869,69.5725,0.43918,34.65819,0.180335
6501,"Ellijay","GA",1295,40.678,0.27608,0.064965195953846,27.26125,0.63185,25.27925,-0.20107,41.37875,0.31035,40.02975,0.24435,41.36625,0.22945,42.10675,0.27295,41.21175,0.23647,39.58375,0.31879,41.41825,0.25585,40.919,0.347,40.81825,0.31161,40.7295,0.27966,72.4865,0.30078,34.52306,0.154005
6502,"Cleveland","TN",7045,39.1795,0.3451,0.0668229758739471,30.414,0.79632,26.56325,-0.22659,40.01975,0.36759,38.3535,0.32246,42.4155,0.29082,41.02275,0.33635,39.788,0.3154,37.2125,0.30566,40.31,0.32588,41.833,0.31416,40.54025,0.32789,39.1795,0.3451,68.3605,0.37322,35.44875,0.174955
6600,"Rome","GA",14982,37.42175,0.35703,0.0484621338546276,29.4955,0.7821,29.744,-0.31684,38.3525,0.35942,36.52125,0.35449,40.75725,0.33613,38.7955,0.34662,38.69525,0.32597,35.71475,0.30739,38.85625,0.33317,40.0045,0.33322,38.78,0.34316,37.6315,0.3577,68.19849,0.34826,33.29313,0.18119
6700,"Tampa","FL",64012,39.1325,0.33546,0.060128428041935,39.2085,0.7237,23.35425,-0.32027,41.19575,0.34495,37.09975,0.32659,41.877,0.31576,39.845,0.32684,39.20125,0.29553,37.25025,0.32013,41.36625,0.29549,40.4675,0.29142,39.8515,0.31158,40.86225,0.31269,71.3345,0.27646,38.54712,0.20099
6800,"Lakeland","FL",19813,39.42275,0.34039,0.0520584955811501,35.60975,0.75219,28.69175,-0.35881,40.33325,0.35517,38.5245,0.32514,43.22325,0.30745,40.5325,0.32798,38.9525,0.30134,37.3085,0.27834,41.40875,0.30743,40.56575,0.31027,40.02625,0.32413,42.03025,0.31377,73.094,0.28364,36.39231,0.19089
6900,"Sarasota","FL",18433,39.22875,0.30435,0.0683156624436378,37.19975,0.68539,22.26125,-0.28211,41.66625,0.30145,36.805,0.30728,41.54025,0.29873,39.68175,0.30059,40.492,0.26788,37.3715,0.27874,41.31825,0.26853,40.4585,0.28118,39.8835,0.29166,41.84125,0.26321,70.5845,0.2667,38.46437,0.182835
7000,"Miami","FL",108435,41.452,0.26672,0.0729660838842392,49.9005,0.55078,18.678,-0.23416,43.64475,0.27291,39.11175,0.26271,43.7845,0.27118,41.6615,0.26062,42.044,0.24536,39.24975,0.21811,44.4855,0.2241,42.302,0.21284,41.9225,0.2375,44.9505,0.23134,76.3245,0.1647,42.49012,0.16358
7100,"Port St. Lucie","FL",40539,38.99625,0.30329,0.062430378049612,43.09075,0.64567,21.912,-0.28936,41.17625,0.30897,36.7805,0.29898,41.7575,0.2951,39.10625,0.29845,40.234,0.27576,36.98875,0.27599,41.6965,0.26022,40.07325,0.26441,39.58675,0.28207,42.49525,0.25281,71.23175,0.23759,40.28162,0.18576
7200,"Cape Coral","FL",15243,39.508,0.30116,0.0601915195584297,35.80475,0.69351,24.44675,-0.32509,41.13475,0.31119,37.865,0.2918,42.154,0.29188,39.80025,0.29953,41.1055,0.25166,38.125,0.30744,41.327,0.26684,40.68525,0.27261,40.1565,0.28542,41.91125,0.26473,71.1865,0.26702,37.70756,0.183375
7300,"Palm Bay","FL",18277,39.41625,0.30721,0.0658892095088959,48.8175,0.6489,21.1365,-0.27998,41.62675,0.31263,37.2025,0.30222,41.80675,0.29451,39.85,0.30064,39.29875,0.27067,37.5415,0.28594,41.22175,0.27427,40.79925,0.27501,40.1575,0.28958,40.1555,0.29494,70.16925,0.27901,40.98444,0.184995
7400,"Orlando","FL",53941,39.114,0.32616,0.0578166097402573,41.79525,0.69829,22.549,-0.3048,41.1825,0.33258,37.0345,0.31934,41.8415,0.3105,39.76125,0.31749,39.44375,0.28155,36.8695,0.31462,41.922,0.27392,40.1,0.29064,39.65025,0.30669,41.24,0.30892,71.4955,0.27906,39.5525,0.190905
7500,"Deltona","FL",16478,39.173,0.30836,0.058778915554285,45.15825,0.63337,21.8345,-0.28698,41.0885,0.32606,37.35925,0.29081,42.17825,0.28609,39.777,0.30388,39.20025,0.24757,36.55575,0.29991,41.76275,0.25399,40.14025,0.28401,39.68875,0.29503,40.29125,0.27637,70.76225,0.27801,39.96313,0.165695
7600,"Jacksonville","FL",43299,37.532,0.36144,0.0492131598293781,35.092,0.74728,26.53275,-0.34177,39.65725,0.37073,35.3265,0.35394,39.96675,0.34543,38.109,0.35512,38.0525,0.30118,35.39175,0.30823,39.8975,0.32186,38.98625,0.32737,38.32575,0.34255,40.03225,0.32869,68.90575,0.32807,36.42875,0.19678
7700,"Lake City","FL",5557,38.742,0.37392,0.0495394580066204,34.461,0.67772,26.103,-0.28816,39.9885,0.38662,37.5605,0.36242,42.2665,0.34942,39.6565,0.3665,37.896,0.31288,36.21425,0.36477,41.28275,0.31683,40.00625,0.35097,39.40825,0.36053,40.65625,0.31893,71.10775,0.33607,35.41994,0.159565
7800,"Ocala","FL",10709,38.9505,0.32902,0.0564204938709736,36.7185,0.70054,24.00075,-0.30805,40.874,0.30996,37.0485,0.34874,41.27625,0.33613,39.706,0.32392,38.39675,0.28511,36.79475,0.28839,40.60225,0.29885,40.541,0.30116,39.79525,0.31337,39.7735,0.31782,70.01151,0.30566,36.84125,0.181465
7900,"Gainesville","FL",10384,38.56225,0.36585,0.0496746562421322,37.46875,0.82019,24.33625,-0.34179,39.92025,0.38077,37.269,0.3514,41.40025,0.33301,39.31875,0.35299,37.4505,0.3325,35.70725,0.34585,41.87725,0.30205,39.39675,0.31007,38.99075,0.33691,40.8905,0.32626,69.5295,0.3169,36.64338,0.21932
8000,"Sumter","SC",8987,36.382,0.39268,0.0349367074668407,37.38575,0.76875,26.47525,-0.33919,38.107,0.39608,34.663,0.38844,40.06975,0.36155,36.95025,0.38577,36.4265,0.34626,34.14825,0.29709,38.93675,0.34931,37.95325,0.37045,37.17,0.38108,,,69.44,0.36604,36.31225,0.20371
8100,"Columbia","SC",26624,35.94475,0.39879,0.0372132658958435,39.6445,0.79058,26.4435,-0.35342,37.4745,0.4191,34.408,0.37908,39.524,0.35196,36.392,0.3968,36.63875,0.35791,34.397,0.36108,38.32175,0.35755,37.71375,0.35715,36.83025,0.37749,40.81675,0.35423,67.75075,0.37091,37.76775,0.2077
8201,"Barnwell","SC",3251,35.00675,0.39495,0.0353721454739571,32.74575,0.81983,28.308,-0.31088,35.96825,0.43157,34.06225,0.36005,40.4875,0.32738,35.58625,0.38953,34.7095,0.3681,32.39175,0.29895,38.07925,0.34453,36.225,0.37884,35.61975,0.38623,,,66.93975,0.39127,36.30769,0.201
8202,"Charleston","SC",21271,37.687,0.3436,0.0444692373275757,39.4795,0.72094,26.5535,-0.33318,39.64475,0.34187,35.62075,0.34655,41.05025,0.31937,38.12925,0.34093,37.951,0.306,36.2545,0.3003,39.44175,0.31467,38.8835,0.32682,38.32225,0.33433,41.02675,0.30147,70.4575,0.29698,37.24257,0.19042
8300,"Greenville","SC",31074,37.08175,0.38079,0.046985749155283,34.27675,0.80643,27.195,-0.34448,38.5385,0.38274,35.6015,0.37946,39.78075,0.35751,38.04025,0.37521,38.64,0.34904,35.2325,0.35522,39.28325,0.34113,39.499,0.34432,38.31875,0.36155,38.912,0.35064,68.6545,0.35642,34.82081,0.19695
8401,"Aiken","GA",21868,36.209,0.37976,0.0410487502813339,36.816,0.75896,27.82675,-0.35077,37.686,0.39168,34.7125,0.36798,40.005,0.33596,36.90275,0.37307,36.54325,0.33609,34.62725,0.31845,38.2225,0.3479,37.92,0.33476,37.08825,0.35633,40.98575,0.33035,69.64625,0.31109,35.84669,0.19922
8402,"Washington","GA",1504,34.6975,0.4163,0.0311447810381651,31.17,0.84088,26.8,-0.37228,35.99625,0.44029,33.372,0.39072,38.667,0.31592,35.3825,0.41498,35.14,0.39048,32.64475,0.31335,37.50375,0.37375,37.35975,0.42903,36.013,0.42168,,,67.4665,0.31282,35.19694,0.203045
8501,"Fitzgerald","GA",1207,36.7755,0.42002,0.0359147042036057,41.88775,0.75531,31.828,-0.43888,37.28275,0.42107,36.29325,0.41825,41.774,0.40328,37.5515,0.41978,37.11425,0.39485,33.8415,0.34786,41.27825,0.33157,39.498,0.35656,38.2005,0.3863,,,69.10325,0.38293,36.33957,0.169715
8502,"Cordele","GA",2048,35.2625,0.43734,0.033049039542675,35.801,0.82312,29.37625,-0.39843,35.251,0.46012,35.25275,0.41103,39.1325,0.40374,36.045,0.42428,34.64325,0.41741,31.74325,0.23053,38.127,0.41152,37.427,0.41344,36.3505,0.4233,,,67.90575,0.37643,34.51287,0.19465
8503,"Valdosta","GA",9271,36.122,0.4148,0.0318490117788315,38.24675,0.80347,28.475,-0.37364,37.45825,0.42005,34.82675,0.41095,38.74975,0.37095,37.0985,0.40578,36.21875,0.36847,34.09375,0.40307,39.16125,0.35029,38.0845,0.36822,37.13575,0.39015,40.431,0.32768,67.653,0.38028,35.72013,0.18638
8601,"Waycross","GA",4675,37.603,0.38752,0.0445917434990406,37.4875,0.7767,30.008,-0.38356,38.4005,0.40138,36.77975,0.37383,41.06675,0.34039,38.86675,0.37747,37.56075,0.36095,33.914,0.30616,41.08125,0.32465,39.134,0.35064,38.376,0.36808,40.402,0.40744,69.55099,0.35268,33.96975,0.18495
8602,"Brunswick","GA",3375,36.181,0.32316,0.0473826713860035,34.48425,0.67265,30.53225,-0.39003,37.01525,0.36309,35.36375,0.28703,40.1215,0.27142,36.946,0.32048,36.75225,0.28649,33.8715,0.27982,38.98575,0.27703,37.884,0.31612,37.0945,0.31794,38.527,0.29884,67.3295,0.29718,34.82069,0.16794
8701,"Hinesville","GA",4748,37.0335,0.33854,0.0489417985081673,31.30275,0.64783,29.30975,-0.33449,38.019,0.38516,36.04975,0.28499,40.88075,0.28603,37.76225,0.32661,36.66125,0.24949,35.25225,0.26565,38.381,0.31612,38.593,0.35476,37.90625,0.34505,,,68.64775,0.31827,33.94725,0.16042
8702,"Statesboro","GA",3952,36.17225,0.40297,0.0388888902962208,32.77375,0.73555,26.37775,-0.36333,37.06525,0.42257,35.32375,0.38383,39.42125,0.35673,36.993,0.39332,35.77625,0.39473,33.10125,0.26581,38.95675,0.36283,37.89,0.38824,37.07275,0.39455,38.1525,0.43166,68.60775,0.34395,34.63538,0.205455
8800,"Savannah","GA",15189,36.08325,0.35305,0.0409670919179916,33.3375,0.70406,30.1515,-0.34634,37.54925,0.36929,34.58975,0.33887,38.68825,0.33853,36.526,0.34988,36.786,0.30524,34.295,0.28884,38.58825,0.31477,38.27575,0.31827,37.243,0.3342,39.8345,0.32518,69.67225,0.28921,35.13881,0.189035
8900,"Macon","GA",15461,35.4545,0.38438,0.0326111726462841,34.967,0.71568,27.449,-0.31612,36.903,0.3926,33.983,0.37652,38.362,0.36912,36.14225,0.38009,35.9525,0.35074,33.479,0.31884,38.61725,0.33241,37.18975,0.36283,36.349,0.37272,39.73775,0.30231,67.7365,0.3489,35.85788,0.17601
9001,"Vidalia","GA",4268,38.273,0.41912,0.048065297305584,35.60175,0.75683,28.1675,-0.35346,39.1905,0.4255,37.34525,0.41125,42.10625,0.39201,39.49125,0.41017,37.922,0.3856,35.279,0.33588,41.14725,0.36993,40.217,0.36168,39.2395,0.38982,,,70.53325,0.38801,33.38863,0.189715
9002,"Milledgeville","GA",3058,33.139,0.38732,0.0322265625,37.08525,0.74057,26.17,-0.3412,34.973,0.41388,31.30475,0.36795,36.40625,0.31421,33.739,0.38268,33.64425,0.37221,31.547,0.29716,35.99675,0.34719,35.73625,0.34937,34.49125,0.36561,,,66.89575,0.29611,35.34581,0.189795
9003,"Dublin","GA",3178,34.9255,0.44058,0.032026968896389,34.6495,0.7869,27.09975,-0.32665,36.925,0.45588,32.9245,0.42658,37.41725,0.37661,35.72125,0.43321,35.13925,0.40041,31.4155,0.27106,38.94775,0.37995,37.49,0.401,36.20375,0.41951,37.17075,0.39467,65.56375,0.41575,34.63544,0.21457
9100,"Atlanta","GA",98341,35.96825,0.36589,0.0453297346830368,37.84825,0.70345,26.149,-0.33196,37.94675,0.37575,33.9705,0.35534,37.6685,0.35846,36.1905,0.36582,38.316,0.32532,34.1665,0.3109,39.455,0.31448,37.6835,0.31146,36.8825,0.3369,41.95,0.3104,69.427,0.27828,37.60256,0.194175
9200,"Griffin","GA",5217,36.1525,0.38454,0.0402813293039799,30.39525,0.71273,30.91675,-0.34513,37.75225,0.39281,34.60375,0.37871,38.869,0.36048,37.0415,0.37658,37.4175,0.32994,33.71475,0.29871,39.1705,0.33198,38.2745,0.37218,37.22925,0.37729,39.85375,0.24503,70.341,0.31808,34.06194,0.16885
9301,"Winder","GA",6172,35.4965,0.37682,0.0379506647586823,31.5405,0.8257,25.60075,-0.32429,37.158,0.39236,33.88,0.36172,38.49625,0.32993,36.119,0.37076,37.19925,0.31845,33.001,0.31,38.6855,0.32534,36.40525,0.36153,35.97075,0.36859,37.734,0.35884,66.64175,0.35447,35.19819,0.225545
9302,"Toccoa","GA",3216,38.06775,0.38059,0.0416666679084301,32.28275,0.77843,26.00075,-0.31153,39.20725,0.39609,36.9845,0.3671,40.65075,0.32043,39.163,0.37288,38.48475,0.35051,35.597,0.33244,40.217,0.33876,39.57825,0.38805,38.84375,0.38255,38.69775,0.38719,69.62151,0.35466,34.81306,0.175615
9400,"Gainesville","GA",8566,39.54725,0.33521,0.0697157010436058,28.5535,0.80418,28.62975,-0.37069,40.47825,0.35273,38.62975,0.31987,41.68875,0.29215,40.635,0.32668,41.319,0.30092,37.69075,0.29867,41.08125,0.30881,42.33375,0.27555,41.0095,0.3033,40.03975,0.33263,70.172,0.32396,34.20644,0.182475
9500,"Talladega","AL",5584,37.9475,0.42206,0.0449032261967659,23.118,0.68796,28.38225,-0.33447,38.852,0.42156,37.05575,0.42287,42.024,0.38216,39.048,0.4118,37.43925,0.36813,35.1205,0.30682,41.1705,0.36966,39.435,0.40868,38.6865,0.41442,39.99075,0.41363,69.77975,0.36795,32.52381,0.166785
9600,"LaGrange","GA",18078,37.601,0.37312,0.0523430220782757,26.64225,0.75249,29.53475,-0.33741,38.57025,0.37293,36.62275,0.37331,41.202,0.35492,38.757,0.36408,38.31,0.33856,35.16775,0.32055,40.335,0.32352,39.7785,0.34514,38.715,0.35788,39.88375,0.34059,70.04224,0.33881,33.79881,0.17511
9701,"Columbus","GA",12119,35.24325,0.37185,0.0349603332579136,31.0185,0.73058,28.28625,-0.32095,36.9125,0.37978,33.5225,0.36466,37.601,0.34444,36.16225,0.36097,35.21075,0.32843,34.0725,0.30294,36.493,0.35744,38.2135,0.32814,36.793,0.34812,39.01925,0.31453,70.619,0.29816,34.33219,0.17405
9702,"Americus","GA",2362,34.5395,0.40858,0.0344074293971062,35.835,0.74284,27.4555,-0.31518,35.08075,0.42279,34.012,0.39368,38.777,0.35348,35.61325,0.39389,34.6895,0.38622,31.04775,0.19159,38.66425,0.35853,36.34825,0.39201,35.4305,0.39894,,,68.10474,0.35259,34.26269,0.16173
9800,"Auburn","AL",4611,35.75,0.38956,0.0342648029327393,29.02175,0.81531,26.8625,-0.32658,36.9035,0.39742,34.58175,0.38299,40.49075,0.33431,36.75125,0.37889,35.92375,0.34419,33.762,0.28204,39.29675,0.33715,37.59425,0.36893,36.71025,0.37789,39.72475,0.29323,70.3835,0.29766,34.92231,0.181015
9900,"Tallahassee","FL",14988,37.87375,0.36895,0.0470258146524429,40.5735,0.8105,24.38125,-0.35643,39.244,0.38612,36.51925,0.35257,40.39325,0.34013,38.71975,0.35567,37.06425,0.33349,35.41725,0.35769,41.77225,0.29337,39.062,0.33328,38.4685,0.35054,41.822,0.32076,70.606,0.342,39.2475,0.20693
10000,"Panama City","FL",6274,39.185,0.33456,0.0581574887037277,35.8595,0.85222,23.85275,-0.30629,41.8615,0.34202,36.50225,0.33085,41.0745,0.31786,40.15575,0.32215,38.5965,0.2589,37.693,0.354,40.81675,0.29599,40.5155,0.3347,39.88125,0.33361,39.48175,0.33155,69.96475,0.32187,36.56906,0.204845
10101,"Bainbridge","GA",1860,37.45875,0.39551,0.0393333323299885,48.4225,0.61378,29.10275,-0.46157,39.43025,0.42461,35.56975,0.36603,40.57525,0.33633,38.481,0.38296,36.84125,0.38377,34.25375,0.29883,41.326,0.33072,37.41125,0.32973,37.3965,0.36374,,,70.672,0.32424,38.973,0.164885
10102,"Thomasville","GA",2888,36.29575,0.39979,0.0328861959278584,37.555,0.73496,27.27525,-0.36235,37.6675,0.40554,34.98775,0.39087,38.45025,0.35725,37.36425,0.39053,36.05125,0.33433,33.964,0.31828,39.355,0.34744,38.38825,0.40401,37.39,0.39984,,,69.55875,0.33387,35.32125,0.188295
10200,"Albany","GA",7924,34.5305,0.37666,0.027632687240839,40.9365,0.73286,28.83775,-0.32637,35.8415,0.39286,33.1935,0.35922,37.4445,0.35694,35.495,0.36636,34.443,0.349,32.13325,0.27241,38.204,0.32204,35.8935,0.35818,35.20425,0.36693,41.888,0.2812,66.9205,0.3385,34.282,0.17327
10301,"Eufaula","GA",2633,35.21525,0.43969,0.0229549240320921,35.63875,0.77639,29.05475,-0.36093,35.474,0.47136,34.934,0.40376,39.611,0.38032,36.2025,0.43118,34.6035,0.39566,31.98525,0.27605,38.75325,0.39021,36.149,0.44952,35.659,0.44388,,,68.059,0.34312,34.95256,0.169025
10302,"Dothan","AL",8993,39.018,0.40724,0.0582822076976299,29.59375,0.83379,26.26825,-0.32375,40.51925,0.41261,37.55025,0.40253,42.14625,0.37321,40.16875,0.39679,39.069,0.34232,36.76775,0.37975,41.403,0.36064,41.02675,0.37495,40.04875,0.38975,39.3705,0.42962,69.92775,0.36811,34.20537,0.173125
10400,"Meridian","MS",6696,37.3035,0.4465,0.046772874891758,39.33625,0.73181,26.61125,-0.31991,38.5065,0.47042,36.1715,0.42482,41.2195,0.38062,38.30875,0.43891,36.92775,0.40323,34.34525,0.35989,41.343,0.37164,38.88825,0.44157,38.0995,0.4425,41.47775,0.39083,68.52875,0.41759,33.61994,0.15651
10501,"Columbus","MS",4194,36.02175,0.44751,0.0360278524458408,42.0135,0.72158,28.51675,-0.34637,36.53,0.47676,35.5115,0.4199,41.465,0.37696,36.9155,0.4471,35.81875,0.40611,32.6555,0.29406,40.579,0.37372,37.922,0.4306,36.99125,0.43769,40.292,0.42316,68.15749,0.41178,37.76656,0.160075
10502,"Starkville","MS",4071,36.79075,0.44811,0.0399361029267311,42.7715,0.77802,27.09875,-0.33337,37.73975,0.48211,35.87675,0.41739,40.86125,0.36517,37.8115,0.4423,36.10825,0.42593,33.80375,0.36527,41.915,0.3462,37.511,0.4386,37.136,0.44316,,,68.91975,0.40575,37.74813,0.18806
10600,"Jasper","AL",6330,41.94475,0.37903,0.0865883603692055,28.9295,0.88518,26.60225,-0.33979,43.2875,0.3773,40.66425,0.38085,44.54975,0.36327,43.51225,0.36865,41.89375,0.34443,40.04125,0.36065,43.2355,0.35338,43.67575,0.37119,42.80925,0.37393,42.01875,0.37911,69.82425,0.36057,33.8805,0.18071
10700,"Birmingham","AL",38677,37.5835,0.39198,0.0504318326711655,32.4705,0.83106,25.75375,-0.32461,39.27075,0.39799,35.88175,0.38715,40.518,0.36392,38.6945,0.3873,38.72975,0.35459,35.19325,0.33521,41.0955,0.33546,39.546,0.35236,38.59225,0.37113,41.81975,0.34199,69.2225,0.32878,35.96475,0.205725
10801,"Tuscaloosa","AL",10534,36.85525,0.41753,0.0403225794434547,33.8605,0.83254,28.481,-0.36088,37.70675,0.43163,36.00425,0.40341,41.668,0.36508,37.81925,0.41213,36.55825,0.38633,34.28675,0.34327,41.57975,0.33591,38.587,0.3778,37.71225,0.39721,41.94975,0.35159,68.842,0.34376,36.71569,0.2103
10802,"Demopolis","AL",2834,37.42325,0.39097,0.0423830449581146,36.8955,0.73026,25.38925,-0.27143,37.807,0.41064,37.045,0.37352,43.8095,0.34326,38.6045,0.38714,36.672,0.36652,33.9125,0.2309,42.8145,0.31678,38.61475,0.40735,37.99225,0.39873,,,70.197,0.32884,37.66956,0.181325
10900,"Pensacola","FL",22465,39.736,0.33476,0.0612063407897949,40.927,0.78068,23.6305,-0.30946,41.96825,0.33461,37.53575,0.33547,42.03175,0.33007,40.6435,0.32262,38.6135,0.28482,37.86525,0.36845,41.8575,0.2851,41.14825,0.31853,40.485,0.32524,42.20825,0.29657,71.032,0.32204,37.93387,0.200435
11001,"Mobile","AL",24689,38.0195,0.38806,0.0513980016112328,28.25525,0.80689,26.95725,-0.33435,39.1135,0.3915,36.93325,0.38589,42.35875,0.35063,39.261,0.37972,38.27525,0.35001,35.74925,0.31373,40.76075,0.34363,39.892,0.3596,38.97375,0.37275,40.6525,0.34574,71.356,0.30072,34.4245,0.186655
11002,"Atmore","AL",3236,39.17925,0.39257,0.0477876104414463,23.37675,0.74523,28.55775,-0.25645,39.3565,0.3703,39.00675,0.41511,44.90075,0.36263,40.6855,0.38878,39.11575,0.33583,36.345,0.32252,42.9675,0.32126,40.672,0.3912,39.90425,0.39077,,,72.79,0.34096,32.58569,0.171985
11101,"Montgomery","AL",15241,35.84125,0.43289,0.0330373719334602,27.89625,0.86213,26.8575,-0.33734,37.26075,0.44039,34.4005,0.42702,39.27275,0.39495,36.61525,0.42901,35.909,0.38476,33.72875,0.35747,39.667,0.36936,37.81875,0.39163,36.844,0.41148,41.57025,0.37593,69.47075,0.34887,35.68281,0.22103
11102,"Troy","AL",3199,42.23425,0.41885,0.0679886713624001,30.9725,0.82278,26.038,-0.3304,42.66775,0.43267,41.79825,0.40589,46.473,0.37836,43.43925,0.41449,41.23625,0.37089,39.5535,0.4455,46.10025,0.32809,43.28825,0.39265,42.75975,0.40511,43.50225,0.41217,73.05675,0.39091,34.96919,0.18934
11201,"Bluefield","VA",6948,44.031,0.32368,0.110749185085297,37.899,0.7938,18.80775,-0.19437,44.95225,0.32393,43.11375,0.32255,47.1395,0.29806,45.32625,0.31269,43.51725,0.29897,41.4725,0.31374,45.0235,0.30438,45.297,0.32464,44.6575,0.32266,44.028,0.32384,71.40025,0.34673,36.61057,0.21574
11202,"Welch","WV",1934,44.55225,0.27513,0.159914717078209,38.424,0.62396,22.83825,-0.23651,44.914,0.28252,44.16525,0.26593,49.28725,0.25021,46.17025,0.25817,43.8615,0.2389,39.85375,0.43083,46.80925,0.21425,47.25425,0.32485,45.85825,0.29089,45.78325,0.25765,68.914,0.28032,36.38238,0.12775
11203,"Big Stone Gap","VA",3172,43.634,0.32636,0.103608250617981,28.95725,0.92109,21.43575,-0.28153,44.517,0.33728,42.7475,0.31706,47.4365,0.27706,45.1695,0.31438,42.5205,0.29874,39.87275,0.23871,44.738,0.3136,44.028,0.34752,43.81225,0.33521,43.589,0.32436,70.35525,0.33921,34.54469,0.257855
11301,"Fredericksburg","VA",9209,41.8675,0.34046,0.0945812836289406,32.601,0.75204,23.77275,-0.27377,44.05875,0.33391,39.806,0.34436,44.0305,0.34794,41.34675,0.33167,44.36275,0.27311,40.40475,0.32947,43.42075,0.31395,43.524,0.30476,42.77925,0.32089,43.46125,0.32649,71.40725,0.30389,37.34756,0.199365
11302,"Baltimore","MD",85143,38.83175,0.41243,0.064007394015789,36.53025,0.71377,26.305,-0.34712,41.0785,0.40426,36.47425,0.42161,42.3,0.39748,38.04775,0.40483,40.12075,0.36155,36.5945,0.36174,43.674,0.33536,39.569,0.38372,39.23825,0.39689,45.3975,0.3303,67.7065,0.36022,39.06319,0.20728
11303,"Colonial Beach","VA",1935,39.63125,0.37553,0.0654515326023102,37.95425,0.78721,23.971,-0.32888,40.792,0.41136,38.43675,0.34855,43.72225,0.30973,39.2395,0.3657,39.3375,0.31898,38.1365,0.43934,42.80625,0.30233,39.05125,0.37889,39.32975,0.37735,,,69.89575,0.39627,38.50331,0.207105
11304,"Washington DC","DC",143170,43.231,0.32956,0.10981173813343,45.33275,0.62283,21.24525,-0.26591,46.34975,0.31459,39.90425,0.34781,45.67875,0.32899,41.35325,0.33325,45.199,0.27708,40.6135,0.29062,48.12675,0.25763,43.77425,0.28117,43.52,0.30424,46.5325,0.30478,72.24776,0.26219,44.25775,0.18618
11401,"Marquette","MI",5035,45.139,0.292,0.0965651348233223,42.959,0.68264,15.33325,-0.18019,46.372,0.3012,44.0345,0.27942,48.38775,0.27823,46.40025,0.27761,45.50875,0.26583,43.6735,0.22802,45.841,0.28284,43.031,0.31656,44.04675,0.30539,45.20125,0.29225,75.5905,0.25378,38.91431,0.1811
11402,"Marinette","MI",5044,46.27825,0.33469,0.102725364267826,38.4725,0.7169,18.00375,-0.22745,46.57775,0.34847,46.00525,0.31777,51.65675,0.27923,47.38325,0.32257,47.13075,0.29483,43.98875,0.34335,47.59675,0.30723,46.69775,0.28407,46.47575,0.30999,46.528,0.32856,77.38075,0.29979,38.65025,0.198755
11403,"Sault Ste. Marie","MI",2048,42.14875,0.28099,0.0991831943392754,38.6915,0.71178,17.986,-0.16504,43.249,0.27208,41.15575,0.28923,45.41225,0.30581,43.15925,0.27321,41.8685,0.26714,40.5995,0.33106,43.5335,0.24714,42.60425,0.29961,42.3955,0.2897,44.3025,0.26762,74.22,0.31212,39.01987,0.19926
11500,"Jackson","MI",12082,40.1865,0.32982,0.0630887821316719,36.991,0.69732,24.32725,-0.29603,40.96875,0.33811,39.421,0.32204,43.76575,0.31675,41.3245,0.32374,41.8375,0.31326,38.541,0.28484,41.5405,0.30846,40.20775,0.34023,40.20925,0.33465,40.87575,0.31751,70.507,0.3362,36.91144,0.17416
11600,"Detroit","MI",189275,37.3315,0.35834,0.0545927621424198,44.5245,0.60826,22.945,-0.28752,39.5995,0.35462,35.0205,0.3633,40.31775,0.35267,38.00825,0.35249,40.37125,0.33717,35.39525,0.28781,40.2415,0.31814,37.84975,0.32583,37.61775,0.34131,42.199,0.30364,68.47475,0.31135,40.21119,0.18011
11700,"Lansing","MI",17160,39.50525,0.35017,0.0641167387366295,47.99675,0.65031,22.0435,-0.27834,41.409,0.34176,37.5795,0.35926,42.15,0.3344,40.5075,0.33886,41.43825,0.32473,37.977,0.31572,41.2095,0.32374,39.601,0.32656,39.5605,0.33802,42.85575,0.30651,70.12325,0.31765,41.43388,0.19627
11800,"Mount Pleasant","MI",4873,41.836,0.36416,0.0646153837442398,32.588,0.73664,20.094,-0.22828,42.8245,0.35798,40.87025,0.36969,44.815,0.34072,42.9685,0.35206,42.793,0.32436,41.3845,0.41362,42.41575,0.34843,40.97975,0.35043,41.385,0.35736,41.9565,0.3617,72.08025,0.36421,35.837,0.2009
11900,"Saginaw","MI",21882,40.90725,0.34869,0.0644080862402916,41.70075,0.70211,21.9495,-0.26962,42.2755,0.36054,39.52425,0.33681,44.08775,0.31979,42.1355,0.34018,42.13825,0.34613,38.18375,0.30959,43.13775,0.31155,40.54925,0.34117,40.72025,0.34505,43.32775,0.32087,71.8655,0.3079,39.61094,0.190185
12001,"Big Rapids","MI",4991,41.5415,0.33322,0.074307918548584,38.32975,0.68739,21.122,-0.272,41.9715,0.3449,41.12025,0.32217,45.788,0.29728,42.81875,0.32311,42.15275,0.29959,41.5955,0.33126,41.49575,0.33435,41.80525,0.34397,41.684,0.33776,41.924,0.32504,71.96425,0.33925,37.61256,0.200755
12002,"Ludington","MI",2099,42.23825,0.36005,0.0760736167430878,39.759,0.76112,18.49575,-0.20501,42.8485,0.36942,41.65525,0.34781,44.61425,0.36421,43.342,0.34288,42.62125,0.34585,41.76075,0.34175,42.43975,0.35739,41.94675,0.32195,42.0815,0.34154,42.23825,0.36005,73.31575,0.33855,36.98031,0.219275
12100,"Kalamazoo","MI",19114,37.98175,0.38547,0.0526231341063976,39.59225,0.73473,25.05475,-0.34133,39.609,0.38732,36.33075,0.38451,41.168,0.35212,38.85875,0.37435,39.97875,0.35103,36.281,0.34484,39.7655,0.3571,38.98325,0.35425,38.50525,0.36913,40.64525,0.34637,67.6385,0.3773,38.01213,0.202775
12200,"Grand Rapids","MI",52268,40.1235,0.3777,0.0637291669845581,37.3005,0.6725,25.55325,-0.34015,41.4515,0.3783,38.75975,0.37783,43.4425,0.34894,41.03975,0.37459,42.98275,0.33443,37.6795,0.35634,42.6865,0.3319,41.0285,0.3641,40.62275,0.36991,42.78225,0.33453,71.26151,0.35306,37.859,0.17435
12301,"Traverse City","MI",5876,41.667,0.305,0.0742486715316772,44.7335,0.69346,18.17075,-0.22977,42.416,0.33536,40.972,0.2718,45.572,0.2512,42.52975,0.29487,43.30925,0.26429,40.5115,0.30002,42.458,0.29008,42.89825,0.27997,42.28675,0.29215,41.6595,0.30962,75.3275,0.25262,40.58994,0.1956
12302,"Petoskey","MI",3196,42.1125,0.28734,0.0765550211071968,48.99325,0.62225,16.02825,-0.20287,43.36275,0.31091,40.8175,0.2689,44.987,0.26116,42.865,0.2828,43.345,0.25772,40.4815,0.25546,43.0885,0.2701,41.52,0.2714,41.8015,0.27906,42.06825,0.28773,74.76975,0.27823,41.381,0.187265
12401,"Alpena","MI",3411,41.988,0.34548,0.0786440670490265,37.94225,0.69977,17.85325,-0.20187,43.5715,0.33282,40.39125,0.35877,45.19325,0.33841,43.06025,0.33613,42.4815,0.31046,41.23775,0.27451,42.075,0.34896,43.5305,0.3163,42.7845,0.32926,41.988,0.34548,72.61475,0.32023,36.62275,0.162755
12402,"Grayling charter","MI",4114,42.007,0.29704,0.0748898684978485,37.21775,0.69263,19.32175,-0.26069,43.17375,0.29059,40.805,0.30524,45.7375,0.29006,43.102,0.28592,42.34725,0.28345,40.953,0.29452,42.62375,0.28415,41.77875,0.32607,41.904,0.31068,42.007,0.29704,72.34425,0.31765,36.63119,0.177545
12501,"Dayton","OH",46426,38.26225,0.39673,0.0488145053386688,32.9435,0.7957,26.20425,-0.33079,39.2995,0.4053,37.202,0.38872,42.04175,0.36891,39.0075,0.39154,39.825,0.3546,35.88175,0.35607,40.76825,0.35305,39.46175,0.37547,38.8865,0.38518,40.36825,0.36865,68.15275,0.39127,36.39494,0.201115
12502,"Washington Court House","OH",4653,38.66925,0.37873,0.0533333346247673,25.50375,0.79575,26.66025,-0.34611,40.35675,0.37903,36.9875,0.38046,41.65175,0.37311,39.8115,0.3661,39.9095,0.32186,36.2385,0.3821,40.21625,0.34581,39.645,0.35884,39.15525,0.36801,38.67225,0.37929,67.7385,0.40758,33.50713,0.17959
12600,"Wayne","IN",4226,37.3145,0.37786,0.0539811067283154,34.632,0.73432,28.168,-0.31472,38.55025,0.39977,36.123,0.35604,40.369,0.3236,38.599,0.36404,38.636,0.352,35.69925,0.33625,38.565,0.35772,38.11825,0.37857,37.715,0.3776,37.31,0.37912,64.94825,0.43393,38.84831,0.1796
12701,"Cincinnati","OH",76510,37.85575,0.42927,0.0512119494378567,34.13375,0.81111,27.30125,-0.36951,39.73075,0.42591,35.95675,0.43323,40.784,0.41152,38.4575,0.4257,39.96425,0.38129,35.35425,0.38193,40.6715,0.3829,38.717,0.3998,38.311,0.41352,40.096,0.39884,66.384,0.42648,38.87219,0.222205
12702,"Maysville","KY",2074,40.08975,0.34591,0.0528455302119255,36.089,0.79084,22.89775,-0.29405,42.96875,0.34487,37.271,0.3514,41.44125,0.33621,41.83925,0.33337,39.611,0.32776,37.07225,0.35757,41.2995,0.3211,40.8145,0.38162,40.46125,0.36249,40.03425,0.34989,67.77575,0.36503,35.42263,0.18821
12800,"Washington","IN",5764,43.46,0.34728,0.106587715446949,33.03075,0.73407,25.88075,-0.29773,44.50075,0.34779,42.424,0.34624,47.172,0.3018,45.00875,0.33823,44.9955,0.31934,42.52975,0.30691,43.982,0.33992,45.454,0.32744,44.5225,0.33562,43.46,0.34728,73.3115,0.32026,37.601,0.17922
12901,"Lexington-Fayette","KY",17359,36.947,0.37984,0.0537449978291988,36.0575,0.77734,26.62675,-0.34637,38.73775,0.39035,35.14,0.3694,39.05075,0.34407,38.097,0.37468,37.97425,0.35189,35.57075,0.38123,38.42875,0.35311,37.68225,0.35317,37.31725,0.36601,38.4635,0.36254,64.51375,0.40019,39.37075,0.209285
12902,"Mount Sterling","KY",1380,38.977,0.37692,0.0622914358973503,32.648,0.81516,24.40875,-0.27901,41.06725,0.40709,37.06375,0.34171,40.532,0.34912,40.7955,0.36954,38.85925,0.35933,37.8325,0.49058,39.97325,0.34645,37.871,0.35716,38.39725,0.36701,38.977,0.37692,65.988,0.44784,35.43687,0.207205
12903,"Danville","KY",3129,39.6525,0.35614,0.0727496892213821,33.44525,0.81265,27.0065,-0.33562,40.98375,0.35311,38.2705,0.3601,41.7295,0.3177,41.9135,0.33482,40.49525,0.30565,37.339,0.35184,40.96175,0.33091,41.923,0.34,40.848,0.34564,39.6525,0.35614,67.46175,0.40975,36.56237,0.212585
13000,"Elizabethtown","KY",7342,42.36275,0.32811,0.0815989449620247,36.90275,0.73923,24.69725,-0.26931,43.296,0.353,41.449,0.30364,45.618,0.29144,44.2845,0.31422,42.349,0.28228,40.7615,0.31074,43.221,0.31116,44.50725,0.31197,43.49925,0.31757,43.22275,0.32599,73.218,0.31808,36.42375,0.18233
13101,"Louisville","KY",40846,37.8755,0.38738,0.0519954860210419,35.1695,0.7559,27.68175,-0.34185,39.24875,0.39759,36.4995,0.37694,41.31125,0.35365,39.14075,0.38595,39.296,0.35236,36.10475,0.36419,40.17875,0.34783,39.09225,0.37089,38.493,0.37852,40.76225,0.34221,66.92225,0.39553,37.27762,0.19602
13102,"Madison","IN",1951,40.8025,0.40922,0.0938271582126617,34.9555,0.72834,24.67875,-0.29425,40.6545,0.46058,40.993,0.35712,47.719,0.28116,42.3925,0.39326,40.99,0.36712,39.98575,0.38215,41.3355,0.40066,43.50325,0.31881,42.032,0.36552,40.8025,0.40922,68.2875,0.40634,36.09525,0.185495
13103,"Bardstown","KY",2820,44.11525,0.36613,0.0762167125940323,38.8295,0.68346,22.3185,-0.2813,46.1465,0.37142,42.17875,0.35431,45.8105,0.31278,46.59025,0.34569,43.979,0.35348,41.52575,0.33675,45.52225,0.33941,44.756,0.33872,44.42325,0.35201,44.11875,0.36563,74.09225,0.32841,38.005,0.16883
13200,"Owensboro","KY",7188,43.34475,0.35931,0.092302568256855,40.471,0.7722,27.003,-0.34668,43.65475,0.35511,43.02925,0.36357,47.78175,0.33495,45.35,0.35292,42.82825,0.35009,41.7005,0.41922,44.694,0.32612,45.6455,0.34666,44.511,0.35136,43.31975,0.35931,72.05675,0.36331,36.72975,0.20032
13300,"Findlay","OH",10154,44.022,0.34808,0.0736145600676537,39.82825,0.74109,24.16775,-0.30561,44.43025,0.36001,43.633,0.33376,48.91675,0.30591,45.29425,0.33741,44.45275,0.32307,41.92775,0.35111,45.56125,0.31609,43.87225,0.35461,43.9505,0.35106,44.00875,0.34855,76.18125,0.30921,39.18688,0.19059
13400,"Lima","OH",12109,44.66275,0.38155,0.0694817677140236,36.06325,0.79421,25.88025,-0.36323,44.54425,0.39933,44.80275,0.36339,49.08025,0.34705,45.802,0.37756,44.999,0.35648,39.41675,0.35771,48.06325,0.31441,45.63925,0.39661,45.193,0.38736,47.83875,0.32911,74.955,0.35524,39.69037,0.200635
13501,"Toledo","OH",33534,39.38775,0.36815,0.0574808046221733,39.92925,0.61537,25.39075,-0.31837,40.49425,0.37509,38.281,0.36144,43.46525,0.34385,40.206,0.36408,41.2365,0.33858,36.82925,0.32501,42.2855,0.31978,39.63225,0.36225,39.52575,0.36467,43.5475,0.30574,68.84299,0.36264,39.23606,0.16966
13502,"Defiance","OH",4495,43.70225,0.32885,0.0814732164144516,28.59825,0.68901,25.48775,-0.29401,43.75825,0.35329,43.68525,0.30169,48.764,0.29196,45.273,0.3146,44.68725,0.30909,41.77725,0.25537,44.9045,0.31146,45.35775,0.32703,44.596,0.32596,43.6685,0.33046,77.0135,0.25782,33.91506,0.154755
13600,"South Bend","IN",26414,39.22675,0.38743,0.0601345673203468,37.6405,0.70814,28.4875,-0.36558,40.247,0.39356,38.21875,0.38195,43.35475,0.36327,40.151,0.37928,40.95125,0.34449,37.39525,0.37577,41.536,0.34432,39.80475,0.36327,39.51925,0.37505,41.9745,0.3447,70.45074,0.35287,38.461,0.19642
13700,"Concord","IN",15169,42.16475,0.32391,0.0734009891748428,23.78775,0.76735,24.707,-0.25168,41.81275,0.33551,42.51825,0.31237,48.24075,0.27243,43.73125,0.31537,43.81525,0.29973,38.9595,0.32546,44.808,0.27152,45.107,0.2918,43.7315,0.30546,43.5435,0.2999,74.53799,0.29164,34.4565,0.17763
13800,"Wayne","IN",5655,42.8755,0.33686,0.0915141403675079,30.477,0.7136,26.6275,-0.27938,42.54375,0.35735,43.193,0.31748,47.972,0.29872,44.0745,0.33794,44.3885,0.30754,40.95225,0.26017,44.00825,0.32165,44.56975,0.32875,43.72375,0.33195,42.894,0.3372,73.5215,0.3295,36.74594,0.173015
13900,"Center","IN",7758,40.44325,0.32345,0.066135086119175,32.32625,0.70245,25.14375,-0.25765,40.90425,0.33729,40.01275,0.30867,44.25475,0.29975,41.83325,0.32065,41.31525,0.33653,37.5025,0.25182,42.87725,0.28813,41.5675,0.33342,41.0775,0.32626,40.42625,0.32373,70.54775,0.30839,37.09694,0.173895
14000,"Muncie","IN",15423,37.95125,0.38089,0.0531732402741909,33.0165,0.72258,29.38575,-0.36697,38.52825,0.38709,37.39975,0.37471,41.80675,0.35447,39.14425,0.37425,39.275,0.36452,36.2715,0.3293,39.4255,0.35834,39.47275,0.35971,38.743,0.36908,39.21425,0.36641,67.46725,0.37833,36.18456,0.173995
14100,"Fort Wayne","IN",22891,40.56,0.38108,0.065946564078331,33.79975,0.72507,27.33725,-0.32251,41.6735,0.3825,39.41675,0.38071,43.90775,0.35471,41.54225,0.37921,42.56875,0.34891,38.7355,0.35906,42.5945,0.34482,41.78075,0.36851,41.202,0.37388,43.5,0.33696,71.74675,0.35027,38.41581,0.189765
14200,"Indianapolis","IN",55739,37.225,0.3976,0.0490063242614269,31.1545,0.78598,29.133,-0.36052,38.96,0.397,35.524,0.39828,40.50625,0.37049,38.059,0.39468,39.6135,0.35614,35.5985,0.3537,39.651,0.36012,38.96175,0.36879,38.1405,0.38214,39.77975,0.36771,67.509,0.3718,36.58912,0.19714
14300,"Columbus","IN",6216,39.68975,0.38823,0.0746864303946495,27.614,0.84476,31.699,-0.3952,40.8215,0.39166,38.5505,0.38438,43.51175,0.35111,40.84,0.38348,40.991,0.35212,37.2195,0.33814,41.502,0.35708,42.3145,0.3625,41.0775,0.37314,39.68425,0.38833,67.45875,0.40059,35.02106,0.21778
14400,"Terre Haute","IN",9840,42.25225,0.35653,0.0826252549886703,35.97275,0.75703,25.9015,-0.30802,43.20525,0.36597,41.3065,0.3483,46.07475,0.32335,43.865,0.3456,42.2045,0.34354,41.05675,0.32703,43.02,0.34396,43.07925,0.35353,42.6845,0.35418,42.78075,0.34527,71.8775,0.34242,37.23406,0.19346
14500,"Lafayette","IN",12710,43.061,0.33864,0.0908335670828819,37.52925,0.72033,26.33425,-0.32999,43.037,0.3582,43.0745,0.32058,48.32325,0.28433,44.4645,0.32754,43.48025,0.32009,41.39125,0.32725,44.5195,0.3115,43.81575,0.33527,43.455,0.33624,44.36525,0.31277,73.19525,0.31861,37.98775,0.204185
14600,"Bloomington","IN",9458,41.2375,0.35026,0.0871858522295952,35.434,0.77312,24.9615,-0.27934,41.92475,0.35727,40.5685,0.34394,44.56925,0.33237,42.8865,0.33682,41.68075,0.32555,38.60875,0.33863,43.045,0.31728,44.8075,0.3063,43.10175,0.32559,41.26525,0.35017,69.8815,0.35566,37.089,0.194785
14700,"Evansville","IN",15530,43.60525,0.39821,0.0792389214038849,42.45475,0.75207,25.42375,-0.32461,44.05475,0.41895,43.15375,0.37723,47.777,0.35176,45.03825,0.38937,44.50075,0.36295,41.84975,0.38947,45.131,0.36992,44.6345,0.39234,44.12825,0.39485,44.69475,0.37795,72.63625,0.36397,39.32988,0.19784
14801,"Olney","IL",2241,47.32275,0.33783,0.116939887404442,59.878,0.54332,20.69075,-0.21137,47.93175,0.36199,46.73175,0.30775,51.263,0.27132,49.012,0.32772,45.66825,0.32305,46.5655,0.43758,48.2995,0.30714,49.901,0.32264,48.6765,0.3277,47.32275,0.33783,76.41475,0.32847,42.28862,0.17487
14802,"Vincennes","IN",2210,45.0425,0.38754,0.1098398193717,51.54425,0.73117,23.0865,-0.27714,45.2655,0.39826,44.83475,0.37555,49.79175,0.34087,46.53325,0.37829,44.071,0.3594,44.16975,0.44615,45.96575,0.36411,46.79475,0.37195,45.94075,0.37847,45.11,0.386,72.762,0.36984,39.16725,0.208965
14900,"Gary","IN",29274,40.69775,0.35831,0.0813901349902153,39.7535,0.6129,26.075,-0.31828,41.56525,0.36189,39.838,0.3546,46.09775,0.33767,41.648,0.34964,42.77725,0.30905,38.402,0.29992,43.82775,0.30679,41.066,0.339,40.87525,0.34857,46.9835,0.28266,70.901,0.30848,40.80919,0.17475
15000,"Canton","OH",27950,41.75725,0.37769,0.064910851418972,33.35325,0.79565,20.89275,-0.28517,42.6205,0.3853,40.8975,0.37022,45.72625,0.35245,42.8075,0.36658,42.4905,0.3423,38.802,0.37932,43.82175,0.33599,43.182,0.3576,42.4995,0.36642,43.03425,0.35753,73.09625,0.35957,38.38706,0.202635
15100,"Lorain","OH",17780,39.6395,0.35322,0.0566001161932945,31.038,0.71444,26.53275,-0.34701,40.387,0.35364,38.93325,0.35177,44.775,0.33196,40.46475,0.34683,41.2355,0.31922,37.7715,0.29934,41.3105,0.32658,40.38,0.35324,40.0335,0.3523,41.94825,0.32065,69.78025,0.35741,35.83037,0.168535
15200,"Cleveland","OH",98519,38.2025,0.40522,0.0508592650294304,42.41075,0.71491,23.70025,-0.34379,40.11025,0.39733,36.28775,0.41327,41.65775,0.40223,38.634,0.3984,40.0325,0.36034,35.43975,0.36499,41.82875,0.34307,39.0475,0.37602,38.65075,0.38963,43.5145,0.32718,68.674,0.37704,40.2675,0.206455
15300,"Parkersburg","WV",8136,41.5425,0.36654,0.0708944052457809,39.37275,0.78275,20.94825,-0.25815,42.5055,0.37442,40.616,0.35764,44.996,0.35368,42.6565,0.35686,41.5845,0.3255,39.72275,0.31083,42.3355,0.35618,43.25725,0.35025,42.39825,0.35713,41.537,0.3666,70.1655,0.39022,39.34431,0.201165
15400,"Zanesville","OH",8140,41.222,0.4078,0.0684076100587845,30.07975,0.80711,25.302,-0.34152,41.47175,0.42899,40.97025,0.38789,45.736,0.36836,42.34725,0.39429,41.28425,0.35013,38.99825,0.36849,42.382,0.38488,42.351,0.39428,41.80225,0.39973,41.27175,0.40671,70.52725,0.46137,37.21331,0.212105
15500,"Steubenville","OH",5087,41.03725,0.41037,0.0727181509137154,46.23575,0.78515,18.26875,-0.25693,41.7275,0.42254,40.35625,0.39881,46.12875,0.37443,41.9925,0.38918,40.9615,0.36762,39.81725,0.35885,41.62825,0.40329,43.3535,0.35986,42.2055,0.38354,41.046,0.41016,69.5325,0.42298,40.28837,0.19447
15600,"Wheeling","WV",7256,45.4145,0.33778,0.125404015183449,47.52475,0.77455,18.1365,-0.23202,45.69975,0.34647,45.126,0.32904,50.43875,0.31771,46.6525,0.32482,44.20825,0.31609,43.50925,0.30225,46.268,0.32296,45.4535,0.35666,45.44175,0.34627,45.28175,0.34063,74.2255,0.3187,42.22894,0.2012
15700,"Scioto","OH",8664,38.33475,0.39243,0.064859002828598,30.98,0.80028,24.55725,-0.28575,39.345,0.40216,37.29425,0.38585,41.6765,0.37162,39.76675,0.37727,38.218,0.3534,36.40225,0.33697,39.22475,0.37943,38.903,0.39464,38.63675,0.39227,38.32475,0.39291,64.8055,0.4541,33.99481,0.190985
15800,"Athens","OH",5199,40.42275,0.32791,0.0747126415371895,39.08875,0.75883,21.27175,-0.23801,42.292,0.31652,38.5655,0.33826,42.52175,0.31251,41.9425,0.31474,39.9995,0.30994,39.6455,0.24018,40.46725,0.33613,39.519,0.35132,39.952,0.3396,40.432,0.32796,67.53875,0.37455,36.84919,0.19331
15900,"Columbus","OH",57755,37.689,0.40612,0.0490940660238266,35.06225,0.79705,26.9745,-0.34946,39.287,0.40976,36.075,0.40316,40.6175,0.3893,38.3175,0.39958,39.47525,0.36033,35.508,0.3918,40.24025,0.36157,38.995,0.37376,38.383,0.38868,41.30525,0.35533,67.08775,0.40679,38.67681,0.216025
16000,"Mansfield","OH",12816,40.42975,0.38611,0.0644607841968536,34.4455,0.78354,27.552,-0.36348,41.3235,0.38858,39.54175,0.38423,44.31975,0.35203,41.33675,0.37771,41.25575,0.35483,37.85125,0.35489,42.29825,0.35061,41.678,0.38304,41.07975,0.38355,41.39875,0.36807,70.13575,0.40175,38.57869,0.20578
16100,"State College","PA",9841,47.51925,0.29769,0.113127648830414,40.897,0.72708,14.6385,-0.17902,47.6255,0.3203,47.43225,0.27501,52.93025,0.23641,47.68725,0.28441,46.63275,0.28943,45.65425,0.26333,48.39525,0.28273,48.2165,0.2739,47.89175,0.28483,47.5715,0.2959,79.25775,0.22687,42.622,0.22489
16200,"Altoona","PA",15478,47.1315,0.35234,0.102376908063889,38.16575,0.75827,15.47775,-0.21741,47.8575,0.35642,46.376,0.34884,51.21225,0.32369,47.5055,0.33762,45.84825,0.33713,44.663,0.39072,48.58775,0.31803,47.6445,0.35814,47.3955,0.3545,47.2125,0.34982,77.8165,0.29598,41.73469,0.227465
16300,"Pittsburgh","PA",87830,45.18525,0.35869,0.0951486900448799,48.98075,0.66731,16.49875,-0.24677,46.54825,0.36581,43.82225,0.35153,49.33725,0.33189,45.5265,0.34846,45.14575,0.33307,42.02675,0.34459,47.93775,0.30871,44.99075,0.34379,45.087,0.3508,47.2085,0.3267,74.92751,0.30462,43.32663,0.208725
16400,"Youngstown","OH",30784,41.34925,0.38789,0.0669745951890945,40.16175,0.73139,20.50775,-0.28325,42.4365,0.4023,40.23525,0.37421,45.68275,0.35799,42.10125,0.37333,41.67775,0.35623,38.36425,0.35009,43.6495,0.34446,41.86425,0.36281,41.6165,0.37466,43.008,0.36384,71.6085,0.36414,41.08031,0.195465
16500,"Erie","PA",25753,43.7085,0.3553,0.0751668065786362,41.3505,0.69942,19.79425,-0.27499,43.99025,0.38153,43.42825,0.32857,48.763,0.3046,44.02475,0.34799,43.5405,0.32802,41.38275,0.31247,45.2745,0.32662,43.7395,0.35282,43.72775,0.35367,44.66825,0.33913,75.1295,0.31562,41.09031,0.197355
16600,"Roanoke","VA",14354,39.63375,0.37871,0.0640164241194725,37.69075,0.81643,24.84325,-0.34399,41.62225,0.38949,37.70275,0.36847,41.71975,0.34799,40.036,0.36604,40.344,0.34524,38.19,0.3656,40.87125,0.35637,41.165,0.348,40.42325,0.36241,40.686,0.36272,68.73275,0.37815,37.95063,0.236005
16701,"Elkins","WV",2125,44.84525,0.35309,0.105799369513988,40.54225,0.84677,16.27825,-0.20863,45.414,0.38288,44.3275,0.32842,48.778,0.29592,45.77775,0.33587,42.408,0.34392,45.33775,0.38211,44.761,0.35236,45.3805,0.32406,45.1075,0.3379,44.84525,0.35309,73.63275,0.37091,39.3215,0.2164
16702,"Morgantown","WV",8969,43.9715,0.3587,0.104958467185497,40.36275,0.78251,18.45125,-0.25667,44.2135,0.37714,43.71675,0.34047,48.81775,0.31247,45.03825,0.34465,42.27575,0.33867,41.617,0.32348,45.08875,0.33991,46.132,0.30828,45.0845,0.3317,43.989,0.35944,71.94575,0.34819,40.12032,0.21559
16703,"Buckhannon","WV",1544,46.56725,0.31561,0.126410841941833,38.57025,0.77517,18.03525,-0.21903,46.824,0.2984,46.28025,0.33373,52.2265,0.27502,47.7865,0.30706,44.34075,0.30307,42.04925,0.20161,47.87475,0.29619,46.283,0.35884,46.41725,0.33609,46.56725,0.31561,75.448,0.27432,36.54612,0.169645
16801,"Beckley","WV",6451,43.44,0.34532,0.106445029377937,37.6925,0.68914,20.37175,-0.23741,44.4705,0.35058,42.393,0.33976,46.8895,0.34454,44.69825,0.33261,42.6565,0.30658,40.19425,0.35961,45.24325,0.30665,43.979,0.34384,43.67975,0.34411,43.46125,0.34601,70.86825,0.37405,37.01712,0.17523
16802,"Summersville","WV",2067,46.493,0.3682,0.128528967499733,40.3825,0.73874,15.9035,-0.13762,45.60875,0.38959,47.33525,0.34745,52.1075,0.33166,47.556,0.36188,44.827,0.31028,45.36825,0.40425,47.0625,0.3521,47.51675,0.37027,47.0115,0.36754,46.4675,0.36854,72.528,0.35624,36.54794,0.185925
16901,"Charleston","WV",13026,42.339,0.32576,0.097229391336441,39.52175,0.71787,21.70025,-0.25675,43.476,0.34172,41.244,0.31044,46.38175,0.29835,43.78875,0.31547,42.2135,0.3057,39.934,0.31424,43.77325,0.30093,42.2535,0.31478,42.28275,0.32027,42.57725,0.32401,69.2765,0.34362,37.68906,0.18346
16902,"Spencer","WV",860,47.0525,0.33986,0.146567717194557,35.67275,0.67387,16.795,-0.1578,45.40175,0.37751,48.5205,0.31042,53.446,0.29312,48.67,0.33212,45.036,0.32432,,,47.147,0.32884,47.92,0.35552,47.481,0.34528,47.07375,0.34271,74.8095,0.33186,37.9615,0.179245
17000,"Pikeville","KY",7721,43.22125,0.31813,0.137840375304222,44.311,0.67572,20.14775,-0.22161,44.41025,0.33533,41.9805,0.30198,46.73275,0.28179,45.7125,0.30074,42.77575,0.29887,40.27875,0.33427,44.34025,0.29477,46.0045,0.28954,44.6345,0.3009,43.21475,0.31971,67.8265,0.34998,36.62925,0.175515
17100,"Huntington","KY",12489,39.776,0.35528,0.0685057491064072,41.12775,0.76767,21.82725,-0.24455,40.578,0.37536,38.977,0.33632,43.36225,0.31545,41.59475,0.33955,39.18225,0.33581,37.86525,0.34921,40.78375,0.33631,40.139,0.32548,39.9425,0.34042,39.809,0.35576,65.89825,0.39081,37.91025,0.195145
17200,"Harrisonburg","VA",5727,44.12625,0.31661,0.0938897132873535,31.63775,0.76011,23.3185,-0.2915,45.0975,0.3197,43.14325,0.31373,47.10925,0.27961,44.03375,0.31087,44.675,0.28188,41.2165,0.31214,46.262,0.27304,45.528,0.30732,44.8255,0.31186,44.12625,0.31661,75.72925,0.28093,37.21812,0.200515
17300,"Staunton","VA",6592,41.866,0.35556,0.0680161938071251,31.28925,0.78713,21.84975,-0.28197,42.79875,0.35619,40.95425,0.35349,44.532,0.33808,41.95175,0.34575,42.65625,0.31721,39.96275,0.32203,43.2425,0.32982,43.42625,0.33141,42.679,0.3424,41.819,0.3588,72.58225,0.32637,37.09163,0.207325
17400,"Hagerstown","PA",14115,42.8775,0.35854,0.0870945826172829,28.90175,0.73703,24.119,-0.30864,43.5095,0.36606,42.235,0.35192,46.837,0.33012,42.5435,0.3523,43.621,0.30552,41.06825,0.31989,44.1405,0.3367,44.38725,0.33581,43.67075,0.34599,42.77525,0.35757,72.746,0.33368,36.10738,0.18982
17501,"Cumberland","MD",5537,43.7195,0.3515,0.0969055369496346,35.493,0.7918,21.20025,-0.31359,44.23975,0.37839,43.21425,0.32489,47.88025,0.31997,43.82125,0.33833,42.51725,0.32277,41.66025,0.32729,44.7675,0.33174,44.9135,0.36774,44.33725,0.35805,43.8175,0.34954,74.5755,0.31442,38.1955,0.23759
17502,"Winchester","VA",4243,41.65575,0.35387,0.0972972959280014,32.289,0.7978,24.008,-0.2762,43.2015,0.35054,40.19725,0.35485,44.10325,0.34001,41.1195,0.34874,43.1475,0.29042,40.017,0.297,42.736,0.33876,44.075,0.2852,42.88,0.31864,42.137,0.34124,71.34824,0.32557,37.02137,0.21476
17600,"Charlottesville","VA",8494,39.23275,0.36047,0.0613825991749763,33.16575,0.82387,24.23,-0.32984,41.251,0.34856,37.296,0.37016,40.70125,0.35769,38.98725,0.34849,40.355,0.31404,37.01225,0.37741,42.00875,0.30815,40.07975,0.32491,39.675,0.34172,41.115,0.33144,68.47975,0.35179,37.38894,0.23031
17700,"Syracuse","NY",40648,42.342,0.36308,0.0766721069812775,48.57675,0.67551,18.64725,-0.26447,43.64025,0.36517,41.0685,0.36126,46.74425,0.34237,42.29975,0.34899,42.48725,0.33317,40.29475,0.34535,44.2695,0.32862,42.2945,0.33346,42.32125,0.34757,43.845,0.3382,73.09,0.3276,44.47494,0.211575
17800,"Oneonta","NY",6070,44.63575,0.32395,0.0928838923573494,51.37325,0.58861,15.2245,-0.22126,45.85475,0.33295,43.44725,0.31325,48.08425,0.30225,44.28925,0.30809,43.775,0.2988,42.55475,0.33659,46.038,0.29448,45.25675,0.28619,44.96575,0.30403,44.74425,0.32021,76.40375,0.28523,48.54656,0.19988
17900,"Union","NY",11091,43.73,0.32732,0.0880440250039101,44.5195,0.73506,17.88475,-0.25021,44.47325,0.35041,43.024,0.30572,48.369,0.2918,43.49425,0.31589,43.446,0.30252,42.2035,0.34134,44.95725,0.30301,44.341,0.2974,44.06475,0.31119,43.73125,0.32785,75.3675,0.2733,42.86332,0.2169
18000,"Buffalo","NY",86307,41.96975,0.36847,0.0667825490236282,49.0125,0.65134,20.26225,-0.29543,43.5455,0.3683,40.41825,0.36785,46.246,0.34876,41.95275,0.35795,42.83675,0.34043,39.41225,0.35237,45.1235,0.31206,41.8645,0.34054,41.92325,0.35381,45.7605,0.30622,73.12,0.32772,44.49075,0.20488
18100,"Elmira","NY",12758,44.19925,0.32445,0.0936922132968903,40.31,0.78636,19.1165,-0.2647,44.98775,0.33647,43.389,0.3132,48.64875,0.29683,44.30075,0.30819,43.7395,0.29442,42.705,0.2992,45.23625,0.30689,44.934,0.2838,44.5745,0.30338,44.8535,0.3229,74.9875,0.2863,40.97094,0.225875
18201,"Olean","NY",7961,45.07825,0.34373,0.0801330506801605,44.163,0.70516,18.211,-0.23244,45.23425,0.35665,44.924,0.33152,50.2785,0.32094,45.54275,0.32475,44.81325,0.29597,43.8105,0.35806,46.01475,0.32223,45.73075,0.33139,45.43025,0.33657,45.27425,0.34093,75.66325,0.33101,43.32425,0.185175
18202,"St. Marys","PA",1703,48.17525,0.30301,0.162983432412148,45.863,0.61852,13.66375,-0.16905,50.067,0.28804,46.3445,0.31534,51.801,0.30876,48.28575,0.29679,49.2495,0.26418,48.2555,0.37622,48.35325,0.29445,48.22475,0.30411,48.1975,0.30366,48.18675,0.30311,78.897,0.286,44.9805,0.182665
18300,"Watertown","NY",9789,44.70575,0.33107,0.10118044167757,43.8635,0.69558,16.36575,-0.19949,45.7715,0.32266,43.6215,0.33966,49.495,0.32852,45.0225,0.31414,43.73275,0.29807,43.9985,0.28054,44.9005,0.33162,44.88275,0.32059,44.8055,0.3253,44.95175,0.33091,76.01475,0.30883,44.17094,0.213415
18400,"Plattsburgh","NY",6204,43.59925,0.32413,0.0854566842317581,42.028,0.67496,16.95975,-0.22833,44.743,0.33432,42.4345,0.31518,47.85525,0.30793,43.50575,0.31019,43.059,0.2946,42.54525,0.33001,44.40525,0.30729,44.445,0.30216,44.04775,0.31239,44.38325,0.29929,74.754,0.31456,42.84331,0.21191
18500,"Amsterdam","NY",4369,43.4115,0.3221,0.082840234041214,38.746,0.74664,18.942,-0.27324,44.6125,0.3045,42.244,0.33852,48.3605,0.32722,43.178,0.30776,42.8585,0.29338,41.5165,0.3089,45.133,0.28728,44.48125,0.31565,43.992,0.3176,43.33325,0.32353,76.03525,0.26373,39.27962,0.20382
18600,"Albany","NY",35831,43.1495,0.35782,0.0833333358168602,46.35825,0.70161,17.1145,-0.24518,44.673,0.3622,41.646,0.35396,47.81125,0.33481,42.28025,0.34745,43.441,0.326,41.64675,0.33483,44.63625,0.33325,43.44025,0.31757,43.313,0.33652,44.676,0.33396,73.926,0.29952,44.69244,0.221985
18700,"Sunbury","PA",6810,47.92925,0.31713,0.111366771161556,40.307,0.7034,14.51625,-0.20119,48.532,0.32396,47.32275,0.31095,51.97225,0.29717,48.02525,0.30385,46.89325,0.31149,46.583,0.2922,48.5975,0.30518,47.336,0.30908,47.62025,0.31301,47.89825,0.31617,79.9145,0.24526,42.50156,0.20928
18800,"Scranton","PA",29528,45.8795,0.31454,0.107453174889088,49.5765,0.62026,14.08325,-0.19331,46.701,0.33332,45.06925,0.29609,50.96925,0.27169,45.2,0.30472,46.17725,0.28761,44.1325,0.30982,47.09075,0.29147,46.291,0.27988,46.09225,0.29649,46.017,0.31636,76.43325,0.27001,47.16887,0.19958
18900,"Williamsport","PA",8521,47.1005,0.32554,0.101620949804783,38.177,0.73828,20.48,-0.26736,48.15025,0.31781,45.9725,0.33498,51.18125,0.30613,46.987,0.31724,46.19025,0.29013,44.19375,0.34123,49.37475,0.27635,47.59225,0.33257,47.3685,0.32858,47.0705,0.32626,78.14325,0.28837,40.80387,0.221195
19000,"Allentown","PA",21846,44.84275,0.35915,0.0826314985752106,44.576,0.68652,20.718,-0.29832,45.3325,0.3789,44.35975,0.33903,50.70675,0.30399,44.051,0.3478,46.1805,0.31994,42.532,0.36508,47.2995,0.31402,44.75075,0.33719,44.798,0.34756,47.73625,0.30845,75.39,0.29552,41.09687,0.21006
19100,"Reading","PA",39609,45.52875,0.34855,0.0963095426559448,33.06075,0.69519,20.53375,-0.28693,45.69,0.36924,45.38425,0.32733,50.74575,0.30267,45.2095,0.33894,46.404,0.3166,42.60775,0.35783,48.20575,0.29691,46.527,0.33264,46.07875,0.33939,48.51925,0.29473,76.3805,0.29874,38.43587,0.19772
19200,"Harrisburg","PA",37486,43.94625,0.35977,0.079268291592598,35.93925,0.71753,21.91175,-0.30081,44.9495,0.36886,42.9485,0.34974,48.3815,0.32354,43.6015,0.35238,44.98725,0.31401,41.264,0.3732,46.6285,0.30838,44.90775,0.34751,44.46925,0.35265,46.5095,0.3159,74.97375,0.30635,38.316,0.203765
19300,"Poughkeepsie","NY",30004,42.55075,0.32999,0.0948357805609703,47.9565,0.60606,16.80375,-0.22577,44.36,0.33272,40.76625,0.32741,46.43925,0.32205,41.346,0.31996,43.9745,0.28854,40.3695,0.30326,44.603,0.29752,42.14275,0.31079,42.33325,0.32005,44.3475,0.30798,70.785,0.30364,44.94706,0.18625
19400,"New York","NY",307294,43.75575,0.32999,0.105000838637352,48.145,0.63364,15.67725,-0.21083,46.384,0.3236,41.00975,0.33847,47.5785,0.3167,41.36575,0.33315,43.74025,0.30097,39.9035,0.23254,49.37575,0.25887,42.763,0.29052,43.225,0.30928,51.99,0.2586,72.20475,0.25139,46.35812,0.215925
19500,"Toms River","NJ",36294,45.21525,0.32329,0.122297860682011,50.93475,0.56207,14.2585,-0.19326,47.036,0.3336,43.42825,0.31361,50.19625,0.29205,43.7955,0.3119,47.53375,0.28939,43.15425,0.28721,47.259,0.29288,44.601,0.28716,44.88025,0.30457,47.42225,0.28517,74.81174,0.23639,48.59362,0.18573
19600,"Newark","NJ",170566,44.064,0.35012,0.102425970137119,49.02675,0.59379,17.836,-0.24592,46.36625,0.35241,41.645,0.34936,48.652,0.32256,42.5215,0.3385,46.029,0.31788,40.622,0.288,49.55225,0.26989,43.30525,0.31081,43.65925,0.32945,50.7315,0.26742,73.6925,0.25658,46.50043,0.20291
19700,"Philadelphia","PA",193183,40.84525,0.39349,0.0740116685628891,42.8235,0.68894,22.443,-0.31656,42.913,0.39528,38.72925,0.39249,44.83825,0.37393,40.0545,0.38378,42.11525,0.35493,37.686,0.35864,46.43425,0.30101,40.73875,0.35651,40.7945,0.37402,47.581,0.29716,69.6235,0.34346,42.70037,0.218545
19800,"Wilmington","DE",20410,37.72175,0.39159,0.0657239258289337,31.0575,0.75902,26.61825,-0.34535,40.04375,0.39439,35.397,0.3894,40.65625,0.38297,37.385,0.384,39.92825,0.35189,35.98475,0.39047,41.194,0.33228,39.063,0.366,38.451,0.37744,42.573,0.33528,65.738,0.36756,36.6345,0.210715
19901,"Dover","DE",15216,38.69225,0.38977,0.062596008181572,31.31775,0.69931,27.588,-0.35636,40.41,0.3908,36.98,0.38988,41.27025,0.37461,38.86475,0.37403,38.989,0.34112,36.83775,0.35267,41.11375,0.34603,39.73275,0.37695,39.25375,0.38251,40.11575,0.36543,68.47725,0.38921,35.38837,0.179045
19902,"Easton","MD",5332,39.89025,0.40169,0.0626359283924103,35.71225,0.67733,24.2585,-0.31998,41.0985,0.38582,38.70675,0.41723,43.6755,0.36606,39.398,0.3982,40.83125,0.34749,36.85425,0.38005,44.05825,0.32389,40.499,0.37012,40.2085,0.38526,42.93425,0.35285,69.04874,0.36859,38.51419,0.172385
19903,"Chincoteague","VA",1808,38.47075,0.41587,0.0445141047239304,39.662,0.79664,25.80575,-0.34369,40.56325,0.41585,36.33825,0.41997,41.1675,0.38114,38.399,0.39996,36.69725,0.33829,35.39275,0.36607,44.4175,0.28486,38.27825,0.38349,38.36,0.39968,,,70.1025,0.43574,39.45856,0.230545
20001,"Bangor","ME",10855,41.7775,0.3037,0.0809096843004227,38.8625,0.65982,15.31775,-0.20481,42.623,0.31304,40.9255,0.29382,45.3575,0.28114,40.568,0.2968,41.4765,0.28242,40.15075,0.27203,42.69275,0.28867,42.81025,0.25869,42.31575,0.27995,41.76575,0.30479,72.00574,0.30463,39.03169,0.170825
20002,"Calais","ME",1404,38.9405,0.31034,0.0680272132158279,42.76625,0.64277,13.668,-0.12488,39.2685,0.28206,38.60025,0.34133,42.64075,0.35375,38.4375,0.30034,38.22875,0.27719,37.42625,0.29989,39.753,0.29344,39.9015,0.3609,39.4265,0.3341,39.575,0.28692,67.828,0.34804,38.629,0.14287
20003,"Presque Isle","ME",3025,43.637,0.348,0.0855855867266655,41.62575,0.65303,13.4215,-0.17818,44.87,0.35448,42.44175,0.34091,47.639,0.33672,42.64275,0.34827,42.50625,0.33165,41.47225,0.21497,44.09725,0.34641,44.5425,0.29642,44.06425,0.32245,43.67075,0.34687,74.127,0.3568,39.144,0.15954
20100,"Portland","ME",25562,42.808,0.29364,0.0805980190634727,36.93775,0.68791,15.2195,-0.19734,43.61575,0.30091,42.0075,0.28686,46.9365,0.2749,41.34575,0.28823,43.20575,0.26335,41.6695,0.27498,43.6075,0.28038,43.327,0.27824,43.09275,0.28507,42.7535,0.29466,74.101,0.27868,38.44719,0.18438
20200,"Burlington","VT",11546,43.8075,0.30818,0.0931878536939621,39.16575,0.67135,13.435,-0.1938,45.22475,0.31795,42.41025,0.29749,47.2725,0.27742,42.25625,0.30565,44.182,0.28052,42.44275,0.27279,44.71825,0.29497,44.458,0.26936,44.15225,0.28737,43.78675,0.30855,74.98225,0.26849,40.26706,0.194325
20301,"Berlin","VT",3908,44.84325,0.29405,0.0835308060050011,38.93125,0.68517,14.65125,-0.18191,44.6445,0.33222,45.046,0.2556,50.1365,0.21422,43.2215,0.2889,44.529,0.26692,43.29,0.28612,45.741,0.27528,46.164,0.2762,45.5465,0.28346,44.7635,0.2965,77.6945,0.2761,39.60337,0.17745
20302,"Claremont","VT",10273,44.2665,0.2649,0.0788770020008087,38.6795,0.67398,14.2865,-0.18698,45.5055,0.2605,43.02575,0.26955,46.777,0.2616,42.56975,0.25783,44.63125,0.23745,43.3785,0.26262,44.9735,0.25166,44.6335,0.23974,44.45225,0.25177,44.3075,0.26354,75.33224,0.23333,40.66025,0.19575
20401,"Providence","RI",49803,43.36875,0.33327,0.0820953398942947,51.06275,0.58563,18.1405,-0.24994,44.79525,0.34657,41.9265,0.32082,48.3165,0.30442,41.43575,0.32767,44.43775,0.29639,42.0415,0.32162,44.8765,0.30646,42.9995,0.31858,43.17825,0.32557,45.04125,0.30797,73.6475,0.2869,45.27025,0.185585
20402,"Nantucket","MA",,,,0.0810810774564743,,,,,,,,,,,,,,,,,,,47.99325,0.12105,48.4535,0.18542,,,,,,0
20403,"Oak Bluffs","MA",483,43.4,0.20332,0.0676691755652428,54.28075,0.48731,,,,,,,,,41.31125,0.17325,42.74175,0.24335,,,46.42025,0.16861,41.723,0.18568,42.462,0.19516,43.26775,0.20791,74.16199,0.17688,48.50156,0.156835
20500,"Boston","MA",143898,44.61025,0.32229,0.104849979281425,48.38025,0.60377,15.92575,-0.22017,46.15675,0.32515,43.0125,0.32054,49.547,0.29632,42.737,0.31152,46.40575,0.28883,42.395,0.30064,47.467,0.27688,44.231,0.2874,44.412,0.30364,47.1095,0.28974,73.67625,0.26049,44.24038,0.19546
20600,"Manchester","NH",43355,44.238,0.29564,0.100151747465134,37.4065,0.65774,15.52,-0.1924,45.34975,0.30667,43.11,0.28416,48.20625,0.26961,42.74225,0.28793,46.02225,0.25677,43.17575,0.26071,45.16075,0.28231,44.6655,0.26866,44.4685,0.28126,44.26975,0.29579,74.987,0.2524,40.00281,0.17282
20700,"Keene","NH",4654,43.1825,0.26594,0.090111643075943,38.36975,0.61339,13.00675,-0.13653,44.5305,0.28166,41.93825,0.25073,46.84025,0.22865,41.81725,0.25973,43.43675,0.25443,42.37075,0.20623,43.65825,0.26233,43.9595,0.2549,43.57725,0.26017,43.1895,0.26574,74.77425,0.25449,41.16075,0.17308
20800,"Springfield","MA",22654,41.49175,0.36607,0.0680504739284515,38.2345,0.66438,21.0295,-0.31542,42.613,0.37868,40.38825,0.35309,47.17875,0.32647,40.588,0.34684,42.55075,0.32687,39.72725,0.33921,43.89425,0.32401,41.81525,0.33133,41.6845,0.34742,44.8305,0.31594,71.30125,0.33801,40.00006,0.19717
20901,"Bridgeport","CT",105261,42.44825,0.35937,0.0786178931593895,43.5715,0.67722,20.495,-0.28776,44.75575,0.35755,40.098,0.36152,46.65225,0.33609,40.6745,0.34946,44.66325,0.31437,40.55725,0.34733,45.59125,0.30825,42.39825,0.32369,42.43425,0.34013,46.618,0.29904,72.41624,0.28681,41.33244,0.210815
20902,"Pittsfield","MA",6102,42.5115,0.30782,0.0865191146731377,40.9715,0.69058,16.96625,-0.22975,43.61625,0.31289,41.37325,0.30485,46.943,0.29092,41.403,0.29576,43.335,0.26816,41.17725,0.32777,43.85225,0.28121,42.81925,0.26601,42.66875,0.28639,42.541,0.3076,73.30425,0.27429,39.67612,0.199255
21001,"Ashland","WI",2092,46.2015,0.3167,0.0910326093435287,47.82025,0.63465,14.28275,-0.16937,46.43525,0.33213,45.953,0.30208,51.09275,0.26155,47.0275,0.31398,46.241,0.28216,43.89175,0.31851,47.7445,0.2823,44.6565,0.32154,45.386,0.3204,47.359,0.28872,76.82925,0.32513,43.58869,0.18051
21002,"Houghton","MI",1706,46.68575,0.28963,0.102272726595402,40.06075,0.67551,16.906,-0.22384,49.215,0.26992,44.0565,0.31254,48.764,0.29744,47.47125,0.28353,46.9245,0.26846,46.04925,0.22921,46.879,0.2904,45.0875,0.32854,45.87,0.30928,46.6795,0.30362,78.2275,0.2291,42.98262,0.20625
21003,"Ironwood","MI",1188,46.2015,0.2977,0.121387280523777,37.89575,0.61487,13.16925,-0.17687,47.38175,0.33515,44.8385,0.2679,50.2355,0.2473,46.93475,0.29247,45.5925,0.29778,,,48.225,0.25184,45.442,0.27308,45.8075,0.2849,46.37575,0.29999,76.52175,0.24963,39.4715,0.14612
21004,"Rhinelander","WI",2501,45.74925,0.30761,0.106280192732811,49.4245,0.60642,15.61925,-0.19843,47.1555,0.26818,44.385,0.34616,48.52825,0.32081,46.70075,0.29895,46.2585,0.29218,43.90125,0.26553,46.8785,0.28814,44.18325,0.31825,44.94025,0.31309,47.187,0.27812,76.92475,0.29479,42.38569,0.19024
21101,"Rice Lake","WI",4129,46.72575,0.32619,0.101526208221912,46.731,0.67084,18.92175,-0.24737,47.67425,0.32409,45.811,0.3274,50.61775,0.28447,47.42625,0.32077,46.45525,0.29085,44.18875,0.28055,48.0115,0.30238,47.682,0.3064,47.2215,0.31542,46.82975,0.32367,79.055,0.27392,43.06081,0.19764
21102,"Amery","WI",2375,46.9005,0.27126,0.128550067543983,47.2285,0.58526,16.03375,-0.15341,48.054,0.25312,45.6995,0.29126,50.0145,0.27906,47.22975,0.26715,47.5805,0.24546,43.87375,0.27507,49.051,0.22816,46.729,0.284,46.81325,0.27761,46.9255,0.27082,77.5775,0.27822,43.74344,0.170785
21201,"Hutchinson","MN",3225,52.64875,0.24307,0.177065759897232,52.8565,0.55038,16.353,-0.17068,54.125,0.26332,51.143,0.22212,54.519,0.20496,53.10325,0.23361,52.219,0.24304,49.1605,0.17246,54.3525,0.21202,52.72575,0.27183,52.715,0.25708,52.62525,0.24293,84.69975,0.17239,45.81825,0.142805
21202,"Redwood Falls","MN",1648,56.181,0.27252,0.197183102369308,65.04025,0.51673,13.92025,-0.16747,57.5265,0.25574,54.97825,0.28601,57.47925,0.27317,56.7735,0.2689,54.08325,0.26829,,,57.593,0.25012,56.00975,0.28443,56.1185,0.2777,56.55775,0.27099,88.02775,0.16327,50.73719,0.15078
21301,"Mankato","MN",6666,51.87625,0.24229,0.126344084739685,56.991,0.48904,15.31525,-0.18291,53.25525,0.25521,50.543,0.22812,54.5915,0.20046,52.64375,0.23235,51.81425,0.22261,49.804,0.20292,53.26475,0.21679,52.00225,0.23569,51.945,0.2386,51.87625,0.24229,85.22475,0.15531,46.69969,0.15256
21302,"Owatonna","MN",4731,48.53875,0.28635,0.137931033968925,49.81825,0.57981,15.909,-0.19328,49.35875,0.30147,47.70925,0.26877,52.29675,0.23279,49.126,0.27364,48.924,0.27292,46.472,0.26376,50.0435,0.25854,49.80525,0.25777,49.20325,0.27109,48.542,0.28584,82.5435,0.1705,44.17488,0.169175
21400,"St. Cloud","MN",11537,51.0245,0.25926,0.126889601349831,50.68875,0.53871,13.11875,-0.13221,52.2225,0.25686,49.844,0.2624,53.7435,0.24018,51.461,0.2522,51.7125,0.23378,47.572,0.32716,53.37325,0.21053,51.2305,0.25114,51.13325,0.25489,51.37625,0.25177,83.0345,0.18466,44.56812,0.154025
21501,"Minneapolis","MN",104015,44.16875,0.33843,0.0852011293172836,45.32825,0.62893,18.36925,-0.24119,45.911,0.34156,42.43225,0.33545,47.48275,0.30947,44.07775,0.33483,47.20825,0.28377,41.908,0.358,47.348,0.28316,44.5215,0.3117,44.37425,0.32397,47.72225,0.28233,75.18525,0.27397,42.39881,0.17838
21502,"Pine City","MN",1770,47.1435,0.31726,0.109697930514812,44.87125,0.63905,18.19725,-0.24363,48.23775,0.33967,45.99075,0.29343,50.193,0.2834,47.17175,0.31543,46.89525,0.30165,44.45375,0.33695,48.77075,0.28047,48.43275,0.29515,47.8035,0.30526,47.15225,0.31705,79.48675,0.25167,41.44044,0.15576
21600,"Brainerd","MN",5817,45.69625,0.31941,0.0842745453119278,49.5655,0.6491,17.128,-0.18152,46.5875,0.32674,44.7875,0.31306,49.7025,0.2875,45.90175,0.31475,45.88925,0.29465,41.4825,0.32666,48.4565,0.26338,45.41325,0.32517,45.55425,0.32197,46.95375,0.29187,77.4915,0.26806,42.84975,0.18769
21701,"Rochester","MN",9754,50.495,0.25388,0.142159849405289,51.1245,0.58366,15.1535,-0.18926,51.20675,0.26619,49.764,0.2426,52.4595,0.23126,50.99475,0.24523,50.33475,0.24827,47.29,0.23012,52.8315,0.21386,51.19225,0.22429,50.8625,0.2383,50.48175,0.25447,83.35799,0.15796,44.90094,0.166755
21702,"Austin","MN",2940,49.126,0.29992,0.117732554674149,54.83225,0.59921,18.94725,-0.22491,49.5785,0.31254,48.7105,0.2879,52.1555,0.2641,49.85925,0.28773,49.61475,0.24151,45.99875,0.18655,50.92225,0.26685,49.17675,0.30679,49.158,0.3028,49.126,0.29992,82.225,0.20668,45.33844,0.178005
21801,"Mason City","IA",3267,49.992,0.3062,0.126598462462425,55.28875,0.61595,16.88525,-0.22315,51.3735,0.33534,48.69225,0.27553,51.94875,0.24295,51.20825,0.29661,48.95875,0.28715,47.04775,0.32679,52.01875,0.26235,52.34775,0.25963,51.2125,0.2811,50.0005,0.30626,81.6625,0.22422,44.99131,0.197
21802,"Decorah","IA",3005,56.56,0.23888,0.165714278817177,62.17675,0.51219,12.88375,-0.13409,58.5625,0.22906,54.49775,0.24839,56.60925,0.24697,58.287,0.22724,55.70125,0.21185,53.437,0.27772,57.9275,0.20734,54.248,0.26664,55.3865,0.25298,56.5585,0.23966,89.27425,0.12305,49.83632,0.16112
21900,"Marshalltown","IA",4463,48.41925,0.29481,0.112634673714638,43.5445,0.67178,23.32475,-0.29989,48.442,0.30628,48.39575,0.28319,51.7585,0.2521,50.0285,0.28542,47.86675,0.29631,46.8725,0.2347,49.479,0.27736,49.468,0.30288,49.00975,0.29679,48.51825,0.30001,80.72625,0.21457,38.97125,0.188965
22001,"Waterloo","IA",9076,48.92125,0.33741,0.122465863823891,54.88025,0.56937,19.26175,-0.25109,50.236,0.33064,47.66125,0.34137,51.75425,0.30601,50.358,0.3288,48.0635,0.32322,44.25575,0.36771,52.76525,0.26073,49.87175,0.32531,49.408,0.3306,51.30675,0.29659,79.7655,0.2737,45.81163,0.17055
22002,"Iowa Falls","IA",1323,51.99925,0.31617,0.135761588811874,55.1495,0.5541,16.854,-0.18976,54.96925,0.27465,49.53525,0.34557,52.076,0.3148,53.546,0.30816,49.82475,0.31215,,,53.96475,0.27019,53.8265,0.2759,52.8895,0.29618,51.99925,0.31617,82.06375,0.25943,43.36625,0.169035
22100,"Iowa City","IA",6968,47.033,0.29344,0.0931849777698517,51.32925,0.60881,19.03375,-0.25129,47.8185,0.31794,46.2925,0.26734,50.54675,0.23771,48.59975,0.28091,47.4975,0.2589,44.2,0.29832,49.11475,0.25599,48.21325,0.27281,47.635,0.2826,46.72675,0.30355,78.4495,0.23778,44.37106,0.191595
22200,"Cedar Rapids","IA",9438,47.5205,0.29206,0.11731843650341,50.83175,0.57691,17.53,-0.22248,49.04925,0.28789,46.01625,0.29653,50.54025,0.27133,48.80525,0.28601,47.58675,0.28235,44.61625,0.29729,50.16525,0.24389,48.41475,0.28811,47.99375,0.28947,47.8475,0.28606,79.07076,0.23915,42.93612,0.17994
22300,"Ottumwa","IA",5766,49.188,0.27572,0.12449799478054,52.53775,0.55711,18.047,-0.23132,50.91325,0.27889,47.5765,0.2713,52.00875,0.24303,51.0975,0.2593,48.33625,0.27181,46.578,0.2532,50.626,0.2486,48.67,0.3126,48.93425,0.29397,49.16925,0.27581,79.144,0.2326,43.79987,0.16627
22400,"Sheboygan","WI",7979,47.17975,0.31199,0.138090819120407,42.08575,0.65579,20.0255,-0.25906,48.57225,0.30041,45.72525,0.32349,51.314,0.28368,48.20175,0.30287,49.507,0.25624,46.628,0.26192,47.591,0.30636,48.7865,0.28406,48.027,0.29676,47.13375,0.31291,80.26974,0.22611,42.19581,0.18505
22500,"Oshkosh","WI",21915,47.7495,0.30238,0.114854969084263,48.82125,0.61009,17.55975,-0.21545,49.255,0.30348,46.26225,0.30025,51.33225,0.26533,48.6895,0.29794,49.6025,0.25894,46.349,0.26684,48.75225,0.28585,48.35825,0.28033,48.07375,0.29063,47.94275,0.30051,80.12875,0.23327,42.56144,0.18528
22601,"Green Bay","WI",11732,47.2485,0.30938,0.0910990387201309,36.63775,0.69723,16.90025,-0.21559,48.0135,0.3227,46.4555,0.29606,50.8935,0.26814,48.1365,0.3037,48.77,0.27752,45.1185,0.2545,48.8885,0.28298,46.723,0.32356,46.9955,0.3163,47.9145,0.29914,79.58175,0.23467,39.21106,0.186725
22602,"Shawano","WI",2526,44.2355,0.35254,0.0839002281427383,32.88925,0.66861,18.9685,-0.21034,46.116,0.34636,42.6055,0.35246,47.88025,0.32861,44.94975,0.34819,43.99425,0.33053,40.59525,0.52261,47.13775,0.27695,43.97525,0.35497,44.1105,0.35334,47.6655,0.28618,76.04775,0.32943,38.54362,0.168315
22700,"Wausau","WI",15598,49.187,0.2764,0.124485269188881,42.32125,0.64445,16.3335,-0.2061,50.6585,0.27114,47.71475,0.28119,51.97225,0.25601,50.28275,0.26771,50.17275,0.24479,46.12025,0.28205,50.97675,0.24183,49.142,0.26468,49.1625,0.27038,49.19175,0.27623,81.86625,0.20457,42.53131,0.18894
22800,"Eau Claire","WI",12019,49.02525,0.27193,0.113019578158855,51.008,0.62692,17.504,-0.22712,50.60525,0.28149,47.44925,0.26225,50.75925,0.24829,50.029,0.25924,48.7515,0.26362,45.47725,0.25257,51.10675,0.23175,49.24975,0.26347,49.14725,0.26725,49.025,0.27184,81.23724,0.19901,45.08387,0.18744
22900,"La Crosse","WI",8803,47.68475,0.29095,0.118193328380585,49.13925,0.65377,17.1105,-0.21502,49.2025,0.29014,46.193,0.29048,50.4105,0.25382,48.6155,0.2839,48.07425,0.25817,44.5015,0.26718,49.6375,0.25374,48.11625,0.26701,47.907,0.27836,47.687,0.291,80.21375,0.22935,42.89344,0.19359
23000,"Monroe","WI",5235,51.01625,0.27437,0.167138814926147,45.74275,0.66103,14.655,-0.17696,52.40575,0.27855,49.5835,0.26766,52.92725,0.25877,52.1845,0.26786,51.20575,0.24115,47.374,0.27064,52.6875,0.24038,51.87,0.24352,51.44,0.25884,50.985,0.27488,82.0455,0.23394,44.10369,0.173695
23100,"Madison","WI",19839,44.4935,0.31606,0.0921911746263504,50.52375,0.63607,17.613,-0.24152,46.36825,0.31881,42.623,0.31292,47.29525,0.28629,45.1185,0.30834,45.92475,0.28419,41.74725,0.32877,47.208,0.2678,45.41675,0.27207,44.96775,0.29311,45.20075,0.30391,76.817,0.24532,42.81469,0.191985
23200,"Dubuque","IA",7279,53.5525,0.25458,0.159482762217522,56.70475,0.55671,15.54,-0.2028,54.5015,0.28498,52.5435,0.22178,55.37625,0.20429,55.02675,0.24851,52.1415,0.26794,48.78075,0.25815,55.8455,0.2089,54.066,0.23436,53.811,0.2442,53.55625,0.25457,84.57024,0.17749,47.13256,0.167455
23301,"Charleston","IL",3643,43.85575,0.35843,0.0958677679300308,49.95,0.69044,22.8145,-0.28366,44.1425,0.40534,43.5965,0.30998,48.76225,0.26897,45.06825,0.34521,43.65825,0.32665,41.8235,0.27234,44.968,0.34236,45,0.33256,44.44275,0.34479,43.78725,0.35965,74.7375,0.32194,41.09781,0.2135
23302,"Douglas","IL",4493,47.42025,0.34221,0.101545251905918,55.99275,0.58415,22.4965,-0.26586,48.65375,0.35607,46.14725,0.32921,50.72375,0.29055,49.09575,0.33011,46.4065,0.33022,44.17725,0.34217,49.30575,0.30243,48.8805,0.36558,48.16625,0.35309,47.42475,0.34219,79.57125,0.28257,41.95069,0.18595
23400,"Bloomington","IL",7362,44.1645,0.34578,0.084586463868618,46.67425,0.65285,22.518,-0.29124,45.7145,0.34702,42.55425,0.34589,47.002,0.31564,44.94025,0.33937,44.7255,0.33166,41.88025,0.32765,46.534,0.3056,44.35325,0.33193,44.262,0.33868,44.1645,0.34578,74.819,0.29708,42.5305,0.20546
23500,"Decatur","IL",13840,42.003,0.38876,0.0677927955985069,45.0085,0.73666,26.203,-0.35388,42.68875,0.40431,41.3155,0.37406,46.31175,0.34491,42.876,0.37824,42.209,0.35292,38.59025,0.39597,45.986,0.31204,42.92375,0.36823,42.4795,0.37786,43.7125,0.37538,73.56125,0.33385,42.67231,0.22404
23600,"Burlington","IA",5834,46.6545,0.3205,0.102279730141163,49.20825,0.64677,19.719,-0.22428,47.3955,0.31982,45.88625,0.32133,50.30375,0.30015,48.013,0.311,46.85525,0.29525,43.83125,0.37805,49.07125,0.26637,46.3085,0.33278,46.4775,0.32634,46.65225,0.32029,77.40601,0.2842,42.13638,0.17452
23700,"Galesburg","IL",5368,44.16225,0.33973,0.0885935798287392,37.95675,0.73823,22.13975,-0.26513,45.00575,0.35607,43.36475,0.32371,48.18975,0.30835,45.3125,0.32834,43.4865,0.32126,42.38625,0.39389,45.843,0.30056,44.68175,0.34763,44.42525,0.34257,44.1645,0.33942,75.74775,0.29323,37.7405,0.208395
23801,"Davenport","IL",16156,43.648,0.3594,0.0809443518519402,39.69275,0.74743,25.59125,-0.32371,43.7405,0.37502,43.5665,0.34362,48.95825,0.31129,44.7495,0.35054,44.1605,0.32746,41.69825,0.35765,46.02075,0.31539,43.149,0.36508,43.3865,0.3623,45.6555,0.3273,74.97475,0.30439,39.87012,0.213035
23802,"Clinton","IA",3018,48.34275,0.31623,0.113879002630711,49.7,0.61116,19.46,-0.24484,49.99875,0.31323,46.5975,0.32266,51.06275,0.29951,49.7355,0.30522,46.86575,0.32027,44.39025,0.33069,51.23975,0.25479,49.091,0.3224,48.73025,0.31889,48.34275,0.31623,78.29625,0.27641,44.05425,0.160595
23900,"Peoria","IL",21590,42.387,0.38416,0.0717817842960358,41.38475,0.74535,26.567,-0.35616,43.23975,0.38411,41.54275,0.38411,47.25225,0.35641,43.268,0.37552,43.3305,0.34546,40.26175,0.36263,44.6035,0.34482,42.832,0.37056,42.62275,0.37683,45.40625,0.33169,73.383,0.32472,39.81993,0.219165
24000,"Kenosha","WI",22415,40.48025,0.35681,0.0691956430673599,39.276,0.65928,26.389,-0.33324,42.059,0.35236,38.927,0.36124,44.464,0.33204,41.05075,0.35143,42.72675,0.31943,39.1655,0.34162,42.197,0.32656,41.24525,0.33973,40.90325,0.34729,44.21125,0.30049,70.616,0.34628,39.23081,0.18039
24100,"Milwaukee","WI",62870,39.3125,0.4239,0.0445706695318222,47.162,0.64168,27.0035,-0.38694,41.8365,0.41754,36.7615,0.4307,42.06225,0.40997,39.65125,0.41977,41.94525,0.37073,36.85125,0.42609,43.9365,0.3405,39.54375,0.39207,39.4435,0.4071,46.7105,0.30534,70.314,0.37288,40.34787,0.212485
24200,"Bourbonnais","IL",5617,42.562,0.37992,0.0730964466929436,31.8755,0.7557,25.904,-0.33056,44.43275,0.34775,40.85175,0.40807,46.196,0.38676,43.07825,0.37185,42.70475,0.35467,38.48325,0.33205,47.6015,0.28398,42.007,0.38956,42.26875,0.38495,47.83625,0.29653,72.531,0.35948,35.78813,0.171995
24300,"Chicago","IL",276393,39.4075,0.39282,0.064929261803627,42.967,0.6716,26.36075,-0.35749,41.92,0.3844,36.8355,0.4023,43.116,0.37912,39.24175,0.38779,42.25975,0.34059,36.31525,0.32593,45.1575,0.30386,39.7375,0.35002,39.57775,0.37043,48.67725,0.27557,70.7755,0.30734,40.98162,0.206415
24400,"Rockford","IL",24658,41.476,0.34888,0.0735386535525322,41.1945,0.65114,26.1215,-0.32206,43.026,0.34824,39.931,0.3506,44.9415,0.33394,42.212,0.33772,42.80625,0.32149,39.04975,0.33707,44.29375,0.29679,41.83325,0.32889,41.66075,0.33851,44.302,0.30328,73.17575,0.29483,38.99944,0.184385
24500,"Rolla","MO",4260,42.902,0.31488,0.0797373354434967,37.61275,0.74151,22.65875,-0.26553,44.833,0.31948,40.98025,0.31157,44.978,0.2896,44.4455,0.29834,42.2315,0.26078,41.5985,0.35226,43.7865,0.29106,43.23325,0.34869,43.085,0.33128,43.6815,0.31258,73.59776,0.32655,38.40013,0.18942
24600,"Farmington","MO",5561,42.05625,0.37393,0.0852446481585503,37.98675,0.69483,22.4365,-0.22066,43.6505,0.3531,40.599,0.3924,44.61575,0.36235,43.6545,0.3669,42.00025,0.34493,40.91325,0.40333,42.94125,0.35169,43.91175,0.38823,43.02425,0.37937,42.0515,0.37382,71.20225,0.38705,36.53238,0.16429
24701,"St. Louis","MO",93509,38.41675,0.41295,0.0505231395363808,40.514,0.70832,26.03275,-0.34917,40.54025,0.41121,36.2705,0.41554,41.184,0.39072,39.08775,0.40915,40.301,0.36992,35.72375,0.38547,43.19275,0.33131,39.121,0.38656,38.78925,0.39905,44.33425,0.32561,69.04475,0.37147,38.92925,0.198245
24702,"Mexico","MO",1486,44.90875,0.31519,0.0756756737828255,38.05,0.74228,25.74375,-0.35165,46.6855,0.28998,43.17575,0.33943,45.879,0.34056,46.6875,0.30062,44.16975,0.31771,44.09,0.35192,45.70675,0.29511,44.64075,0.36207,44.7965,0.33734,44.90875,0.31519,76.49025,0.30993,39.38819,0.1891
24801,"Jacksonville","IL",3467,44.918,0.36776,0.0911504402756691,41.1625,0.73834,21.4465,-0.26694,45.4865,0.36094,44.346,0.37456,48.3965,0.3543,46.40125,0.35421,44.1705,0.33758,42.229,0.38144,46.78975,0.32723,45.8525,0.34158,45.3745,0.3543,44.77475,0.36651,76.327,0.30564,39.57162,0.2165
24802,"Springfield","IL",10662,41.25325,0.38453,0.0673715993762016,41.5335,0.74698,28.005,-0.39712,42.73525,0.40105,39.759,0.36736,44.45275,0.34167,42.14425,0.37797,41.70175,0.34483,39.549,0.39012,43.525,0.34224,41.787,0.37156,41.53575,0.37739,43.253,0.35152,71.97575,0.33979,38.6825,0.211905
24900,"Edwardsville","IL",15436,42.7745,0.36274,0.0872936993837357,39.74075,0.73687,23.184,-0.28108,44.36925,0.36925,41.2595,0.35458,46.4775,0.33054,43.981,0.35516,43.10475,0.33315,40.4495,0.33802,44.89075,0.32495,43.4385,0.34922,43.13775,0.35495,44.09375,0.34403,72.52375,0.32799,38.774,0.19349
25000,"Quincy","IL",6164,45.5385,0.35654,0.0896204859018326,36.23075,0.80791,25.34825,-0.34355,46.28125,0.36441,44.79175,0.34707,47.93875,0.31579,46.95175,0.34687,44.9195,0.33002,42.65425,0.35845,47.37575,0.31731,46.57025,0.33753,46.06,0.34628,45.51925,0.35749,75.9135,0.31574,37.04462,0.205325
25101,"Mountain Home","AR",1980,43.6925,0.27854,0.089506171643734,39.489,0.69772,20.92525,-0.31539,44.28875,0.28795,42.98525,0.27649,46.9075,0.23646,45.579,0.26872,42.792,0.25736,41.98175,0.23627,44.2755,0.2699,44.869,0.31424,44.30775,0.29479,43.6925,0.27854,74.818,0.27704,36.99744,0.161685
25102,"West Plains","MO",3483,43.9885,0.30962,0.0815548747777939,34.02575,0.69319,24.27775,-0.33077,45.862,0.31284,42.10175,0.30227,44.75175,0.29283,46.05375,0.30139,42.85775,0.27219,42.94225,0.39037,44.792,0.2818,46.03125,0.30409,45.04175,0.30467,44.02025,0.30833,75.95125,0.31737,34.77513,0.16185
25103,"Harrison","AR",2815,44.71575,0.30087,0.0997150987386703,40.53925,0.62205,22.693,-0.28316,45.3455,0.3505,44.11625,0.25049,47.26025,0.23121,46.71125,0.29409,44.12925,0.25553,43.56225,0.37573,45.60825,0.27329,45.75675,0.29639,45.247,0.29712,44.7505,0.30026,75.77975,0.26619,36.64912,0.149075
25104,"Heber Springs","AR",1659,44.7415,0.28826,0.109600678086281,34.7715,0.72366,24.83525,-0.25651,45.604,0.29384,43.867,0.28032,47.7785,0.23842,46.709,0.28456,43.311,0.26004,42.90025,0.15569,44.93025,0.29665,46.9965,0.37114,45.89375,0.32771,44.72275,0.29027,73.98849,0.28562,35.69113,0.181835
25105,"Batesville","AR",2421,44.11525,0.32317,0.0960288792848587,37.3805,0.71954,26.263,-0.31996,45.54575,0.31767,42.64175,0.33287,46.4315,0.31778,46.067,0.31292,43.22575,0.29935,41.93875,0.22707,44.713,0.31864,46.1015,0.2993,45.105,0.30988,44.09725,0.32373,73.6735,0.31638,35.61806,0.175855
25200,"Henderson","KY",6027,43.0685,0.34906,0.0992278009653091,38.512,0.74352,27.27775,-0.33669,43.0825,0.37222,43.058,0.32492,47.52025,0.29505,45.25675,0.33867,42.94375,0.33231,41.0195,0.32478,44.3135,0.32578,43.939,0.37608,43.52125,0.36053,42.97825,0.35233,70.75249,0.34194,36.37725,0.18237
25300,"Union City","TN",4204,39.81125,0.39269,0.0739299580454826,33.94025,0.75081,26.44625,-0.32527,40.76575,0.38607,38.858,0.40044,43.0855,0.34194,41.37375,0.38643,40.26675,0.36835,37.3735,0.37074,41.46975,0.36043,42.7355,0.36654,41.32175,0.37695,40.06525,0.38821,69.21775,0.39179,37.56525,0.18312
25401,"Paducah","KY",5126,41.08975,0.38155,0.0744777470827103,38.50225,0.77761,23.6305,-0.27634,42.35825,0.39065,39.863,0.37272,44.857,0.33704,42.809,0.3742,41.3745,0.34838,39.63525,0.37697,42.193,0.3606,42.2745,0.35774,41.66975,0.36927,41.1015,0.3813,69.7535,0.35918,36.58919,0.18707
25402,"Murray","KY",972,41.9345,0.2903,0.0704545453190804,47.1135,0.6653,23.00225,-0.30335,42.6285,0.37186,41.27825,0.22729,45.48475,0.19723,44.187,0.27772,40.7525,0.3065,,,42.74725,0.26641,43.08225,0.29373,42.525,0.29156,41.87825,0.29113,69.4595,0.33174,41.97875,0.195145
25500,"Centralia","IL",5934,44.859,0.37928,0.081344373524189,41.06025,0.66193,23.53275,-0.29049,45.59475,0.39575,44.16175,0.36243,49.0365,0.32446,46.14675,0.36851,45.1215,0.3397,42.8355,0.37622,46.30025,0.35009,44.98375,0.39539,44.9265,0.38678,44.84825,0.37933,75.9565,0.3171,36.57281,0.18172
25601,"Carbondale","IL",9476,42.75275,0.38055,0.0790478363633156,31.577,0.67532,22.495,-0.26176,43.50075,0.38863,42.00825,0.37205,46.5405,0.3581,44.11725,0.36733,41.94475,0.34383,39.97975,0.39907,45.056,0.3298,43.9315,0.34674,43.353,0.3628,43.95475,0.37291,72.6745,0.35974,35.3295,0.176815
25602,"Harrisburg","IL",1465,44.479,0.40592,0.112137205898762,40.8485,0.65486,26.35925,-0.36339,43.7335,0.45486,45.2875,0.35374,49.85025,0.34057,46.03775,0.39307,42.387,0.39576,41.8575,0.3725,45.872,0.37808,46.92775,0.44123,45.71075,0.41983,44.4635,0.40606,71.786,0.37364,32.23444,0.14532
25701,"Cape Girardeau","MO",7358,41.41475,0.39515,0.0600515455007553,35.379,0.79332,26.3485,-0.34402,42.06725,0.40093,40.749,0.38984,44.31075,0.35099,43.03225,0.38333,41.0825,0.3479,39.0135,0.43634,44.09225,0.33381,42.56,0.385,42.00725,0.38889,42.55075,0.37271,71.02825,0.41505,38.06487,0.20374
25702,"Poplar Bluff","MO",2781,41.07575,0.36023,0.0668257772922516,41.001,0.78044,26.607,-0.35724,41.1325,0.3709,41.01675,0.34951,45.007,0.31264,42.8615,0.34558,40.0555,0.3269,37.9165,0.3081,42.505,0.33272,43.31975,0.33319,42.249,0.34408,41.13925,0.36301,71.074,0.37472,36.95125,0.176795
25800,"Blytheville","AR",4533,37.8365,0.42766,0.0514018684625626,32.706,0.77508,34.48825,-0.37107,38.6795,0.42114,36.989,0.43416,42.27675,0.41975,39.28575,0.41531,36.86225,0.37749,35.2165,0.3819,40.77925,0.37021,39.8565,0.42366,38.85075,0.42407,41.205,0.408,67.60875,0.42979,34.94175,0.170505
25900,"Jonesboro","AR",7231,41.0625,0.3569,0.0810322612524033,36.616,0.77404,26.03775,-0.28969,41.6005,0.37206,40.56675,0.34123,43.95425,0.30501,42.9615,0.34734,41.19,0.30988,39.179,0.3438,42.1815,0.33358,43.504,0.32752,42.3135,0.34018,41.17175,0.35519,71.071,0.34272,37.29006,0.180245
26001,"Roseau","MN",1013,53.68625,0.18585,0.1875,55.16275,0.59343,15.85275,-0.19717,52.606,0.23128,54.57675,0.14611,59.40575,0.11755,54.23525,0.18913,52.437,0.19352,,,54.6815,0.1683,52.317,0.25156,53.03525,0.21777,53.68625,0.18585,86.90225,0.14113,46.33269,0.184055
26002,"Duluth","MN",11651,44.915,0.33536,0.0891148298978806,53.299,0.59272,18.11225,-0.23735,45.99825,0.34665,43.83575,0.32371,49.432,0.28724,45.235,0.3288,45.28925,0.29717,43.2735,0.30118,46.25275,0.31151,44.33525,0.34145,44.61475,0.33839,44.99675,0.33351,75.269,0.31272,44.881,0.187765
26003,"West Cook UT","MN",,,,0.101694911718369,,,,,,,,,,,,,,,,,,,,,47.32475,0.26551,,,,,,0
26004,"International Falls","MN",653,48.973,0.25428,0.174129351973534,54.18725,0.50941,11.19475,-0.12733,49.95625,0.19297,48.0835,0.30502,55.3185,0.25266,49.18725,0.26901,49.083,0.23836,,,50.44125,0.21897,50.00175,0.21915,49.4915,0.23622,49.44375,0.24683,79.586,0.21368,45.01088,0.1538
26101,"Moberly","MO",2374,45.09775,0.31751,0.101372756063938,42.39075,0.72383,23.63325,-0.26259,46.398,0.31096,43.77525,0.32437,46.811,0.30272,46.9165,0.30502,43.96925,0.30781,41.17225,0.25949,46.9705,0.2789,45.141,0.32944,45.123,0.3226,45.09775,0.31751,76.13125,0.32205,40.0305,0.17879
26102,"Marshall","MO",2038,44.7545,0.40986,0.0948379337787628,33.22325,0.79589,23.1105,-0.3353,45.71025,0.42921,43.8215,0.38994,47.02675,0.34883,46.51325,0.39273,44.438,0.347,42.68175,0.45959,46.519,0.36536,45.05625,0.38405,44.89125,0.39689,44.7545,0.40986,74.47275,0.40851,36.66869,0.199555
26103,"Brookfield","MO",1017,48.562,0.36256,0.111922137439251,44.919,0.66088,19.94725,-0.24883,48.58275,0.33803,48.55875,0.38871,51.216,0.3418,50.36825,0.34797,46.90825,0.34125,,,51.66525,0.28417,50.7015,0.37934,49.67725,0.37017,48.562,0.36256,77.8155,0.36146,41.16544,0.17803
26104,"Trenton","MO",566,45.55225,0.35661,0.108333334326744,27.295,0.82364,28.43875,-0.43525,47.85625,0.39337,43.151,0.33516,47.08875,0.32943,46.98875,0.35831,44.862,0.29348,,,44.88625,0.37601,49.71175,0.27591,47.61325,0.31353,45.55225,0.35661,76.03575,0.39391,35.77281,0.18033
26105,"Polk","MO",434,47.695,0.36524,0.0871369317173958,44.49425,0.66633,,,,,,,,,49.7465,0.36398,46.328,0.32792,,,48.06575,0.36943,49.154,0.31384,48.4445,0.33798,47.695,0.36524,82.32375,0.27423,40.32981,0.206995
26106,"Centerville","IA",1187,50.0485,0.2559,0.146718144416809,53.91375,0.55271,18.452,-0.23744,53.30975,0.17383,46.6715,0.3411,49.2595,0.34566,52.04875,0.24947,48.64875,0.24911,,,50.9385,0.24554,48.534,0.33652,49.29625,0.29609,50.0485,0.2559,79.9285,0.30646,44.4335,0.170415
26107,"Kirksville","MO",1237,47.20625,0.24945,0.113438047468662,48.797,0.62172,18.96,-0.22372,47.71625,0.31701,46.8035,0.18494,47.824,0.19816,48.76875,0.24399,45.37475,0.28287,43.6245,0.3439,49.32225,0.19909,46.70625,0.26657,46.9545,0.2583,47.20625,0.24945,78.244,0.2386,43.0955,0.18388
26201,"Bismarck","ND",5260,54.56275,0.24415,0.18674136698246,53.41525,0.59713,14.37775,-0.19109,55.161,0.2592,53.95725,0.22881,57.765,0.20424,55.69,0.23728,52.69825,0.24553,49.25425,0.29485,58.0455,0.17462,54.989,0.2344,54.77675,0.23903,54.75375,0.24031,85.5575,0.1453,48.70662,0.15781
26202,"East Grant UT","ND",,,,,,,,,,,,,,,,,,,,,,,,,,,,,,,,0
26203,"Linton","ND",390,63.54975,0.06751,0.298913031816483,71.13275,0.38403,,,,,,,,,65.156,0.06072,61.477,0.10636,,,65.06175,0.02311,63.2445,0.16618,63.48425,0.11973,63.54975,0.06751,92.585,0.11392,55.21894,0.04977999
26204,"Steele","ND",,,,,,,,,,,,,,,,,,,,,,,,,,,,,,,,0
26301,"Devils Lake","ND",1039,47.5035,0.46062,0.0964749529957771,52.321,0.86116,19.64375,-0.29357,47.22725,0.52989,47.74225,0.40041,50.43875,0.39431,47.9125,0.4651,42.44825,0.43521,39.833,0.47164,54.851,0.2776,47.75475,0.43827,47.64225,0.44765,55.10025,0.29265,73.15701,0.46712,47.13837,0.204365
26302,"Carrington","ND",321,59.4075,0.26106,0.333333343267441,68.52375,0.41995,,,,,,,,,60.499,0.26948,54.04675,0.29543,,,64.43449,0.13538,63.55775,0.18643,61.2985,0.22646,59.46875,0.24575,88.09975,0.21267,52.84744,0.127445
26303,"Turtle Mountain UT","ND",899,40.819,0.36312,0.0825545191764832,34.853,0.78676,29.00325,-0.15991,39.48325,0.41741,42.10275,0.31503,47.109,0.32328,41.125,0.35936,36.79725,0.35673,34.6985,0.27282,48.02025,0.21921,40.6215,0.41526,40.71175,0.38971,,,66.785,0.411,39.76812,0.173355
26304,"Minot","ND",3265,56.233,0.23352,0.224178403615952,58.7415,0.54002,13.83375,-0.16705,55.4715,0.24214,57.04275,0.22319,61.4655,0.18258,57.5585,0.22686,53.9165,0.21262,53.109,0.22656,57.8015,0.19938,57.04525,0.22101,56.6445,0.22654,56.79725,0.23349,86.95525,0.15801,48.17719,0.16155
26305,"Rugby","ND",533,59.953,0.2406,0.219101130962372,70.70675,0.30719,10.3605,-0.09826,61.06425,0.24537,58.67225,0.23769,61.503,0.25516,61.6065,0.2261,55.906,0.25548,,,59.79725,0.25473,59.83875,0.27451,59.9205,0.25542,60.09575,0.24227,88.43775,0.12459,55.37963,0.07718999
26401,"Ekalaka","SD",,,,0.229729726910591,,,,,,,,,,,,,,,,,,,,,59.82,0.05424,,,,,,0
26402,"Baker","MT",,,,0.212765961885452,,,,,,,,,,,,,,,,,,,,,60.1265,0.25706,,,,,,0
26403,"Bowman","ND",,,,0.469696968793869,,,,,,,,,,,,,,,,,,,,,64.66925,0.20809,,,,,,0
26404,"Lemmon","ND",450,61.26925,0.17901,0.357142865657806,67.613,0.4052,,,,,,,,,62.65375,0.17831,59.20425,0.15405,,,62.4955,0.13826,63.78575,0.10079,62.469,0.13928,61.26925,0.17901,90.6035,0.07718,52.90187,0.122075
26405,"Scobey","MT",,,,,,,,,,,,,,,,,,,,,,,,,,,,,,,,0
26406,"Wolf Point","MT",600,43.58925,0.30069,0.0941883772611618,44.10075,0.79783,22.04825,-0.23423,43.2395,0.2215,44.008,0.37864,48.74575,0.37795,44.29575,0.31111,39.70425,0.33557,,,51.96,0.1134,39.74325,0.49293,41.425,0.40928,,,68.96899,0.36488,41.90344,0.129425
26407,"Plentywood","MT",,,,0.318181812763214,,,,,,,,,,,,,,,,,,,,,59.66775,0.14975,,,,,,0
26408,"Glasgow","MT",658,51.10375,0.28047,0.166064977645874,52.73,0.557,15.51825,-0.10923,52.44725,0.19917,49.66575,0.36755,54.39525,0.33413,51.879,0.28244,48.469,0.27292,,,53.4935,0.21798,49.85775,0.23527,50.465,0.26104,52.64775,0.24763,81.02925,0.23705,43.45594,0.134355
26409,"Glendive","MT",590,57.0415,0.21402,0.266666680574417,61.91775,0.43303,12.0525,-0.20894,56.836,0.25632,57.11125,0.17093,59.948,0.17124,57.794,0.21236,54.381,0.21656,,,57.432,0.24168,59.6835,0.18874,58.39125,0.19785,57.0415,0.21402,86.02675,0.11871,49.035,0.085585
26410,"Dickinson","ND",1346,64.01925,0.15277,0.329207926988602,59.824,0.41168,9.0015,-0.02218,62.45675,0.18263,65.5245,0.12282,68.597,0.11068,65.51275,0.14383,58.88925,0.20737,,,65.79825,0.12453,62.37125,0.13173,63.18025,0.14245,64.2835,0.1483,90.75025,0.06989,50.92094,0.12346
26411,"Sidney","ND",1127,55.6295,0.32434,0.250569462776184,53.351,0.66808,13.151,-0.123,53.8555,0.36854,57.51675,0.27535,62.3175,0.24326,56.69775,0.31143,48.959,0.32952,47.20075,0.29495,60.75525,0.20945,54.21275,0.35247,54.9085,0.33882,61.04725,0.21717,82.75175,0.23707,47.14706,0.174275
26412,"Williston","ND",1316,61.42575,0.19227,0.338308453559875,62.56825,0.50161,15.50575,-0.23745,61.68,0.18348,61.1545,0.20098,65.787,0.16536,63.3905,0.17086,59.64725,0.13881,,,63.05525,0.16073,64.41625,0.18281,62.9145,0.18578,61.56225,0.18697,86.5615,0.12034,50.91075,0.155195
26501,"Brookings","SD",1600,53.75625,0.21161,0.16666667163372,53.28375,0.51383,14.78925,-0.19675,54.85525,0.19233,52.56725,0.23261,54.8245,0.21622,55.702,0.19464,51.42375,0.23927,50.9095,0.07662,54.98125,0.19325,55.126,0.19128,54.4625,0.20042,54.84875,0.19519,86.7775,0.1225,45.62681,0.1463
26502,"Madison","SD",681,54.305,0.30692,0.184357538819313,50.5485,0.61614,15.05325,-0.23491,55.17875,0.34131,53.42875,0.27403,56.3355,0.25462,56.285,0.28304,51.31825,0.30509,,,57.29525,0.22841,57.43225,0.19765,55.77625,0.25181,54.305,0.30692,85.97375,0.24651,44.47456,0.167285
26503,"Sioux Falls","SD",7866,49.384,0.26888,0.118633143603802,39.709,0.67428,16.604,-0.20728,51.0155,0.27714,47.77175,0.25927,50.72625,0.22993,50.6905,0.26494,49.378,0.25152,47.4205,0.34354,51.24575,0.22883,49.77125,0.25509,49.5885,0.2615,49.382,0.2688,82.20925,0.20725,39.84888,0.170465
26504,"Watertown","SD",1962,54.8025,0.24798,0.143529415130615,54.64525,0.49861,15.789,-0.1972,56.8615,0.21086,52.695,0.28496,55.2455,0.24598,56.32975,0.23907,52.345,0.26568,52.64425,0.38141,56.07925,0.21461,54.7345,0.23822,54.7485,0.24342,54.86475,0.24559,87.54501,0.13988,44.84075,0.136845
26601,"Milbank","MN",915,56.08175,0.26015,0.170212760567665,56.52825,0.59145,16.68825,-0.20143,58.04725,0.20113,54.03975,0.32199,58.9315,0.23706,56.85675,0.25803,54.50725,0.22069,,,57.10275,0.22443,55.44125,0.28269,55.77025,0.27113,56.259,0.25588,88.522,0.17892,48.088,0.156675
26602,"Sisseton","SD",954,48.64725,0.36745,0.107066377997398,46.25975,0.72127,22.58125,-0.33295,47.43975,0.36387,49.68025,0.37397,51.706,0.33252,49.429,0.376,46.08825,0.31841,,,55.21325,0.18721,46.23075,0.45119,47.35475,0.41175,55.123,0.27264,75.51425,0.38097,44.24662,0.17319
26603,"East Corson UT","SD",396,33.3845,0.34626,0.0700280144810677,30.0835,0.5627,,,,,,,,,34.76825,0.35313,29.48575,0.42467,,,,,34.481,0.37796,33.937,0.35852,,,53.3625,0.54742,39.33075,0.06478001
26604,"Mobridge","SD",344,51.74825,0.37505,0.111111111938953,49.28475,0.72863,,,,,,,,,52.50475,0.38167,48.53775,0.34947,,,56.08225,0.24405,54.28375,0.41563,53.1275,0.3893,,,80.38475,0.38919,43.89806,0.16684
26605,"Aberdeen","SD",2298,54.7185,0.1919,0.199268743395805,53.38975,0.54707,14.2415,-0.12818,56.52225,0.18205,52.91,0.20084,55.53825,0.22629,56.0885,0.1829,52.86775,0.19579,49.7005,0.12498,56.8335,0.15202,54.8815,0.21826,54.802,0.2042,54.733,0.19036,86.67675,0.11035,44.37206,0.169025
26701,"Bemidji","MN",4536,44.86275,0.35779,0.0952868834137917,46.2915,0.73358,19.924,-0.30144,46.42075,0.36931,43.349,0.34652,47.74025,0.33173,45.35575,0.35035,44.00575,0.31683,37.48775,0.35171,49.6915,0.25526,45.492,0.37652,45.18,0.36624,47.474,0.31084,74.40749,0.3635,43.05681,0.19778
26702,"Grafton","ND",1468,56.7495,0.21514,0.232558146119118,62.73225,0.46637,12.9765,-0.16358,57.51225,0.21325,56.02375,0.21483,59.713,0.19004,58.1565,0.21138,52.8875,0.26322,,,58.71325,0.17593,57.6485,0.2199,57.23275,0.21707,56.7495,0.21514,88.11825,0.11265,53.71687,0.14253
26703,"Thief River Falls","MN",1345,54.8695,0.23922,0.178756475448608,61.358,0.53168,12.4015,-0.1851,57.15375,0.21631,52.614,0.26268,57.0465,0.2019,55.58075,0.24227,52.515,0.24288,,,57.4925,0.1785,56.2215,0.25594,55.57175,0.24671,54.8695,0.23922,88.4185,0.10578,49.60325,0.1698
26704,"Grand Forks","ND",4628,50.80875,0.27639,0.127949178218842,55.64975,0.57575,16.33525,-0.20991,51.08175,0.29271,50.54725,0.25945,55.0415,0.23422,51.6875,0.26662,49.76525,0.24617,48.03725,0.26865,52.67975,0.23887,51.7275,0.25278,51.31875,0.26307,51.255,0.27372,83.993,0.17068,49.02869,0.19362
26801,"Fargo","ND",7825,50.44725,0.29493,0.135817304253578,52.11075,0.60859,13.75575,-0.17789,51.6355,0.2991,49.227,0.29196,53.68525,0.25297,51.3345,0.28838,50.157,0.26308,47.7465,0.3469,52.531,0.25268,50.63,0.26764,50.5285,0.28122,50.3965,0.29578,82.43425,0.21521,47.21094,0.18464
26802,"Lisbon","ND",688,59.83,0.23696,0.235294118523598,61.2175,0.52846,11.09625,-0.15675,60.79725,0.18777,58.831,0.28296,60.78375,0.24207,60.931,0.23748,55.3975,0.28554,,,60.0935,0.23218,57.7305,0.2461,58.76225,0.24225,59.83,0.23696,89.9665,0.1355,51.3085,0.14755
26803,"Jamestown","ND",1652,56.4975,0.23618,0.224056601524353,54.6385,0.59186,11.51925,-0.13843,59.23525,0.17969,53.79625,0.29425,57.0815,0.25794,57.9195,0.2285,53.4125,0.24854,54.41575,0.25311,57.4715,0.21502,58.7615,0.19594,57.5995,0.21638,56.514,0.2398,87.24675,0.14375,46.80456,0.15118
26804,"Cooperstown","ND",,,,,,,,,,,,,,,,,,,,,,,,,,,,,,,,0
26901,"Fergus Falls","MN",5214,52.7865,0.2807,0.152307689189911,60.99725,0.52637,12.256,-0.16172,53.18125,0.31313,52.358,0.2488,55.8085,0.20742,53.45675,0.27607,51.178,0.27696,49.38725,0.29433,54.24275,0.24983,54.74225,0.22777,53.7515,0.25366,52.7865,0.2807,85.4925,0.1725,49.435,0.16457
26902,"Little Falls","MN",3501,51.9525,0.25678,0.164556965231895,57.992,0.4956,13.2285,-0.14654,53.349,0.24068,50.578,0.27204,54.2135,0.2473,52.52425,0.25021,51.22475,0.23835,47.41125,0.23033,53.519,0.22316,54.05125,0.25273,53.01925,0.25405,51.946,0.2568,83.158,0.2216,46.97619,0.15935
27001,"O'Neill","NE",799,57.44475,0.18647,0.189349114894867,62.655,0.54888,11.277,-0.08468,59.30225,0.12545,55.7195,0.24346,56.48775,0.22419,59.912,0.18332,55.5455,0.18246,,,57.84375,0.17519,58.1575,0.20238,57.8145,0.19286,57.44475,0.18647,88.35775,0.10931,48.34425,0.11418
27002,"Ord","NE",519,57.8435,0.1883,0.239234447479248,66.90575,0.40195,11.8595,-0.21614,60.01775,0.12475,,,,,60.76375,0.18187,54.2975,0.23346,,,59.64325,0.13265,56.841,0.29224,57.44975,0.23047,57.8435,0.1883,89.41776,0.05295,50.41619,0.11443
27003,"Ainsworth","NE",275,56.486,0.23304,0.192052975296974,64.77125,0.44201,,,,,,,,,58.24925,0.25049,54.92075,0.17407,,,,,,,55.95675,0.17915,56.486,0.23304,87.71,0.14132,47.54425,0.13653
27004,"Winner","SD",546,52.3025,0.28346,0.139285713434219,49.30325,0.74013,13.7995,-0.2243,55.29975,0.23143,49.815,0.32544,49.796,0.3622,53.93825,0.27833,46.94525,0.34781,,,53.353,0.25376,55.7285,0.30498,54.1135,0.29446,52.75125,0.27981,83.15874,0.22547,42.02794,0.18465
27005,"Yankton","SD",2166,57.622,0.2014,0.171200007200241,52.79125,0.55469,11.26275,-0.09549,59.55825,0.17961,55.8925,0.21902,57.7765,0.1621,59.65275,0.19283,56.04725,0.19325,50.189,0.19648,60.539,0.13596,56.54675,0.18735,57.0815,0.19354,58.014,0.1944,89.19775,0.10015,43.58444,0.152825
27006,"Mitchell","SD",1264,52.27,0.2876,0.133819952607155,41.0715,0.62154,11.8775,-0.18586,52.688,0.27864,51.8015,0.2981,53.75875,0.25259,53.71975,0.28011,50.3305,0.2785,,,53.39075,0.25907,56.73175,0.19591,54.41825,0.24269,52.27,0.2876,83.63,0.2134,40.64775,0.1347
27007,"Huron","SD",872,52.12225,0.28169,0.120481930673122,48.11875,0.68723,14.859,-0.206,51.6385,0.35614,52.782,0.20804,54.53475,0.21199,53.57725,0.26977,49.35425,0.29149,,,55.00975,0.20259,53.941,0.24448,52.985,0.26356,52.12225,0.28169,84.562,0.21372,42.70863,0.181675
27008,"Parkston","SD",947,51.08525,0.32829,0.15710723400116,43.99425,0.63145,10.28825,-0.15755,52.7715,0.34674,49.50875,0.31819,50.56175,0.33359,52.40525,0.32281,47.7805,0.34166,,,58.40025,0.12713,50.77225,0.43013,50.953,0.3784,60.735,0.14372,78.94375,0.39019,40.94469,0.144105
27009,"Chamberlain","SD",541,40.95175,0.46891,0.0804195776581764,37.029,0.71148,16.765,-0.16188,43.59425,0.47321,37.9395,0.46798,41.43225,0.44609,41.612,0.46304,39.5595,0.3719,,,48.5145,0.30102,41.8485,0.41454,41.3995,0.4419,50.8545,0.31746,65.58475,0.62043,38.60975,0.181175
27010,"Miller","SD",,,,0.315068483352661,,,,,,,,,,,,,,,,,,,,,60.9415,0.1591,,,,,,0
27011,"Pierre","SD",956,46.671,0.39176,0.0924369767308235,44.457,0.73668,12.95975,-0.14101,49.2975,0.39942,44.33325,0.37617,47.11225,0.37093,47.1725,0.39382,45.20875,0.33435,,,49.5585,0.32422,48.25275,0.30811,47.4175,0.3493,47.05025,0.38285,78.51849,0.3155,42.76588,0.197505
27012,"Gettysburg","SD",,,,0.326530605554581,,,,,,,,,,,,,,,,,,,,,61.1345,0.07646,,,,,,0
27101,"Willmar","MN",3977,51.92075,0.28519,0.124713957309723,62.65425,0.53545,15.93225,-0.19643,52.93925,0.29113,50.87775,0.28035,53.857,0.24276,52.6725,0.27534,50.6625,0.27182,47.2915,0.26478,54.2155,0.23858,52.9515,0.28646,52.45325,0.28469,52.038,0.28272,84.741,0.18964,49.53875,0.157315
27102,"Marshall","MN",2448,55.25975,0.25475,0.153061226010323,65.45475,0.41659,11.2115,-0.11518,56.53175,0.25299,54.0165,0.25526,56.97925,0.24145,56.2835,0.24642,53.87025,0.23581,50.95975,0.43531,57.3385,0.20274,55.889,0.26032,55.58825,0.25693,55.326,0.25276,87.55676,0.15391,49.53031,0.141565
27201,"Sioux Center","IA",2941,58.29325,0.24169,0.230769231915474,59.0955,0.47982,13.17375,-0.15025,59.46225,0.24629,57.185,0.23396,59.15925,0.21901,60.1225,0.23994,56.69725,0.21897,,,60.17225,0.19633,61.90425,0.19397,60.0555,0.2177,58.26775,0.24223,90.1235,0.12226,47.72769,0.124945
27202,"Worthington","MN",2562,54.33975,0.27387,0.140293642878532,65.46349,0.5089,13.867,-0.17072,55.2975,0.28146,53.3085,0.26718,56.29025,0.22037,55.29375,0.26911,52.0275,0.25734,49.255,0.35968,56.46825,0.22149,55.25725,0.25537,54.799,0.26396,55.40675,0.26375,87.436,0.15796,49.83919,0.158155
27301,"Spencer","IA",2713,53.884,0.26592,0.185007974505424,68.40175,0.37351,12.59975,-0.15577,55.316,0.25192,52.4155,0.27974,53.73775,0.28611,55.6705,0.25006,51.82475,0.27023,49.708,0.32076,55.9005,0.22054,55.35975,0.22771,54.6005,0.2469,53.884,0.26592,86.164,0.16876,51.00463,0.15005
27302,"Fairmont","MN",2357,52.0165,0.2943,0.128712877631187,58.457,0.55208,14.1505,-0.19122,53.26425,0.31917,50.77725,0.27329,55.23225,0.22693,53.1055,0.28062,50.26525,0.27653,49.62875,0.35891,53.33775,0.26135,52.607,0.2588,52.3035,0.2759,52.021,0.29352,84.5665,0.21874,48.43544,0.15951
27401,"Storm Lake","IA",2308,54.79675,0.30351,0.173431739211082,56.654,0.58224,14.07075,-0.15537,56.03375,0.30367,53.64625,0.29973,56.38125,0.22989,56.82425,0.28405,52.6055,0.28734,51.61175,0.40399,56.6265,0.25826,55.585,0.2464,55.15375,0.27591,55.2715,0.28454,86.76175,0.17991,47.67419,0.176105
27402,"Fort Dodge","IA",4236,49.67425,0.31597,0.130044847726822,54.85275,0.63499,18.96425,-0.24819,50.4475,0.33286,48.88375,0.29783,52.15325,0.26717,51.27325,0.30865,47.60575,0.32543,44.75875,0.26771,52.35075,0.26051,50.69225,0.31177,50.21125,0.31289,49.679,0.31584,81.1095,0.24114,46.57162,0.18907
27501,"Des Moines","IA",21219,45.3075,0.34826,0.091024823486805,47.60525,0.66249,22.1915,-0.28978,46.45325,0.36093,44.13,0.33696,48.17575,0.31419,46.409,0.34388,46.29975,0.31003,43.12225,0.38345,47.8,0.30108,46.95225,0.30169,46.1715,0.32358,47.039,0.31928,75.84975,0.29483,42.9455,0.199995
27502,"Creston","IA",1450,48.49925,0.31385,0.124513618648052,44.2045,0.62466,19.813,-0.27164,51.01475,0.27267,46.12825,0.35049,48.66425,0.33721,50.21975,0.30223,47.342,0.2852,44.76375,0.16915,49.79325,0.29801,51.47225,0.32953,50.0445,0.3157,48.505,0.31408,79.12975,0.28515,39.06056,0.174275
27503,"Atlantic","IA",1480,53.17575,0.30847,0.151583716273308,54.64575,0.61059,14.16425,-0.20255,53.68975,0.29675,52.66525,0.31953,56.2935,0.25978,55.268,0.29804,51.34975,0.27727,,,54.36475,0.28199,53.90275,0.27323,53.55925,0.28977,53.17575,0.30847,83.47375,0.25131,47.75569,0.184305
27504,"Carroll","IA",2239,55.488,0.28304,0.167235493659973,61.05675,0.50939,11.58125,-0.11547,58.826,0.22624,52.16175,0.33867,55.29675,0.30347,57.11575,0.27799,54.19125,0.24133,52.5655,0.21298,56.42175,0.26691,55.75175,0.29087,55.63225,0.28673,55.488,0.28304,86.60775,0.17351,49.6775,0.17042
27601,"Rapid City","SD",6991,45.67875,0.31231,0.0930329561233521,40.5675,0.66562,21.034,-0.2424,46.7365,0.30482,44.64125,0.31905,48.899,0.27992,46.3235,0.3073,45.024,0.27328,42.20075,0.32615,48.41575,0.25427,46.958,0.29728,46.3475,0.30362,48.2305,0.27342,77.225,0.2884,40.16925,0.16899
27602,"Eagle Butte","SD",408,35.22775,0.33419,0.0511182099580765,37.9385,0.71318,,,,,,,,,36.594,0.3324,31.457,0.3608,,,,,32.47375,0.49043,33.72525,0.41541,,,58.44375,0.44767,37.58019,0.12635
27603,"Southwest Jackson UT","SD",276,46.10625,0.40117,0.11034482717514,44.04975,0.84043,,,,,,,,,47.09075,0.42991,43.766,0.36708,,,,,46.49875,0.45515,46.31825,0.42653,,,74.15825,0.39565,42.77775,0.17464
27604,"Murdo","SD",,,,,,,,,,,,,,,,,,,,,,,,,,,,,,,,0
27605,"Mission","SD",491,26.67175,0.35515,0.0242537315934896,19.01125,0.62457,34.84,-0.24004,28.3885,0.30278,,,,,27.2025,0.3633,23.9865,0.31558,26.78025,0.41469,,,27.1945,0.41066,26.92825,0.38217,,,45.483,0.58256,30.89125,0.140575
27701,"Scottsbluff","NE",3023,49.6815,0.28218,0.119402982294559,54.598,0.53888,21.02075,-0.23377,50.02325,0.31741,49.36675,0.24555,53.53925,0.22825,51.182,0.279,48.27425,0.26641,47.94575,0.28519,50.69975,0.26043,50.10175,0.27387,49.885,0.27744,51.85225,0.24125,81.5485,0.21866,43.11338,0.166815
27702,"Cheyenne","WY",3944,46.08025,0.27917,0.0956375822424889,42.0085,0.65854,22.0845,-0.22494,46.43625,0.29289,45.75675,0.26535,50.89575,0.23103,47.1705,0.26974,45.318,0.26312,43.64375,0.29071,48.217,0.23636,47.7305,0.25886,46.96625,0.26757,47.7325,0.25346,78.50075,0.20119,38.7595,0.164895
27703,"Torrington","WY",951,50.8805,0.26478,0.171581774950027,55.6355,0.46554,19.49925,-0.22755,48.686,0.26792,53.06525,0.26053,57.67425,0.24701,52.12725,0.25365,48.54725,0.26585,,,53.39525,0.20913,54.10775,0.21431,52.464,0.23956,50.8805,0.26478,81.2795,0.15742,44.49894,0.13988
27704,"Gordon","SD",1113,34.812,0.40092,0.0319488830864429,33.069,0.6856,24.99525,-0.24711,35.925,0.37116,33.57525,0.43421,37.7735,0.45966,36.13775,0.39211,31.8065,0.39614,27.51525,0.31049,43.368,0.23688,31.02125,0.52925,32.6755,0.47438,52.358,0.3042,58.30575,0.58943,37.98969,0.14311
27801,"Virginia Beach","NE",2738,52.2355,0.25762,0.15160796046257,51.4015,0.64146,19.1505,-0.27454,52.94325,0.26109,51.60325,0.24977,54.125,0.2268,54.4795,0.24938,51.495,0.24248,48.233,0.28204,54.16625,0.21581,53.55425,0.28105,52.9385,0.2673,52.20025,0.25621,83.793,0.1964,41.4565,0.163085
27802,"Columbus","NE",3023,55.72125,0.22113,0.169184297323227,61.14,0.49156,15.04075,-0.15921,56.93675,0.21755,54.45325,0.22661,58.13825,0.19409,58.27325,0.21161,52.59125,0.26873,50.695,0.39236,58.1945,0.15958,56.70125,0.23893,56.27575,0.22799,56.69125,0.19617,87.3595,0.12418,45.7105,0.14373
27901,"Hastings","NE",1707,51.48225,0.26961,0.111111111938953,62.4225,0.5007,15.21575,-0.15233,52.54175,0.28319,50.345,0.26156,53.61425,0.21833,53.23675,0.26991,50.52325,0.24521,48.5925,0.4437,53.45275,0.22135,52.56875,0.24355,52.049,0.25584,51.48225,0.26961,85.02125,0.14137,47.63325,0.16196
27902,"York","NE",1197,54.85975,0.28499,0.186813190579414,60.20575,0.50747,9.5235,-0.06098,55.6915,0.2887,53.983,0.27932,56.883,0.24356,56.73,0.27828,54.429,0.22448,,,56.556,0.24796,56.1455,0.22502,55.50325,0.25425,54.85975,0.28499,85.217,0.22264,47.31612,0.13584
27903,"Grand Island","NE",3384,50.26825,0.28833,0.142099678516388,54.84325,0.56377,20.51425,-0.25323,50.68675,0.28699,49.86825,0.28949,53.68125,0.24809,51.97975,0.28499,49.427,0.27152,46.93825,0.25961,52.229,0.24864,50.90625,0.29881,50.582,0.29344,52.11125,0.26753,82.245,0.24152,43.8,0.1644
28001,"Sioux City","IA",8192,48.57475,0.30419,0.112523540854454,39.646,0.66728,21.19275,-0.24625,50.13525,0.29029,46.945,0.32084,50.645,0.27988,50.25075,0.29135,47.90875,0.28815,44.80275,0.33927,51.68,0.24028,48.71425,0.28741,48.639,0.29568,51.3565,0.26166,81.1065,0.21554,37.81206,0.16931
28002,"West Point","NE",1139,46.50425,0.44701,0.100386098027229,43.455,0.794,21.4485,-0.28998,46.49975,0.42035,46.47225,0.47649,48.9615,0.40746,47.80425,0.44269,44.09,0.38884,35.579,0.4136,54.91875,0.25179,45.7485,0.50926,46.12775,0.47755,54.371,0.29388,72.75076,0.47019,40.76856,0.169485
28101,"Lincoln","NE",11072,45.454,0.33016,0.0913167521357536,47.8705,0.61478,21.45875,-0.27777,46.84625,0.34717,44.039,0.31288,47.76725,0.28313,46.89625,0.32701,45.91575,0.30019,42.51875,0.31391,48.146,0.28064,47.128,0.29384,46.3435,0.31058,46.34525,0.31345,77.22625,0.26329,42.84137,0.17101
28102,"Nebraska City","NE",1658,52.616,0.27144,0.15835140645504,55.02925,0.51077,17.43175,-0.16957,52.99775,0.28719,52.21075,0.25663,55.50875,0.23135,54.76175,0.26391,50.1155,0.29754,47.2195,0.3129,54.945,0.22148,52.1595,0.28242,52.391,0.27672,52.55425,0.27321,82.6795,0.24054,46.72144,0.126265
28201,"Red Oak","IA",2035,51.02025,0.30085,0.124213837087154,47.99275,0.70543,16.998,-0.17196,51.6125,0.29482,50.44475,0.30711,51.71075,0.31095,52.779,0.29252,50.321,0.2546,48.17675,0.29991,52.708,0.26124,51.698,0.3406,51.36925,0.31853,50.99825,0.30105,83.60325,0.22001,43.46894,0.17477
28202,"Omaha","NE",32266,43.1105,0.35894,0.077540747821331,42.26,0.70516,22.32175,-0.29957,44.33825,0.37173,41.872,0.34668,46.066,0.32288,44.29625,0.35649,43.881,0.32864,40.54025,0.36889,46.27975,0.30067,44.14325,0.32945,43.65975,0.34319,47.3515,0.29026,74.26825,0.30721,40.2865,0.188955
28301,"Sterling","CO",1679,51.841,0.263,0.144634529948235,64.20374,0.52311,21.89725,-0.32079,52.67275,0.21675,51.0845,0.30874,53.85,0.23772,52.947,0.25608,49.4705,0.2633,49.51675,0.40367,53.49075,0.21679,53.32625,0.27021,52.61875,0.26547,52.02125,0.26037,81.64626,0.24313,42.32613,0.141865
28302,"Ogallala","NE",796,53.53475,0.27159,0.162280708551407,60.6945,0.54186,14.846,-0.22548,52.481,0.33724,54.5025,0.2081,56.0755,0.20982,55.0465,0.26782,53.006,0.22164,,,55.00525,0.23489,51.3165,0.34402,52.4375,0.30742,53.53475,0.27159,86.1665,0.1857,45.2665,0.183885
28303,"Oshkosh","NE",,,,,,,,,,,,,,,,,,,,,,,,,,,,,,,,0
28304,"Valentine","NE",389,52.341,0.20196,0.145348832011223,64.72124,0.41509,,,,,,,,,54.19575,0.19251,50.5445,0.19294,,,52.99725,0.17605,53.1145,0.25962,52.75375,0.23127,52.341,0.20196,84.822,0.03812,51.12812,0.1304
28305,"Broken Bow","NE",617,55.51225,0.25781,0.176470592617989,67.7635,0.33922,15.458,-0.2106,56.44575,0.22167,54.577,0.29312,57.90625,0.25661,57.649,0.25648,54.23375,0.19363,,,56.37575,0.22463,56.0495,0.20054,55.7335,0.23114,55.45775,0.25783,89.79875,0.13795,51.5855,0.121315
28306,"North Platte","NE",1620,48.2915,0.27678,0.122767858207226,56.84,0.42064,22.08525,-0.27331,49.8765,0.29454,46.812,0.25644,51.201,0.24132,50.11,0.26972,49.2175,0.22454,45.81625,0.23025,49.6795,0.25374,49.17975,0.21163,48.73875,0.24395,48.2915,0.27678,81.45775,0.21535,43.72475,0.12262
28401,"Colorado Springs","CO",21823,41.802,0.2776,0.0893426910042763,39.385,0.63116,24.659,-0.28072,43.11825,0.28301,40.50825,0.27213,45.19175,0.24227,42.40875,0.27087,42.937,0.23768,40.52725,0.25429,42.83475,0.26123,43.83325,0.24409,42.8895,0.25922,44.5835,0.24374,72.85101,0.2628,37.26594,0.156905
28402,"Limon","CO",,,,0.178571432828903,,,,,,,,,,,,,,,,,,,,,48.51025,0.30509,,,,,,0
28501,"Springfield","CO",,,,0.191919192671776,,,,,,,,,,,,,,,,,,,,,54.78725,0.10217,,,,,,0
28502,"Pueblo","CO",7107,40.9385,0.34386,0.0656216815114021,46.45175,0.60299,29.9535,-0.3701,41.84975,0.35243,40.01775,0.33559,44.4665,0.32406,42.04475,0.32763,40.668,0.29864,39.30325,0.34313,42.47225,0.31193,41.4675,0.3181,41.22275,0.32999,47.28225,0.20505,71.2465,0.34362,35.80794,0.14798
28503,"Trinidad","CO",847,44.8135,0.28878,0.117647059261799,62.37075,0.41943,28.40125,-0.38759,44.424,0.24956,45.191,0.3264,49.143,0.29984,46.03275,0.28159,43.6675,0.22834,,,46.89175,0.21559,46.294,0.28968,45.52875,0.28791,,,73.799,0.28896,42.21919,0.116785
28504,"Burlington","CO",523,55.8315,0.21886,0.204651162028313,67.445,0.30432,15.1445,-0.13766,56.2525,0.21082,55.4075,0.2267,58.7255,0.17474,57.254,0.21912,53.4975,0.23058,,,57.1995,0.18402,55.0965,0.29478,55.499,0.25636,56.52725,0.21249,89.53025,0.08353,45.09037,0.09698002
28601,"Oberlin","KS",309,54.8095,0.31734,0.243243247270584,71.88775,0.39127,,,,,,,,,56.103,0.31616,51.93875,0.28139,,,58.1475,0.23582,63.288,0.08292,58.8775,0.20358,54.8095,0.31734,90.06025,0.13925,51.06513,0.10608
28602,"Norton","KS",257,51.3455,0.23666,0.168674692511559,58.548,0.54988,,,,,,,,,53.6035,0.23778,53.10175,0.09159,,,,,,,53.19425,0.19665,51.3455,0.23666,84.02475,0.27027,45.3045,0.18829
28603,"Phillipsburg","KS",467,53.43125,0.34673,0.148648649454117,69.2155,0.41734,,,,,53.1685,0.31054,56.842,0.27404,54.865,0.35896,51.57725,0.29077,,,53.46025,0.35717,55.37125,0.23477,54.27575,0.29167,53.43125,0.34673,87.62925,0.21969,47.44875,0.14333
28604,"Colby","KS",802,56.40675,0.18727,0.195876285433769,67.93675,0.41903,14.2075,-0.16898,58.78725,0.12977,54.3075,0.23994,57.84475,0.16847,58.10125,0.19845,54.1135,0.20598,,,57.04425,0.17341,56.796,0.2376,56.63375,0.21119,56.40675,0.18727,89.40875,0.05943,48.48175,0.135975
28605,"Goodland","KS",379,50.73725,0.25129,0.194915249943733,59.771,0.5956,,,,,,,,,52.05075,0.24791,49.18375,0.25323,,,52.36575,0.21359,57.1665,0.24426,53.88825,0.25157,50.73725,0.25129,84.19375,0.08091,43.42281,0.151065
28606,"Wano","KS",,,,0.204545453190804,,,,,,,,,,,,,,,,,,,,,53.52775,0.27547,,,,,,0
28607,"McCook","NE",928,52.444,0.27444,0.182456135749817,64.9395,0.45782,18.3355,-0.21882,52.725,0.30664,52.224,0.23736,56.118,0.19828,54.52225,0.26737,50.20825,0.25725,,,53.978,0.23808,56.6255,0.2205,54.5655,0.24614,52.444,0.27444,82.916,0.27968,49.02031,0.12332
28608,"Kearney","NE",2280,52.82525,0.22153,0.164429530501366,58.71525,0.46817,16.58375,-0.21209,54.1025,0.21322,51.54925,0.22889,53.803,0.2316,54.89375,0.21671,50.52475,0.24959,52.2415,0.2871,53.291,0.20848,53.23,0.22572,53.047,0.22308,52.79525,0.22217,84.5565,0.16446,47.88725,0.155605
28609,"Lexington","NE",2151,51.37925,0.27069,0.165277779102325,55.81575,0.49103,18.9025,-0.21034,51.84075,0.24055,50.93075,0.29843,54.067,0.23628,53.55175,0.26067,47.8205,0.31398,50.36825,0.37841,52.12925,0.24709,55.75125,0.20617,53.557,0.23796,52.14475,0.25299,83.07999,0.22444,45.34769,0.15099
28701,"Salida","CO",554,48.0925,0.20434,0.0894736871123314,44.7965,0.56846,15.36075,-0.10577,48.866,0.23408,47.37575,0.17711,49.3195,0.18838,48.4465,0.20778,48.49575,0.18919,,,47.181,0.22156,47.9335,0.23502,48.019,0.21864,48.2605,0.19446,81.62475,0.11879,41.36025,0.12596
28702,"Glenwood Springs","CO",3662,47.4525,0.18374,0.16901408135891,50.65275,0.51043,21.43675,-0.25717,48.83125,0.20721,45.78025,0.16929,50.76375,0.14075,47.54925,0.17461,49.446,0.152,45.72575,0.18583,49.14625,0.15609,50.80675,0.10931,49.21025,0.14429,48.44225,0.15625,77.44,0.15108,40.66369,0.13977
28703,"Granby","CO",423,42.6965,0.3055,0.0754716992378235,43.40175,0.57647,,,,,,,,,43.93225,0.29157,42.88675,0.33111,,,43.66925,0.28057,47.11275,0.19415,44.8505,0.2507,42.6965,0.3055,73.03625,0.29133,40.10963,0.16318
28704,"Laramie","WY",1045,49.17025,0.21173,0.162866443395615,50.702,0.5652,16.5145,-0.23666,49.0865,0.3043,49.24625,0.11053,54.08625,0.05993,50.321,0.1966,49.53075,0.16499,,,50.29,0.18632,50.52775,0.15343,49.88675,0.18079,49.01625,0.21601,79.50475,0.19735,42.98932,0.17432
28800,"Fort Collins","CO",16004,45.1685,0.26966,0.115367777645588,38.419,0.63256,24.92275,-0.32081,45.6265,0.2767,44.726,0.26304,48.95675,0.21599,45.9545,0.26242,46.4945,0.23142,43.19,0.28244,47.03675,0.23519,47.26075,0.21391,46.278,0.23996,46.0935,0.2481,75.914,0.2364,36.89512,0.151965
28900,"Denver","CO",80257,42.2035,0.29366,0.0870277509093285,40.65475,0.63467,24.33375,-0.30345,44.093,0.2944,40.30725,0.29393,44.71425,0.26341,42.715,0.28724,44.7685,0.24706,40.9005,0.2763,44.05225,0.26513,43.6235,0.25774,42.97375,0.27423,46.655,0.23252,73.2545,0.24862,38.181,0.15673
29001,"Pratt","KS",871,52.0845,0.2711,0.155172407627106,45.62725,0.66353,16.3255,-0.12406,51.2955,0.32698,53.13625,0.20365,58.18,0.13832,53.7025,0.27654,49.9255,0.26474,,,53.15775,0.24907,54.185,0.25196,53.19725,0.25817,52.0845,0.2711,85.584,0.14256,41.64269,0.13676
29002,"Coldwater","KS",,,,,,,,,,,,,,,,,,,,,,,,,,,,,,,,0
29003,"Dodge City","KS",1732,47.502,0.30848,0.113309353590012,43.96,0.68752,24.06875,-0.29121,48.42975,0.33267,46.5845,0.28494,51.06175,0.27003,49.08325,0.31385,46.84025,0.26465,45.1745,0.2009,48.672,0.28996,50.189,0.32512,48.87825,0.31725,54.02025,0.24637,80.57225,0.20193,37.54137,0.14581
29004,"Great Bend","KS",2108,50.53425,0.28953,0.131280392408371,57.052,0.61536,20.20325,-0.22595,51.45975,0.29515,49.625,0.2856,52.8525,0.28194,52.449,0.27964,48.82625,0.26933,48.17025,0.29721,51.9585,0.25702,50.84975,0.35171,50.71425,0.31953,50.75225,0.28197,82.09875,0.25159,44.311,0.170725
29005,"Hutchinson","KS",3343,45.413,0.31236,0.107389159500599,36.423,0.70756,23.534,-0.24432,45.7295,0.32162,45.0855,0.30358,48.9465,0.2725,47.12575,0.30359,45.14,0.2878,43.973,0.22392,46.0395,0.30622,46.78225,0.30697,46.14775,0.30791,45.413,0.31236,78.7985,0.2387,35.41381,0.165635
29006,"Hays","KS",1588,53.1725,0.26022,0.157894730567932,59.6595,0.51022,14.626,-0.14796,53.182,0.30268,53.18525,0.22141,55.49225,0.21381,54.987,0.25268,52.45525,0.21717,,,53.90675,0.23967,52.724,0.23824,52.93225,0.24945,53.1725,0.26022,85.1525,0.17814,45.72419,0.166165
29007,"Township 11","KS",409,50.17475,0.33591,0.115107916295528,63.744,0.54484,,,,,,,,,51.954,0.33904,47.609,0.285,,,52.24625,0.27437,54.957,0.24004,52.51325,0.28745,50.17475,0.33591,85.5745,0.18934,45.05262,0.20249
29008,"Center","KS",291,52.78925,0.38901,0.149425283074379,70.9395,0.54282,,,,,,,,,54.41725,0.38525,51.55075,0.26107,,,,,59.24425,0.20229,55.8175,0.29882,52.78925,0.38901,80.0535,0.35598,49.37688,0.181995
29101,"Concordia","KS",833,52.80275,0.29451,0.152823925018311,55.68075,0.68723,13.63025,-0.15143,53.591,0.28088,52.0325,0.30754,55.92925,0.26417,54.70725,0.29829,50.94575,0.26459,,,54.778,0.24924,52.98075,0.33047,52.9045,0.31106,52.80275,0.29451,83.5625,0.22166,42.73719,0.192695
29102,"Superior","NE",553,59.49575,0.20291,0.186335399746895,68.08675,0.37739,11.4625,-0.07402,61.79825,0.15861,57.04375,0.25111,57.8175,0.2389,61.73575,0.20271,56.74675,0.21599,,,61.21525,0.15277,58.92225,0.28217,59.2375,0.24022,59.49575,0.20291,89.25525,0.15305,49.4595,0.121485
29103,"Beloit","KS",522,55.49575,0.27063,0.150375932455063,57.9005,0.64254,,,,,52.51525,0.32201,55.377,0.30648,57.896,0.25508,54.6485,0.24586,,,57.2605,0.21026,55.11825,0.30861,55.32525,0.28997,55.49575,0.27063,89.933,0.08672,44.56487,0.18088
29104,"Salina","KS",2538,43.85675,0.34259,0.082998663187027,38.46575,0.73747,25.752,-0.3184,44.97825,0.33353,42.78975,0.35067,47.8565,0.30086,44.7935,0.34314,43.60725,0.31917,42.822,0.36436,44.98575,0.31739,44.832,0.3446,44.3615,0.34318,43.85675,0.34259,76.148,0.29604,39.82944,0.19686
29201,"Hiawatha","KS",1029,56.5955,0.28498,0.171821311116219,58.69375,0.53667,15.35975,-0.24169,59.20325,0.25589,53.97175,0.31115,56.9255,0.2731,58.468,0.27788,53.27725,0.31609,,,59.77025,0.21057,54.03025,0.34361,55.25675,0.31607,58.2815,0.26394,86.91125,0.22713,47.569,0.169395
29202,"Marysville","KS",846,57.6045,0.20698,0.14522822201252,60.104,0.45164,10.54225,-0.06271,57.903,0.2396,57.253,0.18312,58.55475,0.19475,59.84325,0.19969,55.562,0.21636,,,58.52975,0.19491,57.08625,0.27053,57.4045,0.2359,57.6045,0.20698,89.07825,0.10449,47.78631,0.124395
29203,"Manhattan","KS",5252,43.97425,0.34989,0.0885311886668205,43.77075,0.70103,21.1475,-0.26786,44.7925,0.36082,43.2255,0.33602,48.20775,0.29335,45.075,0.34364,43.86325,0.28617,41.24525,0.33641,45.808,0.31196,46.04925,0.30317,45.036,0.32556,46.95425,0.30549,76.43975,0.29115,40.30862,0.196645
29204,"Topeka","KS",12135,42.2255,0.3393,0.0704687982797623,35.39975,0.74659,23.55375,-0.27213,43.5825,0.3405,40.8925,0.3385,45.15075,0.31143,43.41975,0.33587,43.2075,0.2971,40.26525,0.31629,44.2945,0.30222,44.319,0.306,43.31775,0.32127,44.11325,0.30797,73.553,0.29996,37.07232,0.187015
29301,"Wichita","KS",21826,41.41225,0.33093,0.0722466930747032,41.00525,0.64693,28.7345,-0.31514,42.56125,0.33617,40.242,0.32644,44.5645,0.29742,42.786,0.3302,42.989,0.28996,39.6115,0.2995,43.216,0.30132,42.705,0.31692,42.119,0.3226,45.6065,0.27598,72.8045,0.29842,38.74381,0.16154
29302,"Newton","KS",3406,48.08675,0.28631,0.103496506810188,41.11625,0.64969,21.35425,-0.22891,48.357,0.30792,47.83575,0.26471,51.24025,0.25281,49.806,0.28056,48.56,0.24768,46.338,0.28292,49.103,0.266,48.42375,0.31063,48.289,0.29772,48.08675,0.28631,81.35575,0.21219,39.59063,0.152335
29303,"Winfield","KS",2202,45.108,0.30756,0.109862670302391,48.47875,0.63487,26.59575,-0.28221,44.752,0.32064,45.46575,0.29443,48.8945,0.29166,46.77475,0.30395,44.54675,0.27823,45.32025,0.25237,44.81225,0.31837,47.89725,0.27365,46.5395,0.28814,45.108,0.30756,76.311,0.327,39.71132,0.153525
29401,"Ottawa","KS",2237,44.88925,0.33713,0.0926395952701569,43.2985,0.62966,23.1995,-0.2545,44.58225,0.32929,45.1725,0.34642,49.69925,0.29137,46.629,0.32724,44.51475,0.30239,43.81825,0.28753,45.28625,0.33213,47.35775,0.32059,46.21025,0.32605,44.88925,0.33713,76.739,0.30108,39.09063,0.169765
29402,"Emporia","KS",1961,46.13525,0.33497,0.10940171033144,41.908,0.72664,23.6635,-0.32318,46.51325,0.33405,45.767,0.33556,49.493,0.29636,47.682,0.32972,46.517,0.28716,46.14675,0.29547,45.9665,0.34154,47.136,0.30324,46.67425,0.31789,47.727,0.31108,76.80075,0.32471,40.03569,0.18598
29403,"Bartlesville","KS",6196,43.5595,0.3471,0.0894988030195236,32.69225,0.78189,24.9035,-0.27546,44.70225,0.36933,42.46475,0.32659,46.79625,0.28473,45.0575,0.34394,43.10975,0.31071,40.796,0.42096,45.8145,0.29498,46.41925,0.29233,45.06,0.31736,44.438,0.33052,73.2845,0.32734,35.16025,0.205975
29501,"Leavenworth","KS",3390,42.4705,0.3271,0.0803461074829102,39.105,0.72564,22.33925,-0.28323,44.4045,0.30494,40.52025,0.34961,45.1415,0.31378,43.66975,0.32591,43.60675,0.26331,40.00325,0.35561,44.8925,0.27826,43.4555,0.33322,43.00375,0.32919,45.496,0.30708,72.56499,0.30208,37.65913,0.186675
29502,"Kansas City","MO",67521,40.0745,0.36494,0.0701465755701065,41.9075,0.69678,26.484,-0.33932,41.936,0.36312,38.221,0.36728,42.9455,0.34294,41.1445,0.36202,41.966,0.3228,37.8675,0.35878,43.23525,0.31017,41.44975,0.33859,40.8055,0.35062,44.319,0.29984,70.37475,0.33187,38.95638,0.19407
29503,"St. Joseph","MO",6284,43.344,0.35028,0.0831134542822838,38.46,0.68236,23.727,-0.25936,43.70475,0.36151,42.99175,0.33911,46.39725,0.31893,44.909,0.34544,43.2055,0.3239,41.46025,0.33485,44.67425,0.32445,43.6665,0.38226,43.529,0.365,43.343,0.34976,73.2305,0.35058,38.16663,0.172135
29504,"Sedalia","MO",3230,43.24525,0.33425,0.082563154399395,33.35675,0.75251,23.86675,-0.29153,44.29925,0.34425,42.17075,0.32535,44.91775,0.32959,44.94125,0.32241,42.479,0.32244,40.73825,0.30237,44.556,0.30928,44.592,0.34252,43.94575,0.33699,43.24525,0.33425,73.63676,0.33215,34.51406,0.17974
29505,"Polk","MO",1292,50.57175,0.33491,0.112745098769665,45.72625,0.74345,12.75725,-0.14559,50.262,0.35752,50.89875,0.30927,51.451,0.2886,52.62975,0.32079,49.61975,0.28831,,,52.622,0.27504,50.242,0.30632,50.38225,0.32129,50.55675,0.33587,81.6625,0.25234,40.90894,0.18961
29506,"Bethany","MO",722,48.45,0.32856,0.120845921337605,41.9415,0.69154,24.05225,-0.27419,49.35425,0.28237,47.67875,0.36715,50.12,0.26084,50.3045,0.31926,47.782,0.25304,,,49.0875,0.30138,51.87675,0.28339,50.17975,0.30427,48.55475,0.32555,81.3615,0.2323,40.55638,0.166675
29601,"Columbia","MO",10737,42.7885,0.33598,0.065512977540493,38.6625,0.75414,22.534,-0.29188,44.102,0.3502,41.46575,0.32327,44.08125,0.31065,44.192,0.33044,43.37975,0.30335,39.709,0.3994,45.99075,0.26959,43.38525,0.33181,43.11,0.33324,42.72125,0.33213,73.79025,0.30913,39.59725,0.202465
29602,"Eldon","MO",2656,42.33075,0.34527,0.0677856653928757,33.3655,0.75674,23.141,-0.25236,43.625,0.36728,41.01725,0.32029,43.4925,0.32502,44.12325,0.33337,42.236,0.32112,42.10875,0.38127,42.646,0.33508,44.5425,0.34206,43.511,0.34044,42.33075,0.34527,73.28,0.37916,37.26725,0.18938
29700,"Springfield","MO",16009,41.9415,0.31526,0.0714676156640053,37.28725,0.78625,22.58075,-0.27101,42.65775,0.32611,41.2535,0.30478,44.58375,0.27911,43.72425,0.30789,42.027,0.28736,39.922,0.3104,43.0925,0.29282,43.4635,0.2969,42.74025,0.30461,41.9415,0.31526,73.4635,0.30766,36.59944,0.19946
29800,"Aurora","MO",4732,42.5855,0.31146,0.0748914629220963,32.76325,0.72673,25.63625,-0.29495,43.5,0.30748,41.68225,0.31573,45.72,0.28624,44.6145,0.30174,42.235,0.27948,40.65525,0.34809,43.87225,0.27673,43.9415,0.29974,43.293,0.30384,42.5505,0.31226,73.44775,0.32791,35.61744,0.16265
29901,"Joplin","MO",10466,43.05075,0.33471,0.0722867026925087,41.35775,0.72903,25.246,-0.30628,43.386,0.36168,42.72425,0.30645,46.03725,0.27669,45.04075,0.32503,42.8005,0.29838,41.67475,0.35579,44.09275,0.30983,44.38175,0.32079,43.7235,0.32666,43.1765,0.3315,73.97375,0.33947,38.94463,0.178265
29902,"Center","MO",2219,44.162,0.35608,0.085664339363575,41.42175,0.75547,24.1915,-0.31146,44.3605,0.34478,43.97475,0.36731,45.9595,0.33014,46.01825,0.34305,43.439,0.31808,42.85625,0.39761,45.0545,0.3309,45.666,0.33852,44.883,0.34708,44.18575,0.35551,74.41225,0.39641,39.03312,0.197385
30000,"Russellville","AR",5350,42.6705,0.31822,0.0887360870838165,33.43225,0.74977,27.571,-0.312,43.074,0.32964,42.2745,0.30754,46.66725,0.28249,44.6895,0.31782,41.7105,0.3055,40.78925,0.35029,44.064,0.285,45.02825,0.31069,43.913,0.31232,42.52975,0.32575,72.02675,0.31291,36.57231,0.173435
30100,"Fort Smith","AR",12838,42.63875,0.32987,0.0939385965466499,37.736,0.76916,29.63425,-0.37107,43.25875,0.35207,42.05425,0.30941,46.5315,0.28046,44.625,0.32032,41.90575,0.30119,40.927,0.3356,43.9595,0.3007,44.454,0.3386,43.58375,0.33231,42.9025,0.3305,72.04925,0.32965,37.79356,0.181765
30200,"Muskogee","OK",6177,41.0185,0.35806,0.0631011053919792,32.36775,0.73331,28.6385,-0.26646,41.3785,0.36566,40.66375,0.35051,44.40825,0.31773,42.97575,0.34367,39.77375,0.34727,39.423,0.38496,42.49175,0.32207,41.838,0.36996,41.4495,0.36234,,,70.6995,0.3725,36.20481,0.176685
30300,"Fayetteville","AR",12872,43.04425,0.31805,0.0918065160512924,34.2485,0.7647,25.85125,-0.29783,44.60225,0.33353,41.5,0.30256,45.075,0.2764,45.08475,0.30671,43.22575,0.28211,41.3615,0.30958,44.15025,0.29733,45.277,0.27528,44.21,0.29496,43.4835,0.3043,73.069,0.2878,37.2715,0.187245
30401,"Stillwater","OK",2782,45.829,0.30216,0.0984643176198006,41.30925,0.78145,21.53675,-0.26105,45.74775,0.30411,45.90725,0.30029,49.629,0.25816,47.55925,0.29269,44.694,0.29,43.6735,0.37926,47.82975,0.25643,47.439,0.28432,46.62125,0.29317,45.50025,0.33253,75.565,0.28044,42.49912,0.22726
30402,"Tulsa","OK",36434,41.63525,0.34125,0.078357495367527,39.4705,0.72082,26.49825,-0.32239,42.6725,0.34834,40.61125,0.33465,44.93875,0.30747,43.20575,0.33527,42.045,0.30712,39.43575,0.33067,43.74225,0.30333,43.505,0.31728,42.6065,0.32806,45.16975,0.29259,71.37925,0.31161,38.27369,0.1969
30403,"Okmulgee","OK",2061,42.057,0.33136,0.0810611620545387,43.21925,0.63565,27.60275,-0.27553,42.5755,0.37106,41.49375,0.28831,45.80025,0.27933,44.0805,0.32018,40.5855,0.33006,38.543,0.26992,44.90875,0.27203,44.50525,0.34173,43.2875,0.33318,,,71.8745,0.32918,39.15969,0.17211
30501,"Woodward","OK",1265,53.25325,0.26081,0.200000002980232,44.4115,0.68134,22.1485,-0.2723,53.4295,0.27354,53.09775,0.24715,59.1945,0.18602,55.40125,0.25501,51.92825,0.22577,,,54.2175,0.23906,55.21225,0.28845,54.25875,0.27139,53.29025,0.26117,81.7215,0.21706,42.959,0.15811
30502,"Enid","OK",4451,50.01375,0.31895,0.149268791079521,45.12175,0.72459,21.999,-0.27324,50.3725,0.3265,49.69725,0.31289,54.32925,0.27833,52.08475,0.31087,47.567,0.29572,45.74725,0.32561,52.66325,0.25985,50.40925,0.32469,50.19975,0.32131,50.142,0.31536,79.4955,0.27378,42.36781,0.20005
30601,"El Paso","TX",35086,43.7425,0.21986,0.0864412784576416,49.9505,0.61574,26.38,-0.33364,44.814,0.24196,42.6765,0.19798,49.3785,0.16178,45.89575,0.19551,43.17825,0.18729,42.8585,0.21642,44.4555,0.20638,44.16475,0.18383,43.96325,0.20125,,,78.32725,0.13889,42.38538,0.170385
30602,"Alamogordo","NM",2912,42.2035,0.26534,0.0849557518959045,49.99875,0.56087,23.96275,-0.26157,44.019,0.28532,40.25,0.25012,44.57,0.24152,43.373,0.25476,41.568,0.20648,39.55025,0.28769,44.1345,0.21878,43.41975,0.25779,42.8715,0.25978,,,73.4,0.26504,41.12881,0.13838
30603,"Truth or Consequences","NM",350,40.84575,0.26087,0.0812720879912376,42.138,0.7444,,,,,,,,,41.79375,0.26691,38.8145,0.27038,,,,,41.825,0.34632,41.375,0.3028,,,70.236,0.31664,40.59813,0.07186499
30604,"Deming","NM",2562,41.51075,0.29271,0.0697278901934624,43.41625,0.61873,32.4245,-0.33378,40.668,0.26476,42.29225,0.32293,47.70625,0.32025,42.5425,0.27586,40.77275,0.24687,39.04075,0.23347,42.88025,0.26757,43.1655,0.26222,42.38325,0.27493,,,70.7015,0.31038,37.39013,0.12449
30605,"Van Horn","TX",,,,0.22346368432045,,,,,,,,,,,,,,,,,,,,,51.65325,0.18881,,,,,,0
30701,"Roswell","NM",5366,43.9285,0.31838,0.116612374782562,46.1975,0.66138,31.603,-0.34812,43.28125,0.34905,44.55075,0.28887,50.04125,0.25521,45.3365,0.30562,42.971,0.27312,41.794,0.31076,45.80125,0.27977,46.2065,0.27098,45.07375,0.29367,,,72.96674,0.30955,37.99488,0.16608
30702,"Santa Rosa","NM",306,44.7825,0.33034,0.120481930673122,63.44625,0.54265,,,,,,,,,45.93175,0.34079,41.40525,0.35337,,,,,48.3095,0.33966,46.601,0.33288,,,76.3485,0.3021,40.40413,0.195405
30801,"Hobbs","NM",4532,49.13125,0.29689,0.161949679255486,46.725,0.71476,33.811,-0.341,47.1695,0.30218,50.9535,0.29442,57.16975,0.25571,51.21075,0.28115,47.0365,0.27186,45.09375,0.29227,51.703,0.24364,52.15775,0.26311,50.71175,0.27743,,,78.856,0.23072,37.90381,0.183135
30802,"Lubbock","TX",11604,41.37175,0.38323,0.0673753768205643,35.42075,0.85575,34.257,-0.46948,42.58275,0.38867,40.22025,0.37625,45.0145,0.32658,42.93075,0.37159,40.56825,0.33877,39.83925,0.38281,43.117,0.34896,42.7475,0.33794,42.09225,0.35933,51.00525,0.21261,72.43625,0.32569,37.89994,0.23788
30901,"Clovis","NM",3308,43.73175,0.33231,0.0828157365322113,50.519,0.70144,31.4075,-0.43874,44.49,0.35424,42.975,0.31116,48.2525,0.2615,44.96375,0.32523,42.58775,0.25803,41.581,0.40784,46.01775,0.26851,45.4465,0.3247,44.633,0.32656,,,74.20451,0.3273,39.48725,0.177115
30902,"Littlefield","TX",1560,46.666,0.38628,0.0803662240505219,43.084,0.85368,31.78975,-0.39913,46.576,0.41208,46.74625,0.36261,52.22925,0.29201,48.5165,0.37678,45.697,0.32028,44.95225,0.34301,47.32975,0.37467,48.31,0.34072,47.45975,0.36303,,,80.08025,0.25481,39.3495,0.23443
30903,"Amarillo","TX",9990,42.8265,0.33658,0.08613670617342,37.36975,0.80283,33.2215,-0.39962,43.64425,0.35333,42.042,0.31836,46.7465,0.28254,44.557,0.32444,43.051,0.28684,41.044,0.32924,44.814,0.29888,44.62025,0.33313,43.75825,0.33313,47.139,0.26952,74.16375,0.27731,36.497,0.214245
30904,"Pampa","TX",2831,50.6365,0.2825,0.153333336114883,40.25475,0.70155,27.8095,-0.31062,49.65175,0.32391,51.64425,0.24129,57.1425,0.20558,52.56075,0.27731,50.51625,0.23913,48.464,0.28484,52.048,0.25448,51.61575,0.29795,51.108,0.28944,54.575,0.20832,78.65075,0.25419,37.42294,0.18785
30905,"Wellington","TX",378,51.14525,0.33265,0.133640557527542,48.70925,0.79333,,,,,,,,,53.31,0.33388,47.55325,0.33701,,,53.21475,0.28799,50.64825,0.34985,50.88625,0.34101,,,82.5405,0.21686,42.66844,0.22636
30906,"Memphis","TX",367,47.8355,0.34002,0.117154814302921,51.36125,0.83437,,,,,,,,,50.08525,0.34597,46.7525,0.27718,,,49.794,0.28084,51.73,0.33748,49.707,0.34064,,,78.59075,0.32587,46.16537,0.173245
30907,"Matador","TX",,,,,,,,,,,,,,,,,,,,,,,,,,,,,,,,0
30908,"Plainview","TX",2577,44.4955,0.35666,0.0848522931337357,34.5835,0.90742,35.69075,-0.47969,43.9365,0.3951,45.0465,0.31674,51.229,0.21516,46.227,0.34384,42.93775,0.32143,41.84475,0.21547,45.65725,0.34157,46.25,0.33092,45.37125,0.34265,,,79.78425,0.22505,36.83425,0.22252
31001,"Garden City","KS",2094,46.53875,0.31411,0.108910888433456,47.8375,0.67766,33.20025,-0.33463,46.41175,0.33971,46.685,0.28928,52.97175,0.22299,47.9445,0.31198,46.35575,0.29455,44.505,0.35224,48.47125,0.27177,47.57925,0.28101,47.11125,0.29641,,,80.036,0.22372,39.40744,0.174515
31002,"Ulysses","KS",779,48.8745,0.30722,0.190721645951271,44.35225,0.71785,39.0275,-0.40658,44.7805,0.42842,53.29975,0.17991,55.48075,0.19967,50.7235,0.3013,48.46325,0.26933,,,47.8115,0.33222,52.03075,0.24203,50.48075,0.27363,,,80.76975,0.21955,39.85031,0.15484
31003,"Scott City","KS",485,53.8885,0.21054,0.191304340958595,61.186,0.51508,,,,,,,,,56.36875,0.18707,53.095,0.17868,,,55.9025,0.15678,52.91825,0.26853,53.45725,0.23757,53.882,0.19592,88.81725,0.08457,46.33844,0.146485
31004,"Liberal","KS",1331,49.009,0.30328,0.121145375072956,44.77225,0.66069,30.21275,-0.28229,47.73025,0.33777,50.252,0.27144,55.695,0.24232,50.74275,0.30411,48.06575,0.28835,45.21175,0.32803,52.20325,0.23509,51.295,0.26296,50.2655,0.27998,55.61525,0.28417,81.2585,0.24374,39.03131,0.16641
31005,"Perryton","TX",895,56.0535,0.24494,0.232835814356804,48.03775,0.67799,21.812,-0.22224,56.11525,0.23453,55.9765,0.25558,60.02375,0.22931,58.0895,0.24338,55.95825,0.17157,,,57.52575,0.22451,55.944,0.25896,55.99675,0.25183,,,85.33675,0.12771,43.40619,0.18536
31006,"Guymon","OK",1186,50.389,0.26316,0.161702126264572,46.17725,0.66513,31.2015,-0.40006,48.56025,0.29989,52.513,0.21808,57.61275,0.14807,52.60925,0.25533,50.33225,0.20433,44.52775,0.24643,53.82875,0.19179,52.5975,0.26342,51.58425,0.26041,50.71375,0.28959,82.03525,0.19521,41.59594,0.158975
31007,"Dumas","TX",1349,47.82625,0.33349,0.136015325784683,36.06675,0.80487,31.5075,-0.30774,46.48775,0.35635,49.29,0.30668,55.06,0.26304,49.34375,0.33123,47.5295,0.27702,45.44025,0.28925,49.172,0.30896,50.66125,0.32529,49.36325,0.32541,,,79.83675,0.21443,37.03263,0.201975
31101,"Victoria","TX",7314,45.82475,0.35427,0.101472996175289,37.4785,0.83218,31.9915,-0.41754,45.5135,0.38358,46.14375,0.32487,51.19325,0.27189,47.93625,0.34113,45.34425,0.31573,43.60925,0.32801,47.6755,0.3207,46.72575,0.32719,46.27125,0.34041,53.244,0.30844,77.1615,0.24914,41.64156,0.222285
31102,"La Grange","TX",1751,48.797,0.376,0.114014253020287,45.25025,0.71057,23.505,-0.34856,48.01825,0.43021,49.84275,0.31647,54.3145,0.25858,50.60975,0.36527,48.88275,0.31055,44.04225,0.32993,52.9325,0.29282,49.44375,0.37583,49.096,0.37616,,,81.18475,0.21611,44.46706,0.226485
31103,"Gonzales","TX",772,43.693,0.37264,0.0696202516555786,35.39525,0.83809,30.9075,-0.41046,43.55225,0.36325,43.79725,0.38109,49.4525,0.33318,45.68925,0.34941,41.85225,0.33237,41.172,0.36512,46.06375,0.31327,44.26375,0.35119,43.988,0.36152,,,75.4405,0.3265,37.84093,0.25374
31201,"Austin","TX",40063,40.41475,0.32335,0.0693216323852539,37.133,0.7508,28.10175,-0.36857,42.41075,0.32091,38.42875,0.32631,43.55675,0.30147,41.70475,0.31715,42.05875,0.28123,38.9735,0.30922,42.403,0.29112,41.90875,0.28011,41.209,0.30024,45.83925,0.23649,71.86275,0.26491,40.49681,0.21532
31202,"Burnet","TX",1506,43.2455,0.32522,0.0947368443012238,38.6095,0.6751,25.65425,-0.30079,44.7325,0.3395,41.70075,0.31231,46.3725,0.2943,44.801,0.31836,44.1225,0.23794,42.18075,0.30011,43.87325,0.31473,45.09075,0.30615,44.1995,0.31426,43.2455,0.32522,75.64325,0.21621,39.99681,0.201265
31301,"San Antonio","TX",66248,41.1115,0.31986,0.0643825903534889,41.80875,0.72187,28.2425,-0.3781,42.3445,0.33466,39.89225,0.30581,45.8975,0.26382,43.145,0.30304,41.006,0.28204,39.832,0.29376,42.45425,0.29825,42.3435,0.2805,41.77075,0.29871,46.577,0.25988,74.3325,0.24782,39.31987,0.21232
31302,"Beeville","TX",1769,45.529,0.3464,0.102159470319748,37.5345,0.84926,32.16025,-0.41299,45.03025,0.39769,45.95775,0.29843,52.3145,0.26206,47.706,0.32724,43.3905,0.31174,45.1735,0.3327,45.6925,0.34422,48.451,0.36072,47.091,0.35032,,,77.8935,0.26506,35.23581,0.21503
31303,"Kerrville","TX",2180,44.6865,0.30922,0.0956375822424889,41.9025,0.76294,23.644,-0.32904,45.99375,0.28635,43.32725,0.33293,46.627,0.306,46.38,0.29728,44.931,0.25092,43.2485,0.40742,46.67825,0.25817,45.902,0.28192,45.31525,0.29477,46.712,0.26596,76.284,0.22676,43.03225,0.22006
31304,"Mason","TX",,,,0.174418598413467,,,,,,,,,,,,,,,,,,,,,51.8385,0.1947,,,,,,0
31401,"Midland","TX",12919,50.738,0.28336,0.178886994719505,40.1125,0.76018,33.10125,-0.39935,49.33425,0.30965,52.14525,0.25653,58.4985,0.20938,53.2435,0.26426,49.4235,0.24406,48.80325,0.25657,52.256,0.25744,53.91075,0.23463,52.37025,0.25749,,,80.61975,0.18947,38.82881,0.21065
31402,"Pecos","TX",1700,53.3905,0.22458,0.232954546809196,39.48025,0.73873,33.87825,-0.32459,50.7345,0.25922,55.9505,0.19706,62.71675,0.15067,56.09175,0.20387,51.69375,0.19067,52.26425,0.26369,54.5105,0.19418,57.47125,0.20605,55.48925,0.21133,,,83.269,0.13668,37.837,0.21495
31403,"Fort Stockton","TX",1026,52.13625,0.20921,0.22278057038784,37.437,0.745,32.91625,-0.27527,50.80025,0.23705,53.447,0.1822,60.38775,0.13203,54.7085,0.19698,50.35875,0.21159,49.894,0.02948,52.322,0.22,57.246,0.19608,54.50325,0.20157,,,82.96425,0.14905,36.98144,0.22056
31404,"Alpine","TX",689,51.93375,0.16423,0.18026565015316,50.399,0.59844,24.6995,-0.15482,49.54525,0.25257,54.54025,0.07249,59.25625,0.01449,54.5345,0.16054,51.06225,0.14641,,,53.9155,0.13794,51.211,0.14696,51.55175,0.15523,,,84.00725,0.02109,43.89025,0.158795
31501,"Crystal City","TX",1092,44.976,0.28468,0.0832049325108528,57.41225,0.64657,32.99675,-0.46629,42.66975,0.31231,47.4045,0.25778,54.32125,0.24241,47.128,0.27456,42.48925,0.24825,43.08275,0.26263,46.146,0.25876,45.803,0.19172,45.3735,0.24134,,,79.012,0.24124,44.29575,0.18088
31502,"Pearsall","TX",921,45.28525,0.26277,0.09375,43.26375,0.80479,30.459,-0.45964,44.144,0.30536,46.602,0.22012,55.00775,0.17031,47.87475,0.25131,43.73525,0.18421,43.15975,0.18739,46.26,0.2488,48.1455,0.3407,46.723,0.29596,,,81.57625,0.20285,39.69606,0.221245
31503,"Laredo","TX",8586,44.91075,0.23163,0.108853586018085,47.40425,0.71593,28.20725,-0.32123,45.54825,0.24557,44.273,0.21508,51.756,0.1748,48.09925,0.21273,44.084,0.2088,43.54475,0.20359,45.785,0.22048,45.3205,0.1755,45.1015,0.20282,,,80.7415,0.1203,38.95563,0.21319
31600,"Brownsville","TX",38719,44.0965,0.22654,0.0916091129183769,54.307,0.6434,26.68725,-0.33727,44.386,0.26088,43.8,0.1922,52.30525,0.12537,47.8215,0.19842,43.08975,0.20107,42.31775,0.18819,45.03875,0.21499,45.48225,0.17097,44.78075,0.19831,,,80.30275,0.10983,44.018,0.192715
31700,"Corpus Christi","TX",23247,44.12325,0.29565,0.10556760430336,35.80875,0.83787,30.382,-0.37108,43.83875,0.32803,44.411,0.26444,51.343,0.22312,46.55425,0.27477,43.22925,0.25893,43.03,0.27068,45.118,0.27992,45.58175,0.25699,44.8545,0.27578,,,76.29774,0.22175,37.46375,0.227565
31800,"College Station","TX",6507,41.68525,0.34589,0.0777777805924416,39.67925,0.76685,30.2795,-0.4113,42.89575,0.36111,40.4385,0.33106,46.06425,0.29169,43.3405,0.33422,41.347,0.31104,39.218,0.3868,45.833,0.26116,43.53525,0.34029,42.6675,0.34186,45.57225,0.28145,73.03025,0.29249,42.56706,0.23804
31900,"Pearland","TX",14091,45.48125,0.30813,0.115716122090816,38.248,0.70936,29.85125,-0.32903,45.71875,0.32339,45.2445,0.2937,51.457,0.26472,47.3365,0.3023,46.0785,0.27774,42.96025,0.30017,48.19675,0.26023,46.9565,0.2757,46.24275,0.29119,46.8815,0.3731,76.353,0.23616,39.38031,0.19844
32000,"Houston","TX",166343,42.75925,0.32517,0.0927379801869392,39.3215,0.70954,26.3945,-0.31994,44.565,0.32896,40.95,0.32196,46.95275,0.29427,44.45325,0.31385,43.52975,0.29099,40.10375,0.29779,46.31,0.26888,43.98425,0.29217,43.401,0.30776,46.7465,0.2829,74.66175,0.22651,39.90344,0.201975
32100,"Beaumont","TX",20998,43.287,0.34324,0.0949705690145493,37.59975,0.68111,28.1375,-0.30522,43.766,0.34724,42.8255,0.3399,49.68175,0.31211,45.0815,0.33258,43.07825,0.31221,40.441,0.3212,46.749,0.27908,44.565,0.32484,43.9275,0.3333,47.33925,0.30245,74.18875,0.27563,37.62357,0.184475
32201,"Huntsville","TX",6738,41.633,0.3734,0.0773425847291946,34.12125,0.75605,29.77725,-0.37591,42.7055,0.37194,40.62375,0.37319,45.562,0.33204,43.25075,0.36115,41.26225,0.31801,38.97225,0.40025,45.27425,0.29473,43.277,0.35456,42.46475,0.36299,43.9395,0.28042,72.098,0.32276,36.7425,0.210615
32202,"Nacogdoches","TX",3820,43.42375,0.37691,0.0939183980226517,39.06775,0.73995,25.54325,-0.32831,44.053,0.3604,42.772,0.39416,48.00175,0.35755,45.07325,0.36593,42.67575,0.32431,38.60125,0.35793,49.159,0.25708,44.5135,0.38694,43.9695,0.3809,47.10675,0.34059,72.25525,0.38929,38.32869,0.21452
32301,"San Angelo","TX",4788,43.65,0.33368,0.086386427283287,32.914,0.81448,31.8,-0.42328,44.31,0.33596,43.0345,0.33006,48.40475,0.29991,45.38525,0.31601,42.7865,0.28774,41.86625,0.35689,45.61225,0.29085,44.5785,0.3113,44.137,0.3216,47.952,0.23844,73.42875,0.31975,36.71144,0.212165
32302,"Brady","TX",1037,48.008,0.3258,0.11814346164465,42.6215,0.91222,28.13225,-0.36899,46.9845,0.38678,49.14975,0.25727,53.28075,0.24759,49.9885,0.31958,47.14725,0.26041,45.78925,0.33809,49.416,0.29096,49.72625,0.34153,48.908,0.33132,,,79.2865,0.26006,40.26612,0.266415
32303,"Junction","TX",277,41.0135,0.3421,0.0734693855047226,42.36225,0.82181,,,,,,,,,42.58825,0.35025,39.625,0.32912,,,,,46.13025,0.49061,43.68575,0.40915,,,70.182,0.3138,41.98031,0.26429
32304,"Uvalde","TX",1630,45.93075,0.35659,0.0968436151742935,51.318,0.72048,27.466,-0.41056,45.914,0.37652,45.98175,0.33667,51.12075,0.32719,47.81525,0.34769,44.34175,0.29347,45.54575,0.43623,46.8275,0.32646,46.6165,0.30178,46.26775,0.32911,,,78.67025,0.26913,42.81175,0.205625
32305,"Del Rio","TX",2071,47.65725,0.21609,0.123060457408428,43.098,0.72872,28.4345,-0.36854,47.3895,0.2811,47.937,0.15164,54.4845,0.12954,50.0945,0.2093,46.5775,0.19202,43.928,0.08872,49.053,0.20384,48.13525,0.22777,47.91375,0.22163,,,81.39675,0.08099,40.28238,0.17388
32306,"Eagle Pass","TX",2213,46.4785,0.24878,0.100081034004688,50.26425,0.80049,24.789,-0.35724,46.36375,0.32279,46.68725,0.17977,54.8335,0.11614,49.43225,0.22977,44.86325,0.20553,45.89175,0.29867,46.937,0.23096,48.0935,0.12782,47.231,0.18764,,,82.03975,0.18783,43.80762,0.20002
32401,"Big Spring","TX",2408,47.90225,0.35929,0.11444141715765,35.19375,0.76255,33.473,-0.51112,45.725,0.40652,50.15325,0.31037,55.9275,0.27438,50.36175,0.33567,46.62375,0.28463,45.84725,0.28617,48.82025,0.34573,50.51925,0.33749,49.2625,0.34566,,,78.154,0.26424,36.10956,0.191
32402,"Sweetwater","TX",956,47.1925,0.31654,0.122028529644012,44.9275,0.79214,34.92225,-0.51159,46.03275,0.35731,48.29125,0.27577,54.4475,0.20546,49.255,0.29876,45.306,0.27572,46.75525,0.31365,47.57875,0.30747,50.1745,0.3627,48.664,0.33788,,,79.774,0.2596,40.78188,0.20772
32403,"Snyder","TX",1209,50.06175,0.28327,0.156089186668396,38.25325,0.83853,32.19825,-0.42507,49.14525,0.25065,50.961,0.31924,56.6765,0.2753,52.55675,0.25751,49.64125,0.20325,50.06525,0.27421,50.00575,0.28523,52.971,0.27576,51.5305,0.27662,,,79.14,0.23912,37.03262,0.212225
32501,"Abilene","TX",8009,45.11225,0.32649,0.103291988372803,40.97875,0.76755,30.297,-0.42028,45.455,0.33932,44.7905,0.31426,49.2585,0.27674,46.914,0.31068,44.31725,0.27537,43.595,0.35336,46.4925,0.29378,47.061,0.32648,46.126,0.32492,48.2025,0.27542,75.9865,0.29658,40.46094,0.214605
32502,"Childress","TX",346,44.4785,0.39774,0.0782608687877655,40.75075,0.75463,,,,,,,,,46.7485,0.36622,43.653,0.27152,,,45.82975,0.34423,46.46725,0.46641,45.4825,0.43218,,,77.6745,0.36894,41.96869,0.16786
32503,"Haskell","TX",649,49.15625,0.25601,0.16901408135891,51.21875,0.72951,29.38025,-0.56127,48.63525,0.23205,49.71875,0.27463,54.785,0.24036,51.52425,0.26313,46.784,0.27204,,,50.2615,0.2409,52.00775,0.37779,50.64575,0.30567,,,79.917,0.27532,43.46344,0.19484
32601,"Wichita Falls","TX",5581,43.85625,0.32757,0.0966044962406158,39.11325,0.75385,29.75775,-0.37121,44.896,0.32836,42.799,0.32684,47.069,0.30832,45.48925,0.31589,43.82625,0.27541,42.19525,0.33221,45.4695,0.29366,45.4835,0.34054,44.72625,0.33241,45.9335,0.29574,74.609,0.2862,39.59806,0.2079
32602,"Graham","TX",1201,50.5315,0.37858,0.175939843058586,46.01675,0.72187,27.3465,-0.34322,51.467,0.37836,49.63625,0.37573,52.5855,0.33982,52.31075,0.36967,49.413,0.2912,48.67975,0.39451,51.70625,0.35009,52.56425,0.26505,51.55475,0.31907,50.5315,0.37858,77.464,0.35168,42.58363,0.20573
32603,"Seymour","TX",,,,0.0860215052962303,,,,,,,,,,,,,,,,,,,,,49.48575,0.44615,,,,,,0
32604,"Vernon","TX",895,43.1755,0.38534,0.0880733951926231,41.66025,0.79513,35.85475,-0.39469,43.0575,0.3843,43.28725,0.38705,48.818,0.30872,45.04175,0.37423,41.459,0.33776,41.4205,0.34822,44.16875,0.36699,45.627,0.34416,44.46675,0.36291,,,75.21349,0.3127,39.70156,0.23611
32701,"Brownwood","TX",2275,45.174,0.33284,0.108663730323315,44.1485,0.7285,29.10075,-0.38161,44.72375,0.35839,45.59825,0.30713,49.81375,0.30171,46.879,0.32552,44.19,0.31112,43.734,0.34668,46.301,0.30556,46.82925,0.32477,46.03925,0.32689,46.806,0.29392,74.20226,0.38269,41.34194,0.21183
32702,"Stephenville","TX",1834,47.92175,0.29283,0.11419752985239,44.8435,0.72598,26.328,-0.35628,47.9025,0.29262,47.94175,0.29299,52.236,0.25956,50.0295,0.28258,47.55925,0.24809,43.97575,0.35339,50.31725,0.23741,49.7325,0.27982,48.876,0.28472,47.89825,0.31701,78.92699,0.22844,43.90419,0.184175
32801,"Waco","TX",10912,40.0335,0.39794,0.067537434399128,45.58475,0.70231,30.53525,-0.40039,41.272,0.41212,38.826,0.38468,43.38675,0.34771,41.56325,0.38417,39.8635,0.35634,37.59525,0.36833,42.89025,0.34321,42.3795,0.36442,41.257,0.3796,46.071,0.3224,70.6845,0.36878,40.52119,0.216755
32802,"Corsicana","TX",3722,44.1675,0.40226,0.101304344832897,45.3565,0.70282,31.16075,-0.38401,45.40175,0.39215,42.95625,0.41197,48.591,0.3772,45.365,0.39528,44.01825,0.34377,40.742,0.3464,47.59225,0.33669,45.06175,0.38123,44.63875,0.39063,48.207,0.32892,73.89875,0.34791,40.7285,0.20373
32900,"Killeen","TX",12453,40.48625,0.33525,0.0772482678294182,41.37125,0.71033,27.98175,-0.34257,41.691,0.33956,39.31525,0.32993,44.53575,0.30183,41.618,0.32064,40.3235,0.25658,38.85125,0.30637,41.787,0.31004,42.20025,0.29077,41.4165,0.31098,46.21825,0.23317,72.561,0.29952,39.48837,0.205035
33000,"Fort Worth","TX",64571,42.32,0.3198,0.0913628563284874,37.89,0.72368,28.0835,-0.3409,43.91,0.32724,40.73,0.3134,45.771,0.2874,43.743,0.31008,43.2175,0.2917,40.31525,0.30917,44.85175,0.27703,43.71375,0.29679,43.072,0.30708,46.774,0.2558,73.5745,0.25438,38.84912,0.1987
33100,"Dallas","TX",114423,40.35025,0.34689,0.0710824653506279,40.1265,0.69222,28.7205,-0.35882,42.93,0.34388,37.70825,0.35193,42.7775,0.32878,41.26,0.34192,42.28625,0.30597,38.22025,0.32713,43.7685,0.29226,42.00175,0.30635,41.23025,0.32517,45.9355,0.2759,72.6305,0.26286,39.78381,0.19249
33200,"Paris","TX",7173,41.428,0.35444,0.0767123252153397,36.279,0.71428,27.54425,-0.27303,42.69175,0.35895,40.1625,0.35002,44.57725,0.31221,42.85,0.3406,41.2975,0.31294,38.407,0.3462,44.421,0.29156,43.529,0.33276,42.49725,0.34225,44.1325,0.30434,70.7185,0.37566,36.78225,0.195275
33300,"Tyler","TX",15885,42.885,0.34736,0.0951065048575401,40.2325,0.71402,27.8695,-0.33526,43.576,0.3664,42.20375,0.32999,46.62875,0.31295,44.5725,0.33294,42.7815,0.31578,40.3855,0.34894,45.45375,0.29587,44.7685,0.31414,43.8545,0.32934,44.82675,0.32127,73.11475,0.29599,38.99212,0.200185
33400,"Longview","TX",12446,43.82325,0.35657,0.114197075366974,41.0455,0.69514,28.57325,-0.33615,43.524,0.36036,44.1185,0.35302,49.765,0.31624,45.44125,0.34385,43.31325,0.31665,40.973,0.34292,46.9625,0.29414,46.736,0.32984,45.2905,0.3421,45.07025,0.33401,73.52975,0.31087,40.35256,0.20465
33500,"Texarkana","TX",9851,40.9055,0.37522,0.0788930878043175,40.70325,0.69721,30.26425,-0.34347,40.83425,0.40145,40.99825,0.34941,46.1085,0.31646,42.4985,0.36438,40.317,0.33732,38.0645,0.34762,44.437,0.30548,43.11325,0.37493,42.0085,0.3733,43.0045,0.36034,70.742,0.34828,38.029,0.182685
33601,"Lawton","OK",6975,44.0465,0.31882,0.104880884289742,37.3055,0.71794,25.422,-0.29088,44.53125,0.33661,43.56725,0.30189,47.7415,0.3033,46.09325,0.29789,43.19825,0.25349,42.1605,0.3029,45.31675,0.29251,45.024,0.31856,44.5555,0.31782,47.966,0.28668,73.81475,0.32067,38.45319,0.182065
33602,"Altus","OK",2027,45.6405,0.32594,0.112149529159069,42.226,0.67504,24.277,-0.28448,46.36025,0.32021,44.94175,0.33147,49.5715,0.27338,47.63375,0.30351,43.3935,0.28538,43.36725,0.39953,47.73725,0.26849,46.763,0.33092,46.22225,0.32753,47.5805,0.38406,76.30025,0.33693,40.27456,0.15731
33603,"Frederick","OK",430,45.5925,0.34494,0.0743034034967422,39.6285,0.8857,,,,,,,,,47.362,0.345,44.8575,0.23702,,,48.46025,0.28537,42.86925,0.38117,44.242,0.36324,,,78.22975,0.26727,39.94275,0.211285
33700,"Ardmore","OK",4840,46.1645,0.3487,0.110788233578205,38.6655,0.75046,26.627,-0.30776,46.17575,0.36087,46.14575,0.33767,50.669,0.31504,48.2315,0.3339,44.526,0.32596,44.3965,0.35014,47.46225,0.31929,48.3055,0.32782,47.2145,0.33742,48.13875,0.36615,75.40975,0.32079,37.74169,0.19697
33801,"Elk City","OK",2630,50.9175,0.3509,0.187198892235756,48.62,0.69588,24.76875,-0.28149,49.99175,0.36511,51.928,0.33484,56.01875,0.28275,53.109,0.33308,48.81675,0.27799,48.69225,0.40337,52.512,0.30972,53.77675,0.31591,52.345,0.33232,52.02425,0.33373,77.2015,0.3023,44.38019,0.168655
33802,"Chickasha","OK",3258,45.3625,0.37214,0.115446284413338,39.6245,0.66294,24.4765,-0.2993,45.789,0.347,44.94175,0.39631,49.892,0.3742,47.5545,0.35514,44.11725,0.32353,42.21125,0.30793,47.08375,0.33991,47.11375,0.34643,46.23575,0.35811,48.06675,0.30203,74.236,0.35264,38.94375,0.18934
33803,"Oklahoma City","OK",45411,42.16,0.34232,0.0820752903819084,39.174,0.71712,25.39775,-0.31801,43.2215,0.3435,41.08275,0.34227,45.50725,0.31969,43.98625,0.33233,42.18875,0.30539,40.45325,0.35965,44.231,0.30092,43.68475,0.32319,42.9575,0.33154,46.33675,0.27799,72.1055,0.31566,38.594,0.19044
33901,"Ada","OK",2613,45.46125,0.37797,0.11672942340374,41.59925,0.77309,25.767,-0.29004,46.092,0.41068,44.88325,0.34625,48.865,0.32912,47.49925,0.35793,43.56725,0.32545,43.0805,0.4487,47.314,0.32716,46.427,0.36696,45.957,0.37096,50.40175,0.39675,74.89825,0.37273,38.74619,0.17273
33902,"Sherman","TX",6933,41.58925,0.34445,0.0884798094630241,35.0115,0.75698,28.1795,-0.36186,43.09575,0.34871,40.13425,0.33865,43.48825,0.31917,43.16625,0.32861,41.92325,0.30877,40.46175,0.35039,42.63175,0.32295,43.94275,0.32559,42.785,0.33356,42.367,0.32712,71.37275,0.34275,37.43038,0.182535
34001,"Hot Springs","AR",7367,40.13475,0.36455,0.070756733417511,42.93725,0.68697,26.83075,-0.31145,41.50675,0.36731,38.78975,0.36279,42.729,0.33564,41.68275,0.35487,39.5875,0.33774,38.3515,0.3979,42.1825,0.31574,41.506,0.34848,40.85025,0.35529,41.667,0.34428,69.734,0.37584,37.797,0.16681
34002,"Idabel","OK",4100,43.3355,0.3169,0.0922787189483643,35.85,0.67672,27.70375,-0.29505,43.4475,0.32526,43.228,0.30816,47.7345,0.26566,45.346,0.30916,41.8735,0.3077,41.012,0.35092,45.2085,0.26686,45.34775,0.34547,44.32775,0.32783,44.65725,0.35433,72.656,0.32956,37.31056,0.154345
34101,"Sand Point","AK",,,,,,,,,,,,,,,,,,,,,,,,,,,,,,,,0
34102,"Anchorage","AK",15326,45.46975,0.26795,0.133952975273132,35.654,0.62516,20.21225,-0.20791,46.555,0.27552,44.34425,0.26289,50.0125,0.24918,44.117,0.26924,46.9355,0.23218,44.17675,0.25667,46.6915,0.24934,47.31475,0.22631,46.51975,0.24455,48.18925,0.23953,74.00975,0.23971,37.25975,0.135005
34103,"Valdez","AK",479,45.864,0.28108,0.159999996423721,41.1115,0.59226,,,,,,,,,44.331,0.30184,48.299,0.22944,,,49.3705,0.23522,48.193,0.17468,47.00175,0.22855,47.97825,0.25677,72.601,0.29736,38.39,0.13879
34104,"Bristol Bay","AK",,,,,,,,,,,,,,,,,,,,,,,,,,,,,,,,0
34105,"Kotzebue","AK",283,31.34025,0.35009,0.0645161271095276,17.095,0.39156,,,,,,,,,29.57675,0.37879,34.49925,0.23025,,,,,35.31875,0.26987,33.54425,0.30353,,,51.83725,0.46909,31.6475,0.07329499
34106,"Nome","AK",363,30.67975,0.42947,0.0467836260795593,21.515,0.73824,,,,,,,,,29.389,0.4386,34.005,0.3232,,,,,35.0485,0.33346,33.25825,0.37169,,,53.77175,0.57691,31.45619,0.12474
34107,"Dillingham","AK",265,41.27775,0.26483,0.111842103302479,41.37975,0.55715,,,,,,,,,38.11475,0.29311,40.689,0.27808,,,,,40.21875,0.22419,40.67975,0.24135,,,67.19825,0.33233,40.38856,0.09488
34108,"Kodiak","AK",601,45.727,0.23104,0.146153852343559,35.25025,0.62605,17.15225,-0.15783,49.40525,0.17621,42.99125,0.26589,49.344,0.21476,44.5765,0.23378,46.04375,0.21263,,,43.735,0.27076,47.3615,0.16698,46.618,0.19592,,,78.8465,0.09398,35.86206,0.15436
34109,"Juneau","AK",1602,43.2835,0.27566,0.125,38.101,0.63528,20.488,-0.21672,45.62075,0.25851,40.78325,0.29849,46.7725,0.2935,41.77875,0.27823,44.467,0.2684,42.5455,0.26322,44.2065,0.2617,44.617,0.22152,44.0285,0.2465,,,72.75425,0.25809,37.97581,0.14941
34110,"Sitka","AK",692,41.2385,0.2555,0.0708661451935768,39.43875,0.60679,18.31925,-0.25319,44.48,0.19212,38.8225,0.30226,45.7545,0.28222,40.1,0.26548,42.6915,0.22574,,,40.89275,0.26363,43.70825,0.20177,42.54175,0.22683,,,70.39125,0.24029,37.39268,0.132815
34111,"Ketchikan","AK",950,41.495,0.254,0.122605361044407,29.7265,0.65246,27.667,-0.33212,42.282,0.236,40.685,0.27216,47.008,0.25016,39.9945,0.27142,42.78275,0.23427,,,43.027,0.23652,41.1855,0.2275,41.324,0.24088,,,68.2465,0.28574,36.059,0.114525
34112,"Bethel","AK",892,32.8975,0.30194,0.051863856613636,16.466,0.61372,24.88825,-0.16123,34.00275,0.27567,31.69725,0.32793,37.26725,0.33017,30.546,0.30936,33.1355,0.27942,,,33.629,0.3024,33.02,0.30348,33.011,0.3016,,,57.859,0.2872,28.92119,0.123555
34113,"Barrow","AK",313,31.1665,0.35522,0.100000001490116,9.224751,0.56555,,,,,,,,,30.0285,0.3429,39.48525,0.24149,,,,,37.441,0.26136,35.017,0.29716,,,48.265,0.49724,28.66356,0.08595501
34114,"Unalaska","AK",,,,0.130434781312943,,,,,,,,,,,,,,,,,,,,,39.03675,0.29579,,,,,,0
34115,"Fairbanks","AK",4243,45.55325,0.25957,0.160626843571663,36.9125,0.6185,21.51575,-0.19457,45.58975,0.26987,45.52275,0.24955,51.31175,0.24799,44.18325,0.26501,46.77225,0.21497,43.94175,0.23007,46.8835,0.2399,48.3205,0.2099,47.1435,0.23042,50.98075,0.18019,75.154,0.24364,37.43069,0.13578
34201,"Havre","MT",1298,43.0255,0.3999,0.0821484997868538,42.92925,0.72501,21.7405,-0.26022,43.582,0.41264,42.5145,0.38702,46.2535,0.37246,43.46,0.39868,41.333,0.3458,36.925,0.43192,47.992,0.29024,42.8005,0.40046,42.90175,0.39991,49.09775,0.29987,70.0565,0.46086,41.02087,0.1284
34202,"Shelby","MT",1246,40.38375,0.42491,0.0475059375166893,37.28775,0.75159,23.14125,-0.27847,40.433,0.39964,40.3335,0.4493,44.6755,0.4367,40.84825,0.41721,37.45825,0.39533,36.4035,0.4401,44.7345,0.32486,37.4545,0.44042,38.806,0.436,52.948,0.23228,65.65725,0.59713,39.18819,0.13183
34203,"Great Falls","MT",3950,47.07475,0.25431,0.0963597446680069,46.17325,0.60785,18.6265,-0.24426,48.09675,0.26827,46.0055,0.24562,50.477,0.22612,47.32025,0.25081,46.8775,0.20554,45.643,0.23756,47.90125,0.23833,46.46425,0.26745,46.771,0.26056,47.07475,0.25431,78.1125,0.24866,40.319,0.143785
34204,"Lewistown","MT",606,50.31625,0.25293,0.171641796827316,55.56525,0.50321,13.733,-0.19064,52.745,0.25488,48.094,0.23252,52.2765,0.19382,51.08225,0.25561,48.525,0.24116,,,53.358,0.17084,53.28025,0.19761,51.75325,0.22521,49.88,0.26368,81.50999,0.218,46.135,0.10871
34301,"Cody","WY",1777,52.65875,0.20135,0.147403687238693,49.17775,0.54943,16.816,-0.19812,51.34275,0.23167,53.998,0.16924,58.778,0.14688,53.24975,0.20367,51.8355,0.1779,47.68675,0.03543,54.32225,0.17433,53.5395,0.17758,53.0965,0.18902,52.62725,0.20557,84.13775,0.13887,38.95881,0.13925
34302,"Worland","WY",663,50.44075,0.28959,0.130653262138367,41.35075,0.69903,25.34325,-0.29395,49.44925,0.30117,51.249,0.282,55.7885,0.24686,51.36,0.28592,48.855,0.26532,,,51.968,0.2472,53.9405,0.24282,52.11525,0.26721,50.54375,0.28727,77.3975,0.37282,39.49844,0.1616
34303,"Riverton","WY",1789,46.435,0.33788,0.124318428337574,47.098,0.61316,24.4875,-0.30186,46.62175,0.29899,46.226,0.3782,50.9315,0.33614,47.6165,0.32498,44.5225,0.30366,43.9545,0.38026,48.8675,0.2795,46.229,0.36384,46.341,0.3502,,,73.083,0.33984,39.78131,0.15759
34304,"Sheridan","WY",2059,45.09575,0.33171,0.104493208229542,41.52375,0.68963,20.8475,-0.22626,44.98075,0.37079,45.2385,0.29206,49.96125,0.28237,45.9675,0.32362,43.7595,0.3093,41.3945,0.3431,48.5215,0.26078,43.925,0.31864,44.48075,0.32583,52.28325,0.21229,70.891,0.36416,39.42381,0.17006
34305,"Miles City","MT",625,51.15875,0.22615,0.179282873868942,39.533,0.53104,16.25825,-0.21231,48.8575,0.21134,53.4635,0.24138,58.0355,0.21722,50.93275,0.23219,49.23,0.22136,,,52.29475,0.19543,53.49125,0.21297,52.2925,0.21778,51.15875,0.22615,84.15125,0.15833,39.06738,0.113825
34306,"Jordan","MT",,,,,,,,,,,,,,,,,,,,,,,,,,,,,,,,0
34307,"Colstrip","MT",662,44.018,0.33744,0.0888888910412788,41.791,0.68124,18.507,-0.23696,46.556,0.27536,41.5875,0.39338,47.158,0.38976,44.62375,0.34695,42.618,0.29668,,,48.25175,0.26427,39.221,0.44576,41.298,0.40044,54.474,0.17368,71.2525,0.39238,39.861,0.135635
34308,"Billings","MT",6223,47.975,0.25052,0.130519166588783,42.40975,0.62287,19.4385,-0.22902,48.1695,0.25566,47.766,0.24548,51.94275,0.23759,48.53675,0.24315,47.80475,0.21655,46.038,0.18876,49.15425,0.23365,49.10825,0.21093,48.552,0.23,47.975,0.25052,79.00375,0.21171,39.58431,0.14368
34309,"Harlowton","MT",,,,0.200000002980232,,,,,,,,,,,,,,,,,,,,,53.83625,0.14937,,,,,,0
34401,"Dillon","MT",418,51.22725,0.12069,0.116883113980293,57.081,0.53148,,,,,,,,,51.31,0.1356,50.00675,0.13671,,,52.6045,0.09318,48.8785,0.20126,50.0825,0.16018,50.97475,0.12707,84.1115,0.07678,42.98869,0.106125
34402,"Bozeman","MT",3232,47.36675,0.19199,0.125968992710114,48.81425,0.52633,12.8335,-0.16838,48.9205,0.19478,45.8445,0.18794,50.3645,0.1693,47.33375,0.19611,46.63725,0.20077,43.6275,0.20598,49.31225,0.15297,48.315,0.18168,47.84675,0.18683,47.33825,0.19217,79.88025,0.14293,43.78331,0.13598
34403,"Helena","MT",3077,45.64675,0.27163,0.119741097092628,35.129,0.70436,17.554,-0.23624,45.71475,0.31847,45.50925,0.22785,49.166,0.21696,45.8555,0.26846,45.22925,0.24593,44.527,0.26668,46.42875,0.25699,46.4695,0.21798,46.0685,0.2439,45.69975,0.27043,77.0095,0.2557,37.38969,0.15437
34404,"Butte-Silver Bow","MT",2086,47.104,0.30048,0.0893665179610252,45.08275,0.68503,18.7205,-0.26042,48.23675,0.32163,46.0325,0.27682,49.62275,0.27023,47.482,0.2946,46.31475,0.26891,44.58075,0.23431,48.46725,0.27729,46.94975,0.27287,47.01175,0.28671,47.14075,0.30115,77.42599,0.2818,43.89094,0.17788
34501,"Bonners Ferry","ID",458,46.2025,0.2089,0.099137932062149,35.5185,0.61426,,,,,,,,,47.08575,0.20335,46.53275,0.15303,,,46.92025,0.19233,46.0165,0.26134,46.1335,0.23642,46.2025,0.2089,75.14725,0.36213,34.6225,0.133875
34502,"Libby","MT",897,47.7105,0.18742,0.130260527133942,41.05025,0.62677,19.4455,-0.16666,49.1095,0.2063,46.29975,0.16179,52.158,0.1406,48.36475,0.18035,46.71225,0.20861,,,48.35375,0.17007,47.08225,0.27713,47.395,0.2314,47.7105,0.18742,76.98075,0.19027,36.98912,0.150015
34503,"Kalispell","MT",4902,44.6015,0.23994,0.110841423273087,42.12575,0.59511,18.40325,-0.22599,45.533,0.23468,43.73425,0.24489,48.697,0.22664,44.868,0.23544,44.38725,0.22761,41.406,0.24136,46.42125,0.20169,46.506,0.20096,45.61775,0.21867,45.54325,0.22093,75.2205,0.25862,38.63375,0.14044
34504,"Missoula","MT",5159,45.63475,0.21591,0.105627305805683,44.96,0.57412,17.04375,-0.20609,46.423,0.20816,44.87225,0.22337,49.0385,0.2095,46.17525,0.20305,45.49075,0.19843,43.11325,0.21065,47.202,0.18636,45.278,0.21456,45.45175,0.21515,45.60575,0.21647,77.071,0.18372,40.3985,0.12832
34601,"Gillette","WY",2583,55.507,0.21844,0.264184385538101,49.16825,0.49161,20.9895,-0.20822,55.86775,0.21067,55.14275,0.22643,59.74275,0.21495,56.29275,0.21643,55.51475,0.18843,52.97925,0.16093,57.06175,0.19495,56.8945,0.20758,56.248,0.2116,55.376,0.22036,82.652,0.17356,41.56937,0.117205
34602,"Rawlins","WY",758,49.41725,0.25181,0.193415641784668,42.652,0.69556,26.5605,-0.35058,49.60025,0.19765,49.0945,0.3197,53.97675,0.32599,50.4845,0.23802,46.23025,0.30365,,,49.7675,0.23966,50.94275,0.27759,50.25225,0.26101,50.15875,0.16331,77.9645,0.26222,41.95512,0.134245
34603,"Casper","WY",3629,50.33625,0.29281,0.166268900036812,39.70175,0.76607,24.23875,-0.30817,48.4485,0.3367,52.33575,0.24599,57.62625,0.18697,51.29175,0.28867,48.8515,0.26322,49.1225,0.32222,51.7455,0.2623,53.5725,0.21474,52.00025,0.25221,50.309,0.29368,78.7035,0.25254,38.7945,0.17701
34604,"Lusk","WY",,,,,,,,,,,,,,,,,,,,,,,,,,,,,,,,0
34701,"Honolulu","HI",27530,44.83,0.23172,0.105292603373528,50.3595,0.55918,17.806,-0.1794,46.3475,0.2437,43.262,0.22144,49.62725,0.22177,40.1165,0.22778,45.711,0.1976,44.34975,0.19851,45.12075,0.22983,44.904,0.20452,44.87325,0.21761,,,76.13475,0.19131,42.10719,0.153675
34702,"Kapaa","HI",2279,43.57775,0.25935,0.099307157099247,46.81175,0.63099,17.56775,-0.16681,46.6415,0.26054,40.679,0.25568,46.68725,0.26197,39.1565,0.2489,44.2035,0.21194,42.7445,0.26386,44.32725,0.24409,44.28675,0.23103,43.953,0.24404,,,74.3535,0.30502,40.6225,0.160845
34703,"Kahului","HI",4248,42.15075,0.23275,0.0848938822746277,48.32975,0.52799,20.30425,-0.20227,44.03625,0.24233,40.3095,0.21922,46.435,0.23208,37.45,0.24232,43.2685,0.20106,41.07025,0.25769,43.3305,0.20782,41.9295,0.22486,42.0425,0.22826,,,72.4735,0.24822,39.73469,0.15054
34801,"Las Vegas","NM",1982,41.96175,0.26763,0.0858484208583832,60.37125,0.49997,24.60075,-0.27809,43.40625,0.31893,40.5955,0.23522,46.0995,0.20566,42.5935,0.27138,40.9705,0.21874,40.2645,0.2583,43.62975,0.22947,42.23775,0.25411,42.09775,0.26051,,,73.8555,0.29114,41.79794,0.13841
34802,"Santa Fe","NM",8021,40.07475,0.26711,0.0803233161568642,45.191,0.62344,23.9645,-0.27458,41.885,0.26364,38.298,0.2712,44.07175,0.25247,40.16425,0.26265,39.67475,0.26399,38.21825,0.24225,42.02075,0.23759,41.05075,0.21087,40.5915,0.23786,49.55825,0.18649,69.82,0.25428,38.63813,0.15121
34803,"Tucumcari","NM",489,43.63525,0.26373,0.0730337053537369,43.46525,0.64801,,,,,,,,,44.8265,0.25226,42.09825,0.25229,,,46.01775,0.24391,42.76,0.3076,43.1965,0.28502,,,74.868,0.34036,37.75144,0.17574
34804,"Clayton","NM",,,,0.122302159667015,,,,,,,,,,,,,,,,,,,,,48.4915,0.36882,,,,,,0
34805,"Alamosa","CO",2056,45.211,0.28628,0.0988679230213165,53.85,0.49644,27.727,-0.35204,46.41875,0.30431,44.078,0.27252,48.52175,0.25251,46.2335,0.28226,43.839,0.2704,42.761,0.31628,47.08675,0.24031,45.81675,0.28111,45.492,0.28368,,,76.34175,0.29299,40.13243,0.12161
34901,"Albuquerque","NM",27264,39.25025,0.31541,0.0659846141934395,49.2595,0.59446,26.9395,-0.3271,40.70725,0.32529,37.7635,0.30642,43.347,0.28816,39.795,0.30548,39.56125,0.28541,38.12575,0.29055,40.43725,0.29729,40.28575,0.27171,39.79675,0.29231,42.79475,0.30335,69.49025,0.30041,38.859,0.14
34902,"Socorro","NM",750,41.2165,0.2765,0.0521172620356083,47.85875,0.57571,29.51925,-0.28463,42.35975,0.27647,40.27475,0.26971,46.31175,0.25871,41.899,0.2946,39.7745,0.2697,,,43.499,0.2574,40.663,0.32592,40.93075,0.30115,,,72.5105,0.28122,37.12106,0.135955
35001,"Phoenix","AZ",99240,40.2865,0.2937,0.075277291238308,35.73925,0.71293,27.496,-0.31576,42.05375,0.30055,38.514,0.28756,43.932,0.27112,40.621,0.28656,42.1725,0.25374,38.942,0.26668,41.85,0.27008,41.8205,0.27214,41.121,0.28144,44.14325,0.24693,70.5635,0.2709,36.36856,0.165165
35002,"Safford","AZ",1801,44.6755,0.30918,0.110591903328896,28.584,0.57844,28.91825,-0.25463,44.07675,0.32667,45.32925,0.29065,51.893,0.29264,45.52,0.29396,45.025,0.24992,41.1595,0.16422,46.284,0.28784,44.005,0.3668,44.31675,0.33815,,,73.06275,0.31463,32.79119,0.08094501
35100,"Tucson","AZ",32250,39.88975,0.29027,0.0705499947071075,41.43675,0.62787,25.36175,-0.29785,41.32,0.30328,38.46925,0.27809,44.10275,0.26483,40.2625,0.27782,40.342,0.25632,38.3975,0.28538,41.37275,0.26319,41.16975,0.25375,40.578,0.27044,45.9185,0.21982,71.18675,0.25655,37.8195,0.164285
35201,"Grand Junction","CO",7240,47.06675,0.24695,0.146367147564888,38.46325,0.62469,21.59575,-0.19729,47.61975,0.24139,46.54725,0.25185,51.09025,0.21793,48.04925,0.23749,47.48475,0.20871,44.92025,0.23037,48.5265,0.2195,49.242,0.20912,48.2075,0.22638,47.2505,0.23954,76.45625,0.24765,37.15988,0.145765
35202,"Gunnison","CO",372,49.56725,0.12165,0.106194689869881,60.69775,0.45087,,,,,,,,,49.65925,0.11141,49.17625,0.14909,,,48.5825,0.1079,48.12175,0.25967,48.97775,0.19035,50.109,0.11232,81.547,0.0984,46.81462,0.13135
35300,"Farmington","NM",8304,41.70875,0.29367,0.0914475247263908,41.09875,0.61071,22.09825,-0.18259,42.432,0.31552,40.99,0.27232,46.885,0.2446,42.53875,0.28595,41.07525,0.26741,39.86825,0.28677,43.35275,0.26267,41.902,0.28448,41.8105,0.28866,46.4595,0.19422,69.275,0.31472,36.71206,0.123315
35401,"Flagstaff","AZ",10115,41.59775,0.25695,0.0814509093761444,40.1995,0.60902,22.98175,-0.23489,42.83175,0.25767,40.419,0.25464,45.1725,0.25038,41.67475,0.25523,42.18375,0.22103,39.7055,0.2391,43.074,0.23032,42.27175,0.25571,41.95875,0.25559,43.42625,0.24149,71.17575,0.27111,37.28538,0.151675
35402,"Cortez","CO",1649,45.98625,0.22289,0.12678062915802,40.2545,0.62094,21.113,-0.24716,45.9555,0.21278,46.008,0.2336,50.0845,0.23626,46.998,0.21528,45.0855,0.21762,41.37425,0.19705,48.619,0.16892,47.706,0.2258,46.87875,0.22271,49.5395,0.1457,76.3095,0.21226,34.93488,0.119715
35500,"Gallup","AZ",12998,34.088,0.3028,0.0410613976418972,40.6305,0.57218,23.74575,-0.20049,35.9055,0.29754,32.23375,0.30703,37.621,0.30644,34.5745,0.29586,33.40875,0.27039,32.6595,0.22798,34.82725,0.30065,34.35975,0.31435,34.23825,0.30781,44.59475,0.24131,61.94725,0.37093,35.955,0.103765
35600,"Hilo","HI",5567,40.14925,0.25425,0.0682675838470459,46.043,0.54224,19.905,-0.1776,41.01275,0.26867,39.30975,0.23767,45.25025,0.23477,36.78525,0.24633,40.35475,0.22667,40.036,0.25988,40.264,0.2514,41.8155,0.23162,41.05075,0.24075,,,69.72926,0.28013,39.85944,0.14971
35701,"Twin Falls","ID",5283,45.4935,0.23234,0.0871191844344139,46.051,0.59716,24.4705,-0.2775,46.65725,0.24277,44.4325,0.22166,48.90575,0.21903,46.8275,0.22402,46.03,0.19188,42.16525,0.26737,47.656,0.18512,47.38675,0.20143,46.4705,0.21542,45.2875,0.23366,77.97875,0.19023,36.34143,0.104765
35702,"Burley","ID",2383,48.723,0.27004,0.113892368972301,43.9625,0.65406,25.9905,-0.30794,49.1685,0.24658,48.2535,0.29262,53.47525,0.29221,50.47475,0.26575,47.5665,0.26394,44.939,0.37604,50.97875,0.21211,49.3725,0.2757,49.045,0.27196,56.141,0.08084,81.39875,0.22999,34.69131,0.03555499
35801,"Boise City","ID",19052,42.66275,0.25879,0.0739204213023186,34.9055,0.66362,23.4105,-0.27618,43.957,0.26688,41.39325,0.25073,45.7125,0.23658,43.98175,0.25083,43.9885,0.22442,41.1605,0.22734,43.66325,0.24373,43.35275,0.23943,43.0285,0.24846,43.15975,0.25199,74.8995,0.23374,34.71325,0.10748
35802,"Ontario","OR",2571,44.18175,0.27043,0.0844841599464417,46.4425,0.60914,21.332,-0.20484,45.16275,0.25195,43.131,0.291,47.7115,0.25922,45.28825,0.27049,43.13425,0.26697,40.55875,0.14203,45.58,0.24796,44.17775,0.30023,44.1985,0.28434,45.1805,0.27482,75.6375,0.26438,37.20981,0.078465
35803,"McCall","ID",598,44.324,0.23484,0.124031007289886,49.56425,0.50893,15.791,-0.14208,47.82775,0.19243,40.95025,0.27813,46.596,0.26068,45.0725,0.22634,43.9675,0.21866,,,43.785,0.24596,44.826,0.2054,44.547,0.22056,44.324,0.23484,74.44275,0.24451,40.87675,0.1043
35901,"St. George","UT",5924,46.24925,0.23685,0.108483292162418,46.26175,0.54175,20.92425,-0.24191,47.6835,0.25266,44.90075,0.22055,49.29175,0.21767,47.0335,0.23902,46.62625,0.22093,42.46575,0.21003,47.846,0.20636,48.2035,0.19902,47.254,0.21656,46.535,0.23216,77.85675,0.21559,33.80544,0.03940502
35902,"Price","UT",3238,50.046,0.25512,0.137343928217888,44.8005,0.58642,22.34075,-0.25393,49.683,0.27216,50.3985,0.23914,55.66925,0.26425,51.40325,0.24953,50.55575,0.21459,48.066,0.26948,50.9765,0.23566,50.73375,0.26731,50.4185,0.25894,50.19875,0.25439,79.31975,0.23807,32.385,0.058265
35903,"Moab","UT",361,46.07325,0.33889,0.117977529764175,37.1875,0.72054,,,,,,,,,46.93275,0.32675,46.08225,0.25253,,,49.5585,0.23002,51.271,0.1648,48.738,0.24752,46.07325,0.33889,77.4435,0.22722,33.1065,0.093615
35904,"Richfield","UT",1481,50.96325,0.25449,0.128603100776672,37.597,0.714,22.8535,-0.26102,49.2045,0.29922,52.66875,0.20963,58.36775,0.18483,52.31325,0.25233,50.3925,0.23098,,,52.8425,0.20666,52.007,0.22164,51.44175,0.23899,51.00625,0.24993,83.2425,0.20914,30.79187,0.069585
35905,"Loa","UT",,,,0.209677413105965,,,,,,,,,,,,,,,,,,,,,55.669,0.06616,,,,,,0
36000,"Provo","UT",18191,49.30675,0.18343,0.137511998414993,43.80725,0.49521,18.23,-0.1982,49.78525,0.20053,48.8525,0.16706,53.45225,0.16201,50.5575,0.18506,50.36525,0.16021,45.34075,0.19915,50.94425,0.15321,50.58475,0.15903,49.95125,0.17085,49.76075,0.17575,80.272,0.14648,32.47269,0.012135
36100,"Salt Lake City","UT",69168,46.1525,0.26386,0.108327426016331,38.22075,0.60783,21.666,-0.25436,47.21525,0.26741,45.10075,0.26067,49.88975,0.25383,47.20125,0.26461,47.97375,0.22139,43.81575,0.26235,48.02275,0.23055,47.93675,0.23127,47.071,0.24668,48.205,0.2314,77.2725,0.22974,33.7235,0.05801499
36200,"Logan","UT",7852,50.52225,0.18865,0.136909529566765,36.29975,0.54975,18.893,-0.2124,51.80325,0.18045,49.3165,0.19586,53.7825,0.1963,51.7885,0.19178,51.39725,0.15809,46.22325,0.21073,52.13925,0.15605,52.553,0.16612,51.558,0.17648,50.47725,0.18961,84.24525,0.13145,32.38119,0.04054501
36301,"Pocatello","ID",14478,46.37075,0.23619,0.0925086662173271,39.967,0.59284,20.65475,-0.22045,47.34275,0.24223,45.41075,0.23187,50.205,0.23072,47.802,0.2306,46.62975,0.20967,42.40075,0.24115,48.225,0.19916,47.52375,0.20995,46.95025,0.22253,46.79375,0.22615,78.47375,0.21543,32.1575,0.055545
36302,"Salmon","ID",512,48.43925,0.20513,0.154929578304291,45.219,0.43548,20.27825,-0.21439,49.5425,0.16186,47.42475,0.24639,51.14525,0.22761,49.4255,0.20778,46.33925,0.24305,,,49.2435,0.19494,51.58375,0.12419,49.9215,0.1671,48.4495,0.21054,78.0365,0.22702,35.73537,0.10798
36303,"Jackson","WY",754,50.3535,0.14978,0.113924048841,46.47875,0.56903,19.0655,-0.28154,51.94075,0.14935,48.775,0.14952,53.83175,0.13619,51.0555,0.13086,52.541,0.10468,,,50.06825,0.15317,49.5135,0.16802,49.9345,0.15898,49.934,0.16056,81.31525,0.11693,37.65319,0.145195
36401,"Steamboat Springs","CO",1720,51.55075,0.17895,0.158904105424881,56.38025,0.50113,22.07875,-0.28321,51.78175,0.19375,51.3605,0.16446,55.1445,0.16046,52.346,0.1712,50.93575,0.19163,49.40175,0.15795,53.2425,0.15114,52.986,0.16,52.24575,0.16979,51.122,0.23416,81.24925,0.12613,40.92644,0.13201
36402,"Vernal","UT",2460,56.55375,0.23467,0.253378391265869,31.74175,0.52875,25.4475,-0.25594,54.26325,0.25297,58.71525,0.21797,64.4495,0.19966,58.0345,0.23354,54.3585,0.23214,50.29625,0.30413,59.21075,0.17335,55.92825,0.26865,56.2465,0.2509,59.15675,0.18051,81.8,0.23008,32.11831,0.040305
36403,"Soda Springs","ID",864,53.61475,0.14863,0.176991149783134,43.466,0.38428,17.6605,-0.17666,53.64175,0.13151,53.60725,0.16541,59.52775,0.15235,55.062,0.15772,51.2915,0.2083,,,54.748,0.12196,56.708,0.16064,55.1555,0.15342,53.46,0.1496,88.1165,0.05314,32.47881,0.05675998
36404,"Rock Springs","WY",5080,52.637,0.22408,0.205394193530083,42.91075,0.51455,23.883,-0.21916,51.02325,0.24029,54.26125,0.20745,60.44675,0.18351,53.8745,0.21506,51.98025,0.21789,49.789,0.2864,54.72325,0.18021,54.16925,0.22021,53.41925,0.22061,52.61275,0.22427,80.68,0.19268,36.42612,0.104875
36501,"Klamath Falls","CA",5914,43.292,0.29404,0.0856175944209099,50.0975,0.5281,19.39675,-0.19741,44.25625,0.27113,42.33175,0.31711,47.40975,0.28959,42.3925,0.29102,43.2665,0.26462,41.12075,0.28259,44.809,0.26468,43.08725,0.30293,43.18775,0.29819,43.216,0.2854,72.38625,0.27157,39.60494,0.13834
36502,"Burns","OR",329,43.968,0.19308,0.13939394056797,39.95925,0.57361,,,,,,,,,44.53475,0.18835,41.985,0.26028,,,48.17575,0.06539,46.57875,0.22579,45.264,0.21064,43.4905,0.21006,71.60775,0.19667,39.01856,0.13301
36503,"Lakeview","OR",343,47.887,0.34008,0.10982658714056,47.6665,0.7121,,,,,,,,,47.88325,0.35769,45.9295,0.36294,,,47.02125,0.34349,43.63275,0.36999,45.56325,0.36181,47.887,0.34008,76.0395,0.35486,42.39594,0.17186
36600,"Redding","CA",8451,41.80125,0.31305,0.088071346282959,24.256,0.54796,20.7305,-0.26914,43.4155,0.31038,40.14225,0.31797,45.17725,0.29785,40.7055,0.29582,42.0715,0.27466,40.51925,0.32473,42.87575,0.29059,41.408,0.26952,41.595,0.29088,41.99375,0.31199,69.50375,0.33047,33.17781,0.125635
36700,"Eureka","CA",5066,39.31625,0.30125,0.0757927298545837,43.1185,0.5909,14.5835,-0.16102,41.0205,0.3089,37.67225,0.29301,42.4895,0.28682,38.16425,0.28533,39.50625,0.27057,37.7705,0.24286,40.278,0.28896,39.40825,0.27765,39.3675,0.2893,40.08725,0.27721,66.55975,0.34979,38.149,0.14873
36800,"Medford","OR",9411,40.8145,0.27122,0.0719680115580559,43.06075,0.59771,18.11025,-0.19223,43.06525,0.26349,38.6395,0.2771,43.24175,0.26471,40.34675,0.26503,41.284,0.23092,39.2345,0.2475,41.939,0.25192,40.69575,0.25483,40.75,0.26284,40.8145,0.27122,70.15874,0.28851,38.33119,0.14464
36901,"Crescent City","CA",1749,39.5395,0.28298,0.0834224596619606,37.0905,0.5693,20.0935,-0.1579,42.173,0.24596,37.067,0.318,42.36425,0.30005,39.203,0.25964,40.423,0.20972,39,0.3556,40.5905,0.25042,40.46775,0.26195,40.04375,0.27103,40.933,0.28072,67.03875,0.30739,35.99393,0.123125
36902,"Roseburg","OR",6634,40.77325,0.29353,0.0819778814911842,36.304,0.64328,20.58225,-0.22803,41.59225,0.31437,39.938,0.27236,45.3545,0.24706,40.711,0.28488,40.7695,0.26666,39.54225,0.29049,41.58475,0.27683,40.9655,0.26686,40.87125,0.28009,40.85725,0.29005,70.414,0.30308,35.68069,0.142435
37000,"Modesto","CA",27040,42.3645,0.26062,0.0936282724142075,43.824,0.6452,20.66525,-0.22479,44.3555,0.25666,40.3575,0.26414,45.771,0.25636,40.692,0.2494,42.59725,0.23721,39.906,0.25152,44.305,0.22504,42.65125,0.22949,42.52375,0.24427,44.8925,0.2281,70.584,0.2534,38.43488,0.14771
37100,"Bakersfield","CA",25043,45.296,0.25608,0.121619716286659,49.8215,0.5361,27.242,-0.29668,45.30925,0.27005,45.28275,0.24267,52.498,0.20724,44.46125,0.24125,44.982,0.23092,43.563,0.24256,47.055,0.22488,45.47125,0.24141,45.39975,0.24819,45.376,0.26648,74.895,0.20772,40.20013,0.143805
37200,"Fresno","CA",51670,41.33875,0.29471,0.0748793706297874,49.33625,0.59417,26.0305,-0.32094,43.06875,0.30315,39.6145,0.28842,45.36575,0.26411,40.529,0.27664,41.18925,0.25653,39.247,0.2946,43.395,0.25548,41.6695,0.25694,41.527,0.27488,44.7665,0.22098,71.29025,0.25573,38.67413,0.15423
37300,"Chico","CA",13628,42.83625,0.26829,0.0948425978422165,53.20225,0.54469,18.26475,-0.21817,44.7985,0.28318,40.89575,0.25227,45.737,0.25144,41.61275,0.25243,42.7015,0.23674,40.622,0.231,44.1945,0.24658,42.5385,0.2417,42.682,0.25448,41.85975,0.29355,71.33625,0.24089,40.59256,0.144775
37400,"Sacramento","CA",85946,42.65525,0.25729,0.0969090089201927,43.3375,0.65902,18.78025,-0.21519,45.2695,0.25526,40.00675,0.26123,45.281,0.25548,40.37725,0.25125,43.60475,0.23075,40.03575,0.26383,45.43175,0.21027,42.468,0.2322,42.5615,0.24422,44.6005,0.23954,71.34125,0.23941,39.85162,0.168775
37500,"San Jose","CA",69290,44.7465,0.23546,0.12932588160038,57.233,0.47616,19.83825,-0.22579,47.42425,0.23053,41.96225,0.24273,48.4575,0.22278,40.315,0.2398,47.25275,0.19855,42.1,0.20476,47.67025,0.19617,44.54925,0.19241,44.64,0.21276,44.32,0.2216,73.51825,0.18381,46.47844,0.14814
37601,"Elko","NV",3001,46.92525,0.25877,0.160294115543365,39.0845,0.58182,25.05125,-0.23071,46.08875,0.28219,47.79725,0.23493,54.03175,0.22407,47.48825,0.25589,48.692,0.1992,45.33475,0.17267,48.2735,0.24334,49.15675,0.27015,48.15125,0.26193,50.742,0.19888,76.85201,0.20008,35.92125,0.115135
37602,"Winnemucca","NV",1003,47.21575,0.27667,0.169550180435181,35.07175,0.63687,28.394,-0.28196,46.13475,0.24859,48.20475,0.30495,54.2175,0.3031,47.39275,0.28135,49.221,0.19812,44.601,0.1798,49.621,0.24136,46.865,0.27668,47.0335,0.2767,,,74.762,0.28356,35.65112,0.12624
37603,"Portola","CA",911,44.582,0.25116,0.117647059261799,60.69,0.45484,12.91525,-0.12435,46.1465,0.26386,43.07325,0.24049,47.61575,0.23843,43.16825,0.23641,45.35525,0.22145,,,45.9265,0.21962,45.59725,0.21773,45.1295,0.23302,44.554,0.25288,72.67525,0.24537,42.88306,0.145845
37604,"Reno","NV",14186,41.37575,0.27695,0.0910304933786392,40.96275,0.64987,23.70375,-0.28221,42.441,0.29388,40.288,0.26128,45.9245,0.23958,40.71775,0.27323,43.42,0.23056,40.7555,0.2565,42.1385,0.26646,43.201,0.22812,42.36675,0.25055,42.568,0.26804,71.1515,0.26082,38.50519,0.142895
37700,"Santa Rosa","CA",19909,42.29,0.24784,0.0995508953928947,54.43775,0.51695,16.4515,-0.19542,44.877,0.2432,39.74525,0.25345,45.0605,0.2515,39.33575,0.23787,43.8415,0.22186,41.3515,0.23466,43.28475,0.23279,42.67025,0.22105,42.4975,0.23374,42.78575,0.24947,69.8055,0.2345,39.73838,0.137045
37800,"San Francisco","CA",127023,44.36425,0.25005,0.12152586877346,60.015,0.43732,16.55975,-0.18813,47.24725,0.23829,41.392,0.26412,47.19775,0.25963,40.16975,0.25255,46.74975,0.20799,41.2705,0.21482,48.284,0.1952,43.55,0.2164,43.93075,0.23239,47.475,0.21048,72.53975,0.20427,48.19062,0.14772
37901,"Las Vegas","NV",41902,40.03825,0.25905,0.0800290107727051,38.918,0.55648,25.96075,-0.25793,41.89125,0.25345,38.1645,0.26558,44.02475,0.26015,40.0185,0.25546,41.48075,0.22787,38.61525,0.24365,42.05225,0.22593,41.679,0.23976,40.9375,0.24782,41.882,0.25692,71.05575,0.24339,37.34569,0.112025
37902,"Reno","NV",,,,0.109756097197533,,,,,,,,,,,,,,,,,,,,,40.67625,0.38205,,,,,,0
37903,"Mammoth Lakes","CA",1048,44.95075,0.29231,0.115942031145096,55.3635,0.50774,15.88975,-0.11065,46.1685,0.29782,43.74575,0.28867,49.52525,0.26753,43.289,0.30688,45.70825,0.23081,42.21675,0.21727,47.74625,0.24429,47.7685,0.2205,46.50375,0.25235,,,74.60851,0.2411,42.26438,0.144665
38000,"San Diego","CA",82253,44.27025,0.23677,0.10436475276947,51.2615,0.5751,17.739,-0.21152,46.71675,0.24147,41.78475,0.23419,47.7185,0.2195,40.84175,0.23683,45.283,0.19616,42.484,0.20808,45.8875,0.21338,44.087,0.20264,44.17475,0.21899,46.171,0.21708,74.25875,0.19131,41.02181,0.16841
38100,"Yuma","CA",11495,44.0365,0.23006,0.0982132256031036,43.5565,0.58734,24.58725,-0.22835,45.18175,0.24031,42.859,0.22176,49.49375,0.19671,43.1415,0.22346,43.41625,0.21265,41.88175,0.20387,45.1625,0.2117,44.8165,0.20722,44.4485,0.21778,,,75.82275,0.18095,37.62387,0.148065
38200,"Santa Barbara","CA",19020,44.71125,0.21525,0.112940832972527,42.8765,0.58422,17.9495,-0.21062,46.87875,0.21351,42.57925,0.21637,48.1305,0.20126,40.7005,0.21582,45.4185,0.1905,42.31375,0.18459,46.65425,0.18593,45.243,0.17348,44.99325,0.19341,45.49725,0.18461,74.05624,0.18897,40.70044,0.165085
38300,"Los Angeles","CA",473226,43.37825,0.23105,0.096090205013752,53.93275,0.51519,19.90775,-0.22377,45.84,0.22832,40.8375,0.2359,47.09975,0.22563,39.132,0.24152,44.10525,0.20709,40.43725,0.20949,46.27,0.1868,42.96575,0.19743,43.1585,0.21342,46.34825,0.21581,73.8025,0.17574,43.9355,0.15461
38401,"Lewiston","ID",3719,44.97975,0.27979,0.0902097895741463,40.027,0.65716,21.66975,-0.21833,45.68025,0.30005,44.31225,0.25897,48.66825,0.23061,45.69175,0.27707,43.79925,0.29405,41.4025,0.25306,47.112,0.24068,45.6395,0.25726,45.312,0.26828,45.40875,0.27439,74.71325,0.28617,36.69831,0.13762
38402,"Pullman","WA",2260,48.2165,0.2543,0.142361104488373,55.81775,0.53635,11.347,-0.14236,49.935,0.2444,46.42925,0.26469,50.04475,0.24827,48.74675,0.23951,47.7835,0.22486,45.5045,0.22998,49.64575,0.22939,49.19,0.16828,48.65525,0.21125,48.291,0.25192,78.0255,0.20494,47.0615,0.15279
38501,"Moses Lake","WA",3696,45.13625,0.31021,0.0965794771909714,32.64675,0.80071,26.575,-0.3132,45.42125,0.30277,44.84925,0.31769,49.98975,0.29595,45.9905,0.29558,45.04525,0.26709,42.1755,0.27858,47.02675,0.27451,46.71325,0.29281,45.988,0.3,46.23,0.3244,76.506,0.24144,35.47169,0.151415
38502,"Wenatchee","WA",3859,44.95325,0.26601,0.0935460478067398,35.43275,0.81023,22.33125,-0.28587,46.23125,0.29325,43.70975,0.23779,48.41625,0.22825,45.09975,0.25703,44.94275,0.25087,43.1905,0.40822,47.1535,0.21162,45.666,0.2328,45.338,0.24852,45.3075,0.27746,74.65675,0.25363,37.2365,0.18662
38601,"Spokane","WA",24519,43.08425,0.28741,0.0928014889359474,36.329,0.728,19.6615,-0.2291,44.3095,0.29182,41.91125,0.28337,46.39675,0.26887,43.56875,0.27759,43.45275,0.25807,41.23,0.27168,44.454,0.26324,43.96225,0.26681,43.5435,0.27642,43.096,0.28672,72.80425,0.28149,35.79469,0.169915
38602,"Colville","WA",3771,42.31525,0.29629,0.0975247547030449,35.1075,0.7123,18.78525,-0.21551,42.59075,0.29859,42.052,0.2942,47.3025,0.2779,42.55875,0.29139,41.60525,0.28145,38.25025,0.17485,44.52125,0.26465,44.2665,0.26478,43.3255,0.27846,44.278,0.2718,71.73475,0.30019,36.68869,0.166845
38700,"Longview","WA",9140,41.165,0.32132,0.0927726700901985,34.402,0.68272,19.8185,-0.19986,42.6885,0.30846,39.70375,0.33303,44.8595,0.3269,41.216,0.30656,41.9365,0.28286,39.556,0.27836,42.234,0.30616,42.046,0.28756,41.6215,0.30382,41.371,0.31672,68.69025,0.33369,35.01963,0.163115
38801,"Portland","OR",63878,41.28225,0.27709,0.0930585414171219,46.7955,0.56938,19.4105,-0.22986,43.06675,0.27331,39.48125,0.28149,45.082,0.26476,40.9925,0.27026,43.63275,0.22927,39.497,0.24816,43.12925,0.24841,42.60375,0.23575,41.9805,0.25522,42.5265,0.2623,70.5005,0.26214,39.192,0.141335
38802,"The Dalles","OR",2609,43.17325,0.28853,0.104380242526531,50.02,0.57116,20.70275,-0.22769,45.112,0.28056,41.29825,0.29533,46.12475,0.28411,42.98825,0.28245,43.95975,0.24131,42.97525,0.34233,43.61275,0.27515,45.573,0.20904,44.46375,0.24631,42.24025,0.31153,72.32275,0.29839,38.49287,0.15594
38901,"Eugene","OR",34539,40.47475,0.29383,0.0788958147168159,45.20825,0.61669,20.99975,-0.25197,41.64675,0.29571,39.27675,0.29351,44.51775,0.27315,40.287,0.28672,41.6925,0.25486,38.94075,0.27763,41.8215,0.27006,41.2935,0.26798,40.90625,0.28013,40.56325,0.29377,69.28925,0.29085,38.54512,0.149155
38902,"Newport","OR",2600,41.12,0.27676,0.0725744813680649,37.32425,0.59513,19.0985,-0.25714,42.38825,0.25873,39.974,0.2922,44.471,0.2766,41.04625,0.27101,41.7725,0.24474,39.0665,0.19862,42.3205,0.26302,39.974,0.27224,40.51825,0.27533,41.301,0.2774,70.281,0.28784,37.75469,0.13004
39000,"Yakima","WA",9791,43.18075,0.30471,0.0817065834999084,29.57825,0.80001,27.209,-0.34668,44.08775,0.31339,42.27425,0.29673,47.78725,0.27089,43.691,0.29116,43.093,0.27296,40.02575,0.25575,45.87925,0.25465,43.18775,0.30451,43.19275,0.30431,47.753,0.22868,74.7525,0.26538,35.4465,0.185505
39100,"Kennewick","WA",13710,44.05825,0.29057,0.10585480183363,36.7925,0.73306,26.20225,-0.30267,45.30575,0.29239,42.86425,0.28789,48.38,0.25812,44.79025,0.27881,44.31575,0.26011,42.2575,0.2587,45.5145,0.26666,45.1605,0.2641,44.6495,0.27626,44.755,0.28944,74.38975,0.24579,35.67131,0.16859
39201,"La Grande","OR",1866,45.39475,0.24607,0.0876747146248817,40.59275,0.62387,16.822,-0.17068,46.3715,0.2505,44.546,0.2398,49.8915,0.23174,45.35025,0.24897,44.887,0.22652,42.942,0.22644,46.6835,0.22026,45.65325,0.21461,45.51825,0.22985,45.39475,0.24607,76.77525,0.24277,40.126,0.114985
39202,"Enterprise","OR",342,47.677,0.25304,0.143790856003761,53.7855,0.40338,,,,,,,,,48.74225,0.24021,46.36625,0.25473,,,50.54075,0.18483,48.6495,0.18818,48.15125,0.21969,47.677,0.25304,77.7995,0.24366,44.57281,0.13066
39203,"Bend","OR",5527,41.488,0.27696,0.0817263573408127,41.51725,0.68345,22.10825,-0.28675,43.10475,0.25603,39.96025,0.29713,45.09575,0.28687,41.00425,0.27241,42.57925,0.25329,40.0635,0.2669,42.5275,0.25814,41.1665,0.25322,41.31925,0.26469,42.407,0.25684,70.1115,0.29578,37.27556,0.163705
39204,"Condon","OR",,,,0.108695648610592,,,,,,,,,,,,,,,,,,,,,49.444,0.18164,,,,,,0
39205,"John Day","OR",353,49.7175,0.16578,0.115853659808636,47.00375,0.43283,,,,,,,,,49.25275,0.16819,50.724,0.0952,,,49.89525,0.16841,47.62875,0.35263,48.63025,0.26025,49.648,0.16736,81.4805,0.1291,40.47288,0.105225
39301,"Friday Harbor","WA",439,39.10275,0.25523,0.101694911718369,48.66625,0.52825,,,,,,,,,38.46825,0.25461,40.8305,0.20102,,,38.5915,0.26382,43.4235,0.12314,41.36575,0.18555,39.10275,0.25523,67.71474,0.23603,45.75606,0.137135
39302,"Bellingham","WA",5809,44.12275,0.27619,0.1155751273036,46.36225,0.56637,14.74675,-0.14581,45.9225,0.2429,42.24,0.31108,47.07025,0.30137,44.16775,0.26419,44.944,0.2406,41.70025,0.25841,46.08625,0.24197,44.6045,0.26718,44.3825,0.27106,44.232,0.27356,71.54925,0.26705,39.16988,0.152325
39303,"Port Angeles","WA",3366,41.4055,0.28534,0.0858400613069534,40.277,0.57728,19.1135,-0.19886,42.7515,0.27566,40.0935,0.29554,45.895,0.28376,40.986,0.27928,42.20625,0.24457,41.1215,0.26558,41.50675,0.28599,41.748,0.25268,41.58425,0.26893,41.776,0.27524,70.344,0.29332,36.77687,0.146715
39400,"Seattle","WA",131328,43.20175,0.27327,0.108550950884819,42.4655,0.59874,17.9325,-0.20246,45.03325,0.27269,41.35125,0.27461,47.14875,0.25967,42.728,0.26616,45.2385,0.2239,41.238,0.25136,45.24875,0.24135,43.772,0.2526,43.5195,0.26202,44.11275,0.26127,71.9575,0.25418,39.27431,0.15619
