"birthpl","nin","recp","ch71","en71","wsppc","dens71","moldyed","birthlat","birthlong","schools73new","schools74new","schools75new","schools76new","schools77new","schools78new","pop71new","ch71new","totinnew","ninnew","nch71new","atsc71new","en71newish","en71new","ldpop","recpnew","lch71","len71new","lch71new","ldens71","lninnew","java","nin_lch71new","nen71new","nen71newish","poor"
1101,2.72953605651855,1,66678,0.16055965423584,0.523521542549133,26.3566455841064,7.06310272216797,3.07483756204641,97.4651658372687,18,18,25,25,48,48,234785,66678,182,2.72953605651855,192861,37697,0.16055965423584,0.195462018251419,-0.221033255780382,1,11.1076303424137,-1.63238919847542,11.1076303424137,3.27172044751962,1.00413165208778,0,2.34215354919434,0.804538011550903,0.83944034576416,0
1102,2.67372369766235,0,36653,0.179932907223701,,12.3435173034668,7.93250942230225,3.71081401207393,97.5107332563111,5,10,10,10,35,35,122818,36653,105,2.8647038936615,97002,22099,0.179932907223701,0.227820038795471,1.12163708157314,1,10.5092505593536,-1.47919926522037,10.5092505593536,2.51313101055899,1.05246499182768,0,2.67334175109863,0.772179961204529,0.82006710767746,0
1103,2.36704897880554,1,89563,0.182041704654694,0.345216661691666,1168.51928710938,7.28537178039551,4.52998926907761,97.7286073387266,17,17,21,21,68,68,303815,89563,212,2.36704897880554,251584,55307,0.182041704654694,0.219835117459297,0.233930603888707,1,11.4026975672486,-1.514877479714,11.4026975672486,7.06349265971293,0.861644022673294,0,2.17884135246277,0.780164897441864,0.817958295345306,0
1104,2.06213450431824,0,29581,0.230734080076218,1.33949911594391,18.1987171173096,7.39182329177856,4.59335834880383,96.9184797898742,3,5,6,6,17,17,105043,29581,54,1.82549607753754,85559,24237,0.230734080076218,0.283278197050095,1.12163708157314,0,10.2948875423195,-1.26132583574938,10.2948875423195,2.90135110353844,0.601851773405432,0,2.7919864654541,0.716721773147583,0.76926589012146,0
1105,2.45508670806885,1,60283,0.190492689609528,0.578567922115326,18.6288471221924,6.55059003829956,4.21228113857122,96.0988972392353,19,19,26,26,29,29,225111,60283,148,2.45508694648743,187504,42882,0.190492689609528,0.228699117898941,0.24791454738149,1,11.0068054192526,-1.4753480349834,11.0068054192526,2.92471129983192,0.898162176703841,0,2.39795756340027,0.771300911903381,0.809507310390472,0
1106,2.38628506660461,0,47773,0.191902130842209,0.649754405021667,67.6846618652344,7.84276056289673,5.38069059255762,95.5167536670463,14,14,17,17,26,26,181801,47773,114,2.38628530502319,153021,34888,0.191902130842209,0.227994844317436,0.262026853268436,0,10.7742159053332,-1.47843226292619,10.7742159053332,4.21485959391329,0.869737891138815,0,2.52669024467468,0.772005140781403,0.808097839355469,0
1107,2.64525008201599,1,73339,0.159722149372101,0.542998075485229,70.5281219482422,8.25756645202637,5.07619175785369,96.0706167618104,23,23,26,26,48,48,293397,73339,194,2.64525008201599,246813,46862,0.159722149372101,0.189868450164795,0.167429361608034,1,11.2028478064083,-1.66142381417247,11.2028478064083,4.25601152316448,0.972765609807139,0,2.28945302963257,0.810131549835205,0.840277850627899,0
1108,2.40076565742493,1,129542,0.180325150489807,0.406770676374435,92.9257965087891,7.32118368148804,5.05907704865561,96.9395640169622,32,25,46,46,81,81,470855,129542,311,2.40076565742493,394081,84907,0.180325150489807,0.215455710887909,0.345860378896304,1,11.7717604318643,-1.53499990848157,11.7717604318643,4.53180128766973,0.87578771040364,0,1.97457420825958,0.784544289112091,0.819674849510193,0
1171,4.26784420013428,0,13590,0.339774161577225,0.638518273830414,879.803283691406,10.7282361984253,5.54684199326709,95.3405321014104,2,2,10,10,17,17,53668,13590,58,4.26784372329712,44927,18235,0.339774161577225,0.405880659818649,0.0605775615431915,0,9.51708950714519,-0.901696103923002,9.51708950714519,6.77969834122341,1.45110871685936,0,3.22247815132141,0.594119310379028,0.660225868225098,0
1172,5.00113677978516,0,4399,0.182184398174286,2.08329081535339,148.109237670898,10.2449293136597,5.83951426345316,95.2883425625143,2,2,3,3,6,6,17625,4399,22,5.00113677978516,14864,3211,0.182184398174286,0.216025292873383,0.301273101439443,0,8.38913252134872,-1.53235978151722,8.38913252134872,4.99795009387883,1.60966524254968,0,3.84677410125732,0.783974707126617,0.817815601825714,0
1201,2.87983727455139,1,106256,0.119661837816238,0.473892778158188,70.0419311523438,5.94161367416382,0.772920720904898,97.7870464806556,13,13,42,42,98,98,372483,106256,306,2.87983727455139,312951,44572,0.119661837816238,0.14242485165596,0.250775311869775,1,11.5736065557805,-1.94894077517522,11.5736065557805,4.24909407917267,1.05773379065968,0,2.08424735069275,0.857575178146362,0.880338191986084,0
1202,2.15659379959106,1,191042,0.229782864451408,0.386068016290665,33.1762199401855,7.94448709487915,1.19317996073708,99.5285952824441,17,17,80,80,110,110,626931,191042,414,2.16706275939941,522629,144058,0.229782864451408,0.275641024112701,0.172908617976414,1,12.1602485781433,-1.28865589710059,12.1602485781433,3.5018333524189,0.773372683555897,0,1.7595556974411,0.724358975887299,0.77021712064743,0
1203,6.31376934051514,1,39596,0.157062202692032,0.585277140140533,62.0918655395508,7.55602216720581,1.83092762736289,98.6656027656053,4,4,18,18,41,41,135857,39596,126,3.18213963508606,110606,21338,0.157062202692032,0.192919015884399,0.207323829458523,1,10.5864833820397,-1.64548478495341,10.5864833820397,4.12861499065826,1.15755381175795,0,2.63059544563293,0.807080984115601,0.842937827110291,0
1204,1.643479347229,0,192275,0.248759478330612,0.471462488174438,58.7958526611328,10.0199060440063,2.22420544053201,98.930636978179,27,27,79,79,113,113,623530,192275,438,2.277987241745,505524,155109,0.248759478330612,0.306828171014786,0.0902382449590007,1,12.1666819179253,-1.18146739162233,12.1666819179253,4.07407131944308,0.823292264370586,0,1.75599503517151,0.693171858787537,0.751240491867065,0
1205,2.52013349533081,1,109518,0.13555072247982,0.485318750143051,38.6305923461914,7.47497367858887,2.17661615744596,99.9738165015288,12,12,46,46,80,80,360153,109518,276,2.52013373374939,292185,48819,0.13555072247982,0.167082503437996,0.418170425162056,1,11.6038441982908,-1.78926755599644,11.6038441982908,3.65404451039939,0.924311969063396,0,2.06751155853271,0.832917511463165,0.864449262619019,0
1206,2.36625170707703,1,181722,0.1579220443964,0.418998837471008,129.5751953125,7.28278589248657,2.88644329282189,99.5408966043689,15,15,75,75,125,125,593584,181722,430,2.36625170707703,487959,93740,0.1579220443964,0.192106306552887,0.266611822788937,1,12.110233325756,-1.6497063802156,12.110233325756,4.86426137140629,0.861307144968299,0,1.78723788261414,0.807893693447113,0.842077970504761,0
1207,2.36664414405823,1,204509,0.184953883290291,0.346114873886108,151.580917358398,8.19480323791504,2.97983370960683,99.0380731352701,17,17,85,85,140,140,662257,204509,484,2.36664414405823,542534,122487,0.184953883290291,0.225768342614174,0.136371563155159,1,12.2283672632765,-1.48824583809577,12.2283672632765,5.02111959034075,0.861472978738762,0,1.72185373306274,0.774231672286987,0.81504613161087,0
1208,2.77913117408752,1,55413,0.205184251070023,0.594619870185852,58.7504768371582,9.51132202148438,2.73779645745943,98.2568743113053,8,8,23,23,46,46,184829,55413,154,2.77913117408752,147467,37924,0.205184251070023,0.257169395685196,0.268222482544796,1,10.9225695022474,-1.35802028403608,10.9225695022474,4.07329926936849,1.02213835154906,0,2.444580078125,0.742830634117126,0.7948157787323,0
1209,2.8007390499115,1,51415,0.232976123690605,0.57939350605011,85.6398696899414,8.78271007537842,3.12267835138717,98.2992502679079,10,10,20,20,42,42,182156,51415,144,2.8007390499115,151775,42438,0.232976123690605,0.279611259698868,0.183611228324068,1,10.8476852376633,-1.27435499869346,10.8476852376633,4.45015094211759,1.0298833287504,0,2.48602676391602,0.720388770103455,0.767023861408234,0
1210,1.714515209198,1,440941,0.176357805728912,0.281202018260956,329.7158203125,7.55544567108154,3.43418172781776,98.8475832021608,30,30,157,157,191,191,1430637,440941,756,1.714515209198,1172976,252304,0.176357805728912,0.215097323060036,-0.141975226200944,1,12.9966663586307,-1.53666468788103,12.9966663586307,5.79823113288919,0.539130363804792,0,1.2966194152832,0.784902691841125,0.823642194271088,0
1211,1.67568325996399,0,159338,0.161177307367325,0.424385756254196,82.9541702270508,7.13495635986328,3.71552208739272,98.2196361676805,15,15,48,48,53,53,519459,159338,232,1.45602440834045,422035,83725,0.161177307367325,0.198384016752243,0.377003778382574,0,11.9787830110795,-1.61755064810114,11.9787830110795,4.4182882893577,0.375709713604073,0,1.85999238491058,0.801615953445435,0.838822722434998,0
1271,4.83615446090698,0,11993,0.267224013805389,0.845747590065002,3838.45458984375,10.8461027145386,1.72872691838962,98.7980280622023,2,2,16,16,11,11,42223,11993,58,4.83615446090698,35313,11283,0.267224013805389,0.319514065980911,0.342440346146633,0,9.39207842523172,-1.14095398115424,9.39207842523172,8.25282511401529,1.57611987204955,0,3.29166865348816,0.680485963821411,0.732775986194611,0
1272,3.33090472221375,0,9607,0.21670038998127,1.30299961566925,579.379333496094,8.75313377380371,2.94175607303725,99.7816357804729,1,1,11,11,4,4,33604,9607,32,3.33090448379517,28228,7282,0.21670038998127,0.257970809936523,0.217686566397722,0,9.17024727840974,-1.35490884024222,9.17024727840974,6.36195741589706,1.2032438838665,0,3.41444659233093,0.742029190063477,0.783299624919891,0
1273,2.72902393341064,1,37376,0.318349957466125,0.440277963876724,1846.17138671875,10.2978591918945,2.9687792603771,99.0550508059086,2,2,24,24,25,25,129232,37376,102,2.72902393341064,108991,41141,0.318349957466125,0.377471536397934,0.150996302719855,1,10.5287840661879,-0.974260113406175,10.5287840661879,7.52086925296273,1.0039440117173,0,2.66253042221069,0.622528433799744,0.681650042533875,0
1274,7.7355842590332,1,8532,0.242165341973305,1.23540282249451,977.870971679688,9.01467514038086,3.32598786794472,99.1403718011068,1,1,10,10,22,22,30314,8532,66,7.73558330535889,25472,7341,0.242165341973305,0.288198798894882,1.11092363203251,1,9.05157907959124,-1.24410476303511,9.05157907959124,6.88537773053332,2.04583089234644,0,3.48012661933899,0.711801171302795,0.757834672927856,0
1275,1.19050979614258,0,177235,0.283764600753784,0.398798227310181,2398.34716796875,10.564022064209,3.64988766392831,98.6683167555531,4,11,36,36,62,62,635562,177235,211,1.19050979614258,535805,180350,0.283764600753784,0.336596339941025,0.770784928737956,0,12.0852318145792,-1.08887087090004,12.0852318145792,7.782535099074,0.174381615506119,0,1.8010755777359,0.663403630256653,0.716235399246216,0
1276,5.11102294921875,1,17609,0.22212016582489,0.579305946826935,665.355529785156,9.68928146362305,3.62030654286413,98.4816259949966,2,2,20,20,23,23,59882,17609,90,5.11102294921875,49918,13301,0.22212016582489,0.266456991434097,-0.250755427509421,1,9.77616541396078,-1.32254243138637,9.77616541396078,6.50032152904736,1.63139956993821,0,3.07908606529236,0.733543038368225,0.77787983417511,0
1301,1.53481423854828,0,72973,0.174987971782684,0.507200121879578,44.2747917175293,6.86995315551758,-1.76207106761643,100.891232040305,7,7,22,22,27,27,253606,72973,112,1.53481423854828,210053,44378,0.174987971782684,0.211270496249199,0.281489346763863,0,11.1978447887006,-1.5546159937865,11.1978447887006,3.79041547936713,0.428409356483593,0,2.29222202301025,0.78872948884964,0.825012028217316,0
1302,1.46998584270477,0,82994,0.173399955034256,0.511482834815979,41.6993217468262,6.55724477767944,-1.19300484249111,101.043262810309,12,12,22,22,27,27,295398,82994,122,1.46998584270477,267388,51222,0.173399955034256,0.191564321517944,0.283604850019119,0,11.3265235950091,-1.65253164415714,11.3265235950091,3.73048486360836,0.385252769931189,0,2.22100162506104,0.808435678482056,0.826600074768066,0
1303,1.79521131515503,0,44563,0.142928913235664,0.673900783061981,26.4697093963623,6.24663209915161,-0.904816640400717,101.306329274858,9,9,14,14,17,17,161227,44563,80,1.79521119594574,136225,23044,0.142928913235664,0.169161319732666,0.353062466427921,0,10.7046591972901,-1.77690246472546,10.7046591972901,3.27600103757513,0.585122672927583,0,2.56518793106079,0.830838680267334,0.857071101665497,0
1304,1.39954578876495,0,81455,0.190455123782158,0.439097911119461,218.256729125977,8.38141822814941,-0.463492214213796,100.591124341229,10,10,22,22,25,25,291591,81455,114,1.39954578876495,249560,55535,0.190455123782158,0.222531661391258,-0.00171656940531514,0,11.3078059995003,-1.50268588911162,11.3078059995003,5.38567202643674,0.336147747383813,0,2.23136138916016,0.777468323707581,0.809544861316681,0
1305,1.39712715148926,0,160329,0.173948675394058,0.380282759666443,74.9021987915039,7.1586971282959,-1.59308735845041,99.5424840265144,15,15,45,45,52,52,555250,160329,224,1.39712715148926,455770,96585,0.173948675394058,0.211916103959084,-0.215815492631562,0,11.9849832330275,-1.55156481867636,11.9849832330275,4.31618324645415,0.334418093662872,0,1.85656070709229,0.788083910942078,0.826051354408264,0
1306,1.43469071388245,0,97582,0.190341860055923,0.414881110191345,155.485656738281,7.70893621444702,-0.252822486866239,100.160944907064,10,10,28,28,32,32,347044,97582,140,1.43469083309174,296154,66057,0.190341860055923,0.223049491643906,0.114204628597353,0,11.4884483291631,-1.50036159652319,11.4884483291631,5.04655348773975,0.360949378676644,0,2.13138031959534,0.776950478553772,0.809658169746399,0
1307,1.86537039279938,0,55753,0.230915486812592,0.520325303077698,66.802619934082,7.31144952774048,-0.000599386648984743,100.579733715574,7,7,20,20,25,25,224056,55753,104,1.86537039279938,244419,51738,0.230915486812592,0.211677491664886,0.199108620316534,0,10.9286864995338,-1.55269142834138,10.9286864995338,4.20174230034358,0.623459635414205,0,2.44119453430176,0.788322508335114,0.769084513187408,0
1308,0.779560446739197,0,79532,0.164700135588646,0.459723770618439,35.0039558410645,7.00725221633911,0.300491193168314,99.8859325003532,7,7,10,10,14,14,274256,79532,62,0.779560446739197,227563,45170,0.164700135588646,0.198494479060173,0.272473476922327,0,11.283914735378,-1.61699399254057,11.283914735378,3.55546107913309,-0.24902504796265,0,2.24458456039429,0.801505506038666,0.835299849510193,0
1371,1.1695693731308,0,54721,0.288735300302505,0.372116595506668,282.502166748047,9.75908184051514,-0.978327225380166,100.446363932672,3,3,13,13,16,16,196339,54721,64,1.1695693731308,163501,56690,0.288735300302505,0.346725702285767,0.895183808552469,0,10.9100028269833,-1.05922129495829,10.9100028269833,5.64368622046167,0.156635623906843,0,2.45153546333313,0.653274297714233,0.711264729499817,0
1372,2.32052230834961,0,6895,,1.2941746711731,434.578948974609,8.69758319854736,-0.765174839368654,100.621033996756,2,2,2,2,4,4,24771,6895,16,2.32052230834961,267388,51222,0.173399955034256,0.191564321517944,0.283604850019119,0,8.8385517902274,-1.65253164415714,8.8385517902274,6.07437762894695,0.841792293248922,0,3.59803175926208,0.808435678482056,0.826600074768066,0
1373,4.21496343612671,0,3796,0.262975782155991,2.3495614528656,45.5201454162598,9.19707107543945,-0.603366529581656,100.75949421309,2,2,2,2,4,4,12427,3796,16,4.21496295928955,10117,3268,0.262975782155991,0.323020666837692,0.353062466427921,0,8.24170315972982,-1.13003897378875,8.24170315972982,3.81815498437052,1.43864080358354,0,3.92837262153625,0.676979303359985,0.737024188041687,0
1374,2.40529155731201,0,8315,0.295105993747711,1.04653060436249,1335.26086425781,8.64254188537598,-0.457674464373692,100.429020988975,2,2,3,3,5,5,30711,8315,20,2.40529155731201,25929,9063,0.295105993747711,0.349531412124634,0.114684444171851,0,9.02581639162703,-1.0511618440233,9.02581639162703,7.19688195568392,0.877671125861568,0,3.49438548088074,0.650468587875366,0.704894006252289,0
1375,1.30216038227081,0,16895,0.340556293725967,0.475004762411118,2525.28002929688,9.90524101257324,-0.273077111924362,100.373990149581,2,2,3,3,6,6,63132,16895,22,1.30216038227081,53291,21500,0.340556293725967,0.403445243835449,0.0136658786572787,0,9.73477299914839,-0.907714503490659,9.73477299914839,7.83410723825204,0.264024717667762,0,3.10199570655823,0.596554756164551,0.659443736076355,0
1376,1.35600876808167,0,17699,,0.543951511383057,792.349975585938,9.09304523468018,-0.236659708167297,100.636597877224,2,2,4,4,6,6,63388,17699,24,1.35600876808167,244419,51738,0.230915486812592,0.211677491664886,0.199108620316534,0,9.78126341979075,-1.55269142834138,9.78126341979075,6.6750031825766,0.30454565563422,0,3.07626438140869,0.788322508335114,0.769084513187408,0
1401,2.30332803726196,1,59045,0.153989315032959,0.593239426612854,15.7283458709717,7.07278871536255,-0.528480158873886,101.993038574107,10,10,23,23,35,35,197202,59045,136,2.30332779884338,164733,30367,0.153989315032959,0.184340715408325,0.144377762386707,1,10.9860551440354,-1.69096951950669,10.9860551440354,2.75546455394199,0.834354946290948,0,2.40944242477417,0.815659284591675,0.846010684967041,0
1402,2.69235301017761,1,76513,0.115208998322487,0.523826360702515,23.2071399688721,6.6324667930603,-0.260843879984184,103.159408806127,14,14,37,37,52,52,286028,76513,206,2.69235301017761,236729,32953,0.115208998322487,0.139201357960701,0.330885084522606,1,11.2452159400179,-1.9718337756646,11.2452159400179,3.14445998860368,0.990415536237899,0,2.26600337028503,0.86079865694046,0.884791016578674,0
1403,2.1274516582489,1,92129,0.100351519882679,0.523365020751953,44.9851913452148,6.95720338821411,1.56352965283818,105.592959375057,17,17,32,32,49,49,331136,92129,196,2.12745189666748,277403,33230,0.100351519882679,0.119789622724056,0.243980226882427,1,11.4309450478163,-2.12201821872164,11.4309450478163,3.80633335439377,0.754924970947722,0,2.16320705413818,0.880210399627686,0.899648487567902,0
1404,2.29963493347168,1,79143,0.145099192857742,0.519923329353333,8.51604843139648,6.73691606521606,0.404490705391351,101.459183056248,15,15,30,30,46,46,258692,79143,182,2.2996346950531,216566,37536,0.145099192857742,0.173323601484299,0.337166357524634,1,11.2790116217266,-1.75259490293387,11.2790116217266,2.14195243412127,0.832750282082781,0,2.24729824066162,0.826676368713379,0.85490083694458,0
1405,1.88019526004791,1,121264,0.141746342182159,0.474872678518295,13.9076881408691,6.92777538299561,1.32329809245167,101.556104932654,18,18,40,40,56,56,423503,121264,228,1.88019526004791,354729,60030,0.141746342182159,0.169227778911591,0.291100875925985,0,11.7057252660518,-1.77650966732126,11.7057252660518,2.63244179089085,0.631375633176215,0,2.01112294197083,0.830772221088409,0.858253657817841,0
1471,1.26548385620117,0,41091,0.236702755093575,0.421037018299103,229.477844238281,10.9301071166992,0.5417133309352,101.461025065084,6,6,8,8,12,12,145030,41091,52,1.26548385620117,118254,34329,0.236702755093575,0.290298849344254,0.249869471124359,0,10.6235443984029,-1.23684437163749,10.6235443984029,5.43580648557364,0.2354545440676,0,2.61008310317993,0.709701180458069,0.763297259807587,0
1472,2.1274516582489,1,92129,0.100351519882679,0.523365020751953,,5.66067457199097,0.961029477077157,104.066907852483,,,,,,,331136,92129,196,2.12745189666748,277403,33230,0.100351519882679,0.119789622724056,0.243980226882427,1,11.4309450478163,-2.12201821872164,11.4309450478163,,0.754924970947722,0,2.16320705413818,0.880210399627686,0.899648487567902,0
1501,2.54095888137817,1,52736,0.179921224713326,0.574675142765045,44.4321441650391,7.64186763763428,-2.03295466995362,101.452768342814,9,9,22,22,36,36,186615,52736,134,2.54095888137817,153931,33576,0.179921224713326,0.218123704195023,0.255372084048942,1,10.8730536132691,-1.52269292669628,10.8730536132691,3.79396317518105,0.932541522144197,0,2.47198581695557,0.7818763256073,0.820078790187836,0
1502,3.4376072883606,1,40726,0.169192999601364,0.782340586185455,10.6190366744995,6.98511838912964,-1.43116030882929,102.169749724179,6,6,24,24,40,40,143357,40726,140,3.4376072883606,116856,24255,0.169192999601364,0.207563161849976,0.514196821187961,1,10.6146219881105,-1.57231959117226,10.6146219881105,2.36264830308365,1.23477567366508,0,2.61502146720886,0.792436838150024,0.830806970596313,0
1503,3.54633498191833,1,45117,0.122104503214359,0.69044703245163,11.2729578018188,6.89198541641235,-2.241335304551,102.338912862844,9,9,27,27,44,44,160076,45117,160,3.54633498191833,119064,19546,0.122104503214359,0.164163812994957,0.416180568506352,1,10.7170143945997,-1.80689048996102,10.7170143945997,2.42240674275891,1.2659146707363,0,2.55834984779358,0.835836172103882,0.877895474433899,0
1504,2.38059258460999,1,52928,0.112210899591446,0.447381854057312,19.3617248535156,5.51224231719971,-1.68477387851973,103.425327354801,7,7,21,21,35,35,215496,52928,126,2.38059258460999,135607,24181,0.112210899591446,0.178316757082939,0.302280871872934,1,10.8766877783834,-1.72419377601124,10.8766877783834,2.96329817155315,0.867349441821976,0,2.46997451782227,0.8216832280159,0.887789130210876,0
1505,3.78558087348938,1,41209,0.14561103284359,1.25922477245331,13.9197063446045,6.02109479904175,-1.15534424939132,103.534396148975,15,13,24,24,40,40,141981,41209,156,3.78558087348938,179432,20674,0.14561103284359,0.115219138562679,0.338038635607229,1,10.6264119580836,-2.16091941116237,10.6264119580836,2.63330555875017,1.33119934235082,0,2.60849595069885,0.884780883789062,0.854388952255249,0
1571,1.89368915557861,0,45414,0.225739315152168,0.45959547162056,769.703857421875,9.03834342956543,-1.62101550256069,103.64163648507,6,6,12,12,25,25,158559,45414,86,1.89368915557861,131517,35793,0.225739315152168,0.272154927253723,0.370841080160312,0,10.7235757065372,-1.30138378934676,10.7235757065372,6.64600584011908,0.638526860691994,0,2.5547182559967,0.727845072746277,0.774260699748993,0
1601,2.20527839660645,1,154629,0.157506659626961,0.458202719688416,52.1359519958496,7.23627138137817,-4.28380326552597,104.1718911823,30,23,35,35,109,109,542631,154629,341,2.20527839660645,442213,85468,0.157506659626961,0.19327338039875,0.343515128723525,1,11.9487839783982,-1.64364961358693,11.9487839783982,3.95385476828103,0.790853757893444,0,1.8765960931778,0.806726634502411,0.8424933552742,0
1602,1.93994677066803,1,129385,0.170771762728691,0.451732665300369,21.0585289001465,6.6089768409729,-3.37442904796398,105.299812369077,20,21,30,30,75,75,445788,129385,251,1.93994665145874,374863,76128,0.170771762728691,0.20308218896389,0.353337683274997,1,11.7705477347007,-1.5941445101355,11.7705477347007,3.04730565147145,0.662660473449053,0,1.97524535655975,0.796917796134949,0.829228222370148,0
1603,1.97933113574982,1,105086,0.153946593403816,0.484782934188843,37.9915390014648,7.09084796905518,-3.54382088611426,104.029504103106,13,15,25,25,65,65,363769,105086,208,1.97933125495911,298412,56001,0.153946593403816,0.187663361430168,-0.0755969766453474,1,11.5625343415222,-1.67310555193829,11.5625343415222,3.63736347707826,0.682759037635406,0,2.09037566184998,0.812336623668671,0.846053421497345,0
1604,1.75606644153595,0,106488,0.189497694373131,0.550468266010284,92.1440277099609,7.41245412826538,-3.85388523274381,103.253373140639,16,17,21,21,56,56,371709,106488,187,1.75606644153595,308101,70438,0.189497694373131,0.228619828820229,0.38258653405786,0,11.5757875817269,-1.47569479113718,11.5757875817269,4.5233528714888,0.563076331362704,0,2.08304023742676,0.771380186080933,0.810502290725708,0
1605,2.39514374732971,1,72647,0.16302265226841,0.590666234493256,11.7441549301147,6.34441566467285,-2.97119638875517,102.949801855347,12,14,17,17,57,57,252652,72647,174,2.39514374732971,211823,41188,0.16302265226841,0.194445356726646,0.370541179547834,1,11.1933673742711,-1.63760409767476,11.1933673742711,2.46335566406331,0.873443248823649,0,2.29470038414001,0.805554628372192,0.836977362632751,0
1606,2.04259467124939,1,106727,0.125549092888832,0.59461236000061,14.759578704834,6.95174074172974,-2.49267628834652,104.219425324308,19,19,28,28,62,62,376753,106727,218,2.04259467124939,316596,47301,0.125549092888832,0.149404913187027,0.450747044005935,1,11.5780294512023,-1.90109512069948,11.5780294512023,2.69189227573204,0.714220897350757,0,2.08179950714111,0.850595116615295,0.874450922012329,0
1607,1.82330894470215,0,88301,0.114303961396217,0.546572804450989,26.2874450683594,7.07505750656128,-2.27125702778505,106.001658453259,13,14,21,21,46,46,303804,88301,161,1.82330882549286,253765,34726,0.114303961396217,0.136843144893646,0.503372726185154,0,11.3885067115562,-1.98891993686814,11.3885067115562,3.26909145137792,0.600652886446667,0,2.18669557571411,0.863156855106354,0.885696053504944,0
1608,2.06700539588928,0,34833,0.186655193567276,0.751994967460632,28.4530010223389,6.96935367584229,-2.88715884786236,107.885758241913,8,8,8,8,20,20,128949,34833,72,2.06700539588928,109236,24069,0.186655193567276,0.220339447259903,-0.154951265434161,0,10.4583204922951,-1.51258597965146,10.4583204922951,3.34825363909852,0.726100891189345,0,2.70153045654297,0.779660582542419,0.813344836235046,0
1671,1.1948801279068,0,165707,0.222726732492447,0.339067280292511,1453.76806640625,8.79629039764404,-3.00322789288715,104.726455155446,15,15,21,21,63,63,582961,165707,198,1.1948801279068,485764,129841,0.222726732492447,0.267292350530624,0.299655251092768,0,12.0179764475435,-1.31941227379025,12.0179764475435,7.28191413120621,0.178045868976888,0,1.83829975128174,0.732707619667053,0.777273297309875,0
1672,1.64188623428345,0,21926,0.252953857183456,0.643624663352966,839.696655273438,8.68782520294189,-2.20104178389639,106.136154897868,4,4,4,4,10,10,74733,21926,36,1.64188635349274,63836,18904,0.252953857183456,0.29613384604454,0.18663664620414,0,9.99542842623448,-1.21694374427891,9.99542842623448,6.73304070194166,0.495845796389366,0,2.95772957801819,0.703866124153137,0.747046113014221,0
1701,2.24617314338684,0,52979,0.228176474571228,0.795548975467682,30.1822147369385,7.17480278015137,-4.34074728303281,103.040163482261,19,16,14,14,28,28,179554,52979,119,2.24617314338684,147622,40970,0.228176474571228,0.277533173561096,0.276476448650913,0,10.8776508876007,-1.2818148085762,10.8776508876007,3.40725283490627,0.809227943009662,0,2.46944141387939,0.722466826438904,0.771823525428772,0
1702,2.47140836715698,1,58671,0.172032207250595,0.63458389043808,49.911434173584,6.98149156570435,-3.3155199510965,102.498213068585,18,13,19,19,38,38,205136,58671,145,2.47140836715698,172951,35290,0.172032207250595,0.204046234488487,0.340030011894842,1,10.9797008462608,-1.58940867116736,10.9797008462608,3.9102501182637,0.90478817727621,0,2.4129593372345,0.795953750610352,0.827967762947083,0
1703,2.69432830810547,0,29692,0.139694586396217,1.35201823711395,10.7272539138794,4.51740312576294,-3.14336810817861,101.83182469765,9,17,9,9,18,18,102810,29692,80,2.69432854652405,84825,14362,0.139694586396217,0.169313296675682,0.550490869009514,0,10.2986329282374,-1.77600445379134,10.2986329282374,2.37278759787485,0.991149025460981,0,2.78991341590881,0.830686688423157,0.860305428504944,0
1771,2.856201171875,0,9103,0.288646191358566,1.39672374725342,219.765518188477,10.2024745941162,-3.833234000993,102.305641887326,4,4,3,3,6,6,31866,9103,26,2.856201171875,26938,9198,0.288646191358566,0.341450750827789,0.709620760861503,0,9.11635930850529,-1.07455182463826,9.11635930850529,5.39256115153946,1.04949248032826,0,3.44427227973938,0.658549249172211,0.711353778839111,0
1801,2.59349513053894,1,313091,0.144052788615227,0.419757515192032,163.857711791992,6.16539335250854,-5.46467269049172,105.025119341529,62,62,104,104,240,240,1114765,313091,812,2.59349513053894,904383,160585,0.144052788615227,0.177563041448593,0.463451399564093,1,12.6542491620914,-1.72842957003148,12.6542491620914,5.09899844020748,0.953006437244008,0,1.4861387014389,0.822436928749084,0.855947196483612,0
1802,2.46461415290833,1,290512,0.156851276755333,0.448115170001984,121.641914367676,6.22144269943237,-4.99367028527112,105.449952493609,38,38,95,95,225,225,998500,290512,716,2.46461415290833,816337,156616,0.156851276755333,0.191852137446404,0.523567236990121,1,12.5794001625104,-1.6510303211138,12.5794001625104,4.80108160066359,0.902035264982199,0,1.52756583690643,0.808147847652435,0.843148708343506,0
1803,3.00687265396118,1,130368,0.157628312706947,0.60256564617157,35.5994682312012,7.13831186294556,-4.45424466533376,105.050246624484,21,21,45,45,130,130,464834,130368,392,3.00687289237976,385476,73271,0.157628312706947,0.190079271793365,0.640791696537835,1,11.7781164995865,-1.66031407386862,11.7781164995865,3.57233070042061,1.10090063253756,0,1.97105622291565,0.809920728206635,0.842371702194214,0
1804,3.00687265396118,1,130368,0.157628312706947,0.60256564617157,,8.32437229156494,-5.22757046613592,104.196120959808,,,,,,,464834,130368,392,3.00687289237976,385476,73271,0.157628312706947,0.190079271793365,0.640791696537835,1,11.7781164995865,-1.66031407386862,11.7781164995865,,1.10090063253756,0,1.97105622291565,0.809920728206635,0.842371702194214,0
1871,2.86133527755737,1,54520,0.214005008339882,0.452092111110687,1000.68389892578,8.3410005569458,-5.42186334931075,105.252177518337,9,9,11,11,58,58,198986,54520,156,2.86133527755737,164083,42584,0.214005008339882,0.259527176618576,0.356322797994028,1,10.9063228858105,-1.34889385500581,10.9063228858105,6.90843894415562,1.0512883961419,0,2.45357227325439,0.740472793579102,0.785995006561279,0
3171,1.08841609954834,0,282980,0.208237916231155,,7236.9111328125,10.0123386383057,-6.27253031723462,106.808627335364,46,30,48,48,68,68,1054635,282980,308,1.08841609954834,863749,219615,0.208237916231155,0.254257887601852,0.407665882279101,0,12.5531315027499,-1.36940622151854,12.5531315027499,8.88694975522911,0.0847235197583298,1,1.54210484027863,0.745742082595825,0.791762113571167,0
3172,1.01726615428925,0,219215,0.195859119296074,,4291.91943359375,9.94153022766113,-6.25573719204058,106.902353503193,39,16,34,34,50,50,805722,219285,223,1.01694142818451,656965,157808,0.195859119296074,0.240207627415657,0.724746712054631,0,12.2978082623717,-1.42625161540387,12.2981275326138,8.36448933227752,0.0167995226689685,1,1.68324315547943,0.759792387485504,0.804140865802765,0
3173,1.00677537918091,0,319833,0.21878407895565,,26593.171875,10.8286399841309,-6.18159251913865,106.835214737032,43,3,57,57,81,81,1273813,319833,322,1.00677537918091,1064018,278690,0.21878407895565,0.261922270059586,-0.018758511867205,0,12.6755542635518,-1.3397074984009,12.6755542635518,10.1884097653891,0.00675252945170754,1,1.47434687614441,0.738077759742737,0.781215906143188,0
3174,1.10776877403259,0,215749,0.176257908344269,,6533.41259765625,9.20085525512695,-6.16462187348215,106.745718274194,41,20,36,36,53,53,824190,215749,239,1.10776877403259,686248,145270,0.176257908344269,0.211687326431274,0.404011281795329,0,12.2818709739407,-1.55264496833351,12.2818709739407,8.78468468877123,0.102347878850569,1,1.69224071502686,0.788312673568726,0.823742091655731,0
3175,1.03436100482941,0,158552,0.138515561819077,,4010.44750976562,9.08731555938721,-6.10003684619317,106.850217602463,31,9,25,25,37,37,617649,158552,164,1.03436100482941,504748,85554,0.138515561819077,0.169498443603516,0.466182346769058,0,11.9738378942042,-1.77491153448393,11.9738378942042,8.29665811251926,0.0337838494174688,1,1.86272931098938,0.830501556396484,0.861484408378601,0
3201,2.13418626785278,1,160717,0.169941037893295,0.549466669559479,219.295440673828,5.79053544998169,-6.5901541881581,105.745621259413,26,43,60,60,77,77,572628,160717,343,2.13418626785278,471894,97313,0.169941037893295,0.206217914819717,0.193326977677974,1,11.9874003333116,-1.57882183037922,11.9874003333116,5.3904198648467,0.758085434849566,1,1.85522294044495,0.793782114982605,0.830058932304382,0
3202,3.08018922805786,1,153562,0.133169457316399,0.462931305170059,175.1162109375,5.77956438064575,-6.64846065279314,106.214026712295,32,39,89,89,112,112,546364,153562,473,3.08018898963928,442959,72759,0.133169457316399,0.164256736636162,0.223119758001228,1,11.941859673255,-1.80632460793087,11.941859673255,5.16544981603158,1.12499095537551,1,1.88042855262756,0.835743248462677,0.86683052778244,0
3203,1.58427250385284,0,472141,0.132320776581764,0.319148510694504,496.965728759766,6.25050735473633,-6.54905972782325,106.770226325703,122,86,120,120,150,150,1668778,472141,748,1.58427250385284,1362316,220814,0.132320776581764,0.162087216973305,0.401740827150742,0,13.0650329487707,-1.8196207122439,13.0650329487707,6.20852106750126,0.4601253138565,1,1.25878024101257,0.837912797927856,0.867679238319397,0
3204,2.1243588924408,1,345516,0.121486991643906,0.365220159292221,308.153594970703,5.84993934631348,-7.07523324736752,106.704167088348,77,79,130,130,159,159,1211817,345516,734,2.1243588924408,997799,147220,0.121486991643906,0.147544741630554,0.225096557922903,1,12.7527942308137,-1.91362381610994,12.7527942308137,5.73059834364136,0.753470059181561,1,1.43159651756287,0.852455258369446,0.878512978553772,0
3205,1.79524123668671,1,315835,0.147690176963806,0.34940704703331,325.254089355469,6.48054838180542,-7.12783232442184,107.156057568612,50,59,100,100,129,129,1125647,315835,567,1.79524111747742,922765,166247,0.147690176963806,0.180161789059639,0.212284977788567,1,12.6629752043015,-1.71390000368692,12.6629752043015,5.78460669027428,0.585139340204609,1,1.48130905628204,0.819838225841522,0.852309823036194,0
3206,1.42216324806213,0,542835,0.142417713999748,0.30815389752388,668.44775390625,7.37845849990845,-7.00906479105395,107.526648951002,94,92,132,132,161,161,1974614,542835,772,1.42216324806213,1637312,281220,0.142417713999748,0.171757116913795,0.300975024401459,0,13.2045606853357,-1.76167391110329,13.2045606853357,6.50495823927127,0.352179126523293,1,1.1815550327301,0.828242897987366,0.857582271099091,0
3207,1.74239456653595,1,334597,0.156369477510452,0.377678126096725,394.227325439453,6.97016048431396,-7.35904697172497,107.78382496174,52,73,102,102,127,127,1200554,334597,583,1.74239456653595,990909,187730,0.156369477510452,0.189452305436134,0.21123004956237,1,12.7206821015652,-1.66361797249083,12.7206821015652,5.97692771103626,0.555260354812421,1,1.44936978816986,0.810547709465027,0.84363055229187,0
3208,1.31012892723083,0,374009,0.154585868120193,0.359332144260406,479.317016601562,7.10515975952148,-7.4880331078741,108.142821681017,48,76,80,80,103,103,1313406,374009,490,1.31012892723083,1086901,203034,0.154585868120193,0.186800822615623,0.193186917962135,0,12.8320351402783,-1.6777123494732,12.8320351402783,6.17236220856387,0.270125550103815,1,1.3877387046814,0.813199162483215,0.845414161682129,0
3209,1.37520754337311,0,325769,0.156167671084404,0.372182488441467,486.282867431641,7.02386569976807,-7.43243728505424,108.469774818724,43,61,75,75,97,97,1225689,325769,448,1.37520754337311,1043139,191413,0.156167671084404,0.183497115969658,0.10957523517314,0,12.693943820224,-1.69555632839763,12.693943820224,6.18679048633805,0.318604660363131,1,1.46416878700256,0.816502869129181,0.843832314014435,0
3210,1.54092812538147,0,176517,0.161447212100029,0.428928047418594,589.606140136719,7.06600379943848,-7.00136001327084,108.56108562062,20,36,45,45,63,63,658593,176517,272,1.54092800617218,551324,106328,0.161447212100029,0.19285936653614,0.177377790582451,0,12.0811724679977,-1.64579402648405,12.0811724679977,6.37945475489268,0.432384836344722,1,1.80332231521606,0.807140648365021,0.83855277299881,0
3211,1.68890714645386,0,257563,0.114335581660271,0.438055336475372,1069.4931640625,6.33135223388672,-6.74285439454187,108.547182943628,63,52,70,70,90,90,1041688,257563,435,1.68890714645386,861251,119102,0.114335581660271,0.138289541006088,0.245637709990193,0,12.4590196293557,-1.97840566857906,12.4590196293557,6.97494013678862,0.52408166085789,1,1.59419345855713,0.861710429191589,0.885664403438568,0
3212,1.74708640575409,0,186024,0.129679992794991,0.38936510682106,633.492736816406,6.65968990325928,-6.81625406693979,108.258748802194,34,39,55,55,71,71,765893,186024,325,1.74708640575409,636457,99321,0.129679992794991,0.156052961945534,0.158753836307775,0,12.1336309766295,-1.85755982969871,12.1336309766295,6.451248534528,0.557949489433183,1,1.77428793907166,0.843947052955627,0.870320022106171,0
3213,1.70893013477325,0,166771,0.162128984928131,0.439047038555145,448.660919189453,6.76189708709717,-6.82452673006394,107.982244894025,22,37,47,47,66,66,637918,166771,285,1.70893025398254,544648,103425,0.162128984928131,0.189893290400505,0.126155196363838,0,12.02437689288,-1.66129299406558,12.02437689288,6.10626741132699,0.535867592289863,1,1.83475732803345,0.810106694698334,0.837871015071869,0
3214,3.04905652999878,1,243026,0.06794174015522,0.416377305984497,509.211486816406,4.1926965713501,-6.44874110148071,108.167155860124,78,53,140,140,165,165,985462,243026,741,3.04905652999878,819805,66954,0.06794174015522,0.0816706418991089,0.227620318726915,1,12.4009237124838,-2.50506068197455,12.4009237124838,6.2328634249842,1.11483220833893,1,1.62634801864624,0.918329358100891,0.932058274745941,0
3215,2.08462119102478,1,221623,0.0883156284689903,0.398355841636658,481.704467773438,5.33274173736572,-6.48475404779246,107.733123335743,58,38,80,80,103,103,898448,221623,462,2.08462119102478,754673,79347,0.0883156284689903,0.105140902101994,0.170302233228072,1,12.3087330190831,-2.2524539036201,12.3087330190831,6.17733078860549,0.73458715578268,1,1.67737329006195,0.894859075546265,0.911684393882751,0
3216,2.38326072692871,1,99024,0.122424378991127,0.584174156188965,382.471801757812,6.77777528762817,-6.59071729325671,107.443667113819,22,20,40,40,57,57,371658,99024,236,2.38326048851013,305767,45500,0.122424378991127,0.148806110024452,0.208878209585354,1,11.5031175239791,-1.90511109543388,11.5031175239791,5.94665492965446,0.868469503309227,1,2.12326121330261,0.851193904876709,0.877575635910034,0
3217,1.85630881786346,1,248881,0.0868140831589699,0.390657395124435,636.232604980469,5.03044033050537,-6.26021261906587,107.350542662977,69,49,75,75,97,97,1004261,248881,462,1.85630893707275,833978,87184,0.0868140831589699,0.104539930820465,0.210438036533594,1,12.4247301495641,-2.2581861674494,12.4247301495641,6.45556422757817,0.618590073676417,1,1.61317181587219,0.895460069179535,0.913185894489288,0
3218,2.22660326957703,1,215575,0.0943108424544334,0.425995022058487,646.861877441406,5.21252870559692,-6.22520419189875,107.101564327524,61,41,84,84,105,105,830721,215575,480,2.22660326957703,682481,78346,0.0943108424544334,0.114795871078968,0.31948296320133,1,12.2810641558205,-2.16459976195455,12.2810641558205,6.47213279016705,0.800477226728272,1,1.69268727302551,0.885204136371613,0.905689179897308,0
3219,1.66358542442322,0,296949,0.125020742416382,0.433455675840378,1218.06042480469,4.60630369186401,-6.19240428762811,106.54443132603,76,52,80,80,103,103,1066695,296949,494,1.66358530521393,882382,133359,0.125020742416382,0.151135221123695,0.36003391293974,0,12.601315685868,-1.88958033876139,12.601315685868,7.10501505689538,0.508975095723015,1,1.51543605327606,0.848864793777466,0.874979257583618,0
3220,2.03205752372742,1,232769,0.154273524880409,0.469951719045639,458.139099121094,6.52736139297485,-6.13109858402039,106.137204776068,54,75,75,75,97,97,859467,232769,473,2.03205752372742,713354,132593,0.154273524880409,0.185872659087181,0.255008735590283,1,12.3578018244606,-1.68269346829763,12.3578018244606,6.12717284787506,0.709048838236518,1,1.6502149105072,0.814127326011658,0.845726490020752,0
3271,2.56473588943481,1,52637,0.204541504383087,0.42313739657402,8610.19921875,9.44073295593262,-6.59363515206309,106.797499924069,7,20,20,20,34,34,195882,52637,135,2.56473588943481,162683,40066,0.204541504383087,0.246282652020454,0.231305935385872,1,10.8711745734937,-1.40127541068277,10.8711745734937,9.0607027352203,0.941855506239315,1,2.47302603721619,0.753717362880707,0.795458495616913,0
3272,3.70198965072632,1,25932,0.217701211571693,0.537249863147736,7921.154296875,10.4043741226196,-6.94922609531352,106.913827054644,7,5,15,15,27,27,96242,25932,96,3.7019898891449,82363,20952,0.217701211571693,0.254386067390442,0.132691439280315,1,10.1632330062949,-1.36890221556292,10.1632330062949,8.97729221874369,1.30887048296035,1,2.86485385894775,0.745613932609558,0.782298803329468,0
3273,0.689069807529449,0,319271,0.228096157312393,0.268880695104599,7150.6044921875,10.7182474136353,-6.92432463827554,107.635074285192,36,36,30,30,44,44,1201730,319271,220,0.689069807529449,1002920,274110,0.228096157312393,0.273311942815781,0.19563777860148,0,12.6737955509014,-1.29714148844531,12.6737955509014,8.87495217647627,-0.372412695931704,1,1.47532033920288,0.726688027381897,0.771903872489929,0
3274,2.42930936813354,0,45692,0.209993898868561,0.420816779136658,4778.6123046875,8.85431098937988,-6.7525541039882,108.549870283205,9,12,16,16,29,29,178529,45692,111,2.42930936813354,151250,37490,0.209993898868561,0.24786776304245,0.228500031311694,0,10.7296785068538,-1.39485988856456,10.7296785068538,8.47190547050969,0.887607006312326,1,2.55134057998657,0.75213223695755,0.790006101131439,0
3275,1.66358542442322,0,296949,0.125020742416382,0.433455675840378,,7.05146503448486,-6.18864192270937,106.652363965796,,,,,,,1066695,296949,494,1.66358530521393,882382,133359,0.125020742416382,0.151135221123695,0.36003391293974,0,12.601315685868,-1.88958033876139,12.601315685868,,0.508975095723015,1,1.51543605327606,0.848864793777466,0.874979257583618,0
3301,2.15495276451111,1,333650,0.119163446128368,0.330033391714096,5.55290842056274,5.95207214355469,-7.48609082947471,108.890412368624,72,73,121,121,166,166,1187495,333650,719,2.15495276451111,987849,141506,0.119163446128368,0.143246591091156,0.115802551800433,1,12.7178478183318,-1.94318772059082,12.7178478183318,1.7143218302385,0.767768804295119,1,1.45093846321106,0.856753408908844,0.880836546421051,1
3302,1.26090312004089,0,279165,0.180226683616638,0.383643627166748,7.85749387741089,6.50487375259399,-7.45288233793772,109.17644392413,32,32,60,60,84,84,1043153,279165,352,1.26090312004089,879099,188004,0.180226683616638,0.213859871029854,0.160948742557075,0,12.5395582838462,-1.54243428671257,12.5395582838462,2.06146771048609,0.231828226149445,1,1.54961729049683,0.786140143871307,0.819773316383362,1
3303,1.97013485431671,1,153289,0.153778031468391,0.39397144317627,7.53695106506348,6.00169467926025,-7.32182070150944,109.411607212877,30,30,50,50,71,71,586111,153289,302,1.97013485431671,494946,90131,0.153778046369553,0.18210269510746,0.127944220324506,1,11.9400803075561,-1.7031844922073,11.9400803075561,2.01981773221235,0.678101994374905,1,1.88141334056854,0.817897319793701,0.846221923828125,1
3304,2.19748759269714,1,160638,0.129259452223778,0.49532413482666,5.53082990646362,5.85754537582397,-7.35176944624581,109.661572803725,32,33,60,60,84,84,591655,160638,353,2.19748759269714,504468,76477,0.129259452223778,0.151599302887917,0.134218741416244,1,11.9869086652088,-1.8865144041491,11.9869086652088,1.7103378777759,0.787314704462117,1,1.8554949760437,0.848400712013245,0.870740532875061,1
3305,1.71690547466278,1,272001,0.168289795517921,0.410073965787888,7.28927135467529,6.82377433776855,-7.65699950796013,109.618453062405,42,43,80,80,111,111,935024,272001,467,1.71690547466278,789430,157355,0.168289795517921,0.199327364563942,0.0987804836753667,1,12.513561021742,-1.61280675780709,12.513561021742,1.9864035896774,0.540523527786481,1,1.56400609016418,0.800672650337219,0.83171021938324,1
3306,1.50672042369843,0,192471,0.187808007001877,0.450082540512085,6.36910772323608,8.3816614151001,-7.69915203949489,109.966929812882,23,23,50,50,72,72,659088,192471,290,1.50672042369843,560723,123782,0.187808007001877,0.220754280686378,0.0562892868628239,0,12.1677007720106,-1.51070504812831,12.1677007720106,1.85145938492748,0.409935383985391,1,1.75543105602264,0.779245734214783,0.812191963195801,1
3307,1.91861641407013,1,139684,0.14588488638401,0.470971494913101,5.25263023376465,5.90702819824219,-7.41535312637353,109.909198879901,21,21,46,46,67,67,517216,139684,268,1.91861641407013,434898,75454,0.14588488638401,0.173498153686523,0.147836679914713,1,11.8471380075477,-1.75158832122808,11.8471380075477,1.65872894805403,0.651604308598164,1,1.9328545331955,0.826501846313477,0.854115128517151,1
3308,1.63062846660614,0,218934,0.141069784760475,0.389442771673203,7.64645910263062,7.37977170944214,-7.50282824103767,110.247601110343,45,46,55,55,78,78,830199,218934,357,1.63062834739685,710909,117116,0.141069784760475,0.164741203188896,0.118603082243216,0,12.2965255935146,-1.80337950193314,12.2965255935146,2.03424267828335,0.48896542973732,1,1.68412983417511,0.835258781909943,0.858930230140686,1
3309,1.67735576629639,0,202700,0.170187309384346,0.409310340881348,6.98110485076904,7.71016693115234,-7.41024212588945,110.652930769558,35,35,56,56,79,79,708631,202700,340,1.67735576629639,606640,120600,0.170187309384346,0.198799952864647,0.0979571989469163,0,12.2194823324401,-1.61545622185905,12.2194823324401,1.94320719232384,0.517218604823657,1,1.72677135467529,0.801200032234192,0.829812705516815,1
3310,1.11281275749207,0,265094,0.189619585871696,0.436464488506317,721.228698730469,8.2232837677002,-7.68531544818683,110.614361672591,41,42,43,43,63,63,957496,265094,295,1.11281275749207,822997,181560,0.189619585871696,0.220608338713646,0.107403809039744,0,12.4878397590523,-1.51136637272462,12.4878397590523,6.5809562835636,0.106890825878478,1,1.57824218273163,0.779391646385193,0.810380399227142,1
3311,1.59050238132477,0,140836,0.151910424232483,0.487768173217773,634.876831054688,7.94833898544312,-7.68666577214457,110.832485599689,23,23,36,36,58,58,493712,140836,234,1.66150689125061,422400,75000,0.151910424232483,0.177556812763214,0.17976359480766,0,11.8553513718432,-1.72846464937332,11.8553513718432,6.45343101323568,0.507724956411861,1,1.92830872535706,0.822443187236786,0.848089575767517,1
3312,1.5373363494873,0,254336,0.172385960817337,0.413631796836853,834.83837890625,6.95133256912231,-7.92080648292153,110.999390747195,34,35,67,67,94,94,893060,254336,391,1.5373363494873,764922,153951,0.172385960817337,0.201263651251793,0.0462324903525771,0,12.4464115064714,-1.60313953267693,12.4464115064714,6.72723814791994,0.430051275675615,1,1.60117173194885,0.798736333847046,0.827614068984985,1
3313,1.68411755561829,0,144883,0.150613084435463,0.547523260116577,391.330291748047,6.82725858688354,-7.61114047459596,111.014777042902,25,25,39,39,58,58,501975,144883,244,1.684117436409,431457,75604,0.150613084435463,0.175229519605637,0.195069641393312,0,11.8836817991347,-1.74165862377309,11.8836817991347,5.96955193932528,0.521241649973567,1,1.91262853145599,0.824770450592041,0.849386930465698,1
3314,1.77022671699524,1,185287,0.144878476858139,0.430347323417664,620.404541015625,6.03713321685791,-7.38469091776244,110.975633444925,31,31,55,55,78,78,642007,185287,328,1.77022671699524,546789,93013,0.144878476858139,0.170107662677765,0.166468065874349,0,12.1296612533094,-1.77132373251874,12.1296612533094,6.43037175077209,0.571107627080956,1,1.77648508548737,0.829892337322235,0.855121493339539,1
3315,1.76029479503632,1,255639,0.163740217685699,0.411145269870758,896.60400390625,6.67831420898438,-7.11748065594689,110.928722861415,31,31,81,81,113,113,882868,255639,450,1.76029479503632,743297,144561,0.163740217685699,0.194486185908318,0.137173450808924,1,12.4515215720057,-1.63739414205355,12.4515215720057,6.79861429736634,0.565481292203699,1,1.59834337234497,0.805513799190521,0.836259782314301,1
3316,2.13172221183777,1,175445,0.143876865506172,0.406011074781418,571.616333007812,5.5998682975769,-7.07434851549168,111.384769126055,31,31,65,65,91,91,620621,175445,374,2.13172221183777,532867,89293,0.143876865506172,0.167570888996124,0.11530991423882,1,12.0750808824577,-1.78634879936114,12.0750808824577,6.34846801983889,0.756930203179322,1,1.80669391155243,0.832429111003876,0.856123149394989,1
3317,2.87920427322388,1,99333,0.125426068902016,0.62980318069458,361.572113037109,6.27985715866089,-6.7757982628607,111.462408208875,17,17,52,52,74,74,367021,99333,286,2.87920427322388,315621,46034,0.125426068902016,0.145852148532867,0.186843944189871,1,11.5062331211091,-1.92516185166366,11.5062331211091,5.89046150451835,1.05751396195214,1,2.12153697013855,0.854147851467133,0.874573945999146,1
3318,2.18598866462708,1,239251,0.142708256840706,0.501165568828583,1285.14245605469,6.48670148849487,-6.74483224404467,111.040262847094,46,47,90,90,125,125,842488,239251,523,2.18598866462708,720053,120230,0.142708256840706,0.166973814368248,0.146386572190758,1,12.3852684890348,-1.78991827904995,12.3852684890348,7.15862485192767,0.782068204300406,1,1.63501286506653,0.833026170730591,0.857291758060455,1
3319,2.34584999084473,1,122770,0.15538501739502,0.510317444801331,963.082336425781,7.3874363899231,-6.7976939040944,110.868430549464,23,23,50,50,71,71,449432,122770,288,2.34584999084473,377829,69835,0.15538501739502,0.184832289814949,0.1767555603801,1,11.7180679651749,-1.68830640660192,11.7180679651749,6.87013890806614,0.852647805665444,1,2.00429153442383,0.815167725086212,0.84461498260498,1
3320,2.58425354957581,1,160201,0.140420988202095,0.470594882965088,324.612457275391,6.25393915176392,-6.55602748052292,110.765838647692,36,36,71,71,100,100,591564,160201,414,2.58425354957581,499111,83068,0.140420988202095,0.166431918740273,0.170435235685175,1,11.9841845557942,-1.79316894963741,11.9841845557942,5.78263203165584,0.949436704007472,1,1.85700273513794,0.833568096160889,0.859579026699066,1
3321,1.9162300825119,1,172735,0.125557780265808,0.408055663108826,769.928771972656,6.15529012680054,-6.916910358786,110.626267000994,32,33,55,55,78,78,594539,172735,331,1.9162300825119,494096,74649,0.125557780265808,0.15108197927475,0.124905826983877,1,12.0595139071797,-1.88993268038474,12.0595139071797,6.64629800663736,0.650359757157385,1,1.815309882164,0.84891802072525,0.874442219734192,1
3322,1.5911853313446,0,191681,0.15228696167469,0.394276171922684,715.563842773438,7.83859586715698,-7.27106890701001,110.476631912368,34,35,49,49,69,69,677274,191681,305,1.5911853313446,575280,103140,0.15228696167469,0.179286614060402,0.0419253511658988,0,12.163587810924,-1.71876955782056,12.163587810924,6.57307082321079,0.464479229903146,1,1.75770747661591,0.820713400840759,0.847713053226471,1
3323,1.90427935123444,1,130233,0.17280875146389,0.44570717215538,238.700820922852,6.62874317169189,-7.25939687673244,110.14001421544,18,18,43,43,63,63,471637,130233,248,1.90427923202515,400649,81503,0.17280875146389,0.20342743396759,0.165222328073323,1,11.7770804328632,-1.59244592753261,11.7770804328632,5.47521097247943,0.644103581091703,1,1.97162973880768,0.79657256603241,0.827191233634949,1
3324,1.72807192802429,0,178812,0.125290542840958,0.459078103303909,362.759124755859,5.61961793899536,-7.04002493924155,110.156563879369,33,34,50,50,71,71,650935,178812,309,1.72807192802429,545798,81556,0.125290542840958,0.149425238370895,0.0754226978558603,0,12.0940902535635,-1.90095908901865,12.0940902535635,5.89373904584038,0.547006294529625,1,1.79617273807526,0.850574731826782,0.874709486961365,1
3325,2.77256512641907,1,118302,0.115297481417656,0.504571497440338,448.773315429688,5.07046842575073,-7.01780369333327,109.875114147501,29,29,56,56,79,79,455101,118302,328,2.77256512641907,383575,52472,0.115297481417656,0.136797234416008,0.153140265343804,1,11.6809959559943,-1.98925549025529,11.6809959559943,6.10651789484208,1.01977293010863,1,2.02481007575989,0.863202750682831,0.884702503681183,1
3326,1.84342098236084,1,143212,0.119463510811329,0.499156326055527,371.592681884766,6.54935646057129,-7.06085743748845,109.632156428685,21,21,45,45,66,66,554119,143212,264,1.84342086315155,465634,66197,0.119463510811329,0.142165303230286,0.161989208435376,0,11.8720813288804,-1.95076479117281,11.8720813288804,5.91779831321715,0.611623010269457,1,1.91904902458191,0.857834696769714,0.880536496639252,1
3327,2.063809633255,1,207868,0.0905318260192871,0.439318478107452,1892.96740722656,5.59151315689087,-7.03950311389034,109.394036186699,50,51,69,69,95,95,804833,207868,429,2.063809633255,672419,72863,0.0905318260192871,0.108359523117542,0.160973872355558,1,12.2446585418453,-2.22230066268354,12.2446585418453,7.54590093353683,0.724553611415594,1,1.71283686161041,0.891640484333038,0.909468173980713,1
3328,1.39006078243256,0,225170,0.0972828194499016,0.41220435500145,862.054870605469,5.73650693893433,-7.02910631037018,109.160515600068,40,41,48,48,68,68,865641,225170,313,1.39006090164185,714339,84212,0.0972828194499016,0.117888003587723,0.239537148009499,0,12.3246109514537,-2.13802022735603,12.3246109514537,6.75931892363254,0.329347560313614,1,1.66858530044556,0.8821120262146,0.902717173099518,1
3329,2.52785301208496,1,267025,0.0925515592098236,0.417621523141861,1163.11376953125,5.77093744277954,-7.06274234694574,108.928731821503,74,75,110,110,153,153,1043883,267025,675,2.52785325050354,864554,96613,0.0925515592098236,0.111748948693275,0.191287207493886,1,12.4950975659579,-2.19150045319915,12.4950975659579,7.05885597192271,0.927370424957078,1,1.57422518730164,0.888251066207886,0.907448410987854,1
3371,2.22869277000427,0,27819,0.260497868061066,0.429470211267471,116.498748779297,9.69308090209961,-7.49445182878942,110.226225414127,5,5,8,8,18,18,110308,27819,62,2.22869253158569,94801,28735,0.260497868061066,0.303108602762222,0.111813883538256,0,10.2334745194683,-1.19366411273382,10.2334745194683,4.75788053285621,0.801415104819899,1,2.82597684860229,0.6968914270401,0.739502131938934,0
3372,1.31711483001709,0,103256,0.250286638736725,0.288622558116913,476.063812255859,9.97736549377441,-7.55616842476715,110.823057864399,18,18,18,18,32,32,414285,103256,136,1.31711483001709,361114,103690,0.250286638736725,0.287139236927032,0.125182767130528,0,11.544966620515,-1.24778803478061,11.544966620515,6.16555190460732,0.275443609557903,1,2.1000988483429,0.712860763072968,0.749713361263275,0
3373,2.92302703857422,0,18474,0.25733557343483,0.604172945022583,69.6728439331055,8.77782726287842,-7.33904474800387,110.497803960607,3,3,7,7,17,17,69831,18474,54,2.92302680015564,60274,17970,0.25733557343483,0.298138499259949,0.205240699077019,0,9.82411961715256,-1.21019713782815,9.82411961715256,4.2438106282621,1.07261965480266,1,3.05254459381104,0.701861500740051,0.742664456367493,0
3374,1.32373118400574,0,164686,0.235099524259567,0.295881479978561,819.5576171875,8.95771312713623,-7.02199280455991,110.385487809827,14,14,37,37,58,58,646590,164686,218,1.32373130321503,551939,152013,0.235099524259567,0.275416314601898,0.460713325137038,0,12.0117959095169,-1.28947145478387,12.0117959095169,6.70876470344579,0.280454493727993,1,1.84172058105469,0.724583685398102,0.76490044593811,0
3375,3.19548177719116,1,26913,0.184001713991165,0.562979102134705,133.396713256836,7.50171613693237,-6.90130921908733,109.688110983159,4,4,13,13,26,26,111537,26913,86,3.19548177719116,96109,20523,0.184001713991165,0.21353879570961,0.171567402599798,1,10.2003647202274,-1.54393674989568,10.2003647202274,4.89332749492339,1.16173786744483,1,2.84430241584778,0.786461234092712,0.815998315811157,0
3376,2.71564888954163,0,26513,0.220856338739395,0.473229825496674,104.508346557617,8.3630199432373,-6.87540695352603,109.111684977974,5,5,10,10,21,21,105752,26513,72,2.71564888954163,91216,23356,0.220856338739395,0.256051570177078,0.2174565776963,0,10.1853904577239,-1.36237640878588,10.1853904577239,4.64926693958008,0.999030926502339,1,2.85259032249451,0.743948459625244,0.779143691062927,0
3401,1.42924737930298,0,103551,0.203123733401299,0.694139420986176,223.586471557617,7.88145446777344,-7.81941027244214,110.17162245998,14,14,22,22,38,38,370646,103551,148,1.42924737930298,320800,75287,0.203123733401299,0.23468516767025,0.0158121660568092,0,11.5478195239475,-1.44951037509597,11.5478195239475,5.40979823657766,0.357147997543316,1,2.09851980209351,0.765314817428589,0.79687625169754,1
3402,1.4927806854248,0,159434,0.182387322187424,0.504208326339722,31381.67578125,8.10407829284668,-7.90415980010589,110.3586969937,19,19,40,40,60,60,568636,159434,238,1.49278080463409,495257,103712,0.182387322187424,0.209410473704338,0.109565605723492,0,11.9793853224676,-1.56345896410629,11.9793853224676,10.3539794277053,0.400640692396232,1,1.85965895652771,0.790589511394501,0.817612648010254,1
3403,1.11088895797729,0,180036,0.15697780251503,0.741934537887573,14084.6015625,7.83141660690308,-7.99531616195973,110.612589732683,18,18,25,25,42,42,620145,180036,170,0.944255590438843,530236,97349,0.15697780251503,0.183595612645149,0.0616028043532477,0,12.100912109875,-1.69501969734952,12.100912109875,9.55283739183794,-0.0573583968999825,1,1.79239702224731,0.816404402256012,0.843022227287292,1
3404,1.31311547756195,0,159925,0.205852761864662,0.525000691413879,11108.458984375,9.3260669708252,-7.71623870047589,110.389127359725,20,20,40,40,60,60,588304,159925,240,1.50070345401764,510972,121104,0.205852761864662,0.237007111310959,0.140750584904894,0,11.9824602343183,-1.43966513276569,11.9824602343183,9.31546216773643,0.405933967521502,1,1.85795712471008,0.762992858886719,0.794147253036499,1
3471,1.90111720561981,0,81005,0.34757074713707,0.433769553899765,915.960571289062,10.5400867462158,-7.80293646827407,110.374173222522,14,14,23,23,40,40,342267,80995,154,1.90135192871094,300780,118962,0.34757074713707,0.395511656999588,0.15548237930931,0,11.3022661601445,-0.927575018126384,11.3021427033542,6.81997331930344,0.642565174573621,1,2.2344958782196,0.604488372802734,0.652429223060608,0
3501,1.09786128997803,0,138451,0.170173034071922,0.559522151947021,13817.3955078125,6.5224723815918,-8.12687947292145,111.17696969886,13,41,35,35,14,14,476562,138451,152,1.09786128997803,410864,81098,0.170173034071922,0.197384044528008,0.00306455822342485,0,11.8382717513971,-1.62260398337512,11.8382717513971,9.53368362137106,0.0933640053967113,1,1.93776178359985,0.802615940570831,0.829826951026917,1
3502,1.86713016033173,1,200843,0.13768957555294,0.416757345199585,563.505737304688,6.15349149703979,-7.93195025881212,111.49896467212,35,32,40,40,114,114,738756,200843,375,1.86713004112244,631541,101719,0.13768957555294,0.161064758896828,0.0586846327857986,1,12.2102787873006,-1.8259487656973,12.2102787873006,6.33417751498024,0.624402514583049,1,1.73186528682709,0.838935256004333,0.862310409545898,1
3503,1.20781862735748,0,149029,0.1690783649683,0.494527876377106,432.5966796875,6.73589134216309,-8.16512482770301,111.623917356533,15,13,32,32,44,44,521279,149029,180,1.20781862735748,436973,88137,0.1690783649683,0.201698958873749,0.0796900947603484,0,11.9118961968619,-1.60097899579162,11.9118961968619,6.06980583824101,0.188815945324056,1,1.897012591362,0.798301041126251,0.830921649932861,1
3504,1.19020688533783,0,203326,0.192449823021889,0.435000330209732,720.236938476562,7.19898653030396,-8.11484047629658,111.886189353282,24,44,40,40,47,47,759850,203326,242,1.19020688533783,652581,146233,0.192449823021889,0.224084064364433,0.0921085362897783,0,12.2225658812572,-1.49573401018856,12.2225658812572,6.5795802390922,0.174127145237784,1,1.72506463527679,0.775915920734406,0.807550191879272,1
3505,0.888492345809937,0,264493,0.174591556191444,0.34337642788887,575.546020507812,6.52955389022827,-8.09649330199698,112.166748761992,30,47,47,47,32,32,950802,264493,235,0.888492345809937,808522,166002,0.174591556191444,0.205315381288528,0.0870154358729845,0,12.4855700649019,-1.58320803672848,12.4855700649019,6.35531919109481,-0.118229246157305,1,1.57949841022491,0.794684648513794,0.825408458709717,1
3506,1.05779564380646,0,294953,0.152640655636787,0.320039421319962,1122.21704101562,6.81445121765137,-7.8295184879112,112.088046264546,48,32,38,38,78,78,1080695,294953,312,1.05779564380646,914731,164958,0.152640655636787,0.180334985256195,0.133492079842882,0,12.594571300595,-1.71293912846017,12.594571300595,7.0230615085657,0.0561871614775812,1,1.51916897296906,0.819665014743805,0.847359359264374,1
3507,1.78124034404755,1,462599,0.142274007201195,0.283690094947815,2423.94384765625,6.26812553405762,-8.11106191629856,112.633365560401,98,52,120,120,217,217,1767055,462599,824,1.78124034404755,1503761,251406,0.142274007201195,0.167184814810753,0.146451679333635,1,13.0446158670824,-1.78865540296582,13.0446158670824,7.79315118176258,0.577309944134543,1,1.27008056640625,0.832815170288086,0.857725977897644,1
3508,1.93296349048615,1,196072,0.113047078251839,0.376454949378967,1641.88684082031,5.60680198669434,-8.12554776770557,113.13816464112,37,44,60,60,89,89,786628,196072,379,1.93296337127686,674257,88926,0.113047085702419,0.131887391209602,0.105675537559736,1,12.1862372176961,-2.02580681738696,12.1862372176961,7.40360137218102,0.659054250888278,1,1.74517166614532,0.868112623691559,0.886952936649323,1
3509,1.91947901248932,1,411570,0.117792539298534,0.280920803546906,578.593078613281,5.26630592346191,-8.2372530916566,113.659931210515,111,47,130,130,186,186,1706271,411570,790,1.91947913169861,1445736,200986,0.117792539298534,0.139019846916199,0.0973206355397343,1,12.9277343939883,-1.97313857247427,12.9277343939883,6.36059943017059,0.652053863661461,1,1.3347715139389,0.860980153083801,0.882207453250885,1
3510,1.48540139198303,0,338629,0.14519302546978,0.312859803438187,225.551956176758,6.45498943328857,-8.3653905988922,114.207797665368,76,47,140,140,50,50,1304367,338629,503,1.48540139198303,1099653,189385,0.14519302546978,0.172222509980202,0.0853028867936034,0,12.7326603917946,-1.75896797555368,12.7326603917946,5.41855053673525,0.395685033362511,1,1.44274008274078,0.827777504920959,0.854806959629059,1
3511,2.99505829811096,1,120198,0.108377583324909,0.432709217071533,355.274993896484,4.34782934188843,-7.94169550515557,113.945798903248,42,32,48,48,95,95,554229,120198,360,2.99505829811096,479185,60066,0.108377583324909,0.125350341200829,0.0997031014099522,1,11.6968956620097,-2.07664273239647,11.6968956620097,5.87289212029823,1.09696369652353,1,2.01601004600525,0.87464964389801,0.891622424125671,1
3512,3.51447153091431,1,101580,0.109466567635536,0.474934428930283,322.432769775391,4.47765398025513,-7.80072351743464,114.052957253582,35,92,80,80,35,35,470107,101580,357,3.51447153091431,417428,51461,0.109466567635536,0.123281143605709,0.110063789637762,1,11.5286019443552,-2.09328781152313,11.5286019443552,5.77589464869107,1.2568891671356,1,2.10915637016296,0.876718878746033,0.890533447265625,1
3513,2.77704453468323,1,181848,0.101685009896755,0.35687455534935,541.040771484375,4.33100318908691,-7.86746629646912,113.319639867857,54,45,56,56,147,147,756375,181848,505,2.77704477310181,638403,76912,0.101685009896755,0.120475627481937,0.135605770168608,1,12.1109264522793,-2.11630780806974,12.1109264522793,6.2934946391942,1.02138733102573,1,1.78685426712036,0.879524350166321,0.898315012454987,1
3514,1.3776718378067,0,242438,0.129851102828979,0.341846615076065,674.491516113281,5.23750257492065,-7.74477398820956,112.829654227357,48,40,40,40,83,83,872792,242438,334,1.3776718378067,742996,113333,0.129851102828979,0.152535140514374,0.170204152217257,0,12.3985012865674,-1.88036027987704,12.3985012865674,6.51395909753058,0.320395000403946,1,1.62768876552582,0.847464859485626,0.870148897171021,1
3515,1.20275366306305,0,189565,0.179029390215874,0.371769785881042,1127.7685546875,7.97319459915161,-7.4511725994008,112.695904030154,34,34,30,30,50,50,667639,189565,228,1.20275366306305,562630,119527,0.179029390215874,0.212443351745605,0.245819524595427,0,12.1524872526064,-1.54907990617712,12.1524872526064,7.02799622899067,0.184613647165891,1,1.76385140419006,0.787556648254395,0.820970594882965,1
3516,1.48260676860809,0,164575,0.199726596474648,0.377775341272354,720.900817871094,6.64261722564697,-7.55074340882389,112.483278516215,31,27,29,29,64,64,596185,164575,244,1.48260676860809,505535,119074,0.199726596474648,0.235540568828583,0.168470037605067,0,12.0111216723361,-1.44587211357385,12.0111216723361,6.58050156592382,0.393801868593674,1,1.84209370613098,0.764459431171417,0.800273418426514,1
3517,1.44510662555695,0,217285,0.178319603204727,0.3704474568367,700.418090820312,7.06787729263306,-7.54669915764054,112.263152098005,46,38,54,54,61,61,812485,217285,314,1.44510674476624,692279,144882,0.178319603204727,0.209282666444778,0.147683482813196,0,12.2889651348697,-1.56406946975482,12.2889651348697,6.55167742934756,0.368183190646551,1,1.68831431865692,0.790717363357544,0.821680426597595,1
3518,1.62002742290497,0,209873,0.156193599104881,0.440223872661591,654.767517089844,6.95504808425903,-7.59754942666425,111.937211239922,30,48,46,46,85,85,774590,209873,340,1.62002730369568,661131,120986,0.156193599104881,0.182998523116112,0.130630708117786,0,12.2542578648526,-1.69827719657704,12.2542578648526,6.48428023688996,0.482443003235398,1,1.70752394199371,0.817001461982727,0.843806385993958,1
3519,1.35766530036926,0,163516,0.181433171033859,0.456825613975525,578.152465820312,7.39451265335083,-7.62527214627454,111.644410732478,25,35,37,37,44,44,583934,163516,222,1.35766530036926,500061,105945,0.181433171033859,0.211864158511162,0.0924454705393384,0,12.0046661238588,-1.55180997142547,12.0046661238588,6.35983761558415,0.305766533640622,1,1.84566676616669,0.788135826587677,0.818566799163818,1
3520,1.28071665763855,0,146012,0.177694082260132,0.522485971450806,827.7578125,7.14040660858154,-7.66308039266725,111.35566999826,20,41,23,23,40,40,557081,146012,187,1.28071665763855,479511,98990,0.177694082260132,0.206439480185509,0.0885797847321742,0,11.8914440890937,-1.57774798369786,11.8914440890937,6.718720614619,0.247419810032399,1,1.90833222866058,0.79356050491333,0.822305917739868,1
3521,1.68041396141052,0,195190,0.168387174606323,0.399680733680725,557.045776367188,5.81882619857788,-7.43813001458214,111.342627914727,38,48,46,46,75,75,694079,195190,328,1.68041396141052,593127,116874,0.168387174606323,0.197047173976898,0.102725005665587,0,12.1817287221407,-1.62431211709889,12.1817287221407,6.32264742033348,0.519040168663795,1,1.7476669549942,0.802952826023102,0.831612825393677,1
3522,1.81701576709747,1,233900,0.124045141041279,0.377989828586578,361.756713867188,5.64095497131348,-7.255133048929,111.806064833169,52,43,85,85,80,80,862428,233900,425,1.81701576709747,737545,106980,0.124045141041279,0.145048782229424,0.147069980125641,1,12.3626489525723,-1.93068516397273,12.3626489525723,5.89097192475108,0.597195466920398,1,1.64753222465515,0.854951202869415,0.875954866409302,1
3523,2.2335045337677,1,198343,0.116842560470104,0.409295588731766,392.995788574219,4.7574987411499,-6.95369525456757,111.89437085724,48,77,77,77,82,82,748657,198343,443,2.2335045337677,639022,87475,0.116842560470104,0.13688887655735,0.152231704124298,1,12.1977531341677,-1.98858580230919,12.1977531341677,5.97379889571571,0.80357189170173,1,1.73879790306091,0.863111138343811,0.883157432079315,1
3524,1.95024800300598,1,240995,0.152048647403717,0.380443930625916,501.39990234375,6.11215877532959,-7.13309994266784,112.29992915627,70,64,85,85,83,83,909038,240995,470,1.95024788379669,777443,138218,0.152048647403717,0.177785381674767,0.143921254722272,1,12.3925314653696,-1.72717817708461,12.3925314653696,6.21740399095702,0.667956484392346,1,1.6309928894043,0.822214603424072,0.847951352596283,1
3525,1.77523970603943,1,161105,0.185565292835236,0.439724415540695,537.329833984375,6.3285083770752,-6.92240601175832,112.557415530935,49,37,58,58,42,42,610944,161105,286,1.77523970603943,520399,113370,0.185565292835236,0.21785207092762,0.176189185553283,0,11.9898116053067,-1.52393902025492,11.9898116053067,6.28661212194123,0.573935459465552,1,1.85388827323914,0.782147943973541,0.814434707164764,1
3526,2.78812575340271,1,172876,0.0950598195195198,0.40493306517601,551.489074707031,4.46045017242432,-7.04463600631779,112.927641524528,52,44,80,80,113,113,631455,172876,482,2.78812551498413,541125,60026,0.0950598195195198,0.110928155481815,0.0863148002704208,1,12.0603298534767,-2.19887253513673,12.0603298534767,6.31262202835596,1.02536951160663,1,1.81485819816589,0.889071822166443,0.904940187931061,1
3527,3.43139505386353,1,152999,0.0782091617584229,0.394529640674591,464.943572998047,2.7684473991394,-7.05149175047913,113.255148751809,49,40,100,100,118,118,535615,152999,525,3.43139481544495,450175,41890,0.0782091617584229,0.0930527001619339,0.121049291054882,1,11.9381866644055,-2.3745892779169,11.9381866644055,6.14191604983275,1.23296683025066,1,1.88246142864227,0.906947314739227,0.921790838241577,1
3528,2.62387561798096,1,121957,0.117014594376087,0.408611178398132,621.230529785156,5.53619813919067,-7.06675310029603,113.50209194618,32,38,40,40,85,85,455362,121957,320,2.62387561798096,385926,53284,0.117014594376087,0.138067916035652,0.168801420207579,1,11.7114238025707,-1.98000956970277,11.7114238025707,6.43170223653365,0.964652468274261,1,2.00796890258789,0.861932098865509,0.882985413074493,1
3529,3.75799870491028,1,174561,0.0920187905430794,0.384822756052017,410.670959472656,4.9271125793457,-6.96493310503476,114.410950077685,57,99,90,90,160,160,762616,174561,656,3.7579984664917,660281,70175,0.0920187905430794,0.106280505657196,0.114244087585878,1,12.0700295297398,-2.24167340031867,12.0700295297398,6.01779230863206,1.32388649292618,1,1.80948972702026,0.893719494342804,0.907981216907501,1
3571,1.35036659240723,0,46654,0.244212120771408,0.393492311239243,2839.126953125,8.75188255310059,-7.8266381165757,112.013057091215,4,23,16,16,2,2,178865,46654,63,1.35036647319794,153862,43681,0.244212120771408,0.283897250890732,0.214404902595163,0,10.7505139475085,-1.25914289892195,10.7505139475085,7.95125187302336,0.300376017239399,1,2.53980851173401,0.716102719306946,0.75578784942627,0
3572,2.78003001213074,0,17266,0.237355574965477,0.688782155513763,2120.5,8.57705307006836,-8.13200499758543,112.236405830604,2,2,16,16,6,6,67856,17266,48,2.78003001213074,59021,16106,0.237355574965477,0.272885918617249,0.144127017545028,0,9.75649452879547,-1.29870145165647,9.75649452879547,7.65940718891465,1.02246172337475,1,3.08997344970703,0.727114081382751,0.762644410133362,0
3573,0.972434818744659,0,103863,0.246543794870377,0.274922579526901,3549.81518554688,8.82866477966309,-7.97392527213027,112.63155214556,17,28,15,15,13,13,422428,103863,101,0.972434818744659,362520,104147,0.246543794870377,0.287286221981049,0.190173587041919,0,11.5508280020187,-1.24727627105237,11.5508280020187,8.17465082070494,-0.0279522301628584,1,2.09685468673706,0.712713778018951,0.753456234931946,0
3574,4.13740015029907,1,20786,0.200187787413597,0.488757193088531,1438.73681640625,7.08486652374268,-7.77754192092757,113.213078609096,6,8,16,16,20,20,82008,20786,86,4.13740015029907,70539,16417,0.200187787413597,0.232736498117447,0.199871411211864,1,9.94203496214837,-1.45784837474415,9.94203496214837,7.27152079676648,1.42006760755375,1,2.98728156089783,0.767263531684875,0.799812197685242,0
3575,4.45420980453491,0,19149,0.234501630067825,0.537666380405426,2150.45703125,7.57175970077515,-7.653409126755,112.903682447297,4,4,14,14,0,0,75266,19149,36,1.87999367713928,65244,17650,0.234501630067825,0.270522952079773,0.21549869681969,0,9.86000577392417,-1.30739833372303,9.86000577392417,7.67343567120576,0.631268413612416,1,3.03268265724182,0.729477047920227,0.765498399734497,0
3576,1.8904824256897,0,15340,0.232532948255539,0.61516672372818,3750.8125,8.72664833068848,-7.46904248445693,112.438309946926,3,2,10,10,2,2,60013,15340,29,1.8904824256897,51381,13955,0.232532948255539,0.2715984582901,0.132372018270153,0,9.63821907492125,-1.30343055971245,9.63821907492125,8.22972776216229,0.636832048188052,1,3.15543603897095,0.7284015417099,0.767467021942139,0
3577,1.3537905216217,0,35456,0.264647781848907,0.37646809220314,2475.39990234375,8.9278507232666,-7.62973582704264,111.530430813902,3,13,15,15,1,1,136147,35456,48,1.35379064083099,117552,36031,0.264647781848907,0.306511163711548,0.0986318374613455,0,10.476047770107,-1.18250110106674,10.476047770107,7.81415723865523,0.302908539810233,1,2.6917188167572,0.693488836288452,0.735352218151093,0
3578,1.04475200176239,0,371380,0.194191828370094,0.25773024559021,5679.7626953125,9.75539016723633,-7.27492148751997,112.714238467448,77,37,37,37,100,100,1556255,371380,388,1.04475200176239,1328869,302212,0.194191828370094,0.227420464158058,0.260031679958456,0,12.8249810761546,-1.48095470981474,12.8249810761546,8.64466473184815,0.0437795383645261,1,1.39164292812347,0.772579550743103,0.805808186531067,0
5101,6.21695137023926,1,45199,0.151140078902245,0.899241864681244,204.331192016602,6.22044706344604,-8.31073931216016,114.676541749401,5,8,22,22,112,112,172006,45199,281,6.21695184707642,139443,25997,0.151140078902245,0.186434596776962,0.175075351423339,1,10.7188302416818,-1.67967478892651,10.7188302416818,5.31974216768596,1.82727972989391,0,2.55734467506409,0.813565373420715,0.848859906196594,0
5102,3.83867383003235,1,78673,0.147480368614197,0.62839263677597,390.584930419922,7.70180559158325,-8.42807073309447,115.078189839985,8,12,25,25,116,116,328064,78673,302,3.83867383003235,274070,48383,0.147480368614197,0.176535189151764,0.0439855022754835,1,11.2730553005736,-1.73423505051607,11.2730553005736,5.96764543710417,1.34512695018785,0,2.25059509277344,0.823464810848236,0.852519631385803,0
5103,1.97943866252899,1,96492,0.179035261273384,0.587388455867767,956.695068359375,7.57277345657349,-8.58503399860814,115.18733186592,15,10,42,42,41,41,400396,96492,191,1.97943878173828,337657,71685,0.179035261273384,0.2123012393713,0.230735062288407,0,11.4772153823361,-1.54974907246001,11.4772153823361,6.8634847078254,0.682813360962199,0,2.13759756088257,0.787698745727539,0.820964753627777,0
5104,2.4221453666687,1,63580,0.102230548858643,0.568385660648346,738.021728515625,6.89800548553467,-8.47980055302965,115.287294247794,14,14,30,30,33,33,271592,63580,154,2.4221453666687,223338,27765,0.102230548858643,0.124318294227123,0.0766461496055049,1,11.0600542344648,-2.08491011328123,11.0600542344648,6.60397326660015,0.884653662598479,0,2.36848568916321,0.875681698322296,0.897769451141357,0
5105,2.29337811470032,0,34447,0.10468964278698,0.870516180992126,442.244445800781,6.22098827362061,-8.66800179534174,115.4928095326,7,8,16,16,16,16,139307,34447,79,2.2933783531189,118004,14584,0.10468964278698,0.123589031398296,0.155010273951383,0,10.4471771899213,-2.09079348062865,10.4471771899213,6.09186277400293,0.830025993804912,0,2.70769786834717,0.876410961151123,0.895310342311859,0
5106,2.73265528678894,0,32935,0.0923825427889824,0.711148202419281,265.599731445312,5.51047611236572,-8.2929202380943,115.349584629949,8,8,18,18,19,19,138327,32935,90,2.73265528678894,115826,12779,0.0923825427889824,0.110329285264015,0.155164531520549,0,10.4022912010748,-2.20428588239627,10.4022912010748,5.58199040647719,1.00527376901976,0,2.73254108428955,0.889670729637146,0.907617449760437,0
5107,2.51845550537109,1,63531,0.0692682340741158,0.674088835716248,318.450592041016,5.17092847824097,-8.37620141245647,115.530613073471,16,16,33,33,31,31,267352,63531,160,2.51845550537109,222500,18519,0.0692682340741158,0.0832314640283585,0.161835122711732,1,11.0592832547317,-2.48612982922675,11.0592832547317,5.763467335949,0.923645818932591,0,2.3689124584198,0.916768550872803,0.930731773376465,0
5108,5.03970384597778,1,100998,0.135583475232124,0.647981345653534,295.263122558594,7.53019142150879,-8.20035703554053,114.963498223117,17,14,44,44,195,195,403294,100998,509,5.03970336914062,328682,54680,0.135583475232124,0.166361406445503,0.188505508519118,1,11.5228559936471,-1.79359270991436,11.5228559936471,5.68786689967352,1.61734722502199,0,2.1123366355896,0.833638608455658,0.864416539669037,0
5171,6.21695137023926,1,45199,0.151140078902245,0.899241864681244,,8.24335289001465,-8.66315183487061,115.220443014082,,,,,,,400396,96492,191,1.97943878173828,337657,71685,0.179035261273384,0.2123012393713,0.230735062288407,0,10.7188302416818,-1.54974907246001,11.4772153823361,,0.682813360962199,0,2.13759756088257,0.787698745727539,0.820964753627777,0
5201,2.68249988555908,1,122274,0.0799471214413643,0.428255915641785,309.164337158203,3.96820425987244,-8.52478770825198,116.179226069815,32,32,72,72,60,60,509812,122274,328,2.68250012397766,416533,40758,0.0799471214413643,0.0978505909442902,0.250500232862438,1,11.7140197070875,-2.3243135458707,11.7140197070875,5.73387297098683,0.986749241739924,0,2.00653219223022,0.902149438858032,0.920052886009216,0
5202,2.51763534545898,1,126309,0.0775180011987686,0.393978029489517,334.023803710938,4.41109275817871,-8.71626931231868,116.298070219858,30,30,70,70,59,59,476986,126309,318,2.51763534545898,382759,36975,0.0775180011987686,0.0966012552380562,0.172017199944782,1,11.7464865647072,-2.33716354366531,11.7464865647072,5.81121225903284,0.923320106016103,0,1.98856258392334,0.903398752212524,0.922482013702393,0
5203,2.11651015281677,1,156862,0.094292514026165,0.399848580360413,370.339569091797,5.29013919830322,-8.53682971827333,116.538762173421,34,34,72,72,60,60,594395,156862,332,2.11650991439819,476390,56047,0.094292514026165,0.117649406194687,0.213926919924833,1,11.9631217169085,-2.14004621104048,11.9631217169085,5.91442033906143,0.749768465304366,0,1.86866044998169,0.882350564002991,0.905707478523254,0
5204,2.40114521980286,1,64969,0.138260185718536,0.600894153118134,28.6797370910645,6.39928579330444,-8.72847062012075,117.362723459176,14,14,31,31,33,33,243577,64969,156,2.40114521980286,204868,33677,0.138260185718536,0.16438390314579,0.221956193685737,1,11.0816655120369,-1.80555071389233,11.0816655120369,3.35619084871118,0.87594579846001,0,2.35652446746826,0.835616111755371,0.861739814281464,0
5205,3.80114030838013,1,19994,0.155805796384811,1.21194875240326,31.9061965942383,7.1489086151123,-8.49165749099473,118.234541481113,6,6,13,13,19,19,74150,19994,76,3.80114030838013,61119,11553,0.155805796384811,0.189024686813354,0.255613652183359,1,9.90318750752713,-1.66587765439221,9.90318750752713,3.46280024152967,1.33530110286966,0,3.00878262519836,0.810975313186646,0.844194173812866,0
5206,2.47457027435303,1,84055,0.16334830224514,0.539324283599854,66.0167541503906,7.14657974243164,-8.4606458320753,118.603589507467,14,14,47,47,43,43,303413,84055,208,2.47457027435303,251467,49562,0.16334830224514,0.197091460227966,0.189353920517396,1,11.3392266254672,-1.62408739286527,11.3392266254672,4.18990856057527,0.906066754421794,0,2.21397089958191,0.802908539772034,0.836651682853699,0
5271,2.68249988555908,1,122274,0.0799471214413643,0.428255915641785,,6.4732141494751,-8.58475460148464,116.112297811004,,,,,,,509812,122274,328,2.68250012397766,416533,40758,0.0799471214413643,0.0978505909442902,0.250500232862438,1,11.7140197070875,-2.3243135458707,11.7140197070875,,0.986749241739924,0,2.00653219223022,0.902149438858032,0.920052886009216,0
5301,1.59019100666046,0,47793,0.1653061658144,0.505344331264496,46.3283157348633,5.51188611984253,-9.55795067931833,119.447558522032,7,7,9,9,22,22,187676,47793,76,1.59019100666046,153116,31024,0.1653061658144,0.202617630362511,0.21314903657258,0,10.774634464241,-1.59643467040816,10.774634464241,3.83575334510626,0.463854138992245,0,2.5264585018158,0.797382354736328,0.834693849086761,1
5302,2.10419988632202,0,23762,0.12995682656765,0.871434211730957,14.7884283065796,6.2254900932312,-9.8759774880804,120.247464271768,7,7,8,8,10,10,103519,23762,50,2.10419988632202,89729,13453,0.12995682656765,0.149929225444794,0.17202407756942,0,10.0758429450182,-1.8975919266009,10.0758429450182,2.69384500377233,0.743935293367727,0,2.91322207450867,0.850070774555206,0.870043158531189,1
5303,1.49172103404999,0,80444,0.176240965723991,0.484337866306305,42.9048805236816,6.60258388519287,-10.1075033235936,123.588417440357,16,16,14,14,30,30,314836,80444,120,1.4917209148407,270127,55487,0.176240965723991,0.205410793423653,0.247181489023779,0,11.2953165691545,-1.5827434345545,11.2953165691545,3.758985584584,0.399930429888399,0,2.23827385902405,0.794589221477509,0.823759019374847,1
5304,1.09878981113434,0,69167,0.207989498972893,0.457861810922623,61.0060806274414,5.77915191650391,-9.82533240179379,124.389217090443,8,8,10,10,20,20,240791,69167,76,1.09878981113434,197239,50082,0.207989498972893,0.253915309906006,0.184714634035989,0,11.1442791492503,-1.37075449312917,11.1442791492503,4.11097354162242,0.0942094024751474,0,2.32186937332153,0.746084690093994,0.792010486125946,1
5305,1.26690530776978,0,31573,0.168251484632492,0.703826546669006,43.9172286987305,5.7686014175415,-9.38383048793121,124.567400096137,7,7,7,7,6,6,117259,31573,40,1.26690518856049,98101,19729,0.168251469731331,0.201109066605568,0.134277191359302,0,10.3600576039616,-1.60390789815982,10.3600576039616,3.78230669636552,0.236577067095017,0,2.75591635704041,0.798890948295593,0.83174854516983,1
5306,1.35879826545715,0,39741,0.116339348256588,0.551421999931335,62.6181526184082,5.73276901245117,-9.33243095221582,124.931388787596,7,7,8,8,12,12,153164,39741,54,1.35879826545715,129311,17819,0.116339348256588,0.137799575924873,0.204822324772146,0,10.5901386793524,-1.98195499787558,10.5901386793524,4.13705521400042,0.306600680777979,0,2.62857222557068,0.862200438976288,0.883660674095154,1
5307,1.3002290725708,0,32302,0.243244901299477,0.653577506542206,39.9284477233887,8.08360004425049,-8.30682794778448,124.56526569582,7,7,8,8,6,6,114395,32302,42,1.3002290725708,96738,27826,0.243244901299477,0.287642925977707,0.0402512926788741,0,10.3828844267985,-1.24603540843932,10.3828844267985,3.68708904537304,0.262540458614237,0,2.74328231811523,0.712357044219971,0.756755113601685,1
5308,1.38479042053223,0,60659,0.176473140716553,0.474262058734894,74.6336441040039,8.56233787536621,-8.37459056912571,123.189563888176,13,13,13,13,16,16,229797,60659,84,1.38479042053223,192731,40553,0.176473140716553,0.210412442684174,0.114564367432938,0,11.0130232957786,-1.55868566163441,11.0130232957786,4.31259139889404,0.325548807273777,0,2.39451622962952,0.789587557315826,0.823526859283447,1
5309,1.04914855957031,0,49564,0.161341115832329,0.668954193592072,105.954795837402,5.36284923553467,-8.60860104306203,122.30513447039,7,7,7,7,12,12,189871,49564,52,1.04914855957031,161853,30634,0.161341115832329,0.189270511269569,0.145783173675775,0,10.8110200427364,-1.66457801066392,10.8110200427364,4.66301254879042,0.0479789395683917,0,2.50631999969482,0.810729503631592,0.83865886926651,1
5310,1.27103793621063,0,45632,0.181134328246117,0.543258011341095,87.6067428588867,7.33055067062378,-8.6810210942246,121.717356849893,7,7,8,8,14,14,179331,45632,58,1.27103781700134,151239,32483,0.181134328246117,0.214779257774353,0.117006324349326,0,10.728364503774,-1.53814448630646,10.728364503774,4.47285796825502,0.239833745502955,0,2.55206775665283,0.785220742225647,0.818865656852722,1
5311,1.72865521907806,0,37023,0.170968890190125,0.746749877929688,47.3215942382812,7.61741161346436,-8.68917029326314,121.110149480819,8,8,9,9,15,15,143763,37023,64,1.72865521907806,120162,24579,0.170968890190125,0.204548865556717,-0.989609016912753,0,10.5192946201213,-1.58694838066603,10.5192946201213,3.85696672912342,0.547343776219377,0,2.6677827835083,0.795451164245605,0.829031109809875,1
5312,1.30115151405334,0,92226,0.118108958005905,0.451764672994614,44.9191436767578,6.236243724823,-8.57577498171316,120.31268705241,11,11,14,14,35,35,320543,92226,120,1.30115151405334,258276,37859,0.118108958005905,0.146583497524261,,0,11.431997365453,-1.92016006391317,11.431997365453,3.80486406639285,0.263249652436894,0,2.16262459754944,0.853416502475739,0.881891012191772,1
5401,,,,,,,,-9.24440318221128,125.244857633755,,,,,,,,,,,,,,,,,,,,,,0,,,,0
5402,,,,,,,,-9.00239932104976,125.573664368511,,,,,,,,,,,,,,,,,,,,,,0,,,,0
5403,,,,,,,,-8.99278401493348,125.800678230263,,,,,,,,,,,,,,,,,,,,,,0,,,,0
5404,,,,,,,,-8.80207616142068,126.359355140332,,,,,,,,,,,,,,,,,,,,,,0,,,,0
5405,,,,,,,,-8.51514507011621,126.968928158652,,,,,,,,,,,,,,,,,,,,,,0,,,,0
5406,,,,,,,,-8.56522487232276,126.469625137276,,,,,,,,,,,,,,,,,,,,,,0,,,,0
5407,,,,,,,,-8.71366898011672,125.977050801099,,,,,,,,,,,,,,,,,,,,,,0,,,,0
5408,,,,,,,,-8.43054931188456,125.630845841451,,,,,,,,,,,,,,,,,,,,,,0,,,,0
5409,,,,,,,,-8.7014399503288,125.636494149758,,,,,,,,,,,,,,,,,,,,,,0,,,,0
5410,,,,,,,,-8.65212623499571,125.29659972727,,,,,,,,,,,,,,,,,,,,,,0,,,,0
5411,,,,,,,,-8.81251385123892,125.388118823807,,,,,,,,,,,,,,,,,,,,,,0,,,,0
5412,,,,,,,,-8.96745621943251,125.186935462268,,,,,,,,,,,,,,,,,,,,,,0,,,,0
5413,,,,,,,,-9.31854856175111,124.291039429218,,,,,,,,,,,,,,,,,,,,,,0,,,,0
6101,3.05801963806152,1,144865,0.103976555168629,0.493446886539459,43.3126220703125,5.19013357162476,1.2148977875767,109.439455276005,21,20,54,54,147,147,532572,144865,443,3.05801963806152,449571,55375,0.103976555168629,0.123172983527184,0.124205081722849,1,11.8835575532381,-2.09416554148227,11.8835575532381,3.76844409530834,1.11776752935071,0,1.91269731521606,0.876827001571655,0.896023452281952,0
6102,3.53439569473267,1,123925,0.135157629847527,0.592235624790192,24.8571891784668,5.51685428619385,0.0900715304308454,109.603032331866,23,19,53,53,145,145,451680,123925,438,3.53439569473267,380722,61048,0.135157629847527,0.16034796833992,0.258449540792937,1,11.7274318228888,-1.83040902308277,11.7274318228888,3.21314701365902,1.26254233557882,0,1.99910891056061,0.839652061462402,0.864842355251312,0
6103,4.28332614898682,1,76576,0.116121180355549,0.704736769199371,15.3553705215454,5.68237447738647,0.182418039725729,110.597589171775,21,25,38,38,103,103,281034,76576,328,4.28332614898682,232547,32634,0.116121180355549,0.140332922339439,0.171347520303299,1,11.2460389907081,-1.96373766266974,11.2460389907081,2.73146528395303,1.45472984539237,0,2.26554775238037,0.859667062759399,0.883878827095032,0
6104,3.73518109321594,1,55419,0.0977738350629807,0.798418164253235,5.59982109069824,4.73942899703979,-1.56116286461843,110.519673135144,15,14,24,24,65,65,200524,55419,207,3.73518109321594,166998,19606,0.0977738350629807,0.117402605712414,0.297723289087043,1,10.9226777742267,-2.14214617666909,10.9226777742267,1.72273464914115,1.31779630287551,0,2.44452023506165,0.882597386837006,0.902226150035858,0
6105,4.0835976600647,1,60241,0.0728697031736374,0.870964705944061,6.96040773391724,5.12054824829102,-0.128532402200627,111.963881954732,19,19,28,28,76,76,224675,60241,246,4.0835976600647,188019,16372,0.0728697031736374,0.0870763063430786,0.205075426585219,1,11.0061084626016,-2.44097046033812,11.0061084626016,1.94023805508982,1.4069783793046,0,2.39834332466125,0.912923693656921,0.927130281925201,0
6106,4.85146331787109,1,31743,0.10975369811058,1.21298348903656,3.74961471557617,5.89408779144287,0.830276024748903,112.806713753134,17,19,16,16,43,43,111896,31743,154,4.85146331787109,93411,12281,0.10975369811058,0.131472736597061,0.184246423045056,1,10.3654275075723,-2.02895577511747,10.3654275075723,1.32165309219093,1.57928037446753,0,2.75294423103333,0.868527293205261,0.890246272087097,0
6171,3.51481962203979,1,59178,0.182519361376762,0.402022480964661,20.1813545227051,8.53472328186035,-0.0706051890436014,109.355918517385,4,4,27,27,73,73,217555,59178,208,3.51481986045837,182603,39708,0.182519361376762,0.217455357313156,0.258449540792937,1,10.988305130182,-1.52576170325344,10.988305130182,3.0047591347098,1.25698827514663,0,2.40819716453552,0.782544612884521,0.817480623722076,0
6201,5.93375778198242,1,18538,0.13111600279808,1.45502197742462,3.2428572177887,6.60474061965942,-2.26806833780176,111.526252152521,11,11,13,13,22,22,68100,18538,92,4.96277904510498,56947,8929,0.13111600279808,0.156794920563698,0.520740752181634,1,9.82757795843578,-1.85281656595471,9.82757795843578,1.17645479853869,1.60196587518405,0,3.05063056945801,0.843205094337463,0.868883967399597,0
6202,1.24208176136017,0,104663,0.236688390374184,1.7876158952713,1.80323469638824,6.80569934844971,-1.98744602167316,112.687052924549,24,24,22,22,28,28,178553,52294,148,2.83015275001526,148620,29768,0.166718006134033,0.200296059250832,0.271288269817813,1,11.5585009437615,-1.6079587107384,10.8646369207185,0.58958210568228,1.04033068546894,0,2.47664427757263,0.79970395565033,0.833281993865967,0
6203,3.12961530685425,1,56876,0.193192794919014,1.14870393276215,5.59160900115967,7.48070907592773,-1.85337094550698,114.011348081447,23,23,30,30,36,36,240300,70115,178,2.53868627548218,195818,46636,0.194074079394341,0.23815992474556,0.118622240372719,1,10.9486287385163,-1.43481287825737,11.1578920301608,1.72126708137813,0.931646732851856,0,2.31433510780334,0.761840105056763,0.805925905704498,0
6204,3.95911979675293,1,21722,0.115023471415043,1.63905537128448,6.08859777450562,8.77526664733887,-1.88153347798428,114.964796994961,13,13,11,11,19,19,90855,26109,86,3.29388332366943,74712,17478,0.19237245619297,0.233938321471214,0.400642500912405,1,9.98608085083998,-1.45269778182501,10.1700353614576,1.8064178047184,1.19206721026273,0,2.86108899116516,0.766061663627625,0.807627558708191,0
6205,2.9761905670166,0,28224,0.0891557335853577,1.27583587169647,3.0396249294281,6.70977783203125,-0.332513978519871,114.539982306559,12,12,11,11,19,19,94649,27134,84,3.09574699401855,78373,17311,0.182896807789803,0.220879644155502,0.549634913423809,0,10.2479279588065,-1.5101373223924,10.2085428330453,1.11173412932878,1.13002923210995,0,2.83977603912354,0.779120326042175,0.817103207111359,0
6212,,,,,,,,,,,,,,,,,,,,,,,,,,,,,,,0,,,,0
6213,,,,,,,,,,,,,,,,,,,,,,,,,,,,,,,0,,,,0
6214,,,,,,,,,,,,,,,,,,,,,,,,,,,,,,,0,,,,0
6215,,,,,,,,,,,,,,,,,,,,,,,,,,,,,,,0,,,,0
6271,5.86113595962524,0,8872,0.276389509439468,1.67941915988922,11.3050003051758,10.2481031417847,-1.80635176520669,113.757474431412,2,2,8,8,16,16,27132,6872,52,7.56693840026855,22330,7499,0.276389509439468,0.335826247930527,0.80177083784544,0,9.0906555290302,-1.09116137202559,8.83521046366409,2.42524513272469,2.02378854710419,0,3.59988117218018,0.664173722267151,0.723610520362854,0
6301,2.53076195716858,0,22918,0.144122883677483,1.29067039489746,21.3544483184814,5.47457647323608,-3.82061865283545,114.891044810773,6,6,12,12,11,11,77456,22918,58,2.53076171875,64869,11175,0.144275456666946,0.172270268201828,0.459289047677394,0,10.0396779069864,-1.75869070865604,10.0396779069864,3.06126007012604,0.928520332030308,0,2.93323850631714,0.82772970199585,0.855724573135376,0
6302,3.47692728042603,1,39115,0.108211599290371,0.636879563331604,11.1304712295532,6.37804365158081,-3.14012031927363,115.921278933644,17,17,25,25,26,26,145197,39115,136,3.47692704200745,121160,15712,0.108211599290371,0.129679769277573,0.286690398289606,1,10.5742613041192,-2.04268718072369,10.5742613041192,2.40968650307522,1.24614886977637,0,2.63736009597778,0.870320200920105,0.891788423061371,0
6303,3.10395765304565,1,79898,0.196820065379143,0.543592572212219,56.5661849975586,6.15450239181519,-3.32514963247398,115.06692170997,13,13,55,55,56,56,285037,79898,248,3.10395741462708,236649,56101,0.196820065379143,0.23706416785717,0.198217812013882,1,11.288506100152,-1.4394244240411,11.288506100152,4.03541136846614,1.13267788271239,0,2.24204325675964,0.762935817241669,0.803179919719696,0
6304,2.97405672073364,1,37659,0.154697120189667,0.904917657375336,42.739070892334,5.38071537017822,-3.08265257026742,114.61899646276,11,11,22,22,23,23,128089,37659,112,2.97405672073364,107481,19815,0.154697120189667,0.184358164668083,0.28242060856721,1,10.5363272484863,-1.69087486633189,10.5363272484863,3.75511351105701,1.08992692005974,0,2.65835547447205,0.815641820430756,0.845302879810333,0
6305,3.73280096054077,1,23039,0.185647994279861,0.97722715139389,31.1984443664551,6.39407253265381,-2.90625623994019,115.044231161227,7,7,18,18,18,18,84267,23039,86,3.73280096054077,72097,15644,0.185647994279861,0.216985449194908,0.251831279880473,1,10.0449437110901,-1.52792498209127,10.0449437110901,3.44036823352287,1.31715887960946,0,2.9303240776062,0.783014535903931,0.814352035522461,0
6306,2.60025548934937,1,44611,0.202257379889488,0.657925605773926,97.1826171875,6.4733510017395,-2.7231141839216,115.200147748823,8,8,28,28,30,30,165502,44611,132,2.95891141891479,141987,33474,0.202257379889488,0.235753983259201,0.0596087473034925,1,10.7057357443696,-1.44496646149593,10.7057357443696,4.57659185995387,1.08482143681411,0,2.56459212303162,0.764245986938477,0.797742605209351,0
6307,1.4256945848465,0,56113,0.200475543737411,0.623616635799408,133.14469909668,6.53590440750122,-2.61399078595477,115.423872777073,8,8,12,12,12,12,195989,56113,64,1.14055573940277,167210,39291,0.200475543737411,0.234979972243309,0.0224065240969503,0,10.935122793721,-1.44825499296635,10.935122793721,4.89143649995171,0.131515634325599,0,2.43763208389282,0.76502001285553,0.799524426460266,0
6308,3.08467960357666,1,60298,0.156271636486053,0.532475113868713,79.7268142700195,6.18876791000366,-2.36935068522788,115.473047484645,12,12,40,40,41,41,220923,60298,186,3.08467936515808,187818,34524,0.156271636486053,0.183816254138947,0.0808741147204106,1,11.0070542146694,-1.69381863913519,11.0070542146694,4.37860596923825,1.1264477184577,0,2.39781999588013,0.816183745861053,0.843728363513947,0
6309,2.74699544906616,0,32035,0.191403120756149,0.684940695762634,29.1363410949707,7.3633918762207,-1.88516360828659,115.485833887167,7,7,18,18,19,19,114972,32035,88,2.74699544906616,97334,22006,0.191403120756149,0.226087495684624,0.0801156161009054,0,10.3745843340731,-1.4868332055857,10.3745843340731,3.3719862299105,1.01050775041943,0,2.74787616729736,0.773912489414215,0.808596849441528,0
6371,2.74105954170227,1,78072,0.1968594789505,0.410610884428024,3912.125,9.06792736053467,-3.33766031458435,114.579923943556,6,6,50,50,51,51,281673,78072,214,2.74105954170227,237233,55450,0.1968594789505,0.233736455440521,0.30174729825405,1,11.2653867568213,-1.45356105713168,11.2653867568213,8.27183598360946,1.00834453970503,0,2.2548394203186,0.766263544559479,0.8031405210495,0
6401,4.55696201324463,1,15800,0.0962475910782814,2.42961597442627,3.81803584098816,5.06262922286987,-1.60505544286424,116.197603990414,10,10,6,6,20,20,57030,15800,72,4.55696201324463,48447,5489,0.0962475910782814,0.113299071788788,-0.209959632452433,1,9.66776521901506,-2.17772430349023,9.66776521901506,1.33973611263198,1.51665617633404,0,3.13908290863037,0.886700928211212,0.903752386569977,0
6402,2.77856731414795,1,63342,0.103675968945026,0.993025720119476,2.64681577682495,7.39378070831299,0.449476886238324,116.299171006378,30,30,18,18,40,40,250492,63342,176,2.77856707572937,212984,25970,0.103675968945026,0.121934041380882,,1,11.0563038952178,-2.10427502486877,11.0563038952178,0.973357323854698,1.02193535443237,0,2.37056159973145,0.878065943717957,0.896324038505554,0
6403,8.28561019897461,1,8207,0.144113406538963,4.70009994506836,1.32035863399506,6.60724449157715,1.91991867145565,117.319094941892,8,8,6,6,20,20,31954,8207,68,8.28561019897461,27285,4605,0.144113406538963,0.168774053454399,,1,9.01274272762971,-1.77919442039818,9.01274272762971,0.277903392117075,2.11452029921948,0,3.50162148475647,0.83122593164444,0.855886578559875,0
6404,3.19518828392029,1,31923,0.106829755008221,1.43679893016815,1.58473479747772,7.37739229202271,2.90777687494393,116.233869932969,14,14,10,10,27,27,119199,31923,102,3.19518852233887,97072,12734,0.106829755008221,0.131180971860886,-0.705123315611019,1,10.3710820321098,-2.03117744453837,10.3710820321098,0.460417073126327,1.16164609151562,0,2.74981474876404,0.868818998336792,0.893170237541199,0
6471,2.01910376548767,0,38631,0.208235040307045,0.66093635559082,183.364486694336,9.85743999481201,-1.1656467039369,116.880674423778,6,6,9,9,24,24,137340,38631,78,2.01910376548767,116070,28599,0.208235040307045,0.246394410729408,,0,10.5618103419419,-1.4008217313081,10.5618103419419,5.21147590254603,0.702653732506171,0,2.64425134658813,0.753605604171753,0.791764974594116,0
6472,2.5428774356842,0,36966,0.19722805917263,0.710669636726379,175.63346862793,9.33978748321533,-0.433622604670653,117.183831945623,7,7,11,11,29,29,137521,36966,94,2.5428774356842,113852,27123,0.19722805917263,0.238230332732201,-0.0503933235431884,0,10.5177538502426,-1.43451728872316,10.5177538502426,5.16839925887097,0.933296288536132,0,2.66863536834717,0.761769652366638,0.802771925926208,0
7101,1.13045644760132,0,116767,0.175250113010406,0.514257609844208,33.5953140258789,6.68259048461914,0.688523116616985,122.365478854103,17,17,21,21,28,28,408519,116767,132,1.13045632839203,324869,71593,0.175250113010406,0.22037498652935,0.221232411744424,0,11.6679357752094,-1.51242469939014,11.6679357752094,3.51438659372771,0.122621381642108,0,2.03203845024109,0.779624998569489,0.824749886989594,0
7102,2.76795840263367,0,59972,0.397498160600662,1.63520872592926,12.9314432144165,7.34013557434082,0.655031275288876,123.946585183698,16,16,22,22,45,45,211359,59972,166,2.76795840263367,171641,42962,0.203265532851219,0.250301510095596,0.372990535279575,1,11.0016330656148,-1.38508904741999,11.0016330656148,2.55966180406594,1.01811000969224,0,2.40082049369812,0.749698519706726,0.79673445224762,0
7103,1.02725279331207,0,163543,0.437260538339615,1.02818381786346,75.288215637207,8.30958366394043,1.22089868636329,124.751360300784,28,28,24,24,32,32,616878,163543,168,1.02725279331207,512234,137180,0.222377851605415,0.267807304859161,0.208147791410127,0,12.0048312316837,-1.31748756880373,12.0048312316837,4.32132362371675,0.0268880479911898,0,1.8455753326416,0.732192695140839,0.777622163295746,0
7104,1.83862316608429,0,66354,0.386792540550232,1.34310412406921,51.1877212524414,7.4136209487915,3.79585898895996,126.204244163033,17,17,19,19,25,25,229395,66354,122,1.83862316608429,191041,44825,0.195405304431915,0.234635502099991,0.0381601206059507,0,11.1027593243034,-1.44972202386255,11.1027593243034,3.93549968399596,0.609017012218183,0,2.34484958648682,0.765364527702332,0.804594695568085,0
7171,3.86575293540955,0,22764,0.423436254262924,1.61671042442322,604.323059082031,8.00239849090576,0.524959103825541,123.104643398882,4,4,24,24,16,16,82320,22764,88,3.86575293540955,67876,16633,0.202052965760231,0.24504978954792,0.0482504836566951,1,10.032935619723,-1.40629386643976,10.032935619723,6.40410892097482,1.35215647171077,0,2.93697023391724,0.754950225353241,0.79794704914093,0
7172,2.32660937309265,0,42981,0.47908890247345,1.05481815338135,552.840759277344,9.76927185058594,1.52064049096863,124.8579733301,3,3,20,20,27,27,169684,42981,100,2.32660937309265,144975,41583,0.245061412453651,0.286828756332397,0.246372070507531,0,10.6685134365615,-1.24886990913097,10.6685134365615,6.31507000214734,0.844412003057699,0,2.58519387245178,0.713171243667603,0.75493860244751,0
7173,1.02725279331207,0,163543,0.437260538339615,1.02818381786346,,8.12463092803955,1.47733189949099,125.147921329513,,,,,,,616878,163543,168,1.02725279331207,512234,137180,0.222377851605415,0.267807304859161,0.208147791410127,0,12.0048312316837,-1.31748756880373,12.0048312316837,,0.0268880479911898,0,1.8455753326416,0.732192695140839,0.777622163295746,0
7201,2.65251994132996,1,49010,0.212820172309875,0.857973098754883,15.0611734390259,8.07885932922363,-1.14822944602902,122.704613903593,15,15,18,18,32,32,181698,49010,130,2.65251994132996,150111,38669,0.212820172309875,0.257602721452713,0.272518386426396,1,10.7997796379036,-1.35633672016212,10.7997796379036,2.71212013693433,0.97551010941552,0,2.5125412940979,0.742397308349609,0.787179827690125,1
7202,2.38258409500122,1,61278,0.204505145549774,0.861815869808197,7.58779859542847,8.21234226226807,-1.77305609738802,121.227017777035,21,21,20,20,32,32,212557,61278,146,2.3825843334198,175511,43469,0.204505145549774,0.247671082615852,0.326464525003339,1,11.0231761668062,-1.39565369287939,11.0231761668062,2.02654150920976,0.868185752948008,0,2.38889694213867,0.752328932285309,0.795494854450226,1
7203,2.37866020202637,1,105942,0.188524261116982,0.57669585943222,25.4583358764648,7.2063684463501,-0.563773057860339,120.09784067872,17,17,32,32,77,77,398092,105942,252,2.37865996360779,327573,75050,0.188524261116982,0.229109242558479,0.131624156154299,1,11.5706470535309,-1.47355634743605,11.5706470535309,3.23704322871752,0.866537288615629,0,2.08588552474976,0.770890772342682,0.81147575378418,1
7204,3.08136105537415,1,30506,0.16225528717041,0.847479701042175,15.9541034698486,8.33749198913574,0.956330787529669,121.0719129442,12,12,10,10,25,25,121315,30506,94,3.08136105537415,95545,19684,0.16225528717041,0.206018105149269,2.81527944486998,1,10.3256786645599,-1.57979122498045,10.3256786645599,2.76971606697929,1.12537140047145,0,2.77494430541992,0.793981909751892,0.83774471282959,1
7271,,,,,,,,-0.869535849462493,119.899332863024,,,,,,,398092,105942,252,2.37865996360779,327573,75050,0.188524261116982,0.229109242558479,0.131624156154299,1,,-1.47355634743605,11.5706470535309,,0.866537288615629,0,2.08588552474976,0.770890772342682,0.81147575378418,0
7301,2.24977040290833,0,21780,0.132630184292793,0.953772187232971,102.266891479492,7.10640716552734,-6.56015329027491,120.719241822279,5,6,9,9,10,10,92342,21780,49,2.24977040290833,80189,12248,0.132637366652489,0.152739152312279,0.0333089044596314,0,9.98874739648695,-1.87902369941108,9.98874739648695,4.62758597912269,0.810828167857717,0,2.96142721176147,0.84726083278656,0.86736261844635,1
7302,1.43328702449799,0,69072,0.170571342110634,0.484337210655212,226.03205871582,6.69617366790771,-5.43570526494689,120.235289355324,10,9,19,19,21,21,260841,69072,99,1.43328702449799,215852,44492,0.170571342110634,0.20612271130085,0.142027106473636,0,11.1429047177953,-1.57928360161654,11.1429047177953,5.42067684193701,0.359970425019699,0,2.32263016700745,0.793877303600311,0.829428672790527,1
7303,1.71165239810944,0,22785,0.125366717576981,0.667390763759613,225.520202636719,4.96465349197388,-5.48899541916527,119.994105232752,4,5,7,7,8,8,89306,22785,39,1.71165239810944,73411,11196,0.125366717576981,0.152511209249496,0.272410742513631,0,10.033857703698,-1.88051718236052,10.033857703698,5.41840974533649,0.537459218616967,0,2.93645977973938,0.847488760948181,0.874633312225342,1
7304,1.10045886039734,0,53614,0.148730084300041,0.529169261455536,271.822479248047,5.47707605361938,-5.58552901405025,119.710360269993,7,8,11,11,11,11,200605,53614,59,1.10045874118805,165537,29836,0.148730084300041,0.180237650871277,0.220989716854248,0,10.8895655069835,-1.71347901628043,10.8895655069835,5.60514920340403,0.0957271303120609,0,2.46284699440002,0.819762349128723,0.851269900798798,1
7305,1.5964081287384,0,40090,0.115756489336491,0.611151516437531,269.052917480469,5.53570318222046,-5.42143161487469,119.403059718035,8,8,12,12,12,12,152553,40090,64,1.5964081287384,129932,17659,0.115756489336491,0.135909557342529,0.0646063485638685,0,10.5988822056366,-1.99576563400989,10.5988822056366,5.59490807951339,0.467756186097796,0,2.62373304367065,0.864090442657471,0.884243488311768,1
7306,0.957518398761749,0,105481,0.131532400846481,0.338751494884491,204.788101196289,5.73793029785156,-5.3214143886918,119.723827399706,19,12,17,17,18,18,385616,105481,101,0.957518398761749,320173,50721,0.131532400846481,0.158417478203773,-0.0785711408017343,0,11.5662861208925,-1.84252146349352,11.5662861208925,5.32197579185001,-0.0434103426949792,0,2.088299036026,0.841582536697388,0.868467569351196,1
7307,1.44526672363281,0,40131,0.117579340934753,0.585748314857483,182.212188720703,5.27030944824219,-5.2128053211084,120.144297503351,7,7,11,11,11,11,149414,40131,58,1.44526672363281,122280,17568,0.117579340934753,0.143670260906219,0.124110352061975,0,10.5999043819637,-1.94023445995072,10.5999043819637,5.20517188006748,0.368293888359833,0,2.62316727638245,0.856329739093781,0.882420659065247,1
7308,0.5908243060112,0,150637,0.031138651072979,0.163243398070335,130.937271118164,4.75336360931396,-5.00736646041842,119.725595287611,10,8,13,13,18,18,197424,54532,80,1.4670284986496,163356,18588,0.0941526889801025,0.113788291811943,0.0213762918382686,0,11.9226282481035,-2.1734156464849,10.906542964306,4.87471836209136,0.383238925454496,0,2.45345044136047,0.886211693286896,0.905847311019897,1
7309,2.91571927070618,1,54532,0.128586187958717,0.667806327342987,121.941940307617,6.65775728225708,-4.7900647834968,119.632597357096,9,10,55,55,15,15,205169,53586,159,2.96719312667847,170075,25386,0.123732142150402,0.149263560771942,0.0683904061858699,1,10.906542964306,-1.9020416713934,10.8890431189119,4.80354503233944,1.08761643075704,0,2.46313619613647,0.850736439228058,0.876267850399017,1
7310,1.04504907131195,0,53586,0.118551045656204,0.408697217702866,184.504501342773,6.80557775497437,-4.43831515081395,119.690396247563,6,7,10,10,50,50,132718,34528,133,3.85194611549377,112581,24323,0.183268278837204,0.216048896312714,0.019697141537024,1,10.8890431189119,-1.53225052509809,10.4495258680579,5.21767386070477,1.34857850512925,0,2.70639801025391,0.783951103687286,0.816731691360474,1
7311,5.90824842453003,0,34528,0.605224668979645,1.86562287807465,112.94979095459,5.86795520782471,-4.69548326970097,120.130832684473,23,23,37,37,18,18,596943,87260,156,1.78776073455811,487947,80323,0.134557232260704,0.16461418569088,0.0425183676145804,0,10.4495258680579,-1.80415081164054,11.3766474466776,4.72694339213399,0.580963850435742,0,2.19325923919678,0.835385799407959,0.865442752838135,1
7312,1.36932706832886,0,56232,0.156697556376457,0.452900558710098,169.704925537109,6.89648580551147,-4.33971177653586,119.890623842073,9,8,15,15,15,15,230625,56232,77,1.36932706832886,196923,36139,0.156700268387794,0.183518424630165,0.0148168940729926,0,10.9372412688557,-1.69544020982403,10.9372412688557,5.1340611967872,0.314319428165382,0,2.43645977973938,0.816481590270996,0.843299746513367,1
7313,1.41708302497864,0,84681,0.149929404258728,0.473228335380554,128.581405639648,5.56147050857544,-4.01102471735279,120.168863301694,15,13,23,23,23,23,322225,84681,120,1.41708302497864,280220,48311,0.149929404258728,0.172403827309608,0.144477056257084,0,11.346646534343,-1.75791572082722,11.346646534343,4.85656221067781,0.348600551072996,0,2.20986413955688,0.827596187591553,0.850070595741272,1
7314,1.45833802223206,0,45257,0.125327661633492,0.50589793920517,96.4354782104492,6.34995746612549,-3.81234662349651,119.968067088089,9,9,12,12,12,12,181588,45257,66,1.45833790302277,153315,22758,0.125327661633492,0.148439481854439,0.142580938029277,0,10.7201126332965,-1.90757793340188,10.7201126332965,4.56887416513834,0.377297364637884,0,2.5566349029541,0.851560533046722,0.87467235326767,1
7315,1.2177916765213,0,67335,0.117441348731518,0.472731918096542,131.607543945312,7.18777227401733,-3.6257542527536,119.601013421805,12,10,15,15,15,15,258214,67335,82,1.2177916765213,212341,30325,0.117441348731518,0.142812743782997,0.038812766872278,0,11.1174354398841,-1.94622099088065,11.1174354398841,4.87982434206062,0.197039117320318,0,2.33672666549683,0.857187271118164,0.882558643817902,1
7316,1.37761676311493,0,33391,0.201733529567719,0.644089460372925,67.8275451660156,8.00404930114746,-3.50770333330739,119.872698299397,5,7,8,8,9,9,121140,33391,46,1.37761676311493,98323,24348,0.200990587472916,0.247632801532745,0.0840491818139744,0,10.4160416815758,-1.39580826902712,10.4160416815758,4.21696838332587,0.32035502296437,0,2.72493052482605,0.752367198467255,0.799009442329407,1
7317,1.6752895116806,0,81180,0.169814333319664,0.517331063747406,18.327356338501,7.72689390182495,-2.60275295857318,120.543028915028,16,18,24,24,27,27,326062,81180,136,1.6752895116806,267428,55370,0.169814333319664,0.207046389579773,0.434721064628827,0,11.3044241903929,-1.57481240657426,11.3044241903929,2.90839482550903,0.515985993135825,0,2.23323321342468,0.792953610420227,0.830185651779175,1
7318,1.23806953430176,0,88848,0.149826809763908,0.402629762887955,98.8727416992188,7.84854888916016,-3.01633965634136,119.760769745845,11,11,21,21,23,23,316986,88848,110,1.23806953430176,250451,47493,0.149826809763908,0.189629912376404,0.0416572624344252,0,11.3946823234814,-1.66268093590658,11.3946823234814,4.59383358586965,0.213553339326279,0,2.18327760696411,0.810370087623596,0.85017317533493,1
7319,1.40010380744934,0,82851,0.167907789349556,0.424829125404358,65.5706787109375,6.05760860443115,-3.11838143206891,119.243527791205,10,10,23,23,25,25,313559,82851,116,1.40010380744934,257880,52649,0.167907789349556,0.20416085422039,0.139183465856285,0,11.3247990927879,-1.58884709476124,11.3247990927879,4.18312862515893,0.336546382050473,0,2.22195601463318,0.795839130878448,0.832092225551605,1
7320,1.86849808692932,0,19802,0.1665378510952,0.782641768455505,83.2542190551758,6.81146287918091,-3.15111333681762,118.928700214897,4,5,6,6,8,8,78925,19802,37,1.86849820613861,66053,13144,0.1665378510952,0.198991715908051,0.425474940474139,0,9.89353822168246,-1.6144920837269,9.89353822168246,4.42189880691785,0.625135009888678,0,3.01412320137024,0.801008284091949,0.833462119102478,1
7321,2.4706609249115,0,17809,0.160173967480659,1.01944935321808,6.30023527145386,6.13075733184814,-2.09884841010529,119.420678327304,6,8,7,7,8,8,69668,17809,44,2.4706609249115,58193,11159,0.160173967480659,0.191758453845978,0.358945063994368,0,9.78745922647601,-1.65151875185275,9.78745922647601,1.84058697737541,0.904485695782322,0,3.07283520698547,0.808241546154022,0.839826047420502,1
7371,1.15634965896606,0,107234,0.23712295293808,0.457209169864655,2470.26147460938,10.0227184295654,-5.1412392372379,119.458182628369,11,13,20,20,30,30,434766,107234,124,1.15634965896606,364837,103093,0.23712295293808,0.282572776079178,0.495963372339079,0,11.582768641512,-1.26381914713298,11.582768641512,7.81207928418497,0.145268197668439,0,2.07917642593384,0.717427253723145,0.76287704706192,0
7372,1.76678454875946,0,18678,0.210386276245117,0.696462571620941,732.707092285156,9.79390430450439,-4.03113110956333,119.659381093771,4,5,5,5,7,7,72538,18678,33,1.76678442955017,59854,15261,0.210386276245117,0.25497043132782,0.174407591932352,0,9.83510163966966,-1.36660769612426,9.83510163966966,6.59674602077672,0.569161187904351,0,3.04646635055542,0.74502956867218,0.789613723754883,0
7401,2.1162281036377,1,85057,0.167484372854233,0.658234417438507,46.485221862793,6.68491697311401,-5.1201183543199,122.396016701887,20,20,25,25,45,45,300434,85057,180,2.1162281036377,249857,50318,0.167484372854233,0.201387196779251,0.0305492514265304,1,11.3510768989639,-1.60252587182441,11.3510768989639,3.8391344526789,0.749635307636816,0,2.20741200447083,0.798612833023071,0.832515597343445,1
7402,3.29185581207275,1,45567,0.16256557404995,0.823410630226135,31.5170860290527,6.83928203582764,-4.82709113571036,122.749279741248,8,8,24,24,43,43,154024,45567,150,3.29185605049133,124068,25039,0.16256557404995,0.201816752552986,0.1671236708554,1,10.7269390493061,-1.60039515888392,10.7269390493061,3.45052981239921,1.19145155479052,0,2.55285668373108,0.798183262348175,0.837434411048889,1
7403,2.39981722831726,1,52504,0.187678977847099,0.996304631233215,11.5271844863892,7.93301582336426,-3.72888516696894,122.134491267592,15,15,15,15,33,33,189968,52504,126,2.39981698989868,152016,35653,0.187678977847099,0.23453451693058,0.478604792620059,1,10.8686446361536,-1.45015250819392,10.8686446361536,2.44470811420922,0.875392480237517,0,2.47442626953125,0.765465497970581,0.81232100725174,1
7404,3.33889818191528,0,17970,0.177518874406815,1.3032112121582,6.75984477996826,7.39584016799927,-3.7396758435746,121.444403042398,7,7,6,6,17,17,69694,17970,60,3.33889818191528,56302,12372,0.177518874406815,0.219743520021439,0.727092955746865,0,9.7964589797776,-1.51529423080868,9.7964589797776,1.9109999282481,1.20564086691026,0,3.06785416603088,0.780256509780884,0.822481155395508,1
8101,1.16498386859894,0,72104,0.219045862555504,0.601867496967316,10.1787958145142,8.69185829162598,-6.89777709404339,131.808403518013,9,9,8,8,16,16,254134,72104,66,0.915344536304474,186458,55667,0.219045862555504,0.298549801111221,-0.41213010120399,0,11.1858648002362,-1.20881852217184,11.1858648002362,2.32030671478519,-0.0884547421716568,0,2.29885268211365,0.701450228691101,0.780954122543335,1
8102,1.32715249061584,0,105489,0.0351360626518726,0.518935263156891,13.1365070343018,6.92453670501709,-3.29297198412548,128.535207722952,17,17,21,21,32,32,378870,105489,140,1.32715260982513,339800,73411,0.19376303255558,0.216041788458824,0.188461528370186,0,11.5663619610594,-1.53228342492278,11.5663619610594,2.57539515080055,0.283035752373782,0,2.08825707435608,0.783958196640015,0.806236982345581,1
8103,8.59826946258545,0,18841,0.993003070354462,3.09414958953857,3.09934544563293,7.64679622650146,1.70986757908671,127.927778226676,26,26,26,26,38,38,376305,100274,180,1.79508137702942,252347,69115,0.18366751074791,0.273888736963272,0.633409754200758,0,9.843790625278,-1.29503332453971,11.5156617180131,1.1311909426265,0.585050356305058,0,2.11631846427917,0.72611129283905,0.816332459449768,1
8104,8.59826946258545,0,18841,0.993003070354462,3.09414958953857,33.6444702148438,7.51174449920654,-0.318108934339142,127.399571264863,,,,,,,376305,100274,180,1.79508137702942,57450,13312,0.0353755615651608,0.231714531779289,0.633409754200758,0,9.843790625278,-1.46224913142984,11.5156617180131,3.51584871018977,0.585050356305058,0,2.11631846427917,0.76828545331955,0.964624464511871,1
8171,2.13523125648499,0,19670,0.268358528614044,0.835074603557587,211.236068725586,10.2819776535034,-3.67689497072884,128.18247975402,3,3,5,5,13,13,79636,19670,42,2.13523149490356,67005,21371,0.268358528614044,0.318946361541748,0.95864237871454,0,9.8868499113831,-1.14273233597251,9.8868499113831,5.35297631720156,0.7585750693289,0,3.01782512664795,0.681053638458252,0.731641471385956,0
8201,1.5582013130188,1,41073,0.0920000001788139,1.75263904395262,0.0167159537003504,4.13015460968018,-6.65244736653112,139.534299981132,6,18,10,10,10,10,160727,41073,64,1.5582013130188,18360,7628,0.0474593564867973,0.415468394756317,2.00372968696781,0,10.6231062503019,-0.878348733148197,10.6231062503019,-4.09139170418073,0.443532151565272,0,2.61032557487488,0.584531605243683,0.952540636062622,1
8202,1.14306616783142,1,43742,0.00279999990016222,1.90626060962677,1.67771565914154,2.56585836410522,-4.26707289373762,139.44003042665,10,12,7,7,7,7,174872,43742,50,1.14306616783142,1165,250,0.00142961705569178,0.214592278003693,2.00372968696781,0,10.6860640179225,-1.53901543264035,10.6860640179225,0.517433141446517,0.133714272753426,0,2.57547998428345,0.785407721996307,0.998570382595062,1
8203,2.70323204994202,1,25525,0.189999997615814,2.13668036460876,0.93802547454834,7.85711240768433,-2.81515570782409,139.493756326724,6,21,11,11,10,10,100753,25525,69,2.7032322883606,38313,11143,0.1105972006917,0.290841221809387,2.00372968696781,0,10.1474136430329,-1.23497779024161,10.1474136430329,-0.0639781719775941,0.994448200842241,0,2.87360954284668,0.709158778190613,0.889402806758881,1
8204,1.33813011646271,1,45586,0.00977000035345554,2.01107573509216,1.92918050289154,2.66092109680176,-3.60893884496031,136.41688930326,8,17,9,9,9,9,155483,45586,61,1.33813011646271,2877,761,0.00489442609250546,0.26451164484024,2.00372968696781,0,10.7273559308191,-1.32987000279187,10.7273559308191,0.657095302843728,0.291273203960447,0,2.55262589454651,0.73548835515976,0.995105564594269,1
8205,3.0836079120636,1,14269,0.166999995708466,3.44846391677856,0.572067379951477,6.78394889831543,-3.82429327386383,134.789719744454,4,8,8,8,8,8,50907,14269,44,3.0836079120636,11480,4606,0.0904787182807922,0.401219516992569,2.00372968696781,0,9.56584463093058,-0.913246577535764,9.56584463093058,-0.558498497421908,1.12610031145245,0,3.19549345970154,0.598780512809753,0.909521281719208,1
8206,1.76647841930389,1,28871,0.0931999981403351,1.94194984436035,1.49046123027802,6.66447114944458,-1.10181775559931,131.690829123136,4,15,8,8,8,8,106713,28871,51,1.76647853851318,19938,5377,0.0503874868154526,0.269686013460159,2.00372968696781,0,10.2705929100897,-1.31049690980242,10.2705929100897,0.399085622578648,0.568988038585709,0,2.80543279647827,0.730314016342163,0.949612498283386,1
8207,2.75152540206909,1,16718,0.127000004053116,2.85628867149353,0.913379609584808,4.4612193107605,-1.81323125982498,133.527593553383,4,12,8,8,8,8,63837,16718,48,2.87115693092346,11750,4397,0.0688785463571548,0.374212771654129,2.00372968696781,0,9.7242412622591,-0.982930735168385,9.7242412622591,-0.0906037021230594,1.05471506036381,0,3.10782480239868,0.625787258148193,0.931121468544006,1
8208,2.26977944374084,1,15420,0.0729999989271164,3.42348980903625,1.3616771697998,7.60193347930908,-2.48190549522189,137.233193164998,4,5,6,6,6,6,50888,15420,33,2.14007782936096,4415,1872,0.0367866680026054,0.424009054899216,2.00372968696781,0,9.64342064711732,-0.858000468083836,9.64342064711732,0.308717153053377,0.760842197232692,0,3.1525571346283,0.575990915298462,0.963213324546814,1
8209,2.39860439300537,1,18344,0.119999997317791,1.68713510036469,18.9335460662842,8.37815952301025,-0.949165811198724,135.777337586988,4,8,8,8,8,8,59260,18344,44,2.39860463142395,17909,7106,0.119912251830101,0.396783739328384,2.00372968696781,0,9.81705782453774,-0.924363883926263,9.81705782453774,2.94093527289116,0.874887164699949,0,3.05645322799683,0.603216290473938,0.880087733268738,1
8271,2.70323204994202,1,25525,0.189999997615814,,,9.01913356781006,-2.657056698514,140.809005573501,,,,,,,100753,25525,69,2.7032322883606,38313,11143,0.1105972006917,0.290841221809387,2.00372968696781,0,10.1474136430329,-1.23497779024161,10.1474136430329,,0.994448200842241,0,2.87360954284668,0.709158778190613,0.889402806758881,0
