"date","ois_sw","ois_1m","ois_3m","ois_6m","ois_1y","ois_2y","ois_3y","ois_4y","ois_5y","ois_6y","ois_7y","ois_8y","ois_9y","ois_10y","ois_15y","ois_20y","de3m","de6m","de1y","de2y","de3y","de4y","de5y","de6y","de7y","de8y","de9y","de10y","de15y","de20y","de30y","it2y","fr2y","es2y","it5y","es5y","fr5y","es10y","fr10y","it10y","stoxx50","sx7e","eurusd","eurgbp","eurjpy"
1999-01-07,,-4.99999999999998,-0.499999999999989,-5.24999999999998,-0.250000000000039,,,,,,,,,,,,,,,-1.50000000000001,-0.750000000000028,1.29999999999999,1.10000000000001,1.64999999999997,2.04999999999997,1.70000000000003,2.10000000000004,1.95000000000003,,2.20000000000002,1.29999999999999,,-1.29999999999999,3.54999999999999,,2.04999999999997,0.999999999999979,2.05000000000002,2.15000000000001,,-1.23144264141146,-1.17705774614816,0.145747625251491,0.0848896485612871,-0.00192702361578867
1999-01-21,,0,0,0.999999999999979,0,,,,,,,,,,,,,,,0.550000000000006,-0.500000000000034,-0.299999999999967,-0.550000000000006,-0.249999999999995,-0.300000000000011,-0.300000000000011,-0.249999999999995,-0.150000000000006,,-0.499999999999989,-0.399999999999956,,-0.4,0,,-0.900000000000034,-0.500000000000034,0.150000000000006,-0.449999999999973,,-0.212126353135922,-0.245174397810555,0.0648382308910928,-0.0854092578610188,0.101767498870409
1999-02-18,0,0,0,0,0,,,,,,,,,,,,,,,-0.599999999999978,-0.300000000000011,-0.249999999999995,-0.350000000000028,-0.149999999999961,0.0500000000000167,0,0.0500000000000167,0.300000000000011,,0.0999999999999446,0.0499999999999723,,-1.50000000000001,-0.800000000000001,,-0.89999999999999,-0.200000000000022,-0.100000000000033,0.150000000000006,,0.174157405728259,0.0805384614666948,0.0222583302719528,0.036386130008853,0.0409142480275904
1999-03-04,-1.24999999999997,0,-0.500000000000034,0,0,,,,,,,,,,,,,,,-0.89999999999999,-0.299999999999967,-1.14999999999998,0.349999999999984,0.249999999999995,0.950000000000007,-0.299999999999922,0.100000000000033,0.100000000000033,,0,-0.549999999999962,,-1.50000000000001,0,,0.4,-0.200000000000022,0.649999999999995,0.24999999999995,,0.0824067543375051,-0.164441523293402,0.0506690630154613,0.0963569729521552,0.34014273921894
1999-03-18,0.499999999999989,-0.499999999999989,0,-0.499999999999989,0.999999999999979,,,,,,,,,,,,,,,0,0.749999999999984,0.249999999999995,0.89999999999999,0.349999999999984,0.450000000000017,0.699999999999967,0.649999999999995,0.649999999999995,,1.10000000000001,0.699999999999967,,0.700000000000012,1.05,,0.499999999999989,0.4,0.549999999999962,0.750000000000028,,0.0609216104402677,0.0946418241872138,0.0454297663637651,0.0295814230821478,-0.0154053533907295
1999-04-08,0,-2.49999999999999,0,0.099999999999989,0.099999999999989,,,,,,,,,,,,,,,0.800000000000001,0.499999999999989,-0.250000000000039,-0.199999999999978,0.349999999999984,0,0,0.099999999999989,-0.099999999999989,,0.450000000000017,0.200000000000067,,-0.649999999999995,-0.549999999999962,,-0.4,-0.4,0.499999999999989,-0.249999999999995,,-0.0406427007623833,0.0216091623689074,0.332579178554807,-0.00742638595269129,0.166547059315647
1999-04-22,0,0,0,0,-0.999999999999979,,,,,,,,,,,,,,,-0.300000000000011,0.0500000000000167,-0.099999999999989,-0.100000000000033,-0.199999999999978,-0.150000000000006,-0.099999999999989,0,-0.200000000000022,,-0.300000000000011,0,,0,0.550000000000006,,-1.24999999999997,-0.300000000000011,-0.349999999999984,-0.100000000000033,,0.0952994695287757,0.151806705116986,-0.0613801100504928,-0.113795862524663,-0.253565281462187
1999-05-06,0.999999999999979,0,0.999999999999979,0.099999999999989,0.700000000000012,,,,,,,,,,,,,,,1.39999999999998,2.49999999999999,2.65,3.25000000000002,4.94999999999997,5.24999999999998,5.60000000000001,6.05000000000002,5.25000000000002,,4.75000000000003,4.84999999999998,,2.49999999999999,1.75000000000001,,3.24999999999998,2.99999999999998,6.00000000000005,5.60000000000001,,-0.367850825874427,-0.509479150562164,0.0786399948009817,-0.219522437802799,0.107267374190023
1999-05-20,0,0,0,0,0,,,,,,,,,,,,,,,0.300000000000011,0.200000000000022,-0.099999999999989,0.150000000000006,-0.200000000000022,-0.200000000000022,0.0500000000000167,-0.150000000000006,-0.150000000000006,,-0.199999999999978,-0.349999999999984,,0.500000000000034,0.649999999999995,,-21,0,-0.199999999999978,-0.24999999999995,,-0.0201500910160135,0.0459648200437535,-0.0469858581213713,-0.0682412734523574,0.0359450234202363
1999-06-02,0,0.499999999999989,-1.50000000000001,-0.499999999999989,-0.500000000000034,,,,,,,,,,,,,,,-0.89999999999999,0,0.649999999999995,0.600000000000023,0.599999999999978,0.499999999999989,0.150000000000006,0.349999999999984,0.549999999999962,,-0.399999999999956,0.199999999999978,,-0.4,0.599999999999978,,0.099999999999989,0,0.0499999999999723,0,,-0.0307028040156254,-0.110827895639609,-0.207253960197247,-0.108763217682578,-0.376228410064083
1999-06-17,0,0,0,0.499999999999989,0,,,,,,,,,,,,,,,0,0.550000000000006,-0.300000000000011,-0.150000000000006,-0.199999999999978,-0.100000000000033,-0.250000000000039,-0.349999999999984,-0.199999999999978,,0.350000000000072,-0.150000000000006,,-0.199999999999978,0,,-0.450000000000017,0.100000000000033,1.55000000000003,-0.400000000000045,,-0.295627645627228,-0.140608968058498,-0.0145022116126929,-0.200246524091546,-0.10483026522472
1999-07-01,0,0,0,0,0.499999999999989,,,,,,,,,,,,,,,-0.850000000000017,1.6,2.19999999999998,2.35000000000003,1.79999999999998,0.899999999999945,1.10000000000001,1.14999999999998,1.64999999999997,,1.29999999999999,0.700000000000056,,2.20000000000002,4.49999999999999,,1.64999999999997,2.04999999999997,1.75000000000001,1.20000000000005,,-0.0209058964422582,0.0140830194226282,-0.437318481222273,-0.298999724424176,-0.309442246639247
1999-07-15,0,1.50000000000001,0,2.49999999999999,6.5,,,,,,,,,,,,,,,10.15,9.65000000000003,9.45,8.94999999999997,7.39999999999998,5.55000000000003,4.60000000000003,2.70000000000001,3.14999999999994,,2.94999999999996,1.94999999999999,,9.00000000000003,8.54999999999997,,8.54999999999997,9.49999999999998,3.30000000000004,2.29999999999997,,0.605669659009145,0.248013401078584,0.43071869241312,0.168724635471534,0.373543818168809
1999-07-29,0,0,-0.500000000000034,-1.00000000000002,-1.50000000000001,,,,,,,,,,,,,,,-1.45,0.549999999999962,-0.700000000000012,-0.750000000000028,-0.750000000000028,-0.950000000000007,-0.649999999999995,-0.549999999999962,-0.150000000000006,,-0.649999999999995,-0.300000000000011,,0,1.35000000000001,,-1.14999999999998,-0.399999999999956,-0.599999999999934,-0.400000000000045,,-0.0722282443822664,-0.140191365197939,-0.0655400051549057,-0.0375051573987095,-0.077105699496105
1999-08-26,,-0.499999999999989,0.499999999999989,-0.499999999999989,0,,,,,,,,,,,,,,,0,0.200000000000022,0,0.400000000000045,0.350000000000072,0.300000000000011,0,0,0.250000000000039,,0.199999999999978,0.0500000000000611,,0,1.75000000000001,,0.300000000000011,0.0999999999999446,0,0,,-0.235598412564997,-0.106628764323524,-0.152978326038016,-0.1826067615388,-0.246863352407534
1999-09-09,-1.24999999999997,3.75000000000001,-5.00000000000003,-2.99999999999998,-2,,,,,,,,,,,,,,,-2.70000000000001,-1.05000000000004,-0.999999999999979,-0.900000000000034,-1.55000000000003,-0.699999999999967,-0.900000000000034,-0.849999999999973,-0.800000000000001,,-0.499999999999989,-0.199999999999978,,-1.6,-0.749999999999984,,-0.800000000000001,-0.899999999999945,-0.649999999999995,-0.800000000000001,,0.31773564284503,0.145511356038952,0.0283219260802735,-0.645262647522787,-0.13886480273495
1999-09-23,0,-4.49999999999999,-0.999999999999979,-1.49999999999997,0,,,,,,,,,,,,,,,-2.95000000000001,-1.85000000000004,-1.10000000000001,-1.65000000000006,-1.35000000000005,-1.20000000000005,-0.74999999999994,-1.05000000000004,-1.15000000000007,,-1.04999999999995,-1.30000000000008,,-1.75000000000001,-1.50000000000001,,-1.64999999999997,-2.35000000000003,-0.55000000000005,-0.950000000000007,,0.251630677422732,0.0503108502364569,-0.167572394561779,-0.10162205291197,-0.142512379021653
1999-10-07,-20,-16.5,-7.49999999999997,-4.49999999999999,-4,,,,,,,,,,,,,,,-1.94999999999999,-2.64999999999995,-2.94999999999996,-3.40000000000007,-1.85000000000004,-1.10000000000001,-1.25000000000002,-0.800000000000001,-1.00000000000007,,-0.0500000000000611,-0.600000000000023,,-2.99999999999998,-2.70000000000001,,-1.94999999999999,-2.70000000000001,-1.35000000000005,-0.800000000000001,,-0.270288679672248,-0.0390659687114159,0.200779840054767,0.162005821354139,0.125685326532832
1999-10-21,-11.25,-8.25,-4.49999999999999,-3.75000000000001,-2.99999999999998,,,,,,,,,,,,,,,-3.69999999999999,-3.25000000000006,-2.94999999999996,-2.64999999999995,-2.50000000000004,-1.89999999999992,-1.75000000000001,-1.40000000000002,-1.05000000000004,,-1.25000000000002,-1.35000000000005,,-3.00000000000002,-2.85000000000002,,-2.80000000000005,-3.14999999999994,-1.29999999999999,-1.20000000000005,,-0.323894604166064,-0.165517279166849,0.162266198473209,-0.0077576509871724,0.0392815839894034
1999-11-04,6.99999999999998,8.5,4,2.49999999999999,0.999999999999979,,,,,,,,,,,,,,,0.89999999999999,0,-1.04999999999995,-2.25,-1.20000000000005,-2.89999999999999,-3.15000000000003,-3.25000000000006,-3.95000000000003,,-4.15000000000001,-5.29999999999999,,0.249999999999995,2.09999999999999,,-3.39999999999998,-1.49999999999997,-3.69999999999999,-4.19999999999998,,0.52962312803011,0.627220583329979,0.419068187945149,0.0468896538756758,0.327526108192622
1999-11-18,0,-0.999999999999979,0.999999999999979,0.499999999999989,0.199999999999978,,,,,,,,,,,,,,,-0.349999999999984,-0.199999999999978,-0.300000000000011,-0.150000000000006,-0.150000000000006,0.0499999999999723,-0.150000000000006,0,-0.150000000000006,,0.349999999999984,0,,-2.15000000000001,-1.69999999999999,,0,0.600000000000023,0.300000000000011,-0.100000000000033,,0.0378894409486463,-0.100223841617009,-0.182991479359829,-0.132848845389361,-0.229997710324348
1999-12-02,0,0,0,0,0,0.400000000000045,,,,,,,,,,,,,,-1.49999999999997,-0.199999999999978,0.300000000000011,0.299999999999922,0.250000000000039,0.100000000000033,-0.649999999999995,-0.499999999999989,-0.349999999999984,,-1.49999999999997,0.200000000000067,,0,0.450000000000017,,0.150000000000006,0.499999999999989,-0.449999999999928,-1.40000000000002,,0.141013848251959,0.0272553831067945,-0.12425140138831,-0.389585068379233,0.0703482266085409
1999-12-15,0,0,0,0,-0.100000000000033,-0.199999999999978,,,,,,,,,,,,,,0,-0.199999999999978,0,-0.599999999999934,-0.950000000000007,-0.699999999999967,-0.349999999999984,-0.499999999999989,-0.24999999999995,,-0.699999999999967,-0.700000000000056,,-0.999999999999979,-0.24999999999995,,-0.0500000000000611,-0.499999999999989,-0.399999999999956,-0.649999999999995,,0.102074898774873,-0.158065579665667,-0.00997605747036353,0.0640820271849252,-0.0192785021201125
2000-01-05,-1.25000000000002,1.00000000000002,-1.00000000000002,-1.00000000000002,-3.50000000000001,-2.50000000000004,,,,,,,,,,,,,,-2.20000000000002,-6.25,-4.84999999999998,-4.30000000000002,-4,-3.2,-2.94999999999996,-2.14999999999996,-2.25,,-1.10000000000001,-2.50000000000004,,-4,-3.89999999999997,,-4.49999999999999,-4.30000000000002,-2.44999999999997,-0.450000000000017,,-0.566233383954895,-0.0424718630296361,-0.0338025451706005,-0.0395867152155338,0.132912076089031
2000-01-20,0,0.500000000000034,0,0,0,0.999999999999979,,,,,,,,,,,,,,0.549999999999962,1.05000000000004,0.949999999999918,1.20000000000005,1.10000000000001,0.55000000000005,1.25000000000002,0.950000000000007,0.999999999999979,,1.65000000000006,1.45,,-0.400000000000045,0.999999999999979,,-0.499999999999989,0.999999999999979,1.05000000000004,1.05000000000004,,0.020698587865553,0.0898876465017295,-0.0842147029188654,-0.106040223648241,-0.131427651577987
2000-02-03,4.50000000000004,0.999999999999979,-0.999999999999979,0,9.49999999999998,0.999999999999979,,,,,,,,,,,,,,2.89999999999999,-0.450000000000017,-0.600000000000023,-0.499999999999989,-2.20000000000002,-4.10000000000004,-3.89999999999997,-4.55000000000005,-4.49999999999999,,-11.1,-11.35,,-1.49999999999997,-2.74999999999999,,-1.49999999999997,-1.49999999999997,-4.30000000000002,-4.75000000000003,,1.5113546658803,0.577591790143472,0.501716098758339,0.540453329915758,0.363456537558982
2000-02-17,0.499999999999989,0,0,0,0,0,,,,,,,,,,,,,,1.75000000000001,-0.199999999999978,0.300000000000011,0.600000000000023,0.300000000000011,0.549999999999962,0.649999999999995,0.400000000000045,0.499999999999989,,0.400000000000045,0.600000000000023,,0.900000000000034,-0.55000000000005,,-0.499999999999989,0.100000000000033,0.399999999999956,0.74999999999994,,0.13312426961285,0.110020181462378,0.0453343415395614,0.0324754407335814,0.0159888535190333
2000-03-02,-8.00000000000001,-4,-3.00000000000003,-2,-1.99999999999996,-2.00000000000005,,,,,,,,,,,,,,-2.70000000000001,-1.75000000000001,-2.04999999999993,-2.14999999999996,-2.35000000000003,-1.39999999999993,-1.50000000000006,-1.55000000000003,-1.74999999999992,,-0.850000000000062,-1.19999999999996,,-1.90000000000001,-2.4,,-2.00000000000005,-1.94999999999999,-1.50000000000006,-1.6,,0.381749721851143,0.0951677814053475,0.174825219352929,0.219664083771454,0.573356174920558
2000-03-16,-2,-4,-2.99999999999998,-3.50000000000001,-1.99999999999996,-2.50000000000004,,,,,,,,,,,,,,-2.4,-2.94999999999996,-2.25,-2.89999999999999,-1.10000000000001,-1.14999999999998,-0.349999999999984,-0.100000000000033,-0.250000000000039,,-1.29999999999999,0.349999999999984,,-1.99999999999996,-2.65000000000004,,-2.54999999999992,-3.54999999999999,0.100000000000033,-0.300000000000011,,0.0322544294345306,0.0880152616595353,-0.12389656223257,0.0324728043119726,-0.21306043545426
2000-03-30,-0.999999999999979,-0.499999999999989,0,-0.999999999999979,0,-0.999999999999979,,,,,,,,,,,,,,-0.499999999999989,-0.699999999999967,-0.450000000000017,-0.950000000000007,-0.800000000000001,-1.45,-1.6,-1.55000000000003,-1.80000000000007,,-1.29999999999999,-0.750000000000028,,-0.300000000000011,-1.05000000000004,,-0.849999999999973,-0.349999999999984,-1.45,-1.79999999999998,,0.353713743489692,0.164913128176369,-0.31410349351112,-0.449738411085687,-0.109589052063708
2000-04-13,-4.49999999999999,-1.50000000000001,0,0.499999999999989,0,-2.50000000000004,,,,,,,,,,,,,,1.64999999999997,0,-0.450000000000017,-0.549999999999962,-0.199999999999978,-0.549999999999962,-0.499999999999989,-0.549999999999962,-0.649999999999995,,-0.399999999999956,-0.900000000000034,,1.64999999999997,1.14999999999998,,1.04999999999995,0.399999999999956,-0.299999999999922,-0.849999999999973,,-0.61200045035843,-0.0564989499947544,-0.0209041025062223,-0.149476858922937,0.0123440026819743
2000-04-27,0.499999999999989,-0.500000000000034,1.00000000000002,1.50000000000006,1.49999999999997,0.999999999999979,,,,,,,,,,,,,,0.849999999999973,1.25000000000002,0.349999999999984,0.549999999999962,0,-0.200000000000067,0.0500000000000611,-0.0999999999999446,-0.0499999999999723,,-0.199999999999978,-0.450000000000017,,-0.300000000000011,0.850000000000062,,0.649999999999995,-0.0499999999999723,-0.449999999999928,0,,0.000951667654902622,0.0984549013199221,-0.54392301628185,-0.556056011654216,-0.184100898350437
2000-05-11,-3.00000000000003,0,0.499999999999989,1.49999999999997,3.50000000000001,2.49999999999995,,,,,,,,,,,,,,4.99999999999998,4.20000000000007,4.69999999999997,4.45000000000002,5.34999999999997,4.20000000000007,4.30000000000002,4.65,4.10000000000004,,4.34999999999999,4.09999999999995,,5.19999999999996,3.24999999999998,,4.05000000000007,4.75000000000003,4.89999999999995,4.99999999999998,,1.82895130187841,0.935537912280537,-0.650893135862701,-0.985719308709665,-1.04170255232434
2000-05-25,-7.50000000000002,-2.50000000000004,-1.50000000000006,-0.999999999999979,0,0.499999999999989,,,,,,,,,,,,,,-0.300000000000011,-0.399999999999956,0.300000000000011,-0.100000000000033,-0.399999999999956,0.800000000000001,-0.150000000000006,0.450000000000017,0.450000000000017,,0.599999999999934,0.349999999999984,,-0.499999999999989,-0.599999999999934,,-0.400000000000045,-0.450000000000017,0.449999999999928,0.499999999999989,,0.160307473254484,0.0441863408275012,-0.0998890205142766,0.0081869908760801,0.0257918086646214
2000-06-08,15.4999999999999,4.49999999999999,14,15.4999999999999,16.7000000000001,15.5,,,,,,,,,,,,,,14.3,15.45,13.15,11.6,9.55000000000004,7.85,5.79999999999998,5.60000000000001,5.19999999999996,,3.29999999999995,0.600000000000023,,16.5999999999999,19.75,,11.2,10.95,4.95000000000001,6.00000000000005,,-1.07295129280498,-0.458190950511117,0.0937597735109617,0.678343033391632,0.206520209114913
2000-06-21,-3.74999999999996,0.499999999999989,-0.549999999999962,-0.300000000000011,-1.49999999999997,0,,,,,,,,,,,,,,-0.649999999999995,-0.899999999999945,-0.150000000000006,-0.100000000000033,-0.199999999999978,-0.0499999999999723,0,0.0499999999999723,-0.100000000000033,,-0.399999999999956,-0.150000000000006,,-1.05000000000004,0,,-0.400000000000045,-0.499999999999989,0,-0.0999999999999446,,0.060905514592946,0.0615214267766895,-0.0369461382293573,0.20656239965629,-0.0476148717756253
2000-07-06,0,2.50000000000004,1.25000000000002,1.49999999999997,2.50000000000004,3.50000000000001,,,,,,,,,,,,,,4.49999999999999,5.45,5.24999999999993,5.89999999999993,5.60000000000001,4.95000000000001,4.30000000000002,4.04999999999998,3.85,,3.54999999999999,1.25000000000002,,7.94999999999995,5.49999999999997,,5.90000000000002,5.79999999999998,4.30000000000002,4.19999999999998,,-0.101033321468869,-0.140342518443859,-0.0732907581754781,-0.150405727938241,-0.0633914442780714
2000-07-20,0,-0.499999999999989,-0.499999999999989,0,-1.19999999999996,-0.999999999999979,,,,,,,,,,,,,,-0.900000000000034,-0.800000000000001,-1.15000000000007,-0.499999999999989,-0.800000000000001,-0.499999999999989,-0.600000000000023,-0.750000000000028,-0.649999999999995,,-1.14999999999998,-0.800000000000001,,-0.700000000000056,-0.250000000000039,,-0.950000000000007,-0.499999999999989,-0.950000000000007,-0.600000000000023,,-0.255804309701268,0.00886014265413238,0.0596545477166518,0.0405169974344644,0.135419822079275
2000-08-03,-0.999999999999979,-1.00000000000007,-0.800000000000001,-1.29999999999999,-0.999999999999979,-1.99999999999996,,,,,,,,,,,,,,-1.75000000000001,-1.19999999999996,-1.00000000000007,-1.00000000000007,-1.00000000000007,-0.900000000000034,-0.649999999999995,-0.849999999999973,-1.00000000000007,,-0.900000000000034,-0.499999999999989,,-0.900000000000034,-0.55000000000005,,-0.800000000000001,-0.950000000000007,-0.900000000000034,-0.700000000000056,,-0.166779483788737,0.0907852990179592,0.0165988879126347,-0.0904270685154696,0.00509904902843417
2000-08-31,-8.5,-6.50000000000004,-5.99999999999996,-4.49999999999999,-3.80000000000003,,,,,,,,,,,,,,,-3.05,-3.80000000000003,-3.24999999999998,-2.85000000000002,-2.55000000000001,-1.85000000000004,-1.34999999999996,-0.950000000000007,-0.899999999999945,,-1.40000000000002,-0.750000000000028,,-1.99999999999996,-2.04999999999993,,-2.74999999999999,-2.4,-1.6,-1.19999999999996,,0.345034004354261,0.356476596040167,0.0726358461883722,0.0894490809793535,-0.00262580907754995
2000-09-14,-2.49999999999995,-1.49999999999997,-3.50000000000001,-2.49999999999995,-2.00000000000005,-3.00000000000003,,,,,,,,,,,,,,-2.74999999999999,-1.55000000000003,-1.75000000000001,-2.09999999999999,-1.84999999999995,-2.09999999999999,-2.00000000000005,-2.25,-1.94999999999999,,-1.84999999999995,-1.10000000000001,,-3.10000000000006,-0.600000000000023,,-1.84999999999995,-1.79999999999998,-1.95000000000007,-2.14999999999996,,0.50002941975702,0.0849689914320884,-0.553602705614656,-0.204040062627259,-0.581334396353395
2000-10-05,11.25,6.99999999999994,6.00000000000005,5.49999999999997,4.99999999999998,4,,,,,,,,,,,,,,6.15000000000006,2.35000000000003,1.49999999999997,1.10000000000001,1.19999999999996,0.500000000000078,-0.0499999999999723,-0.0999999999999446,-0.499999999999989,,-0.149999999999917,0.150000000000006,,3.29999999999995,3.65000000000002,,0.700000000000056,0.549999999999962,-0.699999999999967,-0.400000000000045,,-0.337922023024006,-0.141278879705453,-0.194730874822635,-0.0749843817679619,-0.201895790750939
2000-10-19,-1.75000000000001,-0.499999999999989,-0.500000000000078,0.999999999999979,0.499999999999989,0,,,,,,,,,,,,,,1.15000000000007,-0.199999999999978,-0.150000000000006,0.0499999999999723,-0.200000000000067,0,-0.349999999999984,-0.300000000000011,-0.499999999999989,,-1.10000000000001,-0.0499999999999723,,0.699999999999967,1.19999999999996,,0,-0.150000000000006,-1.19999999999996,-0.100000000000033,,0.681814908707068,0.756822551058889,-0.231488454760306,-0.33443413240154,0.148079112258603
2000-11-02,-0.999999999999979,0,-0.699999999999967,0.200000000000067,0.199999999999978,0.499999999999989,,,,,,,,,,,,,,-0.55000000000005,0.800000000000001,0.74999999999994,0.450000000000017,0.549999999999962,0.350000000000072,0,0.300000000000011,0,,0.199999999999978,-0.199999999999978,,1.99999999999996,-0.299999999999922,,0.399999999999956,0.750000000000028,0.0999999999999446,0.150000000000006,,0.123676141364371,0.223653571888871,-0.707905938740702,-0.529969694684052,-0.632133674038915
2000-11-16,0,-2.00000000000005,-1.50000000000006,-1.30000000000008,-1.49999999999997,-1.00000000000007,,,,,,,,,,,,,,-1.14999999999998,-0.999999999999979,-0.950000000000007,-1.05000000000004,-0.199999999999978,-0.499999999999989,-0.499999999999989,-0.450000000000017,-0.499999999999989,,-0.649999999999995,-0.600000000000023,,-0.999999999999979,-2.25000000000009,,-0.750000000000028,-0.55000000000005,-0.199999999999978,-0.549999999999962,,-0.194838547355047,-0.155150153231443,0.011670654153409,0.041547219011373,0.0214477212618469
2000-11-30,0,0,0,0,0,0.499999999999989,,,,,,,,,,,,,,0.600000000000023,0.400000000000045,0.450000000000017,0.600000000000023,0.599999999999934,0.399999999999956,0.549999999999962,0.350000000000072,0.600000000000023,,0.699999999999967,0.199999999999978,,0.399999999999956,-0.649999999999995,,0.999999999999979,0.450000000000017,1.6,0.599999999999934,,-0.0549288227833955,-0.175365774786584,-0.103722494028774,0.130879364285658,-0.0285651221802574
2000-12-14,1.99999999999996,2.00000000000005,0.699999999999967,1.80000000000007,2.50000000000004,2.50000000000004,,,,,,,,,,,,,,3.94999999999994,2.70000000000001,2.44999999999997,2.64999999999995,2.50000000000004,2.00000000000005,1.79999999999998,1.64999999999997,1.6,,1.6,0.649999999999995,,2.89999999999999,2.94999999999996,,2.34999999999994,2.70000000000001,1.10000000000001,1.79999999999998,,0.379688001477341,0.251328691395436,-0.00565275147828559,-0.0745866690195163,-0.221194540216718
2001-01-04,0,0.499999999999989,2.00000000000005,0,-0.499999999999989,-0.999999999999979,,,,,,,,,,,,,,-1.10000000000001,-0.24999999999995,-0.299999999999922,-0.600000000000023,-0.200000000000067,-0.150000000000006,0,0.250000000000039,0.300000000000011,,0.800000000000001,0.24999999999995,,-0.899999999999945,-0.700000000000056,,0.649999999999995,-0.750000000000028,0.0999999999999446,0.250000000000039,,-0.0321331027274496,0.091782511513383,0.185170542024191,0.166185295240545,0.32821775027001
2001-01-18,0,-1.00000000000007,1.29999999999999,0.199999999999978,0,0,,,,,,,,,,,,,,0.55000000000005,0,-0.0499999999999723,-0.199999999999978,0.199999999999978,-0.0499999999999723,0.300000000000011,0.150000000000006,0.100000000000033,,0.150000000000006,0.199999999999978,,0,0,,-0.150000000000006,-0.199999999999978,0.250000000000039,0.0499999999999723,,-0.160314005349704,-0.0512032781284866,-0.0637585697174245,-0.0625684362661194,-0.0874155319088743
2001-02-01,0,0.999999999999979,0.800000000000001,0.499999999999989,-0.200000000000067,0,,,,,,,,,,,,,,1.09999999999992,-0.199999999999978,0.699999999999967,0.300000000000011,-0.100000000000033,0,-0.250000000000039,-0.24999999999995,-0.24999999999995,,-0.149999999999917,-0.499999999999989,,0,-0.699999999999967,,0.0999999999999446,0.300000000000011,-0.549999999999962,-0.349999999999984,,0.0810270808049296,0.031520882845637,-0.0371342939467827,-0.0783821955790853,-0.0712226196378118
2001-02-15,0.499999999999989,0,1.69999999999995,0.499999999999989,0.500000000000078,0.300000000000011,,,,,,,,,,,,,,0.55000000000005,0.800000000000001,1.05000000000004,0.450000000000017,0.750000000000028,0.250000000000039,0.199999999999978,0.349999999999984,0.250000000000039,,0.699999999999967,0.500000000000078,,0.599999999999934,0.349999999999984,,0.800000000000001,0.849999999999973,0.300000000000011,0.300000000000011,,0.252600431490713,0.159325651814601,-0.0660829364871218,-0.0398422253168884,-0.056909799506144
2001-03-01,1.00000000000007,1.99999999999996,2.80000000000005,4,4.99999999999998,4,,,,,,,,,,,,,,4.99999999999998,4.49999999999999,3.30000000000004,2.55000000000001,2.25,2.05000000000002,1.45,1.29999999999999,1.14999999999998,,0.999999999999979,0.349999999999984,,4,3.35000000000001,,3.35000000000001,3.40000000000007,0.950000000000007,1.34999999999996,,-0.165826042659845,-0.0865533284327924,0.377094666542076,0.226695426378309,0.289608771156136
2001-03-15,1.49999999999997,0.499999999999989,0,0.700000000000056,0.700000000000056,0.699999999999967,,,,,,,,,,,,,,1.85000000000004,0.850000000000062,1.05000000000004,0.349999999999984,0.649999999999995,0.349999999999984,0.499999999999989,0.499999999999989,0.350000000000072,,0.299999999999922,0,0.600000000000023,-0.199999999999978,0.74999999999994,0.549999999999962,0.850000000000062,-0.200000000000067,0.499999999999989,0.649999999999995,0,0.105946083118447,0.0965717119958853,-0.060657863945944,-0.047740293713866,-0.0792437919998612
2001-03-29,8.00000000000001,3.00000000000003,5.29999999999999,3.79999999999994,1.99999999999996,1.79999999999998,,,,,,,,,,,,,,2.74999999999999,2.70000000000001,2.70000000000001,2.25,1.79999999999998,1.34999999999996,1.14999999999998,1.10000000000001,0.950000000000007,,0.649999999999995,0.700000000000056,2.4,2.09999999999999,2.74999999999999,2.4,1.94999999999999,1.99999999999996,0.899999999999945,1.00000000000007,0.850000000000062,-0.525189582020857,-0.549264425896201,-0.406803205227879,-0.23587794091624,-0.27528635677676
2001-04-11,30.0000000000001,17,12.5,10.5,14.5,13.5,,,,,,,,,,,,,,13.3999999999999,11.7,10.25,8.90000000000004,7.29999999999995,5.94999999999999,4.09999999999995,3.29999999999995,3.05,,2.25,0.699999999999967,12.9,13,12.25,9.40000000000003,9.79999999999999,9.20000000000005,3.15000000000003,3.05,3.30000000000004,0.709780160470608,0.283202554488859,-0.88081423173462,-0.469256524520822,-0.662975818588407
2001-04-26,0,1.99999999999996,0.499999999999989,0.699999999999967,0.499999999999989,1.00000000000007,,,,,,,,,,,,,,0.849999999999973,0.899999999999945,0.850000000000062,0.499999999999989,0.599999999999934,0.549999999999962,0.300000000000011,0.300000000000011,0.400000000000045,,0.300000000000011,0.300000000000011,0.499999999999989,0.849999999999973,-0.449999999999928,0.499999999999989,0.750000000000028,0.900000000000034,0.999999999999979,0.600000000000023,0.400000000000045,0.274299052617266,0.141316726537788,0.456291482228369,0.240403994298582,0.420078048231698
2001-05-10,-17,-18,-18,-17.2,-16.7,-12,,,,,,,,,,,,,,-14.1999999999999,-10.8,-7.30000000000004,-5.79999999999998,-3.80000000000003,-0.950000000000007,0.699999999999967,2.70000000000001,2.44999999999997,,3.30000000000004,4.90000000000004,-11.35,-12.45,-15.55,-5.84999999999996,-6.50000000000004,-5.60000000000001,2.44999999999997,2.70000000000001,2.00000000000005,0.80856204761659,0.772530850324138,-0.61611703249184,-0.281316747034027,-0.371837790000296
2001-05-23,3.00000000000003,1.99999999999996,0,0.699999999999967,0,0.300000000000011,,,,,,,,,,,,,,0.300000000000011,0.199999999999978,-0.24999999999995,-0.24999999999995,-0.100000000000033,-0.150000000000006,-0.499999999999989,-0.350000000000072,-0.349999999999984,,0.100000000000033,-0.24999999999995,0,0.499999999999989,0.450000000000017,0,0,0.349999999999984,-0.400000000000045,-0.300000000000011,-0.750000000000028,-0.0453167748778682,-0.0149622204213884,-0.0757068434377672,-0.0496976735152144,-0.0648625297505312
2001-06-07,5.00000000000007,-0.999999999999979,2.50000000000004,-0.499999999999989,-0.300000000000011,-0.999999999999979,,,,,,,,,,,,,,-1.10000000000001,-0.999999999999979,-0.600000000000023,-0.699999999999967,-0.600000000000023,-0.899999999999945,-1.39999999999993,-1.55000000000003,-1.85000000000004,,-2.04999999999993,-1.65000000000006,-0.499999999999989,-0.850000000000062,-0.449999999999928,-0.800000000000001,-0.700000000000056,-0.450000000000017,-1.49999999999997,-2.09999999999999,-1.75000000000001,-0.1629687681314,-0.0673318260120404,0.0235918609174407,-0.146818949701227,0.0294970750872814
2001-06-21,5.99999999999996,9.99999999999996,1.49999999999997,2.00000000000005,1.29999999999999,-0.199999999999978,,,,,,,,,,,,,,0.800000000000001,-0.199999999999978,-0.600000000000023,-0.800000000000001,-1.29999999999999,-1.95000000000007,-2.05000000000002,-2.20000000000002,-2.25,,-2.55000000000001,-2.95000000000005,-0.549999999999962,-0.450000000000017,0.55000000000005,-1.14999999999998,-0.750000000000028,-0.950000000000007,-2.65000000000004,-2.94999999999996,-2.29999999999997,0.0912538095747095,0.201416275803457,-0.467973945596312,-0.585882766799239,-0.433410957810754
2001-07-05,0.500000000000078,1.99999999999996,2.00000000000005,2.00000000000005,1.00000000000007,0,,,,,,,,,,,,,,0.549999999999962,0.199999999999978,-0.600000000000023,-0.999999999999979,-1.70000000000003,-2.20000000000002,-2.64999999999995,-3.34999999999992,-3.15000000000003,,-3.35000000000001,-3.69999999999999,0.600000000000023,-0.199999999999978,0.750000000000028,-1.10000000000001,-1.20000000000005,-0.74999999999994,-3.15000000000003,-3.89999999999997,-3.45000000000004,-0.311517056866784,-0.249553933628555,-0.101031120233161,-0.0250365117101636,-0.01184371041143
2001-07-19,1.49999999999997,3.00000000000003,1.49999999999997,0.499999999999989,1.49999999999997,0.300000000000011,,,,,,,,,,,,,,0.300000000000011,0.599999999999934,-0.250000000000039,0.100000000000033,-0.0499999999999723,0.300000000000011,0.100000000000033,0.300000000000011,0.250000000000039,,0,0,0.55000000000005,1.04999999999995,0,-0.400000000000045,-0.199999999999978,0,0.300000000000011,0.250000000000039,0.200000000000067,0.0778594295036683,0.101919492430369,-0.177533477319736,-0.178528003272294,-0.2363026699018
2001-08-02,8.5,7.50000000000002,4,4,4.49999999999999,4,,,,,,,,,,,,,,5.15000000000008,4.75000000000003,4.04999999999998,3.30000000000004,2.55000000000001,2.25,2.09999999999999,1.64999999999997,1.55000000000003,,1.80000000000007,1.29999999999999,5.10000000000002,5.59999999999992,4.8,4.15000000000001,3.09999999999997,3.39999999999998,1.6,1.79999999999998,1.6,-0.171709932171993,-0.176340482554149,-0.272278800013022,-0.203144749501932,-0.372099823246952
2001-08-30,-6.50000000000004,2.00000000000005,-3.00000000000003,-4.99999999999998,-6.00000000000001,-5.49999999999997,,,,,,,,,,,,,,-7.69999999999995,-7.30000000000004,-6.69999999999993,-6.35000000000003,-5.69999999999995,-4.75000000000003,-4.09999999999995,-3.64999999999993,-3.60000000000005,,-2.94999999999996,-2.09999999999999,-6.80000000000005,-7.74999999999997,-7.79999999999999,-6.09999999999999,-6.00000000000005,-6.44999999999998,-3.54999999999999,-3.50000000000001,-3.69999999999999,-0.995378223653809,-0.703775532124151,0.142982866418591,0.303490369515402,0.153731459175788
2001-09-13,2.00000000000005,1.99999999999996,0.999999999999979,0,0,0.499999999999989,,,,,,,,,,,,,,0.599999999999978,0.450000000000017,6.80000000000001,0.800000000000001,1.29999999999999,0.599999999999934,0.499999999999989,0.250000000000039,0.350000000000072,,0.199999999999978,0.549999999999962,0.499999999999989,1.00000000000002,0.550000000000006,0.850000000000062,0.900000000000034,0.800000000000001,0.649999999999995,0.300000000000011,0.449999999999928,-0.18564390062501,-0.0720288146387915,-0.0220689656068099,-0.113351157792818,-0.0717584318010722
2001-09-17,-45,-35,-30,-21.5,-14,-9.75000000000001,,,,,,,,,,,,,,-7.45,-3.85,-3.99999999999996,-2.79999999999996,-2.29999999999997,-1.04999999999995,-0.350000000000072,-0.0499999999999723,-0.0999999999999446,,0.549999999999962,1.05000000000004,-6.09999999999999,-6.00000000000001,-6.20000000000003,-3.50000000000001,-2.80000000000005,-2.99999999999994,0.0499999999999723,0.0999999999999446,-0.250000000000039,0.804732746975034,0.675437300311366,-0.250027307117984,-0.063765345696376,-0.124806450665638
2001-09-27,3.00000000000003,2,0.300000000000011,3.50000000000001,-1.00000000000002,-0.300000000000011,,,,,,,,,,,,,,0.500000000000034,0.499999999999989,-0.249999999999995,-0.55000000000005,0,-0.250000000000039,-0.549999999999962,-0.600000000000023,-0.600000000000023,,-0.649999999999995,-0.899999999999945,-0.750000000000028,-0.300000000000011,-0.300000000000011,-0.24999999999995,-0.55000000000005,-0.300000000000011,-0.399999999999956,-0.549999999999962,-0.349999999999984,-0.708215348012686,-0.580210072951459,-0.038011458197093,0.00800736678171488,0.022775930495289
2001-10-11,12,6.5,4.49999999999999,6.50000000000004,7.75000000000001,6.99999999999998,,,,,,,,,,,,,,7.94999999999999,8.05000000000002,6.55000000000001,6.35000000000003,6.20000000000003,5.79999999999998,5.39999999999994,5.14999999999999,4.95000000000001,,5.04999999999995,3.74999999999996,8.34999999999999,7.24999999999998,6.9,6.14999999999997,5.75000000000001,5.94999999999999,4.65,4.99999999999998,4.74999999999994,0.900693455678514,1.00368329823537,-0.686488883217093,-0.263968477077325,-0.130141461568201
2001-10-25,8.00000000000001,4.99999999999998,2.49999999999999,1.25000000000002,0.199999999999978,-1.00000000000002,,,,,,,,,,,,,,0,0.499999999999989,0,0,-0.400000000000045,-0.349999999999984,-0.299999999999922,-0.600000000000023,-0.499999999999989,,-1.00000000000007,-0.750000000000028,0,0.749999999999984,-0.299999999999967,-0.300000000000011,-0.200000000000067,-0.249999999999995,-0.349999999999984,-0.499999999999989,-0.800000000000001,-0.484785953872446,-0.325509631102161,-0.224744447896885,-0.176140958270882,-0.118575286388278
2001-11-08,11.5,1.50000000000001,1.00000000000002,2,5.00000000000003,5.80000000000003,,,,,,,,,,,,,,5.90000000000002,4.8,4.55000000000001,4.29999999999997,3.80000000000003,3.10000000000001,1.75000000000001,0.74999999999994,0.649999999999995,,-0.450000000000017,-3.59999999999996,5.35000000000001,4.49999999999999,5.60000000000001,4,2.99999999999998,4,0.499999999999989,0.900000000000034,0.200000000000067,-0.517173851952002,-0.502029930499681,0.0835864192880356,0.212019976675365,0.053051010943328
2001-12-06,1.00000000000002,-1.25000000000002,2.25,3.00000000000003,5.49999999999997,6.99999999999998,,,,,,,,,,,,,,6.59999999999998,5.45,4.8,5.64999999999998,4.69999999999997,3.54999999999999,2.34999999999994,1.89999999999992,1.6,,0.300000000000011,-1.29999999999999,5.95000000000003,,6.9,4.95000000000001,4.45000000000002,4.8,1.6,1.40000000000002,1.40000000000002,-0.364115081394623,-0.258778852675512,0.241933333186331,-0.135799038323514,0.0812641128242753
2002-01-03,2.25,2.25,2.99999999999998,0.749999999999984,0,-1.50000000000001,,,,,,,,,,,,,,0.249999999999995,-0.950000000000007,-1.49999999999997,-1.95000000000007,-1.6,-3.05,-3.10000000000006,-3.45000000000004,-3.49999999999993,,-3.40000000000007,-3.59999999999996,-1.45,,-1.05,-2.09999999999999,-2.09999999999999,,-3.59999999999996,-3.95000000000003,-3.75000000000005,0.0225673215647149,-0.314695810062826,-0.44326313712376,-0.40814749948655,-0.618493609358506
2002-02-07,2,1.49999999999997,1.79999999999998,2.49999999999999,4.74999999999999,5.25000000000002,,,,,,,,,,,,,,6.69999999999997,6.35000000000003,6.75000000000008,6.74999999999999,6.59999999999998,5.90000000000002,5.79999999999998,5.29999999999999,5.19999999999996,,4.89999999999995,5.09999999999993,5.54999999999995,6.44999999999998,5.80000000000003,6.59999999999998,6.64999999999996,6.99999999999994,4.99999999999998,5.14999999999999,4.99999999999998,0.730119987800393,0.500583784765585,0.0576767809275375,0.122005790074237,0.0323537344423919
2002-03-07,3.50000000000001,0.249999999999995,0.999999999999979,1.2,1.50000000000001,2.25,,,,,,,,,,,,,,1.49999999999997,1.54999999999994,1.29999999999999,1.45,1.14999999999998,0.700000000000056,0.849999999999973,0.700000000000056,0.450000000000017,,-0.100000000000033,-0.199999999999978,1.34999999999996,,1.49999999999997,0.649999999999995,1.10000000000001,0.600000000000023,0.250000000000039,0.400000000000045,0.24999999999995,0.203278025648324,0.123276348317169,0.205116589492574,0.0728774476564664,0.0420274954481492
2002-04-04,0,-0.749999999999984,-0.750000000000028,-0.699999999999967,-2.49999999999999,-2.69999999999993,,,,,,,,,,,,,,-2.79999999999996,-3.29999999999995,-3.15000000000003,-2.85000000000002,-3.39999999999998,-2.79999999999996,-2.70000000000001,-2.69999999999993,-2.55000000000001,,-2.4,-2.49999999999995,-2.25,-3.24999999999998,-2.74999999999999,-2.59999999999998,-3.2,,-3.00000000000002,-3.00000000000002,-2.85000000000002,-0.148461664538146,-0.12403102365246,0.254719521867715,0.154679071829872,-0.115713472100953
2002-05-02,0.749999999999984,1.49999999999997,2,4.25,7.7,7.74999999999997,,,,,,,,,,,,,,7.45000000000005,7.95000000000004,6.70000000000002,6.35000000000003,6.20000000000003,4.95000000000001,4.54999999999997,4.49999999999999,4.10000000000004,,3.39999999999998,3.35000000000001,7.50000000000002,7.85,8.39999999999997,6.35000000000003,6.85000000000002,6.59999999999998,4.34999999999999,4.39999999999996,3.95000000000003,-0.253706095368855,-0.236358835049355,0.221165632559683,0.0404612588971287,0.20314229102425
2002-06-06,-0.499999999999989,-1.2,0,1.00000000000002,2.25,1.79999999999998,,,,,,,,,,,,,,1.80000000000007,1.99999999999996,1.80000000000007,1.45,1.40000000000002,1.05000000000004,0.950000000000007,0.849999999999973,0.700000000000056,,0.800000000000001,0.600000000000023,1.79999999999998,2.00000000000005,2.29999999999997,1.25000000000002,1.40000000000002,1.35000000000005,0.750000000000028,0.849999999999973,0.700000000000056,-0.282230683628271,-0.184122989485669,0.467340202681758,0.41029668551682,0.153446174773997
2002-07-04,-0.999999999999979,0,-1.00000000000002,-0.450000000000017,-0.999999999999979,-0.700000000000056,,,,,,,,,,,,,,-0.800000000000001,-1.75000000000001,-1.20000000000005,-1.24999999999993,-1.25000000000002,-1.04999999999995,-0.949999999999918,-0.999999999999979,-0.800000000000001,,-1.15000000000007,-1.14999999999998,-0.600000000000023,,-1.30000000000003,-1.45,-1.15000000000007,-1.14999999999998,-0.900000000000034,-0.800000000000001,-0.800000000000001,-0.23717285198952,-0.360360750329836,0.132985544635992,0.210551019414673,0.068160520658811
2002-08-01,0,1.25000000000002,0,-0.300000000000011,-0.200000000000022,-0.999999999999979,,,,,,,,,,,,,,0,-0.450000000000017,-0.450000000000017,-0.400000000000045,-0.499999999999989,-0.499999999999989,-0.499999999999989,-0.649999999999995,-0.549999999999962,,-0.600000000000023,-0.499999999999989,-0.700000000000012,-1.6,-1.05,-0.250000000000039,-0.349999999999984,-0.750000000000028,-0.600000000000023,-0.600000000000023,-0.750000000000028,-0.526377316919646,-0.30394470742019,0.092336109976884,0.0637755123657047,0.0855285717550558
2002-09-12,-0.500000000000034,-0.750000000000028,-0.800000000000001,-2.25,-4,-4.8,,,,,,,,,,,,,,-4.75000000000003,-5.00000000000003,-4.65,-4.85000000000002,-4.55000000000005,-3.90000000000006,-3.35000000000001,-3.14999999999994,-3.00000000000002,,-2.29999999999997,-2.00000000000005,-4.40000000000001,,-4.8,-4.55000000000005,-4.55000000000001,-4.49999999999999,-2.94999999999996,-3.15000000000003,-3.15000000000003,-0.880993008893327,-0.667639984155954,-0.107612298683395,-0.0876389332275407,0.15771865414802
2002-10-10,2.49999999999999,2.74999999999999,2.25,2.49999999999999,2,1.55000000000003,0.950000000000006,,,,,,,,,,,,,3.25000000000002,2.34999999999999,1.79999999999998,1.2,1.05,0.649999999999995,0.199999999999978,0.100000000000033,0.150000000000006,,0.250000000000039,0,2.15000000000001,2.65000000000004,2.29999999999997,1.69999999999999,1.45000000000004,1.14999999999998,0.150000000000006,0.250000000000039,0.24999999999995,-0.184623307066101,0.128467885407879,-0.0810413861910277,-0.0633312244093687,-0.118845166950177
2002-11-07,13.3,6.9,2.49999999999999,0.499999999999989,-1.65000000000002,-3.95000000000003,-2,,,,,,,,,,,,,-2.8,-2.59999999999998,-2.95000000000001,-3.2,-3.30000000000004,-3.10000000000006,-2.85000000000002,-3.40000000000007,-3.09999999999997,,-4,-4.15000000000001,-2.29999999999997,-3.29999999999999,-2.94999999999996,-2.95000000000001,-2.8,-3.10000000000001,-3.24999999999998,-3.35000000000001,-3.24999999999998,-1.6045496113783,-1.88016770352668,0.224411015509835,-0.227192702213119,0.0368754229487678
2002-12-05,-7.99999999999996,-5.39999999999998,-3.45,-2.85000000000002,-1.55000000000003,2,3.75000000000001,,,,,,,,,,,,,4.34999999999999,4.20000000000003,4,4.29999999999997,4,3.95000000000003,3.85,3.80000000000003,3.59999999999996,,2.95000000000005,2.25,0.800000000000001,2.49999999999999,1.90000000000001,3.85,3.85,4.09999999999999,3.59999999999996,3.75000000000005,2.89999999999999,-0.891277315403283,-0.964156116286397,-0.0600030019502821,-0.102108951258761,0.07177892400545
2003-01-09,0,1.50000000000001,1.49999999999997,2,2.74999999999999,3.2,3.49999999999997,,,,,,,,,,,,,3.80000000000003,4.25,4.44999999999998,4.55000000000001,4.15000000000001,3.69999999999999,3.39999999999998,3.29999999999995,3.10000000000006,,3.45000000000004,3.05,2.99999999999998,3.75000000000001,3.25000000000002,4.05000000000002,4.55000000000001,4,3.00000000000002,3.09999999999997,2.65000000000004,1.23744907061862,1.30445160776773,-0.276203804337295,-0.0995444011905933,-0.0299541703436823
2003-02-06,4,2.30000000000001,1.50000000000001,1.39999999999998,1.00000000000002,0.499999999999989,0,,,,,,,,,,,,,-0.249999999999995,0.300000000000011,0.249999999999995,-0.200000000000022,-0.200000000000022,-0.550000000000006,-0.699999999999967,-0.800000000000001,-0.699999999999967,,-1.40000000000002,-0.999999999999979,-0.300000000000011,0.550000000000006,0.350000000000028,0,0.150000000000006,-0.100000000000033,-0.850000000000062,-0.900000000000034,-0.700000000000056,-1.40471361424188,-1.0943141067786,0.0416040685534205,0.318254417292185,-0.0733180298718494
2003-03-06,8.99999999999999,8.5,4.50000000000004,1.50000000000001,-1.69999999999999,-5.19999999999996,-5.49999999999997,,,,,,,,,,,,,-4.95000000000001,-4.89999999999999,-5.14999999999999,-4.29999999999997,-4.40000000000001,-3.70000000000004,-2.94999999999996,-2.55000000000001,-2.19999999999998,,-0.549999999999962,-0.649999999999995,-4.59999999999998,-5.20000000000001,-3.94999999999999,-5.05,-4.74999999999999,-4.94999999999997,-2.8,-2.30000000000001,-2.45000000000006,-1.38558258236667,-1.57317233134409,0.396762577265354,0.51876052478585,0.213521831225183
2003-04-03,1.50000000000001,2.99999999999998,1.00000000000002,1.30000000000003,1.2,0.800000000000001,0,,,,,,,,,,,,,0.550000000000006,0.89999999999999,0.649999999999995,0.499999999999989,0.499999999999989,0.89999999999999,0.749999999999984,0.899999999999945,0.800000000000001,,0.199999999999978,-0.0499999999999723,1.25000000000002,-0.950000000000007,0.349999999999984,0.499999999999989,0.600000000000023,0.4,0.700000000000056,0.699999999999967,0.649999999999995,-0.236794942893681,0.0207050055090363,0.0653777925593818,0.0364923552566454,0.179849131638488
2003-05-08,-0.550000000000006,0.950000000000006,3.00000000000003,4,4,3.75000000000001,2.99999999999998,,,,,,,,,,,,,4.15000000000001,2.70000000000001,2.8,2.8,2.30000000000001,2.49999999999999,2.19999999999998,2,2.14999999999996,,1.70000000000003,1.64999999999997,3.6,4.25,3.29999999999999,3.14999999999999,2.65,2.70000000000001,2.15000000000005,1.95000000000003,2.09999999999999,-1.12156216574055,-0.96567534364338,0.949533464965263,0.940753919324438,0.873795624023366
2003-06-05,-6.00000000000001,-2.49999999999999,-3.80000000000003,-4.50000000000004,-7.00000000000001,-9.75000000000001,-10.75,,,,,,,,,,,,-7.44999999999998,-8.44999999999998,-11.05,-11.75,-12.35,-10.8,-10.1,-9.74999999999997,-9.05,-8.99999999999999,,-7.40000000000007,-7.20000000000001,-10.15,-7.75000000000001,-9.75000000000002,-11.55,-11.95,-11.75,-8.69999999999997,-9.14999999999999,-8.9,-0.937799933318395,-0.684364087840539,1.06203207227062,0.371682464429246,0.511325877308266
2003-07-10,-0.250000000000039,0.500000000000034,0.699999999999967,0.999999999999979,0,-0.749999999999984,-0.500000000000034,,,,,,,,,,,,0.2,-0.550000000000006,-0.499999999999989,-0.450000000000017,-0.550000000000006,-0.649999999999995,-0.499999999999989,-0.749999999999984,-0.550000000000006,-0.749999999999984,,-0.800000000000001,-0.649999999999995,-0.300000000000011,-0.4,-0.249999999999995,-0.649999999999995,-0.349999999999984,-0.499999999999989,-0.599999999999978,-0.699999999999967,-0.499999999999989,0.256539962673496,0.173738767391285,-0.0352842591761021,-0.0430045878187291,-0.0299569371272845
2003-07-31,0,0,1.00000000000002,0.249999999999995,0.749999999999984,0.500000000000034,0.499999999999989,,,,,,,,,,,,-0.099999999999989,0.4,0.200000000000022,0.249999999999995,0.300000000000011,0.299999999999967,0.149999999999961,0.199999999999978,0.099999999999989,0.300000000000011,,0.450000000000017,0.299999999999922,0.0500000000000167,0.0499999999999723,-0.499999999999989,0.0500000000000167,0,0.499999999999989,0.150000000000006,0.300000000000011,0.150000000000006,-0.0839478119953441,-0.10384666244132,0.203422880036547,0.0213667605242884,0.0552842546099441
2003-09-04,-3.00000000000003,0.249999999999995,0,-0.499999999999989,-1.50000000000001,-2.45000000000002,-1.49999999999997,,,,,,,,,,,,-1.10000000000001,-1.75000000000001,-2.05000000000002,-1.6,-1.19999999999996,-1.2,-0.999999999999979,-1.10000000000001,-0.950000000000007,-0.999999999999979,,-1.10000000000001,-0.600000000000023,-2.25,-2.74999999999999,-1.34999999999996,-1.35000000000001,-1.24999999999997,-1.10000000000001,-0.849999999999973,-1.05000000000004,-0.849999999999973,-0.151109047456011,-0.212892867600889,0.58040606989989,0,0.709166946560558
2003-10-02,0.999999999999979,0.550000000000006,0.800000000000001,1.24999999999997,2,2.74999999999999,2.74999999999999,,,,,,,,,,,,1.6,1.90000000000001,1.6,1.85,2.15000000000001,1.94999999999999,1.40000000000002,1.2,1.14999999999998,0.999999999999979,,0.800000000000001,0.750000000000028,2.54999999999996,3.00000000000002,2.69999999999997,2,2,2.19999999999998,1.19999999999996,0.74999999999994,0.950000000000007,-0.77918704616744,-0.748177066302347,-0.0256684493387921,-0.256904444444206,-0.265952478059539
2003-11-06,0,0.0500000000000167,0,0.500000000000034,1.00000000000002,1.50000000000001,2.75000000000003,,,,,,,,,,,,1.94999999999999,1.85,2.44999999999997,2.49999999999999,2.89999999999999,2.74999999999999,2.89999999999999,2.70000000000001,2.60000000000007,2.50000000000004,,1.6,1.6,2.09999999999999,2.09999999999999,1.6,2.8,2.55000000000001,2.99999999999998,2.70000000000001,2.50000000000004,2.45000000000006,0.101156847360606,0.0894527180084203,-0.279732688201106,0.00731288164426691,-0.099312763893078
2003-12-04,0,0.200000000000022,0,-1.00000000000002,-2.45000000000002,-3.6,-2.99999999999998,,,,,,,,,,,,-0.150000000000006,-3.94999999999999,-4.15000000000001,-3.79999999999998,-3.29999999999999,-2.69999999999997,-2.50000000000004,-2.65000000000004,-2.29999999999997,-2.20000000000002,,-1.79999999999998,-1.79999999999998,-3.85,-4.30000000000002,-3.94999999999999,-3.35000000000001,-3.45,-3.40000000000003,-2.15000000000005,-2.25,-2.05000000000002,-0.46528059302382,-0.326963040883399,0.537435664585967,0.491226559993413,0.447000686982779
2004-01-08,0,0.499999999999989,-0.4,-0.549999999999962,-1.45000000000004,-2.25,-1.75000000000001,,,,,,,,,,,,-2.99999999999998,-1.85,-1.85,-2.15000000000001,-1.90000000000001,-1.75000000000001,-1.85,-1.6,-1.6,-1.70000000000003,,-1.40000000000002,-1.39999999999993,-1.70000000000003,-1.54999999999999,-1.6,-2.05000000000002,-1.90000000000001,-1.75000000000001,-1.6,-1.54999999999994,-1.59999999999991,0.322019162705267,-0.181529434918648,0.820161531293126,0.086306104321604,0.80981126061781
2004-02-05,0.999999999999979,-0.100000000000033,-0.550000000000006,-0.4,-1.75000000000001,-2.30000000000001,-2.99999999999998,,,,,,,,,,,,-0.499999999999989,-2.15000000000001,-2.4,-2.75000000000003,-2.85000000000002,-2.99999999999998,-2.99999999999998,-2.8,-2.80000000000005,-2.74999999999999,,-2.64999999999995,-2.59999999999998,-2.30000000000001,-2.45000000000002,-1.80000000000002,-2.85000000000002,-2.8,-2.90000000000004,-2.94999999999996,-2.79999999999996,-2.84999999999993,-0.0822140681755457,-0.0644146811958457,0.309683814418679,0.0729713984510827,0.323637056652792
2004-03-04,2.50000000000001,3,2.54999999999999,2.89999999999997,4,4,4,,,,,,,,,,,,3.00000000000002,3.99999999999996,3.35000000000001,3.25000000000002,3.10000000000001,2.84999999999998,2.59999999999998,2.45000000000002,2.09999999999999,2.05000000000002,,0.950000000000007,0.800000000000001,4.20000000000003,3.94999999999999,4.14999999999997,3.14999999999999,3.25000000000002,3.14999999999999,2.09999999999999,2.20000000000002,2.00000000000005,0.246645374901266,0.0671616755965054,-0.311961504129291,0.00750440884371706,-0.189242899573117
2004-04-01,2,3.99999999999998,4.40000000000001,6.7,8.00000000000001,7.49999999999997,7.20000000000001,,,,,,,,,,,,8.00000000000001,7.50000000000002,7.30000000000004,6.10000000000004,5.20000000000001,4.8,4.44999999999998,4.15000000000001,3.69999999999999,3.6,,2.09999999999999,1.85000000000004,7.94999999999999,8.30000000000002,8.25000000000002,5.45,6.44999999999998,5.39999999999998,3.65000000000002,3.6,3.50000000000001,-0.37845870785036,-0.204250798410754,0.344095066765104,0.0450416643002549,0.23047335344959
2004-05-06,0.300000000000011,0.0500000000000167,0.599999999999978,1.24999999999997,1.50000000000001,2,2.30000000000001,,,,,,,,,,,,0.750000000000028,1.64999999999997,1.29999999999999,1.29999999999999,1.29999999999999,1.05,0.900000000000034,0.800000000000001,0.600000000000023,0.700000000000056,,0.700000000000056,0.549999999999962,1.45,2.34999999999999,1.65000000000002,1.30000000000003,1.15000000000003,1.35000000000001,0.649999999999995,0.699999999999967,0.699999999999967,-0.375669422951397,-0.525645704571165,-0.247790661188158,-0.229689279657186,0.0226287008319836
2004-06-03,-0.999999999999979,-0.749999999999984,-0.199999999999978,-0.999999999999979,-1.50000000000001,-2,-2.25,,,,,,,,,,,,-0.700000000000012,-1.79999999999998,-1.94999999999999,-1.94999999999999,-1.79999999999998,-1.64999999999997,-1.39999999999998,-1.29999999999999,-1.10000000000001,-1.10000000000001,,-1.14999999999998,-1.15000000000007,-2.09999999999999,-0.550000000000006,-2.20000000000002,-1.69999999999999,-1.74999999999996,-1.69999999999999,-1.55000000000003,-1.14999999999998,-1.10000000000001,0.163673965777633,0.169288046571037,0.0122711933889602,-0.0300480771491585,-0.0367904054773049
2004-07-01,0.499999999999989,0.199999999999978,0,-0.150000000000006,0.150000000000006,-0.249999999999995,0,,,,,,,,,,,,1.29999999999999,-0.249999999999995,-0.749999999999984,-0.249999999999995,-0.249999999999995,-0.199999999999978,-0.249999999999995,-0.150000000000006,-0.349999999999984,-0.300000000000011,,-0.250000000000039,-0.24999999999995,-0.499999999999989,-0.4,-0.200000000000022,-0.300000000000011,0,-0.249999999999995,-0.0999999999999446,-0.250000000000039,-0.200000000000067,-0.26212149850684,-0.240959363876136,0.119206673246913,0.0597237793041938,-0.0532036191010832
2004-08-05,3.29999999999999,-0.100000000000033,0.200000000000022,0.499999999999989,-0.550000000000006,0.249999999999995,0.100000000000033,,,,,,,,,,,,0,-0.599999999999978,-0.150000000000006,-0.149999999999961,-0.099999999999989,-0.149999999999961,-0.099999999999989,-0.099999999999989,-0.0999999999999446,-0.100000000000033,,-0.0499999999999723,-0.200000000000067,0.249999999999995,0,0.249999999999995,0,0,-0.0500000000000167,0,-0.0999999999999446,-0.199999999999978,0.0559026346179437,0.059664686243277,-0.0124540756123254,-0.00755943606967069,-0.0335514178622098
2004-09-02,2.49999999999999,0,2.59999999999998,-0.800000000000001,2,1.54999999999999,1.70000000000003,,,,,,,,,,,,0,1.70000000000003,1.75000000000001,1.64999999999997,1.45,1.35000000000001,1.35000000000001,1.2,1.10000000000001,1.04999999999995,,0.849999999999973,0.849999999999973,1.90000000000001,1.90000000000001,1.6,1.34999999999996,1.35000000000001,1.50000000000001,1.20000000000005,1.09999999999992,1.14999999999998,-0.162259395543973,-0.105417286482723,0,0.301570601101919,0.0450670379806617
2004-10-07,-1.25000000000002,-0.625000000000009,-1.69999999999999,-0.475000000000003,-0.699999999999967,-1.10000000000001,-0.249999999999995,,,,,,,,,,,,0,-1.30000000000003,-1.00000000000002,-0.699999999999967,-0.450000000000017,-0.300000000000011,-0.200000000000022,0.150000000000006,0.249999999999995,0.300000000000011,,0.399999999999956,0.300000000000011,-0.800000000000001,-1.35000000000001,-1.2,-0.600000000000023,-0.700000000000012,-0.4,0.300000000000011,0.199999999999978,0.300000000000011,-0.0609701318114553,0.0591562852316762,0.0894527180084426,-0.159362583527795,-0.0365751073899467
2004-11-04,-0.499999999999989,-0.499999999999989,-0.499999999999989,-0.0500000000000167,-0.700000000000012,-0.249999999999995,-0.300000000000011,,,,,,,,,,,,0,-0.4,-0.200000000000022,-0.4,-0.449999999999973,-0.749999999999984,-0.749999999999984,-0.950000000000007,-1.14999999999998,-1.09999999999997,,-1.25000000000002,-1.19999999999996,-0.4,-0.449999999999973,-0.300000000000011,-0.4,-0.399999999999956,-0.550000000000006,-1.05,-1.2,-0.999999999999979,-0.0772547901275012,-0.00726981934819904,0.143680975342408,0.344061697020792,-0.0586209440102792
2004-12-02,3.40000000000003,0.700000000000012,0.699999999999967,0.479999999999992,2.59999999999998,3.39999999999998,3.2,,,,,,,,,,,,3.29999999999999,4.20000000000003,3.69999999999999,2.85000000000002,2.29999999999997,2.04999999999997,1.75000000000001,1.45,1.25000000000002,1.25000000000002,,1.10000000000001,1.04999999999995,3.6,3.35000000000001,4,2.4,2.35000000000003,2.4,1.45,1.2,1.2,-0.346588745823784,-0.328872054110096,0.236180731729552,0.087013275013631,0.102324230533046
2005-01-13,0,-1.40000000000002,-1.46700000000002,-2.59999999999998,-5.54999999999999,-7.74999999999997,-8.00000000000001,,,,,,,,,,,,-4.45000000000002,-7.79999999999999,-7.59999999999996,-7.25000000000002,-7.15000000000003,-6.55000000000001,-6.34999999999999,-5.89999999999997,-5.45,-5.35000000000001,,-4.90000000000004,-4.8,-6.99999999999998,-8.25,-7.34999999999997,-7.19999999999996,-7.20000000000001,-7.74999999999997,-5.39999999999998,-5.49999999999997,-5.40000000000003,0.0242332812877777,0.0964320229019044,-0.313699068597617,-0.170806389829664,-0.630103232557122
2005-02-03,-0.0500000000000167,-0.249999999999995,0.349999999999984,-0.0500000000000167,-1.45,-0.949999999999962,-0.800000000000001,,,,,,,,,,,,-1.2,-0.850000000000017,-0.950000000000007,-0.4,-0.099999999999989,-0.099999999999989,0,0.150000000000006,0.0499999999999723,0.150000000000006,,0.0500000000000167,0.099999999999989,-1.29999999999999,-1.05,-1.05,-0.249999999999995,-0.499999999999989,-0.249999999999995,0.100000000000033,0.099999999999989,0.099999999999989,-0.328877728129484,-0.273404048591885,-0.458142440259884,-0.0652812557184357,-0.0221296058144915
2005-03-03,0.199999999999978,0,-0.4,-0.649999999999995,-1.29999999999999,-1.25000000000002,-0.900000000000034,,,,,,,,,,,,-1.29999999999999,-1.35000000000001,-1.35000000000001,-1.39999999999998,-1.2,-1.05,-0.999999999999979,-0.89999999999999,-1.05,-0.89999999999999,,-1.20000000000005,-1.34999999999996,-1.29999999999999,-1.65000000000002,-1.35000000000001,-1.05000000000004,-1.35000000000001,-1.2,-0.89999999999999,-0.749999999999984,-0.999999999999979,0.169307953804854,0.315354048874994,-0.091331157882174,0.072663860194766,-0.036293688925948
2005-04-07,-0.099999999999989,-0.800000000000001,-0.300000000000011,-1.09999999999997,-2.30000000000001,-3.29999999999999,-3.50000000000001,,,,,,,,,,,,-0.999999999999979,-3.35000000000001,-3.39999999999998,-3.40000000000003,-3.35000000000001,-3.09999999999997,-3.25000000000002,-3.09999999999997,-3.10000000000001,-2.94999999999996,,-2.4,-2.09999999999999,-3.2,-3.50000000000001,-2.85000000000002,-3.10000000000001,-3.45,-3.40000000000003,-2.95000000000001,-3.00000000000002,-3.00000000000002,-0.313127566136373,-0.190238839845946,0.0425787228945318,-0.00727140520225822,0.0464991513340785
2005-05-04,-0.249999999999995,-0.099999999999989,0,0.249999999999995,0.349999999999984,0.700000000000012,0.499999999999989,,,,,,,,,,,,0.450000000000017,0.649999999999995,0.950000000000007,1.15000000000003,1.50000000000001,1.6,1.90000000000001,2.14999999999996,2.4,2.34999999999999,,3.39999999999998,3.94999999999999,0.650000000000039,0.649999999999995,0.349999999999984,1.50000000000001,1.10000000000001,1.50000000000001,2.35000000000003,2.4,2.30000000000001,0.255663487706315,0.269804299526744,-0.0154404385391438,0.0587242180863368,-0.0147923523808657
2005-06-02,1.10000000000001,0.499999999999989,0.200000000000022,2,2.20000000000002,1.70000000000003,1.6,,,,,,,,,,,,1.45,1.75000000000001,1.85,1.85,1.85,1.55000000000003,1.2,0.800000000000001,0.800000000000001,0.850000000000017,,0.300000000000011,0.249999999999995,2,1.85,2.45000000000002,2,1.85,1.85,0.800000000000001,0.800000000000001,0.799999999999956,-0.143928175912933,-0.134437269202703,-0.159147979970323,-0.0222082393480372,-0.0640506398703167
2005-07-07,0.600000000000023,0.499999999999989,0.499999999999989,2.09999999999999,3.24499999999999,4.19999999999998,5.05,,,,,,,,,,,,3.2,4.85000000000002,4.8,4.95000000000001,5.14999999999999,4.89999999999999,4.49999999999999,3.95000000000003,4,4.15000000000001,,3.70000000000004,4.25,4.09999999999999,4.49999999999999,3.79999999999998,5.05,4.95000000000001,5.29999999999999,3.64999999999998,4.25,4.35000000000003,0.933380773970072,0.733900155308831,-0.560108469830106,-0.576202316272512,-0.231793135036185
2005-08-04,0,0,0,0.300000000000011,0,-0.199999999999978,-0.150000000000006,,,,,,,,,,,,0.0500000000000167,-0.450000000000017,-0.0500000000000167,-0.200000000000022,-0.150000000000006,-0.0500000000000167,-0.150000000000006,-0.349999999999984,-0.200000000000022,-0.150000000000006,,-0.249999999999995,-0.249999999999995,0,-0.0499999999999723,0,-0.300000000000011,-0.300000000000011,-0.299999999999967,-0.150000000000006,-0.199999999999978,-0.250000000000039,-0.0524284318734303,-0.0154137830352674,-0.0770744211937374,0.0144154533909702,-0.054588133895539
2005-09-01,-0.499999999999989,0,0,-0.300000000000011,-1.39999999999998,-2.65,-2.04999999999997,,,,,,,,,,,,-1.29999999999999,-3.15000000000003,-2.94999999999996,-3.00000000000002,-2.95000000000001,-2.74999999999999,-2.49999999999999,-2.30000000000001,-2.20000000000002,-2.25,,-1.95000000000003,-1.75000000000001,-1.54999999999999,-2.99999999999998,-3.54999999999999,-3.09999999999997,-3.10000000000001,-2.89999999999999,-2.09999999999999,-2.29999999999997,-2.04999999999997,0.117994472816285,0.151978069976266,0.125022701852848,-0.138965098245547,0.0729980322947021
2005-10-06,0,0,-0.200000000000022,-0.099999999999989,-0.300000000000011,-0.499999999999989,-0.4,,,,,,,,,,,,-0.099999999999989,-0.550000000000006,-0.999999999999979,-1.14999999999998,-1.14999999999998,-1.05,-1.05,-1.05,-1.05000000000004,-1.29999999999999,,-1.00000000000002,-0.649999999999995,-0.149999999999961,-0.350000000000028,-0.499999999999989,-1.2,-1.10000000000001,-1.14999999999998,-1.09999999999997,-1.24999999999997,-1.10000000000001,0.196845205132767,0.133664047940218,0.467493559776549,0.263794393465544,0.221773917949797
2005-11-03,-0.499999999999989,-1.50000000000001,-0.850000000000017,-0.649999999999995,-0.099999999999989,-0.199999999999978,-0.099999999999989,,,,,,,,,,-0.749999999999984,-0.950000000000007,-0.599999999999978,0.500000000000034,0,-0.249999999999995,-0.200000000000022,-0.349999999999984,-0.4,-0.599999999999978,-0.499999999999989,-0.449999999999973,,-0.750000000000028,-0.600000000000023,-0.499999999999989,-0.199999999999978,-0.199999999999978,-0.199999999999978,-0.249999999999995,-0.249999999999995,-0.599999999999978,-0.600000000000023,-0.599999999999978,0.658218208543993,0.383461867608936,-0.390528124087558,-0.213951167968679,-0.369567955544348
2005-12-01,-0.649999999999995,-1.29999999999999,-1.85,-2.4,-2.85000000000002,-3.10000000000001,-2.94999999999996,,,,,,,,,,-0.999999999999979,-2.50000000000004,-1.90000000000001,-3.54999999999999,-3.45,-2.74999999999999,-2.25,-2.15000000000001,-1.90000000000001,-1.54999999999999,-1.50000000000001,-1.55000000000003,,-1.10000000000001,-1.10000000000001,-3.10000000000001,-3.2,-2.8,-2.4,-2.4,-2.49999999999999,-1.45,-1.50000000000001,-1.45,0.468173717201736,0.33525407856958,-0.459986330033713,-0.375621874159449,-0.350784308675411
2006-01-12,-1.29999999999999,-1.00000000000002,-1.29999999999999,-1.85,-2.99999999999998,-3.70000000000004,-2.60000000000002,,,,,,,,,,-1.55000000000003,-0.999999999999979,-2.8,-3.25000000000002,-3.25000000000002,-3.14999999999999,-3.2,-3.05,-2.89999999999999,-2.49999999999999,-2.34999999999999,-2.30000000000001,,-2.09999999999999,-1.94999999999999,-3.45,-2.85000000000002,-1.90000000000001,-2.85000000000002,-3.24999999999998,-3.54999999999999,-2.25,-2.25000000000004,-2.30000000000001,0.115551209822584,0.0265449141503282,-0.794443105853593,-0.357912803097993,-0.435872979496566
2006-02-02,-1.00000000000002,-1.2,-0.599999999999978,-0.550000000000006,-0.199999999999978,0,0,,,,,,,,,,-0.550000000000006,-0.499999999999989,-0.4,0.249999999999995,0.200000000000022,0.249999999999995,0.300000000000011,0.300000000000011,0.349999999999984,0.100000000000033,0.249999999999995,0.199999999999978,,0.099999999999989,0,0,0.199999999999978,-0.299999999999967,0.099999999999989,0.4,0.350000000000028,0.150000000000006,0.150000000000006,0.149999999999961,0.0344480510655387,0,-0.09120305747852,-0.00735916400229075,-0.041956575560409
2006-03-02,0.099999999999989,-0.300000000000011,-0.099999999999989,0.950000000000006,2.44999999999997,4.19999999999998,5.15000000000003,,,,,,,,,,-0.550000000000006,0.300000000000011,2.60000000000002,4.84999999999998,5.45,5.85,6.59999999999998,6.35000000000003,5.75000000000001,5.25000000000002,5.10000000000002,4.70000000000002,,4.30000000000002,3.79999999999998,5.14999999999999,4.99999999999998,3.35000000000001,6.34999999999999,6.44999999999998,6.5,4.85000000000002,4.95000000000001,4.84999999999998,-0.543618066514107,-0.559965273389018,0.142318985930623,0.219330399374573,0.216060580990529
2006-04-06,0,-1.29999999999999,-8.19999999999999,-8.9,-9.3,-8.80000000000001,-8.1,,,,,,,,,,-7.65000000000002,-9.00000000000003,-9.10000000000002,-8.1,-7.75000000000001,-7.45,-6.80000000000001,-6.04999999999998,-5.24999999999998,-4.69999999999997,-4.19999999999998,-4.09999999999999,,-3.14999999999994,-2.64999999999995,-8.20000000000003,-8.00000000000001,-8.50000000000004,-7.25000000000002,-7.10000000000002,-7.35000000000001,-4.15000000000001,-4.20000000000003,-3.69999999999999,0.317085567836806,0.271181725841974,-0.729736824376415,-0.422137785676863,-0.522772919357095
2006-05-04,0,-2.09999999999999,0.249999999999995,0.350000000000028,0.900000000000034,1.2,1.10000000000001,,,,,,,,,,-1.14999999999998,0.500000000000034,0.699999999999967,1.29999999999999,1.29999999999999,1.35000000000001,1.45,1.35000000000001,1.25000000000002,1.2,1.09999999999997,0.950000000000007,,0.999999999999979,0.800000000000001,1.29999999999999,1.10000000000001,0.849999999999973,1.29999999999999,1.39999999999998,1.30000000000003,1.05000000000004,1.05000000000004,0.899999999999945,-0.0396690769093766,-0.105084382646403,0.305125952488935,0.1606543357076,0.111420624340397
2006-06-08,-2,-2.60000000000002,-3.90000000000001,-3.14999999999999,-2.44999999999997,-1.25000000000002,-0.249999999999995,,,,,,,,,,-3.39999999999998,-3.55000000000003,-2.90000000000004,-0.749999999999984,0.0500000000000167,1.2,1.49999999999997,2.25,2.30000000000001,2.30000000000001,2.55000000000001,2.60000000000002,,2.70000000000001,2.80000000000005,-0.600000000000023,0.099999999999989,-1.50000000000001,1.10000000000001,1.29999999999999,1.29999999999999,2.30000000000001,2.34999999999999,2.59999999999998,0.590529580651022,0.38401258721672,-1.01172007541815,-0.464745589963017,-0.469160512831923
2006-07-06,0,-1.05,1.75000000000001,2.4,3.2,3.09999999999997,2.89999999999999,,,,,,,,,,3.40000000000003,1.69999999999999,3.39999999999998,3.00000000000002,2.95000000000001,2.25,1.80000000000002,1.35000000000001,0.949999999999918,0.600000000000023,0.199999999999978,0.0999999999999446,,-0.849999999999973,-1.09999999999992,3.39999999999998,2.89999999999999,3.35000000000001,1.90000000000001,2.15000000000001,1.85000000000004,0.100000000000033,0.0999999999999446,0,-0.12308403961736,-0.119004515519183,0.0745639027541461,0.0072033135273375,-0.183679768639156
2006-08-03,0,0.999999999999979,0.999999999999979,1.45,2.09999999999999,2.49999999999999,2.65,,,,,,,,,,0.550000000000006,1.75000000000001,2.89999999999999,1.85,2.20000000000002,2.05000000000002,2,1.54999999999999,1.35000000000001,1.2,1.05,0.800000000000001,,0.549999999999962,0.499999999999989,2.25,2.30000000000001,2.70000000000001,1.69999999999999,1.89999999999997,1.95000000000003,0.900000000000034,1.24999999999997,0.649999999999995,-0.00273188215764719,-0.0535406985828324,0.297002836635896,0.147514409402194,0.26861171180439
2006-08-31,0,-0.100000000000033,0.349999999999984,1.40000000000002,1.85,0.950000000000006,0.650000000000039,,,,,,,,,,-2,1.25000000000002,2.10000000000004,1.2,-0.099999999999989,-1.10000000000001,-1.45000000000004,-1.75000000000001,-2.10000000000004,-2.54999999999996,-2.99999999999998,-3.10000000000001,,-3.39999999999998,-3.85,1.2,1.54999999999999,1.50000000000001,-1.45,-0.249999999999995,-0.800000000000001,-2.95000000000001,-3.10000000000001,-3.10000000000006,-0.016254919115255,0.106447330723825,-0.136226546317633,-0.0148345943010497,-0.139558088774727
2006-10-05,0,0.0500000000000167,0,-0.099999999999989,0,-0.500000000000034,0.149999999999961,,,,,,,,,,-3.05,0.099999999999989,-0.099999999999989,0.249999999999995,0.099999999999989,0,0,-0.200000000000022,-0.649999999999995,-0.750000000000028,-0.699999999999967,-0.800000000000001,,-1.35000000000001,-1.15000000000003,0.600000000000023,0.300000000000011,0,0.199999999999978,0.0500000000000167,-0.349999999999984,-0.849999999999973,-0.800000000000001,-0.849999999999973,0.0946219063218123,0.0253950665676683,-0.208657385599656,0.0666049978369332,-0.219300169080405
2006-11-02,-0.599999999999978,-1.2,-0.299999999999967,-0.299999999999967,0.199999999999978,0.550000000000006,0.4,,,,,,,,,,,-0.700000000000012,1.2,0,0.150000000000006,-0.0499999999999723,-0.249999999999995,-0.199999999999978,0,0.100000000000033,0.099999999999989,0.250000000000039,,0.199999999999978,0.199999999999978,0.499999999999989,0.150000000000006,-0.0499999999999723,-0.099999999999989,-0.150000000000006,-0.150000000000006,0.199999999999978,0.199999999999978,0.0500000000000167,-0.900673254099615,-0.825017031759323,-0.0156635470422439,-0.0747440052736137,0.0820406398304385
2006-12-07,0,0.300000000000011,0.300000000000011,2.25,3.69999999999999,3.85,3.99999999999996,,,,,,,,,,0,1.2,3.40000000000003,3.50000000000001,3.09999999999997,3.54999999999999,3.69999999999999,3.55000000000003,3.29999999999999,3.00000000000002,2.84999999999998,2.49999999999999,,2.04999999999997,1.90000000000001,3.50000000000001,3.29999999999999,3.29999999999999,3.80000000000003,3.49999999999997,3.95000000000003,2.70000000000001,2.70000000000001,2.65,0.697180658989183,0.690292662813974,0.0376109527526758,0.170024066093044,0.153642500925777
2007-01-11,0,-0.499999999999989,-3.05,-3.94999999999999,-5.65000000000002,-5.75000000000001,0,,,,,,,,,,31.1,-4,-5.7,-5.19999999999996,-4.99999999999998,-4.74999999999999,-4.44999999999998,-3.94999999999999,-3.49999999999997,-2.99999999999998,-2.65,-2.59999999999998,,-1.69999999999995,-1.49999999999997,-5.80000000000003,-5.35000000000001,-3.50000000000001,-4.89999999999995,-4.95000000000001,-4.30000000000002,-2.70000000000001,-2.65000000000004,-2.65000000000004,0.644947006706076,0.597412994865998,-0.366774536215259,-0.0977406942215375,-0.309679737240298
2007-02-08,0,-0.550000000000006,0.099999999999989,1.00000000000002,2.10000000000008,3.2,3.00000000000003,,,,,,,,,,,0.449999999999973,1.89999999999997,2.95000000000001,3.29999999999999,3.2,3.6,3.05000000000004,2.44999999999997,2.25,1.94999999999999,1.94999999999999,,1.04999999999995,0.600000000000023,3.54999999999999,3.29999999999999,0,3.29999999999995,3.2,3.24999999999998,1.84999999999995,1.85000000000004,2.00000000000005,-0.254627685623987,-0.251411659005729,0.230724962957124,0.38434050099832,0.19332863956727
2007-03-08,0,0.599999999999978,0.100000000000033,1.29999999999999,1.2,0,,,,,,,,,,,-0.499999999999989,0.449999999999973,0.700000000000012,-0.199999999999978,-0.499999999999989,-0.800000000000001,-0.999999999999979,-1.05,-1.2,-1.15000000000003,-1.14999999999998,-1.25000000000002,,-1.10000000000001,-0.900000000000034,0.299999999999967,-0.499999999999989,1.35000000000001,-0.89999999999999,-1.05,-0.900000000000034,-1.25000000000002,-1.24999999999997,-1.34999999999996,0.0854472550656737,0.035809404827436,-0.281572424531779,-0.117474316006089,-0.0162319217328566
2007-04-12,0,0,-0.499999999999989,-0.349999999999984,-0.150000000000006,-0.100000000000033,0,,,,,,,,,,-0.600000000000023,-0.249999999999995,-0.599999999999934,-0.100000000000033,0.300000000000011,0.250000000000039,0.449999999999928,0.549999999999962,0.499999999999989,0.700000000000056,0.800000000000001,0.74999999999994,,0.950000000000007,0.849999999999973,-0.600000000000023,-0.199999999999978,-0.349999999999984,0.450000000000017,0.400000000000045,0.449999999999928,0.700000000000056,0.899999999999945,0.700000000000056,-0.3214999202239,-0.389427861795877,0.103946254301246,0.0293685758351869,-0.168171948697626
2007-05-10,0,0.200000000000022,0.400000000000045,-0.450000000000017,-1.29999999999999,-1.85000000000004,-1.90000000000001,,,,,,,,,,0,0.649999999999995,1.24999999999993,-2.20000000000002,-1.85000000000004,-2.19999999999994,-2.09999999999999,-1.85000000000004,-1.75000000000001,-1.6,-1.45,-1.45,,-1.40000000000002,-1.40000000000002,-1.25000000000002,-1.94999999999999,0,-2.05000000000002,-1.90000000000001,-2.10000000000008,-1.6,-1.49999999999997,-1.45,-0.11738420423022,-0.0740634098908011,-0.199748531311555,0.17625032101663,-0.101340466547573
2007-06-06,-3.00000000000003,0.250000000000039,-0.100000000000033,-0.649999999999995,-1.95000000000007,-2.70000000000001,-2.49999999999995,,,,,,,,,,0,0,-0.899999999999945,-2.45000000000006,-2.29999999999997,-2.34999999999994,-2.25,-2.00000000000005,-1.70000000000003,-1.45,-1.49999999999997,-1.35000000000005,,-1.14999999999998,-0.950000000000007,-2.70000000000001,-2.70000000000001,0,-2.29999999999997,-2.19999999999994,-2.29999999999997,-1.49999999999997,-1.35000000000005,-1.29999999999999,-0.110733823750842,-0.126906254473624,-0.118435189091032,-0.132782551229571,-0.0824591186949774
2007-07-05,0.499999999999989,-0.24999999999995,-0.589999999999957,0.499999999999989,0.74999999999994,0.55000000000005,0.800000000000001,,,,,,,,,,1.10000000000001,0.499999999999989,1.10000000000001,0.150000000000006,0.499999999999989,0.999999999999979,1.10000000000001,1.25000000000002,1.19999999999996,1.20000000000005,1.20000000000005,1.14999999999998,,0.350000000000072,0.200000000000067,0.55000000000005,0.399999999999956,0.499999999999989,1.10000000000001,1.20000000000005,1.25000000000002,1.19999999999996,1.40000000000002,1.25000000000002,-0.120659650220034,-0.208290909435682,-0.264220337201571,-0.00740165057145914,-0.0448906919208625
2007-08-02,0.24999999999995,-0.350000000000072,-0.200000000000067,-0.199999999999978,-0.300000000000011,-0.549999999999962,,,,,,,,,,,-0.0499999999999723,0.0999999999999446,-0.649999999999995,-1.10000000000001,-1.00000000000007,-0.850000000000062,-0.849999999999973,-0.699999999999967,-0.849999999999973,-0.700000000000056,-0.700000000000056,-0.800000000000001,,-0.699999999999967,-0.600000000000023,-1.39999999999993,-1.10000000000001,-0.950000000000007,-0.999999999999979,-0.900000000000034,-0.750000000000028,-0.750000000000028,-0.55000000000005,-0.649999999999995,-0.0510285526303278,-0.0742515812574673,-0.0219466696809722,-0.00742528309232715,0.0646104168311013
2007-09-06,-4.99999999999998,-3.39999999999998,-2.74999999999999,-2.55000000000001,-3.14999999999994,-2.20000000000002,-1.99999999999996,,,,,,,,,,-3.10000000000001,-2.59999999999998,-3.45000000000004,-2.19999999999994,-1.55000000000003,-1.14999999999998,-1.20000000000005,-0.600000000000023,-0.200000000000067,-0.150000000000006,0.0499999999999723,0.299999999999922,,0.450000000000017,0.24999999999995,-1.29999999999999,-1.94999999999999,-1.89999999999997,-1.14999999999998,-0.500000000000078,-0.300000000000011,0.499999999999989,0.500000000000078,0.150000000000006,0.526312026752507,0.459509560523674,0.09150973386991,0.0738770719179937,0.298640455783605
2007-10-04,-0.0999999999999446,-0.63500000000003,0,0.499999999999989,-0.649999999999995,-1.29999999999999,-1.90000000000001,,,,,,,,,,0.499999999999989,0.249999999999995,0,-2.29999999999997,-2.60000000000007,-2.80000000000005,-2.50000000000004,-2.55000000000001,-2.09999999999999,-2.09999999999999,-2.05000000000002,-1.99999999999996,,-1.85000000000004,-1.55000000000003,-1.25000000000002,-2.05000000000002,-2.30000000000006,-2.59999999999998,-2.4,-2.09999999999999,-2.04999999999993,-2.09999999999999,-1.80000000000007,-0.0832170679183619,-0.015769850331715,-0.166722870779057,-0.216653511480364,-0.278464820257263
2007-11-08,0,-0.250000000000039,-1.40000000000002,-1.90000000000001,-2.74999999999999,-3.69999999999999,-3.30000000000004,,,,,,,,,,-0.850000000000017,-1.90000000000001,-2.70000000000001,-2.65,-2.15000000000001,-2.84999999999998,-2.89999999999999,-2.74999999999999,-2.74999999999999,-2.65000000000004,-2.75000000000007,-2.45000000000006,,-2.65000000000004,-2.79999999999996,-3.35000000000001,-2.65,-3.65000000000002,-2.99999999999994,-3.09999999999997,-2.44999999999997,-2.70000000000001,-2.70000000000001,-2.65000000000004,-0.349102776992005,0.775082133339389,0.047752235029791,0.0431034489432269,-0.455595399365194
2007-12-06,-0.499999999999989,-0.4,0.0999999999999446,2.20000000000002,4.8,5.29999999999999,5.70000000000004,,,,,,,,,,-0.0500000000000167,1.90000000000001,4.24999999999995,6.9,6.59999999999998,5.45,5.14999999999999,5.29999999999999,4.24999999999995,3.70000000000004,3.54999999999999,3.35000000000001,,2.70000000000001,2.64999999999995,7.05000000000005,6.80000000000001,7.54999999999999,5.04999999999995,5.29999999999999,5.50000000000002,3.39999999999998,3.30000000000004,2.49999999999995,-0.381738081675564,-0.697418076474943,0.582612429723967,0.222006473866837,0.490840197028142
2008-01-10,-3.09999999999997,0.100000000000033,0.0499999999999723,-0.499999999999989,-0.200000000000067,-3.00000000000003,-3.2,,,,,,,,,,0,-0.4,-0.350000000000072,-2.99999999999998,-3.00000000000002,-2.65,-2.54999999999996,-2.19999999999998,-2,-1.49999999999997,-1.6,-1.64999999999997,,-1.6,-1.29999999999999,-1.90000000000001,-2.85000000000002,-2,-2.55000000000001,-2.69999999999997,-2.89999999999999,-1.49999999999997,-2.64999999999995,-2.05000000000002,-0.295615027060769,-0.531785063641532,0.465820872576517,0.5804079137599,-0.00620501365302672
2008-02-07,3.25000000000002,-0.999999999999979,-2.4,-4.99999999999998,-7.39999999999998,-6.39999999999996,-5.40000000000003,,,,,,,,,,0,,-7.3,-7.05,-5.75000000000001,-4.85000000000002,-4.40000000000001,-3.25000000000002,-2.30000000000001,-1.35000000000001,-0.450000000000017,-0.449999999999973,,0.100000000000033,0.0499999999999723,-6.99999999999998,-6.60000000000003,-6.80000000000001,-3.80000000000003,-4.40000000000001,-4.15000000000001,-0.450000000000017,-0.300000000000011,0.0499999999999723,-0.605038240964717,-0.289142462417136,-0.508225399406959,-0.461215349177685,-0.493636970070899
2008-03-06,1.35000000000001,0.349999999999984,0.999999999999979,3.2,5.00000000000003,2.45000000000002,1.40000000000002,,,,,,,,,,1.54999999999999,3.35000000000001,4.70000000000002,1.75000000000001,1.2,0.550000000000006,0.200000000000022,-0.300000000000011,-0.450000000000017,-0.89999999999999,-0.950000000000007,-1.10000000000001,,-1.84999999999995,-1.99999999999996,1.65000000000002,1.50000000000001,0.89999999999999,0,0.550000000000006,-0.349999999999984,-0.0999999999999446,-0.649999999999995,-0.899999999999945,-0.564470604921574,-1.1297811242998,0.149973945689885,-0.0978697106143622,-0.148220591950921
2008-04-10,0.499999999999989,0.199999999999978,0.24999999999995,0.100000000000033,-0.349999999999984,-2.15000000000001,0.649999999999995,,,,,,,,,,0.250000000000039,0.299999999999967,0.600000000000023,-0.350000000000028,-0.0500000000000167,-0.0500000000000167,0.200000000000022,0.300000000000011,0.550000000000006,0.749999999999984,1.05,0.700000000000012,,0.199999999999978,0.55000000000005,-0.250000000000039,-0.200000000000022,-0.099999999999989,0.0999999999999446,0.199999999999978,-0.449999999999973,0.600000000000023,0.349999999999984,0.499999999999989,0.0499747449866916,-0.0758924698558871,-0.337374789900963,-0.430725719758027,0.142903156410057
2008-05-08,-0.499999999999989,-0.700000000000056,-0.499999999999989,-0.900000000000034,-1.45,-2.70000000000001,-3.15000000000003,,,,,,,,,,0.150000000000006,,-1.25000000000002,-2.34999999999999,-3.14999999999999,-3.45,-3.55000000000003,-3.45,-3.2,-3.49999999999993,-3.24999999999998,-3.40000000000007,,-3.25000000000006,-2.55000000000001,-2.25,-1.59999999999996,-2.44999999999997,-3.30000000000004,-3.65000000000002,-3.85,-3.05,-3.50000000000001,-1.84999999999995,-0.425319727903428,-0.392547637375174,0.428962051245357,0.324561967541881,-0.0686641724855441
2008-06-05,1.19999999999996,-0.100000000000033,10.25,15,20.3,18.6999999999999,3.50000000000001,,,,,,,,,,8.74999999999999,15.7,18.95,22.5499999999999,20.8,17.65,15.3,12.75,10.8,8.69999999999997,7.05,6.94999999999997,,3.14999999999994,3.2,20.75,20.7000000000001,20.55,16.35,14.75,15.9,6.70000000000002,6.85000000000002,6.25,-0.433983633554824,-0.203089490691521,0.879154956316841,0.612279015511011,0.740665104723437
2008-07-03,-0.699999999999967,-1.6,-2.95000000000005,-7.44999999999996,-16.1000000000001,-22.8000000000001,-22.8,,,,,,,,,,-2.35000000000003,-5.94999999999999,-15.4999999999999,-26.5,-24.15,-21.4,-19.75,-16.1,-12.9,-9.90000000000002,-6.94999999999997,-6.94999999999997,,-2.25,-0.699999999999967,-25.15,-25.7,-25.05,-19.3000000000001,-18.7,-20.05,-6.65000000000005,-6.05000000000002,-5.90000000000002,1.35320062185773,1.91250359291582,-0.814809965311619,-0.489428096259309,-0.510280871096747
2008-08-07,0.399999999999956,0.300000000000011,-1.39999999999993,-3.59999999999996,-9.20000000000005,-14.5,-12.5,,,,,,,,,,-1.19999999999996,-3.24999999999998,-4.95000000000001,-15.15,-14.45,-13.5,-13.0500000000001,-11.05,-9.34999999999997,-8.00000000000001,-6.35000000000003,-5.79999999999998,,-2.35000000000003,-1.84999999999995,-12.6,-15,-15.1000000000001,-13,-12.7,-12.5,-5.69999999999995,-5.94999999999999,-5.40000000000003,-0.637270002828849,-1.2121360532344,-0.505427934859792,-0.170535332660771,-0.580639147602469
2008-09-04,0,-0.300000000000011,-0.800000000000001,-0.499999999999989,-0.450000000000017,-0.199999999999978,0.600000000000023,,,,,,,,,,-0.800000000000001,-1.35000000000005,-0.699999999999967,-0.55000000000005,-0.550000000000006,0,-0.150000000000006,0,0.100000000000033,0.750000000000028,1.14999999999998,1.40000000000002,,0.800000000000001,0.250000000000039,-1.10000000000001,-0.999999999999979,0.999999999999979,0.299999999999922,0.0499999999999723,0,1.19999999999996,1.49999999999997,1.55000000000003,-0.755483514443789,-0.816245270344851,0.138260019950726,-0.00615517188511661,-0.185155679393212
2008-10-02,2.00000000000005,-0.100000000000033,-3.80000000000003,-5.80000000000003,-8.30000000000002,-7.20000000000001,-4.99999999999998,,,,,,,,,,39.35,-4.94999999999997,-7.14999999999999,-7.80000000000003,-6.40000000000001,-5.55000000000003,-5.09999999999997,-4.40000000000001,-3.85,-3.35000000000001,-3.14999999999999,-2.95000000000001,,-2.55000000000001,-3.25000000000006,-4,-6.20000000000003,-8.35000000000004,-2.50000000000004,-3.95000000000003,-4.49999999999999,-3.15000000000003,-3.05,-3.05,-0.810760493031637,-0.393284427656848,-0.433417083289306,-0.305557561564471,-0.404331691198312
2008-10-08,-20,-20.1,-8.55000000000001,-3.2,-0.199999999999978,1.90000000000001,3.50000000000001,,,,,,,,,,-11.25,,-0.550000000000006,3.79999999999998,4.55000000000001,4.09999999999999,4.25,5.35000000000001,5.39999999999998,5.64999999999998,4.99999999999998,5.50000000000002,,10.95,12.5,0.599999999999978,3.6,2.84999999999998,3.49999999999993,4.34999999999999,4.34999999999999,6.64999999999996,5.44999999999996,5.19999999999996,1.82643328591379,1.97106851862108,0.552922553330121,0.147346194056541,1.00668920078384
2008-11-06,4.70000000000002,14.2,16.15,16.6,13.6,12.8,11.6,,,,,,,,,,14.4,,15,14.35,12.75,10.8,8.74999999999999,7.79999999999999,6.69999999999997,5.20000000000001,4.85000000000002,4.8,,2.89999999999999,5.45,12.7,15.9,15.05,10.2,8.25,9.45,5.79999999999998,2.29999999999997,4.95000000000001,-1.30428193491552,-1.33533903465448,-0.139947153924574,0.360181722059505,-0.126532243058275
2008-12-04,0,2.95000000000001,2.30000000000001,5.50000000000002,4.70000000000002,4.30000000000002,,,,,,,,,,,2.05,3.35000000000001,5.85,-2.30000000000001,-2.09999999999999,-1.85,-1.25000000000002,-0.0500000000000167,0.449999999999973,0.89999999999999,0.4,0.150000000000006,,3.49999999999997,5.29999999999999,0.649999999999995,-2.19999999999998,1.80000000000002,-4.29999999999997,-3.45,-0.250000000000039,1.65000000000002,0.249999999999995,-5.20000000000005,-1.47784599256786,-1.94726618600472,0.375264606605696,-0.115600267194019,0.331929323014091
2009-01-15,-0.800000000000001,-3.50000000000001,-1.90000000000001,-1,-1.10000000000001,-0.600000000000001,0.100000000000011,,,,,,,,,,-0.800000000000001,-1.15000000000001,-0.350000000000006,-1.05,-1.14999999999998,-1.34999999999996,-1.95000000000003,-1.69999999999999,-2.34999999999999,-2.70000000000001,-2.89999999999999,-2.75000000000003,,-5.29999999999999,-6.44999999999998,-0.499999999999989,-1.8,-0.550000000000006,-1.25000000000002,-1.30000000000003,-0.649999999999995,-2.35000000000003,-4.44999999999998,1.39999999999993,-0.571526476159256,-1.09121483881545,-0.445350259324234,0.0942899207382372,-0.285964470680433
2009-02-05,-1.99999999999998,-1.15000000000001,-4.49999999999999,-5.5,-6.40000000000001,-7.1,-1.89999999999999,,,,,,,,,,-2.05,-6.55,-5.45,-8.30000000000002,-9.10000000000002,-8.65,-8.9,-8.25,-7.10000000000002,-6.45000000000002,-5.29999999999999,-4.45000000000002,,-1.54999999999994,-1.50000000000001,-2.09999999999999,-6.5,-4.19999999999998,-6.29999999999997,-7.45,-7.39999999999998,-3.70000000000008,-4.34999999999999,-1.39999999999993,-0.458091676403427,-0.770425954415988,-0.498890226776755,-0.59851405615472,-0.446690683545725
2009-03-05,4.29999999999999,1.65000000000001,0.2,0.5,-1.3,-0.800000000000001,-0.849999999999995,,,,,,,,,,1.2,0.2,-1.15000000000001,1.6,1.45,2.2,1.2,3.45,0.600000000000023,0.300000000000011,-0.699999999999967,0.099999999999989,,-1.79999999999998,-2.19999999999998,1.29999999999999,1.69999999999999,1.15000000000001,3.65000000000002,2,2.15000000000001,0.149999999999917,-0.89999999999999,-1.19999999999996,0.228659642468632,-0.998839459301948,-0.203353406466866,-0.578409586757393,-0.536086251323287
2009-04-02,5.30000000000001,7.40000000000001,6.15,6.19999999999999,5.35,6.59999999999998,5.63,,,,,,,,,,4.35,5.15,5.19999999999999,9.05,9.15000000000001,8.34999999999999,7.79999999999999,7.54999999999999,6.9,6.35000000000003,5.60000000000001,5.20000000000001,,3.49999999999993,2.75000000000003,5.70000000000002,10,8.80000000000001,7.60000000000001,4.29999999999997,6.59999999999998,4,3.85,5.20000000000005,-0.0510608946750146,0.707039095491613,0.638574158678673,0.586030102286876,0.37185236379953
2009-05-07,1.15,-1,-1.5,-2.1,-2.89999999999999,-1.4,-0.0699999999999923,,,,,,,,,,-1.85,-3.55,-3.7,2.14999999999999,3.35000000000001,3.2,3.54999999999999,4.05000000000002,4.74999999999999,5.05,5.24999999999998,5.39999999999998,,5.05000000000004,4.95000000000001,-0.850000000000017,2.79999999999998,1.75000000000001,3.35000000000001,3.75000000000001,2.70000000000001,5.55000000000003,5.90000000000002,1.80000000000007,-0.292221535248149,-0.306835856393572,1.10601583303704,1.11002689275311,0.813379992676921
2009-06-04,-0.4,0.2,2.19999999999999,3.85,6.10000000000001,8.9,6.09999999999999,,,,,,,,,,0,3.8,5.95,7.35000000000001,8.40000000000001,7.59999999999996,7.20000000000001,6.55000000000001,6.25,5.94999999999999,5.34999999999997,5.15000000000003,,3.00000000000002,2.94999999999996,7.9,7.15000000000001,8.7,2.34999999999999,6.9,7.7,5.75000000000001,5.85000000000005,2.44999999999997,0.0120242890783828,0.0281333522743843,-0.0848326373734109,1.00179316715075,-0.227131284222182
2009-07-02,-5.15,-2.85,-5.45,-5.90000000000001,-6.05,-6.20000000000001,-6.52000000000002,,,,,,,,,,,,-5.90000000000001,-4.2,-3.89999999999999,-4.15000000000001,-4.39999999999996,-4.10000000000004,-4.25,-4,-4,-3.79999999999998,,-3.10000000000006,-3.05,-5.14999999999999,-3.95000000000001,-5.45,-3.54999999999999,-4,-4,-4.24999999999995,-3.65000000000002,-1.89999999999992,-1.66959763168348,-1.75387607218402,-0.284849756428396,-0.0174840458527392,-0.931201762561873
2009-08-06,-2.45,-1.1,-0.1,0.5,1.4,4.46,5.90000000000002,,,,,,,,,,0,0.699999999999995,1.4,4.29999999999999,5.09999999999999,5.64999999999998,6.09999999999999,5.7,5.39999999999998,5.20000000000001,4.89999999999999,4.85000000000002,,4.70000000000002,4.20000000000003,3.69999999999999,2.85000000000002,3.25,6.5,6.19999999999998,5.74999999999997,4.30000000000002,4.59999999999998,4.49999999999999,-0.0954478917656765,0.557372190602212,0.0173946320604135,-0.0761904798761898,0.131047304983589
2009-09-03,3,-1.45,-2.2,-4.1,-5.95,-5.40000000000001,-4.17000000000001,,,,,,,,,,-1.5,-4.2,,-5.15000000000001,-3.85,-3.29999999999999,-2.49999999999999,-1.54999999999999,-1.05,-0.300000000000011,0.350000000000028,0.299999999999967,,2.4,2.89999999999995,-6.00000000000001,-4.89999999999999,-6.09999999999999,-2.25,-0.4,-1.79999999999998,3.69999999999999,1.65000000000002,1.94999999999999,-0.219099207942719,0.0456454271207995,-0.265613688470495,-0.0572246081424144,-0.0869055995449841
2009-10-08,1.1,-1,-1.05,-2.15,-3.3,-4.72000000000001,-4.15000000000001,,,,,,,,,,0,-1.6,-3.05,-3.29999999999999,-3.49999999999999,-3.2,-2.99999999999998,-2.85000000000002,-2.25,-1.95000000000003,-1.94999999999999,-1.94999999999999,,-1.29999999999999,-1.30000000000003,-3.85000000000002,-3.4,-3.65,-3.75000000000001,-2.8,-3.24999999999998,-1.89999999999997,-1.69999999999999,-1.85,-0.173400424928793,-0.158938154981492,-0.108470909927066,-0.136132232627241,0.0344966369199895
2009-11-05,0,-1,-1,-1.8,-0.800000000000001,-0.260000000000016,-0.69999999999999,,,,,,,,,,-0.5,-1.85,-0.800000000000001,-0.550000000000006,-0.800000000000001,-0.850000000000017,-0.749999999999984,-0.89999999999999,-0.499999999999989,-0.749999999999984,-0.700000000000012,-0.950000000000007,,-1.34999999999996,-1.45,-0.550000000000006,-0.250000000000017,-0.299999999999989,-2.4,-1.29999999999999,-1.29999999999999,-0.89999999999999,-1.64999999999997,-1.85,0.807551135358597,0.86331471447032,0.124480645878716,0.424107778549059,0.238042216100709
2009-12-03,-0.900000000000001,-3.2,-2.8,-3.5,-2.5,0.17999999999998,1.64,,,,,,,,,,-3,-3.95,-3.09999999999999,0.0499999999999945,1.2,1.15000000000003,2.04999999999997,1.75000000000001,1.90000000000001,1.50000000000001,1.6,1.40000000000002,,1.35000000000001,0.950000000000007,0.499999999999989,1.09999999999999,0.850000000000017,2.65,0.450000000000017,0.89999999999999,1.90000000000001,1.75000000000001,1.00000000000002,0.314817376122178,0.199693869196604,-0.195264082164109,-0.0880088065607285,0.296697117355027
2010-01-14,-0.15,0.1,-0.5,-1.1,-2.3,-2.79999999999998,-2.56000000000001,,,,,,,,,,0,0.05,,-3.2,-2.29999999999999,-2.25,-1.90000000000001,-1.95000000000003,-1.69999999999999,-1.39999999999998,-1.30000000000003,-1.29999999999999,,-1.05000000000004,-0.950000000000007,-2.4,,-2.70000000000001,0.249999999999995,0.0500000000000167,,0.199999999999978,-1.05,-0.0499999999999723,-0.181830713177078,-0.110582782473134,-0.0414221614483346,-0.27538163355143,-0.58819263163219
2010-02-04,-3.15,-0.05,0,-0.5,-1.15,-2.4,-2.23,,,,,,,,,,,-0.700000000000001,-1.45000000000001,-0.450000000000017,-2.8,-2.55000000000001,-2.35000000000003,-2.25000000000004,-2.09999999999999,-2,-1.80000000000002,-1.89999999999997,,-1.14999999999998,-1.25000000000002,-2.95000000000001,-2.4,-1.85,0.099999999999989,1.39999999999998,-1.6,0.750000000000028,-1.40000000000002,-1.19999999999996,-0.957506306342903,-1.61684177128283,-0.22053117160673,0.0229173829351809,-0.502513620267298
2010-03-04,0.15,-0.35,-0.45,-2.05,-0.949999999999995,0.0800000000000023,-0.72000000000001,,,,,,,,,,0,-1.4,-0.900000000000001,0.550000000000006,0,0.250000000000017,0,0.199999999999978,-0.199999999999978,0,0.099999999999989,0.300000000000011,,-0.249999999999995,-0.450000000000017,-0.249999999999995,0.1,0.749999999999984,-0.349999999999984,0,0.4,0.600000000000023,0.700000000000012,0.0500000000000167,0.307755207621874,0.618449817944722,-0.285473970544942,-0.276564145527314,0.635158449764894
2010-04-08,1,-0.3,0,0.900000000000001,0.800000000000001,-1.08,-0.790000000000002,,,,,,,,,,0,0.35,0.1,-0.1,-0.099999999999989,0.150000000000006,0.150000000000006,0.099999999999989,-0.099999999999989,-0.499999999999989,-0.550000000000006,-0.499999999999989,,-0.550000000000006,-1.05,-6.45,-0.6,-1.75000000000001,-1.90000000000001,-2.55000000000001,0,-2.30000000000001,-1.25000000000002,-1.2,-0.10028072619539,-0.0778399455503731,0.090120542316624,0.274004053152666,0.181814558882376
2010-05-06,0.1,0.2,0.5,1.15,0.600000000000001,-1,-1.61,,,,,,,,,,0,0.900000000000001,1.15,-1.7,-2.5,-2.50000000000001,-2.55000000000001,-2.49999999999999,-2.29999999999997,-2.4,-2.25000000000004,-2.34999999999999,,-1.74999999999996,-1.40000000000002,4.89999999999999,-2,6.30000000000002,6.14999999999997,1.05,-1.8,2.74999999999999,1.40000000000002,2.89999999999999,-0.692771714286966,-1.86250578256351,-0.207847287516297,-0.0118140469155037,-0.309455355052091
2010-06-10,0.1,0.2,-0.599999999999995,-0.800000000000001,0.4,1.95,3.58000000000001,,,,,,,,,,-0.6,-0.699999999999998,0.4,2.55,2.99999999999999,3.45,4.94999999999999,4.74999999999999,5.05,4.89999999999999,4.95000000000001,4.89999999999999,,4.74999999999999,4.70000000000002,0.649999999999995,1.15,4.49999999999999,0.099999999999989,4.89999999999999,4.40000000000001,4.04999999999998,4.49999999999999,2.09999999999999,0.687814364196093,0.892750805483189,0.695827857216791,0.363438524706319,0.812477519358623
2010-07-08,1.1,1.8,2.59999999999999,4.65,5.60000000000001,4.7,3.75000000000001,,,,,,,,,,2.8,4.2,4.95,3.35,4.59999999999999,5.20000000000001,5.14999999999999,5.20000000000001,5.05,5.09999999999997,5.10000000000002,5.05,,3.25000000000002,3.49999999999997,-6.45,3.7,-7.50000000000002,-1.49999999999997,-4.75000000000003,5.05,0.0999999999999446,4.35000000000003,0.549999999999962,0.576790905550251,0.918509677724266,0.343256536360087,0.233135174489058,0.705895796273115
2010-08-05,1.2,-0.3,-0.4,-0.849999999999995,-1.7,-2.21,-1.92000000000001,,,,,,,,,,0,-0.3,-1.55,-2.65,-3.15000000000001,-3.6,-4.09999999999999,-3.69999999999999,-3.39999999999998,-3.29999999999999,-2.95000000000001,-2.89999999999999,,-2.85000000000002,-2.60000000000002,-1.45000000000002,-2.85,-0.550000000000006,-3.24999999999998,-1.10000000000001,-3.6,-0.199999999999978,-3.14999999999999,-0.999999999999979,-0.601873012236265,-1.05976134068166,-0.235026643439662,-0.036148934000102,-0.467167002128743
2010-09-02,4.65,-0.900000000000001,-1.1,-1.1,-0.900000000000001,-0.900000000000001,-0.240000000000007,,,,,,,,,,-0.45,-0.15,-0.900000000000001,-2,-0.6,-0.300000000000011,0,-0.249999999999995,-0.150000000000006,-0.549999999999984,-0.599999999999978,0.649999999999995,,1.24999999999997,0.699999999999967,0.2,-1.55,-1.34999999999998,0.4,0.249999999999995,0.6,-1.55000000000003,0.499999999999989,-0.700000000000012,-0.118663756991477,-0.292545619667095,-0.11702751481904,0.132060767136932,0.0277867829324485
2010-10-07,0.0500000000000056,0.5,0.2,-0.4,-0.800000000000001,-0.790000000000002,-0.570000000000004,,,,,,,,,,0.3,-0.2,-0.749999999999995,0,0.2,0,-0.099999999999989,0,0.350000000000006,0,0.150000000000006,0.299999999999967,,-0.249999999999995,-0.4,0.849999999999995,-0.3,-0.249999999999995,2.20000000000002,1.74999999999996,0.0500000000000167,1.55000000000003,1.19999999999996,1.45,0.0691707954803,-0.0159833773215823,-0.168124380071083,0.331409937064847,-0.243425462520275
2010-11-04,-0.1,0,-0.649999999999995,-0.700000000000001,-1.2,-1.725,-1.61500000000001,,,,,,,,,,-0.6,-0.6,-1.05,-1.8,-2.19999999999998,-2.6,-2.85,-2.8,-2.34999999999999,-2.49999999999999,-2.35000000000003,-2.30000000000001,,-2.30000000000001,-2.59999999999998,-1.15000000000003,-2.6,-0.0500000000000167,-1.65000000000002,-1.54999999999999,-2.35000000000001,-0.599999999999934,-1.00000000000002,-1.6,-0.124715076894244,-0.409489802632468,0.0491245316731837,-0.165501535850673,-0.117342850118884
2010-12-02,-1.5,-0.600000000000001,-2.8,-2.8,-2,-1.48000000000001,-1.64,,,,,,,,,,-2.45,-2.3,-2.49999999999999,-1.5,-0.800000000000001,-0.449999999999995,-0.099999999999989,0.599999999999978,0.950000000000007,1.45,1.65000000000002,1.55000000000003,1.29999999999999,1.64999999999997,1.6,-3.69999999999999,-0.749999999999995,-4.75000000000003,-3.00000000000002,-4.69999999999997,0,-3.59999999999996,0.800000000000001,-2.25,-0.287375382852861,-0.234019074653435,-0.174931593133582,0.0592206578956422,-0.23485851543299
2011-01-13,0.700000000000001,0.650000000000006,1.5,3.3,6.10000000000001,8.19999999999999,9.73999999999999,,,,,,,,,,1.25,3.4,5.59999999999999,9.84999999999999,9.54999999999999,8.94999999999999,8.40000000000001,7.14999999999999,5.90000000000002,4.84999999999998,3.94999999999999,3.94999999999999,2.49999999999999,2.05000000000002,1.25000000000002,7.35000000000001,7.70000000000002,0.649999999999995,3.39999999999998,-0.499999999999989,8.44999999999998,-2.25,3.29999999999999,0,-0.0161646733454646,0.0920492528463157,1.01980034740756,0.686918449337828,0.824587255785758
2011-02-03,-1.9,-0.849999999999995,-4.1,-3.4,-3.09999999999999,-3,-4.95500000000002,,,,,,,,,,-2.55,-3.05,-4.69999999999999,-6.09999999999999,-5.49999999999999,-5.05,-4.95000000000001,-3.79999999999998,-2.65,-1.75000000000001,-0.649999999999995,-0.649999999999995,1.15000000000003,0.649999999999995,1.35000000000001,-2.79999999999996,-5.40000000000001,-4.25,-2.55000000000001,-3.2,-5.45,-1.14999999999998,-0.349999999999984,1.49999999999997,0.158118655338946,-0.187301047452237,-0.769388834292439,-0.543351206846782,-0.597762408025027
2011-03-03,0.1,1.05000000000001,9.8,12.9,16.3,15.175,13.61,,,,,,,,,,8.8,12.45,10.1,14.95,14.6,12.85,11.3,10.3,8.64999999999996,8.25,6.5,6.75000000000003,4,3.90000000000001,3.90000000000001,8.65,16.15,11.85,6.04999999999998,7.45000000000005,4,4.95000000000001,4.89999999999999,3.59999999999996,-0.157459333306953,-0.506084853174915,0.633027327006247,0.550223818491633,1.25793335475688
2011-04-07,1.75,1.5,1.6,1.30000000000001,0.499999999999989,-2.45000000000002,-2.90500000000002,,,,,,,,,,1.8,2.69999999999999,0.099999999999989,-2.4,-2.09999999999999,-2.34999999999999,-2.4,-2.60000000000002,-2.35000000000003,-2.50000000000004,-2.55000000000001,-2.65,-1.30000000000003,-1.6,-1.74999999999996,0.199999999999978,-0.700000000000012,-0.500000000000034,-1.15000000000003,-2.05000000000002,-2.44999999999997,-2.50000000000004,-2.20000000000002,-2.14999999999996,0.342264608402143,0.39262361383221,-0.091023672437851,-0.148444217952601,-0.0329001483474478
2011-05-05,-2.29999999999999,-2.25,-7.20000000000001,-10.2,-12.5,-13.25,-12.48,,,,,,,,,,-7.25,-8.74999999999999,-11.6,-15.15,-13.4,-12.75,-12.2,-10.35,-8.85000000000002,-7.65000000000002,-7.3,-7.45,-6.05000000000002,-5.94999999999999,-5.34999999999997,-6.85000000000002,-14,-7.49999999999997,-5.35000000000006,-4.74999999999994,-12.2,-4.49999999999999,-7.20000000000001,-4.49999999999999,0.226453328699172,0.053193062514989,-0.972575822304195,-0.764960875864126,-0.865328835411283
2011-06-09,-1.70000000000001,-0.299999999999989,-0.2,-1.69999999999999,-3.65000000000002,-6.29999999999999,-6.86,,,,,,,,,,1.25,-1.05000000000002,-3.79999999999998,-5.59999999999998,-6.05,-6.29999999999997,-6.85000000000002,-6.09999999999999,-5.25000000000002,-4.55000000000001,-3.85,-3.75000000000001,-2.69999999999997,-2.25,-2.55000000000001,-1.89999999999997,-6.09999999999999,-0.0499999999999723,-0.800000000000001,-0.649999999999995,-6.80000000000001,-0.0999999999999446,-3.54999999999999,0.199999999999978,0.206542270286469,0.0254614896346261,-0.759284220854051,-0.411210268218089,-0.707899217200669
2011-07-07,3.6,1,0.849999999999995,1.10000000000001,1.4,2.54999999999999,2.99,3.39999999999998,,,4,,,3.90000000000001,,,0.800000000000001,-2.54999999999999,1.29999999999999,3.45,3.55000000000001,3.8,4.20000000000003,4,3.80000000000003,3.69999999999999,3.40000000000003,3.45,3.39999999999998,3.54999999999999,3.59999999999996,-1.65000000000002,2.09999999999999,-2.75000000000003,-0.850000000000062,-3.74999999999996,3.35000000000001,-4.35000000000008,7.79999999999999,-3.2,0.645466470627998,1.06054904783184,0.108537727511787,0.117459531920629,0.452967707910545
2011-08-04,-4.50000000000002,-7.39999999999998,-11.2,-14,-17.6,-17.17,-16.62,-13.7,-12,-9.50000000000002,-7.7,-5.99999999999996,-4.60000000000003,-3.40000000000003,,,-9.15,-12.8,-13.4,-14,-12.5,-11.1,-10.3,-8.85,-7.54999999999999,-5.85,-4.25,-3.90000000000001,-3.39999999999998,-3.40000000000003,-3.00000000000002,1.29999999999999,-15,-3.79999999999994,2.79999999999996,0.899999999999945,-10.9,2.94999999999996,-3.10000000000001,4.50000000000008,-1.19662957846849,-1.04868702493155,-0.55247787224329,-0.586511945239807,-1.36442269078732
2011-09-08,-0.5,3.4,0.700000000000001,-1.1,-2.9,-3.99999999999999,-3.36000000000001,-4.09999999999999,-3.50000000000001,-2.69999999999999,-2,-1.50000000000001,-0.89999999999999,-0.200000000000022,,,2.6,-0.25,-0.15,-4.1,-3.89999999999999,-3.45,-3.45,-2.85,-2.45,-1.39999999999998,-0.900000000000012,-0.800000000000001,-0.800000000000001,-1.2,-0.599999999999978,5.39999999999998,-4.3,1.10000000000001,6.20000000000003,3.95000000000003,-1.70000000000001,3.69999999999999,-0.500000000000034,4.10000000000004,-0.345565513869506,-1.26669000047208,-0.263730150366648,-0.308536412053562,-0.175317230602534
2011-10-06,10.1,12.7,11,11.5,12.05,12.4,10.4,7.3,5.20000000000001,3.90000000000001,2.8,1.69999999999999,0.800000000000001,0.199999999999978,,,12.1,10.6,12.25,11.25,8.85,6.40000000000001,4.54999999999999,4.09999999999999,2.95000000000001,1.8,0.849999999999995,0.950000000000007,1.39999999999998,1.2,0.849999999999973,0.149999999999917,11.25,-0.199999999999978,-0.900000000000034,-0.849999999999973,7.10000000000002,0.250000000000039,2.99999999999998,-1.10000000000001,-0.874495698297029,-2.19747607903873,0.210155066650658,0.109255063914049,0.225225320432543
2011-11-03,-10.2,-13.75,-11,-8.05,-6.6,-5.00000000000001,-5.00000000000001,-4.40000000000001,-4.50000000000002,-4.2,-1.4,-2.39999999999998,-2.4,-1.6,,,-12.8,-8.4,-7.15,-4.75,-3.19999999999999,-2,-0.6,0.099999999999989,1,1.75000000000001,2.2,2.2,1.54999999999999,3.89999999999997,4.40000000000001,-3.45000000000004,-10.6,-12.2,-7.95000000000004,-4.45000000000002,-8.25,-1.45,-2.09999999999999,-4.90000000000004,0.167902536674891,-0.44457403850684,-0.315291905961562,-0.319461253886821,-0.357782134788387
2011-12-08,1.6,1.9,-1.7,-1.3,-0.35,0.4,0.2,0.69999999999999,-0.300000000000011,-0.099999999999989,0,0,0.099999999999989,0.200000000000022,,,9.9,-4.7,-0.5,1.5,1.2,0.750000000000006,0.550000000000006,0.100000000000011,-0.2,-0.650000000000017,-0.950000000000007,-1.10000000000001,-1.30000000000003,-0.800000000000001,-0.999999999999979,11.3,-3.3,13.35,28.2,15.95,5.7,20.55,5.00000000000003,14.4,-1.14186082996621,-1.59634123608754,-0.392927813988975,-0.158557745289512,-0.280464400479374
2012-01-12,-0.900000000000001,-0.3,-0.05,-0.3,0.05,-1.9,-2.5,-3.07,-3.13,-3.77000000000001,-4.27,-4.36000000000001,-4.63,-4.71000000000001,,,0,-0.1,0,-0.1,-0.900000000000001,-1.25,-1.85,-2,-2.30000000000001,-2.34999999999999,-2.6,-2.45,-2.49999999999999,-2.55000000000001,-1.94999999999999,9.74999999999992,-2.4,1.74999999999996,10.2,0.499999999999989,-5.05,0.349999999999984,-4.75000000000003,4.65,-0.855914502238875,-1.85454673229941,0.199573526884003,0.312350085758714,0.0152838984427639
2012-02-09,-1.2,0.25,0.15,-0.25,0.2,1,1.2,1.33,1.10000000000001,1.2,1.05999999999999,1.28999999999999,1.50000000000001,1.6,,,0,2.7,0.249999999999999,1.55,2.25,2.89999999999999,3.29999999999999,3.45000000000002,3.6,3.8,3.85,3.8,4.49999999999999,4.29999999999997,4.20000000000003,-6.5,1.7,-4.49999999999999,-8.25000000000005,-5.74999999999997,-0.6,-7.85,-1.69999999999999,-10.2,0.464658734617274,0.782702245046884,0.365658686567583,0.502363355410468,0.512433712035687
2012-03-08,-0.4,-0.1,0,-0.1,-0.3,-0.15,0.1,-0.0900000000000012,-0.5,-0.619999999999998,-0.69999999999999,-0.769999999999982,-0.850000000000017,-0.859999999999994,,,-5.2,-0.1,1.6,0.55,-0.5,-0.649999999999995,-0.800000000000001,-0.900000000000001,-0.800000000000001,-1.14999999999998,-1.15000000000001,-1.05,-0.699999999999967,-1.05,-0.950000000000007,6.65,-1.19999999999999,3.90000000000001,3.25000000000002,3.50000000000001,-0.69999999999999,3.90000000000006,-1.10000000000001,1.10000000000001,-0.23682095091635,-0.394616200251807,-0.128326116874178,-0.0357781756947118,-0.231213975837896
2012-04-04,0,-0.2,-0.3,0.2,0.700000000000001,0.600000000000001,0.2,0.28999999999999,0.170000000000003,0.229999999999997,0.260000000000016,0.280000000000014,0.279999999999991,0.259999999999994,,,5,0.5,0.6,0,0.05,0.2,0.5,0.550000000000006,0.849999999999995,1.09999999999999,1.30000000000001,1.50000000000001,1.59999999999996,1.90000000000001,2.09999999999999,-3.25000000000002,-0.0500000000000056,-4.34999999999999,-4.29999999999993,-6.05000000000002,0.449999999999995,-5.09999999999993,0.499999999999989,-4.60000000000003,-0.201766452683749,-0.303282529585402,-0.114133548627043,-0.084510448105976,-0.041579081701304
2012-05-03,0.900000000000001,0.700000000000001,1.3,1.2,1.35,1.7,1.7,1.81,2.06,1.65999999999999,1.21,1.06999999999999,0.770000000000004,0.730000000000008,,,1.15,1,1.4,0.750000000000001,1.35,1.95,2.35,2,1.65,1.30000000000001,1.09999999999999,1.09999999999999,1.29999999999999,1.50000000000001,1.39999999999998,5.80000000000003,-0.0500000000000056,1.54999999999999,4.95000000000001,2.95000000000005,2,2.50000000000004,2,3.90000000000006,-1.05730906443915,-3.09454393351336,0.258545446482089,0.26450973500404,0.449226432257976
2012-06-06,0.1,1.9,1.2,2.2,3.2,3.7,4.3,3.55,0.5,2.66,2.07000000000001,1.88000000000002,1.86,1.39,,,1.3,2,3.2,2.85,2.8,2.7,2,1.8,1.59999999999999,1.35,1.09999999999999,1,1.8,1.74999999999999,2.2,7.60000000000005,-1.45,6.04999999999993,4.60000000000003,1.85000000000004,-1.95000000000001,-0.100000000000033,-1.6,4.65,-0.620527275185268,-1.4744048931191,-0.179989249239246,0.030981813923206,-0.394099135782877
2012-07-05,-7.7,-9.8,-8.7,-8.1,-7.5,-6.7,-6.4,-5.86,-5.38,-4.57,-3.81,-3.70000000000001,-2.89999999999999,-2.31999999999999,,,0,6.15,-4.3,-4.85,-5.2,-5.4,-5.55,-4.89999999999999,-4.15,-3.2,-2.35000000000001,-2.10000000000001,-0.950000000000007,-0.849999999999973,0.199999999999978,4,-8.2,-0.349999999999984,7.45000000000005,0.750000000000028,-8.5,4.25000000000004,-3.29999999999999,7.20000000000001,-1.55924455878518,-3.69201069793803,-1.01641997523484,-0.643732106405323,-0.533227280845239
2012-08-02,1.4,2.5,2.05,2.1,2.5,1.6,1,0.0400000000000011,-0.800000000000001,-1.35,-2.15,-2.55999999999998,-3.12000000000001,-3.49999999999999,,,5.2,3.45,2.05,1.3,0.65,-0.3,-1,-2.09999999999999,-2.9,-3.8,-4.65,-4.69999999999999,-4.29999999999999,-4.35000000000001,-4.89999999999999,19.15,1,12.5,29.35,19.85,1.69999999999999,29.2999999999999,2.30000000000001,35.5,-2.76954372443159,-6.80550860723548,-0.445380432632553,-0.3622386471862,-0.417907937268591
2012-09-06,0.499999999999999,0.699999999999999,0.4,0,0,0.299999999999999,1.1,2.1,0.800000000000001,2.74000000000001,2.29999999999999,2.74999999999999,2.88999999999999,2.89000000000002,,,0.4,-0.35,0.5,0.9,1.65,2.6,3.25,3.09999999999999,3.55000000000001,3.55000000000001,3.65,3.29999999999999,2.99999999999998,3.10000000000001,2.49999999999999,-23.45,1.15,-18.9,-17.3,-21.2499999999999,1.7,-16,3.05,-11,1.15497068951793,2.77617236161598,-0.373223652485868,-0.246204473977507,0.242118655478318
2012-10-04,0.4,0.3,0.299999999999999,0.499999999999999,0.25,0.15,-0.1,-0.1,0.290000000000001,0.390000000000001,0.4,0.469999999999993,0.4,0.580000000000003,,,-2.45,0,0.5,0.5,0.4,0.4,0.6,0.449999999999995,0.700000000000001,0.849999999999995,0.950000000000007,1,1.30000000000001,1.10000000000001,1.2,-2.95000000000001,0.399999999999998,-2.30000000000001,-2.25,-2.20000000000002,1.14999999999998,-3.65000000000002,1.00000000000002,-1.64999999999997,-0.0971934466925006,0.373402702997794,0.262345829479244,0.0808583468094648,0.265043838282608
2012-11-08,0.299999999999999,0.599999999999999,0.9,1.1,1.25,1.1,1.1,-0.0300000000000022,-0.290000000000001,-0.4,-0.450000000000006,-0.460000000000016,-0.419999999999998,-0.409999999999999,,,0.3,0.25,0.55,1.1,0.95,0.800000000000001,0.6,0.2,0,-0.250000000000017,-0.349999999999984,-0.350000000000006,-0.249999999999995,-0.199999999999978,-0.200000000000022,-2.19999999999998,-1.05,-3.89999999999997,-1.79999999999998,-3.59999999999996,-0.1,-0.999999999999979,-0.550000000000006,-1.25000000000002,-0.0376311590433609,0.370740478832232,0.0784590680082103,0.094082234806872,0.132596704510313
2012-12-06,0,0.1,-0.6,-0.7,-1.55,-2.8,-2.9,-2.3,-2.8,-2.49999999999999,-2.4,-2.10000000000001,-1.8,-2,,,0,-0.9,-2.4,-2.65,-2.85,-2.4,-2.4,-2.1,-1.75,-1.24999999999998,-0.950000000000007,-0.89999999999999,-0.550000000000006,0.300000000000011,0.100000000000033,-9.05,-1.1,-5.20000000000001,-4.40000000000001,-4,-1.9,-3.30000000000004,-1.15000000000003,-2.09999999999999,-0.0176918314198637,-0.0984913004361765,-0.417921356700624,-0.370645346484871,-0.325718030278388
2013-01-10,0.2,0.299999999999999,0.700000000000001,1.4,2.35,2.95,3.7,4.06,4.54,4.40000000000001,4.11,3.92000000000001,3.79,3.79,,,0.45,1.4,1.6,3.6,4.2,5.5,5.94999999999999,6.19999999999999,5.40000000000001,4.8,4.54999999999999,4.54999999999999,4.10000000000004,4.15000000000001,3.89999999999997,-5.80000000000001,1.55,-4.15000000000001,-7.54999999999999,-4.39999999999996,3.95,-4.70000000000006,3.39999999999998,-2.95000000000005,0.332287413595012,0.519232703875616,0.66569277918247,0.409498478906786,0.587068939838797
2013-02-07,0.2,0,-1.2,-1.3,-2.6,-4.55,-6.2,-6.63,-6.86,-6.35,-5.60000000000001,-5.13000000000001,-5.00000000000001,-4.58000000000001,,,0,-1.3,-2.9,-5.45,-6.65,-7.3,-7.1,-6.30000000000001,-5.65000000000002,-5.05,-4.15000000000001,-3.85,-2.8,-1.69999999999999,-1.40000000000002,-0.800000000000001,-5.7,-2.30000000000001,-1.05000000000004,-0.24999999999995,-7.74999999999999,1.40000000000002,-3.30000000000004,0.55000000000005,-0.049772888481936,-0.329267045763437,-0.891987334274802,-0.872352144499128,-1.18138832279255
2013-03-07,0,0,0.499999999999999,1.4,2.3,4.05,4.5,5.64,6.04,5.5,5.29999999999999,4.81,4.69999999999999,4.22,,,0.5,0.3,2.9,4.35,5.3,6.3,6.7,6.65,6.09999999999999,5.39999999999998,5.05,4.95000000000001,4.69999999999999,4.40000000000001,4.15000000000001,1.8,3.2,-2.4,-0.700000000000012,-2.34999999999999,4.69999999999999,-2.05000000000002,4,-1.35000000000005,-0.0606149648268328,-0.0262938780602795,0.642842957624151,0.656911432267515,0.864400812687549
2013-04-04,0.1,0,0,-0.2,-0.599999999999999,-1.2,-1.8,-1.88,-1.75000000000001,-1.71,-1.5,-1.58999999999998,-1.29999999999999,-1.42000000000002,,,0,-0.3,-0.8,-1.4,-1.35,-1.6,-1.7,-1.55,-1.5,-1.35,-1.14999999999998,-1.2,-1.35000000000001,-0.800000000000001,-1.10000000000001,1.75000000000001,-0.850000000000001,1.99999999999996,2.25,2.45000000000002,-2.49999999999999,2.60000000000007,-2.6,2.50000000000004,-0.826106968306117,-2.04976721143399,0.339307281327678,-0.106088298981608,0.502011135299618
2013-05-02,0,-0.3,-0.3,-1,-1.9,-2.85,-3.9,-3.73,-4.06,-3.91,-4,-3.76,-3.6,-3.51000000000001,,,-0.55,-0.45,-1.7,-2.2,-2.95,-3.8,-4.2,-3.85,-3.85000000000001,-3.85,-3.8,-3.89999999999999,-3.6,-3.2,-2.94999999999996,-0.750000000000006,-2.05,3.6,-1.00000000000002,2.49999999999999,-5.29999999999999,1.75000000000001,-3.4,-1.75000000000001,0.00368932898524577,-0.615167098448133,-0.552519171896709,-0.409022770071771,-0.113279049632276
2013-06-06,0.2,0.499999999999999,0.5,1.6,2.95,4.7,6.7,6.78,6.78,6.45,6.20000000000001,6.13000000000001,5.80000000000001,5.84,,,-1.1,0.15,1.2,6,6.3,6.5,6.50000000000001,6.25,5.95,5.7,5.20000000000001,5.35000000000001,4.50000000000002,4.25,3.90000000000001,12.8,5.1,6.9,12,8.5,6.15,10.05,6.25,10.1,-0.740490336627264,-1.45170892267394,0.27788898523719,0.170633444360638,0.41135709545026
2013-07-04,-0.2,-0.5,-1,-1.5,-2.9,-4.5,-5.5,-7.07,-6.9,-6.46,-5.60000000000001,-5.44,-3.99999999999998,-4,,,-1,-0.2,-4,-5.25,-5.85,-6.5,-6.85,-6.05,-5.25,-4.65,-3.85,-4,-2,-0.800000000000001,0.349999999999984,-24.8,-5.45,-15.5,-22.15,-15.5,-9.99999999999999,-13.6,-7.54999999999999,-15.5,1.60533889301364,3.02290019613167,-0.702597084198398,-0.652302837111876,-0.432767290578173
2013-08-01,0,0,0.1,0.700000000000001,2.1,3.4,4.5,4.96,5.54,5.09999999999999,4.8,4.66,4.39999999999998,4.37000000000001,,,0,1.1,1.7,4.4,5.25,5.95,6.5,6.35,5.90000000000001,5.49999999999999,4.89999999999999,4.95000000000001,4.55000000000001,3.89999999999997,3.34999999999996,-0.450000000000017,2.95,1,0.600000000000023,0.800000000000001,5.75,0.449999999999928,4.34999999999999,0.800000000000001,0.222118586710174,0.59464991877265,0.181145796382814,0.37913648356756,0.446795847615356
2013-09-05,0,-0.3,-0.1,-0.499999999999999,-0.700000000000001,-0.45,0,0.150000000000006,0.600000000000001,0.600000000000001,0.700000000000012,0.800000000000001,1,1,0.599999999999978,,-0.3,-0.3,0.1,-0.5,-0.250000000000006,0,0.0499999999999945,0.449999999999995,0.700000000000012,1,1.15000000000001,1.2,0.700000000000012,0.0499999999999723,-0.200000000000022,4.35000000000001,-1,4.8,5.99999999999996,5.75000000000001,-0.150000000000006,7.09999999999997,1.05,6.19999999999994,0.119633884026715,-0.184239228063721,-0.318483681525256,-0.130447691193061,-0.387273625498175
2013-10-02,0,0.1,0,0.1,0,0.2,0.5,0.590000000000002,0.81,1.11000000000001,0.979999999999981,1.06999999999999,1.34999999999998,1.47999999999999,2.09999999999999,2.20000000000002,0.1,0.6,0.949999999999999,0.750000000000001,0.6,1.25,1.5,1.55,1.8,1.8,2.05000000000002,2.14999999999999,2.55000000000001,2.55000000000001,2.45000000000002,-1.29999999999999,0.1,-0.350000000000006,-1.50000000000001,-0.4,1.4,-0.399999999999956,1.89999999999997,-2.25,-0.201354070967952,-0.137741068609465,0.553302776391584,0.317014351686179,0.390277667955274
2013-11-07,-0.35,-0.3,-0.4,-1,-2.2,-4.4,-6.4,-7.77,-8.09,-7.71,-7.00000000000001,-6.63,-6.00000000000001,-5.50000000000002,-4.70000000000002,-0.89999999999999,-1.05,-0.6,-2.3,-4.55,-5.95,-7.05,-7.7,-6.75,-6.05,-5.20000000000001,-4.95000000000001,-4.8,-4.09999999999999,-3.45,-2.70000000000001,-13,-5.3,-9.15,-15.2,-12.4,-10.3,-10.95,-6.95000000000001,-11.9,0.922527796492822,1.12028000992268,-1.01565262290141,-0.823934448010555,-0.488704404851514
2013-12-05,0.600000000000001,0.800000000000001,0.950000000000001,1,1.45,2.2,2.6,3.54000000000001,3.65000000000001,3.68999999999999,3.57000000000001,3.23,3.06000000000002,2.87000000000002,2.49999999999999,2.19999999999998,0.8,1.4,2.3,3.5,4.1,4.8,5.40000000000001,5.10000000000001,4.70000000000002,4.25,3.75000000000001,3.79999999999998,3.14999999999999,2.50000000000004,2.09999999999999,8.70000000000002,2.05,5.99999999999998,9.20000000000001,7.05,3.95000000000001,6.09999999999999,2.25,7.05,-0.346216518112818,-0.79286103165197,0.271779218265855,0.366026030445957,0.262708203273032
2014-01-09,0.4,-0.3,-0.650000000000001,-0.5,-0.899999999999998,-1.2,-1.6,-1.5,-1.6,-1.6,-1.30000000000001,-1.26000000000002,-1.16000000000001,-0.919999999999988,-0.800000000000001,-0.499999999999989,0,0.299999999999999,-0.900000000000001,-1.1,-1.4,-1.3,-1.35000000000001,-1.2,-1,-1,-0.800000000000001,-0.800000000000001,-0.649999999999995,-0.499999999999989,-0.300000000000011,-1.7,-1.1,-1.25,-2.49999999999999,-0.0500000000000167,-2,1.2,-0.950000000000007,-1.25000000000002,-0.351263273130797,-0.541041172004597,-0.23173276513172,-0.29669120489122,-0.32597866192221
2014-02-06,1.1,2.6,3,3.3,3.2,4,4.3,4.32,4.69999999999999,4.40000000000001,4,3.59999999999998,3.49999999999999,3.28999999999999,2.8,2.59999999999998,0,3,3.5,4.15,4.6,5.25,5.60000000000001,5.30000000000001,4.75000000000001,4.40000000000001,4.05,3.99999999999998,3.10000000000001,2.45000000000002,2.20000000000002,3.75,3.45,2.05,3.90000000000001,2.59999999999998,4.49999999999999,2.49999999999999,2.95000000000001,3.14999999999999,0.0241025161514585,-0.210676621468853,0.674843530950508,0.571378573109355,0.922736957240122
2014-03-06,3.2,3.9,3.35,2.75,2.7,2.65,3,2.91,2.75,2.80999999999999,2.97000000000001,2.50000000000001,2.43,2.41,2.09999999999999,1.6,3.35,2.3,2.4,2.9,2.55,2.5,2.4,2.35,2.45,2.35000000000001,2.4,2.4,2.19999999999998,1.85,1.69999999999999,0.5,2.25,0.649999999999995,0.999999999999979,0.69999999999999,2.25000000000001,0.749999999999984,2,0.999999999999979,-0.320062253482334,-0.261388054852762,0.612620406910885,0.611845010336834,1.00397144481832
2014-04-03,1.4,2.3,1.7,1.5,1.35,0.899999999999998,0.600000000000001,-0.1,-0.270000000000004,-0.329999999999997,-0.300000000000011,-0.2,-0.250000000000017,-0.209999999999999,0.100000000000011,0.4,1.8,1,1,0.700000000000001,0.249999999999995,-0.15,-0.449999999999995,-0.250000000000006,-0.249999999999995,-0.250000000000017,-0.249999999999995,-0.0499999999999945,0.0500000000000167,0.249999999999995,0.499999999999989,-3.95,0.650000000000001,-2.95000000000001,-4.45,-3.94999999999999,-1.6,-3.94999999999999,-1.80000000000002,-3.85,0.794019096892917,1.48381774762436,-0.221967596548167,-0.205252109486181,-0.108469368041586
2014-05-08,2,3.5,0.399999999999998,-0.700000000000001,-2.1,-3.5,-5,-4.8,-4.5,-4.1,-4.02,-3.71000000000001,-3.4,-3.24,-2.29999999999999,-1.69999999999999,6.3,-2.4,-2.7,-3.5,-3.5,-3.65,-3.69999999999999,-3.45,-3.1,-2.75000000000001,-2.69999999999999,-2.8,-1.80000000000002,-1.79999999999998,-1.30000000000003,-3.69999999999999,-3.2,-3.6,-6.74999999999999,-5.85,-5.15000000000001,-6.15000000000001,-4,-5.7,0.240326960179971,0.915637528598623,-0.402603081646541,-0.371940308665042,-0.406253318608041
2014-06-05,-5.2,-4,-2.5,-0.85,0.5,1.5,0.799999999999998,0.0099999999999989,0.109999999999999,0.959999999999994,1.45,1.67,2.02,2.51000000000001,3.2,3.4,0,-0.9,1,0.4,0.850000000000001,1.25,1.6,2.2,2.7,3.34999999999999,3.85,3.85,4.15000000000001,4.25,4.29999999999997,-7.25,0.2,-7.25,-9.10000000000002,-8.30000000000002,0.349999999999995,-5.29999999999999,2.89999999999999,-5.7,0.758521647014021,1.07977140089739,-0.257580360254578,-0.339328455898019,-0.157909880645413
2014-07-03,-0.4,-0.2,-0.45,-0.3,-0.55,-0.65,-0.600000000000001,-0.700000000000001,-0.5,-0.330000000000008,0,0.1,0.239999999999996,0.340000000000007,0.500000000000012,0.600000000000001,-0.35,-0.05,0,-0.45,-0.4,-0.449999999999998,-0.3,-0.2,-0.1,0.3,0.6,0.4,0.450000000000017,0.800000000000001,1.14999999999998,-3.65,-0.45,-2.9,-4.89999999999999,-5.09999999999999,-0.6,-2.89999999999999,0,-4.04999999999998,0.481366345706569,1.01127799278782,-0.282418717304711,-0.377145459295569,0.0359389042502656
2014-08-07,0.3,-0.1,0.2,0.3,0.4,0.3,-0.600000000000001,0.0099999999999989,-0.05,0.0099999999999989,0.239999999999996,0.349999999999995,0.350000000000006,0.449999999999995,0.299999999999989,0.4,0,0.0999999999999999,-1.75,0,0.35,0.5,0.55,0.750000000000001,0.69999999999999,0.800000000000001,0.900000000000001,0.800000000000001,0.749999999999984,0.749999999999984,0.800000000000001,2.1,0.15,1.7,2.95000000000001,3.25,0.2,3.64999999999998,0.6,3.54999999999999,0.0183792157843143,-0.195602626932168,-0.209478997785534,-0.0944971248698384,-0.157206869046167
2014-09-04,-4.6,-5.6,-5.3,-5.3,-2.8,-4.5,-4.3,-4.82,-4.78,-4.06,-3.22,-2.39999999999999,-1.74000000000001,-1.07,0.89999999999999,1.69999999999999,-6.55,0,0,-4.4,-4.25,-4.9,-5.15,-4.1,-2.95,-2.25000000000001,-1.45000000000001,-1.35000000000001,0.750000000000006,2.09999999999999,2.89999999999999,-6.6,-5.25,-6.3,-5.7,-6.20000000000001,-6.2,-5.85,-2.55000000000001,-5.50000000000002,0.994292288364384,1.34697657280585,-0.856700080354833,-0.754483302386127,-0.88882998094606
2014-10-02,1.3,0.799999999999999,0.5,0.2,0,0.2,0.0999999999999997,0.57,0.66,0.650000000000001,0.669999999999998,0.639999999999996,0.480000000000003,0.519999999999998,0.4,0.2,,0,-1.15,0.15,0.1,0.7,0.649999999999998,0.650000000000001,0.6,0.549999999999995,0.549999999999995,0.5,0.099999999999989,-0.099999999999989,-0.4,1.8,0.3,1.3,2.55000000000001,3.95000000000001,0.950000000000001,3.95000000000003,1.65,3.75000000000001,-1.6111924196748,-2.27638807980135,0.158146555714139,0.17233130162482,0.0363649591265336
2014-11-06,0.6,0.65,0.0999999999999997,0.2,-0.2,-0.4,-0.6,-0.3,0.05,0.389999999999999,0.700000000000001,1.1,1.15,1.29,1.89999999999999,2.2,0.3,0,0,0.15,0.1,0.05,0.25,0.6,0.849999999999995,1.1,1.45000000000001,1.45,1.85,2.25,2.19999999999998,-2.1,0.2,-1.3,-2.65,-1.54999999999999,-0.3,-0.499999999999989,0.550000000000006,-3.05,1.19355647700861,0.915156810417006,-0.721446014933263,-0.555326483776367,-0.671213846685248
2014-12-04,-0.8,0.15,0.4,0.9,0.9,1.1,0.8,1.2,1.42,1.28,1.26,1.14,1.08,1.03,-0.099999999999989,-0.299999999999989,-2.05,0.699999999999999,0.2,1.5,1.9,2.4,2.5,2.35,2.25,2.1,2.05,2.05,0.750000000000006,0.0499999999999945,-0.650000000000017,0.4,1.6,0.55,-0.749999999999995,-0.750000000000006,2.35,0.249999999999995,1.85,1.05,-1.63189595075242,-2.64443531174079,0.506350706150652,0.545686633277431,0.483051929881295
2015-01-22,-0.2,-0.18,-0.27,-0.639999999999999,-1.35,-2.21,-3,-3.9,-4.74,-6.24,-7.67,-8.12,-8.83,-8.79,-11.4,-12.3,-0.900000000000001,-0.699999999999998,-0.15,-2.2,-3.4,-4.5,-1.7,-7.15,-0.15,-10.75,-12.05,-12.7,-14.2,-4.69999999999999,-17.2,-5.5,-2.65,-5.65,-5.40000000000001,-7.75,-6.85,-13.95,-14.7,-15,0.484450069633269,0.634829030945117,-1.18426417567355,-0.951045111467597,-1.31033565347032
2015-03-05,-0.7,-0.8,-0.1,0,-0.2,-0.1,-0.4,-1.3,-1.8,-2,-2.1,-2.27,-2.4,-2.2,-2.3,-2.4,0,-0.1,-0.1,0.6,-0.850000000000001,-2.15,-3.55,-3.55,-3.65,-3.95,-4.55,-4.35,-5.40000000000001,-5.75,-6.30000000000001,-4.45,0.15,-2.45,-4.85,-2.95,-3.05,-5.85,-3.55000000000001,-6.35000000000001,-0.0658903807275735,-0.121745026873743,-0.294404270889514,-0.220872535955585,-0.422323402965841
2015-04-15,2.8,1.05,0.0750000000000001,0.295000000000001,0.735,0.889999999999999,0.999999999999998,0.77,0.5,0,-0.1,-0.390000000000001,-0.550000000000001,-0.599999999999998,-0.900000000000001,-1,-1.9,0.700000000000001,-1.1,0.599999999999995,0.650000000000001,0.6,0.5,0.2,-0.2,-0.35,-0.750000000000001,-0.700000000000001,-1,-1.35,-1.6,-0.900000000000001,0.650000000000001,-1.05,-1.35,-1.1,-0.1,-2.05000000000002,-1.4,-2.15000000000001,0.149348759673984,0.614075493173694,0.517550792966718,0.257185697664786,0.429396550965056
2015-06-03,0,0.00500000000000084,-1.14,0.214999999999999,0.325,0.795000000000001,1.5,2.35,3.35,4.15,4.94,5.71,6.25,6.79999999999999,7.7,7.5,0,-0.799999999999995,0.1,1.25,1.65,2.65,3.4,4.6,6,7.30000000000001,7.75,7.60000000000001,8.70000000000001,9.80000000000001,10.45,2,1,0.399999999999998,6.10000000000001,0.700000000000001,3.3,9.69999999999998,8.65,10.3,-0.319661970526575,-0.281366089191959,0.756816043756514,0.644190824210983,0.730915814541522
2015-07-16,0,-0.00500000000000084,-0.0149999999999997,0.0950000000000006,0.135000000000002,0.47,0.5,0.600000000000001,0.869999999999999,1.1,1.48,1.45999999999999,1.54,1.59999999999999,1.69999999999999,1.6,1,0,0.1,0.5,0.4,0.7,0.950000000000001,0.949999999999998,1.25,1.45,1.65,1.7,1.69999999999999,1.49999999999999,1.69999999999999,0.3,0,-0.25,-0.449999999999995,-1.55000000000001,0.700000000000001,-1.44999999999997,1.45000000000002,0.099999999999989,0.0554046727915036,0.13094312081412,0.0918189395148164,0.0572983828883766,0.103649968559871
2015-09-03,0,-0.109999999999999,-0.0200000000000006,-0.1,-0.390000000000001,-0.720000000000001,-1.2,-1.82,-2.34,-2.38,-2.32,-2.2,-2,-1.8,-1.50000000000001,-1,,,-0.2,-1.45,-1.7,-2.6,-3,-2.95,-3,-2.8,-2.75,-2.8,-0.849999999999995,0.099999999999989,0.6,-2.35,-1.1,-1.7,-5.45,-4.54999999999999,-3,-4.35000000000003,-3.70000000000001,-4.54999999999999,0.963531198367384,0.974368506737022,-0.755462791483905,-0.737557123478899,-0.990475776884558
2015-10-22,-0.699999999999998,0,-1.095,-2.475,-2.945,-3.7,-4.4,-4.1,-4.3,-4.2,-4.3,-4.2,-3.87,-3.85,-3.2,-2.75000000000001,0,-1.5,-2.8,-4.8,-5.05,-5.1,-5,-5.15,-5.35,-5.45,-5.35,-5.35,-4.45,-4.05,-3.85,-5.6,-4.85,-5.6,-10.8,-10.45,-5.5,-10.95,-6.75,-11.5,2.00693573812121,1.70330036944044,-1.36117043097287,-0.906537353133235,-0.800211731221534
2015-12-03,4,5.175,6.61,8.125,9.88,11.57,12.2,12.6,12.96,12.8,12.7,12.7,12.56,12.25,11.1,10,4.67,7.6,12.255,13.35,14.075,15.375,15.1,15.7,15.74,15.97,16.185,15.89,13.975,12.31,10.595,12.825,12.91,12.45,18.05,16.3,15.96,21.3,18.7,25.59,-3.64585351797242,-2.02575734626755,2.47215174154559,1.82461202278046,2.39037067019012
2016-01-21,0.2,0.689999999999999,-1.28,-2.56,-3.62,-4.24,-7,-4.3,-4.3,-4.2,-4,-3.71,-3.58,-3.32,-2.3,-1.49999999999999,-0.305,-1.955,-3.125,-3.6,-3.93,-4.045,-4.18,-3.935,-3.77,-3.555,-3.37,-3.3,-2.17499999999999,-1.275,-0.850000000000017,-1.81,-3.68,-2.7,-4.35,-3.8,-4.52,-4.69999999999999,-4.96500000000001,-5.50499999999998,0.400713909185058,0.918315234755518,-0.59347355198146,-0.746151069218892,-0.377834202640592
2016-03-10,0.5,2.585,3.105,4.05,5.7,6.3,5.8,3.94,2.7,1.5,0.1,-1.3,-2.15,-3.35,-5.00000000000001,-5.50000000000001,2.9,3.7,5.7,8.65,7.19,6.19,5.35,3.695,1.37,-0.664999999999999,-2.705,-2.9,-3.88499999999999,-5.51,-6.015,0.134999999999999,6.68,1.5,-2.95,-2.55,4.425,-5.94999999999999,-3.785,-5.27,0.688633760156954,3.01733193227678,0.690064934730256,0.516230093968262,0.806971461291184
2016-04-21,0,0,0,0.3,0.2,0.1,0.4,0.45,0.619999999999998,0.700000000000001,1.03,1,0.999999999999998,0.850000000000001,1.45000000000001,1.45000000000001,0.1,0.4,0.69999999999999,0.850000000000001,0.575000000000003,0.570000000000004,0.700000000000001,0.669999999999998,0.785,0.845,0.92,0.900000000000001,0.850000000000006,0.81,0.905,-0.46,0.644999999999996,-0.55,0.25,0.3,0.359999999999999,1,0.619999999999998,1.05,-0.248670697023989,-0.226131885968606,0.132426963821958,0.0824742314790433,-0.100662366817694
2016-06-02,0,0,0,0,-0.2,-0.4,-0.600000000000001,-1.1,-1.55,-1.9,-1.81,-2.13,-2.23,-2.42,-2.49999999999999,-2.2,0,0,0,0.449999999999995,-0.770000000000004,-1.19,-1.3,-1.67,-1.845,-2.17,-2.375,-2.35,-2.32,-2.115,-2.08,-0.954999999999999,-0.855,-0.2,-0.899999999999995,-1.45,-1.355,-2.74999999999999,-1.905,-1.93000000000001,-0.451695280376896,-1.69366560348276,-0.295289015961596,-0.135645791557421,-0.616879732174169
2016-07-21,0.5,0.265000000000004,4.375,0.255,2.625,0.4,0.3,-0.1,-0.2,0.1,0.13,0.2,0.34,0.24,0.2,0,0.4,-0.149999999999995,-0.800000000000001,-0.6,-0.71,-0.734999999999997,-0.700000000000001,-0.645000000000001,-0.545000000000001,-0.650000000000001,-0.585000000000001,-0.7,-0.705,-0.745000000000001,-0.659999999999994,0.285,-0.434999999999997,-0.650000000000001,0.1,0.649999999999998,-0.375000000000003,0.800000000000001,-0.739999999999999,1.45,0.268560697187237,0.830152227885161,0.0272368243546761,-0.173605958176523,0.19639661337969
2016-09-08,0,0.999999999999995,0.86,0.900000000000001,1.375,1.735,3.1,2.12,2.2,1.72,1.38,1.4,1.05,1,0.3,0.1,0,0.800000000000001,1.2,2.65,2.86000000000001,3.27499999999999,3.49999999999999,2.98499999999999,2.435,1.735,1.465,1.3,0.48,-0.0250000000000028,-0.520000000000004,1.76,2.34,1.8,3.75,1.75,3.47,4.40000000000001,2.615,6.79999999999998,-0.706778671544051,-0.652065479037311,0.154904985720887,0.360360750329855,0.16117442994199
2016-10-20,0.5,0,0,-0.00499999999999945,-0.2,-0.4,-0.650000000000001,-1.2,-1.33,-1.83,-2.2,-2.42,-2.76,-2.92,-3.8,-4.09999999999999,0,-0.6,0.5,-0.5,-0.979999999999992,-1.53,-1.9,-2.435,-2.915,-3.445,-3.785,-3.9,-5.345,-6.475,-7.59500000000001,-0.39,-0.460000000000005,-0.4,-1.15,-0.9,-1.705,-1.85,-3.95,-1.85,0.098839863016309,0.319265960107096,-0.323691271706572,-0.0446852490259567,-0.325418053223725
2016-12-08,-0.1,0,0.0699999999999978,-0.0850000000000017,0.484999999999996,1.02,0.4,-0.4,-0.1,0.6,1.5,2.33,3.01,3.49999999999999,4.5,4.89999999999999,-1.49999999999999,-0.6,-0.1,-3.49999999999999,-3.58000000000001,-3.935,-4.2,-2.445,-0.0800000000000002,1.305,3.07,3.15,4.32499999999999,5.79000000000001,6.69500000000001,-4.615,-2.58499999999999,-5.35,-2.29999999999999,-1.9,-4.27,3.49999999999999,2.1,3.05,0.761089152288008,2.03135332827715,-1.38538027473521,-0.807954148955647,-0.77100119460658
2017-01-19,0,0,-0.0300000000000022,0,0,-0.374999999999998,-0.4,-0.58,-0.45,-0.64,-0.88,-1,-1.23,-1.2,-1.2,-1.10000000000001,0,0.1,0.700000000000001,0,0.0600000000000045,-0.395000000000001,-0.700000000000001,-1.03,-1.175,-1.36,-1.48,-1.45,-1.43000000000001,-1.16999999999999,-1.02,-0.130000000000001,0.154999999999994,-0.4,0.149999999999995,-0.25,-0.440000000000001,-0.6,-1,-1.05,0.353983744241937,0.7136590467268,-0.507710755890806,-0.44014665370383,-0.0327118092546819
2017-03-09,0,-0.465000000000004,-0.0099999999999989,0.209999999999999,0.640000000000002,2,3.1,3.74,4.24,4.21,4.07,4.2,3.95,3.6,3.49999999999999,3.35000000000001,-1,-1.6,-1.35,-1.6,0.345000000000006,0.949999999999995,1.5,2.115,2.385,2.28,2.815,2.65,2.67000000000001,2.13,2.03500000000001,3.18,-1.405,3,2.7,2.5,0.81,2.45000000000002,3.70000000000001,3.85,0.392688205950087,1.20251766048032,0.28839582194724,0.0460431662810373,0.383165909739702
2017-04-27,0.600000000000001,-0.645000000000001,0.600000000000001,-0.600000000000001,-0.330000000000003,-0.914999999999999,-2,-1.3,-1.09,-1.65,-1.55,-1.45,-1.7,-1.61,-1.6,-1.55000000000001,-0.700000000000001,0.99999999999999,-2.05,-1.65,-2.06999999999999,-2.2,-2.4,-2.135,-2.74,-2.765,-2.82,-2.4,-2.17999999999999,-1.89,-1.79499999999999,-0.03,-1.31,-0.650000000000001,-1.90000000000001,-0.6,-2.6,-1.29999999999999,-3.25000000000001,-1.79999999999998,0.0252352487292384,0.135399448999163,-0.39070629554851,-0.159910010681522,-0.284647786097647
2017-06-08,0,0,-0.119999051094055,-0.115001201629639,-0.235000252723694,-0.760000944137573,-0.849999487400055,-0.599999725818634,-0.65000019967556,-0.599999725818634,-0.699999928474426,-0.799998641014099,-0.799998641014099,-0.909996032714844,-1.30000114440918,-1.40000581741333,-1.99999809265137,0.800001621246338,-0.349998474121094,-1.2499988079071,-1.44000053405762,-1.50499939918518,-1.60000026226044,-1.78000032901764,-1.88499987125397,-2.02500000596046,-2.05000042915344,-2.09999978542328,-2.11499929428101,-2.16500163078308,-2.53500938415527,-2.97999978065491,0.0800013542175293,-2.3499995470047,-5.69999814033508,-2.20000147819519,-1.99999958276749,-2.40000486373901,-3.78999710083008,-5.25000095367432,-0.169991000363723,-0.805596045390011,-0.187031659316106,0.00576049502791498,-0.0565974277806802
2017-07-20,0,-1.81999802589417,-0.119999051094055,-0.76499879360199,-0.845000147819519,-0.730001926422119,-1.0000005364418,-1.39999985694885,-1.75999999046326,-1.72000080347061,-1.85000002384186,-1.66000127792358,-1.79999470710754,-1.79999470710754,-1.39999389648438,-1.19999647140503,0.199997425079346,0.199997425079346,-0.449997186660767,-1.10000371932983,-1.25499963760376,-2.05499827861786,-2.65000015497208,-2.7649998664856,-2.72499993443489,-2.86500006914139,-2.79999971389771,-2.59999632835388,-2.04499959945679,-1.94499492645264,-1.45999193191528,-2.46000066399574,-0.954997539520264,-3.09999883174896,-5.9499979019165,-4.29999828338623,-2.95000001788139,-6.90000057220459,-4.51000332832336,-7.94999599456787,0.0560513035871679,0.342700702205612,0.572373653388755,0.376438845908922,0.440790501006116
2017-09-07,0,0,0.81000030040741,-0.200000405311585,-0.499999523162842,0.65000057220459,-1.19999945163727,-1.50000005960464,-1.74999982118607,-2.03000009059906,-2.05000042915344,-2.00000107288361,-2.19999849796295,-2.39999890327454,-2.00000405311585,-1.80000066757202,-2.20000147819519,-0.499999523162842,-1.74999833106995,-1.84999704360962,-2.31000185012817,-2.59000062942505,-2.75000035762787,-2.7199998497963,-3.05500030517578,-2.79500018805265,-2.95000076293945,-2.90000140666962,-2.68000364303589,-2.31999754905701,-2.14999914169311,-2.12999954819679,-1.34000182151794,-1.35000050067902,-3.45000028610229,-3.10000032186508,-2.85000056028366,-3.89999151229858,-3.61499786376953,-4.84999418258667,0.0566490534406938,-0.00774180422427051,0.0333833755483237,0.14193443958503,0.05748104204919
2017-10-26,0.200000405311585,0,0,0.39999783039093,0.00500082969665527,-0.510001182556152,-0.800000131130219,-1.22999995946884,-1.53000019490719,-1.29999965429306,-1.43000185489654,-1.36999785900116,-1.25000476837158,-1.19999647140503,-0.599992275238037,-0.249993801116943,-0.79999566078186,0.149995088577271,-1.89999938011169,-2.20000147819519,-2.38000154495239,-2.63500213623047,-2.70000100135803,-2.63500064611435,-2.53499996615574,-2.21500024199486,-2.00000107288361,-2.05000042915344,-1.42999887466431,-0.98000168800354,-0.654995441436768,-2.14000046253204,-2.32999920845032,-2.54999995231628,-4.81500029563904,-3.85000109672546,-2.57000029087067,-5.25000095367432,-2.14999914169311,-6.7500114440918,0.400000844215143,0.211126924221805,-0.709751573211004,-0.477112410198746,-0.541808782514241
2017-12-14,0,0.0200003385543823,-0.479999184608459,0,-0.0200003385543823,0.0299990177154541,0.200000405311585,0.439999997615814,0.600000098347664,0.600001215934753,0.850000977516174,0.850000977516174,0.749999284744263,0.760000944137573,0.700002908706665,0.549995899200439,0,0,0,0.600004196166992,0.999999046325684,1.22500061988831,1.60000026226044,1.48999989032745,1.60999968647957,1.50999985635281,1.54999941587448,1.44999921321869,1.27500295639038,1.16000175476074,0.999999046325684,0.0550001859664917,1.41000151634216,-0.349999964237213,1.26000046730042,0.949999690055847,1.43499970436096,1.70000791549683,1.27999782562256,2.60000228881836,0.198614748025783,0.0298704976034792,-0.24524363423907,-0.147531921653393,-0.228995070152838
2018-01-25,-0.200000405311585,0,0,0.100001692771912,-0.145000219345093,0.580000877380371,1.54999978840351,3.23999971151352,4.16000038385391,4.46000099182129,4.35999929904938,4.08999919891357,3.7600040435791,3.5099983215332,1.74999237060547,0.749993324279785,1.20000243186951,0.400000810623169,1.2999951839447,1.34999752044678,2.64999866485596,4.15000021457672,5.25000020861626,5.33499997109175,4.90500032901764,4.89000082015991,4.19999957084656,3.85000109672546,2.75999903678894,1.75000429153442,0.450003147125244,2.93000042438507,2.1699994802475,2.44999825954437,4.78499531745911,3.15000116825104,5.36500029265881,4.30001020431519,4.78000044822693,6.74999952316284,-0.606828780520452,0.535747624563498,0.47418416115706,0.344236820516747,0.505059078996339
2018-03-08,0,-0.180000066757202,0.410002470016479,0.499999523162842,-0.145000219345093,-0.0349998474121094,-0.400000065565109,-0.549998879432678,-0.859999656677246,-1.02999806404114,-1.0699987411499,-1.42999887466431,-1.69999599456787,-1.81000232696533,-2.24999189376831,-2.25000381469727,0,-0.400000810623169,-1.00000500679016,-1.53999924659729,-1.75000131130219,-1.60000026226044,-1.69999971985817,-1.80999934673309,-2.01500058174133,-2.07499861717224,-1.64999961853027,-2.10000276565552,-2.24500298500061,-2.04000473022461,-1.95000171661377,-1.53499990701675,-0.0499993562698364,-4.20000106096268,-2.79999971389771,-1.50000154972076,-1.64999961853027,-2.19999551773071,-2.79999971389771,-3.29998731613159,0.662802364929327,0.951264744634983,-0.0282798485522345,-0.022414793563573,-0.0761313245137174
2018-04-26,0,0,-0.0999987125396729,0,-0.15999972820282,-0.534999370574951,-0.550000369548798,-0.270000100135803,-0.0900000333786011,-0.00999867916107178,0.259995460510254,0.150001049041748,0.249999761581421,0.23999810218811,0.499999523162842,0.300002098083496,0.499999523162842,0,-0.300002098083496,0.0549972057342529,-0.100001692771912,0.0999987125396729,0.249999947845936,0.310000032186508,0.654999911785126,0.474998354911804,0.499999523162842,0.65000057220459,0.674998760223389,0.70500373840332,0.499999523162842,-0.149999558925629,-0.0500023365020752,-0.0499993562698364,0.550001859664917,0.550000369548798,0.180000066757202,1.10000371932983,0.594997406005859,1.19999647140503,-0.123114981463424,-0.407990084643117,0.0205151213647919,-0.149062899873897,0.056393986510983
2018-06-14,0.800001621246338,-0.580000877380371,0,-0.605002045631409,-0.789999961853027,-2.86000072956085,-3.60000059008598,-4.34999987483025,-4.80000078678131,-5.07999956607819,-4.57000136375427,-4.25999760627747,-3.85000109672546,-3.45000028610229,-2.50000953674316,-1.49999856948852,0,0,-1.04999542236328,-3.3549964427948,-4.39999997615814,-5.44999837875366,-6.45000040531158,-6.21000025421381,-5.80499991774559,-5.54500073194504,-5.05000054836273,-5.09999990463257,-2.71999835968018,-2.20999717712402,-0.999999046325684,-18.2500064373016,-3.31500172615051,-2.50000059604645,-16.6500091552734,-7.30000138282776,-7.42500014603138,-6.59999847412109,-7.72500038146973,-11.299991607666,1.24082942656702,-0.0966061748301605,-1.31527645129103,-0.615001312696897,-1.02386441709967
2018-07-26,0,0,0,0,0,-0.485000014305115,-0.850000977516174,-0.900000054389238,-1.03999972343445,-1.05999857187271,-1.0699987411499,-0.999999046325684,-1.09000205993652,-1.09999775886536,-0.999999046325684,-0.749993324279785,0,0,-0.79999566078186,-1.12999677658081,-1.21000111103058,-1.53000056743622,-1.60499960184097,-1.77999958395958,-1.86000000685453,-1.85000002384186,-1.95000171661377,-2.05000042915344,-1.51499509811401,-1.63999795913696,-1.54999494552612,0.0500023365020752,-1.29500031471252,-2.39999890327454,-1.04999542236328,-1.89999938011169,-2.03999988734722,-1.69999599456787,-2.34999656677246,-0.999999046325684,0.235891422414625,-0.211005758109639,-0.260741645753035,-0.0450179249174565,-0.0654977055122963
2018-09-13,0,0,0,-0.17000138759613,-0.12499988079071,-0.420001149177551,1.80000066757202,0.450000166893005,0.789999961853027,0.81000030040741,1.10999941825867,1.03999972343445,1.08999609947205,0.990003347396851,1.15000009536743,1.15000009536743,0,0,0.400000810623169,1.11500024795532,1.12999975681305,1.28999948501587,1.25000029802322,1.41500048339367,1.46000012755394,1.69999897480011,1.74999833106995,1.89999938011169,1.87000036239624,2.04499959945679,1.99999809265137,-0.449997186660767,0.995001196861267,0.749999284744263,-1.45000219345093,0.349998474121094,1.37000009417534,-0.0999927520751953,1.51500105857849,-1.95000171661377,-0.186954190537492,0.224423010643271,0.583096799412827,0.0560815822872304,0.607186971299534
2018-10-25,0,-0.0299990177154541,0.600001215934753,-0.0399976968765259,-0.119999051094055,-0.169999897480011,-0.299999862909317,-0.56999996304512,-0.910000503063202,-0.829997658729553,-0.609999895095825,-0.549995899200439,-0.470000505447388,-0.400000810623169,-0.549995899200439,-0.600004196166992,0.999999046325684,0.0999987125396729,-0.0999987125396729,0.0500023365020752,-0.0699996948242188,-0.31999945640564,-0.600001215934753,-0.579999387264252,-0.520000047981739,-0.64999908208847,-0.600001215934753,-0.600001215934753,-0.720000267028809,-0.93500018119812,-0.999999046325684,-1.10000371932983,-0.12499988079071,0.299999117851257,-1.39999389648438,1.05000138282776,-0.219999998807907,0.499999523162842,-0.314998626708984,-0.699996948242188,-0.598837432179167,-1.05854482193637,-0.267699874344823,0.135573481284165,-0.249954882379999
2018-12-13,-0.900000333786011,0,0,0,-0.225001573562622,-0.690001249313354,-0.699999928474426,-1.20000001043081,-1.5500009059906,-1.43000185489654,-1.45000219345093,-1.44999921321869,-1.49000287055969,-1.34000182151794,0,0,-0.79999566078186,-0.10000467300415,-0.599998235702515,-1.500004529953,-1.74500048160553,-2.09999978542328,-2.394999563694,-2.36500054597855,-2.23499983549118,-2.10000015795231,-1.99999958276749,-2.05000042915344,-1.31499767303467,-1.12500190734863,-0.699996948242188,4.75000143051147,-1.17000043392181,-0.199998915195465,7.45000839233398,0.600001215934753,-2.11500003933907,0.0999927520751953,-1.01000070571899,7.59999752044678,0.120556037672337,-0.385770529346541,-0.321334056213532,-0.144810598555739,-0.217188095980525
2019-01-24,0,0,-0.600001215934753,-0.200000405311585,-0.314998626708984,-0.619998574256897,-0.499999523162842,-0.299999862909317,-0.39000001270324,-0.580000132322311,-0.779999792575836,-0.909999012947083,-0.949999690055847,-1.01999640464783,0,0,0.199997425079346,0.699996948242188,-0.249999761581421,-0.399994850158691,-0.484997034072876,-0.450000166893005,-0.679999589920044,-0.605000555515289,-0.694999098777771,-0.850000232458115,-0.899999961256981,-0.900000333786011,-1.1900007724762,-1.1650025844574,-1.39999985694885,1.94999873638153,0.500002503395081,-0.450000166893005,3.49999666213989,-0.0499993562698364,0.0200003385543823,0.949990749359131,-0.829994678497314,2.45001316070557,-0.61087131377473,-1.98576039993377,0.193662690991231,0.00573736392766311,-0.0642420527764642
2019-03-07,0,-0.360000133514404,-0.49000084400177,-0.200000405311585,-0.745001435279846,-2.15000212192535,-2.85000056028366,-3.19999903440476,-3.65000031888485,-3.72999981045723,-3.89999896287918,-3.88000011444092,-3.9000004529953,-4.27999794483185,-3.34999561309814,-2.79999971389771,-0.400000810623169,-0.199997425079346,-0.950002670288086,-1.5500009059906,-2.24000215530396,-2.50000059604645,-3.33000123500824,-3.31999957561493,-3.36499959230423,-3.39999943971634,-3.34999971091747,-3.19999977946281,-2.63999998569488,-2.30000019073486,-1.75000429153442,-8.49999934434891,-1.90999805927277,-2.89999842643738,-10.5999946594238,-6.79999962449074,-4.81000021100044,-7.14999437332153,-5.55999875068665,-8.80000591278076,-0.361680374541073,-3.12541206353876,-0.647540210480049,-0.441986751135431,-0.758679186754119
2019-04-10,0.100001692771912,-0.145000219345093,-0.15999972820282,-0.149998068809509,-0.489997863769531,-1.69999897480011,-3.5999983549118,-3.01999896764755,-3.11000049114227,-3.16999964416027,-3.04999994114041,-3.05000096559524,-3.23999971151352,-3.22999954223633,-2.39999890327454,-2.10000276565552,0,0.10000467300415,-0.849997997283936,-1.45000219345093,-1.82499885559082,-2.24999785423279,-3.18500101566315,-3.12999784946442,-3.13999950885773,-3.20000052452087,-3.20000052452087,-3.14999986439943,-2.32000052928925,-2.1699994802475,-1.5500009059906,1.44999921321869,-1.21499896049499,-1.39999985694885,1.19999647140503,-2.19999989494681,-2.86000072956085,-2.10000276565552,-3.05500030517578,0.749993324279785,0.0399349047151887,-0.636090284081536,-0.31076470313428,-0.168502084948463,-0.415505404917216
2019-06-06,0.200000405311585,1.22999846935272,1.76999866962433,1.54999792575836,2.68000066280365,2.88499891757965,3.00000011920929,2.91000008583069,3.00999879837036,2.84000039100647,2.50000059604645,2.29999981820583,1.94999985396862,1.77999958395958,0.999999046325684,0.499999523162842,0.299996137619019,0.599998235702515,1.89999938011169,2.45000123977661,2.54999995231628,2.79999971389771,3.04999947547913,2.80500054359436,2.49499976634979,1.99500024318695,2.10500061511993,1.65000110864639,1.02000003680587,0.120000541210175,-0.299999117851257,4.29999828338623,2.35999822616577,2.20000147819519,4.90000247955322,2.69999951124191,2.78500020503998,2.14999914169311,2.10499987006187,7.29999542236328,-0.590257025325513,-1.07258267878683,0.204601232725259,0.192012713611628,0.258840659626713
2019-07-25,1.999998,4.140002,2.75,2.19,2.004999,1.905,2.099997,2.040005,2.309999,2.53,2.71,2.970001,3.320001,3.109999,3,3.800002,2.200001,1.599997,2.500004,2.599996,2.62,2.685004,2.934998,3.109998,3.349996,3.579998,4.029998,3.7,4.335,5.12,5.550002,4.3,1.879996,1.100004,3.850001,0.300002,3.150004,1.899999,3.94,4.549992,-0.73933,-0.59794,0.233034,0.296714,0.596097
2019-09-12,2.8,4.095,4.124999,5.499998,6.885004,7.889998,6.200004,6.099999,5.300003,4.550004,4.550001,3.650001,3.650001,3.299999,2.4,1.6,2.499998,2.200001,8.999997,8.350003,7.844996,6.890005,6.230003,5.319995,4.350001,3.45,2.594995,2.55,1.745,1.385,0.5,3.95,7.955003,-1.1,-9.75,-2.45,5.419999,-6.15,0.95,-13.95,0.042317,-0.67363,0.009072,-0.07826,-0.07572
2019-10-24,0,0.040001,0.07,0.07,0.130001,0.244999,1.299998,-0.2,-0.5,-0.6,-0.7,-0.8,-0.95,-0.9,-1,-0.7,0,0.099999,-0.25,0,-0.11,-0.425,-0.535,-0.67,-0.9,-1.1,-1.3,-1.25,-1.245,-1.355,-1.3,-0.9,0.095004,-0.3,-1.7,-0.5,-0.745,-1.1,-1.4,-2.15,-0.22371,-0.30902,-0.03595,0.10423,-0.09517
2019-12-12,0.5,0.154999,-0.18,0.150001,0.130001,0.299999,0.45,0.850001,1.6,1.799998,2.05,2.05,2.150001,2.299999,2.4,2.500001,0,-0.2,0.9,0.86,1.280004,1.694995,2.3,2.529997,2.75,2.810001,2.950001,3,3.135,3.145,2.649999,0.65,0.555003,0.150001,2.700001,1.7,2.155,3.049999,2.85,3.649998,0.3329,1.523197,0.017964,0.041382,0.21885
2020-01-23,0,0.0249981880187988,0.970000028610229,0.900000333786011,-0.510001182556152,-1.04999840259552,-1.39999985694885,-1.90000236034393,-2.15000212192535,-2.25000083446503,-2.34999805688858,-2.49999910593033,-2.65000015497208,-2.79999971389771,-2.79999971389771,-2.49999761581421,0,-0.0999987125396729,-0.549995899200439,-1.35000348091126,-1.82999968528748,-2.15499997138977,-2.39999890327454,-2.56999731063843,-2.69999802112579,-2.78500020503998,-2.90000140666962,-2.95000076293945,-2.81500071287155,-2.63499999418855,-2.59999930858612,-1.94999985396862,-0.970000028610229,-0.400000810623169,-2.10000276565552,-1.55000016093254,-2.4399995803833,-2.09999978542328,-2.99999993294478,-1.70000791549683,-0.470577457078569,-1.6350872736032,-0.19857462165838,-0.124366534665338,-0.366851621140718
2020-03-12,7.50000178813934,10.5699986219406,10.3500008583069,8.60500335693359,7.71499872207642,6.56000375747681,3.80000472068787,4.40000295639038,3.54999899864197,2.59999632835388,1.84999704360962,0.999999046325684,1.14999711513519,-0.299999117851257,-2.59999930858612,-0.39999783039093,6.89999461174011,4.79999780654907,3.85000109672546,3.60000133514404,3.82000207901001,2.23000049591064,1.69999599456787,1.49499773979187,0.65000057220459,0.0999987125396729,-0.400000810623169,-0.200003385543823,-0.884997844696045,-1.5250027179718,-1.5500009059906,33.7999999523163,11.599999666214,1.19999945163727,43.9999938011169,14.0999993309379,14.9800002574921,16.7499989271164,14.5000010728836,45.5999970436096,-3.98467470715058,-8.23661241703197,-0.590238012232007,-0.226139199484142,0.577550142862115
2020-04-30,0.699999928474426,1.64499878883362,1.35000050067902,1.15000009536743,0.609999895095825,-0.865000486373901,-1.39999985694885,-2.35000252723694,-2.94999778270721,-2.64999866485596,-2.75000035762787,-2.39999890327454,-2.30000019073486,-2.20000147819519,-3.00000011920929,-1.90000012516975,0.299996137619019,0,2.54999995231628,-1.60000324249268,-1.81499719619751,-4.10999655723572,-3.4000039100647,-3.28500270843506,-2.85000205039978,-2.02000141143799,-2.69999504089356,-2.59999632835388,-2.81499922275543,-2.41000056266785,-2.09999978542328,-6.60000443458557,-1.87000036239624,0.499999523162842,-3.94999980926514,-4.30000051856041,-3.20000052452087,-0.999999046325684,-0.600000470876694,2.49999761581421,-1.1385433664616,-2.48885902928633,-0.24853615591955,-0.0748252987774256,-0.224585164107083
2020-06-04,0,0.00999867916107178,0.480002164840698,0.270000100135803,0.0449985265731812,-0.435000658035278,-0.900000333786011,0.599998235702515,0.499999523162842,0.849997997283936,1.19999945163727,1.69999897480011,2.70000100135803,2.79999971389771,4.69999988563359,5.40000014007092,0,0,-0.400000810623169,0.900000333786011,1.42499804496765,1.31000280380249,1.30000114440918,1.78999900817871,2.94999778270721,3.10499966144562,3.40000092983246,3.34999859333038,5.35000041127205,5.78000019304454,6.70000091195107,-20.3499987721443,-0.180000066757202,-0.799998641014099,-20.9999978542328,-6.29999935626984,-2.60500013828278,-8.20000171661377,-2.10000001825392,-19.5500016212463,0.0227421999305477,1.39529337948048,0.560971390289124,0.480152586029316,0.421552489944688
2020-07-16,0,-0.314998626708984,-0.200000405311585,-0.33000111579895,-0.345000624656677,-0.565004348754883,-0.299996137619019,-0.499999523162842,-0.600001215934753,-0.699999928474426,-0.599998235702515,-0.65000057220459,-0.699999928474426,-0.599998235702515,-0.599999725818634,-0.499999523162842,-1.2999951839447,-0.0999987125396729,-0.0999987125396729,-0.699996948242188,-0.655001401901245,-0.544995069503784,-1.19999647140503,-1.09999775886536,-1.04999542236328,-1.05000138282776,-0.999999046325684,-0.999999046325684,-0.549998879432678,-0.665000081062317,-0.399999879300594,-2.90000028908253,-1.10000371932983,-0.150001049041748,-3.54999899864197,-1.15000009536743,-2.11499929428101,-1.75000131130219,-1.33499950170517,-3.60000133514404,0.268275073196023,0.194417544458059,0.218975952696612,-0.110045912322096,0.216693162760073
2020-09-10,0,1.39999985694885,0.999999046325684,0.100001692771912,0.300002098083496,-0.249999761581421,0.200003385543823,0.200003385543823,0.299999117851257,0.400000810623169,0.299999117851257,0.200000405311585,0.200000405311585,0.299999117851257,0.299999862909317,0.400000065565109,0.199997425079346,-0.10000467300415,0,-0.0999987125396729,0.154995918273926,0.2299964427948,0.400000810623169,0.300002098083496,0.299996137619019,0.349998474121094,0.449997186660767,0.549998879432678,0.550000369548798,0.519999861717224,0.549999973736703,0,0.300002098083496,0.749999284744263,-0.299999117851257,1.19999945163727,0.590002536773682,1.44999921321869,0.7750004529953,0.0499963760375977,0.505103406069196,1.22252927492159,0.51378839098625,0.808347424060729,0.484224496643915
2020-10-29,0.299999117851257,0,0,-0.900000333786011,-1.09999775886536,-0.300002098083496,1.00000500679016,-0.65000057220459,-0.65000057220459,-0.550001859664917,-0.200000405311585,0.0499993562698364,0,0.100001692771912,0.100000202655792,0.300000607967377,-0.400000810623169,-0.800001621246338,-1.39999985694885,-0.450003147125244,-0.270003080368042,0.0450015068054199,0.0499963760375977,0.300002098083496,0.450003147125244,0.599998235702515,0.79999566078186,0.849997997283936,0.999999046325684,0.990000367164612,1.04999989271164,-2.3499995470047,-0.499999523162842,-0.65000057220459,-3.29999923706055,-1.10000073909759,-0.655001401901245,-0.900000333786011,0.0549972057342529,-3.1000018119812,1.29373772749455,2.05408138235206,-0.119678065651813,-0.116153160086681,0.0450517526261685
2020-12-10,0.799998641014099,0.905001163482666,0.959998369216919,1.30999982357025,1.35999917984009,1.38499736785889,1.60000324249268,1.49999856948852,1.70000195503235,1.85000002384186,1.99999809265137,2.14999914169311,2.14999914169311,2.30000019073486,2.19999998807907,2.19999998807907,0.900000333786011,0.900000333786011,0.999999046325684,1.89999938011169,1.68000459671021,2.02000141143799,2.50000357627869,2.64999866485596,2.75000333786011,2.70000100135803,2.95000076293945,2.89999842643738,3.09999883174896,3.29499840736389,3.55000048875809,1.2499988079071,1.88499689102173,1.49999856948852,2.79999971389771,2.59999632835388,2.53499746322632,3.30000000540167,3.60499918460846,4.85000014305115,-0.693229281993979,-1.68115232098609,0.421123753881342,0.214047510148441,0.22939490440379
2021-01-21,0,1.12999975681305,0,-0.115001201629639,-0.244998931884766,-0.195002555847168,-0.100001692771912,0.0499993562698364,-0.0499993562698364,0,0.150001049041748,0.299999117851257,0.549998879432678,0.599999725818634,0.999999977648258,0.900000333786011,0.200003385543823,0,-0.0999987125396729,0.400000810623169,0.370001792907715,0.445002317428589,0.550001859664917,0.65000057220459,0.699996948242188,0.900000333786011,1.10000371932983,1.09999775886536,1.29999816417694,1.40500068664551,1.44999995827675,0.350001454353333,0.209999084472656,0.900000333786011,1.04999989271164,0.150001049041748,0.195002555847168,0.450000166893005,0.544998049736023,1.09999775886536,-0.34227525296533,-0.301822108162231,-0.0782245799832354,0.0169466661342529,0.15516500341759
2021-03-11,0,1.37499868869781,1.50499939918518,0.409999489784241,0.339999794960022,0.360000133514404,0.39999783039093,0.249999761581421,0.249999761581421,0.0999987125396729,-0.0499993562698364,-0.149999558925629,-0.299999862909317,-0.400000065565109,-0.400000810623169,-0.299999117851257,0.0999987125396729,-0.800001621246338,-0.599998235702515,-0.599998235702515,-0.639998912811279,-0.730001926422119,-0.700002908706665,-0.949996709823608,-1.05000138282776,-1.35000050067902,-1.39999985694885,-1.44999921321869,-1.30000002682209,-1.45500041544437,-1.54999941587448,-2.98499763011932,-1.17499828338623,-1.50000154972076,-5.14999981969595,-2.89999842643738,-1.44500136375427,-4.10000085830688,-2.7099996805191,-5.84999918937683,0.107737627767968,-1.32786252112824,-0.217579485832775,-0.175112175726191,-0.0847494988415853
2021-04-22,-0.300002098083496,-0.100001692771912,0.0500023365020752,-0.299999117851257,-0.130000710487366,-0.515002012252808,-0.899997353553772,-1.15000009536743,-1.5500009059906,-1.80000066757202,-1.89999938011169,-2.05000042915344,-2.19999998807907,-2.40000002086163,-2.30000019073486,-2.09999978542328,0,0.0999987125396729,-0.299996137619019,-0.700002908706665,-1.01000070571899,-1.48000121116638,-1.64999961853027,-1.80000066757202,-2.0499974489212,-2.3499995470047,-2.50000059604645,-2.44999825954437,-2.40000006742775,-2.30499994941056,-2.45000123977661,-1.12500190734863,-0.31999945640564,-0.299999117851257,-1.79999992251396,-1.54999941587448,-1.51499807834625,-2.39999890327454,-2.60999993188307,-2.95000076293945,-0.083392067188548,-0.469431107644258,-0.24495688483615,0.178681713526466,-0.17295859616695
2021-06-10,0,0.0550001859664917,-0.0499993562698364,-0.129997730255127,-0.169998407363892,-0.15999972820282,-0.0999987125396729,-0.0999987125396729,-0.300002098083496,-0.349998474121094,-0.349999964237213,-0.150001049041748,-0.249999761581421,-0.500000081956387,-0.200000405311585,-0.0999987125396729,-0.550001859664917,0,0,-0.300002098083496,-0.485002994537354,-0.65000057220459,-0.749999284744263,-0.800001621246338,-0.849997997283936,-0.900000333786011,-1.05000138282776,-0.949999690055847,-0.899999961256981,-0.699999928474426,-0.65000057220459,-3.65000069141388,-0.489997863769531,-0.300002098083496,-5.00000007450581,-2.05000042915344,-1.24000012874603,-2.84999907016754,-1.65000036358833,-5.43999671936035,0.474655205577435,0.566284820044949,-0.0287455384468838,-0.382876805035373,0.123701530219655
2021-07-22,0,0.0250011682510376,0.0399976968765259,-0.0699996948242188,-0.134998559951782,-0.245001912117004,-1.99999809265137,-0.599998235702515,-0.65000057220459,-0.549998879432678,-0.450000166893005,-0.39999932050705,-0.450000166893005,-0.100000202655792,-0.100000202655792,0.299999117851257,0.599998235702515,0,0,-0.350004434585571,-0.509995222091675,-0.580000877380371,-0.849997997283936,-0.65000057220459,-0.900000333786011,-0.800001621246338,-0.800001621246338,-0.65000057220459,-0.149999558925629,0.0650003552436829,0.100000202655792,-0.100001692771912,0.0999987125396729,-0.0500023365020752,0.149999978020787,-1.64999961853027,-0.61500072479248,-1.95000171661377,-0.549999997019768,-0.255000591278076,-0.234586766037204,-0.747831849243319,0.207490004586441,0.0641198612332083,0.12297096838747
2021-09-09,0,-0.0950008630752563,0.609999895095825,-0.0300019979476929,-0.115001201629639,-0.560000538825989,-0.999999046325684,-1.19999945163727,-1.5500009059906,-1.5500009059906,-1.60000026226044,-1.64999961853027,-1.50000005960464,-1.59999988973141,-1.19999945163727,-0.999999046325684,0,0,0,-0.950002670288086,-1.29500031471252,-1.21499896049499,-1.70000195503235,-1.30000114440918,-1.64999961853027,-1.75000131130219,-1.89999938011169,-1.80000066757202,-1.50000005960464,-1.41500011086464,-1.20000094175339,-1.69999897480011,-0.929999351501465,-0.449997186660767,-3.04999994114041,-1.64999961853027,-1.82999968528748,-2.69999802112579,-2.64999996870756,-4.46499586105347,0.465143772255594,0.249685800167843,-0.0676487061183201,-0.286490009894036,-0.165442286943041
2021-10-28,0.400000810623169,-0.0400006771087646,0.060001015663147,-0.139999389648438,0.344997644424438,-0.255000591278076,0.599999725818634,0.849999487400055,1.70000046491623,1.09999999403954,1.10000018030405,0.950000062584877,0.64999982714653,0.499999523162842,0.499999523162842,-0.299999117851257,0.400000810623169,0.10000467300415,0,0.449997186660767,0.484997034072876,2.17999815940857,2.75000035762787,1.89999938011169,1.79999768733978,1.64999961853027,1.44999921321869,1.25000029802322,0.550000020302832,0.189999490976334,-0.699999928474426,1.54999792575836,0.249999761581421,-3.74999642372131,3.14999967813492,1.59999877214432,2.39999890327454,2.00000405311585,1.74999982118607,4.93999719619751,-0.201671054876584,-0.147719287237358,0.305364288731949,0.136117253843993,0.204587512604881
2021-12-16,0,0.104999542236328,0.0499993562698364,-0.275000929832458,-0.999999046325684,-2.73999869823456,-3.39999794960022,-3.39999943971634,-3.74999940395355,-3.64999920129776,-3.29999998211861,-3.05000022053719,-2.95000011101365,-2.8999999165535,-1.70000046491623,-1.19999945163727,-0.199997425079346,0.199997425079346,-0.499999523162842,-2.39999890327454,-2.59999632835388,-2.70000100135803,-2.90000438690186,-2.60000228881836,-2.09999978542328,-2.09999978542328,-1.85000002384186,-1.64999961853027,-0.999999046325684,-0.474999845027924,0.400000065565109,-1.15000009536743,-1.08000040054321,-1.60000324249268,0.200000405311585,-1.0000005364418,-1.89000070095062,0.600001215934753,-0.999999971827492,1.5500009059906,-0.686763891686226,-0.930996588582822,0.194329833250746,0.347779900518663,-0.139496788864602
2022-02-03,-0.0999987125396729,0.0900000333786011,0.294998288154602,1.12499892711639,4.21499907970428,9.40500013530254,10.1000003516674,9.04999971389771,8.20000171661377,7.79999792575836,7.10000097751617,6.5500020980835,6.00000023841858,5.39999902248383,4.70000505447388,3.79999876022339,0.999999046325684,0.499999523162842,2.49999761581421,9.3999981880188,9.57000255584717,9.85500067472458,9.6000000834465,8.85000005364418,7.55000002682209,7.50000001862645,6.59999996423721,6.15000054240227,4.95000034570694,3.95999997854233,3.1499981880188,11.8999998085201,8.97500216960907,7.64999985694885,12.2500002384186,9.29999947547913,9.73499920219183,7.79999494552612,6.54999613761902,11.5499973297119,-0.967914358713351,1.52938827168674,0.943027963063908,0.923381784792335,0.847975142635704
2022-03-10,0,0.0550001859664917,0.139999389648438,1.16499960422516,3.61999869346619,7.6000003144145,8.9000016450882,9.04999971389771,7.60000050067902,6.74999952316284,5.59999942779541,4.79999780654907,4.19999957084656,3.79999876022339,1.30000114440918,0.199997425079346,0.200003385543823,1.19999647140503,3.00000309944153,8.19999873638153,9.27999913692474,9.59499925374985,10.2999996393919,9.44999977946281,8.4000002592802,7.24999979138374,6.35000020265579,6.24999850988388,4.72999960184097,4.24500107765198,2.59999930858612,14.8500004783273,8.40499997138977,11.2499997485429,16.7999982833862,13.1500035524368,12.4549999833107,11.6000056266785,8.89999866485596,17.3500061035156,-0.13615918320653,0.61421955918961,-0.290175587627919,-0.107318933426637,-0.132832611211597
2022-04-14,-0.500002503395081,-0.499999523162842,-1.79000198841095,-3.89999747276306,-6.35999999940395,-6.72000050544739,-4.6999990940094,-3.69999408721924,-2.60000228881836,-1.80000066757202,-0.999999046325684,-0.75000524520874,-0.150001049041748,0.0999927520751953,0.899994373321533,1.89999341964722,-1.60000324249268,-2.49999761581421,0,-5.59999980032444,-4.69000041484833,-3.45499813556671,-2.25000381469727,-1.49999856948852,-0.849997997283936,-0.150001049041748,0.350004434585571,0.999999046325684,2.27999687194824,3.16500067710877,3.50000262260437,-4.85000014305115,-6.32999986410141,-5.50000071525574,-4.75000143051147,-2.24999189376831,-2.59000062942505,-0.250005722045898,0.850009918212891,-2.64999866485596,0.236830009781208,0.553514970323921,-1.0786031442882,-0.507191198976603,-0.624157490358179
2022-06-09,-2.20000147819519,-0.974997878074646,-4.18999791145325,-1.22000016272068,5.09499907493591,8.86499881744385,7.79999494552612,7.45000839233398,6.70000314712524,6.09999895095825,4.99999523162842,4.94999885559082,4.19999361038208,3.1000018119812,0.999999046325684,-0.100016593933105,-2.69999802112579,-2.90000140666962,1.89999938011169,9.3999981880188,8.92999768257141,8.65499973297119,8.50000381469727,7.50000476837158,7.10000991821289,6.2000036239624,5.44999837875366,4.90000247955322,2.8499960899353,1.97499990463257,0.65000057220459,12.9500031471252,7.81000256538391,13.2999956607819,20.2000141143799,15.2499914169312,10.164999961853,11.9499921798706,7.54998922348022,18.2000160217285,-1.41096293636256,-2.04224230858694,-0.289536317622986,-0.339678735893359,-0.0524518363578252
2022-07-21,11.8999987840653,2.59499996900559,14.6699987351894,11.219996213913,8.99999737739563,3.94999980926514,1.40000581741333,-1.24999284744263,-3.45000028610229,-3.69999408721924,-3.25000286102295,-3.3500075340271,-4.89999055862427,-5.20000457763672,-6.69999122619629,-7.20001459121704,13.7999996542931,9.89999920129776,9.40000116825104,1.39999985694885,0.634998083114624,0.115001201629639,-1.49999856948852,-1.19999647140503,-2.30000019073486,-2.85000801086426,-2.85000801086426,-3.79999876022339,-3.79999876022339,-2.6900053024292,-3.34999561309814,10.7999920845032,3.06000113487244,3.1499981880188,7.80000686645508,-1.69999599456787,-0.51499605178833,-3.05001735687256,-4.69999313354492,4.79998588562012,0.119942578418808,0.257638394327753,0.147052671591846,0.0877276120706844,-0.166327995800763
2022-09-08,4.70000207424164,6.41500353813171,8.12000036239624,10.1999998092651,10.6599926948547,7.24999904632568,4.10000085830688,3.60000133514404,4.79998588562012,4.09998893737793,4.09998893737793,3.80001068115234,3.79998683929443,3.49998474121094,2.69999504089356,2.39999294281006,5.0000011920929,0,7.70000219345093,12.9999995231628,11.9199991226196,11.7950081825256,9.20000076293945,9.70000028610229,9.04999971389771,8.39999914169312,7.55000114440918,7.20000267028809,6.05000257492065,6.18499517440796,5.39999008178711,12.8000020980835,13.1649971008301,13.3999943733215,10.9499931335449,9.04999971389771,8.93499851226807,7.20000267028809,7.19997882843018,6.94999694824219,-0.22380435893723,1.66514248727108,-0.610581848238412,-0.00576647303321687,-0.233268883068316
2022-10-27,0.899994373321533,1.76000595092773,-0.429999828338623,-5.67998886108398,-14.9200201034546,-19.5000171661377,-17.7999973297119,-19.1499948501587,-18.9500093460083,-17.9499864578247,-16.8999910354614,-15.5999898910522,-14.7000074386597,-13.6000156402588,-10.699987411499,-9.69998836517334,-0.249999761581421,-6.2999963760376,0,-17.0999884605408,-17.6249980926514,-18.6300039291382,-19.9000000953674,-19.0999865531921,-18.4000015258789,-17.0499920845032,-15.8000111579895,-14.6499872207642,-13.0500078201294,-11.7350101470947,-8.89999866485596,-26.3000011444092,-10.9400033950806,-17.6500082015991,-25.9999990463257,-19.9000120162964,-19.6799993515015,-17.8999900817871,-16.7999982833862,-23.6999988555908,0.642207387971006,1.43355691221743,-0.304077369701154,-0.456371177249906,-0.698059628433434
2022-12-15,-4.20000553131104,-4.77499961853027,-2.85501480102539,5.76999187469482,15.5999898910522,18.4499979019165,16.9999837875366,17.2500133514404,17.7000045776367,16.2499904632568,14.6500110626221,13.949990272522,12.9999876022339,11.299991607666,9.59999561309814,8.50000381469727,-0.150001049041748,2.49999761581421,0.249981880187988,26.1499881744385,25.1699924468994,25.4400014877319,25.7499933242798,25.1000046730042,21.9500064849854,21.0000038146973,18.7000036239624,16.2499904632568,13.6499881744385,11.679995059967,9.3999981880188,26.0499954223633,25.2799987792969,19.9999809265137,26.6499996185303,24.1499900817871,24.9000072479248,19.0500020980835,17.6000118255615,24.649977684021,-2.17950296080822,-1.75299887663103,0.745770899140618,0.808035054322448,0.930044799932794
2023-02-02,0,1.44000053405762,0.294995307922363,-2.78499126434326,-6.2999963760376,-9.00001525878906,-10.1000070571899,-10.1999998092651,-10.5999946594238,-10.8000040054321,-10.3999853134155,-10.2499961853027,-10.1999998092651,-9.59999561309814,-8.89999866485596,-7.89999961853027,-1.74999237060547,0.250005722045898,-4.60000038146973,-10.6499910354614,-10.9050035476685,-11.49001121521,-12.1500015258789,-12.0499849319458,-11.7000102996826,-11.650013923645,-11.3999843597412,-10.6500148773193,-9.45000648498535,-8.60500335693359,-7.55000114440918,-16.100001335144,-10.1600170135498,-11.050009727478,-17.7000045776367,-13.700008392334,-13.6549949645996,-14.3500089645386,-12.8499984741211,-17.8500175476074,0.557844918201233,-1.23959259994342,-0.730798532572258,-0.5385966802918,-0.515174676930474
2023-03-16,8.99999141693115,19.4999933242798,14.1000032424927,14.9999856948853,11.1999988555908,4.94999885559082,2.70001888275146,2.39999294281006,1.79998874664307,1.30000114440918,0.900006294250488,0.799989700317383,0.0999927520751953,1.30000114440918,2.20000743865967,2.79998779296875,15.149998664856,6.59999847412109,9.20000076293945,3.84998321533203,1.45499706268311,-0.900006294250488,-0.999999046325684,-1.15001201629639,-0.550007820129395,-1.04999542236328,-1.10001564025879,-1.24998092651367,-0.699996948242188,-0.79500675201416,0.0499963760375977,-4.02500629425049,-3.08001041412354,1.24998092651367,-6.10001087188721,-2.45001316070557,-2.2050142288208,-6.10001087188721,-2.34999656677246,-4.60000038146973,1.14873149172947,1.16239395412912,0.0849606058979498,-0.142481842420292,0.334842476005637
2023-05-04,-3.50000858306885,-4.44998741149902,-5.59999942779541,-6.36999607086182,-6.7000150680542,-6.85000419616699,-5.90000152587891,-6.0499906539917,-5.9499979019165,-5.25000095367432,-4.79998588562012,-3.75001430511475,-3.69999408721924,-1.99999809265137,-1.49998664855957,-0.699996948242188,-0.699996948242188,-0.699996948242188,-6.90000057220459,-6.59999847412109,-6.69500827789307,-6.4000129699707,-5.70001602172852,-5.55000305175781,-4.29999828338623,-3.90000343322754,-2.49998569488525,-2.79998779296875,-1.90000534057617,-1.72500610351562,-1.14998817443848,-6.27000331878662,-6.52499198913574,-6.64999485015869,-4.60000038146973,-4.94999885559082,-4.13000583648682,-2.40001678466797,-2.69999504089356,-1.95002555847168,0.506972788081228,0.580816601270584,-0.470666082182281,-0.387108317189369,-0.61992592943021
2023-06-15,0.300002098083496,0.250005722045898,0.950002670288086,1.99000835418701,1.37498378753662,-0.83000659942627,-1.59997940063477,-2.09999084472656,-2.34999656677246,-2.74999141693115,-2.85000801086426,-3.54998111724854,-4.05001640319824,-4.49998378753662,-4.20000553131104,-4.29999828338623,0.999999046325684,1.49998664855957,2.20000743865967,-1.54998302459717,-2.12500095367432,-2.95000076293945,-3.29999923706055,-3.90000343322754,-3.90000343322754,-4.25000190734863,-4.64999675750732,-4.94999885559082,-5.10001182556152,-5.32500743865967,-5.6999921798706,-1.69999599456787,-2.41999626159668,-2.79998779296875,-3.29999923706055,-3.65002155303955,-3.35500240325928,-6.3499927520752,-5.34999370574951,-5.9999942779541,0.141153566107022,-0.192120089039083,0.75514212186823,0.151846890736146,0.18308357274579
2023-07-27,0,-0.0900030136108398,-1.13499164581299,-2.09500789642334,-3.60000133514404,-4.70001697540283,-4.80000972747803,-4.55000400543213,-4.69999313354492,-4.29999828338623,-3.74999046325684,-3.39999198913574,-3.39999198913574,-3.50000858306885,-2.60000228881836,-2.10001468658447,0.349998474121094,-2.39999294281006,-1.99999809265137,-4.64999675750732,-4.77499961853027,-4.69999313354492,-4.60000038146973,-4.50000762939453,-4.24997806549072,-3.74999046325684,-3.44998836517334,-3.40001583099365,-2.99999713897705,-2.67500877380371,-2.25000381469727,-6.99999332427979,-4.96499538421631,-6.4500093460083,-7.85000324249268,-5.85000514984131,-4.544997215271,-5.09998798370361,-3.94999980926514,-6.25,0.577906619533231,-0.758381587860768,-1.14709847010922,-0.291409185621355,-0.710485507451519
2023-09-14,5.7999849319458,7.57999420166016,6.22000694274902,4.88500595092773,2.74500846862793,-0.300002098083496,-1.60000324249268,-2.34999656677246,-2.39999294281006,-2.80001163482666,-2.69999504089356,-2.45001316070557,-2.74999141693115,-2.79998779296875,-1.99999809265137,-1.50001049041748,6.39998912811279,5.80000877380371,1.64999961853027,0.750017166137695,0.0249862670898438,-0.84998607635498,-2.60000228881836,-2.60000228881836,-2.60000228881836,-2.34999656677246,-2.39999294281006,-2.40001678466797,-1.74999237060547,-1.39999389648438,-0.84998607635498,-5.15000820159912,0,-2.30000019073486,-7.49998092651367,-3.99999618530273,-3.7100076675415,-5.15000820159912,-3.20000648498535,-7.29999542236328,1.02057828153406,1.5685559599663,-0.626367656807433,-0.168747201448086,-0.628158197646389
2023-10-26,-0.0999927520751953,-0.725007057189941,-0.990009307861328,-1.45998001098633,-3.29501628875732,-5.83500862121582,-6.8000078201294,-6.25,-6.5000057220459,-6.1499834060669,-5.9999942779541,-5.55000305175781,-5.44998645782471,-5.50000667572021,-4.49998378753662,-3.99999618530273,0.399994850158691,-1.49998664855957,-1.20000839233398,-5.90000152587891,-5.85501194000244,-6.64999485015869,-6.5500020980835,-6.49998188018799,-6.39998912811279,-5.9499979019165,-5.75001239776611,-5.59999942779541,-4.64999675750732,-3.69000434875488,-2.34999656677246,-8.59999656677246,-5.37998676300049,-6.4000129699707,-9.40003395080566,-6.8000078201294,-7.12502002716065,-6.64999485015869,-6.10001087188721,-9.45000648498535,0.472046352170885,1.38845321013008,0.0758882171711613,-0.189451015030037,-0.0378640993450752
2023-12-14,0.200009346008301,0.125002861022949,1.0200023651123,2.80001163482666,5.03501892089844,4.79497909545898,4.19998168945312,4.64999675750732,4.80000972747803,4.45001125335693,4.34999465942383,4.24997806549072,4.39996719360352,4.39996719360352,4.19998168945312,4.20000553131104,1.50003433227539,2.09999084472656,1.49998664855957,5.6999921798706,5.44500350952148,5.09998798370361,5.29999732971191,5.20000457763672,5.04999160766602,4.80002164840698,4.85000610351562,4.79998588562012,4.39999103546143,4.48000431060791,4.29999828338623,3.09998989105225,5.46000003814697,4.60000038146973,2.75001525878906,4.00002002716065,4.74498271942139,2.95000076293945,3.69997024536133,1.20000839233398,-0.595502921817341,-0.701278024922739,0.638918696393751,0.360155777553819,0.576596031481487
2024-01-25,0,-0.0949859619140625,-1.1350154876709,-4.13498878479004,-7.52999782562256,-9.20498371124268,-9.29999351501465,-8.59999656677246,-7.89999961853027,-7.20000267028809,-6.85000419616699,-6.5500020980835,-6.25,-5.90000152587891,-4.90002632141113,-4.09998893737793,-1.09999179840088,-3.60002517700195,-7.0000171661377,-9.75000858306885,-9.72001552581787,-8.99999141693115,-8.24999809265137,-8.24999809265137,-7.39998817443848,-7.29999542236328,-6.94999694824219,-6.54997825622559,-5.55000305175781,-4.78999614715576,-3.85003089904785,-11.1000061035156,-9.40499305725098,-8.70001316070557,-11.2499952316284,-9.00001525878906,-8.71500968933105,-7.99999237060547,-7.39998817443848,-10.099983215332,0.731065661251547,0.310158042702801,-0.26669304891783,-0.23405209758133,-0.548572032417994
2024-03-07,0.499987602233887,0.270009040832519,0.770020484924316,-0.680017471313477,-1.88999176025391,-2.60999202728271,-2.30000019073486,-1.79998874664307,-1.15001201629639,-0.84998607635498,-0.750017166137695,-0.349998474121094,-0.0999927520751953,0,0.499987602233887,0.899982452392578,-0.349998474121094,-0.300002098083496,-0.999999046325684,-1.46999359130859,-2.40001678466797,-1.10001564025879,-0.699996948242188,-0.300002098083496,0.0499963760375977,0.399994850158691,0.799989700317383,0.800013542175293,1.25002861022949,1.47998332977295,1.99999809265137,-2.85000801086426,-1.99999809265137,-1.94997787475586,-2.09999084472656,-0.6500244140625,-1.11498832702637,0.200009346008301,0.500011444091797,0.0499963760375977,0.716913395545352,0.330479329686699,0.197147272149911,0.0584992409271069,0.399674767888831
2024-04-11,0.399994850158691,0.319981575012207,0.344991683959961,0,-0.674986839294434,-1.0699987411499,-1.20000839233398,-0.550007820129395,-0.249981880187988,-0.100016593933105,0,0.349998474121094,0.349998474121094,0.399971008300781,0.699996948242188,1.30000114440918,0.199985504150391,0.299978256225586,-0.500011444091797,-1.10001564025879,-1.20000839233398,-0.699996948242188,-0.549983978271484,-0.300002098083496,-0.200009346008301,-0.0499725341796875,0.0499725341796875,0.0499963760375977,0.900006294250488,1.35498046875,1.70001983642578,-0.600004196166992,0,-1.39999389648438,-1.10001564025879,-0.699996948242188,0,0.150012969970703,0,0.0999927520751953,0.224505349778961,-0.20243936837224,0.0232858204404535,-0.0116916940819604,0.100435723710035
2024-06-06,0.0999927520751953,-0.0550270080566406,0.434994697570801,1.99000835418701,3.07497978210449,3.29499244689941,3.20000648498535,3.50000858306885,3.34999561309814,3.19998264312744,2.95000076293945,2.95000076293945,2.90000438690186,2.60000228881836,2.09999084472656,1.79998874664307,4.19998168945312,-0.0500202178955078,3.19998264312744,3.99999618530273,3.64999771118164,3.80001068115234,3.69999408721924,3.50000858306885,3.29999923706055,3.14998626708984,2.94997692108154,2.85000801086426,2.09999084472656,1.99000835418701,1.59997940063477,4.75001335144043,3.77998352050781,3.44998836517334,6.1500072479248,4.14998531341553,3.72500419616699,3.29999923706055,2.83999443054199,4.90000247955322,-0.204191333338651,1.03756891529896,0.197663839645899,0.0763592107242647,0.182485736347771
2024-07-18,0.199985504150391,0.215029716491699,-0.0999927520751953,-0.479984283447266,-1.67999267578125,-3.66499423980713,-3.89997959136963,-3.75001430511475,-3.65002155303955,-3.39999198913574,-3.60002517700195,-3.39999198913574,-3.15001010894775,-3.39999198913574,-3.00002098083496,-2.89998054504394,0.0999927520751953,-0.999999046325684,-1.75001621246338,-4.14998531341553,-3.94997596740723,-4.55000400543213,-4.39999103546143,-4.24997806549072,-4.10001277923584,-3.90000343322754,-3.75001430511475,-3.65002155303955,-3.29999923706055,-3.12001705169678,-2.70001888275146,-3.20000648498535,-3.94999980926514,-3.54998111724854,-3.19998264312744,-4.19998168945312,-4.40499782562256,-3.20000648498535,-3.60002517700195,-3.19998264312744,0.107337736831363,0.137748458580128,-0.174023664029745,-0.106974536803702,-0.0614252004185359
2024-09-12,0,0.0299930572509766,1.48501396179199,1.99999809265137,1.29499435424805,0.785017013549805,0.399971008300781,0.350022315979004,0.524997711181641,0.725007057189941,0.65000057220459,0.699996948242188,0.950002670288086,0.799989700317383,0.799989700317383,0.500011444091797,1.39999389648438,0.350022315979004,-0.300002098083496,0.449991226196289,-0.200009346008301,0.499999523162842,0.75000524520874,0.599992275238037,0.549983978271484,0.65000057220459,0.550007820129395,0.500011444091797,0.499987602233887,0.294995307922363,-0.0499963760375977,1.29997730255127,0.594997406005859,0.600004196166992,0.499987602233887,0.500011444091797,0.284981727600098,0.549983978271484,-0.799989700317383,1.00002288818359,-0.762169502597724,-0.930898533894802,0.190475424244885,0.0591778667647242,-0.143414210019593
2024-10-17,-0.399971008300781,-0.690007209777832,-1.80997848510742,-3.49998474121094,-4.20002937316895,-3.29999923706055,-2.60000228881836,-1.70001983642578,-1.19998455047607,-0.950002670288086,-0.699996948242188,-0.600004196166992,-0.449991226196289,-0.100016593933105,0.199985504150391,0.300025939941406,-6.4000129699707,-2.30000019073486,-3.49998474121094,-2.60000228881836,-2.40000486373901,-1.44999027252197,-0.300002098083496,-0.349998474121094,-0.149989128112793,0.250005722045898,0.550007820129395,0.699996948242188,0.950002670288086,1.10998153686523,1.34999752044678,-2.80001163482666,-2.77998447418213,-2.40001678466797,-1.79998874664307,-1.44999027252197,-1.31998062133789,-0.799989700317383,-0.0499963760375977,-0.65000057220459,0.133201681058944,0.441448061899338,-0.295004072381089,-0.155872611407061,-0.110870487459116
2024-12-12,-7.25002288818359,1.19996070861816,2.00002193450928,2.39999294281006,2.89998054504394,3.29999923706055,3.1999945640564,3.00000905990601,3.24999094009399,3.19998264312744,3.09998989105225,3.04999351501465,3.10001373291016,3.10001373291016,3.10001373291016,3.09996604919434,2.10001468658447,-0.0999927520751953,0.700020790100098,3.1999945640564,3.25000286102295,3.34999561309814,3.55000495910644,3.60000133514404,3.44998836517334,3.45001220703125,3.45001220703125,3.40001583099365,3.14998626708984,3.09500694274902,2.74999141693115,2.14996337890625,3.20000648498535,2.60000228881836,4.79998588562012,3.65002155303955,4.69999313354492,-1.85000896453857,4.69999313354492,5.50000667572021,0.24528234871592,-0.231143270964588,0.233282428484079,0.19995704741485,0.209533149078097
2025-01-30,8.45000743865967,0,-0.699996948242188,-1.79998874664307,-2.90000438690186,-3.34997177124023,-3.04999351501465,-2.75001525878906,-2.39999294281006,-2.30000019073486,-2.15001106262207,-2.00002193450928,-1.94997787475586,-1.90000534057617,-1.70001983642578,-1.90000534057617,-0.500011444091797,-1.60000324249268,-3.60000133514404,-3.20000648498535,-2.95000076293945,-2.45001316070557,-2.04997062683106,-1.99999809265137,-1.99999809265137,-1.69997215270996,-1.69997215270996,-1.64999961853027,-1.50003433227539,-1.46999359130859,-1.40001773834228,-3.40001583099365,-3.10001373291016,-2.74999141693115,-2.60000228881836,-2.30002403259277,-2.09999084472656,-1.74999237060547,-1.69999599456787,-1.90000534057617,0.0115749391483512,0.135627424524534,0.273578758105866,0.0239002732144602,0.177553060402335
2025-03-06,-0.0999927520751953,-0.199985504150391,1.40001773834228,2.49998569488525,4.00002002716065,5.75001239776611,6.3499927520752,5.8499813079834,5.9499979019165,5.15003204345703,4.60000038146973,4.10001277923584,3.49998474121094,3.09998989105225,1.30000114440918,0.700020790100098,-2.75001525878906,2.50000953674316,4.30002212524414,6.2999963760376,6.94999694824219,6.94999694824219,7.34999179840088,6.74998760223389,6.2999963760376,5.59999942779541,4.94999885559082,4.15000915527344,2.85000801086426,2.14500427246094,0.65000057220459,5.9999942779541,6.90000057220459,5.8499813079834,6.39998912811279,6.7500114440918,7.19997882843018,4.89997863769531,4.44998741149902,5.09998798370361,0.440792765625491,0.929607734814922,0.351302425471269,0.250326858540326,0.335073936139749
2025-04-17,-9.15000438690186,-0.699996948242188,-2.50000953674316,-5.6999921798706,-9.3999981880188,-10.5999946594238,-8.89999866485596,-8.09998512268066,-7.04998970031738,-6.25,-5.7999849319458,-5.59999942779541,-5.39999008178711,-4.90002632141113,-4.09998893737793,-3.60002517700195,-1.30000114440918,-4.09998893737793,-7.59999752044678,-11.1500024795532,-9.34998989105225,-8.30000638961792,-7.70001411437988,-7.20000267028809,-6.5000057220459,-5.95002174377441,-5.70001602172852,-5.4999828338623,-4.55000400543213,-3.64999771118164,-3.09998989105225,-9.70001220703125,-10.450005531311,-9.54999923706055,-8.94999504089355,-8.30001831054688,-8.85000228881836,-7.0000171661377,-6.59999847412109,-7.29999542236328,0.126644753606389,-0.764373033999586,0.0308104030362222,-0.180691771539524,-0.28136484621431
2025-06-05,-0.199985504150391,-2.50000953674316,0.900006294250488,2.79999971389771,4.50000762939453,6.00000619888306,5.9999942779541,6.4000129699707,6.59999847412109,6.39998912811279,6.10001087188721,5.90000152587891,5.35001754760742,5.09998798370361,4.50000762939453,4.60000038146973,0.600004196166992,3.70000600814819,3.25000286102295,7.00000524520874,6.99999332427979,7.29999542236328,7.4000358581543,7.0000171661377,6.74998760223389,6.5000057220459,6.2999963760376,6.2000036239624,5.34999370574951,4.69498634338379,4.34999465942383,5.90000152587891,7.00497627258301,6.19999170303345,6.7000150680542,6.30002021789551,6.94501399993896,5.90000152587891,5.90000152587891,6.5500020980835,-0.469747482986933,0.807949314908017,0.462755207864921,0.213543031635015,0.295818251799011
2025-07-24,8.64999294281006,0.200009346008301,1.30000114440918,2.30000019073486,3.39999198913574,4.10000085830688,4.29999828338623,3.90000343322754,3.39999198913574,2.99999713897705,2.60000228881836,2.00002193450928,1.79998874664307,1.39999389648438,0.700020790100098,0.199985504150391,0.399994850158691,2.20000743865967,3.10001373291016,4.00000810623169,3.99999618530273,3.90000343322754,4.40001487731934,3.45001220703125,3.14998626708984,2.85000801086426,2.60000228881836,2.60000228881836,1.75004005432129,1.44000053405762,0.799989700317383,4.29999828338623,4.17001247406006,3.45000028610229,3.94999980926514,3.14998626708984,3.85000705718994,2.75001525878906,2.44998931884766,3.25002670288086,-0.391524020930951,-0.0992656286553439,0.169979148906582,0.149732497038493,0.182750543148264
2025-09-11,-0.0499963760375977,-0.500011444091797,-0.320005416870117,-1.15000009536743,-2.52000093460083,-3.12999486923218,-3.43000888824463,1.01001262664795,1.11000537872314,-3.53999137878418,0.850009918212891,0.829982757568359,-3.22999954223633,-3.13000679016113,-2.45001316070557,-2.25000381469727,0.279998779296875,0.940001010894775,0.600004196166992,1.41500234603882,1.60002708435059,1.49500370025635,1.40502452850342,1.20499134063721,0.889968872070312,0.829982757568359,0.594997406005859,0.459980964660644,0.284981727600098,0.320005416870117,0.209999084472656,1.28498077392578,1.66497230529785,0.250005722045898,0.985002517700195,1.09999179840088,1.23000144958496,0.499963760375977,0.335001945495606,0.18000602722168,0.27220348376438,0.55130384978064,0.456786950107872,0.132861859654938,0.0404753900465841
2025-10-30,0,0,0.499987602233887,-0.0499963760375977,-0.179994106292725,-0.849997997283936,-1.17001533508301,-1.41997337341309,-1.62999629974365,-1.64999961853027,-1.60999298095703,-1.74000263214111,-1.74999237060547,-1.73001289367676,-1.79996490478516,-1.84998512268066,-5.59999942779541,-2.13999748229981,0,-0.894999504089355,-1.35498046875,-1.44000053405762,-1.68502330780029,-1.71499252319336,-1.64999961853027,-1.62498950958252,-1.54500007629395,-1.55999660491943,-1.62501335144043,-1.67000293731689,-1.66501998901367,-1.08499526977539,-0.800013542175293,-0.749993324279785,-2.28497982025146,-1.55000686645508,-1.49500370025635,-1.55000686645508,-1.50997638702393,-1.88999176025391,0.353198275897626,0.440474121414638,0.142687232609909,-0.0170555512319384,0.159735303414201
