"date","dY_prod","dY_inc","dY","dhours","dLP","dk","dLQ_BLS_interpolated","dLQ_Aaronson_Sullivan","dLQ","alpha","dtfp","dutil","dtfp_util","relativePrice","invShare","dtfp_I","dtfp_C","du_invest","du_consumption","dtfp_I_util","dtfp_C_util"
1947-01-01,,,,,,,,,,0.32563962884158,,,,,0.189803129732458,,,,,,
1947-04-01,1.25052206896434,1.75431302978417,1.50241754937426,-0.506174166943829,2.00859171631809,4.88812036955304,0.591086632723048,,0.591086632723048,0.325885611396273,-0.147791260789701,1.18034254738472,-1.32813380817442,-4.48372589890286,0.191658391261172,-3.77217346705279,0.711552431850072,0.445340068432344,1.3546121769152,-4.21751353548513,-0.643059745065124
1947-07-01,-0.958383707603794,0.744940460299937,-0.106721623651929,3.09233749103939,-3.19905911469132,3.9043911229481,0.571497406898658,,0.571497406898658,0.326165508175583,-3.84901766496518,-5.43442029581328,1.5854026308481,5.95696947541284,0.188075618031992,0.987591094761678,-4.96937838065116,-9.29125923790308,-4.54101521549636,10.2788503326648,-0.428363165154801
1947-10-01,8.25793160331507,5.44438310283226,6.85115735307367,3.02839034746096,3.8227670056127,3.18900069967547,0.551990803193547,,0.551990803193547,0.326479319179503,3.39855382559496,5.14217630492237,-1.74362247932741,5.19425445255532,0.192236598890943,7.59428246841691,2.40002801586159,13.1611350704354,3.23377421885062,-5.56685260201846,-0.833746202989031
1948-01-01,7.20886171151491,12.8361443608323,10.0225030361736,-1.97594990142207,11.9984529375957,3.694632241418,0.532563741472813,,0.532563741472813,0.326827044408022,9.78664582788999,-2.30845642118803,12.095102249078,4.59290776665462,0.193330328977017,13.4916052250562,8.89869745840156,-6.26949483366146,-1.3591349245673,19.7611000587176,10.2578323829689
1948-04-01,8.22314078095943,11.2288343973852,9.72598758917229,0.177831669090445,9.54815592008185,4.01248494923071,0.386277678806124,,0.386277678806124,0.326652323495508,8.03545833881471,-0.598800238067557,8.63425857688226,-4.14434731085345,0.187472623740692,4.66806269201963,8.81241000287308,-7.82619811031713,1.06876110388544,12.4942608023368,7.74364889898764
1948-07-01,1.64803058318963,-0.617242321265188,0.515394130962221,3.62823400085492,-3.1128398698927,4.36081834453076,0.240414522982491,,0.240414522982491,0.325955156441964,-3.51367968377531,-4.87854628963483,1.36486660585953,-8.89341828064392,0.190496575342466,-10.7129322388685,-1.81951395822456,-0.383107806957056,-5.93643636091543,-10.3298244319114,4.11692240269087
1948-10-01,-0.27420066686048,1.43360081228217,0.579700072710843,-2.55484117513447,3.13454124784531,4.66323889986012,0.0948140983631163,,0.0948140983631163,0.324735543247399,0.726549502865064,-2.12990344524174,2.85645294810681,-4.88178567098979,0.192735042735043,-3.21434499820319,1.6674406727866,0.583322925447727,-2.77768803665569,-3.79766792365092,4.44512870944229
1949-01-01,-6.87696021614919,-9.64998176820409,-8.26347099217664,-5.65750444332753,-2.6059665488491,4.77183963698893,-0.0506828122677661,,-0.0506828122677661,0.32299348391181,-5.94026413410658,-4.11433548025803,-1.82592865384855,-2.35018419343359,0.189723320158103,-7.84456357937886,-5.49437938594526,-8.43992524608475,-3.10151446191812,0.595361666705896,-2.39286492402715
1949-04-01,-2.03827188310921,-1.88351714528547,-1.96089451419734,-3.61309732013328,1.65220280593594,3.34886250556792,0.236969389726838,,0.236969389726838,0.323202442468421,-0.758299918274578,-6.97898454614222,6.22068462786764,-2.83684852657857,0.198838248436104,-3.03107445274972,-0.194225926171154,-12.6157218881058,-5.5800173865361,9.58464743535605,5.38579146036494
1949-07-01,4.81909547756079,2.68458893205672,3.75184220480875,-6.62051957944847,10.3723617842572,2.38875059442283,0.524110910215825,,0.524110910215825,0.325362418917249,7.08749893112035,3.43219217111738,3.65530676000297,0.198697470059451,0.19751442521083,7.24695078459016,7.04825331453071,11.4912008326491,1.4486419198001,-4.24425004805897,5.59961139473061
1949-10-01,-4.21852482272467,-7.17596364052948,-5.69724423162707,-5.1572231894756,-0.540021042151473,2.16688272430083,0.810125446407994,,0.810125446407994,0.329473413258294,-3.4963298670412,-3.60567259493203,0.109342727890831,0.595105865507129,0.203687050359712,-3.02243935993098,-3.61754522543811,-13.4595792116942,-1.08516457833506,10.4371398517632,-2.53238064710306
1950-01-01,18.833442360607,19.2883634020594,19.0609028813332,1.27226570362851,17.7886371777047,1.5114715470097,1.09440474884082,,1.09440474884082,0.335535425491539,16.9811819574872,8.74405977001928,8.23712218746793,-1.36763578758209,0.200343938091144,15.8875437094637,17.2551794970458,22.5408058461023,5.28745564558127,-6.65326213663862,11.9677238514645
1950-04-01,13.3251824381706,18.3866121863485,15.8558973122595,8.81917574573627,7.03672156652324,2.35244718479024,0.842326500421464,,0.842326500421464,0.339588469444165,8.6764658874747,9.18526490382498,-0.508799016350286,-2.7628449384029,0.203228476821192,6.47510971759656,9.23795465599946,21.4151475644129,6.06585067715035,-14.9400378468163,3.17210397884911
1950-07-01,16.4542972692994,16.349480280225,16.4018887747622,10.1743371069654,6.22755166779676,3.15374418732071,0.591832495082656,,0.591832495082656,0.341632545116186,8.23637144165455,8.25829760751006,-0.0219261658555112,2.6014975243872,0.229215229215229,10.2415661146865,7.64006859029928,10.2537846747837,7.66488159456073,-0.0122185600972493,-0.0248130042614445
1950-10-01,4.40436072807522,4.2842276323487,4.34429418021196,2.45550187933006,1.8887923008819,3.99134272412149,0.342446956789999,,0.342446956789999,0.341667652507575,1.13860125586156,0.402739270494084,0.73586198536748,-1.12542098988414,0.207440811724915,0.246638509651246,1.37205949953539,-3.50990624161787,1.42681718547076,3.75654475126912,-0.054757685935366
1951-01-01,3.87082921308632,0.0110950725769499,1.94096214283164,4.12815194025828,-2.18718979742665,4.73658254139013,0.0937010546579131,,0.0937010546579131,0.339693791618314,-2.45574128338427,0.469453364467806,-2.92519464785207,-0.143774048675908,0.205745062836625,-2.56993453138107,-2.42616048270517,-2.52824599023557,1.24598217560932,-0.0416885411455046,-3.67214265831449
1951-04-01,3.83372964458601,3.78688093992814,3.81030529225708,2.06796605955688,1.7423392327002,3.97257404890052,0.115846526426822,,0.115846526426822,0.336843925238073,1.02395927378988,2.95870206838213,-1.93474279459226,-0.216177350079427,0.18556338028169,0.847896523531528,1.06407387361095,1.41839916908192,3.309648729831,-0.570502645550387,-2.24557485622004
1951-07-01,6.4443281090794,5.11839039661002,5.78135925284471,-4.68204191028718,10.4634011631319,4.30549754665369,0.137972756292726,,0.137972756292726,0.333118053366886,7.37747797437884,-3.70053943039034,11.0780174047692,0.457875833688914,0.182952182952183,7.75158442477332,7.2937085910844,-5.98195855991673,-3.18968730978392,13.73354298469,10.4833959008683
1951-10-01,0.23669640151347,3.49460744911454,1.865651925314,1.37292599663077,0.492725928683235,3.77996566221304,0.160076086100247,,0.160076086100247,0.328516176004687,-0.405514040170249,0.651220597458214,-1.05673463762846,0.854831868990786,0.182036338704148,0.29370736518183,-0.561124503808956,0.23281788790739,0.744335366432014,0.0608894772744396,-1.30545987024097
1952-01-01,3.7012377135472,1.65134346906015,2.67629059130368,1.83648846354636,0.839802127757316,3.09879204888847,0.182152870323193,,0.182152870323193,0.323038293151525,0.308719214108014,5.26587200419503,-4.95715279008702,-3.15900153899824,0.183770883054893,-2.26974982249676,0.889251716501486,5.35201573935677,5.24647706967031,-7.62176556185353,-4.35722535316882
1952-04-01,-0.838188144601126,0.947738389529995,0.0547751224644344,-4.12999483188976,4.18476995435419,3.19096767445033,0.350786040538154,,0.350786040538154,0.318367981711658,1.61490290022458,-6.14731639693081,7.76221929715538,3.85934089888618,0.18681693989071,4.75325354238578,0.893912643499599,-11.558439190567,-4.90418990885059,16.3116927329528,5.79810255235019
1952-07-01,2.27577588448256,3.27802148214325,2.7768986833129,1.32816059937895,1.44873808393395,2.72038174944142,0.518975961479384,,0.518975961479384,0.314505241685078,0.655121933368915,3.88610846732341,-3.23098653395449,0.845368551300328,0.168905305574211,1.35770325118903,0.512334699888706,0.261565777153455,4.62273269890138,1.09613747403558,-4.11039799901268
1952-10-01,15.9949358406356,15.0460058045331,15.5204708225844,9.56579335559091,5.95467746699345,2.4194336970332,0.686511771105103,,0.686511771105103,0.311450073071818,7.70771407501899,7.49992535715285,0.207788717866136,7.48739493809622,0.183548387096774,13.8208097486711,6.33341481057488,20.8604378863289,4.49631744363994,-7.03962813765783,1.83709736693494
1953-01-01,8.40800340257388,7.96022545365247,8.18411442811318,1.99156332608315,6.19255110203003,3.11080677551306,0.85318534594947,,0.85318534594947,0.309202475871853,5.25709993175864,-3.84355506878628,9.10065500054492,-3.27232576512141,0.189496994621955,2.60487006455172,5.87719582967314,-3.88526463631334,-3.8338033002661,6.49013470086506,9.71099912993923
1953-04-01,2.7534526747564,2.27538234675233,2.51441751075436,-0.496961995864176,3.01137950661854,3.40452248138606,0.855976725361174,,0.855976725361174,0.307488039134428,1.2189455744603,-3.30013593974526,4.51908151420556,-0.606774448032369,0.188323917137476,0.726441267300314,1.33321571533268,-2.83949563592028,-3.40701304040071,3.5659369032206,4.74022875573339
1953-07-01,-3.66500860735055,-4.06306335472788,-3.86403598103922,-3.48829211648063,-0.375743864558586,3.35338833956314,0.85874633481815,,0.85874633481815,0.306306762859544,-3.06710338245127,-8.28498678368024,5.21788340122897,3.24542917631142,0.190296156269691,-0.439266903837416,-3.68469608014884,-9.84692106063387,-7.91790184076973,9.40765415679645,4.23320576062089
1953-10-01,-7.59265142282253,-10.1532515235622,-8.87295147319236,-6.59878843477593,-2.27416303841643,3.37763400066402,0.861494218492709,,0.861494218492709,0.305658647047158,-5.9217138836332,-8.07046657773872,2.14875269410552,0.834920939840283,0.189024390243902,-5.24461336534809,-6.07953430518837,-12.8360171976391,-6.95969914001757,7.59140383229103,0.880164834829197
1954-01-01,-2.509458886224,0.990480713651642,-0.75948908628618,-2.56603296141602,1.80654387512984,2.83734755097088,0.8642204216045,,0.8642204216045,0.305543691697336,-0.44458827781753,-5.78800568961459,5.34341741179706,-3.29678671031857,0.184541062801932,-3.13298246478262,0.163804245535944,-7.21428272846214,-5.46523446399862,4.08130026367951,5.62903870953456
1954-04-01,-0.0645525701392202,0.317911509544011,0.126679469702395,-5.48269027542219,5.60936974512458,2.43752253816046,0.656426607745431,,0.656426607745431,0.307732163857268,2.71764249046029,-0.410173867833839,3.12781635829413,4.29368802440737,0.186894770819884,6.20886267557397,1.9151746511666,-0.628637582082507,-0.359959302311815,6.83750025765647,2.27513395347841
1954-07-01,4.71707363753335,3.59764208253939,4.15735786003637,-1.51509161712831,5.67244947716468,2.1098857141521,0.449651789585559,,0.449651789585559,0.312224063526981,4.23138464393014,0.405582381228878,3.82580226270126,5.71338889441697,0.185586734693878,8.884444349396,3.17105545497903,0.855482268496053,0.303060167294072,8.02896208089995,2.86799528768496
1954-10-01,8.55293148009686,9.28094334338141,8.91693741173913,2.79761229863471,6.11932511310442,2.31774920056953,0.243572733727504,,0.243572733727504,0.319019390706436,6.10654243765063,4.17517474608609,1.93136769156454,1.13214210977281,0.187655860349127,7.02623144577654,5.89408933600373,9.18123335948988,3.01874831275183,-2.15500191371334,2.8753410232519
1955-01-01,13.4179983173926,12.9502752051664,13.1841367612795,7.29176402606662,5.89237273521288,2.43658064934276,0.0378698049935622,,0.0378698049935622,0.328118145395692,7.46000246552692,9.01456653370529,-1.55456406817837,0.919671789465834,0.190761847630474,8.20423596522063,7.2845641757548,17.32809363905,7.05481737173375,-9.12385767382936,0.229746804021053
1955-04-01,7.83400731416801,9.69389198659574,8.76394965038187,4.22706379757205,4.53688585280982,2.87152977449112,0.0597905862118608,,0.0597905862118608,0.333186145658295,4.94866181802356,3.66966564372931,1.27899617429425,-1.24714268847509,0.199882422104644,3.95080103083097,5.19794371930606,3.2988604537898,3.76229882857827,0.651940577041172,1.43564489072779
1955-07-01,5.46986909099889,5.40130204218965,5.43558556659427,6.0253754846217,-0.589789918027428,3.41210922215892,0.0817015386367359,,0.0817015386367359,0.334223391494342,0.229229821787363,-1.34212037258244,1.5713501943698,-2.36376241920016,0.206618705035971,-1.64613506734497,0.717627351855195,-2.36062779468123,-1.07687252018239,0.714492727336265,1.79449987203759
1955-10-01,1.83586815551227,2.66761227875723,2.25174021713475,4.44294744820422,-2.19120723106947,3.67933469647401,0.103599065964133,,0.103599065964133,0.33122988290374,-2.00755982820597,3.66875691848351,-5.67631674668948,-1.56610162656482,0.204990076552311,-3.25262616245256,-1.68652453588775,1.81514446784173,4.14670335279664,-5.06777063029429,-5.83322788868438
1956-01-01,-2.47895511075118,-0.0989555944874709,-1.28895535261933,-0.983065661286986,-0.305889691332339,3.93669464428773,0.125479579187981,,0.125479579187981,0.324205619886563,-1.98570202532873,-4.02238832078226,2.03668629545353,0.0493927100628873,0.19774011299435,-1.94607623533478,-1.99546894539766,-12.7821807434454,-1.86328455463288,10.8361045081107,-0.132184390764781
1956-04-01,3.43724806610251,4.42609577864861,3.93167192237556,1.08277325012587,2.84889867224969,3.59307999113289,0.214713541839728,,0.214713541839728,0.319125482447781,1.90160284322185,-4.60776050138152,6.50936334460337,0.38906524409653,0.19771332961517,2.21374470247052,1.82467945837399,-7.60209259217382,-3.86984550229506,9.81583729464434,5.69452496066905
1956-07-01,-1.71493195870198,-0.744054424391294,-1.22949319154664,-1.65991285448772,0.430419662941084,3.54310949302105,0.303803876243336,,0.303803876243336,0.315989470587387,-1.42148566432936,0.703676580551469,-2.12516224488083,-3.00237596003805,0.198342541436464,-3.82836274610572,-0.825986786067673,5.15771454168908,-0.398321784747224,-8.9860772877948,-0.427665001320449
1956-10-01,7.18815576409675,7.66558234412003,7.42686905410839,-1.00235219574571,8.4292212498541,3.5095924648309,0.392691294339897,,0.392691294339897,0.31479758430538,6.73979894668108,3.88808320995626,2.85171573672482,-3.90788204545249,0.200703272923992,3.61624161795181,7.5241236634043,9.42780043498563,2.49706115209778,-5.81155881703383,5.02706251130652
1957-01-01,2.45294550794846,0.488703482391273,1.47082449516986,-0.177601037636599,1.64842553280646,3.44059845240539,0.481316958853739,,0.481316958853739,0.315549823601785,0.17726584457675,-3.66335722215803,3.84062306673478,-0.424506372837352,0.202226345083488,-0.161394156017056,0.263112216820296,-6.46774983729162,-2.95247630343812,6.30635568127456,3.21558852025842
1957-04-01,-2.10976968079297,-1.47847959583114,-1.79412463831206,-2.16844674332251,0.374322105010449,3.36425923746466,0.479906320753187,,0.479906320753187,0.315413252613527,-1.69930419131858,-7.58819471459722,5.88889052327865,-0.905181761794346,0.200688377018798,-2.4228264944314,-1.51764473263705,-15.1518163537793,-5.68914694960882,12.7289898593479,4.17150221697177
1957-07-01,3.75562898357131,1.01751890467163,2.38657394412147,-0.357371787517913,2.74394573163939,3.28685269436336,0.478500061321085,,0.478500061321085,0.314387871340622,1.27018030848736,-3.14764467389642,4.41782498238378,2.1915288941659,0.200312989045383,3.02271749928356,0.831188605117667,-3.37476277006362,-3.09075403532616,6.39748026934718,3.92194264044383
1957-10-01,-5.27354868005077,-5.81510894583879,-5.54432881294478,-9.3737088141955,3.82938000125073,3.48994881733595,0.477098156058631,,0.477098156058631,0.312473679783052,-0.518191973960525,-9.33922321784317,8.82103124388265,-1.00439152732545,0.200635256749603,-1.32106714932391,-0.316675621998456,-11.2731062808495,-8.8538313762012,9.95203913152554,8.53715575420274
1958-01-01,-13.6298890234668,-11.7065941230988,-12.6682415732828,-10.7167625547822,-1.95147901850063,2.93247123408163,0.475700580602378,,0.475700580602378,0.30967067794083,-6.50663655858137,-7.83127117376403,1.32463461518266,-1.96990058880217,0.191858887381275,-8.09859421216424,-6.12869362336207,-16.3843991411856,-5.80069311030968,8.28580492902137,-0.328000513052384
1958-04-01,1.86604803606265,0.0262592882364743,0.946153662149563,-3.77725386065553,4.72340752280509,2.1898647771568,0.335597518846953,,0.335597518846953,0.309256286488943,2.64622669542285,1.74440722234107,0.901819473081776,1.15594949475546,0.185914732865623,3.5872681486547,2.43131865389923,5.60215391555818,0.863403751467161,-2.01488576690349,1.56791490243207
1958-07-01,10.2113341868858,10.2489824290771,10.2301583079814,2.99189723245838,7.23826107552306,1.86495072542097,0.195846475929429,,0.195846475929429,0.311230505427439,7.45410812825827,7.55165090491507,-0.0975427766567973,0.923173858846145,0.18160438986151,8.20962956173256,7.28645570288642,9.12758268916874,7.20194701281535,-0.917953127436174,0.0845086900710657
1958-10-01,10.8552516662254,10.7899018330414,10.8225767496334,6.12721228088251,4.6953644687509,2.00877455121271,0.0563005443776632,,0.0563005443776632,0.315593334756276,5.95658349801453,4.99715208959525,0.959431408419279,0.785398136422676,0.183497848645912,6.59786276607314,5.81246462965046,8.55569896116991,4.19741666433436,-1.95783619509678,1.6150479653161
1959-01-01,9.36525428050921,10.2853593625017,9.82530682150546,6.13802319078793,3.68728363071753,2.35303035152558,-0.0831864666420046,,-0.0831864666420046,0.322344774475454,4.96372803769364,9.01216336855518,-4.04843533086154,-4.34840695010073,0.190758586607364,1.44481705138776,5.79322400148849,15.8075119066991,7.41032853757897,-14.3626948553113,-1.61710453609048
1959-04-01,10.326991093409,12.7354529465675,11.5312220199883,9.26294385248259,2.26827816750568,2.54633759360861,0.107645941550061,,0.107645941550061,0.325865923518474,4.38442347156978,4.32456770763729,0.0598557639324824,-1.27194957844878,0.192974013474495,3.35792710821145,4.62987668666023,5.03625975765863,4.15438970402456,-1.67833264944718,0.47548698263567
1959-07-01,-0.74796335404379,-5.17250149149824,-2.96023242277101,-3.68730868898357,0.727076266212556,2.91336972195938,0.298324373359904,,0.298324373359904,0.326156781885216,-1.62680361834673,-5.29585663199059,3.66905301364386,0.978831045039271,0.197213547922171,-0.841011316516021,-1.81984236155529,-7.72494931039921,-4.69912261374599,6.88393799388319,2.8792802521907
1959-10-01,0.160395644734201,2.09013944070069,1.12526754271745,-0.305549857675658,1.4308174003931,2.82464347977591,0.488576587576262,,0.488576587576262,0.323217349575867,0.088424448326928,-3.46982801345115,3.55825246177807,1.18042644068139,0.191387559808612,1.04293195299274,-0.13749448768865,-9.04978709202622,-2.14912763982391,10.092719045019,2.01163315213526
1960-01-01,9.84705724312214,9.7644120344949,9.80573463880852,-0.980902332711864,10.7866369715204,2.88222032992797,0.67813236922909,,0.67813236922909,0.317047626590246,9.09871098905244,2.77893000166029,6.31978098739216,0.906181734576436,0.191949744067008,9.83095137159873,8.9247696370223,16.0846762354263,-0.381807298327314,-6.25372486382754,9.30657693534961
1960-04-01,-4.58976284475341,-1.96983956302965,-3.27980120389153,3.87035477532756,-7.15015597921909,3.24907883593948,0.596252239659023,,0.596252239659023,0.312889833487638,-7.36545602966956,-6.69081098757458,-0.674645042094975,1.16971022171225,0.197464193472646,-6.42672169348443,-7.59643191519668,-16.332185263428,-4.31854774415951,9.90546356994355,-3.27788417103716
1960-07-01,1.60584637674894,-0.735345543331078,0.435250416708932,-0.591808237529712,1.02705865423864,2.86798168210327,0.514736166637775,,0.514736166637775,0.310743970267951,-0.402835208257389,-2.58006202148245,2.17722681322506,1.72417732073212,0.193134049509575,0.988344764449165,-0.735832556282952,-3.83045728544904,-2.28076335771968,4.8188020498982,1.54493080143673
1960-10-01,-7.74611380833168,-4.05833218176515,-5.90222299504841,-4.49821561501746,-1.40400738003095,2.58007499845178,0.433533362496163,,0.433533362496163,0.310610036931159,-3.90146903765045,-7.09769243920408,3.19622340155363,2.51600997631615,0.191494416726063,-1.86726092422592,-4.38327090054207,-11.7820692932888,-5.98819853841292,9.91480836906289,1.60492763787086
1961-01-01,2.29701485932488,-0.07368422611016,1.11166531660736,-2.23651907873172,3.34818439533908,1.99059367197776,0.352593678644553,,0.352593678644553,0.31248803347733,1.78484987119455,2.37638345537979,-0.591533584185236,0.625942422491433,0.182268332940344,2.29670281182183,1.6707603893304,-3.60162462251027,3.70885180722783,5.8983274343321,-2.03809141789743
1961-04-01,8.0677662395324,7.95196569349166,8.00986596651203,-4.53495198895641,12.5448179554684,1.98500829160478,0.588537628966534,,0.588537628966534,0.314234255237986,10.0924241470763,7.63356638541873,2.45885776165761,-0.467606669447536,0.184210526315789,9.71095554831651,10.178562217764,14.4908331805159,6.08515130265486,-4.77987763219939,4.09341091510919
1961-07-01,8.36861414350398,6.90278801131701,7.63570107741049,2.85130743602693,4.78439364138357,2.39421387793641,0.82344144480615,,0.82344144480615,0.315848702213087,4.36540751538076,1.87125589049767,2.49415162488309,-0.084659861329857,0.184073990525603,4.29633133256323,4.38099119389309,-2.2183253143786,2.79387083746451,6.51465664694183,1.58712035642858
1961-10-01,7.72102572316111,9.75764892008844,8.73933732162477,3.87287578655275,4.86646153507202,2.66276129205532,1.05689595473812,,1.05689595473812,0.317331374402647,4.52895912197498,7.72556286871708,-3.19660374674211,1.53216333146281,0.188616810059563,5.77213069336704,4.23996736190423,23.3637004640843,4.09026987142535,-17.5915697707173,0.149697490478879
1962-01-01,7.84533589680354,4.96604835188226,6.4056921243429,4.05426096439392,2.35143115994898,2.90358101250643,1.28850043952511,,1.28850043952511,0.318682271806591,1.84025426890533,-1.95859255723978,3.79884682614511,2.12895863752761,0.187984496124031,3.5690016896884,1.4400430521608,-2.60217874764089,-1.80960005015408,6.17118043732929,3.24964310231488
1962-04-01,3.45156818661767,4.48964889248398,3.97060853955082,2.15541660138392,1.8151919381669,3.18383394350525,0.963074481247972,,0.963074481247972,0.320211793006163,0.831193902278522,2.4190761657454,-1.58788226346688,0.823995436868322,0.190872254211986,1.4979114726514,0.673916035783076,4.09175499746514,2.0244932573666,-2.59384352481374,-1.35057722158352
1962-07-01,5.11011097333753,4.01817373345583,4.56414235339668,-2.06180007764019,6.62594243103687,3.2055511773102,0.639986003888993,,0.639986003888993,0.321919938001324,4.49631529241671,-0.355674859681286,4.851990152098,-0.107970885920211,0.18986543313709,4.40884434551794,4.51681523143815,0.322206838790644,-0.51454513575711,4.08663750672729,5.03136036719526
1962-10-01,0.769323473117289,4.96246100221871,2.865892237668,-2.73166829829101,5.59756053595901,3.28133092415141,0.318443587698169,,0.318443587698169,0.323806706792061,3.43518164153013,-1.21907636232736,4.6542580038575,1.68850229143572,0.193995381062356,4.79612228751412,3.1076199960784,-1.93982314367124,-1.04560149231909,6.73594543118536,4.1532214883975
1963-01-01,4.6800915938972,3.73356374634195,4.20682767011957,2.97340962294399,1.23341804717558,3.10212769292989,-0.00233169045813497,,-0.00233169045813497,0.325872099378332,1.19304427707479,1.79428699122085,-0.601242714146058,2.11773125623506,0.19528340918494,2.89721775385476,0.779486497619706,0.445595624383774,2.12157867510111,2.45162212947099,-1.3420921774814
1963-04-01,4.57903153571788,6.17880507899731,5.37891830735759,2.53337547623591,2.84554283112168,3.21115495266355,0.0262386125889691,,0.0262386125889691,0.327444862705517,2.60596050982603,2.35848801463147,0.247472495194558,-0.612540150590386,0.197344228804903,2.11430162286594,2.72684177345633,1.17788140804491,2.6487567807202,0.936420214821033,0.0780849927361271
1963-07-01,9.82895999425963,5.61302503644292,7.72099251535128,-0.108466172777355,7.82945868812863,3.2142315017167,0.0548032939306609,,0.0548032939306609,0.328524996773518,6.70107040336718,1.03449623944648,5.66657416392071,-0.502521075102583,0.197132616487455,6.29761262263966,6.80013369774225,1.48341746581827,0.924270045471261,4.81419515682139,5.87586365227099
1963-10-01,2.62475621563496,3.65658706018124,3.1406716379081,2.14834078372927,0.992330854178824,3.38714266140044,0.0833562363048657,,0.0833562363048657,0.329112501582327,0.5287030124015,0.807245001654598,-0.278541989253098,1.27726285526545,0.199292452830189,1.55141702033221,0.274154165066759,3.18905690258688,0.214422893764236,-1.63763988225467,0.0597312713025228
1964-01-01,9.70888721506196,7.4746031041018,8.59174515958188,5.66299873808749,2.92874642149439,3.44426732149682,0.111891330787728,,0.111891330787728,0.329207377131981,3.58411329245523,-2.06936648875514,5.65347978121037,0.540709945561428,0.200344761539935,4.01649483291088,3.47578488734946,-3.34866407162201,-1.7488526512273,7.36515890453289,5.22463753857675
1964-04-01,4.21858635321612,6.21420734519944,5.21639684920778,3.53298371377857,1.68341313542921,3.54263519048764,0.0472594518122094,,0.0472594518122094,0.330130405060872,1.64856921967132,4.58204588547084,-2.93347666579952,1.01737119366226,0.202649006622517,2.45977115157156,1.4423999579093,8.63102991441105,3.55298516050763,-6.17125876283949,-2.11058520259833
1964-07-01,6.90479722299546,6.16127675076061,6.53303698687804,2.20829043242432,4.32474655445372,3.62221850647222,-0.0173495215214814,,-0.0173495215214814,0.331881585369173,3.86708139845425,0.266864744281526,3.60021665417273,2.49970021712351,0.205004633920297,5.85433148765587,3.35463127053236,2.08197316413896,-0.201195389167372,3.77235832351691,3.55582665969973
1964-10-01,0.539505355451375,3.85295658112508,2.19623096828823,2.56846681698324,-0.372235848695013,3.82314638243591,-0.0819669030573067,,-0.0819669030573067,0.334460918056727,-0.737324950612836,0.142767693857049,-0.880092644469885,2.57637937196169,0.20258064516129,1.31712982599662,-1.25924954596508,-5.25790045847643,1.5147820950162,6.57503028447305,-2.77403164098128
1965-01-01,11.6258216593062,10.6877921297395,11.1568068945228,4.87481645819194,6.28199043633089,3.85983882458942,-0.146624020221964,,-0.146624020221964,0.337868403123575,6.72200370525233,7.17869102617672,-0.456687320924389,1.48224078761948,0.211942959001783,7.8900939943906,6.40785320677112,17.9871454053694,4.27182555301224,-10.0970514109788,2.13602765375888
1965-04-01,5.05822055355054,5.09996551149818,5.07909303252436,5.15014465315105,-0.0710516206266831,4.81008502883655,-0.131258477806995,,-0.131258477806995,0.339947376166456,0.131188259076083,-1.04627569913964,1.17746395821572,2.95378924068619,0.210378681626928,2.4635632135029,-0.490226027183283,-4.57852745354971,-0.105178428870528,7.04209066705261,-0.385047598312755
1965-07-01,9.58533540550839,5.50683794549869,7.54608667550354,-0.610165916343774,8.15625259184731,4.73511172729274,-0.115877787706253,,-0.115877787706253,0.340697837185351,6.41152653556205,-1.93193008997587,8.34345662553792,2.12770590013624,0.213114754098361,8.08578691599713,5.95808101586089,-7.12762021813152,-0.524764013600379,15.2134071341286,6.48284502946127
1965-10-01,9.9523993215616,9.35456727671031,9.65348329913596,4.14384078960417,5.50964250953179,4.96330974219205,-0.100483715146282,,-0.100483715146282,0.340119786180301,5.29723212003233,2.66149242098729,2.63573969904504,4.57025919799543,0.214250207125104,8.88831233824183,4.3180531402464,6.40700575683166,1.64020420014234,2.48130658141016,2.67784894010406
1966-01-01,10.9968555821585,9.79878331898369,10.3978194505711,3.93753291421781,6.46028653635327,5.03605852783486,-0.085078030777197,,-0.085078030777197,0.338213223151243,6.14505416362633,2.85854371602805,3.28651044759828,2.93586286295229,0.217377364539917,8.44272689477944,5.50686403182715,3.40886003484467,2.70569059675003,5.03386685993477,2.80117343507712
1966-04-01,0.36395855299407,2.00237719159286,1.18316787229347,2.86780287862918,-1.68463500633571,5.68101979687338,0.0301825374556586,,0.0301825374556586,0.336115124625838,-2.6502374915281,-0.598608811546409,-2.05162867998169,2.66945727502365,0.215000794533609,-0.554715651608056,-3.22417292663171,-2.91442589978218,0.0356625488550089,2.35971024817413,-3.25983547548672
1966-07-01,2.1958667934685,1.41206652667041,1.80396666006946,0.805525895364667,0.998440764704789,5.69846829375224,0.145417020787164,,0.145417020787164,0.333825490604066,-0.731821244415085,-1.69125318366564,0.959431939250554,2.28121450817452,0.217193861572189,1.05392747565451,-1.22728703252001,-4.14114119791988,-1.01151830153509,5.19506867357439,-0.215768730984924
1966-10-01,2.33535729231988,2.6322849560902,2.48382112420504,-0.826745866899614,3.31056699110466,5.81673937038509,0.260525893577324,,0.260525893577324,0.331344321085907,0.935083767267662,-2.81345219466345,3.74853596193111,1.5454498302714,0.216941829964512,2.14526088324164,0.59981105297024,-6.38303294185622,-1.82452007041655,8.52829382509787,2.42433112338679
1967-01-01,3.28056137467314,1.71277307332574,2.49666722399944,-0.233494014501545,2.73016123850098,5.9253100280878,0.375409991553965,,0.375409991553965,0.328671616071433,0.453913777815311,-7.3480829985376,7.80199677635292,1.01783718960532,0.209610983981693,1.2584011125743,0.240563922968979,-15.0201099842968,-5.31346321887478,16.2785110968711,5.55402714184375
1967-04-01,-0.582501570939087,1.94431499604129,0.680906712551099,-3.89032714968671,4.57123386223781,5.33607401470097,0.151074169408361,,0.151074169408361,0.326812270420676,1.45423147279021,-3.02571262361984,4.47994409641004,-0.092762899530205,0.216014614096514,1.3815067152045,1.4742696147347,-3.31004596312269,-2.94736912677429,4.69155267832718,4.42163874150899
1967-07-01,3.35184415729888,3.86832981755223,3.61008698742555,2.45808242174945,1.1520045656761,4.71116711922847,-0.0730075620062109,,-0.0730075620062109,0.32576628413371,0.467249695757625,2.0778451367021,-1.61059544094447,0.00719371331616392,0.212320574162679,0.472916035732139,0.465722322415975,7.70847938822542,0.560096344529904,-7.23556335249328,-0.0943740221139294
1967-10-01,2.7317813906409,3.99429635118533,3.36303887091312,1.81425490853826,1.54878396237486,4.5058630408849,-0.297212056387508,,-0.297212056387508,0.325533657210491,0.873034451979186,-2.71685385328183,3.58988830526102,0.105490912092522,0.213949381989405,0.955955648624013,0.850464736531492,-8.57885737268122,-1.12131788974632,9.53481302130523,1.97178262627781
1968-01-01,8.93728232574844,6.14398200409951,7.54063216492398,0.374581494425996,7.16605067049798,4.46312980515696,-0.521916856533977,,-0.521916856533977,0.326114389651049,6.18442849300193,0.295212547397084,5.88921594560484,2.43116634811191,0.218331910048392,8.0847936486852,5.65362730057328,9.45636173977251,-2.26363720881266,-1.37156809108732,7.91726450938594
1968-04-01,7.14400860595585,6.39132849314183,6.76766854954884,3.07523307768989,3.69243547185896,4.68756562454403,-0.276125855196341,,-0.276125855196341,0.325578653202112,3.35371958388749,0.866660627959189,2.4870589559283,2.08984794683481,0.214750242147502,4.99477217808806,2.90492423125325,2.56044593382761,0.403443924045922,2.43432624426045,2.50148030720733
1968-07-01,2.90704106790791,5.81492220177893,4.36098163484342,2.25092780429108,2.11005383055234,4.65281820498146,-0.0298253322505104,,-0.0298253322505104,0.3239264478637,1.35218212321703,1.9226295693954,-0.57044744617837,-0.576496719588187,0.220752658849196,0.902948587295777,1.47944530688396,0.873422630511649,2.21985897167936,0.0295259567841282,-0.740413664795393
1968-10-01,1.56880227536131,3.03146578889208,2.3001340321267,2.35615739073474,-0.0560233586080372,4.67075789718883,0.216530275029925,,0.216530275029925,0.321157773635704,-0.946365198093495,1.04671181408253,-1.99307701217602,1.97134145347735,0.221329046087889,0.588661131972202,-1.38268032150515,1.93969875841011,0.79288964752555,-1.3510376264379,-2.1755699690307
1969-01-01,6.94122754438453,3.94755790563401,5.44439272500927,5.6561872753317,-0.211794550322431,4.83925889286103,0.462486190649258,,0.462486190649258,0.317272630518298,-0.268357513834485,0.370117954217194,-0.638475468051679,2.34468838315207,0.221758957654723,1.55637521744464,-0.788313165707425,-5.13916833833756,1.93998322626276,6.6955435557822,-2.72829639197019
1969-04-01,0.449282922644834,2.03052705505495,1.23990498884989,0.900885910335703,0.339019078514191,5.22237319404787,0.523658001680261,,0.523658001680261,0.312881332286389,-1.37290880872447,1.65596295614903,-3.02887176487351,3.22047847708099,0.221179796941267,1.13526489274202,-2.08521358433897,-0.45265852845905,2.2547975394841,1.58792342120107,-4.34001112382307
1969-07-01,2.49640339419859,2.5605129790728,2.5284581866357,1.23201635715056,1.29644182948514,5.1408916689027,0.584589158316007,,0.584589158316007,0.307983878939966,-0.311973873072547,0.468375245684831,-0.780349118757378,1.73263390563789,0.220101137800253,1.03930533854315,-0.693328567094743,0.92939386624207,0.33826770501533,0.109911472301077,-1.03159627211007
1969-10-01,-3.10132497772067,-1.68785971666168,-2.39459234719117,-1.85286434847782,-0.541727998713348,5.39760101930739,0.645252526500428,,0.645252526500428,0.30258027047914,-3.18558761330202,-2.37315356182967,-0.812434051472344,1.83197445351842,0.219843868043314,-1.75636150980162,-3.58833596332004,-5.11302586678227,-1.60107205045988,3.35666435698065,-1.98726391286016
1970-01-01,-0.294149467132598,-3.0005460425226,-1.6473477548276,-2.08105617270604,0.433708417878442,5.00687509975551,0.705621377338872,,0.705621377338872,0.296670506903789,-2.16535607126354,-6.67752960266215,4.5121735313986,1.38665369736516,0.217049425861208,-1.07967476277981,-2.46632846014497,-12.056251642548,-5.18644118765155,10.9765768797682,2.72011272750658
1970-04-01,0.674492669061522,0.0104501242716992,0.34247139666661,-3.88981995679778,4.23229135346439,4.97776208232349,0.362767505140837,,0.362767505140837,0.293662305195358,1.37198040701587,-5.75798593178617,7.12996633880204,3.37095928105283,0.216069890488495,4.01457688537044,0.643617604317611,-5.19171780691178,-5.91406297263994,9.20629469228223,6.55768057695755
1970-07-01,4.33105546082544,3.88828469396891,4.10967007739718,-2.59346114026791,6.70313121766508,4.69610328638375,0.0208452869653541,,0.0208452869653541,0.293555665353889,4.54851224737857,-1.08180995156995,5.63032219894851,-0.93214164805118,0.21505506474646,3.81683238180191,4.74897402985309,1.33032857510052,-1.74267491640088,2.48650380670139,6.49164894625396
1970-10-01,-6.39269243911063,-5.7671983908369,-6.07994541497376,-3.80578114289349,-2.27416427208027,4.64743732934148,-0.321023456610448,,-0.321023456610448,0.296350587379291,-4.55339256489116,-4.05508405496152,-0.498308509929648,-0.840803124101376,0.206410879067508,-5.22064477702407,-4.37984165292269,-8.58254454805751,-2.87750100137168,3.36189977103344,-1.50234065155101
1971-01-01,13.3405476931568,9.5990461359218,11.4697969145393,1.89690352860445,9.57289338593483,3.84945187450868,-0.663716446894114,,-0.663716446894114,0.302047071271553,9.44637471449333,4.42832202865431,5.01805268583902,-0.831281835042122,0.212335927517714,8.79160387892351,9.62288571396563,13.0758720266632,2.09714353044458,-4.28426814773967,7.52574218352105
1971-04-01,2.52873924183614,3.15205142083403,2.84039533133509,2.34809717231563,0.492298159019455,4.05850672590533,-0.411515719570232,,-0.411515719570232,0.306125403517884,0.254238648108809,0.129845940970191,0.124392707138618,2.72758599695962,0.214668643777803,2.39629745831378,-0.33128853864584,-3.97026314874706,1.25060197682319,6.36656060706084,-1.58189051546903
1971-07-01,3.77165352304196,3.92032842306271,3.84599097305234,-1.03956871086268,4.88555968391502,3.97732909252762,-0.158535216052513,,-0.158535216052513,0.308585584118161,3.44703087859836,-5.3134580741624,8.76048895276076,4.53385635602337,0.214469705454138,7.00851239737402,2.47465604135065,-11.3075781664211,-3.67691117130022,18.3160905637951,6.15156721265087
1971-10-01,0.710465086921097,6.08006890574782,3.39526699633446,4.03843736152432,-0.64317036518986,3.66200274051537,0.0947461933328952,,0.0947461933328952,0.309427613072396,-0.592120203815452,5.16722738817054,-5.759347591986,4.05668640488884,0.22032014228546,2.57079647514078,-1.48588992974805,16.0487687583209,2.09234643641149,-13.4779722831801,-3.57823636615954
1972-01-01,9.493961699844,7.47544540179117,8.48470355081758,4.95551755938344,3.52918599143415,3.33500415328243,0.347847737415563,,0.347847737415563,0.308651490380677,3.78887585457239,2.22832775986872,1.56054809470366,2.31942404012305,0.220517222877991,5.59682694669106,3.277402906568,7.36133014806084,0.776191208693781,-1.76450320136978,2.50121169787422
1972-04-01,11.4416095140218,6.38613847687957,8.91387399545067,2.03718811617968,6.87668587927099,4.12080763807652,0.112814717698129,,0.112814717698129,0.308145854412181,6.15657583130342,3.36380889956959,2.79276693173384,-0.449559383218961,0.219476744186047,5.80568427783165,6.25524366105061,9.91799357051378,1.52082587291675,-4.11230929268213,4.73441778813386
1972-07-01,4.22311420282462,7.78910630215144,6.00611025248803,3.08029718635403,2.925813066134,4.60454889483636,-0.122019472761536,,-0.122019472761536,0.307910705166971,2.54092801858267,0.134325833462277,2.4066021851204,2.00300130503882,0.221260564097342,4.10074412498089,2.09774281994207,1.40019313535114,-0.225340699880363,2.70055098962974,2.32308351982243
1972-10-01,7.93503239453734,12.562490424499,10.2487614095182,3.63190290435931,6.61685850515887,4.87443530637187,-0.357068721120157,,-0.357068721120157,0.307946042645146,6.48133639059958,2.89725976892549,3.58407662167409,5.71307775305418,0.226478428275249,10.9005252735278,5.18744752047358,6.90554676198786,1.72367835704482,3.9949785115399,3.46376916342875
1973-01-01,12.713251361833,9.18123939267925,10.9472453772561,5.30433391339891,5.6429114638572,5.41483324556856,-0.592748179175828,,-0.592748179175828,0.308251866846518,6.01888228480562,1.74423235756957,4.27464992723605,3.43455998647623,0.230397727272727,8.66212745621587,5.22756746973965,2.85268741792212,1.41239143695462,5.80944003829375,3.81517603278503
1973-04-01,5.27949459007875,2.52491310743235,3.90220384875555,4.27692295164057,-0.374719102885024,5.63808384456263,-0.172876750727369,,-0.172876750727369,0.30728385616,-0.67322735479285,1.69662643255114,-2.36985378734399,3.86187586789206,0.228758169934641,2.30521285704547,-1.55666301084659,-0.308069421364311,2.29123960955996,2.61328227840978,-3.84790262040655
1973-07-01,-3.29700250942313,1.09325178337567,-1.10187536302373,2.28365711653673,-3.38553247956046,5.76585670189772,0.247539171900968,,0.247539171900968,0.305042010585508,-4.61977896754463,-0.647080472275624,-3.972698495269,6.66885678245267,0.227950536461175,0.528908333765217,-6.13994844868746,-4.12798651518122,0.380670257857968,4.65689484894644,-6.52061870654543
1973-10-01,3.97926211486688,4.50125520811167,4.24025866148927,2.36744493548429,1.87281372600498,5.38876097566702,0.667175612284865,,0.667175612284865,0.301526330123162,0.495802789901506,-0.628829064831095,1.1246318547326,6.42202873680144,0.221046132133721,5.49826691398138,-0.92376182282006,-3.35246785522204,0.14406628209674,8.85073476920342,-1.0678281049168
1974-01-01,-5.77041944806034,-5.41715524967188,-5.59378734886611,-0.0193484412449152,-5.57443890762119,5.42013941336574,1.0847167567686,,1.0847167567686,0.29673681477291,-7.95137656902857,-4.79589782508638,-3.1554787439422,5.32122548627932,0.219915922228061,-3.80037329294783,-9.12159877922715,-9.60031182772859,-3.44147057004713,5.79993853478076,-5.68012820918003
1974-04-01,0.588148907611341,-2.66422543513301,-1.03803826376083,-0.710089916002943,-0.327948347757889,4.98296970305427,0.785870804893918,,0.785870804893918,0.29531392911664,-2.56298036227959,-5.69079521259691,3.12781485031732,-0.663869222886103,0.220052860431409,-3.08076326371723,-2.41689404083113,-13.4112644388733,-3.51255613596603,10.330501175156,1.0956620951349
1974-07-01,-5.56304276552364,-3.44988569388054,-4.50646422970209,-2.18983378156707,-2.31663044813502,4.68423478159912,0.488778705188864,,0.488778705188864,0.297257673154464,-4.70348555892302,1.76633650316225,-6.46982206208527,-1.82915430391518,0.225628140703518,-6.11993117818598,-4.2907768742708,8.0454822755241,-0.0632134331067069,-14.1654134537101,-4.22756344116409
1974-10-01,-2.79580274413913,-7.02481300335496,-4.91030787374704,-5.92962198541152,1.01931411166447,4.50361338589901,0.192773377110456,,0.192773377110456,0.302568046886345,-2.27189585024495,-7.87458219399107,5.60268634374612,-2.81808596050146,0.213940931031662,-4.48707787662947,-1.66899191612801,-8.97249385794881,-7.57576464598425,4.48541598131934,5.90677272985624
1975-01-01,-7.40467456678218,-7.04528570999869,-7.22498013839044,-12.7350011982621,5.51002105987166,4.00890097693331,-0.102804182169436,,-0.102804182169436,0.3112450503123,0.369371274246524,-9.43046860613261,9.79983988037914,-1.96815462599813,0.214157851912124,-1.17728758481694,0.790867041181194,-17.3129042722371,-7.28234573667858,16.1356166874202,8.07321277785977
1975-04-01,3.16640411267048,3.79104996417841,3.47872703842445,-3.25327289678938,6.73199993521383,2.94808217661705,-0.165913854478461,,-0.165913854478461,0.317668143875968,4.87523528781197,0.653972733858054,4.22126255395392,-4.99486748217232,0.214649681528662,0.952514519965808,5.94738200213813,2.40816152638149,0.17452291789666,-1.45564700641568,5.77285908424147
1975-07-01,8.41725701160279,10.0389471035403,9.22810205757152,4.05568038753543,5.17242167003609,2.45541502120251,-0.229102084060528,,-0.229102084060528,0.321837327577321,5.84281528053531,7.45537345984305,-1.61255817930774,2.59424047889681,0.216971739296929,7.87417889057138,5.27993841167457,12.1068962430826,6.16646852587223,-4.23271735251123,-0.886530114197656
1975-10-01,6.75748943033962,5.05104502821379,5.90426722927671,5.67940337174839,0.224863857528312,2.56285078859523,-0.29239891451418,,-0.29239891451418,0.32375260141629,1.43158986906372,5.78204568522057,-4.35045581615685,0.305381548098366,0.218152157793267,1.67035177349418,1.36497022539581,9.17685706857588,4.83482118884051,-7.5065052950817,-3.46985096344469
1976-01-01,11.4406575460483,10.5673246102585,11.0039910781534,5.73855957827547,5.26543149987795,2.62060522331383,-0.355834561308299,,-0.355834561308299,0.323413965393046,6.5145741765423,6.10229748989933,0.412276686642969,-1.92243930245848,0.220437017994859,5.01591166119388,6.93835096365236,11.4162098496678,4.59968253573562,-6.4002981884739,2.33866842791674
1976-04-01,3.53109637738616,2.97567926820772,3.25338782279694,0.949570996068871,2.30381682672807,2.95692211953919,-0.262716006823993,,-0.262716006823993,0.323471702073927,1.83223035509368,-1.49595153740708,3.32818189250077,-0.713907538804292,0.221396522714526,1.27637946292035,1.99028700172464,-3.94671435695867,-0.79907516570315,5.22309381987902,2.78936216742779
1976-07-01,2.39744150164238,3.54201649930399,2.96972900047319,1.85962797471113,1.11010102576206,3.21130373583969,-0.169413701392429,,-0.169413701392429,0.323925811458961,0.786794588705698,1.0966904512856,-0.309895862579897,0.317149353249487,0.224018158057638,1.03289672801106,0.715747374761577,2.30248181180432,0.748590605406366,-1.26958508379325,-0.0328432306447884
1976-10-01,3.38236030161276,1.24908654639917,2.31572342400597,0.903688808322656,1.41203461568331,3.32972968049639,-0.0759927540091354,,-0.0759927540091354,0.324776293548143,0.675426162247955,-3.28397635335117,3.95940251559912,0.299327778915439,0.226429002211352,0.906977450849431,0.607649671933993,-5.58687108069148,-2.60990486308064,6.49384853154091,3.21755453501464
1977-01-01,6.39375626023657,6.05012722900007,6.22194174461832,3.96381169496749,2.25813004965083,3.28243914291771,0.017481449978618,,0.017481449978618,0.326023148341532,2.46849118164459,-0.233028114011532,2.70151929565612,1.35220019686826,0.232228719948018,3.50667165768068,2.15447146081241,3.08240053642556,-1.23584988082451,0.424271121255113,3.39032134163693
1977-04-01,9.48959453976634,11.5607575898277,10.525176064797,8.80127743814505,1.72389862665199,3.46173976166016,0.00711642256376877,,0.00711642256376877,0.326934044736848,3.46478545449904,6.09168010374116,-2.62689464924211,3.11846245522008,0.2312750501002,5.86202534915251,2.74356289393242,13.3175026232443,3.91775239991018,-7.45547727409182,-1.17418950597776
1977-07-01,8.37057452171717,8.53418614808898,8.45238033490308,3.16162282093977,5.29075751396331,3.67738304724349,-0.00324805156175501,,-0.00324805156175501,0.327508982734311,5.12402569241065,-1.96533293970728,7.08935863211793,0.121983651227858,0.231011890317884,5.21782966978048,5.09584601855263,-3.09557960198189,-1.62579528666676,8.31340927176237,6.72164130521938
1977-10-01,-0.391542709415305,2.5387486276486,1.07360295911665,4.07123422642464,-2.99763126730799,3.85717550863143,-0.0136127781384943,,-0.0136127781384943,0.32774796233373,-2.91832274088959,2.16617609279074,-5.08449883368033,-0.17258362774067,0.236879685826491,-3.05002481311226,-2.87744118537159,2.70508025589601,1.99889519818473,-5.75510506900826,-4.87633638355632
1978-01-01,0.482847553859855,1.94968774110471,1.21626764748228,2.03565938723997,-0.819391739757691,3.85734233603819,-0.0239785630952838,,-0.0239785630952838,0.327650983535188,-1.40014598630736,-5.04671275691177,3.64656677060441,1.91070195941913,0.234666979087341,0.0621773163586217,-1.84852464306051,-11.9737384502832,-2.92274299589792,12.0359157666418,1.07421835283742
1978-04-01,18.9878240914176,14.7475738084225,16.86769894992,11.1832221744372,5.68447677548285,3.98850250339852,0.043856178542967,,0.043856178542967,0.326666781235799,8.00522287045391,8.21493996945223,-0.209717098998324,3.53748499065042,0.238520547945205,10.6989450027864,7.16146001213603,13.0886446473219,6.68833448173787,-2.38969964453542,0.473125530398161
1978-07-01,4.39109501184856,3.01151685909335,3.70130593547096,3.29131148119046,0.409994454280493,4.72276522425118,0.111668612925087,,0.111668612925087,0.324795355435482,-0.130334239085461,-0.328288275846516,0.197954036761055,1.63896245533518,0.236288044347316,1.12136098291989,-0.517601472415286,-1.06974251589851,-0.0988866394596877,2.1911034988184,-0.418714832955598
1978-10-01,5.86162644566386,3.94830229053085,4.90496436809735,4.31717609062368,0.587788277473678,4.98441618018894,0.179424273363793,,0.179424273363793,0.322036706134383,0.251269405460108,1.03659603199849,-0.785326626538378,2.81162940306756,0.23566616958914,2.40029287680253,-0.411336526265023,2.68820493870645,0.52735736007689,-0.287912061903913,-0.938693886341913
1979-01-01,0.508828853785381,3.63748885215198,2.07315885296868,2.81334846229377,-0.740189609325093,5.33870602702947,0.24708878908406,,0.24708878908406,0.31839083333241,-1.71265829244409,-0.624779019432781,-1.0878792730113,0.563461983253509,0.23824182478805,-1.28343652027959,-1.8468985035331,-0.855524228106658,-0.552612863079725,-0.427912292172929,-1.29428564045337
1979-04-01,0.471905068725498,-2.64691015121006,-1.08750254124228,0.867081994602259,-1.95458453584454,5.48463619618882,0.241475630899046,1.06859480160696,1.06859480160696,0.31480439269671,-4.14040734606736,-9.27339442156821,5.13298707550085,4.0768526190257,0.232541007759552,-1.01159014355706,-5.08844276258277,-25.2464089763692,-4.43355159076366,24.2348188328121,-0.654891171819106
1979-07-01,3.52764638340801,0.361774675733173,1.94471052957059,3.58307873143247,-1.63836820186187,5.36792104831187,0.235872541414039,-0.768874831887801,-0.768874831887801,0.311277384227242,-1.66440776409858,3.87600100408557,-5.54040876818415,2.57269982000155,0.234769333524164,0.304301033803473,-2.26839878619808,7.12111757516686,2.88041380668588,-6.81681654136339,-5.14881259288396
1979-10-01,0.574953683467605,1.31445737519851,0.944705529333056,1.4763048390126,-0.531599309679542,5.43480635548321,0.230279273457512,-0.142438516459672,-0.142438516459672,0.307809807924041,-1.65147035706415,-0.925491942664684,-0.725978414399464,-0.0262034648430678,0.230265312807075,-1.6716400728785,-1.64543660803543,-2.97611622962221,-0.31204986873654,1.30447615674371,-1.33338673929889
1980-01-01,0.717531883390699,-1.29705785093623,-0.289762983772768,-1.89413217505425,1.60436919128149,5.30453591781134,0.22469558099445,0.125516482886678,0.125516482886678,0.304401663787217,-0.674226409902006,-8.99005614620695,8.31582973630494,-2.13468242786679,0.23046321276693,-2.3169430672055,-0.182260639338714,-7.36741893086842,-9.47600846454471,5.05047586366291,9.29374782520599
1980-04-01,-11.4042413448722,-9.17521860076924,-10.2897299728207,-7.05836925113879,-3.23136072168193,5.12335560347773,0.305646820098815,0.834081809200974,0.834081809200974,0.303472221136066,-7.50913697053439,-5.09899693371717,-2.41014003681722,-0.841962049596511,0.21827971834875,-8.16731578108464,-7.32535373148813,-18.2385176356198,-1.43004917149391,10.0712018545352,-5.89530455999422
1980-07-01,-0.984706777880717,3.4579237326664,1.23660847739284,-1.48605515683933,2.72266363423217,4.31898801013301,0.386412543646841,1.3276684133809,1.3276684133809,0.305021479970706,0.0292997471273347,2.3088120693111,-2.27951232218377,1.41800109653634,0.223420091118228,1.13049090946978,-0.287510187066562,6.27805150532815,1.16687184355643,-5.14756059585837,-1.45438203062299
1980-10-01,9.40274090037931,11.7360810752551,10.5694109878172,5.44354331753425,5.12586767028296,4.03673446043269,0.466944202790032,0.366964776490778,0.366964776490778,0.309049440291092,5.30708664245699,9.0655103753781,-3.75842373292112,4.67707711435918,0.22132909215956,8.9489905251348,4.27191341077561,21.2424675620377,5.6043371733847,-12.2934770369029,-1.33242376260909
1981-01-01,9.72757374504685,3.50629657721431,6.61693516113058,2.25809639342387,4.35883876770671,4.08012587455943,0.547193719984662,-0.0891716291670569,-0.0891716291670569,0.315556102097252,3.84491922418273,-0.912005822180958,4.75692504636369,5.14024311433409,0.220287722739905,7.85282988853069,2.7125867741966,-5.70245895068772,0.441413947325879,13.5552888392184,2.27117282687072
1981-04-01,-4.09763425151812,-0.063860561542306,-2.08074740653021,-0.477396499481841,-1.60335090704837,4.59559554950536,0.518235639902898,0.0226303312468694,0.0226303312468694,0.319892320237482,-3.24155316622176,0.739416917308663,-3.98097008353042,-0.608301428100614,0.219930296644513,-3.71607068079092,-3.10776925269031,3.78636542581526,-0.119629763332685,-7.50243610660618,-2.98813948935762
1981-07-01,5.54009150755377,6.77128565824496,6.15568858289937,0.0698985017287157,6.08579008117065,4.46175459127684,0.489389030493115,0.481505639765231,0.481505639765231,0.322058094711914,4.34492442589246,-4.06096714393808,8.40589156983054,2.66927729955928,0.221554770318021,6.42281060643278,3.7535333068735,-4.84786997214867,-3.83700524049367,11.2706805785814,7.59053854736717
1981-10-01,-6.40750016805303,-6.18603499012327,-6.29676757908815,-1.54644255964875,-4.75032501943939,4.84533673169454,0.460647378671553,0.577977923771267,0.577977923771267,0.322053425520532,-7.20065758893319,-5.54471643424881,-1.65594115468438,0.756735534882852,0.216768113096407,-6.60795818805989,-7.36469372294274,-8.82921692916821,-4.63569448729693,2.22125874110832,-2.72899923564581
1982-01-01,-8.59679311858663,-4.61867508236615,-6.60773410047639,-6.86438782987366,0.256653729397271,4.96043281095578,0.432004247408813,1.80481743833691,1.80481743833691,0.319878312663229,-4.75334542623309,-6.78035934455207,2.02701391831897,2.0136465653857,0.222010707911957,-3.18674996031316,-5.20039652569885,-15.4104246037011,-4.31764306169963,12.2236746433879,-0.882753463999224
1982-04-01,1.81890148808765,1.35609135259624,1.58749642034195,1.28866664799574,0.29882977234621,4.29659197403408,0.446728548086384,1.00872018581408,1.00872018581408,0.319005073663877,-1.34764699649431,1.55750972268109,-2.9051567191754,1.32743845238804,0.217135280583395,-0.30844226492274,-1.63588071731078,8.32770178464937,-0.320270073136565,-8.63614404957211,-1.31561064417421
1982-07-01,-2.5366086676355,-2.57727846344178,-2.55694356553864,-2.58149837241781,0.0245548068791734,3.44455900482157,0.461403042705655,1.04033312804521,1.04033312804521,0.319433708522424,-2.60838670775631,0.0392496948010943,-2.64763640255741,3.87336266850308,0.215989159891599,0.428371612021309,-3.44499105648177,-2.97252653366692,0.868971663030961,3.40089814568823,-4.31396271951273
1982-10-01,-0.328872260795166,-2.82134825864411,-1.57511025971964,-3.77120897640104,2.1960987166814,2.76530100488675,0.476026231705262,-0.386253708992301,-0.386253708992301,0.321164217238942,0.359008443954731,-0.653690339167065,1.0126987831218,2.38481366624346,0.217868519016003,2.22424628860461,-0.160567377638858,-0.666790936591855,-0.650041070689119,2.89103722519646,0.489473693050261
1983-01-01,5.9027378980689,4.62630950852461,5.26452370329675,2.20468978437545,3.05983391892131,1.82944268262621,0.490596634308815,1.31686190114342,1.31686190114342,0.324196599813289,2.29154800302914,3.72383708055774,-1.4322890775286,1.86800721884132,0.214880997071852,3.75815596814842,1.8901487493071,11.189559569934,1.68052659336306,-7.43140360178554,0.209622155944037
1983-04-01,11.0718552587134,8.03919803310329,9.55552664590833,4.21323125056894,5.34229539533939,2.27568502388657,0.421632832879837,0.71087880865405,0.71087880865405,0.327014284098185,5.49748940360359,7.07577993099293,-1.57829052738934,2.38030065921331,0.220253440325333,7.35352065361651,4.9732199944032,12.4188883549287,5.56652285534244,-5.06536770131214,-0.593302860939243
1983-07-01,9.70352895736966,6.60392678167376,8.15372786952171,8.04586885700793,0.107859012513778,3.14492941025414,0.352886318566092,-0.0612171687624921,-0.0612171687624921,0.329617270093537,1.76433222655864,6.26561240436173,-4.50128017780309,4.05718711432619,0.222842105263158,4.91740722288183,0.860220108555634,12.5085050405313,4.47552657058535,-7.59109781764947,-3.61530646202972
1983-10-01,9.99658037814832,11.2493948417629,10.6229876099556,6.4033642946967,4.21962331525894,4.10608653094096,0.284321252564723,0.469354215065167,0.469354215065167,0.332005557799355,4.66880629354774,4.22810598791975,0.440700305627985,1.34645514767427,0.230439515580351,5.70498496924128,4.35852982156701,7.20469714207909,3.33678654320773,-1.49971217283782,1.02174327835928
1984-01-01,9.83962204308177,13.7691120290985,11.8043670360901,7.68464879922384,4.11971823686628,5.26595187641924,0.215902108675792,-0.577547039089946,-0.577547039089946,0.334179147215609,5.3125391739921,2.06935929638994,3.24317987760216,3.61232676432472,0.229581082861283,8.09554404811436,4.48321728378964,3.14734510273727,1.74812477939566,4.94819894537709,2.73509250439398
1984-04-01,8.53231175202271,8.06127397451224,8.29679286326748,4.98874259508177,3.3080502681857,5.31531428592122,0.21843794962777,-0.410955563718643,-0.410955563718643,0.335604302876392,3.47148851178604,0.0192904138586259,3.45219809792741,1.83691851994722,0.231875700784879,4.88247026263578,3.04555174268855,-2.93737370227573,0.911826380517525,7.8198439649115,2.13372536217103
1984-07-01,3.94133500095748,4.41138096830045,4.17635798462896,1.82935151772128,2.34700646690769,5.2544526214058,0.220969574506569,1.57381637271271,1.57381637271271,0.336281024781721,0.150638167701024,-1.20200684065214,1.35264500835316,2.97967166381999,0.232005546451532,2.43900947891031,-0.540662184909677,-3.99315246317028,-0.358822020259094,6.43216194208059,-0.181840164650583
1984-10-01,3.13160286686287,4.55300988429688,3.84230637557987,2.25442545465526,1.58788092092461,5.1179807968463,0.223496939943857,1.05372665976124,1.05372665976124,0.33620931293161,-0.07432699668027,-1.86322029836956,1.78889330168929,2.39387025047038,0.236084333602836,1.75438799097616,-0.639482259494224,-1.69271125966425,-1.9159152679149,3.44709925064041,1.27643300842067
1985-01-01,4.70862105924237,4.07347111573326,4.39104608748782,2.99352711601095,1.39751897147686,4.71025891780244,0.226020002757821,-1.22013819327566,-1.22013819327566,0.335389167326006,1.63266278256222,-2.75493355339716,4.38759633595938,4.05121910030914,0.234995284884252,4.73186449626569,0.680645395956552,-6.72732412706003,-1.53468871557524,11.4591886233257,2.21533411153179
1985-04-01,3.84791013273098,3.01835515438196,3.43313264355647,2.22512242092989,1.20801022262658,4.38702615230948,0.224838965252516,2.2328536779347,2.2328536779347,0.333363145485844,-1.00119135795246,0.427930235541679,-1.42912159349414,1.23804778337441,0.23598369011213,-0.0553026590338854,-1.2933504424083,1.90253196087962,-0.0275338063739089,-1.9578346199135,-1.26581663603439
1985-07-01,6.92465157306099,5.31681235890584,6.12073196598342,0.567863105182909,5.55286886080051,4.4784427183349,0.223659846602686,0.254075821798617,0.254075821798617,0.330131247411235,4.09166688119849,1.20509067150032,2.88657620969818,2.29256013529995,0.237266752728553,5.84027871776089,3.54771858246094,2.09532244958792,0.928162395568693,3.74495626817297,2.61955618689225
1985-10-01,2.92001296733702,1.97374384358753,2.44687840546227,1.62880289783338,0.81807550762889,4.13758724580882,0.222482634446308,-0.0458525376069767,-0.0458525376069767,0.325693473102061,0.0318994854558983,1.25254090566629,-1.22064142021039,0.236107603674789,0.233821609862219,0.212800029138737,-0.0233075745360516,3.68955304075079,0.508815804548849,-3.47675301161206,-0.5321233790849
1986-01-01,3.90653279804756,4.17964028880693,4.04308654342724,0.107633937629714,3.93545260579753,4.45466382060221,0.22130731618617,0.434084932800488,0.434084932800488,0.320049822558355,2.24903033601388,-1.09025371759237,3.33928405360625,1.28170419406046,0.232834368470763,3.23230974348394,1.95060554942348,-2.75208930778303,-0.585887483963019,5.98439905126697,2.5364930333865
1986-04-01,1.56575243931094,0.658322513119813,1.11203747621538,-1.06145878082415,2.17349625703953,4.16238479605502,0.217622460505495,0.949943555683152,0.949943555683152,0.316105879140738,-0.127452222203406,-3.22707456940526,3.09962234720185,-2.32315791332516,0.238417757541264,-1.89672803541934,0.426429877905819,-7.11012855447816,-2.01146189894189,5.21340051905882,2.43789177684771
1986-07-01,4.223429191223,2.49487268477111,3.35915093799706,2.14157470316714,1.21757623482992,3.68618538314297,0.213943549887219,0.0587525782485145,0.0587525782485145,0.313861642849073,0.692469791732664,0.180375046399684,0.51209474533298,-2.52171384446578,0.246846290000843,-1.20676834578298,1.3149454986828,2.05078628729552,-0.432652639000056,-3.2575546330785,1.74759813768286
1986-10-01,1.94996930076794,3.21774074282697,2.58385502179745,2.92473616414846,-0.340881142351002,3.06280264417908,0.21027047653206,0.445164449211431,0.445164449211431,0.313317113683449,-0.689826542240654,-0.0768871732682442,-0.61293936897241,-0.326331328440616,0.245341355394,-0.936095300254125,-0.609763971813508,-0.720495603114836,0.132351488012854,-0.215599697139289,-0.742115459826362
1987-01-01,3.09455059132695,4.61862317160957,3.85658688146826,4.7819144877419,-0.92532760627364,2.84791012081917,0.206603133061023,1.80678273056543,1.80678273056543,0.314472291643839,-1.55573644574026,3.25525447196174,-4.810990917702,-0.114438748437541,0.233212341197822,-1.64348666573093,-1.52904791729339,6.19462391026641,2.36126873747144,-7.83811057599734,-3.89031665476484
1987-04-01,4.80145129650573,7.4635281007712,6.13248969863847,2.47695057007142,3.65553912856704,3.14723019959106,0.261929292963359,-1.38849765281101,-1.38849765281101,0.315470650014473,4.39455297388617,0.202780208885961,4.19177276500021,1.36330818517266,0.237180526287351,5.43451100620773,4.07120282103507,-2.87169859342606,1.15871608299601,8.30620959963378,2.91248673803906
1987-07-01,2.99662274248682,6.00458491555536,4.50060382902109,2.50849915015543,1.99210467886566,3.64099790049255,0.317146768265175,0.226732343506742,0.226732343506742,0.316312188795386,1.47886738067707,-0.00204349611551812,1.48091087679259,2.50728669479979,0.24179509702148,3.37990444584707,0.872617751047286,-1.4991807863189,0.475400602329541,4.87908523216597,0.397217148717745
1987-10-01,7.58427086577207,5.63081852967109,6.60754469772158,4.05527706585254,2.55226763186904,4.17727000490427,0.372232869162659,1.92442197610249,1.92442197610249,0.316996907986579,1.19921008737687,1.1325953689979,0.0666147183789663,-1.44418441662631,0.233411336453458,0.0921146855205635,1.53629910214687,3.59322445731744,0.383381675484879,-3.50110977179688,1.152917426662
1988-01-01,1.49422545608271,4.98396750039074,3.23909647823672,0.282952752260357,2.95614372597637,4.57758939359327,0.427165086844283,-0.466065416051196,-0.466065416051196,0.317524807587927,1.91056813727323,-4.1557674669006,6.06633560417383,3.07922187127772,0.239713361072584,4.25165938429876,1.17243751302103,-3.600096754874,-4.3309667762261,7.85175613917276,5.50340428924713
1988-04-01,6.01240275498451,5.16947117217068,5.5909369635776,5.39930938432676,0.191627579250842,4.08790534805707,0.415172593545776,0.963575386795038,0.963575386795038,0.317905613890785,-0.0487190774659023,-1.01844455039833,0.969725472932431,2.10743808936205,0.237992471769134,1.55716461190845,-0.550273477453599,1.6496098717,-1.85173929251717,-0.0924452597915495,1.30146581506357
1988-07-01,2.0533972433519,3.69711349687378,2.87525537011284,0.755286276324796,2.11996909378804,3.97573664177455,0.403216938245876,0.12090348777274,0.12090348777274,0.318139326895095,1.01297784867134,-0.462151405745918,1.47512925441726,4.33095937418526,0.235015656204542,4.32609396353724,-0.00486541064801638,-1.32938514137161,-0.195723070167742,5.65547910490885,0.190857659519725
1988-10-01,5.4840797187909,5.68107594329792,5.58257783104441,4.66222174613939,0.920356084905016,3.71891347324003,0.391296975196909,0.510939727040474,0.510939727040474,0.318225946600753,0.872195804237648,0.668609337883582,0.203586466354067,0.0558503945977553,0.237327411412571,0.914791369259148,0.858940974661392,2.75951821272833,0.0179631783230809,-1.84472684346918,0.840977796338311
1989-01-01,4.61890722692573,2.50826425321762,3.56358574007167,3.82592119091001,-0.262335450838336,3.57591121157094,0.37941156923722,-0.888928527687765,-0.888928527687765,0.318165473007911,0.423311254700538,0.432039014272083,-0.00872775957154442,2.38424043031341,0.234681343600888,2.24801493736044,-0.136225492952973,3.07371728615244,-0.378019124285632,-0.825702348792004,0.241793631332658
1989-04-01,2.98005191072299,-1.91321760996708,0.533417150377957,1.01508444391989,-0.481667293541932,3.67186760134183,0.464305154592992,3.16147964999891,3.16147964999891,0.317317925008962,-3.48299769975702,-1.03394823336412,-2.4490494663929,4.92072829759548,0.234976100979164,0.28147704849164,-4.63925124910384,-7.93434306248323,1.08549911231812,8.21582011097487,-5.72475036142196
1989-07-01,2.98401723175079,1.28103484748738,2.13252603961909,1.42173225649564,0.710793783123442,3.73538158122893,0.548903036870385,0.0453490456270202,0.0453490456270202,0.315683302604067,-0.0506197859095695,-2.19406822197054,2.14344843606097,1.31779308867142,0.237843406593407,0.953744905366996,-0.364048183304428,-7.15372530214364,-0.646326267510822,8.10747020751063,0.282278084206394
1989-10-01,0.225288657039613,-0.243098213042003,-0.00890477800119527,-0.0936393042934469,0.0847345262922516,3.73188272824106,0.633152370076928,-0.504016463880845,-0.504016463880845,0.313261605793154,-0.767527191557256,-0.334798251811055,-0.432728939746202,0.910952689762368,0.232328517802298,-0.0682147899953961,-0.979167479757764,-0.803722141500735,-0.192882869020224,0.735507351505339,-0.78628461073754
1990-01-01,4.6763006359404,3.94250589002052,4.30940326298046,0.714061660472964,3.5953416025075,3.46510196602283,0.717001041321552,0.658752524827385,0.658752524827385,0.310052834576268,2.28786932051782,1.54670697482048,0.741162345697339,3.06208489134871,0.234070481445226,4.63321052712238,1.57112563577368,0.201309050822907,1.95786483226895,4.43190147629947,-0.386739196495273
1990-04-01,1.12002980124792,2.10413426863063,1.61208203493928,-2.03226402727594,3.64434606221522,3.4191859087497,0.69634024196894,0.581117913168631,0.581117913168631,0.308204742041016,1.56216872428784,1.32074750516534,0.241421219122502,3.88398884529592,0.226011433597186,4.56833168258296,0.684342837287033,3.81041644908812,0.593742389555493,0.757915233494838,0.0906004477315403
1990-07-01,-0.461311799630515,-1.20326078075816,-0.83228629019434,-2.47531374713432,1.64302745693998,3.17115427420786,0.675784961340042,1.43534351933895,1.43534351933895,0.30771732818745,-1.08815204282011,-1.75676729858914,0.668615255769032,2.04638237832486,0.225609089915875,0.496547869510998,-1.54983450881386,-1.22296071929696,-1.91228515782141,1.71950858880796,0.36245064900755
1990-10-01,-5.33501863755781,-2.98740370666799,-4.1612111721129,-1.0612795134584,-3.0999316586545,2.98432525166167,0.655331677764437,-0.0678897471419075,-0.0678897471419075,0.308590593015475,-4.30142762241742,-3.98377032172314,-0.317657300694271,1.51854225561934,0.22446467044805,-3.12374445376711,-4.64228670938645,-11.1343667171703,-1.91415956093633,8.0106222634032,-2.72812714845012
1991-01-01,-3.05215554627658,-1.67896570846686,-2.36556062737172,-3.96097446942356,1.59541384205184,2.79982531492001,0.634976922986041,2.13886348410706,2.13886348410706,0.310824536525222,-1.98006085042533,-3.69823375519088,1.71817290476554,-0.346429633823592,0.221026744543498,-2.2499202700715,-1.90349063624791,-8.80894936320883,-2.24811358069802,6.55902909313733,0.344622944450108
1991-04-01,3.95204343988276,1.36165743052352,2.65685043520314,-2.48173303782444,5.13858347302758,2.38259530886819,0.72847040984847,0.15929041165526,0.15929041165526,0.311661458435762,3.51291407654299,1.16019093487286,2.35272314167012,1.87355127954525,0.218860825188133,4.97641837701468,3.10286709746943,6.08783491399874,-0.220444248050289,-1.11141653698406,3.32331134551972
1991-07-01,2.42135141211808,1.18820439067324,1.80477790139566,-0.334770498871251,2.13954840026691,2.24424636881271,0.82145213551037,0.216098813351441,0.216098813351441,0.311101358747152,1.18834256960444,2.09547984650534,-0.907137276900892,2.53189244402778,0.219299182165659,3.16499307132552,0.633100627297739,10.071893960513,-0.145098172445422,-6.90690088918748,0.778198799743162
1991-10-01,1.50914453705209,1.49301527590762,1.50107990647985,-0.883922127543357,2.38500203402321,2.23088619685178,0.913859384935378,1.4085635791575,1.4085635791575,0.309144237459259,0.448962724180351,0.828925973334627,-0.379963249154276,1.55520399006561,0.216806188407333,1.66698886496396,0.111784874898351,-1.67709396488411,1.52265033994206,3.34408282984808,-1.41086546504371
1992-01-01,6.10672950284812,8.83955294058101,7.47314122171456,-2.59187886287471,10.0650200845893,2.35180290792596,1.00563076544482,-0.515565950237193,-0.515565950237193,0.305790094572253,8.91120215791694,-0.826356550065664,9.7375587079826,1.29547349358243,0.216852152890667,9.92574943540322,8.63027594182079,-2.34150026494862,-0.406816130304716,12.2672497003518,9.03709207212551
1992-04-01,5.02561263693551,3.70908576268079,4.36734919980815,2.15427546087739,2.21307373893076,2.16478032544518,0.923426959390738,0.393454713441663,0.393454713441663,0.30368566623232,1.93591540547792,3.48796648874303,-1.55205108326511,2.12040451419801,0.218669945691157,3.59265117971297,1.47224666551496,8.21843927792644,2.16405449764567,-4.62578809821347,-0.69180783213071
1992-07-01,4.33797041046642,0.804738320162635,2.57135436531453,0.463030740208481,2.10832362510605,2.63596714210365,0.841785657992133,1.20452092740813,1.20452092740813,0.302830952439453,0.610536517201901,0.229996107078079,0.380540410123822,2.19187164353844,0.21949545913219,2.32130228798305,0.129430644444603,-1.35566772504469,0.675920496543021,3.67697001302773,-0.546489852098418
1992-10-01,4.75548106326809,4.24373874437958,4.49960990382383,2.55987085905289,1.93973904477094,2.75477018355433,0.760654501583602,0.951275939958664,0.951275939958664,0.303225953193676,1.2178161250077,1.36308553612398,-0.145269411116278,3.73481955376299,0.220831187353908,4.12787104216061,0.393051488397625,1.14333847596036,1.42536601171009,2.98453256620025,-1.03231452331246
1993-01-01,-0.260453768485824,-3.04285336026009,-1.65165356437296,2.88988041143412,-4.54153397580708,2.93715150911196,0.679982176398042,0.619369845502262,0.619369845502262,0.304870668494931,-4.986487693615,2.0186966461647,-7.00518433977969,3.64309865660359,0.222463096903884,-2.15384404648582,-5.79694270308941,7.45033918974617,0.464635331893344,-9.60418323623199,-6.26157803498276
1993-04-01,2.47558190021042,5.78046674229444,4.12802432125243,4.22159607159855,-0.093571750346122,3.03543436066917,0.63015738936123,-0.134399003191329,-0.134399003191329,0.307042385358526,0.363762983460241,2.21940047022743,-1.85563748676719,2.25038947342314,0.226976309591014,2.10336735906333,-0.14702211435981,5.1650982761425,1.35448051311304,-3.06173091707917,-1.50150262747285
1993-07-01,1.92923174591666,0.433339499619301,1.18128562276798,2.31635080656432,-1.13506518379634,3.04639399824271,0.580565981774228,0.96418903262497,0.96418903262497,0.309741103784606,-2.02672962519994,1.55244907393423,-3.57917869913417,2.06309050977171,0.227053884373917,-0.432071829486858,-2.49516233925857,2.51737804100414,1.26899998778329,-2.949449870491,-3.76416232704186
1993-10-01,6.8264448587728,9.93683220857893,8.38163853367586,3.76258392347104,4.61905461020482,2.97101389915365,0.531188830706952,0.456765750207889,0.456765750207889,0.312966823772963,4.55297654235227,1.24893495072874,3.30404159162353,0.645883848153427,0.230026951129874,5.05028969813093,4.40440584997751,6.15984428295795,-0.218183284936252,-1.10955458482701,4.62258913491376
1994-01-01,4.65144399575053,2.43787045717383,3.54465722646218,3.74689487021946,-0.202237643757286,3.18853856031345,0.48200707976136,2.74240056299814,2.74240056299814,0.316719545323671,-1.89922399074524,1.35123292054588,-3.25045691129112,0.867202675282822,0.232333550004643,-1.2335015915844,-2.10070426686723,2.67566209233507,0.950395641264818,-3.90916368391947,-3.05109990813204
1994-04-01,6.48098545244444,7.53429421223366,7.00763983233905,6.78580627623653,0.221833556102524,3.35902529743778,0.432051930089372,1.10309506908359,1.10309506908359,0.320015544503881,0.56836923701709,1.79075707959726,-1.22238784258017,0.309471561045309,0.230630630630631,0.806467176776274,0.496995615730965,3.63281948573817,1.23856975410303,-2.8263523089619,-0.74157413837207
1994-07-01,2.37198081296519,4.22941440958091,3.30069761127305,4.42307417973744,-1.12237656846439,3.47436628004938,0.382257899318006,1.10102383554743,1.10102383554743,0.322854821313428,-1.5616346308919,-0.924465765357883,-0.637168865534017,0.871584399202215,0.232801756722704,-0.892956610956063,-1.76454101015828,-1.37865883810204,-0.786643571221413,0.485702227145973,-0.977897438936865
1994-10-01,5.6918557169201,5.97736543587892,5.83461057639951,1.79501035444751,4.039600221952,3.39084427718706,0.332606080607079,-1.81221622070349,-1.81221622070349,0.325237375752398,4.74339115756949,1.25506485719364,3.48832630037585,2.71106019038133,0.237716648115758,6.80998720665331,4.09892701627197,3.25959911369074,0.62995457069736,3.55038809296257,3.46897244557461
1995-01-01,1.22802322714737,1.52559927713387,1.37681125214062,2.04828880385861,-0.671477551717992,3.78629000328153,0.283077744030891,1.16167124830737,1.16167124830737,0.327163207820801,-2.02170275559553,-2.73388102097336,0.712178265377827,1.024183279598,0.239283272261865,-1.24258940253563,-2.26677268213363,-3.78782899745484,-2.40236192666329,2.54523959491921,0.135589244529667
1995-04-01,1.09675549480492,2.60505446791264,1.85090498135878,-0.186623746591152,2.03752872794993,4.08511722045726,0.346836921469773,1.65678327887607,1.65678327887607,0.328913302132618,-0.479348919079978,-4.28691394674497,3.80756502766499,1.87943198697361,0.239627404892487,0.949719658183213,-0.929712328790395,-12.4686084299927,-1.7084961693833,13.4183280881759,0.778783840592902
1995-07-01,4.26071762811535,6.27508511346253,5.26790137078894,3.95638238212364,1.31151898866531,4.08062607035191,0.410430211880097,0.00773614176455917,0.00773614176455917,0.330487658687756,1.2652785406505,0.728209005219115,0.537069535431384,2.68855088116486,0.239693373576622,3.30940159107655,0.620850709911694,0.0793159056335029,0.932778281251777,3.23008568544305,-0.311927571340084
1995-10-01,3.4954082224445,3.34981588902963,3.42261205573706,0.784757496291633,2.63785455944543,3.924552608223,0.473827632810497,1.51413291579916,1.51413291579916,0.331886277486195,0.584186668921918,-0.407301387931454,0.991488056853371,3.684109897754,0.241282320647938,3.37938598102379,-0.304723916730204,-0.544565244822042,-0.363649654443536,3.92395122584584,0.0589257377133319
1996-01-01,3.77865615049995,5.69917962373108,4.73891788711551,0.856856907834924,3.88206097928059,4.15630652378186,0.536999511873404,-0.220911289093664,-0.220911289093664,0.333109158528165,2.93030780958073,-4.28269608977644,7.21300389935717,2.98576714711283,0.242288465718155,5.19265801562792,2.20689086851509,-12.1840244420477,-1.75613995727463,17.3766824576756,3.96303082578972
1996-04-01,7.82371620610718,6.75600321246463,7.28985970928591,3.38181208123736,3.90804762804855,4.20479234386961,0.470022069003306,-0.0746081312254678,-0.0746081312254678,0.334473445083842,3.68243627691315,6.18695863644057,-2.50452235952742,5.85141745541525,0.241952588386928,8.11808813325823,2.26667067784298,16.1424465704628,3.00937892653053,-8.02435843720459,-0.742708248687554
1996-07-01,4.41404377942902,4.54133761465769,4.47769069704336,2.96412149015488,1.51356920688848,4.41356084292457,0.40327968878664,-0.66009267034879,-0.66009267034879,0.335979137153434,1.46490312831238,1.77169401409069,-0.306790885778305,3.64886568943085,0.243686787347806,4.22458846042219,0.575722770991339,3.21702773121569,1.30600238755338,1.0075607292065,-0.730279616562042
1996-10-01,4.95277541263341,5.9772069089302,5.46499116078181,4.32475606693998,1.14023509384182,4.74926180469846,0.336738479773757,-0.248530796296833,-0.248530796296833,0.337626234736711,1.16153109930532,-0.737435484579235,1.89896658388455,4.23649485954091,0.242830463408458,4.36927594887636,0.132781089335449,-3.43959027460202,0.129167657982994,7.80886622347838,0.0036134313524557
1997-01-01,2.76918830819248,5.13328788787071,3.9512380980316,3.59966968120844,0.351568416823156,4.70191340480065,0.270364886718255,1.45813579682597,1.45813579682597,0.339414737833904,-0.985772365269013,1.27591286712362,-2.26168523239263,4.23748363705378,0.245359084942809,2.21200616413713,-2.02547747291665,6.26526253073705,-0.346292135942143,-4.05325636659992,-1.67918533697451
1997-04-01,8.02449968124002,6.10332472690338,7.0639122040717,1.81207285706328,5.25183934700841,4.9961575408957,0.324313902395801,0.391586170733763,0.391586170733763,0.339573845329442,3.91199371810499,0.764052930804812,3.14794078730018,5.54074318984475,0.242403367776502,8.10964209874665,2.56889890890191,0.383746186967962,0.885737256702094,7.72589591177869,1.68316165219981
1997-07-01,5.77549418961318,7.64847016044321,6.7119821750282,2.14699930765754,4.56498286737066,5.51513702970243,0.378131650389335,-0.313411333486267,-0.313411333486267,0.338103557223358,3.63364936908955,-0.794529879770204,4.42817924885975,3.87246947779012,0.247313444052003,6.54840508334113,2.67593560555101,-4.2410888868041,0.337920768407565,10.7894939701452,2.33801483714345
1997-10-01,3.62089977028219,6.21298364904277,4.91694170966248,1.44394190123016,3.47299980843232,5.7906539599142,0.431796660965134,0.850507455320318,0.850507455320318,0.335003873515687,1.45125026838178,1.86153601778602,-0.41028574940424,5.22458493488178,0.246407608291849,5.38845772514171,0.163872790259931,5.10125784757509,0.802220509305699,0.287199877566623,-0.638347719045768
1998-01-01,5.76668498835353,5.64671212088435,5.70669855461894,2.21500716187215,3.49169139274679,5.62736664141417,0.485287669114598,-0.485050555645152,-0.485050555645152,0.330274794206404,2.68952565108252,-0.0905564165247661,2.78008206760729,3.43703773000242,0.247955002716872,5.2743326814042,1.83729495140178,-5.07715701744022,1.55356404171219,10.3514896988444,0.283730909689586
1998-04-01,4.13998813636987,6.9432403962491,5.54161426630948,2.41073176313016,3.13088250317932,6.02500536217574,0.426431630110002,0.863393991103055,0.863393991103055,0.326713063419632,1.36874020826677,-3.39451313871857,4.76325334698534,4.88807201386872,0.252441008950366,5.02286239113242,0.1347903772637,-10.4442413398844,-1.01391104412079,15.4671037310169,1.14870142138449
1998-07-01,5.93298626382222,6.58556393785332,6.25927510083777,0.389564043734225,5.86971105710354,5.82917546571852,0.367763055878711,0.839363951380027,0.839363951380027,0.324318681155434,3.53840091306852,-0.525899278942005,4.06430019201052,5.1150060692433,0.252170684336799,7.36355240144386,2.24854633220055,-1.48564187131033,-0.202270689856723,8.84919427275418,2.45081702205728
1998-10-01,7.89715460220393,4.54912292693095,6.22313876456744,4.60264673286446,1.62049203170298,5.74389802963231,0.309255780832984,1.26410868231241,1.26410868231241,0.323091647413738,0.396077544483104,1.85615226227005,-1.46007471778695,3.31158954178512,0.257332456005264,2.85548761619931,-0.456101925585807,6.68335405162112,0.183538853846324,-3.82786643542181,-0.639640779432131
1999-01-01,4.80053020364366,7.1441177966669,5.97232400015528,-1.26367523724689,7.23599923740217,5.96306249310731,0.250883876780605,-0.944435045111341,-0.944435045111341,0.323031962194648,5.54088430742339,-1.03897959616243,6.57986390358582,3.15357590939223,0.256841930668436,7.88448969173785,4.73091378234562,-2.88950887367556,-0.399420487529675,10.7739985654134,5.13033426987529
1999-04-01,3.69771988875662,1.88566621710287,2.79169305292974,2.3314701287557,0.460222924174047,6.21194296607162,0.275659907193671,1.56494388682693,1.56494388682693,0.322040024404586,-1.85041396237788,-0.955245445712416,-0.895168516665468,3.86953348117747,0.263386812194822,0.999935430511122,-2.86959805066635,1.38633440590881,-1.79251154796045,-0.386398975397689,-1.0770865027059
1999-07-01,6.15022751143002,4.37476178598928,5.26249464870965,2.46212193879423,2.80037270991542,6.33678704650781,0.300384638165596,0.110304301099839,0.110304301099839,0.320115834043425,1.48503690956604,0.304865900200638,1.18017100936541,4.92187960837848,0.26502317458185,5.10250435922238,0.180624750843908,2.29130457552933,-0.411418294948317,2.81119978369306,0.592043045792225
1999-10-01,7.50387928867191,6.58412578596987,7.04400253732089,2.04658099453034,4.99742154279055,6.47483649871325,0.325053562334787,0.191393034290238,0.191393034290238,0.317259391111354,3.46184410107961,-1.33153924470505,4.79338334578467,3.61210529998403,0.260003150598614,6.13479064277385,2.52268534278981,-3.47003110248996,-0.580164936823415,9.60482174526381,3.10285027961323
2000-01-01,0.892732144571795,9.25614642818644,5.07443928637912,1.75911402110245,3.31532526527667,6.20865800396473,0.349662206837564,0.507264018412854,0.507264018412854,0.313470695608254,1.57227200412537,1.40063765251523,0.171634351610145,4.10756400488317,0.269665555324026,4.57216748060274,0.464603475719574,4.57734958438822,0.227682175120133,-0.00518210378547401,0.23692130059944
2000-04-01,8.66341760255338,2.72795687503589,5.69568723879463,0.889234136134931,4.8064531026597,6.21582232873471,0.329046261431998,-0.630161858497699,-0.630161858497699,0.310401701127044,3.58762961210813,-0.38033301155727,3.9679626236654,3.26906308930542,0.26419853230079,5.99301103122037,2.72394794191496,-3.38909323728183,0.699999211979927,9.3821042685022,2.02394872993503
2000-07-01,-0.0924748588097657,4.11815870310548,2.01284192214786,-0.339521232600859,2.35236315474872,6.64549872546766,0.308480909195907,1.5514034083965,1.5514034083965,0.308052407667706,-0.872878914117345,-2.19044881513677,1.31756990101942,4.13306660767232,0.264954461740293,2.16511325518238,-1.96795335248995,-5.07876547620679,-1.14932639967229,7.24387873138917,-0.818626952817653
2000-10-01,2.47211384078661,-0.497661277193728,0.987226281796438,-1.70615376602079,2.69338004781723,6.24318049600061,0.287962900027594,-1.78096942289184,-1.78096942289184,0.306422815230185,1.49276242253331,-3.45259301675169,4.945355439285,3.84623847028793,0.262812187812188,4.32816254559747,0.481924075309535,-11.5408944085824,-0.569061643433434,15.8690569541799,1.05098571874297
2001-01-01,-2.42009410211246,4.65085596441916,1.11538093115335,-0.223262481376807,1.33864341253016,5.92424513190841,0.267489008317767,2.73934591151773,2.73934591151773,0.305512923814631,-2.44193994532761,-2.22107359686404,-0.220866348463567,7.09174247031393,0.262380071956826,2.78907062532608,-4.30267184498785,-9.62800988930662,0.413660638891262,12.4170805146327,-4.71633248387912
2001-04-01,2.6038833220877,-1.19200303905522,0.705940141516237,-4.02741257436077,4.733352715877,5.15098241674885,0.362672959458266,0.240685151393532,0.240685151393532,0.306157358828735,1.7563219259784,-2.09550601611517,3.85182794209357,6.09912540115457,0.253767850966052,6.30768538130951,0.208559980154949,-2.21114246499268,-2.05618204278732,8.51882784630219,2.26474202294227
2001-07-01,-2.73683610339788,-3.31480220242071,-3.02581915290929,-4.92064854015197,1.89482938724268,4.38878822757433,0.4575980905134,1.50256196913057,1.50256196913057,0.308356120272656,-2.01503020623724,-2.93827412396502,0.92324391772778,4.24979612253305,0.251992947078253,1.16384726689697,-3.08594885563608,-3.8119677421458,-2.6439391590354,4.97581500904277,-0.44200969660068
2001-10-01,1.10851374313832,-4.64401763552935,-1.76775194619552,-4.26704213776965,2.49929019157413,3.68696693048488,0.552197439097668,-0.0657804768108416,-0.0657804768108416,0.312109208146263,0.0620205039749409,-3.58720788756436,3.64922839153931,2.47815240786352,0.258551320301571,1.89944333487683,-0.578709072986689,-6.05948377163795,-2.72509805922541,7.95892710651478,2.14638898623872
2002-01-01,3.78154378335154,5.70439483571334,4.74296930953244,-2.95501092571122,7.69798023524366,3.10931014415557,0.646404812566104,0.173085083972801,0.173085083972801,0.317416622449648,5.65491892257457,1.51368797533566,4.14123094723891,3.51757631082483,0.250811499405921,8.29024664460668,4.77267033378184,10.8663186873542,-1.61736292895766,-2.57607204274754,6.3900332627395
2002-04-01,2.59589611006668,4.34445135829229,3.47017373417948,0.661965112966456,2.80820862121303,2.97209693592968,0.610025742427567,1.06532403459192,1.06532403459192,0.321989849252647,1.34206911449491,1.43292159503165,-0.0908524805367414,3.62641358927065,0.248508559833785,4.06728788533424,0.440874296063594,6.67812246792155,-0.30159891350864,-2.6108345825873,0.742473209572234
2002-07-01,1.73823463649931,1.12503971548854,1.43163717599393,-1.59759695349386,3.02923412948779,2.82319193936281,0.573811325282847,0.658455834196777,0.658455834196777,0.3258288885552,1.14490149641337,-0.963198489832405,2.10809998624578,4.60886965381402,0.249819172533513,4.60238714699676,-0.0064825068172667,-3.86081129193846,0.00174117010176995,8.46319843893522,-0.00822367691903665
2002-10-01,0.276740404546771,3.49498001243695,1.88586020849186,0.597651254301468,1.2882089541904,2.73773510346473,0.537751253621721,-0.454361574088021,-0.454361574088021,0.328933740357354,0.889169891055352,0.722147058340142,0.16702283271521,4.59773270129029,0.24471186725377,4.36178283787917,-0.235949863411115,3.07567568656367,-0.0403915812564804,1.28610715131551,-0.195558282154635
2003-01-01,1.84755232495881,-1.22556193479646,0.310995195081176,-1.95887855242205,2.26987374750323,2.351704749765,0.50183536072268,-0.046178804170036,-0.046178804170036,0.331304404659074,0.872638075785414,1.261018041127,-0.38837996534159,8.03485760968073,0.241187384044527,6.96958939741699,-1.06526821226374,1.56042367772848,1.16585243536125,5.4091657196885,-2.23112064762499
2003-04-01,4.2150374657222,3.82712346989074,4.02108046780647,-1.89757243681328,5.91865290461975,2.3386504538744,0.440486436971099,1.49771325543972,1.49771325543972,0.333616344927935,3.50732807411867,-0.583606693832242,4.09093476795092,4.68690589818556,0.245121521662557,7.04537246665177,2.35846656846621,-2.1070891774563,-0.0889067449945851,9.15246164410808,2.4473733134608
2003-07-01,8.59313496014984,5.52516282305469,7.05914889160226,1.03173298578376,6.0274159058185,2.3267610044078,0.379339336086915,-0.134025819309681,-0.134025819309681,0.335869561163849,5.68146603970187,0.517142327675406,5.16432371202646,6.62408276254058,0.245417014512311,10.6798861867773,4.0558034242367,1.59402111251786,0.166903346078344,9.08586507425942,3.88890007815836
2003-10-01,5.29859200056997,3.65589517923901,4.47724358990449,2.03791753218923,2.43932605771526,2.59441240737394,0.318365626799277,0.531437349331903,0.531437349331903,0.338064053366913,1.89941765962621,3.98806893274845,-2.08865127312224,4.95484386993013,0.243391711695519,5.64829359887,0.693449728939868,12.8046541953713,1.1518803639078,-7.15636059650128,-0.458430634967934
2004-01-01,1.81666253248451,3.19058772277216,2.50362512762834,1.31339926812331,1.19022585950503,2.73678747988971,0.257537142887898,-0.0771543184703531,-0.0771543184703531,0.340199821537027,0.756895876980122,1.33276514646768,-0.575869269487557,5.35362997672563,0.24094929833507,4.82057246726811,-0.533057509457515,5.84524149336389,-0.0996530136807339,-1.02466902609577,-0.433404495776781
2004-04-01,3.67233841983783,5.55066753947564,4.61150297965673,0.569700784325988,4.04180219533075,2.67734430648328,0.218741405103273,0.292542768697975,0.292542768697975,0.342908872396852,3.12684527397736,-0.787001833567952,3.91384710754531,3.47272133966742,0.241111159584678,5.76225474452311,2.28953340485569,-2.55444888685738,-0.225455549279577,8.31670363138049,2.51498895413527
2004-07-01,4.40468096730804,5.88439401581304,5.14453749156054,2.35344880719879,2.79108868436175,3.0810041782241,0.18000919966461,-1.03671064737421,-1.03671064737421,0.346191205946451,3.21702595121589,0.121599489540065,3.09542646167582,5.34510569329435,0.242863893124852,7.26399846667296,1.91889277337861,-2.88257116831062,1.08523677344704,10.1465696349836,0.833655999931574
2004-10-01,4.506987196282,2.04128025384485,3.27413372506342,1.20410660540777,2.07002711965565,3.46765530502034,0.141329216172181,1.81394589137811,1.81394589137811,0.350046822185721,0.0986991940092909,-1.98015404253185,2.07885323654114,3.73962011469749,0.243836424336251,2.92646371156302,-0.813156403134463,-4.07477357790646,-1.30471217480862,7.00123728946948,0.491555771674154
2005-01-01,5.13764752558572,3.86317126888969,4.5004093972377,1.34759775396525,3.15281164327246,3.80802840193721,0.102690194850297,0.3145702424152,0.3145702424152,0.354475721114709,2.07758598618602,0.220290632668488,1.85729535351753,3.38738836636488,0.24148140506525,4.64698305033943,1.25959468397455,-0.19040430294218,0.351039161137955,4.83738735328161,0.908555522836592
2005-04-01,1.66403180109924,4.09147135958179,2.87775158034052,2.6773544235855,0.200397156755017,3.79562186748412,0.157967203614362,-1.27457819750316,-1.27457819750316,0.358835600149543,0.61633715246055,-0.391954686223636,1.00829183868419,4.24009319787609,0.244329592138394,3.8204501086708,-0.419643089205292,-4.97420342041193,1.08961578769379,8.79465352908273,-1.50925887689908
2005-07-01,3.70633573554073,3.50703611557606,3.60668592555839,0.935642822367555,2.67104310319084,3.668232900347,0.21317874140081,-0.155287013729298,-0.155287013729298,0.363126459290157,1.77766553374279,1.96779188028474,-0.19012634654195,8.55563468621077,0.244022489445567,8.24553294503756,-0.310101741173208,6.13235484256618,0.623509798714072,2.11317810247138,-0.93361153988728
2005-10-01,2.74610979117078,7.68950670416224,5.21780824766651,2.14626736098538,3.07154088668113,3.70486346877247,0.268302020885258,0.866629268092109,0.866629268092109,0.367348298536607,1.95071877738332,3.35724328940169,-1.40652451201837,4.89011560645908,0.237538073317628,5.67924574438365,0.789130137924568,6.42801954125948,2.4005708983884,-0.748773796875829,-1.61144076046383
2006-01-01,6.65083108677926,7.70143925759577,7.17613517218751,4.02196784997457,3.15416732221294,3.74322665503502,0.323314376252526,0.19009949024282,0.19009949024282,0.371501117888891,3.13824267062717,0.63742832969146,2.50081434093571,3.96435353859493,0.240155355525144,6.15053547573347,2.18618193713854,-0.0836515394705737,0.865331748633519,6.23418701520404,1.32085018850502
2006-04-01,0.901106451861011,1.68175472004819,1.2914305859546,1.15918285025032,0.132247735704283,3.74635468942517,0.443964270659336,0.485410916056128,0.485410916056128,0.37347056836359,-1.13810902687338,2.63679775598841,-3.77490678286179,5.74051759194147,0.238806112520747,3.23153787507958,-2.50897971686188,4.62832239713547,2.0120052223587,-1.39678452205589,-4.52098493922058
2006-07-01,0.363806224532937,1.60836219089688,0.98608420771491,1.49983633430324,-0.513752126588329,3.54614260817111,0.564212615783077,0.496451686735113,0.496451686735113,0.373256649960749,-1.58869734444292,1.2383048526231,-2.82700219706602,3.78252098798597,0.240682847344588,1.28343572201393,-2.49908526597204,-0.273434547831902,1.71748505034693,1.55687026984583,-4.21657031631897
2006-10-01,4.27686098976565,0.981025757143783,2.62894337345472,2.14542756251355,0.483515810941171,3.44014174052584,0.683952149833544,-0.516671274276906,-0.516671274276906,0.370859362680412,0.328417830813533,-0.594770949864425,0.923188780677958,1.77140388798915,0.240716993494641,1.67341470062122,-0.0979891873679334,-5.02270530824894,0.809025838697602,6.69612000887015,-0.907015026065535
2007-01-01,1.29599967756064,-0.293914755590663,0.501042460984991,-0.100114715300137,0.601157176285128,3.1842234858612,0.803077133078389,0.317826163262399,0.317826163262399,0.366278706522422,-0.803239179102087,-0.380576303444842,-0.422662875657245,5.24435676354834,0.240719150196165,3.17870048099938,-2.06565628254896,-0.951769917084959,-0.199487525414356,4.13047039808434,-1.8661687571346
2007-04-01,2.54576395666746,1.86831989628971,2.20704192647858,0.925106414086585,1.281935512392,3.33629926760131,0.773202365668268,1.43117360832333,1.43117360832333,0.361751557130758,-0.503761583897432,1.56079518787051,-2.06455677176794,4.41933922516073,0.239587135869168,2.85676081387277,-1.56257841128796,7.15308284162479,-0.201195232229715,-4.29632202775202,-1.36138317905825
2007-07-01,2.17541910479788,-5.39171219353172,-1.60814654436692,-1.22977611783384,-0.378370426533081,3.4294301601824,0.743497466636711,0.820716492871041,0.820716492871041,0.357277914505373,-2.57049454469097,-1.56057812903934,-1.00991641565164,4.41351272831308,0.237816059765671,0.793413976849055,-3.62009875146403,-1.34424090709277,-1.62807950631602,2.13765488394183,-1.99201924514801
2007-10-01,2.02072504515307,-1.10365753600199,0.458533754575541,-0.610036469721464,1.06857022429701,3.46953777305912,0.713955192303928,-0.861239509305242,-0.861239509305242,0.352857778646205,0.186405168336619,-2.27768073993213,2.46408590826875,4.40507578801717,0.237164318238858,3.5467541602982,-0.858321627718976,-4.70970268898909,-1.52156924530669,8.25645684928729,0.663247617587711
2008-01-01,-3.58987200540071,-1.68570880722072,-2.63779040631071,-1.21448257964971,-1.423307826661,3.6048996176925,0.684568421410248,2.81355388526509,2.81355388526509,0.348491149553299,-4.9358751262084,0.315613855808399,-5.2514889820168,1.91149224528582,0.235652574276196,-3.47483094923317,-5.38632319451899,1.87377916484416,-0.164777199181331,-5.34861011407733,-5.22154599533766
2008-04-01,2.04299843452453,-2.10930839269317,-0.0331549790843155,-2.39788695044041,2.36473197135609,3.39297405002632,0.861230939656821,0.0184041859249255,0.0184041859249255,0.346731075759237,0.344837624351352,-0.484187383883526,0.829025008234878,2.79347935934278,0.231654084224838,2.49119608090459,-0.302283278438186,-2.62506528562316,0.161281147389065,5.11626136652775,-0.463564425827251
2008-07-01,-3.57488445207323,-1.40125283294736,-2.4880686425103,-4.26318904028804,1.77512039777774,3.07126529051654,1.03675230273765,0.437756392976611,0.437756392976611,0.347577557264188,-1.05977341761808,-3.19986972933347,2.14009631171539,2.77506718393442,0.226049419203453,1.0879914411374,-1.68707574279702,-8.32355992799818,-1.70338245698778,9.41155136913558,0.0163067141907594
2008-10-01,-11.9186622844207,-12.4540881556978,-12.1863752200593,-10.1365274376001,-2.04984778245922,2.61907151680422,1.21090752810105,0.90533608943184,0.90533608943184,0.351030594068069,-7.11498868524511,-6.54411922961669,-0.57086945562842,-3.34874926728656,0.217090069284065,-9.73675774208147,-6.38800847479491,-18.8882151068641,-3.1212725851882,9.15145736478264,-3.26673588960671
2009-01-01,-6.07753764401338,-8.95767470762365,-7.51760617581851,-10.7953509534173,3.27774477759881,1.517976211996,1.38347756730504,2.14706760027664,2.14706760027664,0.35709018617077,-2.49959434345285,-7.28040478048166,4.7808104370288,2.97370014949325,0.210106832391431,-0.150688912851552,-3.12438906234481,-19.4909233733516,-4.03248026535796,19.3402344605001,0.908091203013152
2009-04-01,-0.869301868477024,1.97272526803012,0.551711699776547,-9.66971101173968,10.2214227115162,0.746974194785682,1.03734309695582,1.58487788677287,1.58487788677287,0.363263786902202,5.42826905257948,-5.3070823808164,10.7353514333959,0.0225350794183845,0.208717201717713,5.44610067328118,5.42356559386279,-2.55920668617404,-6.03189142114797,8.00530735945522,11.4554570150108
2009-07-01,1.65610799294811,1.98308133851555,1.81959466573183,-5.1570571676411,6.97665183337293,0.721943977178885,0.693885326287003,0.675988899200529,0.675988899200529,0.36955139626231,4.37788249403383,4.43039204642365,-0.0525095523898162,3.42291522926662,0.212894541141475,7.07207775619957,3.64916252693295,15.2223099002419,1.51141800848843,-8.15023214404232,2.13774451844452
2009-10-01,5.18132232848849,7.72828614862497,6.45480423855673,-0.0559655812587323,6.51076981981547,1.05412347122202,0.352208991944636,0.804859832664816,0.804859832664816,0.375953014251057,5.59115814192335,3.89293140558617,1.69822673633719,2.68748621265015,0.211344744182598,7.7106582684667,5.02317205581654,15.3187300646556,0.831032715543057,-7.60807179618895,4.19213934027349
2010-01-01,1.82124141463689,2.17593499008828,1.99858820236258,1.68485972038326,0.313728481979325,1.79495137057204,0.0114341389235051,0.595147620268265,0.595147620268265,0.382468640868564,-0.0959004406674551,4.23185737361164,-4.3277578142791,6.46505852394611,0.212244710633806,4.99698360763309,-1.46807491631302,8.17834425369255,3.16855640034009,-3.18136064605946,-4.63663131665311
2010-04-01,4.52449514564712,4.50204614209433,4.51327064387073,3.27948412712793,1.2337865167428,1.73520618690745,0.205028765487114,-1.11214493952261,-1.11214493952261,0.386718234208363,2.51304516723845,5.00580912987723,-2.49276396263878,4.45241501614076,0.21481749186845,6.00900355685443,1.55658854071367,11.7598829810958,3.15796714462255,-5.75087942424139,-1.60137860390888
2010-07-01,4.39642442566175,8.36341514439489,6.37991978502832,1.32450452146244,5.05541526356588,1.74396046678515,0.398325945447198,0.76494932410118,0.76494932410118,0.38870179427047,4.42475983570446,1.70674752086717,2.71801231483729,3.77890071666626,0.217151364941248,7.38306710376918,3.60416638710292,0.678685186109032,1.99191776865161,6.70438191766015,1.61224861845131
2010-10-01,2.88029613160603,1.45872978728647,2.16951295944625,2.01968588192223,0.149827077524023,1.80692054894321,0.591046267054551,0.950522036620603,0.950522036620603,0.388419321054997,-0.34885166880484,1.71152849405165,-2.06038016285649,3.54859273097232,0.219041003139207,2.4224537506428,-1.12613898032951,3.78448185389262,1.13011284326136,-1.36202810324982,-2.25625182359087
2011-01-01,-1.95653611618383,-0.0825680967615483,-1.01955210647269,0.853350693572352,-1.87290280004504,1.57564969814035,0.782913097149773,-0.649866931081244,-0.649866931081244,0.385870814561889,-1.75251465626684,-0.0376890756695195,-1.71482558059733,2.32497794694891,0.222187104930468,0.0558831716223045,-2.26909477532661,0.831356912707843,-0.285937482751716,-0.775473741085538,-1.98315729257489
2011-04-01,3.64034515674838,3.91600683053603,3.77817599364221,3.69803724077507,0.0801387528671427,1.52612026772028,0.657242308514583,0.484350072089299,0.484350072089299,0.384878841261788,0.618129663194772,2.09263262313339,-1.47450295993862,2.26681407063689,0.220569680418964,2.38495327870207,0.118139208065182,-0.712070957072257,2.88633099079301,3.09702423577433,-2.76819178272783
2011-07-01,0.263203555566349,1.53318190942002,0.898192732493186,1.25363679536079,-0.355444062867605,1.79089094123475,0.532187792803995,2.37172061202519,2.37172061202519,0.385443401154815,-2.02008168087501,-1.19191665520928,-0.828165025665737,3.03882338948199,0.225192281280044,0.334422137122374,-2.70440125235962,-1.63818492010326,-1.06221199919424,1.97260705722564,-1.64218925316537
2011-10-01,5.9309589330887,4.85073231671223,5.39084562490046,3.67505470276406,1.71579092213641,2.06084202788637,0.407630563032768,-1.27328456413215,-1.27328456413215,0.387564494241027,3.1212071170822,1.01249631335582,2.10871080372638,2.07268268613827,0.226162844675518,4.72512599081375,2.65244330467548,2.59202107101561,0.550861963066773,2.13310491979813,2.1015813416087
2012-01-01,4.88159438149403,10.9397928561119,7.91069361880297,3.27007563842798,4.64061798037498,2.40108074860942,0.283453187989124,0.929983348566973,0.929983348566973,0.39124212052019,4.41447069256364,1.24047390768622,3.17399678487742,1.41129794531233,0.227595769058333,5.50456319664216,4.09326525132984,3.84084952952828,0.47425012772044,1.66371366711388,3.6190151236094
2012-04-01,2.44177763373337,1.28896984548028,1.86537373960682,0.530638944906769,1.33473479470005,2.47806815398678,0.341259904881497,2.45266636514517,2.45266636514517,0.393515994489834,-0.919112668522919,-1.01228483958026,0.0931721710573374,3.81350023088752,0.227645681902181,2.02626070187009,-1.78723952901743,-0.974813506521849,-1.0233292358709,3.00107420839194,-0.763910293146528
2012-07-01,0.753657251213014,-4.56076996801187,-1.90355635839943,2.01882605167825,-3.92238241007767,2.57922146384624,0.398918620101796,-1.45715685715864,-1.45715685715864,0.394386116149822,-3.26092015654802,-0.232704840721087,-3.02821531582694,3.75807178726624,0.226861437631446,-0.355409937663182,-4.11348172492942,-3.76940785347009,0.80506713056655,3.41399791580691,-4.91854885549597
2012-10-01,0.618509239321696,7.57238494445716,4.09544709188943,1.94743632802457,2.14801076386486,2.37186515365465,0.456404701004942,1.0201252490338,1.0201252490338,0.393852485500174,1.36250203179218,1.42755544730655,-0.0650534155143687,2.48036759244175,0.229958746342689,3.27248740220699,0.792119809765239,-1.70885488724769,2.36418706947587,4.98134228945468,-1.57206725971063
2013-01-01,4.95494346899257,-0.303390687781402,2.32577639060558,2.05119702331942,0.274579367286165,2.33170239792632,0.513693762319178,-0.389314041269267,-0.389314041269267,0.391915102540981,0.401381063498385,0.734660053623368,-0.333278990124984,2.96042910566431,0.23146574763261,2.67657223290677,-0.283856872757544,3.40080274079336,-0.0683239493407704,-0.724230507886595,-0.215532923416774
2013-04-01,1.34158876495967,3.12882008208852,2.2352044235241,1.75478884117872,0.480415582345373,2.62635846841032,0.365890180519557,0.8353703844616,0.8353703844616,0.39103931934236,-0.369110129369718,0.1218804990037,-0.490990628373418,2.49812634217255,0.230189818603653,1.55397296324912,-0.944153378923425,-1.37567015179291,0.569680386543991,2.92964311504204,-1.51383376546742
2013-07-01,4.49212118398208,0.477229636729959,2.48467541035602,1.79027325878813,0.694402151567886,2.53163076752626,0.218491410576149,-0.703741141927609,-0.703741141927609,0.391225135904225,0.832784377493779,-0.675183445507338,1.50796782300112,4.02384519435619,0.228196844419065,3.93840079606707,-0.0854443982891224,0.668197893343172,-1.07237718611391,3.27020290272389,0.986932787824784
2013-10-01,4.74846589437021,3.19622334084357,3.97234461760689,1.24930097677449,2.7230436408324,2.80040027318029,0.0713339623050757,0.325541699340074,0.325541699340074,0.392472552226595,1.91650422347125,-0.0758820552581965,1.99238627872945,3.3612440552931,0.228681394811793,4.50909429989708,1.14785024460398,0.824487151660889,-0.34282451548007,3.68460714823619,1.49067476008405
2014-01-01,-2.00586389330546,3.31231987767175,0.653227992183147,1.28828737082536,-0.635059378642211,3.03851431332219,-0.075744764852459,2.51822498286305,2.51822498286305,0.394781568309491,-2.85009289067087,-1.00285824624454,-1.84723464442634,3.48851626994895,0.231189802355082,-0.16808600768391,-3.65660227763286,-3.59027755704557,-0.224792397344218,3.42219154936166,-3.43180988028864
2014-04-01,6.76876993919819,7.24431773201317,7.00654383560568,4.35363943931257,2.65290439629311,2.84093029601477,0.110486341443661,-2.29527201021624,-2.29527201021624,0.396017630716857,4.63826771406532,1.96976341794222,2.6685042961231,4.69908330450833,0.232078927335901,8.24679280580131,3.54770950129299,6.92740433774811,0.471479248198648,1.3193884680532,3.07623025309434
2014-07-01,6.44480854122804,6.09055434830665,6.26768144476735,3.75256676485911,2.51511467990824,2.99365766887571,0.296563219143309,1.33047992772526,1.33047992772526,0.396180739448707,2.01241044059189,0.234459760465152,1.77795068012674,2.81934971601078,0.232500018485245,4.17626129551379,1.35691157950301,0.42434042470594,0.176938901821164,3.75192087080785,1.17997267768185
2014-10-01,2.63998980469395,4.49421960399121,3.56710470434258,4.22519273996542,-0.658088035622839,3.06047806681378,0.48222661334556,-0.713131149976461,-0.713131149976461,0.395270894504907,0.233540937502752,1.57977354970584,-1.34623261220309,0.898114068330515,0.233015490255181,0.922380515896157,0.0242664475656419,2.12112216124469,1.41530789164626,-1.19874164534853,-1.39104144408062
2015-01-01,4.53821562253118,3.34196607514379,3.94009084883749,2.15593714152575,1.78415370731173,2.88687593154836,0.667219187245038,0.482769506688,0.482769506688,0.39328809588558,1.20378217572377,-1.070185330554,2.27396750627778,-0.58390413654149,0.232922740524781,0.755882590869284,1.33978672741077,-4.98036341136129,0.11713887084997,5.73624600223058,1.2226478565608
2015-04-01,3.0475855497361,1.62224115302187,2.33491335137899,0.813743032605174,1.52117031877381,2.98287706390321,0.577160964714807,-0.155221533415728,-0.155221533415728,0.391540097298066,0.766313448226214,-1.71513702953674,2.48145047776296,3.03135968888589,0.232352729626699,3.09332843891912,0.0619687500332367,-1.65158722253598,-1.73437238891827,4.7449156614551,1.7963411389515
2015-07-01,1.70359438444692,0.488808567513388,1.09620147598015,0.655572251944747,0.440629224035405,2.90696452673269,0.487490579544669,1.57788753527024,1.57788753527024,0.390026898742465,-1.39994327607728,0.468223627231219,-1.86816690330849,3.08212089078747,0.233367883055149,0.962909587107077,-2.1192113036804,-1.72943095224885,1.13720420548243,2.69234053935592,-3.25641550916283
2015-10-01,0.585768035980649,0.665268322844881,0.625518179412765,3.01659007308501,-2.39107189367225,2.8739224629424,0.398146760527851,1.08346911814,1.08346911814,0.388748500218612,-2.99788219762943,-0.270274923140985,-2.72760727448844,2.04432905754957,0.23331808565384,-1.43053208223384,-3.47486113978341,-0.969523344134649,-0.0574783253213452,-0.461008738099189,-3.41738281446207
2016-01-01,2.67938601141537,2.7904564609301,2.73492123617274,1.00865268729926,1.72626854887348,2.77558626818505,0.309068968810422,-1.56050914317103,-1.56050914317103,0.387704901726631,1.99671183771307,-0.00946298235064345,2.00617482006371,1.78668192153067,0.233814562091317,3.36564150816457,1.5789595866339,3.36990418691313,-1.04073454629984,-0.00426267874855712,2.61969413293373
2016-04-01,1.38886869114856,-2.78648052431834,-0.698805916584888,1.42085940312313,-2.11966531970802,2.75858293658308,0.26065052970381,1.53502026957711,1.53502026957711,0.386400486544769,-3.57845003445576,-0.314741600448753,-3.26370843400701,4.55040973720721,0.232328635986091,-0.0852307846717304,-4.63564052187894,1.27155782057891,-0.794820444116815,-1.35678860525064,-3.84082007776212
2016-07-01,3.39171931334725,3.12371680658607,3.25771805996666,1.8934034957784,1.36431456418826,2.68579528163327,0.212326545352326,-0.92297931071186,-0.92297931071186,0.384835254673025,1.62715860209412,-0.0468751926810569,1.67403379477518,4.02842062197333,0.232102051053394,4.72057453520165,0.69215391322832,2.97865318425809,-0.961360434855667,1.74192135094356,1.65351434808399
2016-10-01,2.80123212629313,2.47213475683061,2.63668344156187,-0.574776715206227,3.2114601567681,2.7053492404651,0.164079398229688,0.751994520884527,0.751994520884527,0.383009206111474,1.49116802210042,0.193043387322364,1.29812463477805,3.8207955795186,0.231398240574259,4.42783822692451,0.607042647405905,-1.23039440041702,0.621589114170432,5.65823262734153,-0.014546466764527
2017-01-01,2.14183532561272,3.86013996867938,3.00098764714605,1.82670863867287,1.17427900847318,2.81998709956256,0.115891563196158,0.469613375145101,0.469613375145101,0.38092234086007,0.505189903039558,-1.20583816224894,1.7110280652885,2.65683197290635,0.231544928306981,2.54684590725561,-0.109986065650737,-2.3810951523613,-0.851718831735167,4.92794105961691,0.74173276608443
2017-04-01,2.60992572992116,2.8991022469345,2.75451398842783,2.61236573135193,0.142148257075903,2.77618697244458,0.343861097237763,0.00940112078724997,0.00940112078724997,0.379731207627774,0.0741089975230545,1.62450495143595,-1.5503959539129,1.86415313974231,0.23229557516141,1.50522761147998,-0.358925528262335,3.1491400912672,1.16317376034264,-1.64391247978722,-1.52209928860497
2017-07-01,3.93507546438912,2.38806141235912,3.16156843837412,0.696424995062372,2.46514344331175,2.85270826189827,0.571243378061936,0.555744645886205,0.555744645886205,0.379435806414745,1.30209713508755,-0.819649881586586,2.12174701667414,4.58061040169304,0.232950722475001,4.81565103432969,0.235040632636653,-2.52735160068663,-0.301025640755861,7.34300263501632,0.536066273392515
2017-10-01,5.39451503891186,5.07454636607321,5.23453070249253,2.57502209674527,2.65950860574726,2.94203093787269,0.797652676304139,-0.228345740807516,-0.228345740807516,0.38003613722075,2.66159809095955,1.09154974948791,1.57004834147165,3.30564886882108,0.235295655698056,5.18944214168384,1.88379327286276,1.36483072070487,1.00746257803212,3.82461142097896,0.876330694830633
2018-01-01,3.71618506737121,3.27158713464115,3.49388610100618,1.97777883448254,1.51610726652365,3.06332692507076,1.02270876717192,1.68956046679945,1.68956046679945,0.381532200045978,0.0569969704750644,1.04152673948953,-0.98452976901447,2.80092034666732,0.235755549973917,2.1975848003807,-0.603335546286624,4.51839356782399,-0.0310236091221961,-2.32080876744329,-0.572311937164428
2018-04-01,2.18068924563077,2.55146742045973,2.36607833304525,1.76341211390607,0.602666219139181,3.14683114912928,0.551076585538723,-0.233713387487664,-0.233713387487664,0.382325679238652,0.218108354695065,1.44189706742221,-1.22378871272715,4.01455412130761,0.235070402828833,3.28895962152874,-0.725594499778865,1.24166090899583,1.50343161203424,2.04729871253292,-2.22902611181311
2018-07-01,2.81993268277567,4.68835604660249,3.75414436468908,2.11997983678316,1.63416452790592,3.04519913619807,0.0813897695213228,0.66880681814423,0.66880681814423,0.382416574798721,0.86730132693852,-2.26278964354424,3.13009097048276,2.41363258281281,0.23409182440596,2.71592225499501,0.302289672182198,-3.01522655108066,-2.03281517134466,5.73114880607568,2.33510484352686
2018-10-01,0.553920808617292,1.9748276768734,1.26437424274535,0.989397724939778,0.27497651780557,3.04204272699282,-0.388010261363902,0.777098403409683,0.777098403409683,0.381804886726247,-0.98913181021319,-0.935136424312267,-0.0539953859009231,2.82763544425315,0.235377021660424,1.1729432248302,-1.65469221942294,-1.29910500233946,-0.823094486911878,2.47204822716967,-0.831597732511066
2019-01-01,3.17787128023852,5.18045240347291,4.17916184185572,0.0585831662316849,4.12057867562403,2.92627938182765,-0.858778711155139,-0.245512915193229,-0.245512915193229,0.380490615021187,3.18154473395371,-1.54673921759484,4.72828395154854,-0.34241278414785,0.233998213754093,2.91925592966302,3.26166871381087,-6.87048251366688,0.0795578017260444,9.7897384433299,3.18211091208482
2019-04-01,3.64061639549789,0.477600559032965,2.05910847726543,1.13092469871958,0.928183778545844,2.99129594067539,0.561375826037036,0.498330703059323,0.498330703059323,0.379697273687613,-0.0873100037844831,-1.86031330396769,1.77300330018321,3.39522965562337,0.235123030203044,2.50962296697348,-0.885606688649887,-3.98040418610838,-1.2085977834349,6.49002715308186,0.322991094785016
2019-07-01,5.50578449701398,2.34878064899497,3.92728257300448,1.36454552764391,2.56273704536056,3.17734257799377,1.97557306553584,-0.062592953810086,-0.062592953810086,0.379424862725519,1.91376040428545,-2.79159635684523,4.70535676113069,2.75497080545319,0.232979804967846,4.02687864879205,1.27190784333886,-4.07478541289738,-2.40183199607326,8.10166406168943,3.67373983941212
2019-10-01,2.80061687675861,3.30773897647951,3.05417792661906,-0.811946375672079,3.86612430229114,3.24585108632835,3.36895941852404,0.184971261901787,0.184971261901787,0.379673382134836,2.2107440185775,-1.78234258941833,3.99308660799583,3.55239507518798,0.230483382244172,4.94437106176861,1.39197598658063,-1.9936621068584,-1.71904878134459,6.93803316862701,3.11102476792522
2020-01-01,-7.35521524617724,-3.95479450285023,-5.65500487451374,-5.67107625179766,0.0160713772839216,3.26637330622951,4.72740366605215,2.33310938157789,2.33310938157789,0.380442831915677,-4.82961188395681,-2.33646978764512,-2.49314209631169,0.633536769704861,0.228020278710992,-4.34053434505371,-4.97407111475858,-2.46516772357352,-2.29845617354277,-1.87536662148019,-2.67561494121581
2020-04-01,-39.872295242197,-44.6456203531106,-42.2589577976538,-58.337165017295,16.0782072196412,2.85840025374336,2.88440715106013,8.80024723955643,8.80024723955643,0.382626921293052,-12.7698992484715,-17.8508045666035,5.08090531813197,-6.18197773632459,0.243778733099174,-17.4448422841876,-11.262864547863,-66.0986669543501,-2.29741658026607,48.6538246701625,-8.96544796759693
2020-07-01,38.0131098218655,32.2189942838186,35.1160520528421,30.9498589574083,4.16619309543371,1.52216764908018,1.08079212635772,-2.85313247893443,-2.85313247893443,0.386225650266991,17.2831018388091,18.9781133457493,-1.69501150694019,3.64984138541158,0.24438618419047,20.0409724151395,16.3911310297279,61.6563065554542,5.17481784156476,-41.6153341403147,11.2163131881632
2020-10-01,5.43227978691796,18.664047128215,12.0481634575665,9.15740626991877,2.89075718764771,2.27430884692037,-0.708237278862001,-4.89044501721061,-4.89044501721061,0.391239018837499,8.56080557698291,4.61813926450311,3.9426663124798,0.785119499408322,0.246046114228014,9.15274947435717,8.36762997494885,9.90703164834276,2.89215648999768,-0.75428217398559,5.47547348495117
2021-01-01,7.051838611034,3.99649815321474,5.52416838212437,4.09080472780303,1.43336365432134,2.4441076748529,-2.50681411482709,1.40613852484102,1.40613852484102,0.397667027004548,1.24123717763424,2.95254051654008,-1.71130333890584,7.7637645251719,0.248670766101068,7.07438043050335,-0.68938409466855,3.69707898797204,2.70611731918635,3.3773014425313,-3.3955014138549
2021-04-01,7.74788926207393,6.20842643235306,6.9781578472135,6.57768913974692,0.400468707466572,2.54761241790787,-1.66445040841872,1.23023089227643,1.23023089227643,0.402256096398548,1.2862286218998,0.930143051465424,0.356085570434373,2.41428818482354,0.251079985748642,3.09433736368473,0.680049178861189,-5.39223839198729,3.04975984967106,8.48657575567201,-2.36971067080987
2021-07-01,3.47762809307035,4.88524939222721,4.18143874264878,5.46540033552176,-1.28396159287298,2.54047515511001,-0.811487583608184,-2.3761930007383,-2.3761930007383,0.405006227019441,1.31447135759901,-1.19682801170603,2.51129936930504,1.39497437028102,0.240599339618543,2.37381581560563,0.978841445324608,-4.83844098347668,-0.0430633103239857,7.21225679908231,1.02190475564859
2021-10-01,8.28442953179547,8.10227372649024,8.19335162914285,5.77101524165009,2.42233638749276,2.55285499889164,0.0466800974084691,0.402160356155163,0.402160356155163,0.405917418867208,3.4897272243204,-0.40555413896916,3.89528136328956,2.69651110788517,0.238002817342307,5.54446109153407,2.8479499836489,3.54772793796192,-1.64032546552026,1.99673315357215,4.48827544916917
2022-01-01,-2.25809030681958,0.544684799378814,-0.856702753720384,3.17265795403685,-4.02936070775723,2.84018531693489,0.904547707149206,0.263064607310699,0.263064607310699,0.404989671941938,-4.05123888182404,-0.371914070455467,-3.67932481136858,4.61266620956916,0.241454075748489,-0.552319728622692,-5.16498593819185,2.50058696940164,-1.28626488494261,-3.05290669802434,-3.87872105324924
2022-04-01,-0.116053649250603,-1.2756005452097,-0.695827097230151,2.65881854275527,-3.35464563998542,3.08583549125556,0.589758668421325,0.180039953528301,0.180039953528301,0.404398499702943,-3.63456271974154,-0.573433743538508,-3.06112897620303,9.07631261862617,0.239167998401918,3.27098637701774,-5.80532624160842,-4.78860535979755,0.751607995325954,8.05959173681529,-6.55693423693438
2022-07-01,2.81445711207766,3.63292501247798,3.22369106227782,2.4805209469779,0.743170115299918,2.93282815577184,0.276358190782489,1.10733997095696,1.10733997095696,0.404143902150291,-0.0994423591201925,-1.74005636302814,1.64061400390795,0.690320713130545,0.238317986374256,0.42636251170464,-0.263958201425905,-1.83126127348159,-1.71151982124577,2.25762378518623,1.44756161981986
2022-10-01,3.02363534877728,-3.56124719850612,-0.268805924864424,0.49732217576981,-0.766128100634234,2.8608892797943,-0.0363932567307046,1.11581173354422,1.11581173354422,0.404225879283928,-2.38631484594209,-1.90286236511715,-0.483452480824935,4.06878439683982,0.235419685115425,0.724597609391146,-3.34418678744867,-3.49684489561935,-1.41206387331061,4.2214425050105,-1.93212291413806
2023-01-01,3.09039161258369,3.35162957599096,3.22101059428732,1.91464570910966,1.30636488517766,2.94817695837568,-0.34923011441812,-1.2715970490217,-1.2715970490217,0.404644431103866,1.6452046053173,-0.112970069025595,1.7581746743429,0.78828687446993,0.238308736830094,2.24563583047256,1.45734895600263,-2.61707809101111,0.670484919183136,4.86271392148367,0.786864036819494
2023-04-01,2.66371683599083,1.47011030809985,2.06691357204534,-0.780770449134494,2.84768402117983,2.75359898888479,-0.080027166611174,-0.124987537788089,-0.124987537788089,0.404811994253134,1.49131996390722,-0.909889739160284,2.4012097030675,2.03332345914662,0.238617216548219,3.03945743889008,1.00613397974346,0.186743928920785,-1.25357451787861,2.85271350996929,2.25970849762207
2023-07-01,5.16350839092752,2.30565839543999,3.73458339318375,0.278205206601712,3.45637818658204,2.82562941601931,0.18933735510025,1.41974795785588,1.41974795785588,0.404728568731698,1.58022743343886,-0.132979895828602,1.71320732926746,5.21853479765517,0.234797492122515,5.57346334805052,0.354928550395351,-1.02997110815312,0.142256116784483,6.60343445620365,0.212672433610868
2023-10-01,3.54277332405637,6.46115958827558,5.00196645616597,-0.343020506966951,5.34498696313292,2.80155244451849,0.458319728650736,-0.947236483026769,-0.947236483026769,0.404394154539607,4.63751962935294,-2.86271480820133,7.50023443755427,2.14632072029411,0.233060859569577,6.28361699766331,4.1372962773692,-7.80631743711611,-1.3604309667238,14.0899344347794,5.497727244093
2024-01-01,0.424367769478451,1.70758487312064,1.06597632129954,-0.0114390844927925,1.07741540579234,2.86288377357533,0.726378798923122,1.12143054175791,1.12143054175791,0.403808751676808,-0.751848394038671,0.4138246041021,-1.16567299814077,2.20913814106988,0.232792450268178,0.943019066190667,-1.26611907487922,0.0289791040657798,0.530597603741446,0.914039962124887,-1.79671667862066
2024-04-01,4.08358373438134,3.31507872190286,3.6993312281421,0.331600706967095,3.36773052117501,2.78818539728975,0.739969823275999,0.18524815968055,0.18524815968055,0.403402961056015,2.26621847947873,2.11345394198021,0.152764537498525,2.13587858713329,0.232788054379318,3.90489004592282,1.76901145878953,5.11297322894127,1.20333743132029,-1.20808318301845,0.565674027469242
2024-07-01,3.69527518754076,1.81937674314518,2.75732596534297,0.548253005563026,2.20907295977995,2.8019734257982,0.753483105413721,0.909298217962632,0.909298217962632,0.403176782677198,0.757734923745275,-0.482639183138849,1.24037410688412,0.353119019533043,0.234250503217509,1.02813563525703,0.675016615723987,-0.390713814292657,-0.510760081684855,1.41884944954969,1.18577669740884
2024-10-01,1.70936939212076,4.06164047811721,2.88550493511899,-0.220733755030622,3.10623869014961,2.7502824254965,0.766917573042036,0.861109467925668,0.861109467925668,0.403130216540386,1.3945620722929,-0.145514430212367,1.54007650250527,1.43868701842687,0.234776424183189,2.49547929701474,1.05679227858787,-0.245334560607799,-0.114888853562139,2.74081385762254,1.17168113215001
2025-01-01,-1.11369284562066,0.993157830536617,-0.0602675075420223,-0.129452303667676,0.0691847961256542,2.48779189118432,0.780272179235197,1.11978651431346,1.11978651431346,0.403263262645568,-1.65447138811544,0.931432790150021,-2.58590417826546,4.35949786017336,0.236986646073217,1.67188369561207,-2.68761416456129,4.91596941049697,-0.306136598317777,-3.2440857148849,-2.38147756624351
2025-04-01,5.01483292252836,3.42909115833727,4.22196204043281,0.627833106296194,3.59412893413662,2.96159562368754,0.584206902350815,1.30796054882721,1.30796054882721,0.403363047224454,1.87239777742054,0.999777141172892,0.872620636247645,0.235391914802548,0.238365488909956,2.05168038336573,1.81628846856318,2.01684217795684,0.681470655297849,0.0348382054088834,1.13481781326533
2025-07-01,5.34173265056843,4.29099624847531,4.81636444952187,0.269855533009178,4.54650891651269,2.9417477481626,0.388997781459466,-0.67654297057497,-0.67654297057497,0.403429570277045,3.87219411900872,1.16477817368402,2.7074159453247,0.546886676868543,0.237195753063337,4.28936159871712,3.74247492184858,1.81731619610365,0.96186995935267,2.47204540261347,2.78060496249591
2025-10-01,1.49823035869652,2.99009973571707,2.24416504720679,-0.0835977431652424,2.32776279037203,2.88146029235832,0.194357120799893,0.596396253408016,0.596396253408016,0.403462831803341,0.77569954676733,0.71848182134268,0.0572177254246509,0.283766113312387,0.237852137380007,0.991971283512349,0.708205170199962,2.69293540109908,0.102291673556589,-1.70096411758673,0.605913496643372
2026-01-01,1.49263955743599,0.417915488773346,0.95527752310467,0.873114136170017,0.0821633869346527,2.88177143831081,0.22530264895762,-1.11415053268413,-1.11415053268413,0.403901195494679,-0.0649918981671557,2.3162278400182,-2.38121973818536,2.04951860479926,0.241146485423001,1.49029249827571,-0.559226106523551,9.54728444847732,0.0183615805508757,-8.05699195020161,-0.577587687074426
2026-04-01,1.5879237784354,2.50311913262351,2.04552145552945,0.356290058806152,1.6892313967233,3.18847235761153,0.250577933716192,0.761552186843239,0.761552186843239,0.40434082686629,0.0904389182750509,1.85100450613597,-1.76056558786092,4.09972052548364,0.243482757249115,3.19194818626314,-0.907772339220497,4.63599645114413,0.954663379499604,-1.44404826488099,-1.8624357187201
