"date","price","d12","e12","ret","retx","AAA","BAA","lty","ltr","corpr","tbl","Rfree","dp","dy","ep","de","bm","tms","dfy","dfr","infl","eqis","ntis","svar","cay","ik","csp","pce","vp","impvar","vrp","govik","lzrt","skew","crdstd","ogap","wtexas","accrul","cfacc","sntm","ndrbl","skvw","tail","fbm","dtoy","dtoat","ygap","rdsp","rsvix","gpce","gip","tchi","house","avgcor","shtint","disag"
1871-01-01,4.44,0.26,0.4,,,,,,,,,,0.0585585585585586,,0.0900900900900901,0.65,,,,,,,,,,,,,,,,,,,,,,,,,,,,,,,,,,,,,,,,
1871-02-01,4.5,0.26,0.4,,,,,,,,,0.00496742145162011,0.0577777777777778,0.0585585585585586,0.0888888888888889,0.65,,,,,,,,,,,,,,,,,,,,,,,,,,,,,,,,,,,,,,,,
1871-03-01,4.61,0.26,0.4,,,,,,,,,0.004524663161801,0.0563991323210412,0.0577777777777778,0.0867678958785249,0.65,,,,,,,,,,,,,,,,,,,,,,,,,,,,,,,,,,,,,,,,
1871-04-01,4.74,0.26,0.4,,,,,,,,,0.00425162888307922,0.0548523206751055,0.0563991323210412,0.0843881856540084,0.65,,,,,,,,,,,,,,,,,,,,,,,,,,,,,,,,,,,,,,,,
1871-05-01,4.86,0.26,0.4,,,,,,,,,0.0046427320390861,0.0534979423868313,0.0548523206751055,0.0823045267489712,0.65,,,,,,,,,,,,,,,,,,,,,,,,,,,,,,,,,,,,,,,,
1871-06-01,4.82,0.26,0.4,,,,,,,,,0.00369818102080534,0.0539419087136929,0.0534979423868313,0.0829875518672199,0.65,,,,,,,,,,,,,,,,,,,,,,,,,,,,,,,,,,,,,,,,
1871-07-01,4.73,0.26,0.4,,,,,,,,,0.00337349160827133,0.0549682875264271,0.0539419087136929,0.0845665961945032,0.65,,,,,,,,,,,,,,,,,,,,,,,,,,,,,,,,,,,,,,,,
1871-08-01,4.79,0.26,0.4,,,,,,,,,0.00325542273098624,0.0542797494780793,0.0549682875264271,0.0835073068893528,0.65,,,,,,,,,,,,,,,,,,,,,,,,,,,,,,,,,,,,,,,,
1871-09-01,4.84,0.26,0.4,,,,,,,,,0.00371293963046598,0.0537190082644628,0.0542797494780793,0.0826446280991736,0.65,,,,,,,,,,,,,,,,,,,,,,,,,,,,,,,,,,,,,,,,
1871-10-01,4.59,0.26,0.4,,,,,,,,,0.00455418038112228,0.0566448801742919,0.0537190082644628,0.0871459694989107,0.65,,,,,,,,,,,,,,,,,,,,,,,,,,,,,,,,,,,,,,,,
1871-11-01,4.64,0.26,0.4,,,,,,,,,0.00704100610893958,0.0560344827586207,0.0566448801742919,0.0862068965517241,0.65,,,,,,,,,,,,,,,,,,,,,,,,,,,,,,,,,,,,,,,,
1871-12-01,4.74,0.26,0.4,,,,,,,,,0.0064875582466657,0.0548523206751055,0.0560344827586207,0.0843881856540084,0.65,,,,,,,,,,,,,,,,,,,,,,,,,,,,,,,,,,,,,,,,
1872-01-01,4.86,0.2633,0.4025,,,,,,,,,0.00697459236546672,0.0541769547325103,0.055548523206751,0.0828189300411523,0.65416149068323,,,,,,,,,,,,,,,,,,,,,,,,,,,,,,,,,,,,,,,,
1872-02-01,4.88,0.2667,0.405,,,,,,,,,0.0057643863732945,0.0546516393442623,0.0548765432098765,0.0829918032786885,0.658518518518519,,,,,,,,,,,,,,,,,,,,,,,,,,,,,,,,,,,,,,,,
1872-03-01,5.04,0.27,0.4075,,,,,,,,,0.00521831781585093,0.0535714285714286,0.055327868852459,0.0808531746031746,0.662576687116564,,,,,,,,,,,,,,,,,,,,,,,,,,,,,,,,,,,,,,,,
1872-04-01,5.18,0.2733,0.41,,,,,,,,,0.00600052412786469,0.0527606177606178,0.0542261904761905,0.0791505791505791,0.666585365853659,,,,,,,,,,,,,,,,,,,,,,,,,,,,,,,,,,,,,,,,
1872-05-01,5.18,0.2767,0.4125,,,,,,,,,0.00603004134718596,0.0534169884169884,0.0534169884169884,0.0796332046332046,0.670787878787879,,,,,,,,,,,,,,,,,,,,,,,,,,,,,,,,,,,,,,,,
1872-06-01,5.13,0.28,0.415,,,,,,,,,0.00495266284195947,0.0545808966861598,0.0540540540540541,0.0808966861598441,0.674698795180723,,,,,,,,,,,,,,,,,,,,,,,,,,,,,,,,,,,,,,,,
1872-07-01,5.1,0.2833,0.4175,,,,,,,,,0.00406714626232126,0.0555490196078431,0.055224171539961,0.0818627450980392,0.678562874251497,,,,,,,,,,,,,,,,,,,,,,,,,,,,,,,,,,,,,,,,
1872-08-01,5.04,0.2867,0.42,,,,,,,,,0.00439921497968559,0.0568849206349206,0.0562156862745098,0.0833333333333333,0.682619047619048,,,,,,,,,,,,,,,,,,,,,,,,,,,,,,,,,,,,,,,,
1872-09-01,4.95,0.29,0.4225,,,,,,,,,0.00521831781585093,0.0585858585858586,0.0575396825396825,0.0853535353535353,0.686390532544379,,,,,,,,,,,,,,,,,,,,,,,,,,,,,,,,,,,,,,,,
1872-10-01,4.97,0.2933,0.425,,,,,,,,,0.00701886819444863,0.0590140845070423,0.0592525252525253,0.085513078470825,0.690117647058824,,,,,,,,,,,,,,,,,,,,,,,,,,,,,,,,,,,,,,,,
1872-11-01,4.95,0.2967,0.4275,,,,,,,,,0.0076092125808741,0.0599393939393939,0.0596981891348089,0.0863636363636364,0.694035087719298,,,,,,,,,,,,,,,,,,,,,,,,,,,,,,,,,,,,,,,,
1872-12-01,5.07,0.3,0.43,,,,,,,,,0.00821431557696021,0.0591715976331361,0.0606060606060606,0.0848126232741617,0.697674418604651,,,,,,,,,,,,,,,,,,,,,,,,,,,,,,,,,,,,,,,,
1873-01-01,5.11,0.3025,0.4325,,,,,,,,,0.00763135049536505,0.0591976516634051,0.0596646942800789,0.0846379647749511,0.699421965317919,,,,,,,,,,,,,,,,,,,,,,,,,,,,,,,,,,,,,,,,
1873-02-01,5.15,0.305,0.435,,,,,,,,,0.0064875582466657,0.0592233009708738,0.0596868884540117,0.0844660194174757,0.701149425287356,,,,,,,,,,,,,,,,,,,,,,,,,,,,,,,,,,,,,,,,
1873-03-01,5.11,0.3075,0.4375,,,,,,,,,0.00656135129496889,0.0601761252446184,0.0597087378640777,0.0856164383561644,0.702857142857143,,,,,,,,,,,,,,,,,,,,,,,,,,,,,,,,,,,,,,,,
1873-04-01,5.04,0.31,0.44,,,,,,,,,0.00710741985241245,0.0615079365079365,0.060665362035225,0.0873015873015873,0.704545454545455,,,,,,,,,,,,,,,,,,,,,,,,,,,,,,,,,,,,,,,,
1873-05-01,5.05,0.3125,0.4425,,,,,,,,,0.0080519708706932,0.0618811881188119,0.0620039682539683,0.0876237623762376,0.706214689265537,,,,,,,,,,,,,,,,,,,,,,,,,,,,,,,,,,,,,,,,
1873-06-01,4.98,0.315,0.445,,,,,,,,,0.00563155888634877,0.0632530120481928,0.0623762376237624,0.0893574297188755,0.707865168539326,,,,,,,,,,,,,,,,,,,,,,,,,,,,,,,,,,,,,,,,
1873-07-01,4.97,0.3175,0.4475,,,,,,,,,0.00467962856323769,0.0638832997987928,0.0637550200803213,0.0900402414486922,0.709497206703911,,,,,,,,,,,,,,,,,,,,,,,,,,,,,,,,,,,,,,,,
1873-08-01,4.97,0.32,0.45,,,,,,,,,0.00439183567485527,0.0643863179074447,0.0643863179074447,0.0905432595573441,0.711111111111111,,,,,,,,,,,,,,,,,,,,,,,,,,,,,,,,,,,,,,,,
1873-09-01,4.59,0.3225,0.4525,,,,,,,,,0.00484935257433501,0.0702614379084967,0.0648893360160966,0.0985838779956427,0.712707182320442,,,,,,,,,,,,,,,,,,,,,,,,,,,,,,,,,,,,,,,,
1873-10-01,4.19,0.325,0.455,,,,,,,,,0.0101772106618249,0.0775656324582339,0.0708061002178649,0.108591885441527,0.714285714285714,,,,,,,,,,,,,,,,,,,,,,,,,,,,,,,,,,,,,,,,
1873-11-01,4.04,0.3275,0.4575,,,,,,,,,0.0118154163341556,0.0810643564356436,0.0781622911694511,0.113242574257426,0.715846994535519,,,,,,,,,,,,,,,,,,,,,,,,,,,,,,,,,,,,,,,,
1873-12-01,4.42,0.33,0.46,,,,,,,,,0.0103395553680919,0.0746606334841629,0.0816831683168317,0.104072398190045,0.717391304347826,,,,,,,,,,,,,,,,,,,,,,,,,,,,,,,,,,,,,,,,
1874-01-01,4.66,0.33,0.46,,,,,,,,,0.00687128209784226,0.0708154506437768,0.0746606334841629,0.0987124463519313,0.717391304347826,,,,,,,,,,,,,,,,,,,,,,,,,,,,,,,,,,,,,,,,
1874-02-01,4.8,0.33,0.46,,,,,,,,,0.00512976615788711,0.06875,0.0708154506437768,0.0958333333333333,0.717391304347826,,,,,,,,,,,,,,,,,,,,,,,,,,,,,,,,,,,,,,,,
1874-03-01,4.73,0.33,0.46,,,,,,,,,0.00406714626232126,0.0697674418604651,0.06875,0.0972515856236786,0.717391304347826,,,,,,,,,,,,,,,,,,,,,,,,,,,,,,,,,,,,,,,,
1874-04-01,4.6,0.33,0.46,,,,,,,,,0.00417045652994572,0.0717391304347826,0.0697674418604651,0.1,0.717391304347826,,,,,,,,,,,,,,,,,,,,,,,,,,,,,,,,,,,,,,,,
1874-05-01,4.48,0.33,0.46,,,,,,,,,0.00425162888307922,0.0736607142857143,0.0717391304347826,0.102678571428571,0.717391304347826,,,,,,,,,,,,,,,,,,,,,,,,,,,,,,,,,,,,,,,,
1874-06-01,4.46,0.33,0.46,,,,,,,,,0.00381624989809044,0.0739910313901345,0.0736607142857143,0.103139013452915,0.717391304347826,,,,,,,,,,,,,,,,,,,,,,,,,,,,,,,,,,,,,,,,
1874-07-01,4.46,0.33,0.46,,,,,,,,,0.00374245684978725,0.0739910313901345,0.0739910313901345,0.103139013452915,0.717391304347826,,,,,,,,,,,,,,,,,,,,,,,,,,,,,,,,,,,,,,,,
1874-08-01,4.47,0.33,0.46,,,,,,,,,0.00377935337393885,0.0738255033557047,0.0739910313901345,0.102908277404922,0.717391304347826,,,,,,,,,,,,,,,,,,,,,,,,,,,,,,,,,,,,,,,,
1874-09-01,4.54,0.33,0.46,,,,,,,,,0.00365390519182343,0.0726872246696035,0.0738255033557047,0.101321585903084,0.717391304347826,,,,,,,,,,,,,,,,,,,,,,,,,,,,,,,,,,,,,,,,
1874-10-01,4.53,0.33,0.46,,,,,,,,,0.00425162888307922,0.0728476821192053,0.0726872246696035,0.101545253863135,0.717391304347826,,,,,,,,,,,,,,,,,,,,,,,,,,,,,,,,,,,,,,,,
1874-11-01,4.57,0.33,0.46,,,,,,,,,0.00392693947054521,0.0722100656455142,0.0728476821192053,0.100656455142232,0.717391304347826,,,,,,,,,,,,,,,,,,,,,,,,,,,,,,,,,,,,,,,,
1874-12-01,4.54,0.33,0.46,,,,,,,,,0.00378673267876916,0.0726872246696035,0.0722100656455142,0.101321585903084,0.717391304347826,,,,,,,,,,,,,,,,,,,,,,,,,,,,,,,,,,,,,,,,
1875-01-01,4.54,0.3275,0.4517,,,,,,,,,0.00406714626232126,0.072136563876652,0.072136563876652,0.0994933920704846,0.725038742528227,,,,,,,,,,,,,,,,,,,,,,,,,,,,,,,,,,,,,,,,
1875-02-01,4.53,0.325,0.4433,,,,,,,,,0.00351369840004738,0.0717439293598234,0.0715859030837004,0.0978587196467991,0.733137829912023,,,,,,,,,,,,,,,,,,,,,,,,,,,,,,,,,,,,,,,,
1875-03-01,4.59,0.3225,0.435,,,,,,,,,0.00346942257106547,0.0702614379084967,0.0711920529801325,0.0947712418300654,0.741379310344828,,,,,,,,,,,,,,,,,,,,,,,,,,,,,,,,,,,,,,,,
1875-04-01,4.65,0.32,0.4267,,,,,,,,,0.00399335321401808,0.0688172043010753,0.0697167755991285,0.0917634408602151,0.749941410827279,,,,,,,,,,,,,,,,,,,,,,,,,,,,,,,,,,,,,,,,
1875-05-01,4.47,0.3175,0.4183,,,,,,,,,0.00365390519182343,0.0710290827740492,0.0682795698924731,0.093579418344519,0.759024623475974,,,,,,,,,,,,,,,,,,,,,,,,,,,,,,,,,,,,,,,,
1875-06-01,4.38,0.315,0.41,,,,,,,,,0.00300452636675541,0.0719178082191781,0.0704697986577181,0.0936073059360731,0.768292682926829,,,,,,,,,,,,,,,,,,,,,,,,,,,,,,,,,,,,,,,,
1875-07-01,4.39,0.3125,0.4017,,,,,,,,,0.00299714706192509,0.0711845102505695,0.0713470319634703,0.091503416856492,0.777943739108788,,,,,,,,,,,,,,,,,,,,,,,,,,,,,,,,,,,,,,,,
1875-08-01,4.41,0.31,0.3933,,,,,,,,,0.00282004374599745,0.0702947845804989,0.0706150341685649,0.0891836734693877,0.788202390033054,,,,,,,,,,,,,,,,,,,,,,,,,,,,,,,,,,,,,,,,
1875-09-01,4.37,0.3075,0.385,,,,,,,,,0.00328493995030751,0.0703661327231121,0.0697278911564626,0.0881006864988558,0.798701298701299,,,,,,,,,,,,,,,,,,,,,,,,,,,,,,,,,,,,,,,,
1875-10-01,4.3,0.305,0.3767,,,,,,,,,0.00398597390918776,0.0709302325581395,0.0697940503432494,0.0876046511627907,0.809662861693655,,,,,,,,,,,,,,,,,,,,,,,,,,,,,,,,,,,,,,,,
1875-11-01,4.37,0.3025,0.3683,,,,,,,,,0.00429590471206113,0.0692219679633867,0.0703488372093023,0.084279176201373,0.821341297855009,,,,,,,,,,,,,,,,,,,,,,,,,,,,,,,,,,,,,,,,
1875-12-01,4.37,0.3,0.36,,,,,,,,,0.00435493915070368,0.068649885583524,0.068649885583524,0.0823798627002288,0.833333333333333,,,,,,,,,,,,,,,,,,,,,,,,,,,,,,,,,,,,,,,,
1876-01-01,4.46,0.3,0.3533,,,,,,,,,0.00451728385697069,0.0672645739910314,0.068649885583524,0.0792152466367713,0.849136711010473,,,,,,,,,,,,,,,,,,,,,,,,,,,,,,,,,,,,,,,,
1876-02-01,4.52,0.3,0.3467,,,,,,,,,0.00439183567485527,0.0663716814159292,0.0672645739910314,0.0767035398230089,0.865301413325642,,,,,,,,,,,,,,,,,,,,,,,,,,,,,,,,,,,,,,,,
1876-03-01,4.51,0.3,0.34,,,,,,,,,0.00357273283868993,0.0665188470066519,0.0663716814159292,0.0753880266075388,0.88235294117647,,,,,,,,,,,,,,,,,,,,,,,,,,,,,,,,,,,,,,,,
1876-04-01,4.34,0.3,0.3333,,,,,,,,,0.00361700866767184,0.0691244239631336,0.0665188470066519,0.0767972350230415,0.9000900090009,,,,,,,,,,,,,,,,,,,,,,,,,,,,,,,,,,,,,,,,
1876-05-01,4.18,0.3,0.3267,,,,,,,,,0.00369818102080534,0.0717703349282297,0.0691244239631336,0.0781578947368421,0.918273645546373,,,,,,,,,,,,,,,,,,,,,,,,,,,,,,,,,,,,,,,,
1876-06-01,4.15,0.3,0.32,,,,,,,,,0.00336611230344102,0.072289156626506,0.0717703349282297,0.0771084337349398,0.9375,,,,,,,,,,,,,,,,,,,,,,,,,,,,,,,,,,,,,,,,
1876-07-01,4.1,0.3,0.3133,,,,,,,,,0.00314473315853146,0.0731707317073171,0.072289156626506,0.0764146341463415,0.957548675390999,,,,,,,,,,,,,,,,,,,,,,,,,,,,,,,,,,,,,,,,
1876-08-01,3.93,0.3,0.3067,,,,,,,,,0.00245107850448153,0.0763358778625954,0.0731707317073171,0.0780407124681934,0.97815454841865,,,,,,,,,,,,,,,,,,,,,,,,,,,,,,,,,,,,,,,,
1876-09-01,3.69,0.3,0.3,,,,,,,,,0.00229611310304485,0.0813008130081301,0.0763358778625954,0.0813008130081301,1,,,,,,,,,,,,,,,,,,,,,,,,,,,,,,,,,,,,,,,,
1876-10-01,3.67,0.3,0.2933,,,,,,,,,0.00314473315853146,0.0817438692098093,0.0813008130081301,0.0799182561307902,1.02284350494374,,,,,,,,,,,,,,,,,,,,,,,,,,,,,,,,,,,,,,,,
1876-11-01,3.6,0.3,0.2867,,,,,,,,,0.00382362920292076,0.0833333333333333,0.0817438692098093,0.0796388888888889,1.04638995465644,,,,,,,,,,,,,,,,,,,,,,,,,,,,,,,,,,,,,,,,
1876-12-01,3.58,0.3,0.28,,,,,,,,,0.00365390519182343,0.0837988826815642,0.0833333333333333,0.0782122905027933,1.07142857142857,,,,,,,,,,,,,,,,,,,,,,,,,,,,,,,,,,,,,,,,
1877-01-01,3.55,0.2908,0.2817,,,,,,,,,0.00397859460435744,0.0819154929577465,0.0812290502793296,0.0793521126760563,1.03230386936457,,,,,,,,,,,,,,,,,,,,,,,,,,,,,,,,,,,,,,,,
1877-02-01,3.34,0.2817,0.2833,,,,,,,,,0.00373507754495694,0.0843413173652695,0.0793521126760563,0.0848203592814371,0.99435227673844,,,,,,,,,,,,,,,,,,,,,,,,,,,,,,,,,,,,,,,,
1877-03-01,3.17,0.2725,0.285,,,,,,,,,0.0029602505377735,0.0859621451104101,0.0815868263473054,0.0899053627760252,0.956140350877193,,,,,,,,,,,,,,,,,,,,,,,,,,,,,,,,,,,,,,,,
1877-04-01,2.94,0.2633,0.2867,,,,,,,,,0.00291597470879159,0.0895578231292517,0.0830599369085173,0.0975170068027211,0.918381583536798,,,,,,,,,,,,,,,,,,,,,,,,,,,,,,,,,,,,,,,,
1877-05-01,2.94,0.2542,0.2883,,,,,,,,,0.00287169887980968,0.0864625850340136,0.0864625850340136,0.0980612244897959,0.881720430107527,,,,,,,,,,,,,,,,,,,,,,,,,,,,,,,,,,,,,,,,
1877-06-01,2.73,0.245,0.29,,,,,,,,,0.00259128529625758,0.0897435897435897,0.0833333333333333,0.106227106227106,0.844827586206897,,,,,,,,,,,,,,,,,,,,,,,,,,,,,,,,,,,,,,,,
1877-07-01,2.85,0.2358,0.2917,,,,,,,,,0.00263556112523949,0.0827368421052632,0.0863736263736264,0.102350877192982,0.808364758313336,,,,,,,,,,,,,,,,,,,,,,,,,,,,,,,,,,,,,,,,
1877-08-01,3.05,0.2267,0.2933,,,,,,,,,0.00269459556388204,0.074327868852459,0.0795438596491228,0.0961639344262295,0.772928741902489,,,,,,,,,,,,,,,,,,,,,,,,,,,,,,,,,,,,,,,,
1877-09-01,3.24,0.2175,0.295,,,,,,,,,0.0038014912884298,0.0671296296296296,0.0713114754098361,0.0910493827160494,0.73728813559322,,,,,,,,,,,,,,,,,,,,,,,,,,,,,,,,,,,,,,,,
1877-10-01,3.31,0.2083,0.2967,,,,,,,,,0.00434755984587336,0.0629305135951662,0.0642901234567901,0.0896374622356496,0.702055948769801,,,,,,,,,,,,,,,,,,,,,,,,,,,,,,,,,,,,,,,,
1877-11-01,3.26,0.1992,0.2983,,,,,,,,,0.00498955936611106,0.0611042944785276,0.0601812688821752,0.0915030674846626,0.66778410995642,,,,,,,,,,,,,,,,,,,,,,,,,,,,,,,,,,,,,,,,
1877-12-01,3.25,0.19,0.3,,,,,,,,,0.00420735305409731,0.0584615384615385,0.0582822085889571,0.0923076923076923,0.633333333333333,,,,,,,,,,,,,,,,,,,,,,,,,,,,,,,,,,,,,,,,
1878-01-01,3.25,0.1892,0.3008,,,,,,,,,0.00378673267876916,0.0582153846153846,0.0582153846153846,0.0925538461538462,0.628989361702128,,,,,,,,,,,,,,,,,,,,,,,,,,,,,,,,,,,,,,,,
1878-02-01,3.18,0.1883,0.3017,,,,,,,,,0.00395645668986649,0.0592138364779874,0.0579384615384615,0.094874213836478,0.624129930394432,,,,,,,,,,,,,,,,,,,,,,,,,,,,,,,,,,,,,,,,
1878-03-01,3.24,0.1875,0.3025,,,,,,,,,0.00355797422902929,0.0578703703703704,0.0589622641509434,0.0933641975308642,0.619834710743802,,,,,,,,,,,,,,,,,,,,,,,,,,,,,,,,,,,,,,,,
1878-04-01,3.33,0.1867,0.3033,,,,,,,,,0.00341776743725324,0.0560660660660661,0.0576234567901235,0.0910810810810811,0.615562149686779,,,,,,,,,,,,,,,,,,,,,,,,,,,,,,,,,,,,,,,,
1878-05-01,3.34,0.1858,0.3042,,,,,,,,,0.00359487075318089,0.0556287425149701,0.0557957957957958,0.0910778443113773,0.610782380013149,,,,,,,,,,,,,,,,,,,,,,,,,,,,,,,,,,,,,,,,
1878-06-01,3.41,0.185,0.305,,,,,,,,,0.00298238845226446,0.0542521994134897,0.0553892215568862,0.0894428152492669,0.60655737704918,,,,,,,,,,,,,,,,,,,,,,,,,,,,,,,,,,,,,,,,
1878-07-01,3.48,0.1842,0.3058,,,,,,,,,0.00245107850448153,0.0529310344827586,0.0540175953079179,0.0878735632183908,0.602354480052322,,,,,,,,,,,,,,,,,,,,,,,,,,,,,,,,,,,,,,,,
1878-08-01,3.45,0.1833,0.3067,,,,,,,,,0.00229611310304485,0.0531304347826087,0.0526724137931034,0.0888985507246377,0.597652429083795,,,,,,,,,,,,,,,,,,,,,,,,,,,,,,,,,,,,,,,,
1878-09-01,3.52,0.1825,0.3075,,,,,,,,,0.00245107850448153,0.0518465909090909,0.0528985507246377,0.0873579545454545,0.59349593495935,,,,,,,,,,,,,,,,,,,,,,,,,,,,,,,,,,,,,,,,
1878-10-01,3.48,0.1817,0.3083,,,,,,,,,0.00304880219573732,0.0522126436781609,0.0516193181818182,0.0885919540229885,0.589361012001297,,,,,,,,,,,,,,,,,,,,,,,,,,,,,,,,,,,,,,,,
1878-11-01,3.47,0.1808,0.3092,,,,,,,,,0.00366128449665375,0.0521037463976945,0.0519540229885057,0.0891066282420749,0.584734799482536,,,,,,,,,,,,,,,,,,,,,,,,,,,,,,,,,,,,,,,,
1878-12-01,3.45,0.18,0.31,,,,,,,,,0.00341776743725324,0.0521739130434783,0.0518731988472622,0.0898550724637681,0.580645161290323,,,,,,,,,,,,,,,,,,,,,,,,,,,,,,,,,,,,,,,,
1879-01-01,3.58,0.1817,0.3158,,,,,,,,,0.00337349160827133,0.0507541899441341,0.0526666666666667,0.0882122905027933,0.575364154528182,,,,,,,,,,,,,,,,,,,,,,,,,,,,,,,,,,,,,,,,
1879-02-01,3.71,0.1833,0.3217,,,,,,,,,0.00283480235565809,0.0494070080862534,0.0512011173184357,0.086711590296496,0.569785514454461,,,,,,,,,,,,,,,,,,,,,,,,,,,,,,,,,,,,,,,,
1879-03-01,3.65,0.185,0.3275,,,,,,,,,0.00245107850448153,0.0506849315068493,0.0498652291105121,0.0897260273972603,0.564885496183206,,,,,,,,,,,,,,,,,,,,,,,,,,,,,,,,,,,,,,,,
1879-04-01,3.77,0.1867,0.3333,,,,,,,,,0.00337349160827133,0.0495225464190981,0.0511506849315069,0.0884084880636605,0.56015601560156,,,,,,,,,,,,,,,,,,,,,,,,,,,,,,,,,,,,,,,,
1879-05-01,3.94,0.1883,0.3392,,,,,,,,,0.00366128449665375,0.0477918781725888,0.049946949602122,0.0860913705583756,0.555129716981132,,,,,,,,,,,,,,,,,,,,,,,,,,,,,,,,,,,,,,,,
1879-06-01,3.96,0.19,0.345,,,,,,,,,0.00291597470879159,0.047979797979798,0.0482233502538071,0.0871212121212121,0.550724637681159,,,,,,,,,,,,,,,,,,,,,,,,,,,,,,,,,,,,,,,,
1879-07-01,4.04,0.1917,0.3508,,,,,,,,,0.00277576791701554,0.047450495049505,0.0484090909090909,0.0868316831683168,0.546465222348917,,,,,,,,,,,,,,,,,,,,,,,,,,,,,,,,,,,,,,,,
1879-08-01,4.07,0.1933,0.3567,,,,,,,,,0.0025174922479544,0.0474938574938575,0.0478465346534653,0.0876412776412776,0.541911970843846,,,,,,,,,,,,,,,,,,,,,,,,,,,,,,,,,,,,,,,,
1879-09-01,4.22,0.195,0.3625,,,,,,,,,0.00374245684978725,0.0462085308056872,0.0479115479115479,0.0859004739336493,0.537931034482759,,,,,,,,,,,,,,,,,,,,,,,,,,,,,,,,,,,,,,,,
1879-10-01,4.68,0.1967,0.3683,,,,,,,,,0.00390480155605426,0.0420299145299145,0.0466113744075829,0.0786965811965812,0.534075481944067,,,,,,,,,,,,,,,,,,,,,,,,,,,,,,,,,,,,,,,,
1879-11-01,4.93,0.1983,0.3742,,,,,,,,,0.00402287043333935,0.0402231237322515,0.0423717948717949,0.0759026369168357,0.529930518439337,,,,,,,,,,,,,,,,,,,,,,,,,,,,,,,,,,,,,,,,
1879-12-01,4.92,0.2,0.38,,,,,,,,,0.00425162888307922,0.040650406504065,0.0405679513184584,0.0772357723577236,0.526315789473684,,,,,,,,,,,,,,,,,,,,,,,,,,,,,,,,,,,,,,,,
1880-01-01,5.11,0.205,0.3892,,,,,,,,,0.00403024973816967,0.0401174168297456,0.0416666666666667,0.0761643835616438,0.52672147995889,,,,,,,,,,,,,,,,,,,,,,,,,,,,,,,,,,,,,,,,
1880-02-01,5.2,0.21,0.3983,,,,,,,,,0.00360962936284152,0.0403846153846154,0.0410958904109589,0.0765961538461538,0.527240773286467,,,,,,,,,,,,,,,,,,,,,,,,,,,,,,,,,,,,,,,,
1880-03-01,5.3,0.215,0.4075,,,,,,,,,0.00355797422902929,0.0405660377358491,0.0413461538461538,0.0768867924528302,0.52760736196319,,,,,,,,,,,,,,,,,,,,,,,,,,,,,,,,,,,,,,,,
1880-04-01,5.18,0.22,0.4167,,,,,,,,,0.00369818102080534,0.0424710424710425,0.0415094339622642,0.0804440154440155,0.52795776337893,,,,,,,,,,,,,,,,,,,,,,,,,,,,,,,,,,,,,,,,
1880-05-01,4.77,0.225,0.4258,,,,,,,,,0.00369818102080534,0.0471698113207547,0.0434362934362934,0.0892662473794549,0.528417097228746,,,,,,,,,,,,,,,,,,,,,,,,,,,,,,,,,,,,,,,,
1880-06-01,4.79,0.23,0.435,,,,,,,,,0.00346942257106547,0.0480167014613779,0.0482180293501048,0.0908141962421712,0.528735632183908,,,,,,,,,,,,,,,,,,,,,,,,,,,,,,,,,,,,,,,,
1880-07-01,5.01,0.235,0.4442,,,,,,,,,0.00299714706192509,0.0469061876247505,0.0490605427974948,0.0886626746506986,0.529040972534894,,,,,,,,,,,,,,,,,,,,,,,,,,,,,,,,,,,,,,,,
1880-08-01,5.19,0.24,0.4533,,,,,,,,,0.00291597470879159,0.046242774566474,0.0479041916167665,0.0873410404624277,0.529450694904037,,,,,,,,,,,,,,,,,,,,,,,,,,,,,,,,,,,,,,,,
1880-09-01,5.18,0.245,0.4625,,,,,,,,,0.00335135369378038,0.0472972972972973,0.0472061657032755,0.0892857142857143,0.52972972972973,,,,,,,,,,,,,,,,,,,,,,,,,,,,,,,,,,,,,,,,
1880-10-01,5.33,0.25,0.4717,,,,,,,,,0.00351369840004738,0.0469043151969981,0.0482625482625483,0.0884990619136961,0.52999788000848,,,,,,,,,,,,,,,,,,,,,,,,,,,,,,,,,,,,,,,,
1880-11-01,5.61,0.255,0.4808,,,,,,,,,0.00341776743725324,0.0454545454545455,0.0478424015009381,0.0857040998217469,0.530366056572379,,,,,,,,,,,,,,,,,,,,,,,,,,,,,,,,,,,,,,,,
1880-12-01,5.84,0.26,0.49,,,,,,,,,0.00365390519182343,0.0445205479452055,0.0463458110516934,0.0839041095890411,0.530612244897959,,,,,,,,,,,,,,,,,,,,,,,,,,,,,,,,,,,,,,,,
1881-01-01,6.19,0.265,0.4858,,,,,,,,,0.00406714626232126,0.04281098546042,0.0453767123287671,0.0784814216478191,0.54549197200494,,,,,,,,,,,,,,,,,,,,,,,,,,,,,,,,,,,,,,,,
1881-02-01,6.17,0.27,0.4817,,,,,,,,,0.00351369840004738,0.0437601296596434,0.0436187399030695,0.0780713128038898,0.560514843263442,,,,,,,,,,,,,,,,,,,,,,,,,,,,,,,,,,,,,,,,
1881-03-01,6.24,0.275,0.4775,,,,,,,,,0.00360962936284152,0.0440705128205128,0.0445705024311183,0.0765224358974359,0.575916230366492,,,,,,,,,,,,,,,,,,,,,,,,,,,,,,,,,,,,,,,,
1881-04-01,6.22,0.28,0.4733,,,,,,,,,0.00373507754495694,0.045016077170418,0.0448717948717949,0.0760932475884244,0.591590957109656,,,,,,,,,,,,,,,,,,,,,,,,,,,,,,,,,,,,,,,,
1881-05-01,6.5,0.285,0.4692,,,,,,,,,0.00346942257106547,0.0438461538461538,0.0458199356913183,0.0721846153846154,0.607416879795396,,,,,,,,,,,,,,,,,,,,,,,,,,,,,,,,,,,,,,,,
1881-06-01,6.58,0.29,0.465,,,,,,,,,0.00263556112523949,0.0440729483282675,0.0446153846153846,0.0706686930091185,0.623655913978495,,,,,,,,,,,,,,,,,,,,,,,,,,,,,,,,,,,,,,,,
1881-07-01,6.35,0.295,0.4608,,,,,,,,,0.00222232005474166,0.0464566929133858,0.0448328267477204,0.0725669291338583,0.640190972222222,,,,,,,,,,,,,,,,,,,,,,,,,,,,,,,,,,,,,,,,
1881-08-01,6.2,0.3,0.4567,,,,,,,,,0.00259128529625758,0.0483870967741935,0.047244094488189,0.0736612903225806,0.656886358659952,,,,,,,,,,,,,,,,,,,,,,,,,,,,,,,,,,,,,,,,
1881-09-01,6.25,0.305,0.4525,,,,,,,,,0.00329231925513783,0.0488,0.0491935483870968,0.0724,0.674033149171271,,,,,,,,,,,,,,,,,,,,,,,,,,,,,,,,,,,,,,,,
1881-10-01,6.15,0.31,0.4483,,,,,,,,,0.00383838781258139,0.0504065040650406,0.0496,0.0728943089430894,0.691501226857015,,,,,,,,,,,,,,,,,,,,,,,,,,,,,,,,,,,,,,,,
1881-11-01,6.19,0.315,0.4442,,,,,,,,,0.00425162888307922,0.0508885298869144,0.0512195121951219,0.0717609046849758,0.709140027014858,,,,,,,,,,,,,,,,,,,,,,,,,,,,,,,,,,,,,,,,
1881-12-01,6.01,0.32,0.44,,,,,,,,,0.00428852540723082,0.0532445923460899,0.0516962843295638,0.0732113144758735,0.727272727272727,,,,,,,,,,,,,,,,,,,,,,,,,,,,,,,,,,,,,,,,
1882-01-01,5.92,0.32,0.4392,,,,,,,,,0.00425162888307922,0.0540540540540541,0.0532445923460899,0.0741891891891892,0.728597449908925,,,,,,,,,,,,,,,,,,,,,,,,,,,,,,,,,,,,,,,,
1882-02-01,5.79,0.32,0.4383,,,,,,,,,0.00369818102080534,0.0552677029360967,0.0540540540540541,0.075699481865285,0.730093543235227,,,,,,,,,,,,,,,,,,,,,,,,,,,,,,,,,,,,,,,,
1882-03-01,5.78,0.32,0.4375,,,,,,,,,0.00367604310631439,0.055363321799308,0.0552677029360967,0.0756920415224913,0.731428571428571,,,,,,,,,,,,,,,,,,,,,,,,,,,,,,,,,,,,,,,,
1882-04-01,5.78,0.32,0.4367,,,,,,,,,0.0038014912884298,0.055363321799308,0.055363321799308,0.0755536332179931,0.732768490954889,,,,,,,,,,,,,,,,,,,,,,,,,,,,,,,,,,,,,,,,
1882-05-01,5.71,0.32,0.4358,,,,,,,,,0.00337349160827133,0.0560420315236427,0.055363321799308,0.0763222416812609,0.734281780633318,,,,,,,,,,,,,,,,,,,,,,,,,,,,,,,,,,,,,,,,
1882-06-01,5.68,0.32,0.435,,,,,,,,,0.00321852620683465,0.0563380281690141,0.0560420315236427,0.0765845070422535,0.735632183908046,,,,,,,,,,,,,,,,,,,,,,,,,,,,,,,,,,,,,,,,
1882-07-01,6,0.32,0.4342,,,,,,,,,0.00341776743725324,0.0533333333333333,0.0563380281690141,0.0723666666666667,0.736987563334869,,,,,,,,,,,,,,,,,,,,,,,,,,,,,,,,,,,,,,,,
1882-08-01,6.18,0.32,0.4333,,,,,,,,,0.00304880219573732,0.0517799352750809,0.0533333333333333,0.0701132686084142,0.738518347565197,,,,,,,,,,,,,,,,,,,,,,,,,,,,,,,,,,,,,,,,
1882-09-01,6.24,0.32,0.4325,,,,,,,,,0.00380887059326012,0.0512820512820513,0.0517799352750809,0.0693108974358974,0.739884393063584,,,,,,,,,,,,,,,,,,,,,,,,,,,,,,,,,,,,,,,,
1882-10-01,6.07,0.32,0.4317,,,,,,,,,0.00462059412459514,0.0527182866556837,0.0512820512820513,0.0711202635914333,0.741255501505675,,,,,,,,,,,,,,,,,,,,,,,,,,,,,,,,,,,,,,,,
1882-11-01,5.81,0.32,0.4308,,,,,,,,,0.0045615596859526,0.0550774526678141,0.0527182866556837,0.0741480206540448,0.74280408542247,,,,,,,,,,,,,,,,,,,,,,,,,,,,,,,,,,,,,,,,
1882-12-01,5.84,0.32,0.43,,,,,,,,,0.00443611150383718,0.0547945205479452,0.0550774526678141,0.0736301369863014,0.744186046511628,,,,,,,,,,,,,,,,,,,,,,,,,,,,,,,,,,,,,,,,
1883-01-01,5.81,0.3208,0.4275,,,,,,,,,0.00397859460435744,0.0552151462994836,0.0549315068493151,0.0735800344234079,0.750409356725146,,,,,,,,,,,,,,,,,,,,,,,,,,,,,,,,,,,,,,,,
1883-02-01,5.68,0.3217,0.425,,,,,,,,,0.00369818102080534,0.056637323943662,0.0553700516351119,0.0748239436619718,0.756941176470588,,,,,,,,,,,,,,,,,,,,,,,,,,,,,,,,,,,,,,,,
1883-03-01,5.75,0.3225,0.4225,,,,,,,,,0.00360962936284152,0.0560869565217391,0.0567781690140845,0.0734782608695652,0.763313609467456,,,,,,,,,,,,,,,,,,,,,,,,,,,,,,,,,,,,,,,,
1883-04-01,5.87,0.3233,0.42,,,,,,,,,0.00434755984587336,0.055076660988075,0.0562260869565217,0.0715502555366269,0.769761904761905,,,,,,,,,,,,,,,,,,,,,,,,,,,,,,,,,,,,,,,,
1883-05-01,5.77,0.3242,0.4175,,,,,,,,,0.00392693947054521,0.0561871750433276,0.0552299829642249,0.0723570190641248,0.776526946107784,,,,,,,,,,,,,,,,,,,,,,,,,,,,,,,,,,,,,,,,
1883-06-01,5.82,0.325,0.415,,,,,,,,,0.00358749144835057,0.0558419243986254,0.0563258232235702,0.0713058419243986,0.783132530120482,,,,,,,,,,,,,,,,,,,,,,,,,,,,,,,,,,,,,,,,
1883-07-01,5.73,0.3258,0.4125,,,,,,,,,0.00369818102080534,0.0568586387434555,0.055979381443299,0.0719895287958115,0.789818181818182,,,,,,,,,,,,,,,,,,,,,,,,,,,,,,,,,,,,,,,,
1883-08-01,5.47,0.3267,0.41,,,,,,,,,0.00316687107302242,0.0597257769652651,0.0570157068062827,0.0749542961608775,0.796829268292683,,,,,,,,,,,,,,,,,,,,,,,,,,,,,,,,,,,,,,,,
1883-09-01,5.53,0.3275,0.4075,,,,,,,,,0.00377935337393885,0.0592224231464738,0.059872029250457,0.0736889692585895,0.803680981595092,,,,,,,,,,,,,,,,,,,,,,,,,,,,,,,,,,,,,,,,
1883-10-01,5.38,0.3283,0.405,,,,,,,,,0.00406714626232126,0.0610223048327138,0.0593670886075949,0.0752788104089219,0.810617283950617,,,,,,,,,,,,,,,,,,,,,,,,,,,,,,,,,,,,,,,,
1883-11-01,5.46,0.3292,0.4025,,,,,,,,,0.00406714626232126,0.0602930402930403,0.0611895910780669,0.0737179487179487,0.817888198757764,,,,,,,,,,,,,,,,,,,,,,,,,,,,,,,,,,,,,,,,
1883-12-01,5.34,0.33,0.4,,,,,,,,,0.00383838781258139,0.0617977528089888,0.0604395604395604,0.0749063670411985,0.825,,,,,,,,,,,,,,,,,,,,,,,,,,,,,,,,,,,,,,,,
1884-01-01,5.18,0.3283,0.3925,,,,,,,,,0.00369818102080534,0.0633783783783784,0.0614794007490637,0.0757722007722008,0.836433121019108,,,,,,,,,,,,,,,,,,,,,,,,,,,,,,,,,,,,,,,,
1884-02-01,5.32,0.3267,0.385,,,,,,,,,0.00324804342615592,0.0614097744360902,0.0630694980694981,0.0723684210526316,0.848571428571429,,,,,,,,,,,,,,,,,,,,,,,,,,,,,,,,,,,,,,,,
1884-03-01,5.3,0.325,0.3775,,,,,,,,,0.00314473315853146,0.0613207547169811,0.0610902255639098,0.0712264150943396,0.860927152317881,,,,,,,,,,,,,,,,,,,,,,,,,,,,,,,,,,,,,,,,
1884-04-01,5.06,0.3233,0.37,,,,,,,,,0.00304880219573732,0.0638932806324111,0.061,0.0731225296442688,0.873783783783784,,,,,,,,,,,,,,,,,,,,,,,,,,,,,,,,,,,,,,,,
1884-05-01,4.65,0.3217,0.3625,,,,,,,,,0.00312259524404051,0.0691827956989247,0.0635770750988142,0.0779569892473118,0.887448275862069,,,,,,,,,,,,,,,,,,,,,,,,,,,,,,,,,,,,,,,,
1884-06-01,4.46,0.32,0.355,,,,,,,,,0.00337349160827133,0.0717488789237668,0.0688172043010753,0.0795964125560538,0.901408450704225,,,,,,,,,,,,,,,,,,,,,,,,,,,,,,,,,,,,,,,,
1884-07-01,4.46,0.3183,0.3475,,,,,,,,,0.0038826636415633,0.0713677130044843,0.0713677130044843,0.077914798206278,0.915971223021583,,,,,,,,,,,,,,,,,,,,,,,,,,,,,,,,,,,,,,,,
1884-08-01,4.74,0.3167,0.34,,,,,,,,,0.00403024973816967,0.0668143459915612,0.0710089686098655,0.0717299578059072,0.931470588235294,,,,,,,,,,,,,,,,,,,,,,,,,,,,,,,,,,,,,,,,
1884-09-01,4.59,0.315,0.3325,,,,,,,,,0.00369818102080534,0.0686274509803922,0.0664556962025316,0.0724400871459695,0.947368421052632,,,,,,,,,,,,,,,,,,,,,,,,,,,,,,,,,,,,,,,,
1884-10-01,4.44,0.3133,0.325,,,,,,,,,0.00369818102080534,0.0705630630630631,0.0682570806100218,0.0731981981981982,0.964,,,,,,,,,,,,,,,,,,,,,,,,,,,,,,,,,,,,,,,,
1884-11-01,4.35,0.3117,0.3175,,,,,,,,,0.00369818102080534,0.0716551724137931,0.0702027027027027,0.0729885057471264,0.981732283464567,,,,,,,,,,,,,,,,,,,,,,,,,,,,,,,,,,,,,,,,
1884-12-01,4.34,0.31,0.31,,,,,,,,,0.00346942257106547,0.0714285714285714,0.071264367816092,0.0714285714285714,1,,,,,,,,,,,,,,,,,,,,,,,,,,,,,,,,,,,,,,,,
1885-01-01,4.24,0.3042,0.3067,,,,,,,,,0.00332921577928942,0.0717452830188679,0.0700921658986175,0.0723349056603774,0.991848712096511,,,,,,,,,,,,,,,,,,,,,,,,,,,,,,,,,,,,,,,,
1885-02-01,4.37,0.2983,0.3033,,,,,,,,,0.00310045732954955,0.0682608695652174,0.0703537735849057,0.0694050343249428,0.983514671941972,,,,,,,,0.00153902110115,,,,,,,,,,,,,,,,,,,,,,,,,,,,,,,,
1885-03-01,4.38,0.2925,0.3,,,,,,,,,0.0029602505377735,0.0667808219178082,0.0669336384439359,0.0684931506849315,0.975,,,,,,,,0.00154455831889,,,,,,,,,,,,,,,,,,,,,,,,,,,,,,,,
1885-04-01,4.37,0.2867,0.2967,,,,,,,,,0.00293811262328255,0.0656064073226545,0.0654566210045662,0.0678947368421053,0.966295921806539,,,,,,,,0.00179840272866,,,,,,,,,,,,,,,,,,,,,,,,,,,,,,,,
1885-05-01,4.32,0.2808,0.2933,,,,,,,,,0.00256914738176663,0.065,0.0642562929061785,0.0678935185185185,0.957381520627344,,,,,,,,0.00180538015384,,,,,,,,,,,,,,,,,,,,,,,,,,,,,,,,
1885-06-01,4.3,0.275,0.29,,,,,,,,,0.00235514754168739,0.063953488372093,0.0636574074074074,0.0674418604651163,0.948275862068966,,,,,,,,0.00109683952669,,,,,,,,,,,,,,,,,,,,,,,,,,,,,,,,
1885-07-01,4.46,0.2692,0.2867,,,,,,,,,0.00225921657889325,0.0603587443946188,0.0626046511627907,0.0642825112107623,0.938960585978375,,,,,,,,0.00293605277401,,,,,,,,,,,,,,,,,,,,,,,,,,,,,,,,
1885-08-01,4.71,0.2633,0.2833,,,,,,,,,0.00222232005474166,0.0559023354564756,0.0590358744394619,0.0601486199575372,0.929403459230498,,,,,,,,0.00245023467977,,,,,,,,,,,,,,,,,,,,,,,,,,,,,,,,
1885-09-01,4.65,0.2575,0.28,,,,,,,,,0.00235514754168739,0.0553763440860215,0.0546709129511677,0.0602150537634409,0.919642857142857,,,,,,,,0.00173229958522,,,,,,,,,,,,,,,,,,,,,,,,,,,,,,,,
1885-10-01,4.92,0.2517,0.2767,,,,,,,,,0.00240680267549962,0.0511585365853659,0.0541290322580645,0.056239837398374,0.909649439826527,,,,,,,,0.0029958515659,,,,,,,,,,,,,,,,,,,,,,,,,,,,,,,,
1885-11-01,5.24,0.2458,0.2733,,,,,,,,,0.00259128529625758,0.0469083969465649,0.0499593495934959,0.0521564885496183,0.899377972923527,,,,,,,,0.00281383028755,,,,,,,,,,,,,,,,,,,,,,,,,,,,,,,,
1885-12-01,5.2,0.24,0.27,,,,,,,,,0.00291597470879159,0.0461538461538461,0.0458015267175572,0.0519230769230769,0.888888888888889,,,,,,,,0.00302643256579,,,,,,,,,,,,,,,,,,,,,,,,,,,,,,,,
1886-01-01,5.2,0.2383,0.275,,,,,,,,,0.0029602505377735,0.0458269230769231,0.0458269230769231,0.0528846153846154,0.866545454545455,,,,,,,,0.00172938023376,,,,,,,,,,,,,,,,,,,,,,,,,,,,,,,,
1886-02-01,5.3,0.2367,0.28,,,,,,,,,0.00282004374599745,0.0446603773584906,0.0455192307692308,0.0528301886792453,0.845357142857143,,,,,,,,0.00154742344004,,,,,,,,,,,,,,,,,,,,,,,,,,,,,,,,
1886-03-01,5.19,0.235,0.285,,,,,,,,,0.0025174922479544,0.0452793834296724,0.0443396226415094,0.0549132947976879,0.824561403508772,,,,,,,,0.00183210700671,,,,,,,,,,,,,,,,,,,,,,,,,,,,,,,,
1886-04-01,5.12,0.2333,0.29,,,,,,,,,0.00249535433346344,0.04556640625,0.0449518304431599,0.056640625,0.80448275862069,,,,,,,,0.00122262288358,,,,,,,,,,,,,,,,,,,,,,,,,,,,,,,,
1886-05-01,5.02,0.2317,0.295,,,,,,,,,0.00277576791701554,0.0461553784860558,0.04525390625,0.0587649402390438,0.785423728813559,,,,,,,,0.00190911175609,,,,,,,,,,,,,,,,,,,,,,,,,,,,,,,,
1886-06-01,5.25,0.23,0.3,,,,,,,,,0.00263556112523949,0.0438095238095238,0.0458167330677291,0.0571428571428571,0.766666666666667,,,,,,,,0.00128280017284,,,,,,,,,,,,,,,,,,,,,,,,,,,,,,,,
1886-07-01,5.33,0.2283,0.305,,,,,,,,,0.00248059572380281,0.0428330206378987,0.0434857142857143,0.0572232645403377,0.748524590163934,,,,,,,,0.00103529069963,,,,,,,,,,,,,,,,,,,,,,,,,,,,,,,,
1886-08-01,5.37,0.2267,0.31,,,,,,,,,0.00254700946727567,0.0422160148975791,0.0425328330206379,0.0577281191806331,0.731290322580645,,,,,,,,0.00094963135784,,,,,,,,,,,,,,,,,,,,,,,,,,,,,,,,
1886-09-01,5.51,0.225,0.315,,,,,,,,,0.00346942257106547,0.0408348457350272,0.0418994413407821,0.0571687840290381,0.714285714285714,,,,,,,,0.00085194331896,,,,,,,,,,,,,,,,,,,,,,,,,,,,,,,,
1886-10-01,5.65,0.2233,0.32,,,,,,,,,0.00392693947054521,0.0395221238938053,0.0405263157894737,0.0566371681415929,0.6978125,,,,,,,,0.00088996152848,,,,,,,,,,,,,,,,,,,,,,,,,,,,,,,,
1886-11-01,5.79,0.2217,0.325,,,,,,,,,0.00411142209130317,0.0382901554404145,0.0392389380530973,0.0561312607944732,0.682153846153846,,,,,,,,0.00039301338641,,,,,,,,,,,,,,,,,,,,,,,,,,,,,,,,
1886-12-01,5.64,0.22,0.33,,,,,,,,,0.00400811182367872,0.0390070921985816,0.0379965457685665,0.0585106382978723,0.666666666666667,,,,,,,,0.0028153163558,,,,,,,,,,,,,,,,,,,,,,,,,,,,,,,,
1887-01-01,5.58,0.2225,0.3325,,,,,,,,,0.00404500834783031,0.0398745519713262,0.0394503546099291,0.0595878136200717,0.669172932330827,,,,,,,,0.0018256316205,,,,,,,,,,,,,,,,,,,,,,,,,,,,,,,,
1887-02-01,5.54,0.225,0.335,,,,,,,,,0.00369818102080534,0.0406137184115523,0.0403225806451613,0.0604693140794224,0.671641791044776,,,,,,,,0.00204240796538,,,,,,,,,,,,,,,,,,,,,,,,,,,,,,,,
1887-03-01,5.67,0.2275,0.3375,,,,,,,,,0.00318900898751337,0.0401234567901235,0.0410649819494585,0.0595238095238095,0.674074074074074,,,,,,,,0.00062206862955,,,,,,,,,,,,,,,,,,,,,,,,,,,,,,,,
1887-04-01,5.8,0.23,0.34,,,,,,,,,0.00358749144835057,0.0396551724137931,0.0405643738977072,0.0586206896551724,0.676470588235294,,,,,,,,0.00035313943921,,,,,,,,,,,,,,,,,,,,,,,,,,,,,,,,
1887-05-01,5.9,0.2325,0.3425,,,,,,,,,0.00360962936284152,0.0394067796610169,0.0400862068965517,0.0580508474576271,0.678832116788321,,,,,,,,0.00038575574653,,,,,,,,,,,,,,,,,,,,,,,,,,,,,,,,
1887-06-01,5.73,0.235,0.345,,,,,,,,,0.00348418118072611,0.0410122164048866,0.0398305084745763,0.0602094240837696,0.681159420289855,,,,,,,,0.00145796028357,,,,,,,,,,,,,,,,,,,,,,,,,,,,,,,,
1887-07-01,5.59,0.2375,0.3475,,,,,,,,,0.00342514674208356,0.0424865831842576,0.0414485165794066,0.0621645796064401,0.683453237410072,,,,,,,,0.00170472364727,,,,,,,,,,,,,,,,,,,,,,,,,,,,,,,,
1887-08-01,5.45,0.24,0.35,,,,,,,,,0.00420735305409731,0.0440366972477064,0.0429338103756708,0.0642201834862385,0.685714285714286,,,,,,,,0.00233556845403,,,,,,,,,,,,,,,,,,,,,,,,,,,,,,,,
1887-09-01,5.38,0.2425,0.3525,,,,,,,,,0.00432542193138241,0.0450743494423792,0.0444954128440367,0.0655204460966543,0.687943262411348,,,,,,,,0.00199516120146,,,,,,,,,,,,,,,,,,,,,,,,,,,,,,,,
1887-10-01,5.2,0.245,0.355,,,,,,,,,0.00476080091637119,0.0471153846153846,0.0455390334572491,0.0682692307692308,0.690140845070423,,,,,,,,0.00295524601532,,,,,,,,,,,,,,,,,,,,,,,,,,,,,,,,
1887-11-01,5.3,0.2475,0.3575,,,,,,,,,0.00434755984587336,0.0466981132075472,0.0475961538461538,0.0674528301886792,0.692307692307692,,,,,,,,0.00160798577595,,,,,,,,,,,,,,,,,,,,,,,,,,,,,,,,
1887-12-01,5.27,0.25,0.36,,,,,,,,,0.0038826636415633,0.047438330170778,0.0471698113207547,0.0683111954459203,0.694444444444444,,,,,,,,0.00101281104582,,,,,,,,,,,,,,,,,,,,,,,,,,,,,,,,
1888-01-01,5.31,0.2483,0.3517,,,,,,,,,0.00406714626232126,0.0467608286252354,0.0471157495256167,0.0662335216572505,0.705999431333523,,,,,,,,0.00058191922046,,,,,,,,,,,,,,,,,,,,,,,,,,,,,,,,
1888-02-01,5.28,0.2467,0.3433,,,,,,,,,0.00377197406910853,0.0467234848484848,0.0464595103578154,0.0650189393939394,0.718613457617244,,,,,,,,0.00044391742002,,,,,,,,,,,,,,,,,,,,,,,,,,,,,,,,
1888-03-01,5.08,0.245,0.335,,,,,,,,,0.00321852620683465,0.0482283464566929,0.0464015151515152,0.0659448818897638,0.731343283582089,,,,,,,,0.00132949988865,,,,,,,,,,,,,,,,,,,,,,,,,,,,,,,,
1888-04-01,5.1,0.2433,0.3267,,,,,,,,,0.00349156048555643,0.0477058823529412,0.0478937007874016,0.0640588235294118,0.744719926538108,,,,,,,,0.00145881027277,,,,,,,,,,,,,,,,,,,,,,,,,,,,,,,,
1888-05-01,5.17,0.2417,0.3183,,,,,,,,,0.00362438797250216,0.0467504835589942,0.0473921568627451,0.0615667311411992,0.759346528432297,,,,,,,,0.00108159776409,,,,,,,,,,,,,,,,,,,,,,,,,,,,,,,,
1888-06-01,5.01,0.24,0.31,,,,,,,,,0.00319638829234369,0.0479041916167665,0.04642166344294,0.06187624750499,0.774193548387097,,,,,,,,0.00076976904775,,,,,,,,,,,,,,,,,,,,,,,,,,,,,,,,
1888-07-01,5.14,0.2383,0.3017,,,,,,,,,0.00277576791701554,0.0463618677042802,0.047564870259481,0.0586964980544747,0.789857474312231,,,,,,,,0.00192511052842,,,,,,,,,,,,,,,,,,,,,,,,,,,,,,,,
1888-08-01,5.25,0.2367,0.2933,,,,,,,,,0.00265031973490013,0.0450857142857143,0.0460505836575876,0.0558666666666667,0.807023525400614,,,,,,,,0.0008984656383,,,,,,,,,,,,,,,,,,,,,,,,,,,,,,,,
1888-09-01,5.38,0.235,0.285,,,,,,,,,0.00285694027014905,0.0436802973977695,0.0447619047619048,0.0529739776951673,0.824561403508772,,,,,,,,0.00126355379019,,,,,,,,,,,,,,,,,,,,,,,,,,,,,,,,
1888-10-01,5.35,0.2333,0.2767,,,,,,,,,0.00353583631453834,0.043607476635514,0.043364312267658,0.0517196261682243,0.843151427538851,,,,,,,,0.00070849456871,,,,,,,,,,,,,,,,,,,,,,,,,,,,,,,,
1888-11-01,5.24,0.2317,0.2683,,,,,,,,,0.00338087091310165,0.0442175572519084,0.0433084112149533,0.0512022900763359,0.863585538576221,,,,,,,,0.00093632291355,,,,,,,,,,,,,,,,,,,,,,,,,,,,,,,,
1888-12-01,5.14,0.23,0.26,,,,,,,,,0.00314473315853146,0.0447470817120623,0.0438931297709924,0.0505836575875486,0.884615384615385,,,,,,,,0.00145314089481,,,,,,,,,,,,,,,,,,,,,,,,,,,,,,,,
1889-01-01,5.24,0.2292,0.2633,,,,,,,,,0.00330707786479847,0.0437404580152672,0.044591439688716,0.0502480916030534,0.870489935434865,,,,,,,,0.00046829985239,,,,,,,,,,,,,,,,,,,,,,,,,,,,,,,,
1889-02-01,5.3,0.2283,0.2667,,,,,,,,,0.00307094011022828,0.0430754716981132,0.0435687022900763,0.0503207547169811,0.856017997750281,,,,,,,,0.00039789155199,,,,,,,,,,,,,,,,,,,,,,,,,,,,,,,,
1889-03-01,5.19,0.2275,0.27,,,,,,,,,0.00277576791701554,0.0438342967244701,0.0429245283018868,0.0520231213872832,0.842592592592593,,,,,,,,0.00083284901693,,,,,,,,,,,,,,,,,,,,,,,,,,,,,,,,
1889-04-01,5.18,0.2267,0.2733,,,,,,,,,0.0029602505377735,0.0437644787644788,0.0436801541425819,0.0527606177606178,0.829491401390414,,,,,,,,0.00042655150622,,,,,,,,,,,,,,,,,,,,,,,,,,,,,,,,
1889-05-01,5.32,0.2258,0.2767,,,,,,,,,0.00280528513633682,0.0424436090225564,0.0435907335907336,0.0520112781954887,0.816046259486809,,,,,,,,0.00035649112657,,,,,,,,,,,,,,,,,,,,,,,,,,,,,,,,
1889-06-01,5.41,0.225,0.28,,,,,,,,,0.00248059572380281,0.0415896487985213,0.0422932330827068,0.0517560073937153,0.803571428571428,,,,,,,,0.00024672067652,,,,,,,,,,,,,,,,,,,,,,,,,,,,,,,,
1889-07-01,5.3,0.2242,0.2833,,,,,,,,,0.00250273363829376,0.0423018867924528,0.0414417744916821,0.0534528301886792,0.791387222026121,,,,,,,,0.00079615974111,,,,,,,,,,,,,,,,,,,,,,,,,,,,,,,,
1889-08-01,5.37,0.2233,0.2867,,,,,,,,,0.00288645748947032,0.0415828677839851,0.0421320754716981,0.053389199255121,0.77886292291594,,,,,,,,0.00053559289953,,,,,,,,,,,,,,,,,,,,,,,,,,,,,,,,
1889-09-01,5.5,0.2225,0.29,,,,,,,,,0.00344728465657452,0.0404545454545455,0.0414338919925512,0.0527272727272727,0.767241379310345,,,,,,,,0.0004371140151,,,,,,,,,,,,,,,,,,,,,,,,,,,,,,,,
1889-10-01,5.4,0.2217,0.2933,,,,,,,,,0.00353583631453834,0.0410555555555556,0.0403090909090909,0.0543148148148148,0.755881350153427,,,,,,,,0.00082174093336,,,,,,,,,,,,,,,,,,,,,,,,,,,,,,,,
1889-11-01,5.35,0.2208,0.2967,,,,,,,,,0.00406714626232126,0.0412710280373832,0.0408888888888889,0.0554579439252336,0.744186046511628,,,,,,,,0.00082815861496,,,,,,,,,,,,,,,,,,,,,,,,,,,,,,,,
1889-12-01,5.32,0.22,0.3,,,,,,,,,0.00406714626232126,0.0413533834586466,0.0411214953271028,0.056390977443609,0.733333333333333,,,,,,,,0.00072646759043,,,,,,,,,,,,,,,,,,,,,,,,,,,,,,,,
1890-01-01,5.38,0.22,0.2992,,,,,,,,,0.00413356000579413,0.0408921933085502,0.0413533834586466,0.0556133828996283,0.735294117647059,,,,,,,,0.00031253112736,,,,,,,,,,,,,,,,,,,,,,,,,,,,,,,,
1890-02-01,5.32,0.22,0.2983,,,,,,,,,0.00358749144835057,0.0413533834586466,0.0408921933085502,0.0560714285714286,0.73751257123701,,,,,,,,0.00023740718782,,,,,,,,,,,,,,,,,,,,,,,,,,,,,,,,
1890-03-01,5.28,0.22,0.2975,,,,,,,,,0.00335135369378038,0.0416666666666667,0.0413533834586466,0.056344696969697,0.739495798319328,,,,,,,,0.00027285767456,,,,,,,,,,,,,,,,,,,,,,,,,,,,,,,,
1890-04-01,5.39,0.22,0.2967,,,,,,,,,0.00369818102080534,0.0408163265306122,0.0416666666666667,0.0550463821892393,0.741489720256151,,,,,,,,0.00041254761549,,,,,,,,,,,,,,,,,,,,,,,,,,,,,,,,
1890-05-01,5.62,0.22,0.2958,,,,,,,,,0.00341038813242293,0.0391459074733096,0.0408163265306122,0.0526334519572954,0.743745774171738,,,,,,,,0.00074820204711,,,,,,,,,,,,,,,,,,,,,,,,,,,,,,,,
1890-06-01,5.58,0.22,0.295,,,,,,,,,0.00337349160827133,0.039426523297491,0.0391459074733096,0.0528673835125448,0.745762711864407,,,,,,,,0.00087528023868,,,,,,,,,,,,,,,,,,,,,,,,,,,,,,,,
1890-07-01,5.54,0.22,0.2942,,,,,,,,,0.00332921577928942,0.0397111913357401,0.039426523297491,0.0531046931407942,0.747790618626784,,,,,,,,0.0004360968086,,,,,,,,,,,,,,,,,,,,,,,,,,,,,,,,
1890-08-01,5.41,0.22,0.2933,,,,,,,,,0.00336611230344102,0.0406654343807763,0.0397111913357401,0.0542144177449168,0.750085236958745,,,,,,,,0.00195919901011,,,,,,,,,,,,,,,,,,,,,,,,,,,,,,,,
1890-09-01,5.32,0.22,0.2925,,,,,,,,,0.00376459476427821,0.0413533834586466,0.0406654343807763,0.0549812030075188,0.752136752136752,,,,,,,,0.00102159000374,,,,,,,,,,,,,,,,,,,,,,,,,,,,,,,,
1890-10-01,5.08,0.22,0.2917,,,,,,,,,0.0038826636415633,0.0433070866141732,0.0413533834586466,0.0574212598425197,0.754199520054851,,,,,,,,0.00189904773965,,,,,,,,,,,,,,,,,,,,,,,,,,,,,,,,
1890-11-01,4.71,0.22,0.2908,,,,,,,,,0.00399335321401808,0.0467091295116773,0.0433070866141732,0.0617409766454352,0.756533700137552,,,,,,,,0.00850158962332,,,,,,,,,,,,,,,,,,,,,,,,,,,,,,,,
1890-12-01,4.6,0.22,0.29,,,,,,,,,0.00462059412459514,0.0478260869565217,0.0467091295116773,0.0630434782608696,0.758620689655172,,,,,,,,0.00594470978532,,,,,,,,,,,,,,,,,,,,,,,,,,,,,,,,
1891-01-01,4.84,0.22,0.2942,,,,,,,,,0.00504859380475361,0.0454545454545455,0.0478260869565217,0.0607851239669422,0.747790618626784,,,,,,,,0.00169569099088,,,,,,,,,,,,,,,,,,,,,,,,,,,,,,,,
1891-02-01,4.9,0.22,0.2983,,,,,,,,,0.00394169808020585,0.0448979591836735,0.0454545454545455,0.0608775510204082,0.73751257123701,,,,,,,,0.00080549416818,,,,,,,,,,,,,,,,,,,,,,,,,,,,,,,,
1891-03-01,4.81,0.22,0.3025,,,,,,,,,0.00332921577928942,0.0457380457380457,0.0448979591836735,0.0628898128898129,0.727272727272727,,,,,,,,0.00100661346107,,,,,,,,,,,,,,,,,,,,,,,,,,,,,,,,
1891-04-01,4.97,0.22,0.3067,,,,,,,,,0.00351369840004738,0.0442655935613682,0.0457380457380457,0.0617102615694165,0.71731333550701,,,,,,,,0.00135693891499,,,,,,,,,,,,,,,,,,,,,,,,,,,,,,,,
1891-05-01,4.95,0.22,0.3108,,,,,,,,,0.00338825021793197,0.0444444444444444,0.0442655935613682,0.0627878787878788,0.707850707850708,,,,,,,,0.0019748725755,,,,,,,,,,,,,,,,,,,,,,,,,,,,,,,,
1891-06-01,4.85,0.22,0.315,,,,,,,,,0.00360962936284152,0.045360824742268,0.0444444444444444,0.0649484536082474,0.698412698412698,,,,,,,,0.00099157056344,,,,,,,,,,,,,,,,,,,,,,,,,,,,,,,,
1891-07-01,4.77,0.22,0.3192,,,,,,,,,0.00369818102080534,0.0461215932914046,0.045360824742268,0.0669182389937107,0.68922305764411,,,,,,,,0.00078497700986,,,,,,,,,,,,,,,,,,,,,,,,,,,,,,,,
1891-08-01,4.93,0.22,0.3233,,,,,,,,,0.00377197406910853,0.0446247464503043,0.0461215932914046,0.065578093306288,0.680482523971544,,,,,,,,0.00177105284316,,,,,,,,,,,,,,,,,,,,,,,,,,,,,,,,
1891-09-01,5.33,0.22,0.3275,,,,,,,,,0.0038826636415633,0.0412757973733583,0.0446247464503043,0.0614446529080675,0.67175572519084,,,,,,,,0.00211040526493,,,,,,,,,,,,,,,,,,,,,,,,,,,,,,,,
1891-10-01,5.33,0.22,0.3317,,,,,,,,,0.00390480155605426,0.0412757973733583,0.0412757973733583,0.0622326454033771,0.66324992463069,,,,,,,,0.00166162080211,,,,,,,,,,,,,,,,,,,,,,,,,,,,,,,,
1891-11-01,5.25,0.22,0.3358,,,,,,,,,0.00375721545944789,0.0419047619047619,0.0412757973733583,0.0639619047619048,0.655151876116736,,,,,,,,0.00140911291987,,,,,,,,,,,,,,,,,,,,,,,,,,,,,,,,
1891-12-01,5.41,0.22,0.34,,,,,,,,,0.00337349160827133,0.0406654343807763,0.0419047619047619,0.0628465804066543,0.647058823529412,,,,,,,,0.00055518218628,,,,,,,,,,,,,,,,,,,,,,,,,,,,,,,,
1892-01-01,5.51,0.2217,0.3425,,,,,,,,,0.00320376759717401,0.0402359346642468,0.0409796672828096,0.0621597096188748,0.647299270072993,,,,,,,,0.0015107813068,,,,,,,,,,,,,,,,,,,,,,,,,,,,,,,,
1892-02-01,5.52,0.2233,0.345,,,,,,,,,0.00270935417354268,0.0404528985507246,0.0405263157894737,0.0625,0.647246376811594,,,,,,,,0.00135001438371,,,,,,,,,,,,,,,,,,,,,,,,,,,,,,,,
1892-03-01,5.58,0.225,0.3475,,,,,,,,,0.00236252684651771,0.0403225806451613,0.0407608695652174,0.0622759856630824,0.647482014388489,,,,,,,,0.00103022156419,,,,,,,,,,,,,,,,,,,,,,,,,,,,,,,,
1892-04-01,5.57,0.2267,0.35,,,,,,,,,0.00257652668659695,0.0407001795332136,0.0406272401433692,0.0628366247755835,0.647714285714286,,,,,,,,0.00070600765535,,,,,,,,,,,,,,,,,,,,,,,,,,,,,,,,
1892-05-01,5.57,0.2283,0.3525,,,,,,,,,0.00220018214025071,0.0409874326750449,0.0409874326750449,0.0632854578096948,0.647659574468085,,,,,,,,0.00071005264923,,,,,,,,,,,,,,,,,,,,,,,,,,,,,,,,
1892-06-01,5.54,0.23,0.355,,,,,,,,,0.00197142369051084,0.0415162454873646,0.0412926391382406,0.0640794223826715,0.647887323943662,,,,,,,,0.0007011436979,,,,,,,,,,,,,,,,,,,,,,,,,,,,,,,,
1892-07-01,5.54,0.2317,0.3575,,,,,,,,,0.00181645828907415,0.0418231046931408,0.0418231046931408,0.0645306859205776,0.648111888111888,,,,,,,,0.00082788461763,,,,,,,,,,,,,,,,,,,,,,,,,,,,,,,,
1892-08-01,5.62,0.2333,0.36,,,,,,,,,0.00220018214025071,0.0415124555160142,0.0421119133574007,0.0640569395017794,0.648055555555556,,,,,,,,0.0009315347338,,,,,,,,,,,,,,,,,,,,,,,,,,,,,,,,
1892-09-01,5.48,0.235,0.3625,,,,,,,,,0.00256176807693631,0.0428832116788321,0.0418149466192171,0.0661496350364963,0.648275862068965,,,,,,,,0.00102379904271,,,,,,,,,,,,,,,,,,,,,,,,,,,,,,,,
1892-10-01,5.59,0.2367,0.365,,,,,,,,,0.00311521593921019,0.0423434704830054,0.0431934306569343,0.0652951699463327,0.648493150684932,,,,,,,,0.00035982150817,,,,,,,,,,,,,,,,,,,,,,,,,,,,,,,,
1892-11-01,5.57,0.2383,0.3675,,,,,,,,,0.00344728465657452,0.0427827648114901,0.0426296958855098,0.0659784560143627,0.64843537414966,,,,,,,,0.00077838079874,,,,,,,,,,,,,,,,,,,,,,,,,,,,,,,,
1892-12-01,5.51,0.24,0.37,,,,,,,,,0.00343252604691388,0.043557168784029,0.0430879712746858,0.0671506352087114,0.648648648648649,,,,,,,,0.0009565177994,,,,,,,,,,,,,,,,,,,,,,,,,,,,,,,,
1893-01-01,5.61,0.2408,0.3608,,,,,,,,,0.00369818102080534,0.0429233511586453,0.0437023593466425,0.0643137254901961,0.667405764966741,,,,,,,,0.00090231873422,,,,,,,,,,,,,,,,,,,,,,,,,,,,,,,,
1893-02-01,5.51,0.2417,0.3517,,,,,,,,,0.00340300882759261,0.0438656987295826,0.0430837789661319,0.0638294010889292,0.687233437588854,,,,,,,,0.00171577757374,,,,,,,,,,,,,,,,,,,,,,,,,,,,,,,,
1893-03-01,5.31,0.2425,0.3425,,,,,,,,,0.00330707786479847,0.045668549905838,0.044010889292196,0.0645009416195857,0.708029197080292,,,,,,,,0.00124057288999,,,,,,,,,,,,,,,,,,,,,,,,,,,,,,,,
1893-04-01,5.31,0.2433,0.3333,,,,,,,,,0.00465749064874674,0.045819209039548,0.045819209039548,0.0627683615819209,0.72997299729973,,,,,,,,0.0016310348374,,,,,,,,,,,,,,,,,,,,,,,,,,,,,,,,
1893-05-01,4.84,0.2442,0.3242,,,,,,,,,0.0038826636415633,0.0504545454545455,0.0459887005649718,0.0669834710743802,0.753238741517582,,,,,,,,0.00606550180242,,,,,,,,,,,,,,,,,,,,,,,,,,,,,,,,
1893-06-01,4.61,0.245,0.315,,,,,,,,,0.00457631829561323,0.0531453362255965,0.0506198347107438,0.0683297180043384,0.777777777777778,,,,,,,,0.00297078730668,,,,,,,,,,,,,,,,,,,,,,,,,,,,,,,,
1893-07-01,4.18,0.2458,0.3058,,,,,,,,,0.00588983455540991,0.0588038277511962,0.0533188720173536,0.0731578947368421,0.803793328973185,,,,,,,,0.01743871655373,,,,,,,,,,,,,,,,,,,,,,,,,,,,,,,,
1893-08-01,4.08,0.2467,0.2967,,,,,,,,,0.00766824701951665,0.0604656862745098,0.0590191387559809,0.0727205882352941,0.831479609032693,,,,,,,,0.00967755859462,,,,,,,,,,,,,,,,,,,,,,,,,,,,,,,,
1893-09-01,4.37,0.2475,0.2875,,,,,,,,,0.00746162648426773,0.0566361556064073,0.0606617647058824,0.0657894736842105,0.860869565217391,,,,,,,,0.00445303798236,,,,,,,,,,,,,,,,,,,,,,,,,,,,,,,,
1893-10-01,4.5,0.2483,0.2783,,,,,,,,,0.00574962776363386,0.0551777777777778,0.0568192219679634,0.0618444444444444,0.892202659001078,,,,,,,,0.00459421537435,,,,,,,,,,,,,,,,,,,,,,,,,,,,,,,,
1893-11-01,4.57,0.2492,0.2692,,,,,,,,,0.0040007325188484,0.0545295404814004,0.0553777777777778,0.0589059080962801,0.925705794947994,,,,,,,,0.00222444766309,,,,,,,,,,,,,,,,,,,,,,,,,,,,,,,,
1893-12-01,4.41,0.25,0.26,,,,,,,,,0.00287169887980968,0.0566893424036281,0.0547045951859956,0.0589569160997732,0.961538461538461,,,,,,,,0.00167042106537,,,,,,,,,,,,,,,,,,,,,,,,,,,,,,,,
1894-01-01,4.32,0.2467,0.2517,,,,,,,,,0.00234038893202676,0.0571064814814815,0.0559410430839002,0.0582638888888889,0.980135081446166,,,,,,,,0.00306115464023,,,,,,,,,,,,,,,,,,,,,,,,,,,,,,,,
1894-02-01,4.38,0.2433,0.2433,,,,,,,,,0.00220756144508102,0.0555479452054795,0.0563194444444444,0.0555479452054795,1,,,,,,,,0.00046876292898,,,,,,,,,,,,,,,,,,,,,,,,,,,,,,,,
1894-03-01,4.51,0.24,0.235,,,,,,,,,0.00207473395813529,0.0532150776053215,0.0547945205479452,0.0521064301552106,1.02127659574468,,,,,,,,0.00118525471637,,,,,,,,,,,,,,,,,,,,,,,,,,,,,,,,
1894-04-01,4.57,0.2367,0.2267,,,,,,,,,0.0018754927277167,0.0517943107221007,0.0524833702882483,0.0496061269146608,1.04411116012351,,,,,,,,0.00070726817664,,,,,,,,,,,,,,,,,,,,,,,,,,,,,,,,
1894-05-01,4.4,0.2333,0.2183,,,,,,,,,0.00192714786152893,0.0530227272727273,0.0510503282275711,0.0496136363636364,1.06871278057719,,,,,,,,0.0016138179001,,,,,,,,,,,,,,,,,,,,,,,,,,,,,,,,
1894-06-01,4.34,0.23,0.21,,,,,,,,,0.00180169967941351,0.0529953917050691,0.0522727272727273,0.0483870967741935,1.0952380952381,,,,,,,,0.00106796019306,,,,,,,,,,,,,,,,,,,,,,,,,,,,,,,,
1894-07-01,4.25,0.2267,0.2017,,,,,,,,,0.00178694106975288,0.0533411764705882,0.0522350230414747,0.0474588235294118,1.12394645513138,,,,,,,,0.0006023603871,,,,,,,,,,,,,,,,,,,,,,,,,,,,,,,,
1894-08-01,4.41,0.2233,0.1933,,,,,,,,,0.00185335481322574,0.0506349206349206,0.0525411764705882,0.0438321995464853,1.15519917227108,,,,,,,,0.00245405041055,,,,,,,,,,,,,,,,,,,,,,,,,,,,,,,,
1894-09-01,4.48,0.22,0.185,,,,,,,,,0.00190500994703797,0.0491071428571429,0.0498866213151927,0.0412946428571429,1.18918918918919,,,,,,,,0.00111295131819,,,,,,,,,,,,,,,,,,,,,,,,,,,,,,,,
1894-10-01,4.34,0.2167,0.1767,,,,,,,,,0.00205997534847466,0.0499308755760369,0.0483705357142857,0.0407142857142857,1.22637238256933,,,,,,,,0.0012013283347,,,,,,,,,,,,,,,,,,,,,,,,,,,,,,,,
1894-11-01,4.34,0.2133,0.1683,,,,,,,,,0.0016762514972981,0.049147465437788,0.049147465437788,0.038778801843318,1.26737967914438,,,,,,,,0.00190347427843,,,,,,,,,,,,,,,,,,,,,,,,,,,,,,,,
1894-12-01,4.3,0.21,0.16,,,,,,,,,0.00169838941178905,0.0488372093023256,0.0483870967741935,0.0372093023255814,1.3125,,,,,,,,0.00136035506097,,,,,,,,,,,,,,,,,,,,,,,,,,,,,,,,
1895-01-01,4.25,0.2083,0.1675,,,,,,,,,0.00176480315526192,0.0490117647058824,0.0484418604651163,0.0394117647058824,1.24358208955224,,,,,,,,0.00092614235314,,,,,,,,,,,,,,,,,,,,,,,,,,,,,,,,
1895-02-01,4.19,0.2067,0.175,,,,,,,,,0.00192714786152893,0.0493317422434367,0.0486352941176471,0.0417661097852029,1.18114285714286,,,,,,,,0.00089989984001,,,,,,,,,,,,,,,,,,,,,,,,,,,,,,,,
1895-03-01,4.19,0.205,0.1825,,,,,,,,,0.00231087171270548,0.0489260143198091,0.0489260143198091,0.0435560859188544,1.12328767123288,,,,,,,,0.00167113443535,,,,,,,,,,,,,,,,,,,,,,,,,,,,,,,,
1895-04-01,4.37,0.2033,0.19,,,,,,,,,0.00252487155278472,0.0465217391304348,0.0485202863961814,0.0434782608695652,1.07,,,,,,,,0.00088474994323,,,,,,,,,,,,,,,,,,,,,,,,,,,,,,,,
1895-05-01,4.61,0.2017,0.1975,,,,,,,,,0.00256914738176663,0.0437527114967462,0.0461556064073226,0.0428416485900217,1.02126582278481,,,,,,,,0.00301111228207,,,,,,,,,,,,,,,,,,,,,,,,,,,,,,,,
1895-06-01,4.7,0.2,0.205,,,,,,,,,0.00168363080212842,0.0425531914893617,0.0433839479392625,0.0436170212765957,0.975609756097561,,,,,,,,0.00091371861264,,,,,,,,,,,,,,,,,,,,,,,,,,,,,,,,
1895-07-01,4.72,0.1983,0.2125,,,,,,,,,0.00157294122967364,0.0420127118644068,0.0421914893617021,0.045021186440678,0.933176470588235,,,,,,,,0.00083800140367,,,,,,,,,,,,,,,,,,,,,,,,,,,,,,,,
1895-08-01,4.79,0.1967,0.22,,,,,,,,,0.00180907898424383,0.0410647181628392,0.0416737288135593,0.0459290187891441,0.894090909090909,,,,,,,,0.00058099419716,,,,,,,,,,,,,,,,,,,,,,,,,,,,,,,,
1895-09-01,4.82,0.195,0.2275,,,,,,,,,0.00220018214025071,0.0404564315352697,0.0407098121085595,0.0471991701244813,0.857142857142857,,,,,,,,0.00201913955686,,,,,,,,,,,,,,,,,,,,,,,,,,,,,,,,
1895-10-01,4.75,0.1933,0.235,,,,,,,,,0.00261342321074854,0.0406947368421053,0.040103734439834,0.0494736842105263,0.822553191489362,,,,,,,,0.00090026137978,,,,,,,,,,,,,,,,,,,,,,,,,,,,,,,,
1895-11-01,4.59,0.1917,0.2425,,,,,,,,,0.00316687107302242,0.0417647058823529,0.0403578947368421,0.0528322440087146,0.790515463917526,,,,,,,,0.0015394193938,,,,,,,,,,,,,,,,,,,,,,,,,,,,,,,,
1895-12-01,4.32,0.19,0.25,,,,,,,,,0.00268721625905172,0.0439814814814815,0.0413943355119826,0.0578703703703704,0.76,,,,,,,,0.01450513233317,,,,,,,,,,,,,,,,,,,,,,,,,,,,,,,,
1896-01-01,4.27,0.1892,0.2467,,,,,,,,,0.00314473315853146,0.0443091334894614,0.0437962962962963,0.0577751756440281,0.766923388731253,,,,,,,,0.00348541317034,,,,,,,,,,,,,,,,,,,,,,,,,,,,,,,,
1896-02-01,4.45,0.1883,0.2433,,,,,,,,,0.00406714626232126,0.042314606741573,0.0440983606557377,0.0546741573033708,0.773941635840526,,,,,,,,0.0017888724858,,,,,,,,,,,,,,,,,,,,,,,,,,,,,,,,
1896-03-01,4.38,0.1875,0.24,,,,,,,,,0.00392693947054521,0.0428082191780822,0.0421348314606742,0.0547945205479452,0.78125,,,,,,,,0.00145664339319,,,,,,,,,,,,,,,,,,,,,,,,,,,,,,,,
1896-04-01,4.42,0.1867,0.2367,,,,,,,,,0.00349156048555643,0.0422398190045249,0.0426255707762557,0.053552036199095,0.788762146176595,,,,,,,,0.00065320044587,,,,,,,,,,,,,,,,,,,,,,,,,,,,,,,,
1896-05-01,4.4,0.1858,0.2333,,,,,,,,,0.00352845700970802,0.0422272727272727,0.0420361990950226,0.0530227272727273,0.796399485640806,,,,,,,,0.00103982739123,,,,,,,,,,,,,,,,,,,,,,,,,,,,,,,,
1896-06-01,4.32,0.185,0.23,,,,,,,,,0.00298238845226446,0.0428240740740741,0.0420454545454545,0.0532407407407407,0.804347826086956,,,,,,,,0.00435875046137,,,,,,,,,,,,,,,,,,,,,,,,,,,,,,,,
1896-07-01,4.04,0.1842,0.2267,,,,,,,,,0.00277576791701554,0.0455940594059406,0.0426388888888889,0.0561138613861386,0.812527569475077,,,,,,,,0.00768569378864,,,,,,,,,,,,,,,,,,,,,,,,,,,,,,,,
1896-08-01,3.81,0.1833,0.2233,,,,,,,,,0.00336611230344102,0.0481102362204724,0.0453712871287129,0.0586089238845144,0.820868786386028,,,,,,,,0.00796563727208,,,,,,,,,,,,,,,,,,,,,,,,,,,,,,,,
1896-09-01,4.01,0.1825,0.22,,,,,,,,,0.0054028004366089,0.0455112219451372,0.0479002624671916,0.0548628428927681,0.829545454545454,,,,,,,,0.00430887702949,,,,,,,,,,,,,,,,,,,,,,,,,,,,,,,,
1896-10-01,4.1,0.1817,0.2167,,,,,,,,,0.0057643863732945,0.0443170731707317,0.0453117206982544,0.0528536585365854,0.838486386709737,,,,,,,,0.00451481334689,,,,,,,,,,,,,,,,,,,,,,,,,,,,,,,,
1896-11-01,4.38,0.1808,0.2133,,,,,,,,,0.00580866220227641,0.0412785388127854,0.0440975609756098,0.0486986301369863,0.847632442569151,,,,,,,,0.00421371662943,,,,,,,,,,,,,,,,,,,,,,,,,,,,,,,,
1896-12-01,4.22,0.18,0.21,,,,,,,,,0.00358011214352025,0.042654028436019,0.0410958904109589,0.0497630331753555,0.857142857142857,,,,,,,,0.00496178909419,,,,,,,,,,,,,,,,,,,,,,,,,,,,,,,,
1897-01-01,4.22,0.18,0.2183,,,,,,,,,0.00239204406583898,0.042654028436019,0.042654028436019,0.0517298578199052,0.824553366926248,,,,,,,,0.001418686168,,,,,,,,,,,,,,,,,,,,,,,,,,,,,,,,
1897-02-01,4.18,0.18,0.2267,,,,,,,,,0.00208211326296561,0.0430622009569378,0.042654028436019,0.0542344497607656,0.794000882223202,,,,,,,,0.00103470790224,,,,,,,,,,,,,,,,,,,,,,,,,,,,,,,,
1897-03-01,4.19,0.18,0.235,,,,,,,,,0.00185335481322574,0.0429594272076372,0.0430622009569378,0.0560859188544153,0.765957446808511,,,,,,,,0.00191879408861,,,,,,,,,,,,,,,,,,,,,,,,,,,,,,,,
1897-04-01,4.06,0.18,0.2433,,,,,,,,,0.00209687187262625,0.0443349753694581,0.0429594272076372,0.0599261083743842,0.739827373612824,,,,,,,,0.00209206438896,,,,,,,,,,,,,,,,,,,,,,,,,,,,,,,,
1897-05-01,4.08,0.18,0.2517,,,,,,,,,0.00224445796923262,0.0441176470588235,0.0443349753694581,0.0616911764705882,0.715137067938021,,,,,,,,0.00108580797058,,,,,,,,,,,,,,,,,,,,,,,,,,,,,,,,
1897-06-01,4.27,0.18,0.26,,,,,,,,,0.00224445796923262,0.0421545667447307,0.0441176470588235,0.0608899297423888,0.692307692307692,,,,,,,,0.00116497594726,,,,,,,,,,,,,,,,,,,,,,,,,,,,,,,,
1897-07-01,4.46,0.18,0.2683,,,,,,,,,0.00194190647118956,0.0403587443946188,0.0421545667447307,0.0601569506726457,0.670890793887439,,,,,,,,0.00099829650323,,,,,,,,,,,,,,,,,,,,,,,,,,,,,,,,
1897-08-01,4.75,0.18,0.2767,,,,,,,,,0.00214852700643848,0.0378947368421053,0.0403587443946188,0.0582526315789474,0.650524033249006,,,,,,,,0.00202352904359,,,,,,,,,,,,,,,,,,,,,,,,,,,,,,,,
1897-09-01,4.98,0.18,0.285,,,,,,,,,0.00238466476100867,0.036144578313253,0.0378947368421053,0.0572289156626506,0.631578947368421,,,,,,,,0.00317438718183,,,,,,,,,,,,,,,,,,,,,,,,,,,,,,,,
1897-10-01,4.82,0.18,0.2933,,,,,,,,,0.00266507834456077,0.037344398340249,0.036144578313253,0.060850622406639,0.613706102966246,,,,,,,,0.00345752881587,,,,,,,,,,,,,,,,,,,,,,,,,,,,,,,,
1897-11-01,4.65,0.18,0.3017,,,,,,,,,0.00273149208803363,0.0387096774193548,0.037344398340249,0.0648817204301075,0.596619158104077,,,,,,,,0.00318595077933,,,,,,,,,,,,,,,,,,,,,,,,,,,,,,,,
1897-12-01,4.75,0.18,0.31,,,,,,,,,0.00213376839677784,0.0378947368421053,0.0387096774193548,0.0652631578947368,0.580645161290323,,,,,,,,0.0011967886542,,,,,,,,,,,,,,,,,,,,,,,,,,,,,,,,
1898-01-01,4.88,0.1817,0.3133,,,,,,,,,0.00216328561609911,0.037233606557377,0.0382526315789474,0.0642008196721311,0.579955314395148,,,,,,,,0.0020065062408,,,,,,,,,,,,,,,,,,,,,,,,,,,,,,,,
1898-02-01,4.87,0.1833,0.3167,,,,,,,,,0.0020378374339837,0.0376386036960986,0.0375614754098361,0.0650308008213552,0.578781180928323,,,,,,,,0.0028627302332,,,,,,,,,,,,,,,,,,,,,,,,,,,,,,,,
1898-03-01,4.65,0.185,0.32,,,,,,,,,0.00194190647118956,0.0397849462365591,0.0379876796714579,0.0688172043010753,0.578125,,,,,,,,0.0109767556163,,,,,,,,,,,,,,,,,,,,,,,,,,,,,,,,
1898-04-01,4.57,0.1867,0.3233,,,,,,,,,0.00307094011022828,0.0408533916849015,0.0401505376344086,0.0707439824945295,0.577482214661305,,,,,,,,0.00434880346519,,,,,,,,,,,,,,,,,,,,,,,,,,,,,,,,
1898-05-01,4.87,0.1883,0.3267,,,,,,,,,0.0038826636415633,0.0386652977412731,0.0412035010940919,0.0670841889117043,0.57636975818794,,,,,,,,0.00469702375251,,,,,,,,,,,,,,,,,,,,,,,,,,,,,,,,
1898-06-01,5.06,0.19,0.33,,,,,,,,,0.00307094011022828,0.0375494071146245,0.0390143737166324,0.0652173913043478,0.575757575757576,,,,,,,,0.00122374414963,,,,,,,,,,,,,,,,,,,,,,,,,,,,,,,,
1898-07-01,5.08,0.1917,0.3333,,,,,,,,,0.00203045812915338,0.0377362204724409,0.0378853754940712,0.0656102362204724,0.575157515751575,,,,,,,,0.00085202889831,,,,,,,,,,,,,,,,,,,,,,,,,,,,,,,,
1898-08-01,5.27,0.1933,0.3367,,,,,,,,,0.00234038893202676,0.0366793168880455,0.0380511811023622,0.0638899430740038,0.574101574101574,,,,,,,,0.00130103494249,,,,,,,,,,,,,,,,,,,,,,,,,,,,,,,,
1898-09-01,5.26,0.195,0.34,,,,,,,,,0.00232563032236612,0.0370722433460076,0.0370018975332068,0.064638783269962,0.573529411764706,,,,,,,,0.0014933782417,,,,,,,,,,,,,,,,,,,,,,,,,,,,,,,,
1898-10-01,5.15,0.1967,0.3433,,,,,,,,,0.00267245764939108,0.0381941747572816,0.0373954372623574,0.0666601941747573,0.572968249344597,,,,,,,,0.00108589626398,,,,,,,,,,,,,,,,,,,,,,,,,,,,,,,,
1898-11-01,5.32,0.1983,0.3467,,,,,,,,,0.0021559063112688,0.0372744360902256,0.038504854368932,0.0651691729323308,0.571964234208249,,,,,,,,0.0007460238471,,,,,,,,,,,,,,,,,,,,,,,,,,,,,,,,
1898-12-01,5.65,0.2,0.35,,,,,,,,,0.00207473395813529,0.0353982300884956,0.037593984962406,0.0619469026548672,0.571428571428572,,,,,,,,0.00083048220604,,,,,,,,,,,,,,,,,,,,,,,,,,,,,,,,
1899-01-01,6.08,0.2008,0.3608,,,,,,,,,0.0018754927277167,0.0330263157894737,0.0355398230088496,0.0593421052631579,0.556541019955654,,,,,,,,0.00171135991292,,,,,,,,,,,,,,,,,,,,,,,,,,,,,,,,
1899-02-01,6.31,0.2017,0.3717,,,,,,,,,0.00177956176492256,0.0319651347068146,0.0331743421052632,0.0589064976228209,0.542641915523271,,,,,,,,0.00089452591393,,,,,,,,,,,,,,,,,,,,,,,,,,,,,,,,
1899-03-01,6.4,0.2025,0.3825,,,,,,,,,0.00189025133737733,0.031640625,0.0320919175911252,0.059765625,0.529411764705882,,,,,,,,0.00129131018011,,,,,,,,,,,,,,,,,,,,,,,,,,,,,,,,
1899-04-01,6.48,0.2033,0.3933,,,,,,,,,0.00248797502863312,0.0313734567901235,0.031765625,0.0606944444444444,0.516908212560387,,,,,,,,0.00125585732743,,,,,,,,,,,,,,,,,,,,,,,,,,,,,,,,
1899-05-01,6.21,0.2042,0.4042,,,,,,,,,0.00236252684651771,0.0328824476650564,0.0315123456790123,0.0650885668276973,0.50519544779812,,,,,,,,0.00503154949487,,,,,,,,,,,,,,,,,,,,,,,,,,,,,,,,
1899-06-01,6.07,0.205,0.415,,,,,,,,,0.00229611310304485,0.0337726523887974,0.0330112721417069,0.0683690280065898,0.493975903614458,,,,,,,,0.0015474261675,,,,,,,,,,,,,,,,,,,,,,,,,,,,,,,,
1899-07-01,6.28,0.2058,0.4258,,,,,,,,,0.00208211326296561,0.0327707006369427,0.0339044481054366,0.0678025477707006,0.483325504931893,,,,,,,,0.00086712366107,,,,,,,,,,,,,,,,,,,,,,,,,,,,,,,,
1899-08-01,6.44,0.2067,0.4367,,,,,,,,,0.00234038893202676,0.0320962732919255,0.0329140127388535,0.0678105590062112,0.473322647126174,,,,,,,,0.00050659340029,,,,,,,,,,,,,,,,,,,,,,,,,,,,,,,,
1899-09-01,6.37,0.2075,0.4475,,,,,,,,,0.00284956096531873,0.032574568288854,0.0322204968944099,0.0702511773940345,0.463687150837989,,,,,,,,0.00190004211858,,,,,,,,,,,,,,,,,,,,,,,,,,,,,,,,
1899-10-01,6.34,0.2083,0.4583,,,,,,,,,0.00328493995030751,0.0328548895899054,0.0327001569858713,0.0722870662460568,0.454505782238708,,,,,,,,0.00128694805586,,,,,,,,,,,,,,,,,,,,,,,,,,,,,,,,
1899-11-01,6.46,0.2092,0.4692,,,,,,,,,0.00346942257106547,0.0323839009287926,0.0329968454258675,0.0726315789473684,0.445865302642796,,,,,,,,0.00091893481556,,,,,,,,,,,,,,,,,,,,,,,,,,,,,,,,
1899-12-01,6.02,0.21,0.48,,,,,,,,,0.0036391465821628,0.0348837209302326,0.0325077399380805,0.079734219269103,0.4375,,,,,,,,0.0098848708535,,,,,,,,,,,,,,,,,,,,,,,,,,,,,,,,
1900-01-01,6.1,0.2175,0.48,,,,,,,,,0.00397859460435744,0.035655737704918,0.0361295681063123,0.0786885245901639,0.453125,,,,,,,,0.00243246237464,,,,,,,,,,,,,,,,,,,,,,,,,,,,,,,,
1900-02-01,6.21,0.225,0.48,,,,,,,,,0.00327756064547719,0.036231884057971,0.0368852459016394,0.0772946859903382,0.46875,,,,,,,,0.00083804069584,,,,,,,,,,,,,,,,,,,,,,,,,,,,,,,,
1900-03-01,6.26,0.2325,0.48,,,,,,,,,0.00288645748947032,0.0371405750798722,0.03743961352657,0.0766773162939297,0.484375,,,,,,,,0.00122170330853,,,,,,,,,,,,,,,,,,,,,,,,,,,,,,,,
1900-04-01,6.34,0.24,0.48,,,,,,,,,0.0032406641213256,0.0378548895899054,0.0383386581469649,0.0757097791798107,0.5,,,,,,,,0.00142546087841,,,,,,,,,,,,,,,,,,,,,,,,,,,,,,,,
1900-05-01,6.04,0.2475,0.48,,,,,,,,,0.00277576791701554,0.040976821192053,0.0390378548895899,0.0794701986754967,0.515625,,,,,,,,0.00169129171757,,,,,,,,,,,,,,,,,,,,,,,,,,,,,,,,
1900-06-01,5.86,0.255,0.48,,,,,,,,,0.00236990615134803,0.0435153583617747,0.0422185430463576,0.0819112627986348,0.53125,,,,,,,,0.00157149506332,,,,,,,,,,,,,,,,,,,,,,,,,,,,,,,,
1900-07-01,5.86,0.2625,0.48,,,,,,,,,0.00235514754168739,0.0447952218430034,0.0447952218430034,0.0819112627986348,0.546875,,,,,,,,0.00128715609021,,,,,,,,,,,,,,,,,,,,,,,,,,,,,,,,
1900-08-01,5.94,0.27,0.48,,,,,,,,,0.00261342321074854,0.0454545454545455,0.0460750853242321,0.0808080808080808,0.5625,,,,,,,,0.00030482126537,,,,,,,,,,,,,,,,,,,,,,,,,,,,,,,,
1900-09-01,5.8,0.2775,0.48,,,,,,,,,0.00273149208803363,0.0478448275862069,0.0467171717171717,0.0827586206896552,0.578125,,,,,,,,0.00144585376423,,,,,,,,,,,,,,,,,,,,,,,,,,,,,,,,
1900-10-01,6.01,0.285,0.48,,,,,,,,,0.00284218166048841,0.0474209650582363,0.0491379310344828,0.0798668885191348,0.59375,,,,,,,,0.00125519269207,,,,,,,,,,,,,,,,,,,,,,,,,,,,,,,,
1900-11-01,6.48,0.2925,0.48,,,,,,,,,0.00336611230344102,0.0451388888888889,0.0486688851913478,0.0740740740740741,0.609375,,,,,,,,0.00245822984077,,,,,,,,,,,,,,,,,,,,,,,,,,,,,,,,
1900-12-01,6.87,0.3,0.48,,,,,,,,,0.00288645748947032,0.0436681222707424,0.0462962962962963,0.0698689956331878,0.625,,,,,,,,0.00122840670803,,,,,,,,,,,,,,,,,,,,,,,,,,,,,,,,
1901-01-01,7.07,0.3017,0.4817,,,,,,,,,0.00314473315853146,0.0426732673267327,0.0439155749636099,0.0681329561527581,0.626323437824372,,,,,,,,0.00252925166323,,,,,,,,,,,,,,,,,,,,,,,,,,,,,,,,
1901-02-01,7.25,0.3033,0.4833,,,,,,,,,0.00261342321074854,0.0418344827586207,0.0428995756718529,0.0666620689655172,0.62756052141527,,,,,,,,0.00094355734881,,,,,,,,,,,,,,,,,,,,,,,,,,,,,,,,
1901-03-01,7.51,0.305,0.485,,,,,,,,,0.00236252684651771,0.040612516644474,0.0420689655172414,0.0645805592543276,0.628865979381443,,,,,,,,0.00044761178193,,,,,,,,,,,,,,,,,,,,,,,,,,,,,,,,
1901-04-01,8.14,0.3067,0.4867,,,,,,,,,0.00240680267549962,0.0376781326781327,0.0408388814913449,0.0597911547911548,0.630162317649476,,,,,,,,0.00180414523207,,,,,,,,,,,,,,,,,,,,,,,,,,,,,,,,
1901-05-01,7.73,0.3083,0.4883,,,,,,,,,0.00256914738176663,0.0398835705045278,0.0378746928746929,0.0631694695989651,0.631374155232439,,,,,,,,0.01512932512595,,,,,,,,,,,,,,,,,,,,,,,,,,,,,,,,
1901-06-01,8.5,0.31,0.49,,,,,,,,,0.00256914738176663,0.0364705882352941,0.0401034928848642,0.0576470588235294,0.63265306122449,,,,,,,,0.00111663397794,,,,,,,,,,,,,,,,,,,,,,,,,,,,,,,,
1901-07-01,7.93,0.3117,0.4917,,,,,,,,,0.00254700946727567,0.0393064312736444,0.0366705882352941,0.0620050441361917,0.63392312385601,,,,,,,,0.00498902259597,,,,,,,,,,,,,,,,,,,,,,,,,,,,,,,,
1901-08-01,8.04,0.3133,0.4933,,,,,,,,,0.00281266444116713,0.0389676616915423,0.0395081967213115,0.0613557213930348,0.635110480437867,,,,,,,,0.00136838119369,,,,,,,,,,,,,,,,,,,,,,,,,,,,,,,,
1901-09-01,8,0.315,0.495,,,,,,,,,0.0029602505377735,0.039375,0.0391791044776119,0.061875,0.636363636363636,,,,,,,,0.00591299925142,,,,,,,,,,,,,,,,,,,,,,,,,,,,,,,,
1901-10-01,7.91,0.3167,0.4967,,,,,,,,,0.00328493995030751,0.0400379266750948,0.0395875,0.0627939317319848,0.637608214213811,,,,,,,,0.0009998370502,,,,,,,,,,,,,,,,,,,,,,,,,,,,,,,,
1901-11-01,8.08,0.3183,0.4983,,,,,,,,,0.00307094011022828,0.0393935643564356,0.0402402022756005,0.0616707920792079,0.638771824202288,,,,,,,,0.00082189612633,,,,,,,,,,,,,,,,,,,,,,,,,,,,,,,,
1901-12-01,7.95,0.32,0.5,,,,,,,,,0.00312259524404051,0.040251572327044,0.0396039603960396,0.0628930817610063,0.64,,,,,,,,0.00123032522404,,,,,,,,,,,,,,,,,,,,,,,,,,,,,,,,
1902-01-01,8.12,0.3208,0.5108,,,,,,,,,0.00328493995030751,0.0395073891625616,0.0403522012578616,0.0629064039408867,0.628034455755677,,,,,,,,0.00084182236003,,,,,,,,,,,,,,,,,,,,,,,,,,,,,,,,
1902-02-01,8.19,0.3217,0.5217,,,,,,,,,0.0029602505377735,0.0392796092796093,0.0396182266009852,0.0636996336996337,0.616637914510255,,,,,,,,0.00050690323225,,,,,,,,,,,,,,,,,,,,,,,,,,,,,,,,
1902-03-01,8.2,0.3225,0.5325,,,,,,,,,0.00259128529625758,0.0393292682926829,0.0393772893772894,0.0649390243902439,0.605633802816901,,,,,,,,0.00035371375003,,,,,,,,,,,,,,,,,,,,,,,,,,,,,,,,
1902-04-01,8.48,0.3233,0.5433,,,,,,,,,0.00284218166048841,0.038125,0.0394268292682927,0.0640683962264151,0.595067182035708,,,,,,,,0.00062107308082,,,,,,,,,,,,,,,,,,,,,,,,,,,,,,,,
1902-05-01,8.46,0.3242,0.5542,,,,,,,,,0.00294549192811287,0.0383215130023641,0.0382311320754717,0.0655082742316785,0.584987369180801,,,,,,,,0.00123702485151,,,,,,,,,,,,,,,,,,,,,,,,,,,,,,,,
1902-06-01,8.41,0.325,0.565,,,,,,,,,0.00298238845226446,0.0386444708680143,0.0384160756501182,0.0671819262782402,0.575221238938053,,,,,,,,0.00026097644547,,,,,,,,,,,,,,,,,,,,,,,,,,,,,,,,
1902-07-01,8.6,0.3258,0.5758,,,,,,,,,0.00291597470879159,0.0378837209302326,0.0387395957193817,0.066953488372093,0.565821465786732,,,,,,,,0.0003693229253,,,,,,,,,,,,,,,,,,,,,,,,,,,,,,,,
1902-08-01,8.83,0.3267,0.5867,,,,,,,,,0.00304880219573732,0.0369988674971687,0.0379883720930233,0.0664439411098528,0.556843361172661,,,,,,,,0.00033637332766,,,,,,,,,,,,,,,,,,,,,,,,,,,,,,,,
1902-09-01,8.85,0.3275,0.5975,,,,,,,,,0.00321114690200433,0.0370056497175141,0.0370894677236693,0.0675141242937853,0.548117154811716,,,,,,,,0.00337887854199,,,,,,,,,,,,,,,,,,,,,,,,,,,,,,,,
1902-10-01,8.57,0.3283,0.6083,,,,,,,,,0.00377935337393885,0.0383080513418903,0.0370960451977401,0.0709801633605601,0.53970080552359,,,,,,,,0.00168014343014,,,,,,,,,,,,,,,,,,,,,,,,,,,,,,,,
1902-11-01,8.24,0.3292,0.6192,,,,,,,,,0.00402287043333935,0.0399514563106796,0.0384130688448075,0.0751456310679612,0.531653746770026,,,,,,,,0.00211990810925,,,,,,,,,,,,,,,,,,,,,,,,,,,,,,,,
1902-12-01,8.05,0.33,0.63,,,,,,,,,0.0038826636415633,0.0409937888198758,0.0400485436893204,0.0782608695652174,0.523809523809524,,,,,,,,0.00168688765875,,,,,,,,,,,,,,,,,,,,,,,,,,,,,,,,
1903-01-01,8.46,0.3317,0.6217,,,,,,,,,0.00406714626232126,0.0392080378250591,0.0412049689440994,0.0734869976359338,0.533537075760013,,,,,,,,0.00067602789216,,,,,,,,,,,,,,,,,,,,,,,,,,,,,,,,
1903-02-01,8.41,0.3333,0.6133,,,,,,,,,0.00341776743725324,0.0396313912009512,0.0393971631205674,0.0729250891795482,0.543453448556987,,,,,,,,0.00047244619848,,,,,,,,,,,,,,,,,,,,,,,,,,,,,,,,
1903-03-01,8.08,0.335,0.605,,,,,,,,,0.00321114690200433,0.041460396039604,0.039833531510107,0.0748762376237624,0.553719008264463,,,,,,,,0.00170763528625,,,,,,,,,,,,,,,,,,,,,,,,,,,,,,,,
1903-04-01,7.75,0.3367,0.5967,,,,,,,,,0.00377935337393885,0.0434451612903226,0.0416707920792079,0.0769935483870968,0.564270152505447,,,,,,,,0.0016186946951,,,,,,,,,,,,,,,,,,,,,,,,,,,,,,,,
1903-05-01,7.6,0.3383,0.5883,,,,,,,,,0.00349156048555643,0.0445131578947368,0.0436516129032258,0.0774078947368421,0.575046744858066,,,,,,,,0.00139527066523,,,,,,,,,,,,,,,,,,,,,,,,,,,,,,,,
1903-06-01,7.18,0.34,0.58,,,,,,,,,0.00314473315853146,0.0473537604456825,0.0447368421052632,0.0807799442896936,0.586206896551724,,,,,,,,0.00256053288822,,,,,,,,,,,,,,,,,,,,,,,,,,,,,,,,
1903-07-01,6.85,0.3417,0.5717,,,,,,,,,0.00338825021793197,0.0498832116788321,0.0475905292479109,0.0834598540145985,0.597691096729054,,,,,,,,0.00259745885641,,,,,,,,,,,,,,,,,,,,,,,,,,,,,,,,
1903-08-01,6.63,0.3433,0.5633,,,,,,,,,0.00365390519182343,0.0517797888386124,0.0501167883211679,0.0849622926093514,0.609444345819279,,,,,,,,0.00461205636616,,,,,,,,,,,,,,,,,,,,,,,,,,,,,,,,
1903-09-01,6.47,0.345,0.555,,,,,,,,,0.00402287043333935,0.053323029366306,0.0520361990950226,0.0857805255023184,0.621621621621621,,,,,,,,0.00294319769352,,,,,,,,,,,,,,,,,,,,,,,,,,,,,,,,
1903-10-01,6.26,0.3467,0.5467,,,,,,,,,0.00406714626232126,0.0553833865814696,0.0535857805255023,0.087332268370607,0.634168648253155,,,,,,,,0.0036398171592,,,,,,,,,,,,,,,,,,,,,,,,,,,,,,,,
1903-11-01,6.28,0.3483,0.5383,,,,,,,,,0.00394907738503617,0.0554617834394904,0.0556389776357828,0.0857165605095541,0.647036968233327,,,,,,,,0.00127812305135,,,,,,,,,,,,,,,,,,,,,,,,,,,,,,,,
1903-12-01,6.57,0.35,0.53,,,,,,,,,0.00404500834783031,0.0532724505327245,0.0557324840764331,0.0806697108066971,0.660377358490566,,,,,,,,0.00124432114833,,,,,,,,,,,,,,,,,,,,,,,,,,,,,,,,
1904-01-01,6.68,0.3467,0.5267,,,,,,,,,0.00395645668986649,0.0519011976047904,0.0527701674277017,0.0788473053892216,0.658249477881147,,,,,,,,0.00177815498668,,,,,,,,,,,,,,,,,,,,,,,,,,,,,,,,
1904-02-01,6.5,0.3433,0.5233,,,,,,,,,0.0032406641213256,0.0528153846153846,0.0513922155688623,0.0805076923076923,0.656029046436079,,,,,,,,0.00071103726431,,,,,,,,,,,,,,,,,,,,,,,,,,,,,,,,
1904-03-01,6.48,0.34,0.52,,,,,,,,,0.00316687107302242,0.0524691358024691,0.0523076923076923,0.0802469135802469,0.653846153846154,,,,,,,,0.00146263966273,,,,,,,,,,,,,,,,,,,,,,,,,,,,,,,,
1904-04-01,6.64,0.3367,0.5167,,,,,,,,,0.00309307802471923,0.0507078313253012,0.0519598765432099,0.077816265060241,0.651635378362686,,,,,,,,0.00043687836406,,,,,,,,,,,,,,,,,,,,,,,,,,,,,,,,
1904-05-01,6.5,0.3333,0.5133,,,,,,,,,0.00263556112523949,0.0512769230769231,0.0501957831325301,0.0789692307692308,0.649327878433665,,,,,,,,0.0003431724415,,,,,,,,,,,,,,,,,,,,,,,,,,,,,,,,
1904-06-01,6.51,0.33,0.51,,,,,,,,,0.00253225085761503,0.0506912442396313,0.0507692307692308,0.0783410138248848,0.647058823529412,,,,,,,,0.00023818810262,,,,,,,,,,,,,,,,,,,,,,,,,,,,,,,,
1904-07-01,6.78,0.3267,0.5067,,,,,,,,,0.00230349240787516,0.0481858407079646,0.050184331797235,0.0747345132743363,0.644760213143872,,,,,,,,0.00090555547535,,,,,,,,,,,,,,,,,,,,,,,,,,,,,,,,
1904-08-01,7.01,0.3233,0.5033,,,,,,,,,0.00224445796923262,0.0461198288159772,0.0476843657817109,0.0717974322396576,0.642360421219948,,,,,,,,0.00048822878967,,,,,,,,,,,,,,,,,,,,,,,,,,,,,,,,
1904-09-01,7.32,0.32,0.5,,,,,,,,,0.00250273363829376,0.0437158469945355,0.0456490727532097,0.0683060109289617,0.64,,,,,,,,0.00088124632827,,,,,,,,,,,,,,,,,,,,,,,,,,,,,,,,
1904-10-01,7.75,0.3167,0.4967,,,,,,,,,0.00282004374599745,0.0408645161290323,0.0432650273224044,0.0640903225806452,0.637608214213811,,,,,,,,0.00129763692347,,,,,,,,,,,,,,,,,,,,,,,,,,,,,,,,
1904-11-01,8.17,0.3133,0.4933,,,,,,,,,0.00288645748947032,0.0383476132190943,0.0404258064516129,0.0603794369645043,0.635110480437867,,,,,,,,0.00077774110331,,,,,,,,,,,,,,,,,,,,,,,,,,,,,,,,
1904-12-01,8.25,0.31,0.49,,,,,,,,,0.00268721625905172,0.0375757575757576,0.0379436964504284,0.0593939393939394,0.63265306122449,,,,,,,,0.00334836060586,,,,,,,,,,,,,,,,,,,,,,,,,,,,,,,,
1905-01-01,8.43,0.3117,0.505,,,,,,,,,0.0027979058315065,0.0369750889679715,0.0377818181818182,0.0599051008303677,0.617227722772277,,,,,,,,0.00081676579183,,,,,,,,,,,,,,,,,,,,,,,,,,,,,,,,
1905-02-01,8.8,0.3133,0.52,,,,,,,,,0.00256914738176663,0.0356022727272727,0.0371648873072361,0.0590909090909091,0.6025,,,,,,,,0.00054843491452,,,,,,,,,,,,,,,,,,,,,,,,,,,,,,,,
1905-03-01,9.05,0.315,0.535,,,,,,,,,0.00246583711414217,0.0348066298342541,0.0357954545454545,0.0591160220994475,0.588785046728972,,,,,,,,0.00107032300451,,,,,,,,,,,,,,,,,,,,,,,,,,,,,,,,
1905-04-01,8.94,0.3167,0.55,,,,,,,,,0.00253963016244535,0.0354250559284116,0.0349944751381215,0.0615212527964206,0.575818181818182,,,,,,,,0.00240712287276,,,,,,,,,,,,,,,,,,,,,,,,,,,,,,,,
1905-05-01,8.5,0.3183,0.565,,,,,,,,,0.00256914738176663,0.0374470588235294,0.0356040268456376,0.0664705882352941,0.563362831858407,,,,,,,,0.00322567779763,,,,,,,,,,,,,,,,,,,,,,,,,,,,,,,,
1905-06-01,8.6,0.32,0.58,,,,,,,,,0.00257652668659695,0.0372093023255814,0.0376470588235294,0.0674418604651163,0.551724137931035,,,,,,,,0.00139507852477,,,,,,,,,,,,,,,,,,,,,,,,,,,,,,,,
1905-07-01,8.87,0.3217,0.595,,,,,,,,,0.00240680267549962,0.0362683201803833,0.037406976744186,0.0670800450958286,0.540672268907563,,,,,,,,0.0010987717737,,,,,,,,,,,,,,,,,,,,,,,,,,,,,,,,
1905-08-01,9.2,0.3233,0.61,,,,,,,,,0.0026798369542214,0.0351413043478261,0.0364487034949267,0.066304347826087,0.53,,,,,,,,0.00087564102492,,,,,,,,,,,,,,,,,,,,,,,,,,,,,,,,
1905-09-01,9.23,0.325,0.625,,,,,,,,,0.00273887139286395,0.0352112676056338,0.0353260869565217,0.0677139761646804,0.52,,,,,,,,0.00139452434786,,,,,,,,,,,,,,,,,,,,,,,,,,,,,,,,
1905-10-01,9.36,0.3267,0.64,,,,,,,,,0.00312259524404051,0.0349038461538462,0.0353954496208017,0.0683760683760684,0.51046875,,,,,,,,0.00069282600499,,,,,,,,,,,,,,,,,,,,,,,,,,,,,,,,
1905-11-01,9.31,0.3283,0.655,,,,,,,,,0.00329231925513783,0.0352631578947368,0.0350747863247863,0.0703544575725027,0.501221374045801,,,,,,,,0.00120211608871,,,,,,,,,,,,,,,,,,,,,,,,,,,,,,,,
1905-12-01,9.54,0.33,0.67,,,,,,,,,0.00375721545944789,0.0345911949685535,0.0354457572502685,0.070230607966457,0.492537313432836,,,,,,,,0.00090972326071,,,,,,,,,,,,,,,,,,,,,,,,,,,,,,,,
1906-01-01,9.87,0.3358,0.6775,,,,,,,,,0.00392693947054521,0.0340222897669706,0.0351991614255765,0.0686423505572442,0.495645756457565,,,,,,,,0.00139491907386,,,,,,,,,,,,,,,,,,,,,,,,,,,,,,,,
1906-02-01,9.8,0.3417,0.685,,,,,,,,,0.00336611230344102,0.0348673469387755,0.0346200607902736,0.0698979591836735,0.498832116788321,,,,,,,,0.00131248676638,,,,,,,,,,,,,,,,,,,,,,,,,,,,,,,,
1906-03-01,9.56,0.3475,0.6925,,,,,,,,,0.00335135369378038,0.0363493723849372,0.0354591836734694,0.0724372384937238,0.501805054151624,,,,,,,,0.00112528547188,,,,,,,,,,,,,,,,,,,,,,,,,,,,,,,,
1906-04-01,9.43,0.3533,0.7,,,,,,,,,0.00353583631453834,0.0374655355249205,0.0369560669456067,0.0742311770943796,0.504714285714286,,,,,,,,0.00240180460923,,,,,,,,,,,,,,,,,,,,,,,,,,,,,,,,
1906-05-01,9.18,0.3592,0.7075,,,,,,,,,0.00365390519182343,0.0391285403050109,0.0380911983032874,0.0770697167755991,0.507703180212014,,,,,,,,0.00211754392562,,,,,,,,,,,,,,,,,,,,,,,,,,,,,,,,
1906-06-01,9.3,0.365,0.715,,,,,,,,,0.00356535353385961,0.039247311827957,0.039760348583878,0.0768817204301075,0.510489510489511,,,,,,,,0.00164634209752,,,,,,,,,,,,,,,,,,,,,,,,,,,,,,,,
1906-07-01,9.06,0.3708,0.7225,,,,,,,,,0.00351369840004738,0.0409271523178808,0.0398709677419355,0.0797461368653422,0.513217993079585,,,,,,,,0.00127908475006,,,,,,,,,,,,,,,,,,,,,,,,,,,,,,,,
1906-08-01,9.73,0.3767,0.73,,,,,,,,,0.00366866380148407,0.0387153134635149,0.0415783664459161,0.0750256937307297,0.516027397260274,,,,,,,,0.00148739183618,,,,,,,,,,,,,,,,,,,,,,,,,,,,,,,,
1906-09-01,10.03,0.3825,0.7375,,,,,,,,,0.00403762904299999,0.038135593220339,0.039311408016444,0.0735294117647059,0.51864406779661,,,,,,,,0.00083143211584,,,,,,,,,,,,,,,,,,,,,,,,,,,,,,,,
1906-10-01,9.73,0.3883,0.745,,,,,,,,,0.00448038733281909,0.0399075025693731,0.0387138584247258,0.0765673175745118,0.521208053691275,,,,,,,,0.00123711434565,,,,,,,,,,,,,,,,,,,,,,,,,,,,,,,,
1906-11-01,9.93,0.3942,0.7525,,,,,,,,,0.00428852540723082,0.0396978851963746,0.040513874614594,0.0757804632426989,0.523853820598007,,,,,,,,0.00068766359879,,,,,,,,,,,,,,,,,,,,,,,,,,,,,,,,
1906-12-01,9.84,0.4,0.76,,,,,,,,,0.00425162888307922,0.040650406504065,0.040281973816717,0.0772357723577236,0.526315789473684,,,,,,,,0.00157085530257,,,,,,,,,,,,,,,,,,,,,,,,,,,,,,,,
1907-01-01,9.56,0.4033,0.7517,,,,,,,,,0.00425162888307922,0.0421861924686192,0.0409857723577236,0.0786297071129707,0.536517227617401,,,,,,,,0.00130455478506,,,,,,,,,,,,,,,,,,,,,,,,,,,,,,,,
1907-02-01,9.26,0.4067,0.7433,,,,,,,,,0.00417783583477604,0.0439200863930886,0.0425418410041841,0.0802699784017279,0.547154580922911,,,,,,,,0.00144562967629,,,,,,,,,,,,,,,,,,,,,,,,,,,,,,,,
1907-03-01,8.35,0.41,0.735,,,,,,,,,0.00402287043333935,0.0491017964071856,0.0442764578833693,0.0880239520958084,0.557823129251701,,,,,,,,0.018452098115,,,,,,,,,,,,,,,,,,,,,,,,,,,,,,,,
1907-04-01,8.39,0.4133,0.7267,,,,,,,,,0.00419997374926699,0.0492610250297974,0.049497005988024,0.0866150178784267,0.56873537911105,,,,,,,,0.00227326732368,,,,,,,,,,,,,,,,,,,,,,,,,,,,,,,,
1907-05-01,8.1,0.4167,0.7183,,,,,,,,,0.00402287043333935,0.0514444444444444,0.0496662693682956,0.088679012345679,0.58011972713351,,,,,,,,0.00199566598612,,,,,,,,,,,,,,,,,,,,,,,,,,,,,,,,
1907-06-01,7.84,0.42,0.71,,,,,,,,,0.00367604310631439,0.0535714285714286,0.0518518518518519,0.0905612244897959,0.591549295774648,,,,,,,,0.00140130080577,,,,,,,,,,,,,,,,,,,,,,,,,,,,,,,,
1907-07-01,8.14,0.4233,0.7017,,,,,,,,,0.00365390519182343,0.052002457002457,0.0539923469387755,0.0862039312039312,0.603249251817016,,,,,,,,0.0013252396581,,,,,,,,,,,,,,,,,,,,,,,,,,,,,,,,
1907-08-01,7.53,0.4267,0.6933,,,,,,,,,0.0038826636415633,0.0566666666666667,0.0524201474201474,0.0920717131474104,0.615462281840473,,,,,,,,0.00419964244391,,,,,,,,,,,,,,,,,,,,,,,,,,,,,,,,
1907-09-01,7.45,0.43,0.685,,,,,,,,,0.00425162888307922,0.0577181208053691,0.0571049136786189,0.0919463087248322,0.627737226277372,,,,,,,,0.0018824117186,,,,,,,,,,,,,,,,,,,,,,,,,,,,,,,,
1907-10-01,6.64,0.4333,0.6767,,,,,,,,,0.00466486995357705,0.0652560240963855,0.0581610738255034,0.10191265060241,0.640313285059849,,,,,,,,0.00555342560856,,,,,,,,,,,,,,,,,,,,,,,,,,,,,,,,
1907-11-01,6.25,0.4367,0.6683,,,,,,,,,0.00487886979365629,0.069872,0.0657680722891566,0.106928,0.653449049827922,,,,,,,,0.00513087488265,,,,,,,,,,,,,,,,,,,,,,,,,,,,,,,,
1907-12-01,6.57,0.44,0.66,,,,,,,,,0.00498955936611106,0.0669710806697108,0.0704,0.100456621004566,0.666666666666667,,,,,,,,0.00301494627011,,,,,,,,,,,,,,,,,,,,,,,,,,,,,,,,
1908-01-01,6.85,0.4367,0.6533,,,,,,,,,0.00541755904626953,0.0637518248175182,0.066468797564688,0.0953722627737226,0.668452472064901,,,,,,,,0.0023219900749,,,,,,,,,,,,,,,,,,,,,,,,,,,,,,,,
1908-02-01,6.6,0.4333,0.6467,,,,,,,,,0.00441397358934623,0.0656515151515152,0.0632554744525547,0.0979848484848485,0.670017009432503,,,,,,,,0.00187288633796,,,,,,,,,,,,,,,,,,,,,,,,,,,,,,,,
1908-03-01,6.87,0.43,0.64,,,,,,,,,0.00337349160827133,0.0625909752547307,0.0651515151515152,0.0931586608442504,0.671875,,,,,,,,0.00230914735302,,,,,,,,,,,,,,,,,,,,,,,,,,,,,,,,
1908-04-01,7.24,0.4267,0.6333,,,,,,,,,0.00383100850775107,0.0589364640883978,0.0621106259097525,0.0874723756906077,0.673772303805463,,,,,,,,0.00099140978761,,,,,,,,,,,,,,,,,,,,,,,,,,,,,,,,
1908-05-01,7.63,0.4233,0.6267,,,,,,,,,0.00293073331845223,0.055478374836173,0.0584668508287293,0.0821363040629096,0.675442795595979,,,,,,,,0.00198640804568,,,,,,,,,,,,,,,,,,,,,,,,,,,,,,,,
1908-06-01,7.64,0.42,0.62,,,,,,,,,0.00254700946727567,0.0549738219895288,0.055045871559633,0.081151832460733,0.67741935483871,,,,,,,,0.00191333230292,,,,,,,,,,,,,,,,,,,,,,,,,,,,,,,,
1908-07-01,7.92,0.4167,0.6133,,,,,,,,,0.00232563032236612,0.0526136363636364,0.0545418848167539,0.0774368686868687,0.679439099951084,,,,,,,,0.00163102096584,,,,,,,,,,,,,,,,,,,,,,,,,,,,,,,,
1908-08-01,8.26,0.4133,0.6067,,,,,,,,,0.00240680267549962,0.0500363196125908,0.0521843434343434,0.0734503631961259,0.681226306246909,,,,,,,,0.00127375651396,,,,,,,,,,,,,,,,,,,,,,,,,,,,,,,,
1908-09-01,8.17,0.41,0.6,,,,,,,,,0.00229611310304485,0.0501835985312118,0.049636803874092,0.0734394124847001,0.683333333333333,,,,,,,,0.00214914185218,,,,,,,,,,,,,,,,,,,,,,,,,,,,,,,,
1908-10-01,8.27,0.4067,0.5933,,,,,,,,,0.00253963016244535,0.0491777509068924,0.0497796817625459,0.0717412333736397,0.685487948761166,,,,,,,,0.00095545087526,,,,,,,,,,,,,,,,,,,,,,,,,,,,,,,,
1908-11-01,8.83,0.4033,0.5867,,,,,,,,,0.00263556112523949,0.045673839184598,0.0487666263603386,0.0664439411098528,0.687404124765638,,,,,,,,0.00145357553072,,,,,,,,,,,,,,,,,,,,,,,,,,,,,,,,
1908-12-01,9.03,0.4,0.58,,,,,,,,,0.00261342321074854,0.044296788482835,0.0453001132502831,0.0642303433001107,0.689655172413793,,,,,,,,0.00119398973399,,,,,,,,,,,,,,,,,,,,,,,,,,,,,,,,
1909-01-01,9.06,0.4033,0.595,,,,,,,,,0.00248059572380281,0.044514348785872,0.0446622369878184,0.0656732891832229,0.67781512605042,,,,,,,,0.00087930693527,,,,,,,,,,,,,,,,,,,,,,,,,,,,,,,,
1909-02-01,8.8,0.4067,0.61,,,,,,,,,0.00238466476100867,0.0462159090909091,0.0448896247240618,0.0693181818181818,0.66672131147541,,,,,,,,0.00179540946104,,,,,,,,,,,,,,,,,,,,,,,,,,,,,,,,
1909-03-01,8.92,0.41,0.625,,,,,,,,,0.00224445796923262,0.0459641255605381,0.0465909090909091,0.070067264573991,0.656,,,,,,,,0.00072734341634,,,,,,,,,,,,,,,,,,,,,,,,,,,,,,,,
1909-04-01,9.32,0.4133,0.64,,,,,,,,,0.00222232005474166,0.0443454935622318,0.0463340807174888,0.0686695278969957,0.64578125,,,,,,,,0.00065625333542,,,,,,,,,,,,,,,,,,,,,,,,,,,,,,,,
1909-05-01,9.63,0.4167,0.655,,,,,,,,,0.00222232005474166,0.0432710280373832,0.0447103004291846,0.0680166147455867,0.63618320610687,,,,,,,,0.00032134505347,,,,,,,,,,,,,,,,,,,,,,,,,,,,,,,,
1909-06-01,9.8,0.42,0.67,,,,,,,,,0.00217804422575975,0.0428571428571429,0.043613707165109,0.0683673469387755,0.626865671641791,,,,,,,,0.00086994964267,,,,,,,,,,,,,,,,,,,,,,,,,,,,,,,,
1909-07-01,9.94,0.4233,0.685,,,,,,,,,0.0020378374339837,0.0425855130784708,0.0431938775510204,0.0689134808853119,0.617956204379562,,,,,,,,0.00027885204612,,,,,,,,,,,,,,,,,,,,,,,,,,,,,,,,
1909-08-01,10.18,0.4267,0.7,,,,,,,,,0.00213376839677784,0.0419155206286837,0.0429275653923541,0.068762278978389,0.609571428571429,,,,,,,,0.00139887257554,,,,,,,,,,,,,,,,,,,,,,,,,,,,,,,,
1909-09-01,10.19,0.43,0.715,,,,,,,,,0.00262080251557886,0.042198233562316,0.0422396856581532,0.0701668302257115,0.601398601398601,,,,,,,,0.00124981632417,,,,,,,,,,,,,,,,,,,,,,,,,,,,,,,,
1909-10-01,10.23,0.4333,0.73,,,,,,,,,0.00272411278320331,0.042355816226784,0.04252208047105,0.0713587487781036,0.593561643835616,,,,,,,,0.00095521852552,,,,,,,,,,,,,,,,,,,,,,,,,,,,,,,,
1909-11-01,10.18,0.4367,0.745,,,,,,,,,0.00335135369378038,0.0428978388998035,0.0426881720430108,0.0731827111984283,0.586174496644295,,,,,,,,0.00052556645606,,,,,,,,,,,,,,,,,,,,,,,,,,,,,,,,
1909-12-01,10.3,0.44,0.76,,,,,,,,,0.00336611230344102,0.0427184466019417,0.0432220039292731,0.0737864077669903,0.578947368421053,,,,,,,,0.0003769218911,,,,,,,,,,,,,,,,,,,,,,,,,,,,,,,,
1910-01-01,10.08,0.4425,0.7575,,,,,,,,,0.00341038813242293,0.0438988095238095,0.0429611650485437,0.0751488095238095,0.584158415841584,,,,,,,,0.00225654996678,,,,,,,,,,,,,,,,,,,,,,,,,,,,,,,,
1910-02-01,9.72,0.445,0.755,,,,,,,,,0.00314473315853146,0.0457818930041152,0.0441468253968254,0.0776748971193416,0.589403973509934,,,,,,,,0.0018189784394,,,,,,,,,,,,,,,,,,,,,,,,,,,,,,,,
1910-03-01,9.96,0.4475,0.7525,,,,,,,,,0.00291597470879159,0.044929718875502,0.0460390946502058,0.0755522088353413,0.59468438538206,,,,,,,,0.00083322122824,,,,,,,,,,,,,,,,,,,,,,,,,,,,,,,,
1910-04-01,9.72,0.45,0.75,,,,,,,,,0.0029602505377735,0.0462962962962963,0.0451807228915663,0.0771604938271605,0.6,,,,,,,,0.00169382390065,,,,,,,,,,,,,,,,,,,,,,,,,,,,,,,,
1910-05-01,9.56,0.4525,0.7475,,,,,,,,,0.00314473315853146,0.0473326359832636,0.0465534979423868,0.0781903765690377,0.605351170568562,,,,,,,,0.00136477001251,,,,,,,,,,,,,,,,,,,,,,,,,,,,,,,,
1910-06-01,9.1,0.455,0.745,,,,,,,,,0.00314473315853146,0.05,0.0475941422594142,0.0818681318681319,0.610738255033557,,,,,,,,0.00279493084639,,,,,,,,,,,,,,,,,,,,,,,,,,,,,,,,
1910-07-01,8.64,0.4575,0.7425,,,,,,,,,0.00327018134064688,0.0529513888888889,0.0502747252747253,0.0859375,0.616161616161616,,,,,,,,0.00328663436254,,,,,,,,,,,,,,,,,,,,,,,,,,,,,,,,
1910-08-01,8.85,0.46,0.74,,,,,,,,,0.00360962936284152,0.0519774011299435,0.0532407407407407,0.0836158192090395,0.621621621621622,,,,,,,,0.00158670828424,,,,,,,,,,,,,,,,,,,,,,,,,,,,,,,,
1910-09-01,8.91,0.4625,0.7375,,,,,,,,,0.00364652588699311,0.0519079685746352,0.0522598870056497,0.0827721661054994,0.627118644067797,,,,,,,,0.00068692967764,,,,,,,,,,,,,,,,,,,,,,,,,,,,,,,,
1910-10-01,9.32,0.465,0.735,,,,,,,,,0.0037203189352963,0.0498927038626609,0.0521885521885522,0.078862660944206,0.63265306122449,,,,,,,,0.00074137317042,,,,,,,,,,,,,,,,,,,,,,,,,,,,,,,,
1910-11-01,9.31,0.4675,0.7325,,,,,,,,,0.00374245684978725,0.0502148227712138,0.0501609442060086,0.0786788399570355,0.638225255972696,,,,,,,,0.0011607905155,,,,,,,,,,,,,,,,,,,,,,,,,,,,,,,,
1910-12-01,9.05,0.47,0.73,,,,,,,,,0.00369818102080534,0.0519337016574586,0.0504833512352309,0.0806629834254144,0.643835616438356,,,,,,,,0.00068306464606,,,,,,,,,,,,,,,,,,,,,,,,,,,,,,,,
1911-01-01,9.27,0.47,0.7183,,,,,,,,,0.0030783194150586,0.0507011866235167,0.0519337016574586,0.0774865156418555,0.654322706390088,,,,,,,,0.00056673546969,,,,,,,,,,,,,,,,,,,,,,,,,,,,,,,,
1911-02-01,9.43,0.47,0.7067,,,,,,,,,0.00258390599142726,0.0498409331919406,0.0507011866235167,0.0749416755037116,0.66506296872789,,,,,,,,0.00062254795036,,,,,,,,,,,,,,,,,,,,,,,,,,,,,,,,
1911-03-01,9.32,0.47,0.695,,,,,,,,,0.00263556112523949,0.0504291845493562,0.0498409331919406,0.0745708154506438,0.676258992805755,,,,,,,,0.0006389758539,,,,,,,,,,,,,,,,,,,,,,,,,,,,,,,,
1911-04-01,9.28,0.47,0.6833,,,,,,,,,0.0025174922479544,0.0506465517241379,0.0504291845493562,0.0736314655172414,0.687838431142982,,,,,,,,0.0002818355837,,,,,,,,,,,,,,,,,,,,,,,,,,,,,,,,
1911-05-01,9.48,0.47,0.6717,,,,,,,,,0.00233300962719644,0.04957805907173,0.0506465517241379,0.0708544303797468,0.699717135626024,,,,,,,,0.00063220533713,,,,,,,,,,,,,,,,,,,,,,,,,,,,,,,,
1911-06-01,9.67,0.47,0.66,,,,,,,,,0.00231087171270548,0.0486039296794209,0.04957805907173,0.0682523267838676,0.712121212121212,,,,,,,,0.00029245623851,,,,,,,,,,,,,,,,,,,,,,,,,,,,,,,,
1911-07-01,9.63,0.47,0.6483,,,,,,,,,0.00235514754168739,0.0488058151609553,0.0486039296794209,0.0673208722741433,0.724973006324233,,,,,,,,0.00031949161185,,,,,,,,,,,,,,,,,,,,,,,,,,,,,,,,
1911-08-01,9.17,0.47,0.6367,,,,,,,,,0.00242894058999058,0.0512540894220284,0.0488058151609553,0.069432933478735,0.738181247055128,,,,,,,,0.00137828824593,,,,,,,,,,,,,,,,,,,,,,,,,,,,,,,,
1911-09-01,8.67,0.47,0.625,,,,,,,,,0.00273149208803363,0.0542099192618224,0.0512540894220284,0.0720876585928489,0.752,,,,,,,,0.00104690417499,,,,,,,,,,,,,,,,,,,,,,,,,,,,,,,,
1911-10-01,8.72,0.47,0.6133,,,,,,,,,0.00298238845226446,0.0538990825688073,0.0542099192618224,0.0703325688073394,0.766345997065058,,,,,,,,0.00052626183978,,,,,,,,,,,,,,,,,,,,,,,,,,,,,,,,
1911-11-01,9.07,0.47,0.6017,,,,,,,,,0.00285694027014905,0.051819184123484,0.0538990825688073,0.0663395810363837,0.781120159547947,,,,,,,,0.00105786792299,,,,,,,,,,,,,,,,,,,,,,,,,,,,,,,,
1911-12-01,9.11,0.47,0.59,,,,,,,,,0.00254700946727567,0.0515916575192097,0.051819184123484,0.0647639956092206,0.796610169491525,,,,,,,,0.00042000353838,,,,,,,,,,,,,,,,,,,,,,,,,,,,,,,,
1912-01-01,9.12,0.4708,0.5992,,,,,,,,,0.00304880219573732,0.0516228070175439,0.0516794731064764,0.0657017543859649,0.785714285714286,,,,,,,,0.00048237880149,,,,,,,,,,,,,,,,,,,,,,,,,,,,,,,,
1912-02-01,9.04,0.4717,0.6083,,,,,,,,,0.0025174922479544,0.052179203539823,0.0517214912280702,0.0672898230088496,0.775439750123294,,,,,,,,0.00016108618663,,,,,,,,,,,,,,,,,,,,,,,,,,,,,,,,
1912-03-01,9.3,0.4725,0.6175,,,,,,,,,0.00240680267549962,0.0508064516129032,0.0522676991150443,0.0663978494623656,0.765182186234818,,,,,,,,0.00041378410728,,,,,,,,,,,,,,,,,,,,,,,,,,,,,,,,
1912-04-01,9.59,0.4733,0.6267,,,,,,,,,0.00273149208803363,0.0493534932221064,0.0508924731182796,0.0653493222106361,0.755225785862454,,,,,,,,0.00052669082424,,,,,,,,,,,,,,,,,,,,,,,,,,,,,,,,
1912-05-01,9.58,0.4742,0.6358,,,,,,,,,0.00269459556388204,0.0494989561586639,0.0494473409801877,0.0663674321503132,0.745832022648632,,,,,,,,0.00075402081896,,,,,,,,,,,,,,,,,,,,,,,,,,,,,,,,
1912-06-01,9.58,0.475,0.645,,,,,,,,,0.00273149208803363,0.0495824634655532,0.0495824634655532,0.0673277661795407,0.736434108527132,,,,,,,,0.00044159244834,,,,,,,,,,,,,,,,,,,,,,,,,,,,,,,,
1912-07-01,9.59,0.4758,0.6542,,,,,,,,,0.00259128529625758,0.049614181438999,0.0496659707724426,0.0682168925964546,0.72730051971874,,,,,,,,0.00055004931782,,,,,,,,,,,,,,,,,,,,,,,,,,,,,,,,
1912-08-01,9.81,0.4767,0.6633,,,,,,,,,0.00297500914743414,0.0485932721712538,0.0497080291970803,0.0676146788990826,0.718679330619629,,,,,,,,0.00033223570668,,,,,,,,,,,,,,,,,,,,,,,,,,,,,,,,
1912-09-01,9.86,0.4775,0.6725,,,,,,,,,0.00332921577928942,0.0484279918864097,0.0486748216106014,0.0682048681541582,0.71003717472119,,,,,,,,0.00042973458493,,,,,,,,,,,,,,,,,,,,,,,,,,,,,,,,
1912-10-01,9.84,0.4783,0.6817,,,,,,,,,0.00374245684978725,0.0486077235772358,0.0485091277890467,0.0692784552845528,0.701628282235587,,,,,,,,0.00071441127414,,,,,,,,,,,,,,,,,,,,,,,,,,,,,,,,
1912-11-01,9.73,0.4792,0.6908,,,,,,,,,0.00401549112850903,0.0492497430626927,0.0486991869918699,0.0709969167523124,0.693688477127968,,,,,,,,0.00074583069574,,,,,,,,,,,,,,,,,,,,,,,,,,,,,,,,
1912-12-01,9.38,0.48,0.7,,,,,,,,,0.00386052572707235,0.0511727078891258,0.0493319630010277,0.0746268656716418,0.685714285714286,,,,,,,,0.00090248072967,,,,,,,,,,,,,,,,,,,,,,,,,,,,,,,,
1913-01-01,9.3,0.48,0.6942,,,,,,,,,0.00406714626232126,0.0516129032258064,0.0511727078891258,0.0746451612903226,0.691443388072602,,,,,,,,0.00120075390792,,,,,,,,,,,,,,,,,,,,,,,,,,,,,,,,
1913-02-01,8.97,0.48,0.6883,,,,,,,,,0.00318900898751337,0.0535117056856187,0.0516129032258064,0.0767335562987737,0.697370332703763,,,,,0,,,0.00075332561745,,,,,,,,,,,,,,,,,,,,,,,,,,,,,,,,
1913-03-01,8.8,0.48,0.6825,,,,,,,,,0.00325542273098624,0.0545454545454545,0.0535117056856187,0.0775568181818182,0.703296703296703,,,,,0,,,0.0007565929603,,,,,,,,,,,,,,,,,,,,,,,,,,,,,,,,
1913-04-01,8.79,0.48,0.6767,,,,,,,,,0.00389004294639362,0.0546075085324232,0.0545454545454545,0.0769852104664391,0.709324663809665,,,,,0,,,0.00072407459204,,,,,,,,,,,,,,,,,,,,,,,,,,,,,,,,
1913-05-01,8.55,0.48,0.6708,,,,,,,,,0.00371293963046598,0.056140350877193,0.0546075085324232,0.0784561403508772,0.715563506261181,,,,,-0.0102040816326532,,,0.00058190118396,,,,,,,,,,,,,,,,,,,,,,,,,,,,,,,,
1913-06-01,8.12,0.48,0.665,,,,,,,,,0.00358749144835057,0.0591133004926108,0.056140350877193,0.0818965517241379,0.721804511278195,,,,,0.0103092783505156,,,0.0026204890637,,,,,,,,,,,,,,,,,,,,,,,,,,,,,,,,
1913-07-01,8.23,0.48,0.6592,,,,,,,,,0.00397859460435744,0.0583232077764277,0.0591133004926108,0.080097205346294,0.728155339805825,,,,,0.010204081632653,,,0.00055587762969,,,,,,,,,,,,,,,,,,,,,,,,,,,,,,,,
1913-08-01,8.45,0.48,0.6533,,,,,,,,,0.00409666348164254,0.0568047337278107,0.0583232077764277,0.0773136094674556,0.734731363845094,,,,,0,,,0.00055585410332,,,,,,,,,,,,,,,,,,,,,,,,,,,,,,,,
1913-09-01,8.53,0.48,0.6475,,,,,,,,,0.00406714626232126,0.0562719812426729,0.0568047337278107,0.0759085580304807,0.741312741312741,,,,,0.0101010101010102,,,0.00067673025646,,,,,,,,,,,,,,,,,,,,,,,,,,,,,,,,
1913-10-01,8.26,0.48,0.6417,,,,,,,,,0.00392693947054521,0.0581113801452785,0.0562719812426729,0.0776876513317191,0.748013090229079,,,,,0,,,0.0010866135526,,,,,,,,,,,,,,,,,,,,,,,,,,,,,,,,
1913-11-01,8.05,0.48,0.6358,,,,,,,,,0.00381624989809044,0.0596273291925466,0.0581113801452785,0.0789813664596273,0.754954388172381,,,,,0.01,,,0.00045064284555,,,,,,,,,,,,,,,,,,,,,,,,,,,,,,,,
1913-12-01,8.04,0.48,0.63,,,,,,,,,0.00374245684978725,0.0597014925373134,0.0596273291925466,0.0783582089552239,0.761904761904762,,,,,-0.00990099009900991,,,0.0007124876931,,,,,,,,,,,,,,,,,,,,,,,,,,,,,,,,
1914-01-01,8.37,0.475,0.6208,,,,,,,,,0.00383838781258139,0.0567502986857826,0.0590796019900498,0.0741696535244922,0.76514175257732,,,,,0,,,0.00073060859864,,,,,,,,,,,,,,,,,,,,,,,,,,,,,,,,
1914-02-01,8.48,0.47,0.6117,,,,,,,,,0.00298238845226446,0.0554245283018868,0.0561529271206691,0.0721344339622642,0.76835049861043,,,,,-0.01,,,0.00040463250621,,,,,,,,,,,,,,,,,,,,,,,,,,,,,,,,
1914-03-01,8.32,0.465,0.6025,,,,,,,,,0.00248059572380281,0.0558894230769231,0.0548349056603774,0.0724158653846154,0.771784232365145,,,,,0,,,0.00066930246784,,,,,,,,,,,,,,,,,,,,,,,,,,,,,,,,
1914-04-01,8.12,0.46,0.5933,,,,,,,,,0.00247321641897249,0.0566502463054187,0.0552884615384615,0.0730665024630542,0.775324456430136,,,,,-0.0101010101010101,,,0.00084835642289,,,,,,,,,,,,,,,,,,,,,,,,,,,,,,,,
1914-05-01,8.17,0.455,0.5842,,,,,,,,,0.0023994233706693,0.0556915544675643,0.0560344827586207,0.0715055079559364,0.77884286203355,,,,,0.010204081632653,,,0.00054256692559,,,,,,,,,,,,,,,,,,,,,,,,,,,,,,,,
1914-06-01,8.13,0.45,0.575,,,,,,,,,0.00250273363829376,0.055350553505535,0.0550795593635251,0.0707257072570726,0.782608695652174,,,,,0,,,0.00064196878182,,,,,,,,,,,,,,,,,,,,,,,,,,,,,,,,
1914-07-01,7.68,0.445,0.5658,,,,,,,,,0.00248797502863312,0.0579427083333333,0.0547355473554735,0.073671875,0.786496995404737,,,,,0.0101010101010102,,,0.00517711463983,,,,,,,,,,,,,,,,,,,,,,,,,,,,,,,,
1914-08-01,7.68,0.44,0.5567,,,,,,,,,0.00291597470879159,0.0572916666666667,0.0572916666666667,0.0724869791666667,0.790371834021915,,,,,0.02,,,0,,,,,,,,,,,,,,,,,,,,,,,,,,,,,,,,
1914-09-01,7.68,0.435,0.5475,,,,,,,,,0.00431804262655209,0.056640625,0.056640625,0.0712890625,0.794520547945206,,,,,0,,,0,,,,,,,,,,,,,,,,,,,,,,,,,,,,,,,,
1914-10-01,7.68,0.43,0.5383,,,,,,,,,0.00458369760044355,0.0559895833333333,0.0559895833333333,0.0700911458333333,0.798811071892996,,,,,-0.00980392156862742,,,0,,,,,,,,,,,,,,,,,,,,,,,,,,,,,,,,
1914-11-01,7.68,0.425,0.5292,,,,,,,,,0.00439183567485527,0.0553385416666667,0.0553385416666667,0.06890625,0.803099017384732,,,,,0.00990099009900991,,,0,,,,,,,,,,,,,,,,,,,,,,,,,,,,,,,,
1914-12-01,7.35,0.42,0.52,,,,,,,,,0.00369818102080534,0.0571428571428571,0.0546875,0.0707482993197279,0.807692307692308,,,,,-0.00980392156862742,,,0.00258600820997,,,,,,,,,,,,,,,,,,,,,,,,,,,,,,,,
1915-01-01,7.48,0.4208,0.55,,,,,,,,,0.00284956096531873,0.0562566844919786,0.0572517006802721,0.0735294117647059,0.765090909090909,,,,,0,,,0.00144353275344,,,,,,,,,,,,,,,,,,,,,,,,,,,,,,,,
1915-02-01,7.38,0.4217,0.58,,,,,,,,,0.00248059572380281,0.0571409214092141,0.0563770053475936,0.0785907859078591,0.727068965517241,,,,,-0.00990099009900991,,,0.00079921051702,,,,,,,,,,,,,,,,,,,,,,,,,,,,,,,,
1915-03-01,7.57,0.4225,0.61,,,,,,,,,0.00240680267549962,0.0558124174372523,0.0572493224932249,0.0805812417437252,0.692622950819672,,,,,-0.01,,,0.00082115444621,,,,,,,,,,,,,,,,,,,,,,,,,,,,,,,,
1915-04-01,8.14,0.4233,0.64,,,,,,,,,0.00213376839677784,0.052002457002457,0.0559180977542933,0.0786240786240786,0.66140625,,,,,0.0101010101010102,,,0.00169509751867,,,,,,,,,,,,,,,,,,,,,,,,,,,,,,,,
1915-05-01,7.95,0.4242,0.67,,,,,,,,,0.00234038893202676,0.0533584905660377,0.0521130221130221,0.0842767295597484,0.633134328358209,,,,,0.01,,,0.00492858088512,,,,,,,,,,,,,,,,,,,,,,,,,,,,,,,,
1915-06-01,8.04,0.425,0.7,,,,,,,,,0.00238466476100867,0.0528606965174129,0.0534591194968553,0.0870646766169154,0.607142857142857,,,,,0,,,0.0016801798853,,,,,,,,,,,,,,,,,,,,,,,,,,,,,,,,
1915-07-01,8.01,0.4258,0.73,,,,,,,,,0.00233300962719644,0.0531585518102372,0.0529601990049751,0.0911360799001248,0.583287671232877,,,,,0,,,0.00125366067737,,,,,,,,,,,,,,,,,,,,,,,,,,,,,,,,
1915-08-01,8.35,0.4267,0.76,,,,,,,,,0.0020378374339837,0.0511017964071856,0.053270911360799,0.0910179640718563,0.561447368421053,,,,,0,,,0.00181151935456,,,,,,,,,,,,,,,,,,,,,,,,,,,,,,,,
1915-09-01,8.66,0.4275,0.79,,,,,,,,,0.00224445796923262,0.049364896073903,0.0511976047904192,0.0912240184757506,0.541139240506329,,,,,0,,,0.00093751702704,,,,,,,,,,,,,,,,,,,,,,,,,,,,,,,,
1915-10-01,9.14,0.4283,0.82,,,,,,,,,0.00205997534847466,0.0468599562363239,0.0494572748267898,0.0897155361050328,0.522317073170732,,,,,0.00990099009900991,,,0.00155255210625,,,,,,,,,,,,,,,,,,,,,,,,,,,,,,,,
1915-11-01,9.46,0.4292,0.85,,,,,,,,,0.00201569951949275,0.045369978858351,0.0469584245076586,0.0898520084566596,0.504941176470588,,,,,0.00980392156862764,,,0.00099120993851,,,,,,,,,,,,,,,,,,,,,,,,,,,,,,,,
1915-12-01,9.48,0.43,0.88,,,,,,,,,0.00184597550839542,0.0453586497890295,0.0454545454545454,0.0928270042194093,0.488636363636364,,,,,0,,,0.00119072799731,,,,,,,,,,,,,,,,,,,,,,,,,,,,,,,,
1916-01-01,9.33,0.4408,0.9342,,,,,,,,,0.00191976855669861,0.0472454448017149,0.0464978902953586,0.100128617363344,0.471847570113466,,,,,0.00970873786407767,,,0.0013879740504,,,,,,,,,,,,,,,,,,,,,,,,,,,,,,,,
1916-02-01,9.2,0.4517,0.9883,,,,,,,,,0.00194190647118956,0.0490978260869565,0.0484137191854234,0.107423913043478,0.457047455226146,,,,,0,,,0.00112416080554,,,,,,,,,,,,,,,,,,,,,,,,,,,,,,,,
1916-03-01,9.17,0.4625,1.042,,,,,,,,,0.00194190647118956,0.0504362050163577,0.0502717391304348,0.113631406761178,0.443857965451056,,,,,0.00961538461538458,,,0.00079426765843,,,,,,,,,,,,,,,,,,,,,,,,,,,,,,,,
1916-04-01,9.07,0.4733,1.097,,,,,,,,,0.00194190647118956,0.0521830209481808,0.0516139585605234,0.120948180815877,0.431449407474932,,,,,0.00952380952380949,,,0.00186759363084,,,,,,,,,,,,,,,,,,,,,,,,,,,,,,,,
1916-05-01,9.27,0.4842,1.151,,,,,,,,,0.00194190647118956,0.0522330097087379,0.0533847850055127,0.124163969795038,0.420677671589922,,,,,0.00943396226415083,,,0.00101906020452,,,,,,,,,,,,,,,,,,,,,,,,,,,,,,,,
1916-06-01,9.36,0.495,1.205,,,,,,,,,0.00194190647118956,0.0528846153846154,0.0533980582524272,0.128739316239316,0.410788381742739,,,,,0.00934579439252348,,,0.00111070199912,,,,,,,,,,,,,,,,,,,,,,,,,,,,,,,,
1916-07-01,9.23,0.5058,1.259,,,,,,,,,0.00231087171270548,0.0547995666305525,0.0540384615384615,0.136403033586132,0.40174741858618,,,,,0,,,0.00053263115259,,,,,,,,,,,,,,,,,,,,,,,,,,,,,,,,
1916-08-01,9.3,0.5167,1.313,,,,,,,,,0.00256914738176663,0.0555591397849462,0.0559804983748646,0.141182795698925,0.393526275704494,,,,,0.0092592592592593,,,0.00100644385071,,,,,,,,,,,,,,,,,,,,,,,,,,,,,,,,
1916-09-01,9.68,0.5275,1.368,,,,,,,,,0.00238466476100867,0.0544938016528926,0.0567204301075269,0.141322314049587,0.385599415204678,,,,,0.0183486238532109,,,0.00076330049979,,,,,,,,,,,,,,,,,,,,,,,,,,,,,,,,
1916-10-01,9.98,0.5383,1.422,,,,,,,,,0.00213376839677784,0.053937875751503,0.0556095041322314,0.14248496993988,0.378551336146273,,,,,0.0180180180180181,,,0.00163092155767,,,,,,,,,,,,,,,,,,,,,,,,,,,,,,,,
1916-11-01,10.21,0.5492,1.476,,,,,,,,,0.00213376839677784,0.0537904015670911,0.0550300601202405,0.144564152791381,0.372086720867209,,,,,0.0176991150442478,,,0.00081321613391,,,,,,,,,,,,,,,,,,,,,,,,,,,,,,,,
1916-12-01,9.8,0.56,1.53,,,,,,,,,0.00221494074991134,0.0571428571428571,0.0548481880509305,0.156122448979592,0.366013071895425,,,,,0.00869565217391299,,,0.00578220275074,,,,,,,,,,,,,,,,,,,,,,,,,,,,,,,,
1917-01-01,9.57,0.5708,1.509,,,,,,,,,0.00252487155278472,0.059644723092999,0.0582448979591837,0.157680250783699,0.378263750828363,,,,,0.00862068965517238,,,0.00150123287149,,,,,,,,,,,,,,,,,,,,,,,,,,,,,,,,
1917-02-01,9.03,0.5817,1.488,,,,,,,,,0.00225921657889325,0.0644186046511628,0.0607836990595611,0.164784053156146,0.390927419354839,,,,,0.0256410256410258,,,0.00451591733677,,,,,,,,,,,,,,,,,,,,,,,,,,,,,,,,
1917-03-01,9.31,0.5925,1.468,,,,,,,,,0.00265769903973045,0.063641245972073,0.0656146179401993,0.157679914070891,0.403610354223433,,,,,0,,,0.00145942742974,,,,,,,,,,,,,,,,,,,,,,,,,,,,,,,,
1917-04-01,9.17,0.6033,1.447,,,,,,,,,0.0026798369542214,0.0657906215921483,0.0648012889366273,0.157797164667394,0.416931582584658,,,,,0.05,,,0.00152061504365,,,,,,,,,,,,,,,,,,,,,,,,,,,,,,,,
1917-05-01,8.86,0.6142,1.426,,,,,,,,,0.0027979058315065,0.0693227990970655,0.066979280261723,0.160948081264108,0.430715287517532,,,,,0.015873015873016,,,0.00192281250115,,,,,,,,,,,,,,,,,,,,,,,,,,,,,,,,
1917-06-01,9.04,0.625,1.405,,,,,,,,,0.00320376759717401,0.0691371681415929,0.0705417607223476,0.155420353982301,0.444839857651246,,,,,0.015625,,,0.00084274693971,,,,,,,,,,,,,,,,,,,,,,,,,,,,,,,,
1917-07-01,8.79,0.6358,1.384,,,,,,,,,0.00332921577928942,0.0723321956769056,0.0703318584070797,0.15745164960182,0.459393063583815,,,,,-0.0153846153846153,,,0.00094437295016,,,,,,,,,,,,,,,,,,,,,,,,,,,,,,,,
1917-08-01,8.53,0.6467,1.363,,,,,,,,,0.00309307802471923,0.0758147713950762,0.0735722411831627,0.15978898007034,0.474468085106383,,,,,0.015625,,,0.00136556971137,,,,,,,,,,,,,,,,,,,,,,,,,,,,,,,,
1917-09-01,8.12,0.6575,1.343,,,,,,,,,0.00317425037785274,0.0809729064039409,0.0770808909730363,0.165394088669951,0.48957557706627,,,,,0.0230769230769232,,,0.00293441954627,,,,,,,,,,,,,,,,,,,,,,,,,,,,,,,,
1917-10-01,7.68,0.6683,1.322,,,,,,,,,0.00346204326623515,0.0870182291666667,0.0823029556650246,0.172135416666667,0.505521936459909,,,,,0.0150375939849623,,,0.00413106024438,,,,,,,,,,,,,,,,,,,,,,,,,,,,,,,,
1917-11-01,7.04,0.6792,1.301,,,,,,,,,0.00360962936284152,0.0964772727272727,0.0884375,0.184801136363636,0.52205995388163,,,,,0,,,0.00554570554133,,,,,,,,,,,,,,,,,,,,,,,,,,,,,,,,
1917-12-01,6.8,0.69,1.28,,,,,,,,,0.00365390519182343,0.101470588235294,0.0980113636363636,0.188235294117647,0.5390625,,,,,0.0148148148148148,,,0.00887768747601,,,,,,,,,,,,,,,,,,,,,,,,,,,,,,,,
1918-01-01,7.21,0.68,1.256,,,,,,,,,0.00369818102080534,0.0943134535367545,0.1,0.174202496532594,0.54140127388535,,,,,0.0218978102189782,,,0.00228545254134,,,,,,,,,,,,,,,,,,,,,,,,,,,,,,,,
1918-02-01,7.43,0.67,1.232,,,,,,,,,0.00374983615461757,0.0901749663526245,0.0929264909847434,0.165814266487214,0.543831168831169,,,,,0.00714285714285712,,,0.00105697225419,,,,,,,,,,,,,,,,,,,,,,,,,,,,,,,,
1918-03-01,7.28,0.66,1.208,,,,,,,,,0.00383100850775107,0.0906593406593407,0.0888290713324361,0.165934065934066,0.54635761589404,,,,,-0.00709219858156029,,,0.00135394083606,,,,,,,,,,,,,,,,,,,,,,,,,,,,,,,,
1918-04-01,7.21,0.65,1.183,,,,,,,,,0.00397859460435744,0.0901525658807212,0.0892857142857143,0.164077669902913,0.549450549450549,,,,,0.0142857142857142,,,0.00113090401601,,,,,,,,,,,,,,,,,,,,,,,,,,,,,,,,
1918-05-01,7.44,0.64,1.159,,,,,,,,,0.0040007325188484,0.0860215053763441,0.0887656033287101,0.155779569892473,0.552200172562554,,,,,0.0211267605633803,,,0.0014640576146,,,,,,,,,,,,,,,,,,,,,,,,,,,,,,,,
1918-06-01,7.45,0.63,1.135,,,,,,,,,0.00397859460435744,0.0845637583892617,0.0846774193548387,0.152348993288591,0.555066079295154,,,,,0.0137931034482759,,,0.00055249107898,,,,,,,,,,,,,,,,,,,,,,,,,,,,,,,,
1918-07-01,7.51,0.62,1.111,,,,,,,,,0.00397859460435744,0.0825565912117177,0.0832214765100671,0.147936085219707,0.558055805580558,,,,,0.0272108843537415,,,0.00074010486681,,,,,,,,,,,,,,,,,,,,,,,,,,,,,,,,
1918-08-01,7.58,0.61,1.087,,,,,,,,,0.00397859460435744,0.0804749340369393,0.0812250332889481,0.143403693931398,0.561177552897884,,,,,0.0198675496688743,,,0.00040993225191,,,,,,,,,,,,,,,,,,,,,,,,,,,,,,,,
1918-09-01,7.54,0.6,1.063,,,,,,,,,0.00402287043333935,0.0795755968169761,0.079155672823219,0.140981432360743,0.564440263405456,,,,,0.0194805194805194,,,0.0009023852651,,,,,,,,,,,,,,,,,,,,,,,,,,,,,,,,
1918-10-01,7.86,0.59,1.038,,,,,,,,,0.00406714626232126,0.0750636132315522,0.0782493368700265,0.13206106870229,0.568400770712909,,,,,0.0191082802547771,,,0.00199078476054,,,,,,,,,,,,,,,,,,,,,,,,,,,,,,,,
1918-11-01,8.06,0.58,1.014,,,,,,,,,0.00406714626232126,0.0719602977667494,0.0737913486005089,0.125806451612903,0.571992110453649,,,,,0.01875,,,0.00238493188121,,,,,,,,,,,,,,,,,,,,,,,,,,,,,,,,
1918-12-01,7.9,0.57,0.99,,,,,,,,,0.00404500834783031,0.0721518987341772,0.0707196029776675,0.125316455696203,0.575757575757576,,,,,0.0122699386503067,,,0.00108930059671,,,,,,,,,,,,,,,,,,,,,,,,,,,,,,,,
1919-01-01,7.85,0.5667,0.985,,,0.0535,0.0712,0.0463,,,,0.00392693947054521,0.0721910828025478,0.0717341772151899,0.125477707006369,0.575329949238579,,,0.0177,,0,,,0.00076581854938,,,,,,,,,,,,,,,,,,,,,,,,,,,,,,,,
1919-02-01,7.88,0.5633,0.98,,,0.0535,0.072,0.047,,,,0.00351369840004738,0.0714847715736041,0.0717579617834395,0.124365482233503,0.574795918367347,,,0.0185,,-0.0181818181818182,,,0.0006462952217,,,,,,,,,,,,,,,,,,,,,,,,,,,,,,,,
1919-03-01,8.12,0.56,0.975,,,0.0539,0.0715,0.0473,,,,0.00346204326623515,0.0689655172413793,0.0710659898477157,0.120073891625616,0.574358974358974,,,0.0176,,0.0123456790123457,,,0.00115899434378,,,,,,,,,,,,,,,,,,,,,,,,,,,,,,,,
1919-04-01,8.39,0.5567,0.97,,,0.0544,0.0723,0.0472,,,,0.00360962936284152,0.0663528009535161,0.0685591133004926,0.115613825983313,0.573917525773196,,,0.0179,,0.0182926829268293,,,0.00053619467761,,,,,,,,,,,,,,,,,,,,,,,,,,,,,,,,
1919-05-01,8.97,0.5533,0.965,,,0.0539,0.0709,0.0467,,,,0.00360962936284152,0.0616833890746934,0.0659475566150179,0.107580824972129,0.573367875647668,,,0.017,,0.0119760479041915,,,0.00118942732151,,,,,,,,,,,,,,,,,,,,,,,,,,,,,,,,
1919-06-01,9.21,0.55,0.96,,,0.054,0.0704,0.0469,,,,0.00360962936284152,0.0597176981541802,0.0613154960981048,0.104234527687296,0.572916666666667,,,0.0164,,0,,,0.00303742671298,,,,,,,,,,,,,,,,,,,,,,,,,,,,,,,,
1919-07-01,9.51,0.5467,0.955,,,0.0544,0.0706,0.0472,,,,0.0037203189352963,0.0574868559411146,0.0593593919652552,0.100420609884332,0.572460732984293,,,0.0162,,0.029585798816568,,,0.00144701442197,,,,,,,,,,,,,,,,,,,,,,,,,,,,,,,,
1919-08-01,8.87,0.5433,0.95,,,0.0556,0.0713,0.0478,,,,0.00364652588699311,0.0612514092446449,0.0571293375394322,0.107102593010147,0.571894736842105,,,0.0157,,0.017241379310345,,,0.00608929557677,,,,,,,,,,,,,,,,,,,,,,,,,,,,,,,,
1919-09-01,9.01,0.54,0.945,,,0.056,0.0727,0.0473,,,,0.00360962936284152,0.0599334073251942,0.0608793686583991,0.10488346281909,0.571428571428572,,,0.0167,,0.00564971751412435,,,0.00123359011821,,,,,,,,,,,,,,,,,,,,,,,,,,,,,,,,
1919-10-01,9.47,0.5367,0.94,,,0.0554,0.0734,0.0471,,,,0.00360962936284152,0.0566737064413939,0.0595671476137625,0.0992608236536431,0.570957446808511,,,0.018,,0.0168539325842696,,,0.00201686276348,,,,,,,,,,,,,,,,,,,,,,,,,,,,,,,,
1919-11-01,9.19,0.5333,0.935,,,0.0566,0.0754,0.0481,,,,0.00360962936284152,0.0580304678998912,0.0563146779303062,0.101741022850925,0.570374331550802,,,0.0188,,0.0220994475138121,,,0.00391999744258,,,,,,,,,,,,,,,,,,,,,,,,,,,,,,,,
1919-12-01,8.92,0.53,0.93,,,0.0573,0.0777,0.049,,,,0.00369818102080534,0.0594170403587444,0.0576713819368879,0.104260089686099,0.56989247311828,,,0.0204,,0.0216216216216216,,,0.00249987515155,,,,,,,,,,,,,,,,,,,,,,,,,,,,,,,,
1920-01-01,8.83,0.5283,0.9192,,,0.0575,0.0778,0.0493,,,0.045,0.00397859460435744,0.0598301245753114,0.0592264573991031,0.104099660249151,0.574738903394256,,0.0043,0.0203,,0.0211640211640214,,,0.00135570954274,,,,,,,,,,,,,,,,,,,,,,,,,,,,,,,,
1920-02-01,8.1,0.5267,0.9083,,,0.0586,0.0794,0.0505,,,0.045,0.00375,0.0650246913580247,0.0596489241223103,0.112135802469136,0.579874490807002,,0.0055,0.0208,,0.0103626943005182,,,0.00611718996295,,,,,,,,,,,,,,,,,,,,,,,,,,,,,,,,
1920-03-01,8.67,0.525,0.8975,,,0.0592,0.0797,0.0509,,,0.0475,0.00375,0.0605536332179931,0.0648148148148148,0.103517877739331,0.584958217270195,,0.0034,0.0205,,0.0102564102564102,,,0.00318671187866,,,,,,,,,,,,,,,,,,,,,,,,,,,,,,,,
1920-04-01,8.6,0.5233,0.8867,,,0.0604,0.0817,0.0528,,,0.0525,0.00395833333333333,0.0608488372093023,0.0603575547866205,0.103104651162791,0.590165783241231,,0.000300000000000002,0.0213,,0.0304568527918783,,,0.00363969268374,,,,,,,,,,,,,,,,,,,,,,,,,,,,,,,,
1920-05-01,8.06,0.5217,0.8758,,,0.0625,0.0839,0.0558,,,0.055,0.004375,0.064727047146402,0.0606627906976744,0.108660049627792,0.595683946106417,,0.000800000000000002,0.0214,,0.0147783251231528,,,0.002850820812,,,,,,,,,,,,,,,,,,,,,,,,,,,,,,,,
1920-06-01,7.92,0.52,0.865,,,0.0638,0.0839,0.0554,,,0.0575,0.00458333333333333,0.0656565656565657,0.0645161290322581,0.109217171717172,0.601156069364162,,-0.0021,0.0201,,0.0145631067961163,,,0.00092127443058,,,,,,,,,,,,,,,,,,,,,,,,,,,,,,,,
1920-07-01,7.91,0.5183,0.8542,,,0.0634,0.0852,0.0557,,,0.0581,0.00479166666666667,0.0655246523388116,0.0654419191919192,0.107989886219975,0.606766565207211,,-0.0024,0.0218,,-0.00478468899521522,,,0.00141921214957,,,,,,,,,,,,,,,,,,,,,,,,,,,,,,,,
1920-08-01,7.6,0.5167,0.8433,,,0.063,0.0839,0.0567,,,0.0583,0.00484166666666667,0.0679868421052632,0.0653223767383059,0.110960526315789,0.612711964899798,,-0.0016,0.0209,,-0.0240384615384616,,,0.0015549462707,,,,,,,,,,,,,,,,,,,,,,,,,,,,,,,,
1920-09-01,7.87,0.515,0.8325,,,0.0622,0.0814,0.0543,,,0.0581,0.00485833333333333,0.065438373570521,0.0677631578947368,0.105781448538755,0.618618618618619,,-0.0038,0.0192,,-0.0147783251231527,,,0.001305639083,,,,,,,,,,,,,,,,,,,,,,,,,,,,,,,,
1920-10-01,7.88,0.5133,0.8217,,,0.0605,0.0799,0.0508,,,0.0575,0.00484166666666667,0.0651395939086294,0.0652223634053367,0.104276649746193,0.624680540343191,,-0.0067,0.0194,,-0.00500000000000012,,,0.0009409922834,,,,,,,,,,,,,,,,,,,,,,,,,,,,,,,,
1920-11-01,7.48,0.5117,0.8108,,,0.0608,0.0821,0.0521,,,0.0575,0.00479166666666667,0.0684090909090909,0.0649365482233503,0.108395721925134,0.631105081401085,,-0.0054,0.0213,,-0.00502512562814061,,,0.00478787209978,,,,,,,,,,,,,,,,,,,,,,,,,,,,,,,,
1920-12-01,6.81,0.51,0.8,,,0.0626,0.0856,0.054,,,0.0588,0.00479166666666667,0.0748898678414097,0.0681818181818182,0.117474302496329,0.6375,,-0.00479999999999999,0.023,,-0.0202020202020203,,,0.00532773842326,,,,,,,,,,,,,,,,,,,,,,,,,,,,,,,,
1921-01-01,7.11,0.5058,0.7575,,,0.0614,0.085,0.0523,,,0.0567,0.0049,0.0711392405063291,0.074273127753304,0.106540084388186,0.667722772277228,,-0.00439999999999999,0.0236,,-0.0206185567010309,,,0.00104385298152,,,,,,,,,,,,,,,,,,,,,,,,,,,,,,,,
1921-02-01,7.06,0.5017,0.715,,,0.0608,0.0842,0.0528,,,0.053,0.004725,0.0710623229461756,0.0705625879043601,0.101274787535411,0.701678321678322,,-0.000199999999999999,0.0234,,-0.0315789473684212,,,0.00073093358423,,,,,,,,,,,,,,,,,,,,,,,,,,,,,,,,
1921-03-01,6.88,0.4975,0.6725,,,0.0608,0.0855,0.0527,,,0.0538,0.00441666666666667,0.0723110465116279,0.0704674220963173,0.0977470930232558,0.739776951672863,0.636219640971489,-0.0011,0.0247,,-0.00543478260869557,,,0.0023077059796,,,,,,,,,,,,,,,,,,,,,,,,,,,,,,,,
1921-04-01,6.91,0.4933,0.63,,,0.0606,0.0853,0.0524,,,0.052,0.00448333333333333,0.0713892908827786,0.0717005813953488,0.0911722141823444,0.783015873015873,0.613465699376352,0.000399999999999998,0.0247,,-0.0109289617486339,,,0.00165624455961,,,,,,,,,,,,,,,,,,,,,,,,,,,,,,,,
1921-05-01,7.12,0.4892,0.5875,,,0.0611,0.0852,0.0525,,,0.0516,0.00433333333333333,0.0687078651685393,0.0707959479015919,0.0825140449438202,0.83268085106383,0.656318082788671,0.000899999999999998,0.0241,,-0.0220994475138123,,,0.00131942090597,,,,,,,,,,,,,,,,,,,,,,,,,,,,,,,,
1921-06-01,6.55,0.485,0.545,,,0.0618,0.0856,0.0527,,,0.0499,0.0043,0.0740458015267176,0.0681179775280899,0.083206106870229,0.889908256880734,0.704163623082542,0.0028,0.0238,,-0.00564971751412413,,,0.00386382636864,,,,,,,,,,,,,,,,,,,,,,,,,,,,,,,,
1921-07-01,6.53,0.4808,0.5025,,,0.0612,0.0848,0.0526,,,0.046,0.00415833333333333,0.0736294027565084,0.0734045801526718,0.0769525267993874,0.95681592039801,0.704987567646629,0.0066,0.0236,,0.00568181818181812,,,0.00176049211162,,,,,,,,,,,,,,,,,,,,,,,,,,,,,,,,
1921-08-01,6.45,0.4767,0.46,,,0.0599,0.0851,0.0522,,,0.0475,0.00383333333333333,0.073906976744186,0.0730015313935681,0.0713178294573643,1.03630434782609,0.718223811652511,0.0047,0.0252,,0,,,0.00203111521613,,,,,,,,,,,,,,,,,,,,,,,,,,,,,,,,
1921-09-01,6.61,0.4725,0.4175,,,0.0593,0.0834,0.0512,,,0.0475,0.00395833333333333,0.071482602118003,0.0732558139534884,0.0631618759455371,1.13173652694611,0.678109172763084,0.0037,0.0241,,-0.0112994350282486,,,0.00177822036746,,,,,,,,,,,,,,,,,,,,,,,,,,,,,,,,
1921-10-01,6.7,0.4683,0.375,,,0.0584,0.0834,0.0483,,,0.0421,0.00395833333333333,0.0698955223880597,0.0708472012102874,0.0559701492537313,1.2488,0.658380002731867,0.0062,0.025,,0,,,0.0010289690774,,,,,,,,,,,,,,,,,,,,,,,,,,,,,,,,
1921-11-01,7.06,0.4642,0.3325,,,0.056,0.0788,0.0464,,,0.0403,0.00350833333333333,0.0657507082152975,0.0692835820895522,0.0470963172804533,1.39609022556391,0.623544631306598,0.00609999999999999,0.0228,,-0.00571428571428578,,,0.00098770304283,,,,,,,,,,,,,,,,,,,,,,,,,,,,,,,,
1921-12-01,7.31,0.46,0.29,,,0.055,0.0761,0.0447,,,0.039,0.00335833333333333,0.0629274965800274,0.0651558073654391,0.039671682626539,1.58620689655172,0.596534653465347,0.0057,0.0211,,-0.00574712643678144,,,0.00051063616037,,,,,,,,,,,,,,,,,,,,,,,,,,,,,,,,
1922-01-01,7.3,0.4642,0.3233,,,0.0534,0.077,0.0445,,,0.039,0.00325,0.0635890410958904,0.0635020519835841,0.0442876712328767,1.43581812557996,0.592865928659287,0.0055,0.0236,,-0.0231213872832371,,,0.00105651813604,,,,,,,,,,,,,,,,,,,,,,,,,,,,,,,,
1922-02-01,7.46,0.4683,0.3567,,,0.0529,0.0755,0.045,,,0.0381,0.00325,0.0627747989276139,0.0641506849315068,0.0478150134048257,1.31286795626577,0.564006552773227,0.0069,0.0226,,0,,,0.00061956715043,,,,,,,,,,,,,,,,,,,,,,,,,,,,,,,,
1922-03-01,7.74,0.4725,0.39,,,0.0523,0.0745,0.0441,,,0.0355,0.003175,0.061046511627907,0.0633378016085791,0.0503875968992248,1.21153846153846,0.521055586749017,0.0086,0.0222,,-0.0118343195266272,,,0.00069250022044,,,,,,,,,,,,,,,,,,,,,,,,,,,,,,,,
1922-04-01,8.21,0.4767,0.4233,,,0.0515,0.0714,0.0428,,,0.0321,0.00295833333333333,0.0580633373934226,0.0615891472868217,0.0515590742996346,1.12615166548547,0.504731861198738,0.0107,0.0199,,0,,,0.00109409702622,,,,,,,,,,,,,,,,,,,,,,,,,,,,,,,,
1922-05-01,8.53,0.4808,0.4567,,,0.0513,0.0689,0.0426,,,0.0325,0.002675,0.0563657678780774,0.0585627283800244,0.0535404454865182,1.05276987081235,0.485203388058141,0.0101,0.0176,,0,,,0.00080328278328,,,,,,,,,,,,,,,,,,,,,,,,,,,,,,,,
1922-06-01,8.45,0.485,0.49,,,0.0508,0.0697,0.0424,,,0.0325,0.00270833333333333,0.057396449704142,0.0568581477139508,0.0579881656804734,0.989795918367347,0.499300548800172,0.0099,0.0189,,0,,,0.00174356543777,,,,,,,,,,,,,,,,,,,,,,,,,,,,,,,,
1922-07-01,8.51,0.4892,0.5233,,,0.05,0.0689,0.0414,,,0.032,0.00270833333333333,0.0574853113983549,0.0578934911242604,0.0614923619271445,0.934836613797057,0.478104070066976,0.0094,0.0189,,0.00598802395209597,,,0.00147608085155,,,,,,,,,,,,,,,,,,,,,,,,,,,,,,,,
1922-08-01,8.83,0.4933,0.5567,,,0.0496,0.0685,0.0412,,,0.0313,0.00266666666666667,0.0558663646659117,0.0579670975323149,0.0630464326160815,0.886114603915933,0.460408811272078,0.0099,0.0189,,-0.0119047619047619,,,0.00098828558641,,,,,,,,,,,,,,,,,,,,,,,,,,,,,,,,
1922-09-01,9.06,0.4975,0.59,,,0.0493,0.0675,0.0419,,,0.0334,0.00260833333333333,0.0549116997792494,0.0563420158550396,0.065121412803532,0.843220338983051,0.477759472817133,0.00850000000000001,0.0182,,0,,,0.00135226087359,,,,,,,,,,,,,,,,,,,,,,,,,,,,,,,,
1922-10-01,9.26,0.5017,0.6233,,,0.0497,0.0678,0.043,,,0.0371,0.00278333333333333,0.0541792656587473,0.0553752759381898,0.0673110151187905,0.804909353441361,0.482780147747373,0.0059,0.0181,,0.00602409638554202,,,0.00169636318121,,,,,,,,,,,,,,,,,,,,,,,,,,,,,,,,
1922-11-01,8.8,0.5058,0.6567,,,0.0509,0.0698,0.0433,,,0.0366,0.00309166666666667,0.0574772727272727,0.054622030237581,0.074625,0.770214709913203,0.490227152667723,0.0067,0.0189,,0.00598802395209597,,,0.00243521122432,,,,,,,,,,,,,,,,,,,,,,,,,,,,,,,,
1922-12-01,8.78,0.51,0.69,,,0.0508,0.0702,0.0432,,,0.0365,0.00305,0.0580865603644647,0.0579545454545455,0.0785876993166287,0.739130434782609,0.472649485586228,0.0067,0.0194,,0.00595238095238093,,,0.00075536871869,,,,,,,,,,,,,,,,,,,,,,,,,,,,,,,,
1923-01-01,8.9,0.5117,0.7142,,,0.0504,0.0698,0.0432,,,0.0366,0.00304166666666667,0.0574943820224719,0.0582801822323463,0.080247191011236,0.71646597591711,0.476239351329159,0.0066,0.0194,,-0.00591715976331353,,,0.00058040563496,,,,,,,,,,,,,,,,,,,,,,,,,,,,,,,,
1923-02-01,9.28,0.5133,0.7383,,,0.0507,0.0697,0.0433,,,0.0365,0.00305,0.0553125,0.0576741573033708,0.0795581896551724,0.695245835026412,0.446583253128008,0.0068,0.019,,0,,,0.00047552358667,,,,,,,,,,,,,,,,,,,,,,,,,,,,,,,,
1923-03-01,9.43,0.515,0.7625,,,0.0513,0.0709,0.0438,,,0.0412,0.00304166666666667,0.0546129374337222,0.0554956896551724,0.0808589607635207,0.675409836065574,0.502092050209205,0.0026,0.0196,,0,,,0.00056100018298,,,,,,,,,,,,,,,,,,,,,,,,,,,,,,,,
1923-04-01,9.1,0.5167,0.7867,,,0.0522,0.0717,0.0439,,,0.0413,0.00343333333333333,0.0567802197802198,0.0547932131495228,0.0864505494505494,0.656794203635439,0.524496848953039,0.0026,0.0195,,0.00595238095238093,,,0.00097780511854,,,,,,,,,,,,,,,,,,,,,,,,,,,,,,,,
1923-05-01,8.67,0.5183,0.8108,,,0.0516,0.0717,0.0437,,,0.0395,0.00344166666666667,0.0597808535178777,0.056956043956044,0.093517877739331,0.639245189935866,0.529067979083359,0.0042,0.0201,,0,,,0.00275679605424,,,,,,,,,,,,,,,,,,,,,,,,,,,,,,,,
1923-06-01,8.34,0.52,0.835,,,0.0515,0.0721,0.0434,,,0.0384,0.00329166666666667,0.0623501199040767,0.0599769319492503,0.100119904076739,0.622754491017964,0.583710407239819,0.005,0.0206,,0.00591715976331364,,,0.00296894652174,,,,,,,,,,,,,,,,,,,,,,,,,,,,,,,,
1923-07-01,8.06,0.5217,0.8592,,,0.0514,0.0734,0.0434,,,0.0391,0.0032,0.064727047146402,0.0625539568345324,0.106600496277916,0.607192737430168,0.593717638936831,0.0043,0.022,,0.0117647058823529,,,0.00237237361956,,,,,,,,,,,,,,,,,,,,,,,,,,,,,,,,
1923-08-01,8.1,0.5233,0.8833,,,0.0508,0.0738,0.0435,,,0.0386,0.00325833333333333,0.0646049382716049,0.0649255583126551,0.109049382716049,0.592437450469829,0.55210785362722,0.0049,0.023,,-0.00581395348837199,,,0.00097088194389,,,,,,,,,,,,,,,,,,,,,,,,,,,,,,,,
1923-09-01,8.15,0.525,0.9075,,,0.0512,0.0738,0.0436,,,0.0401,0.00321666666666667,0.0644171779141104,0.0648148148148148,0.111349693251534,0.578512396694215,0.586563601227691,0.0035,0.0226,,0.00584795321637421,,,0.00122064007171,,,,,,,,,,,,,,,,,,,,,,,,,,,,,,,,
1923-10-01,8.03,0.5267,0.9317,,,0.0511,0.0746,0.044,,,0.0422,0.00334166666666667,0.0655915317559153,0.0646257668711656,0.116027397260274,0.565310722335516,0.58285327007794,0.00180000000000001,0.0235,,0.0058139534883721,,,0.00163343446668,,,,,,,,,,,,,,,,,,,,,,,,,,,,,,,,
1923-11-01,8.27,0.5283,0.9558,,,0.0509,0.074,0.0437,,,0.0394,0.00351666666666667,0.0638814993954051,0.0657907845579078,0.115574365175333,0.552730696798493,0.558804418453541,0.00430000000000001,0.0231,,0,,,0.00059843407457,,,,,,,,,,,,,,,,,,,,,,,,,,,,,,,,
1923-12-01,8.55,0.53,0.98,,,0.0509,0.0738,0.0435,,,0.0388,0.00328333333333333,0.0619883040935673,0.064087061668682,0.114619883040936,0.540816326530612,0.540201005025126,0.0047,0.0229,,0,,,0.00058066523716,,,,,,,,,,,,,,,,,,,,,,,,,,,,,,,,
1924-01-01,8.83,0.5317,0.9758,,,0.0509,0.0724,0.043,,,0.0376,0.00323333333333333,0.0602151755379388,0.062187134502924,0.110509626274066,0.544886247181799,0.512616729584741,0.0054,0.0215,,0,,,0.00074751237285,,,,,,,,,,,,,,,,,,,,,,,,,,,,,,,,
1924-02-01,8.87,0.5333,0.9717,,,0.0509,0.0714,0.0428,,,0.0354,0.00313333333333333,0.0601240135287486,0.06039637599094,0.109549041713641,0.548831944015643,0.530754988685456,0.0074,0.0205,,-0.0057803468208093,,,0.00151948601336,,,,,,,,,,,,,,,,,,,,,,,,,,,,,,,,
1924-03-01,8.7,0.535,0.9675,,,0.051,0.0708,0.0428,,,0.0357,0.00295,0.0614942528735632,0.060315670800451,0.111206896551724,0.55297157622739,0.594559724760778,0.00710000000000001,0.0198,,-0.00581395348837199,,,0.00077592935423,,,,,,,,,,,,,,,,,,,,,,,,,,,,,,,,
1924-04-01,8.5,0.5367,0.9633,,,0.0508,0.0703,0.0423,,,0.0338,0.002975,0.0631411764705882,0.0616896551724138,0.113329411764706,0.55714730613516,0.610173231821693,0.00850000000000001,0.0195,,-0.00584795321637432,,,0.00109477448396,,,,,,,,,,,,,,,,,,,,,,,,,,,,,,,,
1924-05-01,8.47,0.5383,0.9592,,,0.0504,0.0697,0.0415,,,0.0229,0.00281666666666667,0.0635537190082645,0.0633294117647059,0.113246753246753,0.561196830692243,0.615127919911012,0.0186,0.0193,,0,,,0.00073526957293,,,,,,,,,,,,,,,,,,,,,,,,,,,,,,,,
1924-06-01,8.63,0.54,0.955,,,0.0499,0.0682,0.0398,,,0.0244,0.00190833333333333,0.0625724217844728,0.063754427390791,0.110660486674392,0.565445026178011,0.573830030092352,0.0154,0.0183,,0,,,0.00076467558606,,,,,,,,,,,,,,,,,,,,,,,,,,,,,,,,
1924-07-01,9.03,0.5417,0.9508,,,0.0495,0.0667,0.0394,,,0.0192,0.00203333333333333,0.0599889258028793,0.0627694090382387,0.105293466223699,0.569730753050063,0.541413745839044,0.0202,0.0172,,0.00588235294117645,,,0.00037728219667,,,,,,,,,,,,,,,,,,,,,,,,,,,,,,,,
1924-08-01,9.34,0.5433,0.9467,,,0.0495,0.0669,0.0391,,,0.019,0.0016,0.058169164882227,0.0601661129568106,0.101359743040685,0.573888243371712,0.531015940080661,0.0201,0.0174,,-0.00584795321637432,,,0.00069372376727,,,,,,,,,,,,,,,,,,,,,,,,,,,,,,,,
1924-09-01,9.25,0.545,0.9425,,,0.0495,0.0673,0.0392,,,0.0214,0.00158333333333333,0.0589189189189189,0.0583511777301927,0.101891891891892,0.578249336870027,0.536060488561458,0.0178,0.0178,,0.00588235294117645,,,0.00086997191964,,,,,,,,,,,,,,,,,,,,,,,,,,,,,,,,
1924-10-01,9.13,0.5467,0.9383,,,0.0492,0.0662,0.0387,,,0.0241,0.00178333333333333,0.0598795180722891,0.0591027027027027,0.102771084337349,0.582649472450176,0.531424178358639,0.0146,0.017,,0.00584795321637421,,,0.00112615836612,,,,,,,,,,,,,,,,,,,,,,,,,,,,,,,,
1924-11-01,9.64,0.5483,0.9342,,,0.0494,0.0654,0.039,,,0.0258,0.00200833333333333,0.0568775933609958,0.0600547645125958,0.0969087136929461,0.586919289231428,0.497749774977498,0.0132,0.016,,0,,,0.00095105455264,,,,,,,,,,,,,,,,,,,,,,,,,,,,,,,,
1924-12-01,10.16,0.55,0.93,,,0.0495,0.0646,0.0396,,,0.0257,0.00215,0.0541338582677165,0.0570539419087137,0.0915354330708661,0.591397849462366,0.458883080242304,0.0139,0.0151,,0.0058139534883721,,,0.00106572346553,,,,,,,,,,,,,,,,,,,,,,,,,,,,,,,,
1925-01-01,10.58,0.5542,0.9567,,,0.0495,0.0644,0.0396,,,0.0261,0.00214166666666667,0.0523818525519849,0.0545472440944882,0.0904253308128544,0.579282951813526,0.447809539233946,0.0135,0.0149,,0,,,0.00105416168761,,,,,,,,,,,,,,,,,,,,,,,,,,,,,,,,
1925-02-01,10.67,0.5583,0.9833,,,0.0495,0.0636,0.0395,,,0.0262,0.002175,0.0523242736644799,0.0527693761814745,0.0921555763823805,0.567781958710465,0.452388743455497,0.0133,0.0141,,-0.0057803468208093,,,0.0010555413168,,,,,,,,,,,,,,,,,,,,,,,,,,,,,,,,
1925-03-01,10.39,0.5625,1.01,,,0.0491,0.0636,0.0396,,,0.0278,0.00218333333333333,0.0541385948026949,0.052717900656045,0.0972088546679499,0.556930693069307,0.522483940042827,0.0118,0.0145,,0.0058139534883721,,,0.00295329466826,,,,,,,,,,,,,,,,,,,,,,,,,,,,,,,,
1925-04-01,10.28,0.5667,1.037,,,0.0487,0.0641,0.0393,,,0.0278,0.00231666666666667,0.0551264591439689,0.0545428296438883,0.100875486381323,0.546480231436837,0.508290975752021,0.0115,0.0154,,-0.0057803468208093,,,0.00074620610275,,,,,,,,,,,,,,,,,,,,,,,,,,,,,,,,
1925-05-01,10.61,0.5708,1.063,,,0.0483,0.063,0.0387,,,0.0273,0.00231666666666667,0.0537983034872762,0.0555252918287938,0.100188501413761,0.536970837253057,0.469411312043094,0.0114,0.0147,,0.0058139534883721,,,0.0005203227165,,,,,,,,,,,,,,,,,,,,,,,,,,,,,,,,
1925-06-01,10.8,0.575,1.09,,,0.0483,0.0618,0.0379,,,0.0286,0.002275,0.0532407407407407,0.0541941564561734,0.100925925925926,0.527522935779816,0.465613311960919,0.0093,0.0135,,0.0115606936416184,,,0.0008416070568,,,,,,,,,,,,,,,,,,,,,,,,,,,,,,,,
1925-07-01,11.1,0.5792,1.117,,,0.0487,0.062,0.0379,,,0.0306,0.00238333333333333,0.0521801801801802,0.0536296296296296,0.100630630630631,0.518531781557744,0.45587026380689,0.0073,0.0133,,0.0114285714285713,,,0.00037748983607,,,,,,,,,,,,,,,,,,,,,,,,,,,,,,,,
1925-08-01,11.25,0.5833,1.143,,,0.049,0.0624,0.0385,,,0.0301,0.00255,0.0518488888888889,0.0525495495495496,0.1016,0.510323709536308,0.432072531520045,0.0084,0.0134,,0,,,0.00054390252817,,,,,,,,,,,,,,,,,,,,,,,,,,,,,,,,
1925-09-01,11.51,0.5875,1.17,,,0.0487,0.062,0.0385,,,0.0317,0.00250833333333333,0.0510425716768028,0.0522222222222222,0.101650738488271,0.502136752136752,0.425205632231981,0.0068,0.0133,,0,,,0.00145628901037,,,,,,,,,,,,,,,,,,,,,,,,,,,,,,,,
1925-10-01,11.89,0.5917,1.197,,,0.0485,0.0617,0.0382,,,0.0353,0.00264166666666667,0.0497645079899075,0.0514074717636838,0.10067283431455,0.494319131161236,0.391904914873113,0.0029,0.0132,,0,,,0.00074753073375,,,,,,,,,,,,,,,,,,,,,,,,,,,,,,,,
1925-11-01,12.26,0.5958,1.223,,,0.0484,0.0617,0.0379,,,0.0365,0.00294166666666667,0.0485970636215334,0.0501093355761144,0.0997553017944535,0.487162714636141,0.403759597564204,0.00140000000000001,0.0133,,0.0169491525423728,,,0.00271947799084,,,,,,,,,,,,,,,,,,,,,,,,,,,,,,,,
1925-12-01,12.46,0.6,1.25,,,0.0485,0.0615,0.038,,,0.0351,0.00304166666666667,0.0481540930979133,0.0489396411092985,0.100321027287319,0.48,0.389378271415805,0.0029,0.013,,-0.00555555555555565,,,0.00051268190524,,,,,,,,,,,,,,,,,,,,,,,,,,,,,,,,
1926-01-01,12.74,0.6075,1.249,-0.001783,-0.00398,0.0482,0.0609,0.0374,0.0138,0.0072,0.0349,0.002925,0.0476844583987441,0.0487560192616372,0.0980376766091052,0.486389111289031,0.387670797585002,0.0025,0.0127,-0.0066,0,,,0.000857428295,,,,,,,,,-1.71337722483331,,,0.385991781755408,0.028169014084507,,,,,,,,0.987201204592509,0.987201204592509,,,,,,,,,,
1926-02-01,12.18,0.615,1.248,-0.033296,-0.037876,0.0477,0.0602,0.0372,0.0063,0.0045,0.0318,0.00290833333333333,0.0504926108374384,0.0482731554160126,0.102463054187192,0.492788461538462,0.394362554952159,0.0054,0.0125,-0.0018,0,,,0.001098595719,,,,,,,,,-1.65794992255246,,,0.380980408720384,0,,,,,,,,0.952991189698725,0.952991189698725,,,,,,,,,,
1926-03-01,11.46,0.6225,1.248,-0.057708,-0.062007,0.0479,0.0605,0.0371,0.0041,0.0084,0.0314,0.00265,0.0543193717277487,0.0511083743842365,0.108900523560209,0.498798076923077,0.494090844368503,0.0057,0.0126,0.0043,-0.00558659217877078,,,0.006015599607,,,,,,,,,-1.7934924054762,,,0.388449751865227,0,,,,,,,,0.865381060932783,0.865381060932783,,,,,,,,0.3879714012146,,
1926-04-01,11.72,0.63,1.247,0.038522,0.034856,0.0474,0.0598,0.0368,0.0076,0.0097,0.0308,0.00261666666666667,0.0537542662116041,0.0549738219895288,0.106399317406143,0.505212510024058,0.482916985595992,0.006,0.0124,0.0021,0.00561797752808979,,,0.001465915227,,,,,,,,,-1.60368289362807,,,0.383446197694147,0,,,,,,,,0.885404472922186,0.885404472922186,,,,,,,,0.404486328363419,,
1926-05-01,11.81,0.6375,1.246,0.013623,0.00907,0.0471,0.0586,0.0369,0.0014,0.0044,0.0317,0.00256666666666667,0.0539796782387807,0.0543941979522184,0.105503810330229,0.511637239165329,0.483859722512724,0.0052,0.0115,0.003,-0.00558659217877078,,,0.00069035715,,,,,,,,,-1.41424192119102,,,0.370140844569044,0,,,,,,,,0.883679378966176,0.883679378966176,,,,,,,,0.406989365816116,,
1926-06-01,12.32,0.645,1.245,0.056427,0.050196,0.0472,0.058,0.0368,0.0038,4e-04,0.0293,0.00264166666666667,0.0523538961038961,0.054614733276884,0.101055194805195,0.518072289156627,0.453476215368531,0.0075,0.0108,-0.0034,-0.00561797752809001,,,0.000601689191,,,,,,,,,-1.49274200622877,,,0.377570303714633,0,,,,,,,0.678632406096347,0.94288706795638,0.94288706795638,,,,,,,,0.228588819503784,,
1926-07-01,12.88,0.6525,1.244,0.040403,0.038168,0.0471,0.0579,0.037,4e-04,0.0057,0.0311,0.0022,0.0506599378881988,0.0529626623376623,0.096583850931677,0.52451768488746,0.433262579597952,0.0059,0.0108,0.0053,-0.0112994350282486,,,0.000642888415,,,,,,,,,-1.41786303455973,,,0.376681063338595,-0.0512328767123287,,,,,0.078592024743557,0.542874932289124,0.672439802475665,0.986876963834637,0.986876963834637,,,,,,,,0.173195108771324,,
1926-08-01,13.1,0.66,1.243,0.029822,0.025747,0.0472,0.0581,0.0373,0,0.0044,0.0327,0.0025,0.050381679389313,0.0512422360248447,0.0948854961832061,0.530973451327434,0.427050643037352,0.0046,0.0109,0.0044,-0.00571428571428578,,,0.001208627998,,,,,,,,,-1.47478775052431,,,0.383915907863196,-0.0181923187987295,,,,,0.107469715178013,0.542318105697632,0.660722267205285,0.978150957024197,0.978150957024197,,,,,,,,0.151334792375565,,
1926-09-01,13.4,0.6675,1.242,0.01342,0.009122,0.0472,0.0579,0.0372,0.0038,0.0057,0.0342,0.0023,0.0498134328358209,0.0509541984732824,0.0926865671641791,0.53743961352657,0.43871294013528,0.003,0.0107,0.0019,0.00574712643678166,,,0.000740769366,,,,,,,,,-1.52276403047188,,,0.394995005834047,0,,,,,0.0819444358348846,0.561353206634521,0.718334285016333,0.952148790176959,0.952148790176959,,0.0512068971564734,,,,,,0.16825744509697,,
1926-10-01,12.98,0.675,1.242,-0.030172,-0.032434,0.0471,0.0581,0.0367,0.0102,0.0097,0.0358,0.0032,0.0520030816640986,0.0503731343283582,0.0956856702619414,0.543478260869565,0.460334306182011,0.000900000000000005,0.011,-5e-04,0.00571428571428578,,,0.002161147858,,,,,,,,,-1.55491254455517,,,0.390014908254799,0,,,,,0.0520868636667728,0.534228384494781,0.749561627790397,0.907427470807753,0.907427470807753,,0.0529647505917944,,,,,,0.236664310097694,,
1926-11-01,13.27,0.6825,1.241,0.026937,0.019367,0.0468,0.0577,0.0358,0.016,0.0057,0.0335,0.0031,0.0514318010550113,0.0525808936825886,0.0935192162773173,0.549959709911362,0.443308847013734,0.0023,0.0109,-0.0103,0.00568181818181812,,,0.000538588539,,,,,,,,,-1.51842742693126,,,0.381050782394777,-0.0294117647058824,,,,,0.0733811482787132,0.564023554325104,0.802837258539257,0.942277597207175,0.942277597207175,,0.0575147937148729,,,,,,0.23658874630928,,
1926-12-01,13.49,0.69,1.24,0.026047,0.020321,0.0468,0.0568,0.0354,0.0078,0.0056,0.0307,0.0028,0.0511489992587102,0.0519969856819894,0.0919199406968124,0.556451612903226,0.44147582697201,0.0047,0.01,-0.0022,0,,0.0508761776989472,0.000464617809,,,,,,,,,-1.5530711576342,,,0.372074598621502,-0.0454545454545454,,,,,0.0963057950139046,0.563033938407898,0.758673388813155,0.946189960274467,0.946189960274467,,0.0549134366783667,,,,,,0.228888958692551,,
1927-01-01,13.21,0.6967,1.229,-0.00291,-0.005579,0.0466,0.0561,0.0351,0.0075,0.0056,0.0323,0.0025,0.0527403482210447,0.0516456634544107,0.0930355791067373,0.566883645240033,0.443705645419091,0.0028,0.0095,-0.0019,-0.0112994350282486,,0.050823781296046,0.000469894696,,,,,,,,,-1.47897871762964,,,0.363071254125991,0.0396825396825398,,,,,0.0926917791366577,0.576884627342224,0.731849619134128,0.941434934392681,0.941434934392681,,0.0543134540925582,,,,,,0.142210111021996,,
1927-02-01,13.84,0.7033,1.218,0.045522,0.040566,0.0467,0.0559,0.0347,0.0088,0.0069,0.0329,0.0026,0.0508164739884393,0.0532399697199092,0.0880057803468208,0.577422003284072,0.428500864410966,0.0018,0.0092,-0.0019,-0.00571428571428578,,0.051667636578292,0.000287334346,,,,,,,,,-1.50827448056468,,,0.36614567454478,0.0381679389312977,,,,,0.199080243706703,0.561172008514404,0.743380095495047,0.974840495967257,0.974840495967257,,0.0510776603525763,,,,,,0.122185595333576,,
1927-03-01,13.93,0.71,1.208,0.007324,0.00261,0.0462,0.0554,0.0331,0.0253,0.0083,0.032,0.003,0.0509691313711414,0.0513005780346821,0.0867193108399139,0.587748344370861,0.469765117441279,0.0011,0.0092,-0.017,-0.00574712643678144,,0.04635658543167,0.000924192753,,,,,,,,,-1.56709663207655,,,0.373116219690375,-0.0676470588235294,,,,,0.0663621202111244,0.515952467918396,0.696099343313825,0.963524738172626,0.963524738172626,,0.063495274071545,,,,,,0.160212680697441,,
1927-04-01,14.17,0.7167,1.197,0.013021,0.010907,0.0458,0.0548,0.0333,-5e-04,0.0055,0.0339,0.0025,0.0505786873676782,0.0514501076812635,0.0844742413549753,0.59874686716792,0.456754130223518,-0.000599999999999996,0.009,0.006,0,,0.0505140086955479,0.000602588571,,,,,,,,,-1.55219134922098,,,0.34415331586865,-0.0457413249211357,,,,,0.0522513650357723,0.50782436132431,0.72149224941932,0.983747609942638,0.983747609942638,,0.0619012140345716,,,,,,0.161171391606331,,
1927-05-01,14.91,0.7233,1.186,0.062353,0.057096,0.0457,0.055,0.0327,0.0109,-0.0011,0.0333,0.003,0.0485110663983903,0.0510444601270289,0.0795439302481556,0.609865092748735,0.434782608695652,-0.000600000000000003,0.0093,-0.012,0.00578034682080908,,0.055275384155709,0.000391733756,,,,,,,,,-1.57506676327764,,,0.34727184652456,-0.0413223140495868,,,,,0.126109331846237,0.500074088573456,0.724994865944525,1,1,,0.070378988331541,,,,,,0.169088408350945,,
1927-06-01,14.77,0.73,1.175,-0.02037,-0.025705,0.0458,0.0555,0.0334,-0.0069,0.0043,0.0307,0.0026,0.049424509140149,0.0489604292421194,0.0795531482735274,0.621276595744681,0.452385249353306,0.0027,0.0097,0.0112,0.0114942528735633,,0.0588231237574771,0.000824576951,,,,,,,,,-1.58223027799174,,,0.338288049188909,0,,,,,0.0266165118664503,0.503802061080933,0.704829412481329,0.96108926919519,0.96108926919519,,0.0660651553260373,,,,,,0.17769780755043,,
1927-07-01,15.73,0.7367,1.164,0.08445,0.081687,0.046,0.0555,0.0333,0.005,3e-04,0.0296,0.003,0.0468340750158932,0.0498781313473257,0.0739987285441831,0.632903780068729,0.414553472987872,0.0037,0.0095,-0.0047,-0.0170454545454546,,0.0597534639193376,0.000425779763,,,,,,,,,-1.56837152604227,,,0.321169911567806,0,,,,,0.153658479452133,0.545552015304565,0.647262943168042,1,1,,0.0730172436512224,,,,,,0.152120128273964,,
1927-08-01,16.43,0.7433,1.153,0.033321,0.028625,0.0456,0.0548,0.0329,0.0076,0.0083,0.027,0.0028,0.0452404138770542,0.0472536554354736,0.0701765063907486,0.644666088464874,0.396227409241794,0.0059,0.00920000000000001,7e-04,-0.0057803468208093,,0.0545252600168348,0.001276413852,,,,,,,,,-1.56670810409936,,,0.316228908308277,-0.0862068965517241,,,,,0.0281660221517086,0.48367515206337,0.729365245807389,0.995593558201752,0.995593558201752,,0.0666421010250289,,,,,,0.2135960906744,,
1927-09-01,17.14,0.75,1.143,0.053016,0.049095,0.0454,0.0542,0.033,0.0018,0.0149,0.0268,0.0021,0.043757292882147,0.0456482045039562,0.0666861143523921,0.656167979002625,0.380586062047674,0.0062,0.0088,0.0131,0.0058139534883721,,0.0946159157560862,0.001123349479,,,,,,,,,-1.61374576191182,,,0.294831984034537,0,,,,,0.117456898093224,0.528819143772125,0.663378524091056,0.993064281047394,0.993064281047394,,0.0668323239326418,,,,,,0.193372502923012,,
1927-10-01,16.23,0.7567,1.132,-0.046804,-0.048959,0.0451,0.0538,0.0325,0.0099,0.0055,0.0308,0.0025,0.0466235366605052,0.0441481913652275,0.069747381392483,0.668462897526502,0.413800693336268,0.0017,0.0087,-0.0044,0.00578034682080908,,0.0943696980379572,0.001559337454,,,,,,,,,-1.62195136395164,,,0.268939482369659,0,,,,,0.0704152211546898,0.526619732379913,0.677348715134466,0.909650615677245,0.909650615677245,,0.0601824899528936,,,,,,0.259430110454559,,
1927-11-01,17.33,0.7633,1.121,0.070546,0.06427,0.0449,0.0535,0.032,0.0097,0.0068,0.0304,0.0021,0.0440450086555107,0.047030191004313,0.0646855164454703,0.680909901873327,0.379395590535291,0.0016,0.0086,-0.0029,-0.00574712643678144,,0.0822698871917264,0.000929659138,,,,,,,,,-1.62819988491247,,,0.264010207406046,0,,,,,0.100904025137424,0.473541498184204,0.85896111991363,0.99214135549104,0.99214135549104,,0.0852715782651779,,,,,,0.234009131789207,,
1927-12-01,17.66,0.77,1.11,0.019295,0.014403,0.0446,0.0532,0.0316,0.0072,0.0068,0.0317,0.0022,0.0436013590033975,0.0444316214656665,0.0628539071347678,0.693693693693694,0.374688589935227,-9.99999999999959e-05,0.0086,-4e-04,0,,0.0764707075945769,0.000604204058,,,,,,,,,-1.68906843060883,,,0.26330886222451,0.0471698113207548,,,,,0.10132497549057,0.475625544786453,0.780131249449339,0.998855322749216,0.998855322749216,,0.083581138385324,,,,,,0.217996254563332,,
1928-01-01,17.57,0.7767,1.133,-0.007182,-0.0092,0.0446,0.0535,0.0321,-0.0036,0.0027,0.0331,0.0025,0.0442060330108139,0.0439807474518686,0.0644849174729653,0.685525154457193,0.378669620826829,-0.001,0.0089,0.0063,0,,0.0626010502586593,0.00086052592,,,,,,,,,-1.72009571003191,,,0.279274638886991,0.00900900900900892,,,,,0.0337395593523979,0.51020222902298,0.803642391576509,0.976592082616179,0.976592082616179,,0.0879873165897911,,,,,,0.191840976476669,,
1928-02-01,17.26,0.7833,1.155,-0.012549,-0.016679,0.0446,0.0533,0.0318,0.0061,0.0068,0.0333,0.0033,0.0453823870220162,0.0445816733067729,0.0669177288528389,0.678181818181818,0.386076599240168,-0.0015,0.0087,0.000699999999999999,-0.0115606936416185,,0.0551722360521301,0.000691123931,,,,,,,,,-1.66200103312762,,,0.282579163785151,0,,,,,0.0725019797682762,0.447028249502182,0.814290105571683,0.957855913449717,0.957855913449717,,0.0587945600171687,,,,,,0.210092663764954,,
1928-03-01,19.13,0.79,1.177,0.105752,0.101652,0.0446,0.0532,0.0317,0.0045,0.0041,0.0327,0.0029,0.0412963930998432,0.0457705677867903,0.0615263983272347,0.671197960917587,0.363254837957566,-0.001,0.0086,-0.000399999999999999,0,,0.0543635541768369,0.001381007676,,,,,,,,,-1.67739604461142,,,0.285835642858799,0,,,,,0.119384966790676,0.452033668756485,0.76984619454594,1,1,,0.0696574072492524,,,,,,0.196113005280495,,
1928-04-01,19.75,0.7967,1.2,0.034725,0.032715,0.0446,0.0533,0.0319,-4e-04,0.0014,0.0362,0.0022,0.0403392405063291,0.0416466283324621,0.0607594936708861,0.663916666666667,0.368095260596324,-0.00430000000000001,0.0087,0.0018,0,,0.0493717150354136,0.001487960286,,,,,,,,,-1.86776941466323,,,0.276841621783039,0,,,,,0.175406277179718,0.440589368343353,0.756601197253778,0.975568155626239,0.975568155626239,,0.0799797763470208,,,,,,0.174968019127846,,
1928-05-01,20,0.8033,1.222,0.012325,0.007422,0.0449,0.0542,0.0327,-0.0077,-0.0078,0.039,0.0032,0.040165,0.040673417721519,0.0611,0.657364975450082,0.354396979209317,-0.0063,0.0093,-9.99999999999994e-05,0.00584795321637421,,0.0471870210794656,0.001898858756,,,,,,,,,-1.92547566527264,,,0.284109028340861,0,,,,,0.116518646478653,0.46938744187355,0.802786009165769,0.995155740673669,0.995155740673669,,0.0915380260426439,,,,,,0.185210779309273,,
1928-06-01,19.19,0.81,1.245,-0.03433,-0.038725,0.0457,0.0555,0.0326,0.0041,-0.0024,0.0392,0.0031,0.0422094841063054,0.0405,0.0648775403856175,0.650602409638554,0.370299947711176,-0.0066,0.0098,-0.0065,-0.00581395348837199,,0.0502974621821743,0.003645476632,,,,,,,,,-1.86231712153127,,,0.287245999671202,0.0446428571428572,,,,,0.0648499205708504,0.439875572919846,0.398005052541411,0.952417602318001,0.952417602318001,,0.0807158227237107,,,,,,0.330886244773865,,
1928-07-01,19.43,0.8167,1.268,0.010117,0.008278,0.0461,0.0558,0.0344,-0.0217,-0.001,0.0412,0.0032,0.0420329387545033,0.042558624283481,0.065259907359753,0.644085173501577,0.360648148148148,-0.0068,0.0097,0.0207,0,,0.0593769672373234,0.001674979864,,,,,,,,,-1.64463016979346,,,0.294279095728348,0.0837606837606839,,,,,-0.00733813550323248,0.447527319192886,0.342449906347139,0.977906555595799,0.977906555595799,,0.0604878768718708,,,,,,0.365585029125214,,
1928-08-01,20.87,0.8233,1.29,0.07023,0.065514,0.0464,0.0561,0.0341,0.0076,0.0083,0.0436,0.0032,0.0394489698131289,0.0423726196603191,0.0618112122664111,0.638217054263566,0.324029782454973,-0.0095,0.00970000000000001,7e-04,0,,0.0573957712977465,0.001229316929,,,,,,,,,-1.62829135431848,,,0.308949583182472,0.0094637223974765,,,,,0.134148105978966,0.492044001817703,0.38698170324146,1,1,,0.0516635864561671,,,,,,0.370447248220444,,
1928-09-01,21.37,0.83,1.312,0.022409,0.019937,0.0461,0.0559,0.0346,-0.0041,0.003,0.0457,0.0027,0.0388394946186242,0.0397700047915668,0.0613944782405241,0.632621951219512,0.328165810093521,-0.0111,0.0098,0.0071,0.0116959064327484,,0.0279770976727307,0.000650464241,,,,,,,,,-1.7650438125236,,,0.311787870586538,0.0234375,,,,,0.122094362974167,0.422731310129166,0.369393187955275,0.98204534171769,0.98204534171769,,0.0480140954290482,,,,,,0.22567355632782,,
1928-10-01,21.68,0.8367,1.335,0.013839,0.012055,0.0461,0.0558,0.0336,0.0158,0.0083,0.047,0.0041,0.0385931734317343,0.039153018249883,0.0615774907749077,0.626741573033708,0.308930837563452,-0.0134,0.0097,-0.0075,-0.0057803468208093,,0.0340165920774469,0.000678845462,,,,,,,,,-1.81231281293814,,,0.325944404419191,0.0412213740458016,,,,,0.124305076897144,0.403491407632828,0.351953128916682,0.980671255785011,0.980671255785011,,0.0584757178057195,,,,,,0.155018001794815,,
1928-11-01,24.28,0.8433,1.357,0.122975,0.116704,0.0458,0.0555,0.0338,3e-04,-0.0036,0.0426,0.0038,0.0347322899505766,0.0388976014760148,0.0558896210873147,0.621444362564481,0.26552593905515,-0.0088,0.0097,-0.0039,0,,0.0383696239483739,0.001523295698,,,,,,,,,-1.86137398337011,,,0.33974898532471,0.0448680351906159,,,,,0.193102821707726,0.393139004707336,0.407121915359462,0.99242270482376,0.99242270482376,,0.0641796404616841,,,,,,0.142251655459404,,
1928-12-01,24.35,0.85,1.38,0.006232,0.002888,0.0461,0.056,0.034,4e-04,0.0084,0.0426,6e-04,0.0349075975359343,0.0350082372322899,0.0566735112936345,0.615942028985507,0.259666666666667,-0.0086,0.00989999999999999,0.008,-0.00581395348837199,,0.0630687434983141,0.004077469954,,,,,,,,,-1.94054117494614,,,0.353228174329652,0.0454673028346899,,,,,-0.00297588342800736,0.410857558250427,0.433583988118996,1,1,,0.0684219091552434,,,,,,0.246348902583122,,
1929-01-01,25.74,0.86,1.399,0.055473,0.053892,0.0462,0.0563,0.0349,-0.009,0.0043,0.0466,0.0034,0.0334110334110334,0.0353182751540041,0.0543512043512044,0.614724803431022,0.24534660325659,-0.0117,0.0101,0.0133,0,,0.0784486533364175,0.001700822637,,,,,,,,,-1.91232809109946,,,0.362792911904408,0.087248322147651,,,,,0.195113241672516,0.428980708122253,0.52044660325058,1,1,,0.0696151193281671,,,,,,0.23299515247345,,
1929-02-01,25.59,0.87,1.418,-0.004874,-0.008075,0.0466,0.0566,0.0363,-0.0157,0.003,0.0439,0.0036,0.0339976553341149,0.0337995337995338,0.0554122704181321,0.613540197461213,0.245423899688101,-0.0076,0.01,0.0187,0,,0.071783129483535,0.002670116546,,,,,,,,,-1.93902881373864,,,0.354321938499916,0.0123456790123457,,,,,0.0913944020867348,0.436950147151947,0.516209943504656,0.985561696578277,0.985561696578277,,0.0669829931470602,,,,,,0.30147060751915,,
1929-03-01,25.53,0.88,1.438,0.000154,-0.003213,0.047,0.0579,0.0377,-0.0144,-0.0087,0.046,0.0034,0.0344692518605562,0.0343884329816335,0.0563258911084998,0.611961057023644,0.272300469483568,-0.0083,0.0109,0.0057,-0.00584795321637432,,0.0798045686694535,0.003611407132,,,,,,,,,-1.9340284253093,,,0.353055554368314,0,,,,,0.13981157541275,0.402042120695114,0.525077886282307,0.958982798236354,0.958982798236354,,0.0660508194267654,,,,,,0.312672317028046,,
1929-04-01,25.94,0.89,1.457,0.019559,0.018234,0.0469,0.058,0.0358,0.0275,0.0019,0.048,0.0036,0.0343099460292984,0.0348609479044262,0.0561680801850424,0.610844200411805,0.263396911898274,-0.0122,0.0111,-0.0256,-0.00588235294117656,,0.099322622847693,0.002304361483,,,,,,,,,-1.78707540193248,,,0.365950228028703,0,,,,,0.0781878530979156,0.427794992923737,0.41935716144311,0.991399118176737,0.991399118176737,,0.0631979247430557,,,,,,0.367011725902557,,
1929-05-01,24.83,0.9,1.476,-0.041281,-0.046101,0.047,0.058,0.0373,-0.0162,0.0045,0.0509,0.0044,0.036246476037052,0.0346954510408635,0.0594442207007652,0.609756097560976,0.282774620893716,-0.0136,0.011,0.0207,0.00591715976331364,,0.117986671166361,0.004759808363,,,,,,,,,-1.85234062554165,,,0.378551826698692,0,,,,,0.00191036937758327,0.447736293077469,0.453878779645476,0.911853078243807,0.911853078243807,,0.0664487552554366,,,,,,0.351618319749832,,
1929-06-01,27.62,0.91,1.495,0.112293,0.109584,0.0477,0.0594,0.0367,0.011,-0.0046,0.048,0.0052,0.0329471397538016,0.0366492146596859,0.0541274438812455,0.608695652173913,0.253580581938791,-0.0113,0.0117,-0.0156,0.00588235294117645,,0.116197347925606,0.001340380139,,,,,,,,,-1.75728406151238,,,0.380586344683491,0,,,,,0.130306884646416,0.45138618350029,0.806626504267269,1,1,,0.0690247692591933,,,,,,0.278540432453156,,
1929-07-01,28.88,0.92,1.514,0.050014,0.048186,0.0477,0.0595,0.0369,0,0.002,0.0455,0.0033,0.0318559556786704,0.0333091962346126,0.0524238227146814,0.607661822985469,0.24187517975266,-0.0086,0.0118,0.002,0.0116959064327484,,0.110687930778166,0.001281812725,,,,,,,,,-1.79203981836739,,,0.389386092979394,-0.0609756097560975,,,,,0.135458275675774,0.461507886648178,0.786322050894091,1,1,,0.0680895804827912,,,,,,0.225132927298546,,
1929-08-01,31.71,0.93,1.533,0.094871,0.090733,0.0479,0.0604,0.0375,-0.0034,0.002,0.047,0.004,0.0293282876064333,0.032202216066482,0.0483443708609271,0.606653620352251,0.221123760944443,-0.0095,0.0125,0.0054,0,,0.115277311647886,0.003382102027,,,,,,,,,-1.75776579862846,,,0.374315120180826,-0.123376623376623,,,,,0.0658664256334305,0.46081668138504,0.779997033545645,1,1,,0.0646299032318782,,,,,,0.177848860621452,,
1929-09-01,30.16,0.94,1.552,-0.050941,-0.053046,0.048,0.0612,0.0375,0.0027,0.0034,0.0458,0.0035,0.0311671087533156,0.0296436455376853,0.0514588859416446,0.605670103092783,0.24486824865337,-0.0083,0.0132,7e-04,0,,0.121390115442576,0.003392282425,,,,,,,,,-1.74479487000972,,,0.362605990299629,-0.0370370370370371,,,,,0.08848936855793,0.482556611299515,0.797155660766995,0.901041530025973,0.901041530025973,,0.0609170954261527,,,,,,0.227815926074982,,
1929-10-01,24.15,0.95,1.572,-0.18615,-0.188115,0.0477,0.0611,0.0347,0.0382,0.0073,0.0437,0.0046,0.0393374741200828,0.0314986737400531,0.0650931677018634,0.604325699745547,0.307484187049834,-0.009,0.0134,-0.0309,0,,0.159613051073415,0.053507542712,,,,,,,,,-1.98535356790902,,,0.340366801692919,-0.0769230769230769,,,,,0.0874403417110443,0.461925178766251,0.803658411581281,0.717553847364693,0.717553847364693,,0.0631650415919542,,,,,,0.545429587364197,,
1929-11-01,20.92,0.96,1.591,-0.125359,-0.130374,0.0476,0.0603,0.0331,0.0236,-0.0018,0.0347,0.0037,0.0458891013384321,0.0397515527950311,0.0760516252390057,0.603394091766185,0.351956476250262,-0.0016,0.0127,-0.0254,0,,0.17704122814814,0.036448745871,,,,,,,,,-2.00428516751393,,,0.285172389323733,0,,,,,0.0109924618154764,0.464137315750122,0.723854998587938,0.626885641577249,0.626885641577249,,0.0609209815418051,,,,,,0.594457745552063,,
1929-12-01,21.45,0.97,1.61,0.027753,0.023571,0.0467,0.0595,0.034,-0.0089,0.0192,0.0303,0.0037,0.0452214452214452,0.0463671128107075,0.0750582750582751,0.602484472049689,0.338457823567289,0.00370000000000001,0.0128,0.0281,-0.0057803468208093,,0.163522362331732,0.010214629578,,,,,,,,,-1.79671214771925,,,0.235040355619148,0,,,,,0.0150806866586208,0.49410879611969,0.781738963716254,0.651887609203243,0.651887609203243,,0.0711063097483281,,,,,,0.595801711082458,,
1930-01-01,22.79,0.9708,1.557,0.059632,0.057032,0.0466,0.0592,0.0347,-0.0057,0.0059,0.0339,0.0014,0.0425976305397104,0.0452587412587413,0.0683194383501536,0.623506743737958,0.314816201242794,0.000800000000000002,0.0126,0.0116,-0.00581395348837199,,0.153315636038103,0.001433160777,,,,,,,,,-1.54880423302151,,,0.230212725886806,0,,,,,0.0850245207548141,0.473188161849976,0.814583784733444,0.700842143925283,0.700842143925283,,0.0725614384575585,,,,,,0.537415385246277,,
1930-02-01,23.28,0.9717,1.503,0.026041,0.021516,0.0469,0.0589,0.0339,0.0129,0.0072,0.0336,0.003,0.0417396907216495,0.0426371215445371,0.0645618556701031,0.646506986027944,0.310206189369629,0.000300000000000002,0.012,-0.0057,-0.00584795321637432,,0.159256947012133,0.001724705901,,,,,,,,,-1.59793479396538,,,0.221524474684108,-0.0416666666666666,,,,,0.0762209966778755,0.481785207986832,0.937011515368252,0.711257444185009,0.711257444185009,,0.0766816407892779,,,,,,0.34723824262619,,
1930-03-01,25.14,0.9725,1.45,0.072348,0.069351,0.0462,0.0573,0.0335,0.0083,0.0138,0.0295,0.0035,0.0386833731105807,0.0417740549828179,0.0576770087509944,0.670689655172414,0.319119189094722,0.004,0.0111,0.0055,-0.00588235294117656,,0.145497363287404,0.001504043631,,,,,,,,,-1.61814183662628,,,0.201080819321426,-0.0434782608695652,,,,,0.0971684679389,0.47920298576355,1.00070120543783,0.750583729044783,0.750583729044783,,0.102913434367446,,,,,,0.174501523375511,,
1930-04-01,24.9,0.9733,1.397,-0.013938,-0.015867,0.046,0.057,0.0338,-0.0016,0.0084,0.03,0.0021,0.0390883534136546,0.0387151949085123,0.0561044176706827,0.696707229778096,0.326970597715145,0.0038,0.011,0.01,0.00591715976331364,,0.12968207266682,0.001933861666,,,,,,,,,-1.68445769849919,,,0.188353124212607,0,,,,,0.0461708381772041,0.446458011865616,1.04402101445517,0.732560274942939,0.732560274942939,,0.0987449574639063,,,,,,0.191400140523911,,
1930-05-01,24.49,0.9742,1.343,-0.011148,-0.015304,0.046,0.0572,0.0329,0.0139,0.0057,0.0241,0.0026,0.0397795018374847,0.0391244979919679,0.0548387096774194,0.725390915860015,0.331915512415022,0.0088,0.0112,-0.0082,-0.00588235294117656,,0.124927934810791,0.004693439435,,,,,,,,,-1.60563140228143,,,0.167542217009708,-0.136363636363636,,,,,0.00039249163819477,0.436039865016937,1.02805239982475,0.721646509431487,0.721646509431487,,0.0937482294093641,,,,,,0.25711327791214,,
1930-06-01,20.46,0.975,1.29,-0.155715,-0.159182,0.0457,0.0578,0.0328,0.0051,0.011,0.0189,0.0027,0.0476539589442815,0.0398121682319314,0.063049853372434,0.755813953488372,0.403375452858531,0.0139,0.0121,0.0059,-0.00591715976331353,,0.131002653114817,0.014447861585,,,,,,,,,-1.71176911495792,,,0.13410107906144,-0.0526315789473685,,,,,0.0714567303657532,0.436083763837814,0.138062422349136,0.593803289870661,0.593803289870661,,0.0586684840008947,,,,,,0.424452155828476,,
1930-07-01,21.21,0.9758,1.237,0.038713,0.036395,0.0452,0.0577,0.0327,0.0034,0.0056,0.0183,0.002,0.046006600660066,0.0476930596285435,0.0583215464403583,0.788843977364592,0.390187614855336,0.0144,0.0125,0.0022,-0.0119047619047619,,0.140552248127768,0.004920445838,,,,,,,,,-1.4757637542814,,,0.0825794823470285,-0.0622222222222223,,,,,-0.0304026268422604,0.457374483346939,0.154179645506312,0.613873075005903,0.613873075005903,,0.0549820437231838,,,,,,0.468973338603973,,
1930-08-01,21.37,0.9767,1.183,0.011266,0.006691,0.0447,0.0573,0.0328,0.0013,0.0136,0.0153,9e-04,0.0457042583060365,0.046049033474776,0.055357978474497,0.825612848689772,0.379752100490808,0.0175,0.0126,0.0123,-0.00602409638554224,,0.121496367125831,0.004049926493,,,,,,,,,-1.34228572887509,,,0.0558064116827752,0.00142180094786726,,,,,-0.0408432558178902,0.496896922588348,0.161069875940047,0.630742188524805,0.630742188524805,,0.0621481809528215,,,,,,0.494542479515076,,
1930-09-01,18.59,0.9775,1.13,-0.123549,-0.127635,0.0442,0.0565,0.0324,0.0074,0.0108,0.0177,0.0022,0.0525820333512641,0.0457416939635002,0.0607853684776762,0.865044247787611,0.445583211322596,0.0147,0.0123,0.0034,0.0060606060606061,,0.127202091736903,0.003738406257,,,,,,,,,-1.44324858614257,,,0.0330740744528644,0.0884997633696165,,,,,-0.0490188412368298,0.493047952651978,0.128492486050353,0.58068355721816,0.537555421465488,,0.0812854960292003,,,,,,0.404199481010437,,
1930-10-01,16.94,0.9783,1.077,-0.08368,-0.086394,0.0442,0.0594,0.0324,0.0035,0.0054,0.0174,9e-04,0.0577508854781582,0.0526250672404519,0.0635773317591499,0.908356545961003,0.497954731388056,0.015,0.0152,0.0019,-0.00602409638554224,,0.129491203647521,0.012876666363,,,,,,,,,-1.56369954993408,,,0.000751016217811706,-0.0160869565217391,,,,,0.0129050556570292,0.488467395305634,0.234705169084096,0.623491005542898,0.481018967914579,,0.0912981883001987,,,,,,0.455904632806778,,
1930-11-01,16.57,0.9792,1.023,-0.019736,-0.024113,0.0447,0.0625,0.0322,0.0042,-0.0012,0.014,0.0013,0.0590947495473748,0.0578040141676505,0.0617380808690404,0.957184750733138,0.504670830799845,0.0182,0.0178,-0.0054,-0.0060606060606061,,0.137752692446781,0.007160072127,,,,,,,,,-1.54738805702305,,,-0.0275614364563261,-0.149359257622625,,,,,0.00133410445414484,0.461228609085083,0.311584780473711,0.615193661373142,0.4746176246819,,0.0880348320452961,,,,,,0.459713727235794,,
1930-12-01,15.34,0.98,0.97,-0.071479,-0.077707,0.0452,0.0671,0.033,-0.007,-0.009,0.0148,0.0014,0.0638852672750978,0.0591430295715148,0.0632333767926988,1.01030927835052,0.554745412565318,0.0182,0.0219,-0.002,-0.0182926829268291,,0.113886551953635,0.008166329262,,,,,,,,,-1.52500244112162,,,-0.0564548283807753,-0.038961038961039,,,,,0.115588009357452,0.514749348163605,0.29783965272624,0.559662665351787,0.431775848046803,,0.0753631642306913,,,,,,0.468641132116318,,
1931-01-01,16.09,0.9667,0.94,0.059527,0.056729,0.0442,0.0641,0.0343,-0.0121,0.0203,0.0124,0.0015,0.0600807955251709,0.0630182529335072,0.0584213797389683,1.02840425531915,0.539152001889689,0.0219,0.0199,0.0324,-0.0124223602484472,,0.0897207127141692,0.005224311614,,,,,,,,,-1.4424017717231,,,-0.0661205573224048,0,,,,,0.0399347767233849,0.537170171737671,0.145252064052464,0.575849287584589,0.444263714353176,,0.0802851098942811,,,,,,0.448183834552765,,
1931-02-01,17.93,0.9533,0.91,0.110943,0.105279,0.0443,0.0638,0.0338,0.0085,0.0068,0.0106,4e-04,0.0531678750697156,0.0592479801118707,0.0507529280535416,1.04758241758242,0.479667962593254,0.0232,0.0195,-0.0017,-0.0125786163522014,,0.0825424111020168,0.002884626289,,,,,,,,,-1.4759232256218,,,-0.0660123520461595,0,,,,,0.0117210345342755,0.476036697626114,0.0626523432871071,0.647260856258714,0.499357242175407,,0.0975878843952232,,,,,,0.424068301916122,,
1931-03-01,16.69,0.94,0.88,-0.068939,-0.073451,0.0439,0.0644,0.0332,0.0104,0.0094,0.0138,0.0013,0.0563211503894548,0.0524261015058561,0.0527261833433193,1.06818181818182,0.529125087027152,0.0194,0.0205,-0.000999999999999999,-0.00636942675159236,,0.0739789656732033,0.004168751837,,,,,,,,,-1.46429169141786,,,-0.0514448550049009,0,,,,,0.0299271382391453,0.472896218299866,0.00727358595272421,0.586118951270106,0.452186688354278,,0.0991328031948524,,,,,,0.377107799053192,,
1931-04-01,15.09,0.9267,0.85,-0.092955,-0.09546,0.044,0.0672,0.0327,0.0086,0.0067,0.0149,8e-04,0.0614115308151093,0.0555242660275614,0.0563286944996687,1.09023529411765,0.603214498313381,0.0178,0.0232,-0.0019,-0.00641025641025639,,0.0777797962383666,0.006709265743,,,,,,,,,-1.43272344370929,,,-0.0514454720398569,-0.0135135135135136,,,,,0.111902095377445,0.475798815488815,0.0450423449502172,0.541453282240447,0.396647165306818,,0.0880413717463144,,,,,,0.380789250135422,,
1931-05-01,13.02,0.9133,0.82,-0.137674,-0.14302,0.0437,0.0715,0.0317,0.0145,0.0134,0.0088,9e-04,0.0701459293394777,0.0605235255135852,0.0629800307219662,1.11378048780488,0.709948622139187,0.0229,0.0278,-0.0011,-0.0129032258064515,,0.0713802708646966,0.006910695413,,,,,,,,,-1.36141777774835,,,-0.0706023638116313,-0.0410958904109588,,,,,-0.041763249784708,0.491112679243088,-0.00518717837074347,0.467008397862362,0.337014980192565,,0.0811960889389918,,,,,,0.366604954004288,,
1931-06-01,14.83,0.9,0.79,0.146492,0.139763,0.0436,0.0736,0.0319,4e-04,0.0052,0.0055,8e-04,0.0606877950101146,0.0691244239631336,0.0532703978422117,1.13924050632911,0.607271274470635,0.0264,0.03,0.0048,-0.0130718954248367,,0.063757125538209,0.02333294959,,,,,,,,,-1.44503985961388,,,-0.0998077015928451,-0.114285714285714,,,,,0.0799249336123466,0.444829016923904,-0.43771070361457,0.612754498347546,0.393997428968702,,0.0875026013724522,,,,,,0.48274227976799,,
1931-07-01,13.73,0.8867,0.76,-0.075465,-0.07857,0.0436,0.0708,0.0325,-0.0042,0.0052,0.0041,6e-04,0.0645812090313183,0.0597909642616318,0.0553532410779315,1.16671052631579,0.673609572346554,0.0284,0.0272,0.0094,0,,0.0340059413431488,0.007039256352,,,,,,,,,-1.22937169792016,,,-0.119530975281294,-0.104516129032258,,,,,-0.033453319221735,0.482733368873596,-0.369180493003113,0.552409319025664,0.355195844373901,,0.0892615967145135,,,,,,0.493216753005981,,
1931-08-01,13.86,0.8733,0.73,0.007779,0.002304,0.044,0.0747,0.0326,0.0012,0.0012,0.0042,3e-04,0.063008658008658,0.06360524399126,0.0526695526695527,1.19630136986301,0.654185496018937,0.0284,0.0307,0,0,,0.0201568443570556,0.004542039838,,,,,,,,,-1.1315017935194,,,-0.160095042048882,0.242795389048992,,,,,0.00326466537080705,0.531243920326233,-0.53787691814381,0.56881145701579,0.365742319699871,,0.0814985224634341,,,,,,0.516579687595367,,
1931-09-01,9.71,0.86,0.7,-0.287461,-0.291524,0.0455,0.0807,0.0353,-0.0281,-0.0014,0.0045,3e-04,0.0885684860968074,0.062049062049062,0.0720906282183316,1.22857142857143,0.944001656143256,0.0308,0.0352,0.0267,-0.00662251655629131,,0.0303697151577158,0.023458994589,,,,,,,,,-1.43088456386333,,,-0.212864166080044,0.0956521739130434,,,,,0.0261913519352674,0.479261875152588,-0.327470544563273,0.451069194135774,0.253456462995514,,0.0707788917081311,,,,,,0.488886952400208,,
1931-10-01,10.53,0.8467,0.67,0.076738,0.072834,0.0499,0.0904,0.0385,-0.033,-0.0363,0.017,0.001,0.0804083570750238,0.0871987641606591,0.063627730294397,1.26373134328358,0.877176108492835,0.0215,0.0405,-0.0033,-0.0066666666666666,,0.011269305178692,0.04250195546,,,,,,,,,-1.40222522119868,,,-0.256613700404417,0.0317460317460319,,,,,0.17252017557621,0.445670247077942,-0.514110760212438,0.534935171846059,0.272765432746544,,0.0923479104761417,,,,,,0.593073904514313,,
1931-11-01,9.5,0.8333,0.64,-0.100909,-0.109396,0.0494,0.0893,0.0385,0.0027,-0.0189,0.0177,0.0017,0.0877157894736842,0.0791358024691358,0.0673684210526316,1.30203125,0.971556407798019,0.0208,0.0399,-0.0216,-0.0134228187919464,,0.00339610931082537,0.011434543962,,,,,,,,,-1.32715148997692,,,-0.272772376810171,0,,,,,0.0991522148251534,0.442267298698425,-0.547319875344864,0.482969746861494,0.246268069365375,,0.103726956141662,,,,,,0.589924812316895,,
1931-12-01,8.12,0.82,0.61,-0.137557,-0.145471,0.0532,0.1042,0.0407,-0.022,-0.0286,0.0241,0.0012,0.100985221674877,0.0863157894736842,0.0751231527093596,1.34426229508197,1.17073170731707,0.0166,0.051,-0.0066,-0.00680272108843538,,-0.0129210092969338,0.021195349347,,,,,,,,,-1.32612600127163,,,-0.283267872613362,-0.0307692307692308,,,,,0.165739342570305,0.494004458189011,-0.543883370137618,0.40080263428689,0.20437075320723,,0.110199500392584,,,,,,0.578416049480438,,
1932-01-01,7.89,0.7933,0.5933,-0.018803,-0.021067,0.052,0.0913,0.039,0.0034,-0.0052,0.0248,0.0023,0.100544993662864,0.0976970443349754,0.0751964512040558,1.33709758975223,1.19137818419334,0.0142,0.0393,-0.0086,-0.0205479452054794,,-0.0115774432024904,0.017376784499,,,,,,,,,-1.24029583504052,,,-0.317342835274976,-0.0476190476190476,,,,,0.100860685110092,0.505710899829865,-0.397265268947413,0.39385676065034,0.200829026418658,,0.112456457015272,,,,,,0.511668026447296,,
1932-02-01,8.29,0.7667,0.5767,0.053581,0.045233,0.0523,0.0887,0.0367,0.0413,-0.0238,0.0242,0.0023,0.0924849215922799,0.0971736375158428,0.0695657418576598,1.32946072481359,1.11984282907662,0.0125,0.0364,-0.0651,-0.0139860139860141,,-0.0157276675180562,0.026715250608,,,,,,,,,-1.12528321245818,,,-0.346168124173824,0,,,,,0.18048283457756,0.482356607913971,-0.402139959830016,0.433837630513531,0.213657947897264,,0.110494652048701,,,,,,0.547174453735352,,
1932-03-01,7.31,0.74,0.56,-0.118907,-0.125245,0.0498,0.0883,0.037,-0.0018,0.0356,0.0225,0.0016,0.101231190150479,0.0892641737032569,0.0766073871409029,1.32142857142857,1.18586244541485,0.0145,0.0385,0.0374,-0.00709219858156029,,-0.00841550948676644,0.013408922083,,,,,,,,,-1.10026387228675,,,-0.36315162111542,-0.00666666666666671,,,,,-0.0210061371326447,0.5080885887146,-0.535458123220405,0.428362658560823,0.192250177086339,,0.121385979653523,,,,,,0.541423261165619,,
1932-04-01,5.83,0.7133,0.5433,-0.205295,-0.207637,0.0517,0.1046,0.0336,0.0604,-0.0176,0.0111,0.0011,0.122349914236707,0.097578659370725,0.0931903945111492,1.31290263206332,1.55372787412837,0.0225,0.0529,-0.078,-0.00714285714285712,,-0.0154746575395407,0.019851412741,,,,,,,,,-1.10304725965923,,,-0.438188828290439,0.0178970917225951,,,,,-0.0126962028443813,0.46867173910141,-0.65157289957608,0.360234445446348,0.146732429099877,,0.102695691872424,,,,,,0.48309201002121,,
1932-05-01,4.47,0.6867,0.5267,-0.232123,-0.240123,0.0536,0.11,0.0349,-0.0188,0.0107,0.0031,6e-04,0.153624161073826,0.11778730703259,0.117829977628635,1.30377824188343,1.94233348234242,0.0318,0.0564,0.0295,-0.0143884892086331,,-0.0340508435222658,0.023183792312,,,,,,,,,-1.02222438794343,,,-0.476595706485497,0.0824175824175823,,,,,-0.0133420201018453,0.449491113424301,-0.796654989340186,0.288161793121216,0.117375449274602,,0.107581772849932,,,,,,0.421251535415649,,
1932-06-01,4.43,0.66,0.51,0.002768,-0.006507,0.0541,0.11,0.0347,0.0065,-9e-04,0.0034,2e-04,0.148984198645598,0.147651006711409,0.115124153498871,1.29411764705882,2.02847805788982,0.0313,0.0559,-0.0074,-0.00729927007299269,,-0.0406884064617369,0.034302583222,,,,,,,,,-0.961698079436204,,,-0.516146952532851,0,,,,,0.0844091400504112,0.476741522550583,0.344717485916175,0.275924256086565,0.112390796757352,,0.11827834476502,,,,,,0.452175348997116,,
1932-07-01,6.1,0.6333,0.4933,0.391838,0.390006,0.0526,0.1079,0.032,0.0481,0.0043,0.0022,2e-04,0.103819672131148,0.142957110609481,0.0808688524590164,1.28380295965944,1.61254407125626,0.0298,0.0553,-0.0438,0,,-0.0291761420215049,0.020110578497,,,,,,,,,-0.971120203585239,,,-0.549633380141021,0,,,,,0.0310206264257431,0.443367183208466,0.209384264979569,0.373846687478321,0.141380486397146,,0.182906405360792,,,,,,0.466757863759995,,
1932-08-01,8.39,0.6067,0.4767,0.401979,0.394164,0.0491,0.0822,0.0321,3e-04,0.0436,0.0014,3e-04,0.0723122765196663,0.0994590163934426,0.0568176400476758,1.27270820222362,1.18780754510662,0.0307,0.0331,0.0433,-0.00735294117647056,,-0.0150636830809417,0.040019305912,,,,,,,,,-1.45218008954401,,,-0.525563736647244,-0.00913705583756341,,,,,0.0161167494952679,0.432841837406158,0.118576612983906,0.522086633840006,0.191935356927355,,0.264533412587855,,,,,,0.466672390699387,,
1932-09-01,8.08,0.58,0.46,-0.029526,-0.034118,0.047,0.0761,0.0319,0.0057,0.0301,3e-04,3e-04,0.0717821782178218,0.0691299165673421,0.0569306930693069,1.26086956521739,1.21436556735606,0.0316,0.0291,0.0244,-0.00740740740740742,,0.000704370749366702,0.043298566157,,,,,,,,,-1.4810918144408,,,-0.468402976377444,-0.0635245901639344,,,,,0.0935076251626015,0.4277084171772,0.218933937977108,0.612723692096926,0.187737754807566,,0.24133417742338,,,,,,0.516649305820465,,
1932-10-01,6.96,0.5533,0.4433,-0.142069,-0.143263,0.0464,0.0787,0.0322,-0.0017,0.0074,1e-04,2e-04,0.0794971264367816,0.0684777227722772,0.0636925287356322,1.24813895781638,1.40387722132472,0.0321,0.0323,0.0091,-0.0074626865671642,,-0.00287410192933695,0.035644758488,,,,,,,,,-1.16369632333115,,,-0.440296597894519,-0.102844638949672,,,,,0.0257213208824396,0.473642706871033,0.372397673911868,0.530011131089991,0.16239473200934,,0.178405545812202,,,,,,0.571200728416443,,
1932-11-01,6.55,0.5267,0.4267,-0.052228,-0.058702,0.0463,0.0824,0.0322,0.0032,0.0073,1e-04,2e-04,0.080412213740458,0.0756752873563218,0.0651450381679389,1.23435669088352,1.54214729370009,0.0321,0.0361,0.0041,-0.00751879699248126,,-0.00332215558141429,0.02331660312,,,,,,,,,-1.13710547092204,,,-0.444991306939814,0,,,,,0.0705259218811989,0.484451115131378,0.504783891654513,0.600298284862043,0.147834299656321,,0.0850777351049888,,,,,,0.598665416240692,,
1932-12-01,6.89,0.5,0.41,0.061569,0.053749,0.0459,0.0842,0.0315,0.0131,0.0139,4e-04,1e-04,0.0725689404934688,0.0763358778625954,0.0595065312046444,1.21951219512195,1.44208430136077,0.0311,0.0383,0.000799999999999999,-0.00757575757575757,,-0.00503246933781863,0.010223098855,,,,,,,,,-1.11432769376112,,,-0.469230800881464,0,,,,,0.0745960175991058,0.544874548912048,0.546416516994864,0.678756476683938,0.158092189836556,,0.0959011322051261,,,,,,0.560769021511078,,
1933-01-01,6.94,0.495,0.4125,0.013938,0.012575,0.0444,0.0801,0.0308,0.0148,0.0547,7e-04,1e-04,0.0713256484149856,0.0718432510885341,0.0594380403458213,1.2,1.42692939244663,0.0301,0.0357,0.0399,-0.015267175572519,,-0.0064906533560213,0.005916608937,,,,,,,,,-1.0404053753765,,,-0.493856169267231,-0.0609756097560975,,,,,0.107444792985916,0.50275993347168,0.353215230830524,0.685965307501689,0.159771230684471,,0.112513012813997,,,,,,0.483998030424118,,
1933-02-01,5.66,0.49,0.415,-0.179558,-0.186035,0.0448,0.0837,0.0325,-0.0258,-0.0523,1e-04,-3e-04,0.0865724381625442,0.0706051873198847,0.073321554770318,1.18072289156627,1.69099046507103,0.0324,0.0389,-0.0265,-0.0155038759689923,,-0.00581899612741728,0.015666928172,,,,,,,,,-1.04037177310802,,,-0.491856974444059,-0.0974025974025975,,,,,-0.0139030758291483,0.486685693264008,0.575342202095441,0.57884658706916,0.134821733084975,,0.118193772366877,,,,,,0.421203255653381,,
1933-03-01,5.85,0.485,0.4175,0.038627,0.032581,0.0468,0.0891,0.0321,0.0097,0.0047,0.0134,4e-04,0.0829059829059829,0.0856890459363958,0.0713675213675214,1.16167664670659,1.47653429602888,0.0187,0.0423,-0.005,-0.00787401574803148,,-0.021884955818652,0.037454110988,,,,,,,,,-1.15217870613719,,,-0.558399333940505,0.0215827338129497,,,,,0.4030741751194,0.461428791284561,0.641495099411695,0.69310646815964,0.145341973397697,,0.128497374538948,,,,,,0.577240169048309,,
1933-04-01,8.32,0.48,0.42,0.414312,0.412291,0.0478,0.0912,0.0325,-0.0032,-0.0095,0.0045,0.001,0.0576923076923077,0.0820512820512821,0.0504807692307692,1.14285714285714,1.11901504787962,0.028,0.0434,-0.0063,0,,-0.00637014420534317,0.029151225522,,,,,,,,,-1.27237303579858,,,-0.49454879342581,0,,,,,0.131710231304169,0.442397385835648,0.773679857615051,0.914550231452521,0.191777946847863,,0.155269199988952,,,,,,0.605807781219482,,
1933-05-01,9.64,0.475,0.4225,0.174816,0.170167,0.0463,0.0774,0.0308,0.0303,0.0588,0.0029,4e-04,0.0492738589211618,0.0570913461538462,0.0438278008298755,1.12426035502959,0.928384973328794,0.0279,0.0311,0.0285,0,,-0.00300232959866237,0.01196383281,,,,,,,,,-1.65795572422399,,,-0.346036009887423,-0.084507042253521,,,,,0.0729437097907066,0.457695454359055,0.520002149219872,0.978782492779382,0.231156701734134,,0.26548268564044,,,,,,0.560336410999298,,
1933-06-01,10.91,0.47,0.425,0.137498,0.133994,0.0446,0.0707,0.0306,0.005,0.019,7e-04,2e-04,0.0430797433547204,0.0487551867219917,0.038955087076077,1.10588235294118,0.833503158752802,0.0299,0.0261,0.014,0.00793650793650791,,0.00076031678640968,0.019819362466,,,,,,,,,-1.8574346911895,,,-0.207969727258451,0.073076923076923,,,,,0.0346914306282997,0.413663804531097,0.418895938370651,0.993923435284586,0.257470420022562,,0.27896436126611,,,,,,0.47945436835289,,
1933-07-01,9.95,0.465,0.4275,-0.084736,-0.085471,0.0436,0.0662,0.0309,-0.0017,0.0161,0.0019,2e-04,0.0467336683417085,0.0426214482126489,0.042964824120603,1.08771929824561,0.901178803569461,0.029,0.0226,0.0178,0.0314960629921259,,0.002712795739485,0.032868097438,,,,,,,,,-1.94503169354718,,,-0.123165795870621,0.170609318996416,,,,,-0.0887479186058044,0.369762271642685,0.371517024656223,0.835281126345818,0.238135215258284,,0.237047005871046,,,,,,0.532720983028412,,
1933-08-01,11.09,0.46,0.43,0.123272,0.119807,0.043,0.0677,0.0308,0.0044,0.0093,1e-04,3e-04,0.0414788097385032,0.0462311557788945,0.0387736699729486,1.06976744186047,0.798750122058393,0.0307,0.0247,0.0049,0.00763358778625944,,0.00214661089808626,0.011878964091,,,,,,,,,-1.64324404968432,,,-0.169202289888576,0.212492345376607,,,,,0.0685304999351501,0.4122554063797,0.331822976027994,0.942394405079599,0.268672770679749,,0.120768795204037,,,,,,0.57276463508606,,
1933-09-01,9.83,0.455,0.4325,-0.118045,-0.121112,0.0436,0.0727,0.0308,0.0023,-0.0014,4e-04,2e-04,0.0462868769074262,0.0410279531109107,0.0439979654120041,1.05202312138728,0.867996604414262,0.0304,0.0291,-0.0037,0,,-0.000459167963565296,0.014249909074,,,,,,,,,-1.58001890692722,,,-0.231857653065547,0.133838383838384,,,,,-0.0415180213749409,0.409157544374466,0.381490985287749,0.867212662188276,0.247238764855576,,0.0895519139304476,,,,,,0.570214748382568,,
1933-10-01,8.96,0.45,0.435,-0.090623,-0.091588,0.0434,0.0749,0.0315,-0.0091,0.004,9e-04,1e-04,0.0502232142857143,0.0457782299084435,0.0485491071428571,1.03448275862069,0.927858439201452,0.0306,0.0315,0.0131,0,,0.00346222997382979,0.027675770355,,,,,,,,,-1.60041522183383,,,-0.287526521921162,0.046770601336303,,,,,-0.00297107570804656,0.409274697303772,0.544904524351297,0.81126345817613,0.231287876800378,,0.0809928323683703,,,,,,0.55706113576889,,
1933-11-01,9.88,0.445,0.4375,0.108553,0.102069,0.0454,0.0798,0.0327,-0.0149,-0.0248,0.0022,2e-04,0.0450404858299595,0.0496651785714286,0.0442813765182186,1.01714285714286,0.833503158752802,0.0305,0.0344,-0.0099,0,,0.00592280573513985,0.009581576111,,,,,,,,,-1.47151274652883,,,-0.351489814764895,0.00851063829787235,,,,,0.0935381576418877,0.436852782964706,0.545300949894548,0.903101131867121,0.257470420022562,,0.07632381213486,,,,,,0.553949654102325,,
1933-12-01,10.1,0.44,0.44,0.026694,0.02443,0.045,0.0775,0.0336,-0.0113,0.0257,0.0029,2e-04,0.0435643564356436,0.0445344129554656,0.0435643564356436,1,0.829026046417351,0.0307,0.0325,0.037,0,,0.00619516170820472,0.005590569861,,,,,,,,,-1.50260090207133,,,-0.35059922009439,0,,,,,0.103717282414436,0.440505772829056,0.637935508986951,0.907978282874758,0.258860875724742,,0.0745193859638725,,,,,,0.536259770393372,,
1934-01-01,11.17,0.4408,0.4442,0.115033,0.113644,0.0435,0.0701,0.0321,0.0257,0.0257,0.0072,5e-04,0.0394628469113697,0.0436435643564356,0.0397672336615935,0.992345790184602,0.762917366163029,0.0249,0.0266,0,0,,0.00355771214166155,0.006638909922,,,,,,,,,-1.5701870926487,,,-0.322640668147703,0,,,,,0.168631047010422,0.400016039609909,0.419020063897714,0.983759977979631,0.281291812052365,,0.111430263278574,,,,,,0.428760647773743,,
1934-02-01,10.76,0.4417,0.4483,-0.03284,-0.037272,0.042,0.0627,0.0317,0.0081,0.0146,0.0062,2e-04,0.0410501858736059,0.0395434198746643,0.0416635687732342,0.985277715815302,0.790643727044268,0.0255,0.0207,0.0065,0.00757575757575779,,0.0055949502073323,0.005567284667,,,,,,,,,-1.77477196328827,,,-0.280260358399368,0,,,,,0.0300118178129196,0.400369703769684,0.456099642783014,0.934260429835651,0.271427447070861,,0.115033131729436,,,,,,0.418922454118729,,
1934-03-01,10.75,0.4425,0.4525,0.005355,0.002464,0.0413,0.0626,0.0307,0.0197,0.0187,0.0024,2e-04,0.0411627906976744,0.0411245353159851,0.042093023255814,0.977900552486188,0.802512212142359,0.0283,0.0213,-0.000999999999999997,0,,0.00960633723977207,0.006372524621,,,,,,,,,-1.57067885276462,,,-0.240005884687998,0,,,,,0.066863089799881,0.450228422880173,0.414274340516281,0.905815423514539,0.263163417897526,,0.0983837410008941,,,,,,0.445153743028641,,
1934-04-01,10.46,0.4433,0.4567,-0.02549,-0.026944,0.0407,0.0601,0.03,0.0126,0.0104,0.0015,1e-04,0.0423804971319312,0.0412372093023256,0.0436615678776291,0.970659075979856,0.801074733804359,0.0285,0.0194,-0.0022,0,,0.00782881104268841,0.001899187354,,,,,,,,,-1.53332229320153,,,-0.24463413338977,0,,,,,-0.036867517977953,0.439852833747864,0.426300897897237,0.907440852447174,0.263635648136002,,0.0568879106221784,,,,,,0.421808809041977,,
1934-05-01,9.61,0.4442,0.4608,-0.078497,-0.082255,0.0401,0.0605,0.0292,0.0131,0.009,0.0016,1e-04,0.0462226847034339,0.0424665391969407,0.0479500520291363,0.963975694444444,0.856382978723404,0.0276,0.0204,-0.0041,0,,0.00765231558306287,0.007363200412,,,,,,,,,-1.58577335027896,,,-0.229935846708509,0.0421940928270041,,,,,0.0449682325124741,0.431347876787186,0.479599565970028,0.848835109264945,0.246609124537608,,0.0481371260658975,,,,,,0.432401418685913,,
1934-06-01,9.81,0.445,0.465,0.02408,0.021102,0.0393,0.0606,0.0289,0.0067,0.0158,0.0015,1e-04,0.045361875637105,0.0463059313215401,0.0474006116207951,0.956989247311828,0.840731070496084,0.0274,0.0213,0.0091,0.00751879699248126,,0.00598278015942676,0.006894644966,,,,,,,,,-1.42202536796626,,,-0.253878902497397,0,,,,,0.051089808344841,0.445207357406616,0.658845257683539,0.864637890554452,0.251200251856127,,0.0527196231491969,,,,,,0.438061863183975,,
1934-07-01,8.68,0.4458,0.4692,-0.119846,-0.121723,0.0389,0.0613,0.0288,0.004,0.0047,0.0015,1e-04,0.0513594470046083,0.0454434250764526,0.0540552995391705,0.950127877237852,0.914253265190233,0.0273,0.0224,7e-04,0,,0.00290786527426117,0.011531330891,,,,,,,,,-1.41390001390232,,,-0.329215945124854,0,,,,,-0.163003042340279,0.465742617845535,0.713362996927284,0.795105652880621,0.230999291654642,,0.0610730916033159,,,,,,0.48221418261528,,
1934-08-01,9.15,0.4467,0.4733,0.05865,0.051629,0.0393,0.0649,0.0299,-0.0118,0.0047,0.0019,1e-04,0.0488196721311475,0.051463133640553,0.0517267759562842,0.943798859074583,0.866896403187594,0.028,0.0256,0.0165,0,,0.0199569125967693,0.006501447164,,,,,,,,,-1.39687418630394,,,-0.344363713396973,0,,,,,0.0618131458759308,0.451434940099716,0.766307232333789,0.838540726024923,0.243618333027258,,0.0666516955265086,,,,,,0.493257611989975,,
1934-09-01,9.1,0.4475,0.4775,-0.000216,-0.003127,0.0396,0.0657,0.031,-0.0146,-0.0061,0.0021,1e-04,0.0491758241758242,0.0489071038251366,0.0524725274725275,0.93717277486911,0.870364363714996,0.0289,0.0261,0.0085,0.0149253731343284,,0.0194390202153473,0.004830818599,,,,,,,,,-1.3005335511332,,,-0.408935327766491,0,,,,,-0.00333267170935869,0.475963592529297,0.748226443698118,0.835199566552285,0.242647637537057,,0.0609048835592319,,,,,,0.47743484377861,,
1934-10-01,8.81,0.4483,0.4817,-0.032663,-0.033732,0.039,0.064,0.03,0.0182,0.0102,0.0027,1e-04,0.0508853575482406,0.0492637362637363,0.0546765039727582,0.930662237907411,0.862253641816624,0.0273,0.025,-0.008,-0.00735294117647056,,0.0238972516909423,0.004358161046,,,,,,,,,-1.30852582674122,,,-0.369581034526248,0,,,,,0.0231436602771282,0.442312479019165,0.795605182677847,0.843055806393354,0.244930083689692,,0.0549924174888603,,,,,,0.393367528915405,,
1934-11-01,9.54,0.4492,0.4858,0.086059,0.080682,0.0386,0.0637,0.0299,0.0037,0.0129,0.0025,1e-04,0.0470859538784067,0.0509875141884222,0.0509224318658281,0.924660354055167,0.782008937244997,0.0274,0.0251,0.0092,0,,0.0207110464136073,0.002025305206,,,,,,,,,-1.38709237454858,,,-0.363477707122754,-0.0757085020242916,,,,,0.0307255312800407,0.485308915376663,0.756154143535712,0.929564746252483,0.270063226381929,,0.0669867263337837,,,,,,0.326747387647629,,
1934-12-01,9.5,0.45,0.49,-0.000681,-0.004415,0.0381,0.0623,0.0293,0.0112,0.0101,0.0023,1e-04,0.0473684210526316,0.0471698113207547,0.0515789473684211,0.918367346938776,0.773740868896578,0.027,0.0242,-0.0011,-0.00740740740740742,,0.0208127375401187,0.002608945583,,,,,,,,,-1.41074752737957,,,-0.306205202711205,-0.109505037231713,,,,,0.108914531767368,0.486257404088974,0.756276531102182,0.939497923063031,0.272949077839284,,0.0747483222946881,,,,,,0.293760120868683,,
1935-01-01,9.1,0.45,0.57,-0.042368,-0.043755,0.0377,0.0598,0.0281,0.0182,0.0211,0.002,1e-04,0.0494505494505495,0.0473684210526316,0.0626373626373626,0.789473684210526,0.791621595043761,0.0261,0.0221,0.0029,0.0149253731343284,,0.020997444345289,0.002213603842,,,,,,,,,-1.35543837525645,,,-0.233844102589805,0.02803738317757,,,,,-0.018327172845602,0.468652814626694,0.754477222588923,0.918277045331407,0.266783849725844,,0.073699484251334,,,,,,0.284051835536957,,
1935-02-01,8.74,0.45,0.65,-0.03684,-0.04266,0.0369,0.0595,0.0275,0.0092,0.0141,0.0019,2e-04,0.051487414187643,0.0494505494505495,0.074370709382151,0.692307692307692,0.786286384059387,0.0256,0.0226,0.0049,0.00735294117647056,,0.014708649662042,0.003279981949,,,,,,,,,-1.37471047233849,,,-0.220068800966732,0.0684210526315792,,,,,0.0819645002484322,0.522236406803131,0.880592458725334,0.955304656153774,0.268594065640003,,0.0683803918183434,,,,,,0.321168839931488,,
1935-03-01,8.47,0.45,0.73,-0.031454,-0.035324,0.0367,0.062,0.0274,0.0041,0.0043,0.0015,1e-04,0.0531286894923259,0.051487414187643,0.0861865407319953,0.616438356164384,0.800754117880532,0.0259,0.0253,2e-04,0,,0.0120459535026804,0.00397286168,,,,,,,,,-1.32836635847769,,,-0.229222118016324,0.0165696372592925,,,,,0.00732572888955474,0.507198393344879,0.960796250026222,0.940375104973407,0.264396463520214,,0.0717116979633405,,,,,,0.312620222568512,,
1935-04-01,9.28,0.446667,0.756667,0.096493,0.095347,0.0366,0.0613,0.0269,0.0079,0.0112,0.0015,1e-04,0.0481322198275862,0.0527351829988194,0.0815373922413793,0.590308550524868,0.737322978529009,0.0254,0.0247,0.0033,0.0072992700729928,,0.0190936702549489,0.003162168495,,,,,,,,,-1.36172907438645,,,-0.252235498911901,0,,,,,0.0526028573513031,0.498309969902039,0.946281440860019,0.990766723997465,0.287142220006821,,0.082167488288346,,,,,,0.312995702028275,,
1935-05-01,9.58,0.443333,0.783333,0.038135,0.033059,0.0365,0.0594,0.0276,-0.0057,0.0042,0.0015,1e-04,0.0462769311064718,0.0477729525862069,0.0817675365344468,0.565957262109473,0.72939262472885,0.0261,0.0229,0.0099,0,,0.0192980472278534,0.002877661686,,,,,,,,,-1.39939577473143,,,-0.256812924998037,-0.0220264317180616,,,,,-0.0230507273226976,0.47767499089241,0.865377306152707,0.947179179864738,0.290264186583414,,0.0794389770025304,,,,,,0.292895555496216,,
1935-06-01,10.23,0.44,0.81,0.070533,0.067124,0.0361,0.0577,0.027,0.0092,0.0112,0.0015,1e-04,0.043010752688172,0.0459290187891441,0.0791788856304985,0.54320987654321,0.681818181818182,0.0255,0.0216,0.002,-0.00724637681159435,,0.0193439989614933,0.002810457541,,,,,,,,,-1.33316217404857,,,-0.247526396114619,-0.0225225225225226,,,,,0.0705109834671021,0.535557746887207,0.51624837883662,0.986004665111629,0.310517616811397,,0.0892282405782491,,,,,,0.289808928966522,,
1935-07-01,11.08,0.44,0.793333,0.083814,0.082471,0.0356,0.0567,0.0268,0.0046,0.0111,0.0015,1e-04,0.0397111913357401,0.043010752688172,0.0716004512635379,0.554622081773984,0.639309197496633,0.0253,0.0211,0.0065,0,,0.0174097648744198,0.001680048419,,,,,,,,,-1.33320347694338,,,-0.252096003336811,-0.0967741935483871,,,,,0.0218751691281796,0.481648206710815,0.373094242449177,0.997392541087231,0.331164572238109,,0.0870972146968705,,,,,,0.268295675516129,,
1935-08-01,11.32,0.44,0.776667,0.026569,0.022105,0.036,0.0558,0.0281,-0.0133,-0.0042,0.0016,1e-04,0.03886925795053,0.0397111913357401,0.0686101590106007,0.566523362007141,0.633686690223793,0.0265,0.0198,0.0091,0,,0.00498161195198795,0.003774985898,,,,,,,,,-1.47973618636292,,,-0.220625081235915,-0.0204081632653061,,,,,0.010578983463347,0.457246780395508,0.388818596915367,0.987285836111326,0.334102893721961,,0.0979322573111319,,,,,,0.256889402866364,,
1935-09-01,11.59,0.44,0.76,0.025526,0.022175,0.0359,0.0553,0.0282,9e-04,0,0.002,1e-04,0.0379637618636756,0.03886925795053,0.0655737704918033,0.578947368421053,0.61173438447544,0.0262,0.0194,-9e-04,0,,0.00802661221854588,0.002428823758,,,,,,,,,-1.46628002800017,,,-0.19897883092879,0.0197916666666667,,,,,-0.00621374743059278,0.484471499919891,0.346310188970671,0.983670121542018,0.346092294776609,,0.0921355585580717,,,,,,0.233911544084549,,
1935-10-01,12.46,0.45,0.76,0.071803,0.070634,0.0352,0.0554,0.0279,0.0061,0.0042,0.002,1e-04,0.036115569823435,0.0388265746333046,0.0609951845906902,0.592105263157895,0.57750107342207,0.0259,0.0202,-0.0019,0,,0.002950724404548,0.00325919332,,,,,,,,,-1.51493892497782,,,-0.173809457980651,0.0214504596527068,,,,,-0.0122443987056613,0.4756740629673,0.388891616048842,0.992612587015201,0.366608075137078,,0.0886899901027095,,,,,,0.267047584056854,,
1935-11-01,12.95,0.46,0.76,0.051943,0.04562,0.0347,0.0543,0.028,0.001,0.0069,0.0016,2e-04,0.0355212355212355,0.0369181380417335,0.0586872586872587,0.605263157894737,0.566952367570606,0.0264,0.0196,0.0059,0.0072992700729928,,0.00221943191136147,0.003149682571,,,,,,,,,-1.65454821506238,,,-0.157664549161205,0.079,,,,,0.0591970160603523,0.48468890786171,0.328674164643739,0.958905955268122,0.373429178581735,,0.100968589987953,,,,,,0.276866018772125,,
1935-12-01,13.43,0.47,0.76,0.039887,0.036744,0.0344,0.053,0.0276,0.007,0.0083,0.0015,1e-04,0.0349962769918094,0.0362934362934363,0.0565897244973939,0.618421052631579,0.559911191285645,0.0261,0.0186,0.0013,0,,0.00868881928390247,0.002897366443,,,,,,,,,-1.63336611099217,,,-0.149991848255744,0.0518999073215942,,,,,0.114060811698437,0.46533191204071,0.470526256039275,0.970964699541902,0.378125245953249,,0.100027099885552,,,,,,0.278523206710815,,
1936-01-01,14.31,0.48,0.77,0.071832,0.070187,0.0337,0.05,0.0285,0.0055,0.0082,0.002,1e-04,0.0335429769392033,0.035740878629933,0.0538085255066387,0.623376623376623,0.539835440497692,0.0265,0.0163,0.0027,0,,0.00890773256289851,0.001867159052,,,,,,,,,-1.69993121441319,,,-0.170863345353024,0.0167400881057267,,,,,0.111059628427029,0.409677982330322,0.364836531051548,1,0.392187213054543,,0.123817928189812,,,,,,0.246631115674973,,
1936-02-01,14.55,0.49,0.78,0.022461,0.018857,0.0332,0.048,0.0281,0.0081,0.0054,0.002,1e-04,0.0336769759450172,0.0342417889587701,0.0536082474226804,0.628205128205128,0.529076247295614,0.0261,0.0148,-0.0027,0,,0.0137604391947263,0.002222593541,,,,,,,,,-1.63470710713494,,,-0.200412305380292,0.048526863084922,,,,,0.0378277972340584,0.40024197101593,0.445581255295066,0.987696691057437,0.400162657082142,,0.102795155961035,,,,,,0.232916742563248,,
1936-03-01,14.92,0.5,0.79,0.024029,0.021457,0.0329,0.0486,0.0275,0.0106,0.0082,0.002,2e-04,0.0335120643431635,0.0343642611683849,0.0529490616621984,0.632911392405063,0.527696047076884,0.0255,0.0157,-0.0024,-0.00724637681159435,,0.0134560337412251,0.005004479816,,,,,,,,,-1.72055554241439,,,-0.192369112770554,0,,,,,-0.00355421658605337,0.407874584197998,0.340715765438064,0.984818897637795,0.41015819712989,,0.105285969711702,,,,,,0.279891729354858,,
1936-04-01,13.77,0.516667,0.82,-0.077588,-0.078356,0.0329,0.0491,0.0274,0.0035,0.0026,0.002,2e-04,0.0375212055192447,0.0346291554959786,0.0595497458242556,0.630081707317073,0.566348596141965,0.0254,0.0162,-9e-04,0,,0.0192528809164799,0.005760772103,,,,,,,,,-1.70498544070923,,,-0.136280733719442,0,,,,,-0.0914008244872093,0.452989548444748,0.344364362613485,0.89925304031113,0.382165437993546,,0.0829529417319975,,,,,,0.359548270702362,,
1936-05-01,14.4,0.533333,0.85,0.053106,0.046971,0.0327,0.0494,0.0273,0.004,0.004,0.002,2e-04,0.0370370138888889,0.0387315177923021,0.0590277777777778,0.627450588235294,0.540487421383648,0.0253,0.0167,0,0,,0.018627589187688,0.002907937903,,,,,,,,,-1.56600256361119,,,-0.12138419867557,0,,,,,0.00503071863204241,0.465335547924042,0.365020551474503,0.942280387678252,0.400451242227877,,0.0752722829729169,,,,,,0.388342767953873,,
1936-06-01,14.84,0.55,0.88,0.032542,0.029509,0.0324,0.049,0.0273,0.0021,0.0082,0.002,3e-04,0.0370619946091644,0.0381944444444444,0.0592991913746631,0.625,0.523178387976409,0.0253,0.0166,0.0061,0.0072992700729928,,0.0208134317882364,0.001568495082,,,,,,,,,-1.49071137211154,,,-0.106867997101497,0,,,,,0.0282082557678223,0.444360643625259,1.07799635726906,0.973455151552565,0.413699923918462,,0.0655536201584553,,,,,,0.361517399549484,,
1936-07-01,15.85,0.57,0.9,0.073442,0.072356,0.0323,0.0484,0.0271,0.006,0.0011,0.0015,1e-04,0.0359621451104101,0.0384097035040431,0.056782334384858,0.633333333333333,0.500424602693194,0.0256,0.0161,-0.0049,0.00724637681159424,,0.0217470022179679,0.001568553047,,,,,,,,,-1.54630073650217,,,-0.0927037484545568,0.0123966942148761,,,,,0.0419793203473091,0.435146242380142,1.00213074940283,0.987126519370098,0.432510428417766,,0.0622568880754436,,,,,,0.256740421056747,,
1936-08-01,15.99,0.59,0.92,0.014124,0.00893,0.0321,0.0474,0.0264,0.0111,0.0067,0.002,2e-04,0.0368980612883052,0.0372239747634069,0.0575359599749844,0.641304347826087,0.496121233988815,0.0244,0.0153,-0.0044,0.0071942446043165,,0.019666037703287,0.002619507436,,,,,,,,,-1.5527587315326,,,-0.0825176908344472,0,,,,,-0.00805383268743753,0.456974864006042,1.00545877679769,0.983673469387755,0.436262035312328,,0.0565321075037596,,,,,,0.235213994979858,,
1936-09-01,16.01,0.61,0.94,0.004817,0.001617,0.0318,0.0462,0.0268,-0.0031,0.0067,0.0016,1e-04,0.0381011867582761,0.0381488430268918,0.0587133041848844,0.648936170212766,0.491598140865213,0.0252,0.0144,0.0098,0,,0.0213984840028792,0.001183758701,,,,,,,,,-1.52365079499714,,,-0.0689404863920178,0,,,,,0.00924267526715994,0.406882613897324,0.989819422097095,0.989796520200531,0.440275992339376,,0.0524860417108588,,,,,,0.242092475295067,,
1936-10-01,17.21,0.646667,0.966667,0.076281,0.075272,0.0318,0.0454,0.0269,6e-04,0.0025,0.0013,2e-04,0.0375750726321906,0.0403914428482199,0.0561689134224288,0.668965631391161,0.465707027942422,0.0256,0.0136,0.0019,0,,0.0218042319801634,0.002224405148,,,,,,,,,-1.61820728874452,,,-0.0592177002991296,0,,,,,0.0233784075826406,0.439889043569565,0.994611392013243,0.998478187352046,0.464753259700396,,0.0508768896652158,,,,,,0.278709471225739,,
1936-11-01,17.28,0.683333,0.993333,0.010666,-0.000321,0.0315,0.0452,0.0257,0.0205,0.0109,0.0011,1e-04,0.0395447337962963,0.0397055781522371,0.0574845486111111,0.687919358362201,0.450278353891497,0.0246,0.0137,-0.0096,0,,0.0228407587758827,0.002830400364,,,,,,,,,-1.82310021504621,,,-0.0358510025657415,0,,,,,0.0339768268167973,0.420036971569061,0.926899612916316,0.99091400757166,0.480677912742346,,0.070711199153629,,,,,,0.286788582801819,,
1936-12-01,17.18,0.72,1.02,-0.00383,-0.007289,0.031,0.0453,0.0255,0.0038,0.001,0.0012,0,0.0419091967403958,0.0416666666666667,0.0593713620488941,0.705882352941176,0.458588104502501,0.0243,0.0143,-0.0028,0,,0.025224731938199,0.001498374538,,,,,,,,,-1.72812846560366,,,-0.00988843347515811,0.00979591836734706,,,,,0.0785307586193085,0.402229338884354,0.983790853271008,0.972958355868037,0.471967888343784,,0.0760581392018933,,,,,,0.289063453674316,,
1937-01-01,17.83,0.73,1.05,0.036648,0.035916,0.031,0.0449,0.0258,-0.0013,0.0024,0.0017,1e-04,0.0409422321929333,0.0424912689173458,0.0588895120583287,0.695238095238095,0.44657356284508,0.0241,0.0139,0.0037,0.00714285714285712,,0.0250032461011963,0.001572549219,,,,,,,,,-1.74616815727572,,,-0.017735556203418,0.0388035569927241,,,,,0.0718741416931152,0.387611031532288,0.961671941449146,0.988443017656501,0.484665634756146,,0.0788065101725442,,,,,,0.259813338518143,,
1937-02-01,18.09,0.74,1.08,0.018483,0.01535,0.0322,0.0453,0.0253,0.0086,-0.0046,0.0015,2e-04,0.0409065782200111,0.0415030846887269,0.0597014925373134,0.685185185185185,0.440775765347011,0.0238,0.0131,-0.0132,0,,0.0252076761107349,0.001306788896,,,,,,,,,-1.69294938930077,,,-0.00894284084696517,0,,,,,0.0419615060091019,0.388367265462875,0.900032441237899,0.983603972883494,0.491040742975575,,0.0780310373872413,,,,,,0.210991039872169,,
1937-03-01,17.92,0.75,1.11,-0.003511,-0.006242,0.0332,0.0468,0.0285,-0.0411,-0.0114,0.0038,1e-04,0.0418526785714286,0.0414593698175788,0.0619419642857143,0.675675675675676,0.458666380558983,0.0247,0.0136,0.0297,0.00709219858156018,,0.0335068314016275,0.003114479505,,,,,,,,,-1.70237956591793,,,0.00940622095929111,0.038910505836576,,,,,0.0394517108798027,0.375507354736328,0.866020083348365,0.958899176954732,0.489046881968675,,0.0831106078768647,,,,,,0.221638426184654,,
1937-04-01,16.43,0.78,1.13,-0.080646,-0.08149,0.0342,0.0484,0.0284,0.0039,0.0068,0.0056,3e-04,0.0474741326841144,0.0435267857142857,0.068776628119294,0.690265486725664,0.490618006541573,0.0228,0.0142,0.0029,0.00704225352112675,,0.0281072648657306,0.005466779409,,,,,,,,,-1.76228526066467,,,0.00491871180851033,0,,,,,0.015049478970468,0.378266572952271,0.849069590345103,0.896450617283951,0.457197575884776,,0.076413224429767,,,,,,0.337259590625763,,
1937-05-01,16.26,0.81,1.15,-0.005699,-0.011686,0.0333,0.0484,0.0282,0.0053,0.004,0.0041,6e-04,0.0498154981549815,0.0493000608642727,0.0707257072570726,0.704347826086957,0.489382405128499,0.0241,0.0151,-0.0013,0.00699300699300687,,0.0282780658863372,0.003593072312,,,0.0033983845,,,,,,-1.63423587510829,,,0.00366439369041682,0,,,,,0.00537898391485214,0.458751648664474,0.862763192016127,0.898713991769547,0.458351916467718,,0.056169007770976,,,,,,0.374092757701874,,
1937-06-01,15.4,0.84,1.17,-0.053803,-0.057853,0.0328,0.0493,0.0285,-0.0018,0.0053,0.0036,3e-04,0.0545454545454545,0.051660516605166,0.075974025974026,0.717948717948718,0.504961020552799,0.0249,0.0165,0.0071,0,,0.0312661782048285,0.002984170561,,,0.0042059432,,,,,,-1.55748230794696,,,-0.0137712742800464,0.0449438202247192,,,,,0.0659331157803535,0.442457616329193,0.75531384723019,0.870987654320988,0.444211244326678,,0.0478168197219521,,,,,,0.402059495449066,,
1937-07-01,16.98,0.816667,1.18667,0.098991,0.098012,0.0325,0.0491,0.0277,0.0138,0.0039,0.0028,3e-04,0.0480958186101296,0.0530303246753247,0.0698863368669022,0.688200594942149,0.464648660398891,0.0249,0.0166,-0.0099,0.00694444444444442,,0.0272249151164809,0.00298221714,,,0.0036298634,,,,,,-1.57097288972674,,,-0.0117480842701299,0.010752688172043,,,,,0.118637636303902,0.455761045217514,0.745524419805725,0.946553497942387,0.482750478788992,,0.045427081266503,,,,,,0.345204859972,,
1937-08-01,16.04,0.793333,1.20333,-0.051183,-0.056291,0.0324,0.0492,0.0286,-0.0104,-0.0017,0.0029,2e-04,0.0494596633416459,0.0467216136631331,0.0750205735660848,0.659281327649107,0.481934502001015,0.0257,0.0168,0.0087,0,,0.0310644108829988,0.002140794397,,,0.0033254414,,,,,,-1.5169342044167,,,-0.0227189265578045,0,,,,,0.0111272092908621,0.436509191989899,0.775201411338648,0.912602880658436,0.465435370044862,,0.0415339443041422,,,,,,0.319244861602783,,
1937-09-01,13.76,0.77,1.22,-0.13961,-0.143682,0.0328,0.0516,0.0284,0.0045,0.0025,0.0031,4e-04,0.0559593023255814,0.0480049875311721,0.0886627906976744,0.631147540983607,0.553147441288736,0.0253,0.0188,-0.002,0.00689655172413794,,0.0358467204681214,0.015821146422,,,0.0033385337,,,,,,-1.81616876731234,,,-0.0602932924599515,-0.078014184397163,,,,,0.00063985917950049,0.405371934175491,0.82401139669101,0.79511316872428,0.405514599784873,,0.0412314893315648,,,,,,0.461577415466309,,
1937-10-01,12.36,0.78,1.19,-0.102722,-0.103703,0.0327,0.0552,0.0283,0.0042,0.0067,0.002,2e-04,0.0631067961165049,0.0566860465116279,0.0962783171521036,0.65546218487395,0.617417677642981,0.0263,0.0225,0.0025,0,,0.0409585746826611,0.03172224073,,,0.0036049556,,,,,,-1.84483011592532,,,-0.141717385842932,-0.071923076923077,,,,,0.0955532491207123,0.391721725463867,0.869541075255302,0.712345679012346,0.363302463467744,,0.0420677239575045,,,,,,0.544794261455536,,
1937-11-01,11.11,0.79,1.16,-0.084289,-0.100254,0.0324,0.0582,0.0278,0.0096,0.0067,9e-04,2e-04,0.0711071107110711,0.063915857605178,0.104410441044104,0.681034482758621,0.692419825072886,0.0269,0.0258,-0.0029,-0.00684931506849318,,0.042030795460537,0.021973391516,,,0.0027108586,,,,,,-1.75830519821941,,,-0.249527939465951,-0.0261085785329465,,,,,0.0614850558340549,0.373905420303345,0.907622453659925,0.635185185185185,0.323949943594722,,0.0482467364523518,,,,,,0.559764564037323,,
1937-12-01,10.55,0.8,1.13,-0.045828,-0.053019,0.0321,0.0573,0.0273,0.0082,0.0067,0.0011,0,0.0758293838862559,0.072007200720072,0.107109004739336,0.707964601769912,0.707488622258999,0.0262,0.0252,-0.0015,-0.00689655172413794,,0.031775380402557,0.006954962505,,,0.0028331217,,,,,,-1.5413807137427,,,-0.346877389981465,-0.0638297872340425,,,,,0.0178678724914789,0.45174977183342,0.915140444057992,0.621656378600823,0.317050135110318,,0.0541395889244174,,,,,,0.540018498897552,,
1938-01-01,10.69,0.793333,1.07667,0.012163,0.011096,0.0317,0.0589,0.0271,0.0057,0.0038,0.001,0,0.0742126286248831,0.0751974407582938,0.100717492984097,0.736839514428748,0.70156724378436,0.0261,0.0272,-0.0019,-0.013888888888889,,0.0388017205638516,0.009751241304,,,0.0027731382,,,,,,-1.57384503532351,,,-0.373695766282737,0,,,,,0.0775689259171486,0.442444413900375,0.932651109617162,0.62690329218107,0.319726106461684,,0.0577966201585089,,,,,,0.483591318130493,,
1938-02-01,11.34,0.786667,1.02333,0.065757,0.061131,0.032,0.0597,0.0268,0.0052,0.001,8e-04,0,0.069370987654321,0.073589055191768,0.0902407407407407,0.768732471441275,0.659518667078062,0.026,0.0277,-0.0042,-0.00704225352112675,,0.0322477877000219,0.007772490742,,,0.002129031,,,,,,-1.46512565658535,,,-0.387242749126789,0,,,,,-0.0472142733633518,0.451724737882614,0.931697089653435,0.666872427983539,0.340110711755909,,0.0561708816822255,,,,,,0.43240287899971,,
1938-03-01,8.5,0.78,0.97,-0.254106,-0.257951,0.0322,0.063,0.0273,-0.0037,-0.0087,8e-04,-1e-04,0.0917647058823529,0.0687830687830688,0.114117647058824,0.804123711340206,0.892369883779687,0.0265,0.0308,-0.005,0,,0.0338452519316905,0.015067942033,,,0.0029648264,,,,,,-1.48341533041668,,,-0.391687254525878,-0.0545454545454546,,,,,-0.0680656433105469,0.462182611227036,1.05494954866201,0.522604837857822,0.259595456095705,,0.0559759947812046,,,,,,0.489204615354538,,
1938-04-01,9.7,0.766667,0.903333,0.142667,0.140966,0.033,0.0647,0.0259,0.021,0.0138,9e-04,1e-04,0.0790378350515464,0.0901961176470588,0.0931271134020619,0.848709169265376,0.790793480207774,0.025,0.0317,-0.0072,0.00709219858156018,,0.0271608584792689,0.018892724741,,,0.0041609632,,,,,,-1.56671582969865,,,-0.414559895870465,-0.0144230769230771,,,,,0.0789725407958031,0.42138797044754,1.09136959008772,0.589732755888877,0.29294015793478,,0.059177032812686,,,,,,0.532762825489044,,
1938-05-01,9.27,0.753333,0.836667,-0.039973,-0.046036,0.0322,0.0606,0.0257,0.0044,0.001,5e-04,0,0.0812656957928803,0.0776631958762887,0.0902553398058253,0.900397649243964,0.819565620939298,0.0252,0.0284,-0.0034,-0.00704225352112675,,0.0299773141915909,0.007651433959,,,0.0052741344,,,,,,-1.31956502045853,,,-0.442520499667125,0,,,,,0.0978080257773399,0.450561672449112,1.07049807226611,0.569029259533115,0.282656032741297,,0.0591956133541786,,,,,,0.507466793060303,,
1938-06-01,11.56,0.74,0.77,0.253519,0.249304,0.0326,0.0625,0.0259,4e-04,0.0095,5e-04,0,0.0640138408304498,0.0798274002157497,0.0666089965397924,0.961038961038961,0.65954586196594,0.0254,0.0299,0.0091,0,,0.0167445518131786,0.01180930876,,,0.0060859031,,,,,,-1.38901267109365,,,-0.43748420906352,-0.0912195121951219,,,,,0.104417525231838,0.45537132024765,0.455248237162812,0.707087778599345,0.35123435737335,,0.0644558787541994,,,,,,0.491371423006058,,
1938-07-01,12.4,0.713333,0.72,0.074738,0.073872,0.0322,0.0563,0.0257,0.0043,0.0066,7e-04,-1e-04,0.0575268548387097,0.0617070069204152,0.0580645161290323,0.990740277777778,0.625354107648725,0.025,0.0241,0.0023,0,,0.0170555177994527,0.006829875558,,,0.0056852727,,,,,,-1.62761959255772,,,-0.386841412794949,-0.0338164251207729,,,,,0.00743112480267882,0.465057700872421,0.346352377104909,0.745748389141227,0.370438387071385,,0.0671825578293687,,,,,,0.440347790718079,,
1938-08-01,12.06,0.686667,0.67,-0.025901,-0.029465,0.0318,0.0549,0.0259,0,-0.0019,6e-04,0,0.0569375621890547,0.0553763709677419,0.0555555555555556,1.02487611940298,0.634020248438285,0.0253,0.0231,-0.0019,0,,0.0143082842750744,0.005981568384,,,0.0053420437,,,,,,-1.49549876383923,,,-0.339085675815088,0,,,,,-0.0152709763497114,0.497352510690689,0.390302569547365,0.804656806101225,0.36537502951439,,0.0687632337263294,,,,,,0.461740225553513,,
1938-09-01,12.24,0.66,0.62,0.016932,0.013867,0.0321,0.0565,0.0259,0.0022,0.0109,8e-04,2e-04,0.053921568627451,0.054726368159204,0.0506535947712418,1.06451612903226,0.624248851184164,0.0251,0.0244,0.0087,0,,0.0118961704003769,0.017046706359,,,0.0061280147,,,,,,-1.6769952256996,,,-0.314275985443361,-0.0666666666666668,,,,,0.071999691426754,0.433660179376602,0.428077435216728,0.919163038534018,0.371094262402602,,0.0539765633262584,,,,,,0.512149631977081,,
1938-10-01,13.17,0.61,0.626667,0.07896,0.0782,0.0315,0.0536,0.0254,0.0087,0.008,5e-04,1e-04,0.0463173880030372,0.0498366013071895,0.0475829157175399,0.973403737551203,0.581954788110459,0.0249,0.0221,-0.000699999999999999,-0.00709219858156029,,0.00793257793291021,0.004404430382,,,0.0056028459,,,,,,-1.58000122199616,,,-0.294296516140372,0,,,,,0.0689220800995827,0.468970626592636,0.614250770558004,0.984173315171564,0.398063856022247,,0.0571540330138927,,,,,,0.495350688695908,,
1938-11-01,12.73,0.56,0.633333,-0.026207,-0.032784,0.031,0.0523,0.0257,-0.0022,0.0037,4e-04,-6e-04,0.0439905734485467,0.0425208807896735,0.0497512175962294,0.884210991689996,0.589373915365105,0.0253,0.0213,0.0059,0,,0.0085352867179961,0.004644167815,,,0.0051181861,,,,,,-1.56126062860326,,,-0.259345637028414,0,,,,,0.0601094588637352,0.486850380897522,0.617702345672095,0.947747975708502,0.393052968491749,,0.0642113753207501,,,,,,0.492697775363922,,
1938-12-01,13.21,0.51,0.64,0.04481,0.041538,0.0308,0.0527,0.0252,0.008,0.0122,3e-04,0,0.0386071158213475,0.0400628436763551,0.048448145344436,0.796875,0.572039388442602,0.0249,0.0219,0.0042,0,,0.00572170958993934,0.002290939544,,,0.0041669638,,,,,,-1.5186206843751,,,-0.252235998023892,0,,,,,0.0830939263105392,0.549014866352081,0.665036810013906,0.976467611336032,0.404963664506651,,0.0718496720034674,,,,,,0.340443432331085,,
1939-01-01,12.3,0.513333,0.663333,-0.070506,-0.071314,0.0301,0.0512,0.0249,0.0059,0.0022,3e-04,-1e-04,0.0417343902439024,0.038859424678274,0.0539295121951219,0.773869233100117,0.614218141346689,0.0246,0.0211,-0.0037,0,,-0.00360138157413622,0.007295496134,,,0.0043106526,,,,,,-1.55702028834761,,,-0.256641409103262,0.0285714285714287,,,,,0.0312030352652073,0.4969742000103,0.681623615833136,0.909412955465587,0.377154550463048,,0.0577346568226449,,,,,,0.415724277496338,,
1939-02-01,12.7,0.516667,0.686667,0.039292,0.034357,0.03,0.0505,0.0245,0.008,0.0064,3e-04,1e-04,0.0406824409448819,0.0420054471544715,0.0540682677165354,0.752427304646939,0.599456890699253,0.0242,0.0205,-0.0016,-0.00714285714285712,,0.000614939778931629,0.003291643903,,,0.0026295286,,,,,,-1.42102029234704,,,-0.253431975883072,0.087962962962963,,,,,0.0209497455507517,0.484169185161591,0.700213912667014,0.931806680161943,0.386441745153081,,0.0469913958866935,,,,,,0.411817461252213,,
1939-03-01,10.98,0.52,0.71,-0.134821,-0.138171,0.0299,0.0489,0.0237,0.0125,0.0022,3e-04,-1e-04,0.0473588342440801,0.0409448818897638,0.0646630236794171,0.732394366197183,0.66064927184466,0.0234,0.019,-0.0103,0,,-0.00126070356346929,0.008538703145,,,0.002714895,,,,,,-1.50724113431191,,,-0.254052720291745,0.0638297872340425,,,,,-0.159019127488136,0.48098549246788,0.731764297159882,0.834008097165992,0.345882414670619,,0.0484816548660571,,,,,,0.492236018180847,,
1939-04-01,10.92,0.523333,0.726667,-0.006611,-0.007842,0.0302,0.0515,0.0229,0.0118,0.0064,3e-04,0,0.0479242673992674,0.0476623861566485,0.0665445970695971,0.7201826971639,0.678454587942047,0.0226,0.0213,-0.0054,-0.0071942446043165,,-0.00188321553958247,0.009203292291,,,0.0041232361,,,,,,-1.49236310364212,,,-0.262223250881952,0,,,,,-0.0230558719485998,0.465528219938278,0.72319796465193,0.812120445344129,0.336805100086575,,0.0458324827614491,,,,,,0.49055689573288,,
1939-05-01,11.6,0.526667,0.743333,0.069557,0.06346,0.0297,0.0507,0.0217,0.0171,0.0049,3e-04,1e-04,0.0454023275862069,0.0482295787545788,0.0640804310344828,0.708520945525088,0.63033724127949,0.0214,0.021,-0.0122,0,,-0.00235432279988142,0.003559091493,,,0.0036146113,,,,,,-1.32613471997893,,,-0.270418311120778,0,,,,,0.0180317908525467,0.511021196842194,0.746633372484216,0.874114372469636,0.362515413070284,,0.0463664470172263,,,,,,0.48868191242218,,
1939-06-01,10.86,0.53,0.76,-0.06181,-0.065748,0.0292,0.0491,0.0221,-0.0027,0.0035,3e-04,1e-04,0.0488029465930018,0.0456896551724138,0.0699815837937385,0.697368421052632,0.666768736124933,0.0218,0.0199,0.0062,0,,-8.63661926353867e-05,0.003202342791,,,0.004162359,,,,,,-1.28816277283046,,,-0.252241893325739,0,,,,,-0.114011980593204,0.524496853351593,0.479101815193622,0.826353744939271,0.342707978067529,,0.0391824971010994,,,,,,0.430384933948517,,
1939-07-01,12.04,0.54,0.776667,0.11131,0.110355,0.0289,0.0484,0.0213,0.0113,-7e-04,4e-04,0,0.0448504983388704,0.0497237569060774,0.0645072259136213,0.695278671554218,0.607985480943739,0.0209,0.0195,-0.012,0,,-0.00156217097850317,0.004304609179,,,0.0036497651,,,,,,-1.3686171029692,,,-0.227320412552561,0,,,,,0.0818479880690575,0.531183242797852,0.460866093469487,0.90625,0.375842799800614,,0.048799956109,,,,,,0.377447754144669,,
1939-08-01,11.18,0.55,0.793333,-0.067551,-0.073025,0.0293,0.0485,0.0231,-0.0201,-0.0392,5e-04,-1e-04,0.0491949910554562,0.0456810631229236,0.0709600178890877,0.69327760221748,0.648017260620489,0.0226,0.0192,-0.0191,0,,-0.00300653720916326,0.00713724313,,,0.0076878347,,,,,,-1.45578176065387,,,-0.217362582660666,0,,,,,0.0130780143663287,0.507584273815155,0.506725523798447,0.850265688259109,0.352624813075531,,0.0492124453317011,,,,,,0.43523696064949,,
1939-09-01,13.02,0.56,0.81,0.181167,0.177572,0.0325,0.05,0.0278,-0.0545,0.0151,0.0014,1e-04,0.043010752688172,0.0500894454382827,0.0622119815668203,0.691358024691358,0.580047948854555,0.0264,0.0175,0.0696,0.0217391304347825,,-0.00210954131501997,0.015683907085,,,0.0070891874,,,,,,-1.75886274007279,,,-0.162993643626211,0,,,,,0.210740730166435,0.436295032501221,0.429720873271874,0.949898785425101,0.393944958942204,,0.125668272192055,,,,,,0.418836742639542,,
1939-10-01,12.83,0.58,0.84,-0.016887,-0.01764,0.0315,0.0488,0.0247,0.041,0.0237,5e-04,0,0.0452065471551052,0.0445468509984639,0.0654715510522214,0.69047619047619,0.573479062417698,0.0242,0.0173,-0.0173,-0.00709219858156029,,-0.00185278614607037,0.001846744811,,,0.0065611953,,,,,,-1.4654103919175,,,-0.118255678741594,0.1,,,,,0.0938547775149345,0.469393730163574,0.457629966915349,0.960779352226721,0.398457381220978,,0.123170031315312,,,,,,0.400568455457687,,
1939-11-01,12.2,0.6,0.87,-0.040532,-0.051142,0.03,0.0485,0.0236,0.0162,0.0079,5e-04,0,0.0491803278688525,0.0467653936087295,0.0713114754098361,0.689655172413793,0.59784473882902,0.0231,0.0185,-0.0083,0,,-0.0016991503611816,0.001284237624,,,0.006625116,,,,,,-1.43713244713804,,,-0.0973863545554696,0.0909090909090908,,,,,-0.0294974911957979,0.517209231853485,0.455083713833258,0.934389430477168,0.382217908020044,,0.12739749060158,,,,,,0.337249666452408,,
1939-12-01,12.49,0.62,0.9,0.028177,0.023143,0.0294,0.0492,0.0226,0.0145,0.0078,4e-04,0,0.0496397117694155,0.0508196721311475,0.0720576461168935,0.688888888888889,0.58070538035869,0.0222,0.0198,-0.0067,0,,0.0025507915192535,0.001073002127,,,0.0060740339,,,,,,-1.36670336431666,,,-0.101748761883148,0.0416666666666667,,,,,0.0871271416544914,0.542800009250641,0.354930541268916,0.961967675731144,0.393498963716977,,0.054855639702415,,,,,,0.250358372926712,,
1940-01-01,12.05,0.623333,0.93,-0.035927,-0.0368,0.0288,0.0486,0.0229,-0.0017,0.0049,1e-04,0,0.0517288796680498,0.0499065652522018,0.0771784232365145,0.670250537634409,0.59932567260717,0.0228,0.0198,0.0066,-0.00714285714285712,,0.0077727262472439,0.001478045612,,,0.0056097591,,,,,,-1.34446984731205,,,-0.118645477667211,0.1,,,,,0.0293481629341841,0.552019417285919,0.377036626135535,0.932080554130323,0.381273447543091,,0.0502043007025697,,,,,,0.24808157980442,,
1940-02-01,12.13,0.626667,0.96,0.013139,0.006917,0.0286,0.0483,0.0228,0.0027,0.0021,2e-04,0,0.051662572135202,0.0520055601659751,0.0791426215993405,0.652778125,0.59437696192166,0.0226,0.0197,-6e-04,0.0071942446043165,,0.00484025668875939,0.000489505836,,,0.0054170362,,,,,,-1.30516546565601,,,-0.155057183377636,0,,,,,0.0256003011018038,0.537191689014435,0.320499255680525,0.939840944073884,0.384447884146181,,0.0491042239028951,,,,,,0.22707337141037,,
1940-03-01,12.25,0.63,0.99,0.013561,0.010518,0.0284,0.048,0.0215,0.0177,0.0049,2e-04,0,0.0514285714285714,0.0519373454245672,0.0808163265306122,0.636363636363636,0.647959875288057,0.0213,0.0196,-0.0128,0,,0.00567871292889436,0.000709111766,,,0.0050460313,,,,,,-1.34084558667265,,,-0.182461804805112,0,,,,,0.006601566914469,0.524540722370148,0.282906938996678,0.946254489481786,0.38707138547105,,0.0447382975851736,,,,,,0.2198745906353,,
1940-04-01,12.19,0.636667,1.00667,-0.004478,-0.006231,0.0282,0.0474,0.022,-0.0035,-0.0092,2e-04,0,0.0522286300246103,0.0519728163265306,0.0825816242821985,0.632448568051099,0.644074647982214,0.0218,0.0192,-0.0057,0,,0.00584868249660476,0.001192276996,,,0.0028240977,,,,,,-1.42088808400825,,,-0.167013956979796,0,,,,,0.0259274933487177,0.49464625120163,0.242922968868543,0.951962544894818,0.389406301650182,,0.0549201994577449,,,,,,0.175775527954102,,
1940-05-01,9.27,0.643333,1.02333,-0.23148,-0.239765,0.0293,0.0494,0.0246,-0.0299,-0.0021,6e-04,-2e-04,0.0693994606256742,0.0527754716981132,0.110391585760518,0.628666217153802,0.822577869557735,0.024,0.0201,0.0278,0,,0.0066101920482884,0.018668567642,,,0.0031368279,,,,,,-1.64789907617374,,,-0.142363038810863,-0.0225454545454545,,,,,-0.183037385344505,0.440435439348221,0.344671103861487,0.745382247306311,0.304903323976179,,0.0582954032598507,,,,,,0.521610856056213,,
1940-06-01,9.98,0.65,1.04,0.083035,0.078208,0.0296,0.0511,0.0227,0.0258,0.0121,0.001,0,0.0651302605210421,0.0701186623516721,0.104208416833667,0.625,0.783221366541045,0.0217,0.0215,-0.0137,0.00714285714285712,,0.00636980344312567,0.009797017356,,,0.0035129471,,,,,,-1.46318570377474,,,-0.115458152094727,-0.116443452380952,,,,,0.114907540380955,0.45121169090271,0.784013484155284,0.782837352488456,0.320224571713409,,0.0604461838884404,,,,,,0.526362776756287,,
1940-07-01,10.29,0.656667,1.05333,0.03309,0.031914,0.0288,0.048,0.0224,0.0052,0.0021,5e-04,1e-04,0.0638160349854228,0.0657982965931864,0.10236443148688,0.623420010822819,0.757888060884731,0.0219,0.0192,-0.0031,-0.00709219858156029,,0.00810916842008874,0.001323675414,,,0.003341704,,,,,,-1.16277573137245,,,-0.107550413882924,-0.11578947368421,,,,,0.155501395463943,0.505457937717438,0.795109059446129,0.809004617752694,0.330928457118871,,0.0485359171390641,,,,,,0.521486282348633,,
1940-08-01,10.56,0.663333,1.06667,0.035421,0.026631,0.0285,0.0476,0.0223,0.0028,7e-04,4e-04,-1e-04,0.062815625,0.0644638483965015,0.101010416666667,0.621872744147674,0.74177529484792,0.0219,0.0191,-0.0021,0,,0.00908647949324336,0.003560842811,,,0.0035358124,,,,,,-1.20222908527793,,,-0.105827127692812,-0.0476190476190477,,,,,-0.059016689658165,0.511838495731354,0.779044442829004,0.826577732170344,0.33811685074901,,0.040173965313198,,,,,,0.414173692464828,,
1940-09-01,10.66,0.67,1.08,0.014221,0.010096,0.0282,0.0466,0.0215,0.011,0.0092,5e-04,0,0.0628517823639775,0.0634469696969697,0.101313320825516,0.62037037037037,0.720747889022919,0.021,0.0184,-0.0018,0,,0.00964694572090196,0.002943836934,,,0.0044783699,,,,,,-1.35703673029445,,,-0.0892260001775065,-0.075,,,,,0.0303765088319778,0.493182897567749,0.698297716887477,0.853100077180345,0.347981215730514,,0.0439713906656996,,,,,,0.333339482545853,,
1940-10-01,11.08,0.67,1.07,0.041468,0.04018,0.0279,0.0456,0.0214,0.0031,0.0049,2e-04,0,0.0604693140794224,0.0628517823639775,0.0965703971119134,0.626168224299065,0.710199836564891,0.0212,0.0177,0.0018,0,,0.00941483106108531,0.0014650609,,,0.004567586,,,,,,-1.28579230869983,,,-0.0788688296577247,0,,,,,0.0364414788782597,0.526108205318451,0.821737585197028,0.880955497382199,0.353149513340504,,0.0536415959659673,,,,,,0.344874650239944,,
1940-11-01,10.61,0.67,1.06,-0.029431,-0.042997,0.0275,0.0448,0.0199,0.0205,0.0063,2e-04,0,0.0631479736098021,0.0604693140794224,0.0999057492931197,0.632075471698113,0.735214950396062,0.0197,0.0173,-0.0142,0,,0.0101576623247595,0.005914211049,,,0.0040822286,,,,,,-1.48275595272803,,,-0.0601239125219921,0.0610810810810811,,,,,0.147042095661163,0.521977782249451,0.841977220027347,0.85098167539267,0.341133877272608,,0.057091943102241,,,,,,0.375289380550385,,
1940-12-01,10.58,0.67,1.05,0.002927,-0.00249,0.0271,0.0445,0.0194,0.0067,-0.0023,2e-04,0,0.0633270321361059,0.0631479736098021,0.0992438563327032,0.638095238095238,0.729047510104476,0.0192,0.0174,-0.009,0.00714285714285712,,0.0125892039034128,0.000507842435,,,0.0042619728,,,,,,-1.31885758794772,,,-0.0308260311459012,0.0646968925114619,,,,,0.0304730534553528,0.562196254730225,0.911974256613576,0.858180628272251,0.344019728729963,,0.0515979823782855,,,,,,0.31907844543457,,
1941-01-01,10.07,0.673333,1.05333,-0.045555,-0.046847,0.0275,0.0438,0.0213,-0.0201,6e-04,2e-04,-1e-04,0.0668652432969215,0.0636420604914934,0.104600794438928,0.639242212791812,0.770160315797954,0.0211,0.0163,0.0207,0,,0.0108534037437394,0.001855112282,,,0.0036273185,,,,,,-1.32159291213762,,,-0.0106513810916975,0.0468899521531101,,,,,-0.0677244439721107,0.575677156448364,0.849972000686329,0.820477229162536,0.325655219455886,,0.0430458803364641,,,,,,0.327198415994644,,
1941-02-01,9.92,0.676667,1.05667,-0.004729,-0.01257,0.0278,0.0442,0.0213,0.002,6e-04,4e-04,-1e-04,0.0682123991935484,0.0671963257199603,0.106519153225806,0.640376844237084,0.783799294908584,0.0209,0.0164,-0.0014,0,,0.0107702420103124,0.002751813971,,,0.0020135897,,,,,,-1.30156567796464,,,0.0141819221436217,0.0511882998171844,,,,,-0.0300990380346775,0.482907325029373,0.820805544503974,0.806200013219644,0.319988456594171,,0.0416731611331826,,,,,,0.279809564352036,,
1941-03-01,9.96,0.68,1.06,0.008872,0.004173,0.028,0.0438,0.0206,0.0096,-0.0022,0.0011,1e-04,0.0682730923694779,0.0685483870967742,0.106425702811245,0.641509433962264,0.804269882659713,0.0195,0.0158,-0.0118,0.00709219858156018,,0.0100605888585396,0.001364626355,,,0.0018550226,,,,,,-1.20682218893789,,,0.040735608947466,0,,,,,0.0671081691980362,0.56169468164444,0.84784495239267,0.811157379866482,0.321956082587822,,0.0394427446431256,,,,,,0.301751732826233,,
1941-04-01,9.31,0.683333,1.07,-0.062152,-0.063463,0.0282,0.0433,0.0196,0.0129,0.0078,0.001,-1e-04,0.0733977443609023,0.0686077309236948,0.114930182599356,0.638628971962617,0.854249610524494,0.0186,0.0151,-0.0051,0.00704225352112675,,0.0104815274877978,0.001767100741,,,0.0015840247,,,,,,-1.25713033827094,,,0.0389616110459419,0.00869565217391299,,,,,-0.0324724651873112,0.541383564472198,0.8221197238977,0.779779982452588,0.303119343075268,,0.040064287858612,,,,,,0.299312859773636,,
1941-05-01,9.35,0.686667,1.08,0.013184,0.00214,0.0281,0.0432,0.0195,0.0027,0.0049,0.0011,0,0.073440320855615,0.0737558539205156,0.115508021390374,0.635802777777778,0.849178353265078,0.0184,0.0151,0.0022,0.00699300699300687,,0.00992360976563472,0.00157446194,,,0.0023032693,,,,,,-1.17569531513821,,,0.0791178343699257,0.0508620689655175,,,,,0.0354262702167034,0.522780895233154,0.742553973729284,0.843774954627949,0.304929558989427,,0.0410081691138338,,,,,,0.228499487042427,,
1941-06-01,9.85,0.69,1.09,0.058851,0.052486,0.0277,0.0431,0.0191,0.0066,0.0063,0.0012,0,0.0700507614213198,0.0737967914438503,0.110659898477157,0.63302752293578,0.801526717557252,0.0179,0.0154,-3e-04,0.0208333333333333,,0.00896750033901342,0.001180909057,,,0.0022238989,,,,,,-1.2130836236624,,,0.0820475936048002,0.0664479081214109,,,,,0.0531344078481197,0.525806963443756,0.56118965979672,0.893938294010889,0.323057953144266,,0.0440499022765848,,,,,,0.237939640879631,,
1941-07-01,10.39,0.693333,1.12333,0.057106,0.055619,0.0274,0.0428,0.0191,0.0022,0.0063,0.0012,3e-04,0.0667307988450433,0.0703891370558376,0.10811645813282,0.617212217246935,0.766363848124854,0.0179,0.0154,0.0041,0,,0.00902985721474104,0.001212973895,,,0.002343917,,,,,,-1.32338025203952,,,0.0896752233654379,-0.0384615384615385,,,,,0.0254033263772726,0.548437476158142,0.520566636045084,0.934954627949183,0.337880735629771,,0.062114563438081,,,,,,0.197561353445053,,
1941-08-01,10.3,0.696667,1.15667,-0.001113,-0.009736,0.0274,0.0427,0.019,0.0018,0.0034,0.0013,1e-04,0.067637572815534,0.0670516843118383,0.112298058252427,0.602304027942283,0.774542886290512,0.0177,0.0153,0.0016,0.0136054421768708,,0.0107250199185447,0.00051317976,,,0.0020067334,,,,,,-1.21609833288266,,,0.0971751447175944,0,,,,,0.0105297295376658,0.541454493999481,0.538207250839194,0.92508166969147,0.334312773827951,,0.0615772772559937,,,,,,0.183517560362816,,
1941-09-01,10.2,0.7,1.19,-0.007351,-0.011499,0.0275,0.043,0.0193,-0.0012,0.0048,0.001,1e-04,0.0686274509803922,0.0679611650485437,0.116666666666667,0.588235294117647,0.77826841192241,0.0183,0.0155,0.006,0.0134228187919463,,0.0102838551658371,0.00097544165,,,0.0026685511,,,,,,-1.27223344123057,,,0.0928948354613275,0,,,,,0.0123969847336411,0.520782649517059,0.517891413861011,0.92065335753176,0.332712438019781,,0.0600976459199967,,,,,,0.17997208237648,,
1941-10-01,9.5,0.703333,1.18,-0.064602,-0.065955,0.0273,0.0428,0.0182,0.014,0.0034,9e-04,0,0.0740350526315789,0.0689542156862745,0.124210526315789,0.596044915254237,0.837718553726023,0.0173,0.0155,-0.0106,0.0132450331125828,,0.0116872330863757,0.001310096472,,,0.001620696,,,,,,-1.28528873126219,,,0.0979416044629993,0,,,,,-0.0429648943245411,0.519071757793427,0.487874628241227,0.855317604355717,0.309100926095968,,0.0453281325810312,,,,,,0.213677182793617,,
1941-11-01,9.1,0.706667,1.17,-0.024916,-0.042107,0.0272,0.0428,0.0186,-0.0029,-0.0094,0.0028,0,0.0776557142857143,0.074386,0.128571428571429,0.603988888888889,0.860805860805861,0.0158,0.0156,-0.0065,0.00653594771241828,,0.0103646286197216,0.001285898054,,,0.0020676588,,,,,,-1.28393471093646,,,0.0982940159332872,0,,,,,-0.0316541455686092,0.590928852558136,0.486254567150613,0.858297776779699,0.300810661909384,,0.0452647472212924,,,,,,0.235798984766006,,
1941-12-01,8.69,0.71,1.16,-0.038843,-0.046205,0.028,0.0438,0.0204,-0.0177,6e-04,0.0033,1e-04,0.0817031070195627,0.078021978021978,0.133486766398159,0.612068965517241,0.889509733237203,0.0171,0.0158,0.0183,0.00649350649350655,,0.0103428008230748,0.006680813507,,,0.0034469828,,,,,,-1.47600195917231,,,0.110063077129313,0,,,,,0.0421297773718834,0.513643145561218,0.48344643608037,0.830601092896175,0.291103707007372,,0.0508225937707011,,,,,,0.330716639757156,,
1942-01-01,8.81,0.703333,1.12,0.022276,0.020639,0.0283,0.0429,0.0247,0.0069,6e-04,0.0027,2e-04,0.079833484676504,0.0809359033371692,0.127128263337117,0.627975892857143,0.9021113243762,0.022,0.0146,-0.0063,0.0129032258064516,,0.00893517666418973,0.00220495317,,,0.0027011593,,,,,,-1.32285796916229,,,0.126050908692491,0,,,,,0.0545437335968018,0.537665069103241,0.441727925319045,0.841227125941873,0.287037279953826,,0.0820114936034548,,,,,,0.317002326250076,,
1942-02-01,8.59,0.696667,1.08,-0.017647,-0.024642,0.0285,0.0429,0.0247,0.0011,-8e-04,0.0025,1e-04,0.081102095459837,0.0790768444948922,0.125727590221187,0.645062037037037,0.9260649277538,0.0222,0.0144,-0.0019,0.00636942675159236,,0.00935013639326996,0.001260824717,,,0.0028994323,,,,,,-1.23292312697995,,,0.139448948499509,0,,,,,-0.00816960819065571,0.520782113075256,0.385138918947333,0.819467937874827,0.279612771204449,,0.0817046610515759,,,,,,0.323632270097733,,
1942-03-01,8.01,0.69,1.04,-0.064068,-0.069676,0.0286,0.043,0.0244,0.0092,0.0063,0.0025,1e-04,0.0861423220973783,0.080325960419092,0.129837702871411,0.663461538461538,1.03486386014267,0.0219,0.0144,-0.0029,0.0126582278481011,,0.0101204431821034,0.003106113748,,,0.0030109638,,,,,,-1.1993247866481,,,0.146070553096497,0,,,,,0.00197199103422463,0.481101959943771,0.352527911092574,0.765262186683069,0.261117086864129,,0.073191866093734,,,,,,0.272972822189331,,
1942-04-01,7.66,0.68,1.02,-0.037988,-0.040322,0.0283,0.0426,0.0246,-0.0029,6e-04,0.0032,1e-04,0.0887728459530026,0.0848938826466916,0.133159268929504,0.666666666666667,1.08023072889355,0.0214,0.0143,0.0035,0.00625000000000009,,0.0110048223005459,0.002440975159,,,0.0033975063,,,,,,-1.16919330972425,,,0.113280350699185,0,,,,,0.0064796251244843,0.493838101625443,0.357431307958989,0.733123173919729,0.25015085132618,,0.0468839724762704,,,,,,0.293728917837143,,
1942-05-01,8.15,0.67,1,0.070339,0.060119,0.0285,0.0427,0.0243,0.0075,0.002,0.0037,3e-04,0.0822085889570552,0.087467362924282,0.122699386503067,0.67,1.02101506740682,0.0206,0.0142,-0.0055,0.0124223602484472,,0.010525160947352,0.001592389184,,,0.0037664529,,,,,,-1.11984924123829,,,0.111253732810185,0,,,,,0.0241978745907545,0.510246634483337,0.379620272588101,0.775642011379363,0.264658813652701,,0.0517014718211643,,,,,,0.284342050552368,,
1942-06-01,8.3,0.66,0.98,0.023544,0.016976,0.0285,0.0433,0.0244,3e-04,0.0034,0.0037,2e-04,0.0795180722891566,0.0809815950920245,0.118072289156627,0.673469387755102,0.996709889684536,0.0207,0.0148,0.0031,0,,0.0101983194980471,0.001200467562,,,0.0032658448,,,,,,-1.12055881332874,,,0.109226096171118,0,,,,,0.0346166417002678,0.505691289901733,0.812222615613284,0.794556358603721,0.271112626911877,,0.0530792495371351,,,,,,0.251603990793228,,
1942-07-01,8.56,0.646667,0.966667,0.036031,0.034314,0.0283,0.043,0.0244,0.0018,0.002,0.0038,3e-04,0.0755452102803738,0.0779116867469879,0.112928387850467,0.668965631391161,0.974271660991298,0.0206,0.0147,2e-04,0.00613496932515334,,0.00848628832731191,0.002088657828,,,0.0014150598,,,,,,-1.12347972398766,,,0.129082236758477,0,,,,,0.0963810086250305,0.537387371063232,0.8583352689646,0.817506959480359,0.277356560065063,,0.0486936461636441,,,,,,0.221826121211052,,
1942-08-01,8.62,0.633333,0.953333,0.015346,0.007531,0.0281,0.0428,0.0244,0.0038,0.0035,0.0038,3e-04,0.073472505800464,0.0739875,0.110595475638051,0.664335546970471,0.968682403837111,0.0206,0.0147,-3e-04,0.00609756097560976,,0.00715265090628454,0.000627032064,,,0.0017870239,,,,,,-1.07240487107199,,,0.154699076500255,0,,,,,-0.000179649927304126,0.568265974521637,0.821707674324143,0.822223940612434,0.278956895873232,,0.0463392145832812,,,,,,0.225163623690605,,
1942-09-01,8.85,0.62,0.94,0.032449,0.027671,0.028,0.0426,0.0244,3e-04,0.002,0.0038,3e-04,0.0700564971751412,0.0719257540603248,0.106214689265537,0.659574468085106,0.944001466410045,0.0206,0.0146,0.0017,0,,0.00624352017534348,0.000472522029,,,0.0028007712,,,,,,-1.09187122470105,,,0.173311741016306,0,,,,,0.0413157008588314,0.544033229351044,0.847597497997114,0.860149783208514,0.286250229556366,,0.0541151193117836,,,,,,0.204770922660828,,
1942-10-01,9.42,0.61,0.97,0.067867,0.066333,0.028,0.0424,0.0244,0.0024,6e-04,0.0038,3e-04,0.064755838641189,0.0689265536723164,0.102972399150743,0.628865979381443,0.907488986784141,0.0206,0.0144,-0.0018,0.012121212121212,,0.00442627154559417,0.001273596075,,,0.0031066091,,,,,,-1.26423693113154,,,0.20140532997662,0,,,,,0.0423623360693455,0.495290577411652,0.812594212921947,0.947017104714226,0.297767400372537,,0.0579429007223498,,,,,,0.177875176072121,,
1942-11-01,9.29,0.6,1,-0.004392,-0.016937,0.0279,0.0425,0.0247,-0.0035,6e-04,0.0038,3e-04,0.0645855758880517,0.0636942675159236,0.107642626480086,0.6,0.899563318777293,0.0209,0.0146,0.0041,0.00598802395209597,,0.00509568264358589,0.000992056592,,,0.0033449369,,,,,,-1.28023068447085,,,0.2207615869561,0,,,,,0.00480301398783922,0.507946193218231,0.890942120840536,0.97612958226769,0.300390901697405,,0.0709580642428964,,,,,,0.188908532261848,,
1942-12-01,9.77,0.59,1.03,0.057537,0.050449,0.0281,0.0428,0.0246,0.0049,0.0049,0.0038,3e-04,0.060388945752303,0.0635091496232508,0.105424769703173,0.572815533980582,0.862646566164154,0.0208,0.0147,0,0.00595238095238093,,0.00181203181387546,0.000791390515,,,0.0051009425,,,,,,-1.24226891329124,,,0.239571391439538,0,,,,,0.0730579271912575,0.552711069583893,0.86030278256446,0.998661759785882,0.313246058189259,,0.0650270961450307,,,,,,0.187627851963043,,
1943-01-01,10.47,0.59,1.04333,0.072434,0.071062,0.0279,0.0416,0.0245,0.0033,0.0049,0.0038,3e-04,0.0563514804202483,0.060388945752303,0.0996494746895893,0.565497014367458,0.821306115939718,0.0207,0.0137,0.0016,0,,0.00208830983022474,0.00074486833,,,0.005995311,,,,,,-1.28771465459699,,,0.244800931786874,0,,,,,0.0673298239707947,0.501094698905945,0.914813120241702,1,0.329013301151717,,0.0758036334022218,,,,,,0.166457667946815,,
1943-02-01,11,0.59,1.05667,0.058503,0.052676,0.0277,0.0408,0.0246,-5e-04,6e-04,0.0038,3e-04,0.0536363636363636,0.0563514804202483,0.0960609090909091,0.558357860069842,0.79407909952972,0.0208,0.0131,0.0011,0,,0.00257001247349508,0.000819596562,,,0.0071307633,,,,,,-1.35320796858821,,,0.266556662632979,0,,,,,0.0500799156725407,0.464423924684525,0.927678312957828,0.997462319286374,0.34029435684865,,0.0750972088080799,,,,,,0.163518503308296,,
1943-03-01,11.58,0.59,1.07,0.059404,0.055182,0.0276,0.0401,0.0247,9e-04,0.002,0.0038,3e-04,0.0509499136442142,0.0536363636363636,0.0924006908462867,0.551401869158878,0.783480998755217,0.0209,0.0125,0.0011,0.0177514792899409,,0.00189186662988812,0.001368775871,,,0.0073223493,,,,,,-1.46111176125222,,,0.269652109965175,0,,,,,0.0884330272674561,0.443080723285675,0.927887922376525,0.998172781757053,0.358291575937246,,0.0857982804678492,,,,,,0.221243739128113,,
1943-04-01,11.59,0.59,1.08,0.003588,0.002332,0.0276,0.0396,0.0246,0.0048,0.0049,0.0038,3e-04,0.0509059534081104,0.0509499136442142,0.093183779119931,0.546296296296296,0.789784470032477,0.0208,0.012,1e-04,0.0116279069767442,,0.00125105027208606,0.002492193864,,,0.0012927987,,,,,,-1.49667816841981,,,0.278086810751975,0,,,,,-0.0988908410072327,0.416488915681839,0.97192364892843,0.989410647776236,0.355431959493139,,0.0777698655205815,,,,,,0.29843869805336,,
1943-05-01,12.11,0.59,1.09,0.052698,0.045651,0.0274,0.0391,0.0244,0.005,0.0048,0.0038,2e-04,0.0487200660611065,0.0509059534081104,0.0900082576383155,0.541284403669725,0.757897719223686,0.0206,0.0117,-0.000200000000000001,0.00574712643678166,,0.000946181830050563,0.001089549625,,,0.001819385,,,,,,-1.48337955438897,,,0.281039702074566,0,,,,,0.0553122386336327,0.412683218717575,0.921344229357198,1,0.370385917044888,,0.067409222007992,,,,,,0.29822564125061,,
1943-06-01,12.35,0.59,1.1,0.021689,0.017142,0.0272,0.0388,0.0244,0.0018,0.0048,0.0038,3e-04,0.0477732793522267,0.0487200660611065,0.0890688259109312,0.536363636363636,0.746268656716418,0.0206,0.0116,0.003,0,,0.00120008745854336,0.001069158029,,,0.0013497331,,,,,,-1.46855592678524,,,0.271485028605453,0,,,,,0.00930571649223566,0.412967801094055,0.442108607071603,1,0.376157619959598,,0.0549447217048109,,,,,,0.289256751537323,,
1943-07-01,11.68,0.593333,1.09333,-0.053092,-0.054238,0.0269,0.0381,0.0245,-1e-04,0.0019,0.0038,3e-04,0.0507990582191781,0.0480431578947368,0.0936070205479452,0.542684276476453,0.77959927140255,0.0207,0.0112,0.002,-0.00571428571428578,,0.0178236471135704,0.002433361168,,,0.001390142,,,,,,-1.49699454621539,,,0.297297337521248,0,,,,,-0.178097203373909,0.41729262471199,0.445664783501064,0.941228912357701,0.360075556838156,,0.0444691764789719,,,,,,0.309075444936752,,
1943-08-01,11.8,0.596667,1.08667,0.016232,0.010751,0.0269,0.0381,0.0245,0.0021,0.0019,0.0038,3e-04,0.050565,0.0510845034246575,0.0920906779661017,0.549078377060193,0.783194261455131,0.0207,0.0112,-2e-04,-0.00574712643678144,,0.0139543032449215,0.001706636005,,,0.0012769185,,,,,,-1.38715445124669,,,0.313759842771518,0,,,,,0.00240651308558881,0.419187545776367,0.487371088702661,0.936908517350158,0.358422751003489,,0.037984338054629,,,,,,0.327708601951599,,
1943-09-01,12.08,0.6,1.08,0.027498,0.023331,0.0269,0.0383,0.0246,0.0011,5e-04,0.0038,3e-04,0.0496688741721854,0.0508474576271186,0.0894039735099338,0.555555555555555,0.763631173280046,0.0208,0.0114,-6e-04,0.00578034682080908,,0.0136934870631594,0.00060803981,,,0.0016281149,,,,,,-1.33332589266236,,,0.334811450143488,0,,,,,0.048810139298439,0.430991500616074,0.482800144560847,0.960910711836511,0.367605005640528,,0.0362353551713091,,,,,,0.32441920042038,,
1943-10-01,11.92,0.603333,1.03333,-0.01165,-0.0125,0.027,0.0382,0.0247,5e-04,-9e-04,0.0038,3e-04,0.0506151845637584,0.0499447847682119,0.0866887583892618,0.58387252862106,0.773736351146142,0.0209,0.0112,-0.0014,0,,0.0168695454433787,0.000764157105,,,0.0013963569,,,,,,-1.33378390745801,,,0.345465462599051,0,,,,,-0.0324435532093048,0.398289769887924,0.473961575859348,0.948360993005075,0.362803998216019,,0.0351949631164172,,,,,,0.254176795482635,,
1943-11-01,11.02,0.606667,0.986667,-0.067052,-0.077966,0.0271,0.0383,0.0248,0,-0.0023,0.0038,3e-04,0.0550514519056261,0.0508948825503356,0.0895342105263158,0.614864994978042,0.825808443312495,0.021,0.0112,-0.0023,0,,0.0190809363694816,0.002001600035,,,0.0018240458,,,,,,-1.46883263464766,,,0.354293914154789,0,,,,,-0.0575326792895794,0.399430781602859,0.490170095919365,0.888561239884789,0.339927066663169,,0.0380670462198977,,,,,,0.292371809482574,,
1943-12-01,11.67,0.61,0.94,0.070305,0.065211,0.0274,0.0382,0.0248,0.0018,0.0049,0.0038,3e-04,0.0522707797772065,0.0553539019963702,0.0805484147386461,0.648936170212766,0.78740157480315,0.021,0.0108,0.0031,0,,0.0144225211664904,0.000988593953,,,0.0019623979,,,,,,-1.4027862697699,,,0.337112043981032,0,,,,,0.104508146643639,0.430068463087082,0.433454335664755,0.93190234535729,0.356507595036335,,0.0410254776861748,,,,,,0.306615561246872,,
1944-01-01,11.85,0.613333,0.936667,0.018622,0.01731,0.0272,0.0376,0.0248,0.0021,0.002,0.0038,3e-04,0.05175805907173,0.0525563838903171,0.0790436286919831,0.654803681564526,0.778748180494905,0.021,0.0104,-9.99999999999998e-05,0,,0.0192532388917208,0.000639834941,,,0.001496229,,,,,,-1.38479860541289,,,0.344333149515955,0,,,,,0.0609518513083458,0.407622486352921,0.601391144285115,0.942257577835688,0.360469082036886,,0.045356213758005,,,,,,0.30018338561058,,
1944-02-01,11.82,0.616667,0.933333,0.006479,0.000238,0.0274,0.0372,0.0247,0.0032,0.0034,0.0038,3e-04,0.052171489001692,0.0520394092827004,0.0789621827411167,0.660714878826742,0.78503301540719,0.0209,0.0098,2e-04,0,,0.0194938139270132,0.00064263715,,,0.0018118196,,,,,,-1.32621786832735,,,0.348222037344901,0,,,,,0.0149203119799495,0.431810051202774,0.616179286076873,0.93471403099712,0.357583230579531,,0.043654788291549,,,,,,0.200933620333672,,
1944-03-01,12.02,0.62,0.93,0.021313,0.017309,0.0274,0.037,0.0247,0.0021,0.0048,0.0038,2e-04,0.0515806988352745,0.0524534686971235,0.0773710482529118,0.666666666666667,0.813886488043791,0.0209,0.0096,0.0027,0,,0.0191453259848017,0.000636408432,,,0.0015918007,,,,,,-1.38524456584532,,,0.342454223785085,0,,,,,0.0157330930233002,0.442506521940231,0.599597631519605,0.952132766424359,0.364246923944697,,0.0447068584610416,,,,,,0.197594046592712,,
1944-04-01,11.87,0.623333,0.926667,-0.012427,-0.013433,0.0274,0.0368,0.0248,0.0013,0.0034,0.0038,3e-04,0.0525133108677338,0.0518579866888519,0.0780679865206403,0.672661268826882,0.829601350855297,0.021,0.0094,0.0021,0.00574712643678166,,0.0200775774816864,0.000764162932,,,0.002125858,,,,,,-1.32839162420539,,,0.338295106919948,0,,,,,-0.0540186055004597,0.447343587875366,0.589312739952405,0.934096831710328,0.357347115460293,,0.0365699782610443,,,,,,0.21198758482933,,
1944-05-01,12.35,0.626667,0.923333,0.048841,0.040864,0.0273,0.0363,0.0247,0.0028,5e-04,0.0038,3e-04,0.0507422672064777,0.0527941870261163,0.0747638056680162,0.67870096704006,0.794431946006749,0.0209,0.009,-0.0023,0,,0.018397354257442,0.000411905512,,,0.0030803806,,,,,,-1.30177934701704,,,0.327688863191466,0,,,,,0.0953607186675072,0.419862002134323,0.598359438747201,0.975449183925388,0.373166828449248,,0.0343422069899024,,,,,,0.210047394037247,,
1944-06-01,12.98,0.63,0.92,0.054574,0.049768,0.0273,0.0359,0.0248,8e-04,0.002,0.0038,3e-04,0.0485362095531587,0.0510121457489879,0.0708782742681048,0.684782608695652,0.761558161477288,0.021,0.0086,0.0012,0.00571428571428578,,0.0182017896991842,0.000717588875,,,0.0027429124,,,,,,-1.43849996906221,,,0.320299388016917,0,,,,,0.0766155421733856,0.407846957445145,0.376762212980448,0.998317970799973,0.389275126583939,,0.0430146985122882,,,,,,0.195319101214409,,
1944-07-01,12.71,0.633333,0.913333,-0.01947,-0.020629,0.0272,0.0357,0.0247,0.0036,0.0034,0.0038,3e-04,0.0498295043273013,0.0487929892141757,0.0718594020456333,0.693430545047644,0.773389911710355,0.0209,0.00849999999999999,-2e-04,0.00568181818181812,,0.00432293813439993,0.000939673818,,,0.0034641321,,,,,,-1.51435575355683,,,0.314522931698332,0,,,,,-0.00455184513702989,0.395985811948776,0.392604491676763,0.970830564784053,0.383319778576488,,0.0451848102856242,,,,,,0.198160946369171,,
1944-08-01,12.82,0.636667,0.906667,0.0147,0.008208,0.0271,0.0355,0.0247,0.0027,0.0034,0.0038,3e-04,0.0496620124804992,0.0500918174665618,0.0707228549141966,0.702205991836032,0.768759779576842,0.0209,0.0084,7e-04,0,,0.00806980618238664,0.000559987661,,,0.0030166343,,,,,,-1.40904094869266,,,0.323302521041832,0,,,,,0.0246560070663691,0.400884866714478,0.360521501783541,0.976677740863787,0.385628459742372,,0.0491370611859014,,,,,,0.212465777993202,,
1944-09-01,12.78,0.64,0.9,-0.000692,-0.003118,0.0272,0.0356,0.0247,0.0014,0.0019,0.0038,2e-04,0.0500782472613459,0.0499219968798752,0.0704225352112676,0.711111111111111,0.77233271820108,0.0209,0.0084,5e-04,0,,0.00896275924044502,0.001115514909,,,0.0029150307,,,,,,-1.4488795718323,,,0.312722292663288,0,,,,,-0.0495443604886532,0.383834064006805,0.39336205378085,0.972159468438538,0.383844478841462,,0.0350956938173606,,,,,,0.263850390911102,,
1944-10-01,12.78,0.64,0.91,0.002435,0.001045,0.0272,0.0355,0.0247,0.0012,0.0019,0.0038,3e-04,0.0500782472613459,0.0500782472613459,0.0712050078247261,0.703296703296703,0.771173138606429,0.0209,0.00829999999999999,7e-04,0,,0.0065103710250447,0.000675218342,,,0.0030293988,,,,,,-1.35969539379656,,,0.311815137055602,0,,,,,-0.065864771604538,0.382158368825912,0.405481618844213,0.973621262458472,0.384421649132933,,0.0305736281454102,,,,,,0.253599792718887,,
1944-11-01,12.83,0.64,0.92,0.017326,0.005832,0.0272,0.0353,0.0247,0.0024,0.0048,0.0038,3e-04,0.0498830865159782,0.0500782472613459,0.0717069368667186,0.695652173913043,0.766985678409014,0.0209,0.0081,0.0024,0,,0.00578294945142537,0.000424297467,,,0.003448245,,,,,,-1.38412454658288,,,0.299595510799997,0,,,,,0.0329621955752373,0.387067854404449,0.378087439908975,0.978936877076412,0.386520450192827,,0.0251345573465839,,,,,,0.25189283490181,,
1944-12-01,13.28,0.64,0.93,0.044778,0.041034,0.027,0.0349,0.0246,0.0042,0.0149,0.0038,2e-04,0.0481927710843374,0.0498830865159782,0.0700301204819277,0.688172043010753,0.743763575330744,0.0208,0.0079,0.0107,0.00564971751412435,,0.0190624459607354,0.00087227262,,,0.0035223172,,,,,,-1.46328692963636,,,0.292218952734166,0,,,,,0.0847789198160172,0.355212718248367,0.360322325010599,0.997701602311531,0.398588556287221,,0.0317786368872964,,,,,,0.201573401689529,,
1945-01-01,13.47,0.643333,0.94,0.011901,0.010784,0.0269,0.0346,0.024,0.0127,0.0076,0.0038,3e-04,0.0477604305864885,0.04844375,0.0697847067557535,0.684396808510638,0.735341966551702,0.0202,0.0077,-0.0051,0,,0.016453887986475,0.000924463414,,,0.0040992035,,,,,,-1.56655770566157,,,0.278272845721907,0,,,,,-0.00100648717489094,0.355839818716049,0.134583279598858,0.986012191209496,0.403153448592491,,0.0405105243780606,,,,,,0.193885669112206,,
1945-02-01,14.3,0.646667,0.95,0.069472,0.063578,0.0265,0.0341,0.0236,0.0077,0.0046,0.0038,2e-04,0.0452214685314685,0.0480079435783222,0.0664335664335664,0.680702105263158,0.704488778054863,0.0198,0.0076,-0.0031,0,,0.0148360717193856,0.000654851913,,,0.003660855,,,,,,-1.55198510742182,,,0.270861293744054,0,,,,,0.110939808189869,0.347729921340942,0.127591138522545,1,0.420809612508854,,0.0445531685725337,,,,,,0.195295661687851,,
1945-03-01,13.64,0.65,0.96,-0.041685,-0.04499,0.0262,0.0338,0.0236,0.0021,0.0018,0.0038,2e-04,0.0476539589442815,0.0454545454545455,0.0703812316715542,0.677083333333333,0.767882643126055,0.0198,0.0076,-3e-04,0,,0.0159625338120918,0.0018874417,,,0.0040766101,,,,,,-1.64003749428369,,,0.260123271009775,0,,,,,-0.0583054982125759,0.329312145709991,0.154786333386675,0.95381376919267,0.40417661410919,,0.0391360771361441,,,,,,0.286279082298279,,
1945-04-01,14.84,0.65,0.973333,0.090524,0.089465,0.0261,0.0336,0.0228,0.016,0.0018,0.0038,3e-04,0.043800539083558,0.0476539589442815,0.0655884770889488,0.667808447879605,0.715062862669246,0.019,0.0075,-0.0142,0,,0.0150858742487554,0.001398278135,,,0.0033761763,,,,,,-1.55370318635768,,,0.237569848186276,0,,,,,0.0675530508160591,0.356663018465042,0.125384722283938,1,0.43403205918619,,0.037777721705046,,,,,,0.312122195959091,,
1945-05-01,15.01,0.65,0.986667,0.020041,0.011624,0.0262,0.0332,0.0226,0.0056,-0.0011,0.0038,3e-04,0.0433044636908728,0.043800539083558,0.0657339773484344,0.65878356122177,0.70291146761735,0.0188,0.007,-0.0067,0.00561797752808979,,0.0197732205650387,0.00092095988,,,0.0042020594,,,,,,-1.57355419417674,,,0.20601178524671,0,,,,,0.0691738203167915,0.340469866991043,0.120644705503637,0.995386799148332,0.441535272975313,,0.0389095718459939,,,,,,0.303653061389923,,
1945-06-01,14.96,0.65,1,0.00238,0.000134,0.0261,0.0329,0.0217,0.0169,0.0032,0.0038,2e-04,0.0434491978609626,0.0433044636908728,0.0668449197860962,0.65,0.718843045512548,0.0179,0.0068,-0.0137,0.011173184357542,,0.0194663045175446,0.000866164762,,,0.0041469851,,,,,,-1.55591146726568,,,0.179042990425886,0,,,,,-0.0465502664446831,0.35096937417984,0.304188896184892,0.973326236101254,0.431749613033555,,0.0474192257739104,,,,,,0.226427033543587,,
1945-07-01,14.66,0.653333,0.996667,-0.021539,-0.022479,0.026,0.0326,0.0224,-0.0086,-0.0011,0.0038,3e-04,0.0445656889495225,0.0436719919786096,0.0679854706684857,0.655517840963933,0.726301571709234,0.0186,0.00659999999999999,0.0075,0,,0.0204374148771565,0.001814110758,,,0.0037918956,,,,,,-1.63224874983198,,,0.151536302187813,0,,,,,0.027012886479497,0.32788935303688,0.297299039412145,0.963330967589307,0.427315895794527,,0.0433921361559473,,,,,,0.267640084028244,,
1945-08-01,15.51,0.656667,0.993333,0.059852,0.054027,0.0261,0.0326,0.0223,0.0026,4e-04,0.0038,3e-04,0.0423382978723404,0.0447931105047749,0.0640446808510638,0.661074382910867,0.678753801136038,0.0185,0.0065,-0.0022,0,,0.0189451032967723,0.002096646893,,,0.0036289262,,,,,,-1.70062674392929,,,0.0378175776671967,0,,,,,0.0621251873672009,0.323839426040649,0.331157438341804,1,0.457250045911273,,0.0429655523306569,,,,,,0.313719719648361,,
1945-09-01,16.16,0.66,0.99,0.046361,0.043999,0.0262,0.0324,0.0221,0.0054,0.0032,0.0038,3e-04,0.0408415841584158,0.0425531914893617,0.0612623762376238,0.666666666666667,0.656820831713953,0.0183,0.0062,-0.0022,0,,0.0176069114261894,0.00143855456,,,0.0036217464,,,,,,-1.57975500507621,,,-0.0599599563850992,0,,,,,0.0759785175323486,0.321500033140182,0.32131796321476,0.999389634890689,0.472518823622006,,0.0397677251967539,,,,,,0.319990962743759,,
1945-10-01,16.65,0.66,0.98,0.030815,0.029862,0.0262,0.032,0.0216,0.0104,0.0032,0.0038,3e-04,0.0396396396396396,0.0408415841584158,0.0588588588588589,0.673469387755102,0.633976420150054,0.0178,0.0058,-0.0072,0,,0.0185809979525336,0.000981183911,,,0.0038478623,,,,,,-1.72954297378967,,,-0.105057228425903,0,,,,,0.0803054347634315,0.322384268045425,0.307474176326135,0.997540895969208,0.4895453472204,,0.0465519390076961,,,,,,0.267535954713821,,
1945-11-01,17.19,0.66,0.97,0.04495,0.035612,0.0262,0.0315,0.021,0.0125,0.0032,0.0038,2e-04,0.0383944153577661,0.0396396396396396,0.0564281559045957,0.680412371134021,0.617883631045649,0.0172,0.0053,-0.0093,0,,0.0189340415646666,0.001448271511,,,0.0037386804,,,,,,-1.81506399322747,,,-0.0726032493198794,0,,,,,0.0746239051222801,0.308795750141144,0.256216974377752,0.996512777806693,0.50229556365926,,0.0502548190716963,,,,,,0.241311252117157,,
1945-12-01,17.36,0.66,0.96,0.011133,0.008805,0.0261,0.031,0.0199,0.0194,0.0133,0.0038,3e-04,0.0380184331797235,0.0383944153577661,0.0552995391705069,0.6875,0.613239334404645,0.0161,0.0049,-0.0061,0.00552486187845291,,0.025525282968879,0.00153831697,,,0.0043280057,,,,,,-1.83892351298103,,,-0.0722144693581055,0,,,,,-0.00159064214676619,0.304597288370132,0.305593717480649,0.985139413747319,0.506099640580318,,0.0454274517564851,,,,,,0.25254899263382,,
1946-01-01,18.57,0.666667,0.94,0.069504,0.068515,0.0254,0.0301,0.0199,0.0025,0.0128,0.0038,3e-04,0.0359002154011847,0.0384024769585253,0.0506192784060312,0.709220212765957,0.578003615576294,0.0161,0.0047,0.0103,0,,0.0279694982602379,0.002645168466,,,0.0040437412,,,,,,-1.88726386777458,,,-0.133713736929201,0,,,,,0.0598321445286274,0.300496786832809,0.217911973108487,0.996688580472364,0.536952016160768,,0.0564190690516627,,,,,,0.297023743391037,,
1946-02-01,17.28,0.673333,0.92,-0.065171,-0.069785,0.0248,0.0295,0.0198,0.0032,0.0034,0.0038,3e-04,0.0389660300925926,0.0362591814754981,0.0532407407407407,0.731883695652174,0.62233678783734,0.016,0.0047,2e-04,-0.00549450549450536,,0.031090942349037,0.005942413034,,,0.0036712804,,,,,,-2.06771357857972,,,-0.188699926326353,0,,,,,-0.0408682636916637,0.288350433111191,0.194708108145651,0.920042592323702,0.49870136684419,,0.0475768083259671,,,,,,0.443231463432312,,
1946-03-01,18.08,0.68,0.9,0.049118,0.046147,0.0247,0.0294,0.0198,0.001,0.0034,0.0038,3e-04,0.0376106194690266,0.0393518518518519,0.0497787610619469,0.755555555555556,0.614852675886951,0.016,0.0047,0.0024,0.011049723756906,,0.0311878749300926,0.001496573418,,,0.0036328539,,,,,,-1.81566162097063,,,-0.0934016459476292,0,,,,,0.0427705198526382,0.295729070901871,0.257307118776842,0.965877740670829,0.523545924390692,,0.0498103790816454,,,,,,0.437024563550949,,
1946-04-01,18.76,0.68,0.88,0.035748,0.034706,0.0246,0.0296,0.0207,-0.0135,-0.0043,0.0038,3e-04,0.0362473347547974,0.0376106194690266,0.046908315565032,0.772727272727273,0.593412970933888,0.0169,0.005,0.0092,0.00546448087431672,,0.0313068344081245,0.001077734107,,,0.0035045733,,,,,,-1.81756179177628,,,-0.115647567354754,0,,,,,0.0936730280518532,0.292855113744736,0.28485765468915,0.992607172003264,0.542461368942991,,0.03895221328078,,,,,,0.414658337831497,,
1946-05-01,19.18,0.68,0.86,0.028785,0.023202,0.0251,0.0302,0.0209,-0.0012,0.0019,0.0038,3e-04,0.0354535974973931,0.0362473347547974,0.0448383733055266,0.790697674418605,0.578010175240249,0.0171,0.0051,0.0031,0.00543478260869579,,0.0319999125328636,0.001272495141,,,0.0031524535,,,,,,-1.81426302281226,,,-0.157092911219689,0,,,,,0.0754480734467506,0.289254903793335,0.321413770898438,0.998964705882353,0.556916861243015,,0.046239219912966,,,,,,0.227302625775337,,
1946-06-01,18.43,0.68,0.84,-0.035289,-0.037521,0.0249,0.0303,0.0206,0.007,0.0019,0.0038,3e-04,0.0368963646228974,0.0354535974973931,0.0455778621812263,0.80952380952381,0.59673183542457,0.0168,0.0054,-0.0051,0.0108108108108107,,0.0335915761567605,0.001481741162,,,0.003061925,,,,,,-1.85469758229338,,,-0.101087648828347,0,,,,,0.0687169060111046,0.285224467515945,0.290020525219191,0.967623529411765,0.539444342419393,,0.0395985834487084,,,,,,0.250228136777878,,
1946-07-01,17.96,0.683333,0.856667,-0.02735,-0.028429,0.0248,0.0303,0.0209,-0.004,-0.0012,0.0038,3e-04,0.0380474944320713,0.0370772110689094,0.0476986080178174,0.797664670169389,0.608751736455646,0.0171,0.0055,0.0028,0.0588235294117647,,0.0391749770096655,0.001703885665,,,0.0026143444,,,,,,-1.83577070188423,,,-0.0720632218389965,0,,,,,-0.00520027941092849,0.32444566488266,0.285348075331997,0.948517647058824,0.528792927040428,,0.0357796839650056,,,,,,0.304837286472321,,
1946-08-01,16.65,0.686667,0.873333,-0.068855,-0.073365,0.0251,0.0303,0.0217,-0.0111,-0.0088,0.0038,3e-04,0.0412412612612613,0.0382331291759465,0.0524524324324324,0.786260223763444,0.648554363338443,0.0179,0.0052,0.0023,0.0202020202020201,,0.0432676468553888,0.001980113722,,,0.0026899157,,,,,,-1.75963284908544,,,-0.0398977245953667,0,,,,,-0.115901708602905,0.305622458457947,0.327818460287055,0.890305882352941,0.496340215651809,,0.0286390693703256,,,,,,0.328048884868622,,
1946-09-01,14.96,0.69,0.89,-0.104112,-0.106619,0.0258,0.031,0.0219,-9e-04,-0.0026,0.0038,3e-04,0.0461229946524064,0.0414414414414414,0.0594919786096257,0.775280898876404,0.711634381162278,0.0181,0.0052,-0.0017,0.00990099009900991,,0.0491119493747964,0.01602501515,,,0.0026064326,,,,,,-2.24820595813247,,,-0.0252937784696319,0,,,,,-0.0770387798547745,0.322512894868851,0.333465130710514,0.811388235294118,0.45234409843377,,0.0342134239070365,,,,,,0.537291824817657,,
1946-10-01,14.84,0.696667,0.946667,-0.005636,-0.006817,0.026,0.0315,0.0216,0.0074,0.002,0.0038,3e-04,0.0469452156334232,0.0465686497326203,0.063791576819407,0.735915585945216,0.72539166420337,0.0178,0.0055,-0.0054,0.0196078431372551,,0.0485974701834268,0.00611609538,,,0.0023753839,,,,,,-1.84488937884985,,,-0.0110273755585735,0,,,,,0.134132489562035,0.296693593263626,0.320835911305417,0.796,0.443765249101451,,0.0327103786040424,,,,,,0.540433466434479,,
1946-11-01,14.67,0.703333,1.00333,-0.003801,-0.011741,0.0259,0.0317,0.022,-0.0054,-0.0025,0.0038,3e-04,0.0479436264485344,0.0473944070080863,0.0683933197000682,0.700998674414201,0.722699964660148,0.0182,0.0058,0.0029,0.0240384615384615,,0.0480722723471337,0.003914348993,,,0.0020257111,,,,,,-1.82093983774469,,,-0.00903381060624975,0,,,,,-0.0276346206665039,0.303214102983475,0.348326138741906,0.798964705882353,0.445418054936118,,0.0332784883328563,,,,,,0.541555821895599,,
1946-12-01,15.3,0.71,1.06,0.046818,0.041973,0.0261,0.0317,0.0212,0.0145,0.0113,0.0038,3e-04,0.0464052287581699,0.0483980913428766,0.069281045751634,0.669811320754717,0.692437923250564,0.0174,0.0056,-0.0032,0.00938967136150226,,0.0360760684761197,0.002715507716,,,0.0017810408,,,,,,-1.74763341449867,,,-0.00707249709171709,0,,,,,0.100991755723953,0.323210507631302,0.383413529429764,0.833882352941176,0.464884434766639,,0.0335543870464236,,,,,,0.41445717215538,,
1947-01-01,15.66,0.713333,1.13,0.022013,0.020953,0.0257,0.0313,0.0214,-6e-04,5e-04,0.0038,3e-04,0.0455512771392082,0.0466230718954248,0.0721583652618135,0.63126814159292,0.680004433606739,0.0176,0.0056,0.0011,0,,0.0315384591742185,0.002111721471,,,0.0013295838,,,,,,-1.69170789330979,,,0.00078128818616463,0,,,,,-0.0176666043698788,0.31292736530304,0.374858300120839,0.849129411764706,0.473384579059212,,0.0325409923131045,,,,,,0.351641684770584,,
1947-02-01,15.43,0.716667,1.2,-0.008307,-0.015166,0.0255,0.0312,0.0214,0.0021,5e-04,0.0038,3e-04,0.0464463383020091,0.0457641762452107,0.0777705767984446,0.5972225,0.685858021240917,0.0176,0.0057,-0.0016,0,,0.0301026619691244,0.001364143447,,,0.001159422,,,,,,-1.68565888524132,,,0.00264449356102636,0,,,,,0.0272101517766714,0.31150010228157,0.379750116022228,0.841882352941177,0.469344387018915,,0.0297828980843527,,,,,,0.301129639148712,,
1947-03-01,15.17,0.72,1.27,-0.015008,-0.017731,0.0255,0.0315,0.0213,0.002,0.0067,0.0038,3e-04,0.047462096242584,0.0466623460790668,0.0837178642056691,0.566929133858268,0.741534988713318,0.0175,0.006,0.0047,0.0186046511627906,,0.0310199693168567,0.002411282573,,,0.00080364625,,,,,,-1.64039299566021,,,0.00446990125489144,0,,,,,-0.0645784810185432,0.328398823738098,0.38070139750627,0.833882352941176,0.464884434766639,,0.025072719018086,,,,,,0.321022093296051,,
1947-04-01,14.58,0.733333,1.32667,-0.03956,-0.040772,0.0253,0.0316,0.0217,-0.0037,0.002,0.0038,3e-04,0.0502971879286694,0.0483410019775873,0.0909924554183813,0.5527621789895,0.770042194092827,0.0179,0.0063,0.0057,0,,0.0313459706221794,0.002307361465,,,0.002775418,,,,,,-1.6557769673436,,,-0.00736030745628957,0,,,,,-0.0274297781288624,0.350993752479553,0.393987685254686,0.803011764705882,0.447674266075504,,0.0251245089328496,,,,,,0.351227462291718,,
1947-05-01,14.45,0.746667,1.38333,-0.00099,-0.01047,0.0253,0.0317,0.0216,0.0033,0.002,0.0038,3e-04,0.0516724567474048,0.0512117283950617,0.0957321799307958,0.539760577736332,0.776366322008863,0.0178,0.0064,-0.0013,0,,0.0258943175391969,0.002545085348,,,0.0032286132,,,,,,-1.62679984070623,,,-0.00745760493296554,0,,,,,0.0398593842983246,0.362966507673264,0.401387265564543,0.796470588235294,0.444027599233938,,0.0279207950081228,,,,,,0.379457503557205,,
1947-06-01,15.21,0.76,1.44,0.053991,0.050908,0.0255,0.0321,0.0216,0.001,4e-04,0.0038,3e-04,0.0499671268902038,0.0525951557093426,0.0946745562130177,0.527777777777778,0.741116751269036,0.0178,0.0066,-6e-04,0.00456621004566227,,0.0264727425275828,0.001958778533,,,0.0038172362,,,,,,-1.61256038290647,,,-0.0114681633831673,0,,,,,0.0415481328964233,0.329578816890717,0.416525085001081,0.854210830603199,0.465146784899126,,0.0289661794780879,,,,,,0.346893727779388,,
1947-07-01,15.76,0.77,1.47667,0.039572,0.038369,0.0255,0.0318,0.0214,0.0063,0.002,0.0066,3e-04,0.0488578680203046,0.0506245890861275,0.0936973350253807,0.521443518186189,0.717327219128726,0.0148,0.0063,-0.0043,0.00909090909090904,,0.0206405110335856,0.001977447603,,,0.0032049433,,,,,,-1.71132119584095,,,-0.0213526891433116,0,,,,,0.0116806011646986,0.327395290136337,0.42232791407586,0.895658126344612,0.480572972689351,,0.0295826181879592,,,,,,0.323229223489761,,
1947-08-01,15.32,0.78,1.51333,-0.023076,-0.029148,0.0256,0.0317,0.021,0.0081,-0.0071,0.0075,3e-04,0.0509138381201044,0.049492385786802,0.0987813315926893,0.515419637488188,0.73469387755102,0.0135,0.0061,-0.0152,0.0135135135135136,,0.023176781543259,0.00082439982,,,0.0035721715,,,,,,-1.53862018346714,,,-0.0194775519876549,0,,,,,0.0314395651221275,0.355197697877884,0.420952114990047,0.938993017273061,0.469213211952672,,0.0276451564388606,,,,,,0.288686692714691,,
1947-09-01,15.11,0.79,1.55,-0.009928,-0.01369,0.0261,0.0323,0.0213,-0.0044,-0.0131,0.008,6e-04,0.0522832561217737,0.0515665796344648,0.102581072137657,0.509677419354839,0.740323398501324,0.0133,0.0062,-0.0087,0.0222222222222221,,0.024058547636889,0.001385496857,,,0.0043268967,,,,,,-1.57094063330604,,,-0.0156949726490518,0,,,,,0.049273207783699,0.336545169353485,0.411845621332245,0.94990634198555,0.465645250150851,,0.0277711660716352,,,,,,0.285469353199005,,
1947-10-01,15.43,0.806667,1.57,0.020578,0.019353,0.027,0.0335,0.0217,-0.0037,-0.0099,0.0085,6e-04,0.0522791315618924,0.0533863004632694,0.101749837977965,0.513800636942675,0.722732522963533,0.0132,0.0065,-0.0062,0,,0.0230185817395588,0.000869537564,,,0.0043136224,,,,,,-1.56550271670409,,,-0.0100492969992594,0,,,,,0.00418118201196194,0.334815263748169,0.452961606102421,0.973026491838373,0.476978775874282,,0.0264694405596456,,,,,,0.256949990987778,,
1947-11-01,14.99,0.823333,1.59,-0.017633,-0.029555,0.0277,0.0344,0.0229,-0.0174,-0.0098,0.0092,6e-04,0.0549254836557705,0.0533592352559948,0.106070713809206,0.517819496855346,0.731992646649212,0.0137,0.0067,0.0076,0.0043478260869565,,0.0259081493599796,0.000475960757,,,0.004494506,,,,,,-1.48822579198867,,,-0.000693512837621757,0,,,,,-0.0526486895978451,0.349525094032288,0.462578385587239,0.960717152796361,0.470944722827085,,0.0268741940645514,,,,,,0.230895608663559,,
1947-12-01,15.3,0.84,1.61,0.030784,0.025273,0.0286,0.0352,0.0243,-0.0192,0.0024,0.0095,8e-04,0.0549019607843137,0.0560373582388259,0.105228758169935,0.521739130434783,0.725325678957827,0.0148,0.0066,0.0216,0.0129870129870129,,0.0259215928658423,0.001107304643,,,0.0047609245,,,,,,-1.58758359479621,,,-0.000896733427544927,0.028,,,,,0.0447037555277348,0.356362640857697,0.472793746038941,0.96954776558737,0.475273500013117,,0.0306205268667522,,,,,,0.200286239385605,,
1948-01-01,14.69,0.843333,1.64333,-0.037743,-0.038905,0.0286,0.0352,0.0243,0.002,0.0024,0.0097,7e-04,0.0574086453369639,0.0551198039215686,0.111867256637168,0.513185422282804,0.751888303959716,0.0146,0.0066,4e-04,0.0128205128205128,,0.0277653882657297,0.001048863984,,,0.0043871624,,,,,,-1.51140388558489,,,0.00076570121509878,0,,,,,0.0384661257266998,0.342817366123199,0.445004939371316,0.935295691731335,0.458483091533961,,0.0342846677934289,,,,,,0.205304846167564,,
1948-02-01,14,0.846667,1.67667,-0.040232,-0.047782,0.0285,0.0353,0.0241,0.0046,0.0039,0.01,7e-04,0.0604762142857143,0.0576356024506467,0.119762142857143,0.504969373818342,0.787769784172662,0.0141,0.0068,-7e-04,-0.00843881856540085,,0.029134407540373,0.001755637739,,,0.0049033646,,,,,,-1.54451980268748,,,-0.00134108499982322,0,,,,,-0.0803069844841957,0.318230658769608,0.419333989416547,0.892694674872893,0.437600020988011,,0.036277808090026,,,,,,0.281182765960693,,
1948-03-01,15.08,0.85,1.71,0.08144,0.077022,0.0283,0.0353,0.0241,0.0034,0.0115,0.01,9e-04,0.0563660477453581,0.0607142857142857,0.113395225464191,0.497076023391813,0.841422121896163,0.0141,0.007,0.0081,-0.00425531914893618,,0.0271870327274548,0.002082021349,,,0.0058085148,,,,,,-1.55052698975165,,,-0.0166184636792694,0,,,,,0.0939028486609459,0.340577244758606,0.428692828462379,0.948354294888948,0.464884434766639,,0.0354354097023397,,,,,,0.335241168737411,,
1948-04-01,15.48,0.85,1.76,0.030821,0.028537,0.0278,0.0347,0.0239,0.0045,0.0038,0.01,8e-04,0.0549095607235142,0.0563660477453581,0.113695090439276,0.482954545454545,0.825993019777298,0.0139,0.0069,-7e-04,0.0170940170940173,,0.0274539295142367,0.000551969235,,,0.0041501792,,,,,,-1.49154082681755,,,-0.0186926873733215,0,,,,,0.0668608620762825,0.331168860197067,0.431608814395873,0.966069039336366,0.473568224151953,,0.0345768244548031,,,,,,0.302520394325256,,
1948-05-01,16.69,0.85,1.81,0.084014,0.077523,0.0276,0.0338,0.0231,0.0141,8e-04,0.01,8e-04,0.0509286998202516,0.0549095607235142,0.108448172558418,0.469613259668508,0.78169235608682,0.0131,0.0062,-0.0133,0.00420168067226889,,0.0255781206901504,0.001452757547,,,0.0044591399,,,,,,-1.63642558702461,,,-0.00579345421936273,0,,,,,0.0799088478088379,0.338606774806976,0.435275349348082,0.998325133465927,0.500406642705355,,0.0372694993894019,,,,,,0.218204215168953,,
1948-06-01,16.74,0.85,1.86,0.007665,0.003687,0.0276,0.0334,0.0238,-0.0084,-0.0083,0.01,9e-04,0.0507765830346476,0.0509286998202516,0.111111111111111,0.456989247311828,0.78697350364193,0.0138,0.0058,9.99999999999994e-05,0.00836820083682022,,0.0238936685743127,0.000907056688,,,0.0031442365,,,,,,-1.6292239607022,,,0.00317064163857816,0,,,,,0.0795501843094826,0.321964293718338,0.318113613938946,0.980844895423483,0.497048561009523,,0.0364656972598361,,,,,,0.172457590699196,,
1948-07-01,15.85,0.856667,1.93,-0.052296,-0.053144,0.0281,0.0337,0.0241,-0.0021,-0.0052,0.01,8e-04,0.0540483911671924,0.0511748506571087,0.121766561514196,0.443868911917098,0.822257762091215,0.0141,0.0056,-0.0031,0.0124481327800829,,0.0221793276938661,0.002766991147,,,0.0029631757,,,,,,-1.61911449866934,,,-0.000789094195988049,0,,,,,-0.124210707843304,0.339229673147202,0.314811807752204,0.938755435908056,0.475719495238345,,0.0328404143249769,,,,,,0.308867365121841,,
1948-08-01,15.97,0.863333,2,0.015539,0.008123,0.0284,0.0344,0.0242,1e-04,0.0055,0.0106,9e-04,0.0540596743894803,0.0544689589905363,0.125234815278647,0.4316665,0.820538220241043,0.0136,0.006,0.0054,0.00409836065573765,,0.0192268089696902,0.001185139334,,,0.0028878628,,,,,,-1.50609420464548,,,-0.00842446982448042,0,,,,,-0.0216946750879288,0.347406208515167,0.328705663640442,0.940722716918617,0.476716425741795,,0.0286238760344845,,,,,,0.311936914920807,,
1948-09-01,15.49,0.87,2.07,-0.027016,-0.031159,0.0284,0.0345,0.0242,0.0014,0.0024,0.0109,4e-04,0.0561652679147837,0.0544771446462116,0.133634602969658,0.420289855072464,0.836231071228267,0.0133,0.0061,0.001,0,,0.0191280854798797,0.002395501641,,,0.0030531024,,,,,,-1.58260069874574,,,-0.0197694633203955,0,,,,,-0.0334690995514393,0.338162451982498,0.342033299173832,0.923068958376476,0.467770286223995,,0.0252148428053308,,,,,,0.390417963266373,,
1948-10-01,16.54,0.89,2.14333,0.070041,0.067023,0.0284,0.035,0.0243,7e-04,0.0024,0.0112,4e-04,0.0538089480048368,0.0574564234990316,0.129584643288996,0.415241703330798,0.791905672402804,0.0131,0.00660000000000001,0.0017,-0.00408163265306127,,0.0181337298676033,0.000827563308,,,0.0021893158,,,,,,-1.44786243348364,,,-0.0163175551603354,0,,,,,0.0481206960976124,0.340898275375366,0.352234753136033,0.974735970180162,0.493952829446179,,0.0243844857754364,,,,,,0.323663771152496,,
1948-11-01,14.75,0.91,2.21667,-0.098332,-0.109939,0.0284,0.0353,0.0239,0.0076,0.0085,0.0114,4e-04,0.0616949152542373,0.0550181378476421,0.150282711864407,0.410525698457596,0.870911214953271,0.0125,0.0069,0.000900000000000001,-0.00819672131147542,,0.0177915311939098,0.006158903129,,,0.0023768242,,,,,,-1.63521208131576,,,-0.0332372714761497,0,,,,,-0.182248890399933,0.333279818296432,0.373670755788886,0.886311865810727,0.44914342681743,,0.0263186944009749,,,,,,0.489124774932861,,
1948-12-01,15.2,0.93,2.29,0.035952,0.029719,0.0279,0.0353,0.0237,0.0056,0.0131,0.0116,4e-04,0.0611842105263158,0.0630508474576271,0.150657894736842,0.406113537117904,0.840947546531303,0.0121,0.0074,0.0075,-0.00413223140495855,,0.0150145448476427,0.00096740501,,,0.0016330103,,,,,,-1.45178316169702,,,-0.0465539319141421,0,,,,,0.0694635212421417,0.353536278009415,0.446177756929914,0.917891903085525,0.465146784899126,,0.0305414418322786,,,,,,0.437021493911743,,
1949-01-01,15.22,0.946667,2.32,0.002676,0.001377,0.0271,0.0346,0.0233,0.0082,0.0038,0.0117,0.001,0.0621988830486202,0.0622807236842105,0.152431011826544,0.408046120689655,0.832402858418937,0.0116,0.0075,-0.0044,-0.00414937759336109,,0.0132976839989413,0.001312986226,,,0.0017767354,,,,,,-1.43591393798287,,,-0.0599483737437319,0,,,,,0.0556121729314327,0.363372385501862,0.41496394254529,0.927314143715055,0.469921557310386,,0.0335625524099214,,,,,,0.425774663686752,,
1949-02-01,14.62,0.963333,2.35,-0.031639,-0.041472,0.0271,0.0345,0.0231,0.0049,0.0038,0.0117,9e-04,0.0658914500683995,0.0632938896189225,0.160738714090287,0.409928936170213,0.861550907199815,0.0114,0.0074,-0.0011,-0.0083333333333333,,0.0172190274652556,0.001409678606,,,0.0021699988,,,,,,-1.42187985688097,,,-0.0734363458080929,0,,,,,-0.00264829117804766,0.374928504228592,0.449695255955684,0.895941188651895,0.454023139281685,,0.0360406085863736,,,,,,0.256008177995682,,
1949-03-01,15.06,0.98,2.38,0.033981,0.029349,0.027,0.0347,0.0227,0.0074,7e-04,0.0117,0.001,0.0650730411686587,0.06703146374829,0.158034528552457,0.411764705882353,0.901750423489554,0.011,0.0077,-0.0067,0,,0.0146589684132565,0.001120894145,,,0.0027170669,,,,,,-1.4251872841269,,,-0.0967398455003221,0,,,,,0.03715805336833,0.361373722553253,0.425990610069723,0.916856492027335,0.464622084634153,,0.0382859112691481,,,,,,0.284727334976196,,
1949-04-01,14.74,0.993333,2.38667,-0.018691,-0.021717,0.027,0.0345,0.0227,0.0011,0.0023,0.0117,9e-04,0.0673902985074627,0.0659583665338645,0.161917910447761,0.416200396368161,0.917499712742732,0.011,0.0075,0.0012,0.00420168067226889,,0.0152887461916759,0.000499270597,,,0.0036580641,,,,,,-1.33923629581524,,,-0.106553798000092,0,,,,,-0.0385272018611431,0.374995142221451,0.448567093177611,0.901118243942845,0.456646640606553,,0.0391109081593426,,,,,,0.250996589660645,,
1949-05-01,14.19,1.00667,2.39333,-0.029423,-0.037792,0.0271,0.0345,0.0227,0.0019,0.0038,0.0117,0.001,0.0709422128259338,0.0682951153324288,0.168663143058492,0.420614791942607,0.94856260394393,0.011,0.0074,0.0019,-0.00418410041841,,0.0169014362081711,0.001007660117,,,0.0034218573,,,,,,-1.33844214541253,,,-0.124350311304672,0,,,,,-0.10863122344017,0.378214210271835,0.456590223611025,0.871609028784427,0.441692683054805,,0.0364790455978053,,,,,,0.219350516796112,,
1949-06-01,14.16,1.02,2.4,0.001744,-0.003269,0.0271,0.0347,0.0217,0.0167,0.0084,0.0117,0.001,0.0720338983050847,0.0718816067653277,0.169491525423729,0.425,0.953888424322064,0.01,0.0076,-0.0083,0.00420168067226889,,0.0168124180293717,0.001697811674,,,0.0040919143,,,,,,-1.45121144238048,,,-0.130263000198501,0,,,,,0.0264323987066746,0.375096201896667,0.404437603840928,0.873708381171068,0.439226591809429,,0.0314514916092855,,,,,,0.24104979634285,,
1949-07-01,15.04,1.02667,2.39667,0.062732,0.061657,0.0267,0.0346,0.0216,0.0033,0.0099,0.0102,9e-04,0.0682626329787234,0.0725049435028249,0.159353058510638,0.428373534946405,0.907798999545248,0.0114,0.0079,0.0066,-0.00836820083682011,,0.0195113970452532,0.000640880894,,,0.0036228094,,,,,,-1.3408304803482,,,-0.136183213693225,0,,,,,0.0497907474637032,0.352340519428253,0.388264452095365,0.927065767284992,0.461526353070808,,0.0312386946571974,,,,,,0.260213047266006,,
1949-08-01,15.22,1.03333,2.39333,0.0218,0.011738,0.0262,0.034,0.021,0.0111,0.0037,0.0104,9e-04,0.0678929040735874,0.0687054521276596,0.157249014454665,0.431754083222957,0.893876637187955,0.0106,0.0078,-0.0074,0.00421940928270059,,0.0194408008759559,0.001073536357,,,0.0037216875,,,,,,-1.37067704899828,,,-0.130117332730621,0,,,,,0.0265804119408131,0.373213171958923,0.403461815650865,0.941505059021922,0.468714746700947,,0.0284976952793202,,,,,,0.266078323125839,,
1949-09-01,15.58,1.04,2.39,0.027415,0.024293,0.026,0.0337,0.0212,-0.0011,0.0021,0.0107,9e-04,0.0667522464698331,0.0683311432325887,0.153401797175866,0.435146443514644,0.875020546819352,0.0105,0.0077,0.0032,0.00420168067226889,,0.0233434138485582,0.001547593749,,,0.0026298133,,,,,,-1.4701171232319,,,-0.124153352995124,0,,,,,-0.0320995450019836,0.35734423995018,0.409896567760847,0.961793844856661,0.478815226801689,,0.0275517463365042,,,,,,0.285387635231018,,
1949-10-01,16.04,1.07333,2.36667,0.02978,0.028437,0.0261,0.0336,0.0212,0.0019,0.0067,0.0105,9e-04,0.0669158354114713,0.0688915275994865,0.147548004987531,0.453519079550592,0.842566212936583,0.0107,0.0075,0.0048,-0.00836820083682011,,0.0222333072230072,0.000613502045,,,0.0029968918,,,,,,-1.40526552986091,,,-0.166095360465855,0,,,,,0.0108938775956631,0.38316085934639,0.373296140051524,0.995692372347132,0.497258441115513,,0.0285000100282453,,,,,,0.293826252222061,,
1949-11-01,16.06,1.10667,2.34333,0.020738,0.000482,0.026,0.0335,0.0212,0.0021,0.0021,0.0108,8e-04,0.0689084682440847,0.0689943890274314,0.14591095890411,0.472263829678278,0.833724876011485,0.0104,0.0075,0,0.00421940928270059,,0.0236431664230169,0.000908861549,,,0.0040043923,,,,,,-1.39552023183334,,,-0.14380467757617,0,,,,,0.0259979106485844,0.37031564116478,0.399075772206436,0.989820173625465,0.502531678778498,,0.0340402229248491,,,,,,0.26755765080452,,
1949-12-01,16.76,1.14,2.32,0.050984,0.046034,0.0258,0.0331,0.0209,0.0052,-0.0145,0.011,9e-04,0.0680190930787589,0.0709838107098381,0.138424821002387,0.491379310344828,0.796429283861959,0.0099,0.0073,-0.0197,-0.00840336134453779,,0.0271755819950914,0.000473239494,,,0.004252018,,,,,,-1.44434249032176,,,-0.129967031022253,0,,,,,0.0370894372463226,0.33996856212616,0.410568501337133,1,0.526064485662565,,0.037304023213226,,,,,,0.170226871967316,,
1950-01-01,17.05,1.15,2.33667,0.019703,0.018245,0.0257,0.0324,0.0215,-0.0061,0.0037,0.0107,9e-04,0.0674486803519062,0.0686157517899761,0.137048093841642,0.49215336354727,0.791416819465781,0.0108,0.00670000000000001,0.0098,-0.00423728813559332,,0.0271022258524084,0.000989152975,,,0.0044582231,,,,,,-1.51849783519838,,,-0.116434391216329,0,,,,,0.0127084255218506,0.355045139789581,0.376605562968514,0.999059312803248,0.529396332345148,,0.0392981730548012,,,,,,0.190380111336708,,
1950-02-01,17.22,1.16,2.35333,0.019603,0.009975,0.0258,0.0324,0.0214,0.0021,7e-04,0.0112,9e-04,0.0673635307781649,0.0680351906158358,0.136662601626016,0.492918545210404,0.784998033818325,0.0102,0.00660000000000001,-0.0014,0,,0.0254916491470441,0.000426014256,,,0.0042464942,,,,,,-1.41980793174477,,,-0.11648522271158,0,,,,,0.0488452799618244,0.37540677189827,0.367811507816047,0.994379001906252,0.53372510953118,,0.0373789330248152,,,,,,0.186911433935165,,
1950-03-01,17.29,1.17,2.37,0.008185,0.003542,0.0258,0.0324,0.0215,8e-04,0.0022,0.0112,0.001,0.0676691729323308,0.0679442508710801,0.137073452862927,0.493670886075949,0.825527784518321,0.0103,0.00660000000000001,0.0014,0.00425531914893629,,0.0292913416697184,0.000624302478,,,0.00455264,,,,,,-1.45392741210658,,,-0.0883768984556039,0,,,,,-0.00387917901389301,0.376588702201843,0.380808021950234,0.98221946801411,0.540572447989086,,0.0371845888281399,,,,,,0.21193516254425,,
1950-04-01,18.07,1.18,2.42667,0.045887,0.044493,0.026,0.0323,0.0214,0.003,-8e-04,0.0115,9e-04,0.0653016048699502,0.0682475419317525,0.134292750415053,0.486263068319961,0.796497471436599,0.0099,0.0063,-0.0038,0,,0.0263975144627203,0.000714010739,,,0.0040222115,,,,,,-1.50599280750464,,,-0.0594711468825548,0,,,,,0.0766659900546074,0.37685415148735,0.332735408072766,0.991872184292416,0.560274942938846,,0.0405144244644334,,,,,,0.187397062778473,,
1950-05-01,18.78,1.19,2.48333,0.046902,0.03759,0.0261,0.0325,0.0213,0.0033,-8e-04,0.0116,0.001,0.0633652822151225,0.0658550083010515,0.132232694355698,0.479195274087616,0.761346343210098,0.0097,0.0064,-0.0041,0.00423728813559321,,0.028572263411494,0.000641262983,,,0.0038032122,,,,,,-1.46078964856057,,,-0.0403117956301355,0,,,,,0.0566149614751339,0.33991476893425,0.365864889463488,1,0.586142666002046,,0.0395390659117055,,,,,,0.176637664437294,,
1950-06-01,17.69,1.2,2.54,-0.054224,-0.057849,0.0262,0.0328,0.0216,-0.0025,0.0023,0.0115,0.001,0.0678349349915206,0.0638977635782748,0.143583945732052,0.47244094488189,0.813447467839893,0.0101,0.00659999999999999,0.0048,0.00421940928270059,,0.0303966504805388,0.005855716503,,,0.0041153743,,,,,,-1.6326005999255,,,-0.0148418189608028,0,,,,,-0.228449687361717,0.323536932468414,0.334452023313229,0.915623084333129,0.548600362043183,,0.0381330501816916,,,,,,0.409406214952469,,
1950-07-01,17.84,1.24333,2.6,0.016981,0.015875,0.0265,0.0332,0.0214,0.0055,0.0069,0.0116,0.001,0.0696933856502242,0.0702843414358394,0.145739910313901,0.478203846153846,0.812320916905444,0.0098,0.0067,0.0014,0.0126050420168067,,0.0301173421347577,0.003110250034,,,0.0043203314,,,,,,-1.78985616389935,,,0.0130926788581944,0,,,,,0.0166215486824512,0.31339368224144,0.291578234231804,0.916892897801909,0.549361177427395,,0.0447079154172133,,,,,,0.447526305913925,,
1950-08-01,18.42,1.28667,2.66,0.048063,0.031526,0.0261,0.0323,0.0214,0.0014,0.0038,0.012,0.001,0.0698517915309446,0.0721227578475336,0.144408251900109,0.483710526315789,0.784340849356757,0.0094,0.0062,0.0024,0.00829875518672196,,0.0295508661348171,0.001075605126,,,0.0044526781,,,,,,-1.52142275192921,,,0.0400509101487341,0,,,,,0.0406711883842945,0.323500871658325,0.31552340727781,0.949601541290831,0.56895873232416,,0.0449639253334138,,,,,,0.44428876042366,,
1950-09-01,19.45,1.33,2.72,0.059466,0.05651,0.0264,0.0321,0.022,-0.0072,-0.0039,0.013,0.001,0.0683804627249357,0.0722041259500543,0.139845758354756,0.488970588235294,0.751457854744654,0.009,0.0057,0.0033,0.00411522633744843,,0.0259142068568234,0.001318372969,,,0.0040318334,,,,,,-1.59935976156496,,,0.0297831325162665,0,,,,,0.00950708985328674,0.329789578914642,0.335500738088334,0.991155092389877,0.593855759897159,,0.0428597565651197,,,,,,0.323207557201385,,
1950-10-01,19.53,1.37667,2.76,0.005084,0.003425,0.0267,0.0322,0.0225,-0.0048,-8e-04,0.0131,0.0012,0.0704900153609831,0.0707799485861183,0.141321044546851,0.49879347826087,0.755966401493267,0.0094,0.0055,0.004,0.00819672131147553,,0.0273410377980091,0.001759406518,,,0.003975191,,,,,,-1.55695155694885,,,0.032338638374116,0,,,,,-0.00810411386191845,0.331671148538589,0.338733925460159,0.97095883317511,0.590314033108587,,0.0279128562437498,,,,,,0.256187558174133,,
1950-11-01,19.51,1.42333,2.8,0.02243,-7.3e-05,0.0267,0.0322,0.0224,0.0035,0.0054,0.0136,0.0011,0.0729538698103537,0.072879160266257,0.143516145566376,0.508332142857143,0.747363796133568,0.0088,0.0055,0.0019,0.00406504065040636,,0.0255401322006226,0.002457673046,,,0.0048867653,,,,,,-1.62309714299157,,,0.0268912778646833,0,,,,,-0.0982189998030663,0.344588547945023,0.329062320480497,0.96657748333121,0.597108901539995,,0.0278951072280459,,,,,,0.355547487735748,,
1950-12-01,20.41,1.47,2.84,0.055425,0.051025,0.0267,0.032,0.0224,0.0016,0.0023,0.0134,0.0011,0.0720235178833905,0.0753459764223475,0.139147476727095,0.517605633802817,0.722538441933566,0.009,0.0053,7e-04,0.0121457489878543,,0.0313591999926228,0.002489540943,,,0.0056625153,,,,,,-1.7175172723588,,,0.0404916703372677,0,,,,,0.0243871323764324,0.333103328943253,0.322526183073124,0.999787658725103,0.617624681900464,,0.0371664727545613,,,,,,0.392293810844421,,
1951-01-01,21.66,1.48667,2.83667,0.065105,0.063309,0.0266,0.0317,0.0221,0.0058,0.0019,0.0134,0.0013,0.0686366574330563,0.0728402743753062,0.130963527239151,0.524089865934353,0.683599244464092,0.0087,0.0051,-0.0039,0.016,,0.0300459654882673,0.001704688583,,,0.0056360733,,,,,,-1.65731018046019,,,0.039785734188333,0,,,,,0.0475080646574497,0.323757588863373,0.345015177185772,0.996994951518551,0.652805834666947,,0.0395041112750418,,,,1.05225974542349,,0.372748196125031,,
1951-02-01,21.8,1.50333,2.83333,0.014546,0.004185,0.0266,0.0316,0.0228,-0.0074,-0.0044,0.0136,0.001,0.0689600917431193,0.0694058171745152,0.129969266055046,0.530587683044333,0.674866097996429,0.0092,0.005,0.003,0.0118110236220472,,0.0311209333615762,0.000650643963,,,0.0055102499,,,,,,-1.56607899340431,,,0.0422024334974389,0,,,,,0.00106613826937973,0.320967763662338,0.326295416280593,0.985686910953815,0.661253508933022,,0.0405975612929719,,,,1.0522597454235,,0.301687657833099,,
1951-03-01,21.4,1.52,2.83,-0.017484,-0.019706,0.0278,0.0323,0.0241,-0.0157,-0.0237,0.014,0.0011,0.0710280373831776,0.0697247706422018,0.132242990654206,0.537102473498233,0.781394600249467,0.0101,0.0045,-0.008,0.00389105058365757,,0.0326876689487893,0.001227664949,,,0.0057490293,,,,,,-1.56570692237789,,,0.0430250504354652,0,,,,,0.0145520316436887,0.340547740459442,0.354233113496432,0.971921317117047,0.652018784269486,,0.0321857659723477,,,,1.0522597454235,,0.279984444379807,,
1951-04-01,22.43,1.53333,2.79333,0.049108,0.047903,0.0287,0.0335,0.0248,-0.0063,-9e-04,0.0147,0.0013,0.0683606776638431,0.0716509345794393,0.124535443602318,0.548925476044721,0.74943078763555,0.0101,0.0048,0.0054,0,,0.0320933416271054,0.000848198137,,,0.0044062337,,,,,,-1.52143275395811,,,0.0407476840101859,0,,,,,0.0755481421947479,0.322763025760651,0.326820170460674,1,0.679827898313089,,0.0310787482551721,,,,1.0522597454235,,0.277641147375107,,
1951-05-01,21.52,1.54667,2.75667,-0.029979,-0.040917,0.0289,0.034,0.0254,-0.0069,-0.0015,0.0155,0.0012,0.071871282527881,0.0689554168524298,0.128098048327138,0.561064617817874,0.777889044662528,0.0099,0.0051,0.0054,0.00387596899224807,,0.0306759038191977,0.001407420007,,,0.0039686672,,,,,,-1.51402823548825,,,0.0338175024752236,0,,,,,0.0455269813537598,0.33389088511467,0.36311154421404,0.948770569680386,0.654957105753338,,0.0312873653823776,,,,1.0522597454235,,0.301483988761902,,
1951-06-01,20.96,1.56,2.72,-0.025848,-0.028186,0.0294,0.0349,0.0259,-0.0062,-0.0093,0.0145,0.0012,0.0744274809160305,0.0724907063197026,0.129770992366412,0.573529411764706,0.800362677217277,0.0114,0.0055,-0.0031,0,,0.0363420279698075,0.001136773276,,,0.0040645158,,,,,,-1.49995430333987,,,0.0253243110020276,0,,,,,-0.0389975719153881,0.343468457460403,0.406756824027125,0.92212974575305,0.636566361466013,,0.0328909209833976,,,,0.537575721805272,,0.281842172145844,,
1951-07-01,22.4,1.54667,2.65,0.070935,0.070014,0.0294,0.0353,0.0252,0.0138,0.0205,0.0156,0.0013,0.0690477678571429,0.0737915076335878,0.118303571428571,0.583649056603774,0.753121849065384,0.0096,0.0059,0.0067,0,,0.0325994477787912,0.001408207863,,,0.0037154163,,,,,,-1.48771291177686,,,0.00578610912304756,0,,,,,0.0387508422136307,0.329087644815445,0.404479210276726,0.979971877018964,0.676496051630506,,0.0318405358403946,,,,0.780398234875469,,0.283974766731262,,
1951-08-01,23.28,1.53333,2.58,0.05022,0.038396,0.0288,0.035,0.0246,0.0099,0.0114,0.0162,0.0013,0.0658646907216495,0.0684522321428571,0.110824742268041,0.594313953488372,0.718593894542091,0.0084,0.0062,0.0015,0,,0.0303220155460749,0.000581779531,,,0.0039216119,,,,,,-1.47930303070191,,,-0.00758524335073929,0,,,,,0.0988713651895523,0.348365366458893,0.418520496290281,1,0.709001233045623,,0.0326796478903283,,,,0.788031817331767,,0.234490856528282,,
1951-09-01,23.26,1.52,2.51,0.002868,0.001195,0.0284,0.0346,0.0253,-0.008,-0.0057,0.0163,0.0012,0.0653482373172829,0.0652920962199313,0.107910576096303,0.605577689243028,0.716182327776958,0.009,0.0062,0.0023,0.00772200772200793,,0.0288003141041369,0.000254769042,,,0.0039337103,,,,,,-1.51831616558517,,,-0.0050174089388193,0,,,,,0.00665331119671464,0.334629237651825,0.420097721953721,0.981148460397294,0.711388619251253,,0.0294231864497775,,,,0.541962394987641,,0.178012758493423,,
1951-10-01,22.94,1.48333,2.48667,-0.013321,-0.015088,0.0289,0.035,0.0254,0.001,-0.0145,0.0154,0.0016,0.0646612903225806,0.0637717110920034,0.108398866608544,0.596512605210985,0.740232513817419,0.01,0.0061,-0.0155,0.00383141762452088,,0.0291450824217778,0.001511076255,,,0.0038418979,,,,,,-1.55342187389486,,,-0.0104141407137943,0,,,,,0.0266991518437862,0.335841208696365,0.424389687026675,0.949270904946268,0.688275572579164,,0.028017466867345,,,,-0.262482163231243,,0.237727135419846,,
1951-11-01,22.88,1.44667,2.46333,0.011388,-0.002574,0.0296,0.0356,0.0264,-0.0136,-0.0061,0.0156,0.0011,0.0632285839160839,0.06306320836966,0.107663024475524,0.587282256132958,0.743292379530754,0.0108,0.006,0.0075,0.00763358778625944,,0.0316217919711049,0.001023981652,,,0.004017421,,,,,,-1.48011256680817,,,-0.00628945764984445,0,,,,,0.0654864907264709,0.336411893367767,0.365412219523755,0.945363100191772,0.685442191148306,,0.0214935068515043,,,,-0.526933781281055,,0.273448675870895,,
1951-12-01,23.77,1.41,2.44,0.041815,0.038467,0.0301,0.0361,0.0269,-0.0061,0.0058,0.0173,0.0012,0.0593184686579722,0.0616258741258741,0.102650399663441,0.577868852459016,0.721316346618133,0.0096,0.006,0.0119,0.0037878787878789,,0.0361507866845071,0.000427036368,,,0.0041468933,,,,,,-1.40586047838386,,,-0.00379025357759,0,,,,,0.0551965609192848,0.343212157487869,0.384744681955917,0.9741650685675,0.706325261694257,,0.0216321182533271,,,,-0.526933781281055,,0.278640896081924,,
1952-01-01,24.14,1.41333,2.42667,0.017768,0.016303,0.0298,0.0359,0.0268,0.0028,0.0199,0.0157,0.0015,0.0585472245236123,0.0594585612116113,0.100524855012428,0.582415408770043,0.717425837674092,0.0111,0.0061,0.0171,0,,0.0351506971973905,0.000538421081,,,0.0035154761,,,,,,-1.41305625319357,,,0.00334372084605894,0,,,,,-0.0420956164598465,0.334923058748245,0.38240272802769,0.979447841661541,0.710155573628565,,0.0200851829102971,,,,-0.28086435893693,,0.189925774931908,,
1952-02-01,23.26,1.41667,2.41333,-0.025241,-0.035743,0.0293,0.0353,0.0269,0.0014,-0.0085,0.0154,0.0012,0.0609058469475494,0.0586855840927921,0.103754514187446,0.587018766600506,0.746693325130729,0.0115,0.00599999999999999,-0.0099,-0.00754716981132075,,0.0348716996152361,0.000931600984,,,0.0036388713,,,,,,-1.41906809399327,,,0.00574349129524521,0,,,,,-0.0100422762334347,0.352596908807755,0.357222889382544,0.941057278286355,0.682320224571713,,0.0228638625707195,,,,-0.255072270733019,,0.200230956077576,,
1952-03-01,24.37,1.42,2.4,0.052805,0.050655,0.0296,0.0351,0.0263,0.0111,0.0076,0.0159,0.0011,0.0582683627410751,0.061049011177988,0.0984817398440706,0.591666666666667,0.751874118607586,0.0104,0.0055,-0.0035,0,,0.0320941431385005,0.000631815169,,,0.0033227299,,,,,,-1.36383187959047,,,0.0050400115374396,0,,,,,0.0785903930664062,0.344244629144669,0.366974382942615,0.974997286246698,0.706928666998977,,0.0250808668717909,,,,0.517150160022809,,0.203363314270973,,
1952-04-01,23.32,1.43,2.38,-0.041423,-0.043268,0.0293,0.035,0.0254,0.0171,-4e-04,0.0157,0.0012,0.0613207547169811,0.0586787033237587,0.102058319039451,0.600840336134454,0.786399099483756,0.0097,0.0057,-0.0175,0.00380228136882121,,0.0332314421288979,0.000807835279,,,0.0038390162,,,,,,-1.40360575531519,,,-0.00801944163734003,0,,,,,0.00154802668839693,0.346465885639191,0.365612482971691,0.932192350834027,0.675892646325786,,0.0263969041025996,,,,-0.253028904656244,,0.242482781410217,,
1952-05-01,23.86,1.44,2.36,0.033698,0.023274,0.0293,0.0349,0.0257,-0.0033,0.0031,0.0167,0.0013,0.0603520536462699,0.0617495711835334,0.0989103101424979,0.610169491525424,0.770517988894805,0.009,0.0056,0.0064,0,,0.0321491223595464,0.000526452611,,,0.004511025,,,,,,-1.36011767011274,,,-0.0211560082635227,0,,,,,0.0662774443626404,0.3705073595047,0.35671204655716,0.951405724210298,0.689823438360836,,0.0257998819564404,,,,0.781601778072622,,0.208708807826042,,
1952-06-01,24.96,1.45,2.34,0.047832,0.045795,0.0294,0.035,0.0259,3e-04,0.0016,0.017,0.0015,0.0580929487179487,0.0607711651299246,0.09375,0.61965811965812,0.738715087872821,0.0089,0.0056,0.0013,0.0037878787878789,,0.027731269993829,0.000325270649,,,0.0044307208,,,,,,-1.35431063569718,,,-0.0343829162195961,0,,,,,0.0275765098631382,0.352796167135239,0.378170943499358,0.992365307377791,0.719521473358344,,0.0255715630380605,,,,1.0522597454235,,0.200112462043762,,
1952-07-01,25.4,1.45,2.34667,0.019129,0.017659,0.0295,0.035,0.0261,-0.002,0.0016,0.0181,0.0015,0.0570866141732283,0.0580929487179487,0.0923885826771654,0.617896849578339,0.724710258978395,0.008,0.0055,0.0036,0.00754716981132075,,0.0279228205756834,0.000344881781,,,0.0041125604,,,,,,-1.34058447725185,,,-0.054105774467319,0,,,,,0.0216380544006824,0.364593476057053,0.372484200299992,1,0.733426030380145,,0.0228208683470189,,,,1.0522597454235,,0.135654926300049,,
1952-08-01,25.03,1.45,2.35333,-0.005674,-0.015007,0.0294,0.0351,0.0267,-0.007,0.0063,0.0183,0.0015,0.0579304834198961,0.0570866141732283,0.0940203755493408,0.616148181513005,0.736620127981384,0.0084,0.0057,0.0133,0,,0.0280428795760552,0.000289536674,,,0.003761577,,,,,,-1.31311008956453,,,0.00445153310045887,0,,,,,-0.00607706792652607,0.382536768913269,0.374537603272434,0.981269399550466,0.721567804391741,,0.021263483069491,,,,1.0522597454235,,0.122727327048779,,
1952-09-01,24.54,1.45,2.36,-0.018085,-0.020098,0.0295,0.0352,0.0277,-0.013,-0.0018,0.0171,0.0016,0.0590872045639772,0.0579304834198961,0.0961695191524042,0.614406779661017,0.748678910609364,0.0106,0.0057,0.0112,0,,0.031038052968653,0.000441172573,,,0.0035043688,,,,,,-1.35438374558593,,,0.036301515873161,0,,,,,-0.0484705977141857,0.344724118709564,0.381798285030743,0.965464340504477,0.709945693522575,,0.0202497850161126,,,,0.806190323079379,,0.170014634728432,,
1952-10-01,24.52,1.43667,2.37333,0.00032,-0.001244,0.0301,0.0354,0.0269,0.0148,0.0039,0.0174,0.0014,0.0585917618270799,0.0585440097799511,0.0967915986949429,0.60533933334176,0.752516435761245,0.0095,0.0053,-0.0109,0,,0.029927598865388,0.001026218008,,,0.0035754811,,,,,,-1.35077770482535,,,0.0426939153066175,0,,,,,0.0647160932421684,0.363627582788467,0.359679243460203,0.960540868386314,0.706325261694257,,0.0235842868471831,,,,-0.262482163231242,,0.242063477635384,,
1952-11-01,25.66,1.42333,2.38667,0.061382,0.048273,0.0298,0.0353,0.0272,-0.0015,0.0108,0.0185,0.001,0.0554688230709275,0.0580477161500816,0.0930113016367888,0.596366485521668,0.71423535218219,0.0087,0.0055,0.0123,0,,0.0265513605000246,0.000459089125,,,0.0035423516,,,,,,-1.48066615552282,,,0.0589388794486982,0,,,,,0.0803423225879669,0.339168429374695,0.379299223098867,1,0.744182385812105,,0.0275604103452406,,,,-0.0189392786169627,,0.252672791481018,,
1952-12-01,26.57,1.41,2.4,0.038215,0.035725,0.0297,0.0351,0.0279,-0.0086,-0.0091,0.0209,0.0016,0.0530673692133986,0.0549493374902572,0.0903274369589763,0.5875,0.694073312778349,0.007,0.0054,-5e-04,0,,0.02653560792368,0.000267717467,,,0.0034459187,,,,,,-1.42602766522565,,,0.0608275681076202,0,,,,,0.0822015628218651,0.360899269580841,0.395071408701869,0.999657534246575,0.765800036729018,,0.0283818262978428,,,,0.788031817331766,,0.209102153778076,,
1953-01-01,26.38,1.41,2.41,-0.006207,-0.006795,0.0302,0.0351,0.0279,0.0012,-0.008,0.0196,0.0016,0.0534495830174374,0.0530673692133986,0.0913570887035633,0.5850622406639,0.699175207923526,0.0083,0.0049,-0.0092,-0.00374531835205982,,0.025934928549873,0.000400958877,,,0.0033213634,,,,,,-1.44480930888506,,,0.0598850605675945,0,,,,,0.070366382598877,0.372931003570557,0.385121557999677,0.98631675686715,0.760211978907049,,0.0301597214384299,,,,0.806190323079379,,0.151893228292465,,
1953-02-01,25.9,1.41,2.42,-0.00754,-0.017804,0.0307,0.0353,0.0287,-0.0087,-0.004,0.0197,0.0014,0.0544401544401544,0.0534495830174374,0.0934362934362934,0.582644628099174,0.712702712210223,0.009,0.0046,0.0047,-0.00375939849624063,,0.0265163948427987,0.000490663735,,,0.0031140907,,,,,,-1.46293897485627,,,0.0617342479093841,0,,,,,0.020403666421771,0.389256685972214,0.354504021678179,0.967595901834644,0.745782721620274,,0.0363972238450008,,,,0.00174576486049474,,0.147646486759186,,
1953-03-01,25.29,1.41,2.43,-0.022288,-0.024368,0.0312,0.0357,0.0294,-0.0088,-0.0033,0.0201,0.0018,0.0557532621589561,0.0544401544401544,0.096085409252669,0.580246913580247,0.762496873548433,0.0093,0.00449999999999999,0.0055,0.00377358490566038,,0.0240142600462709,0.000682652466,,,0.0028973121,,,,,,-1.46084654044491,,,0.0663286271147183,0,,,,,-0.124767653644085,0.371370077133179,0.400563353264921,0.952619217808639,0.734239315790854,,0.0404459228463705,,,,-0.79554838255516,,0.222657769918442,,
1953-04-01,24.62,1.41333,2.45667,-0.025308,-0.026832,0.0323,0.0365,0.0303,-0.0105,-0.0248,0.0219,0.0016,0.0574057676685621,0.0558849347568209,0.0997835093419984,0.575303154269804,0.776706096451319,0.0084,0.0042,-0.0143,0,,0.0262940995952363,0.001271594922,,,0.0033969102,,,,,,-1.49832647308207,,,0.0667334130227304,0,,,,,-0.0481907911598682,0.36608037352562,0.411713491895339,0.935191803669288,0.720806989007529,-2.332659299625,0.0363130627763387,,,,-2.17956488672194,,0.287115395069122,,
1953-05-01,24.54,1.41667,2.48333,0.007401,-0.00273,0.0334,0.0378,0.0314,-0.0148,-0.003,0.0216,0.0017,0.0577290138549307,0.0575414297319253,0.101195191524042,0.5704719066737,0.783752019979433,0.0098,0.0044,0.0118,0.00375939849624052,,0.0272265188338891,0.000593166605,,,0.0028534772,,,,,,-1.37254566210197,,,0.0684944250282071,0,,,,,0.00814784877002239,0.357187181711197,0.397981991509668,0.92678443786378,0.714326940735105,-2.32074815919056,0.027995403604307,,,,-2.45006999096455,,0.301152914762497,,
1953-06-01,24.14,1.42,2.51,-0.014266,-0.016183,0.034,0.0386,0.0301,0.0223,0.0109,0.0211,0.0018,0.0588235294117647,0.0578647106764466,0.103976801988401,0.565737051792829,0.795496905986729,0.009,0.00459999999999999,-0.0114,0.00374531835205993,,0.0274628587006161,0.001105692139,,,0.0028537844,,,,,,-1.48438215813553,,,0.0606464003815548,0.0972762645914398,,,,,-0.0476953610777855,0.350731313228607,0.351036016948566,0.91310119473093,0.703780465409135,-2.29421365606745,0.0212624358052846,,,,-2.68533577651543,,0.341093987226486,,
1953-07-01,24.75,1.42,2.52333,0.026314,0.024844,0.0328,0.0386,0.0301,0.0039,0.0177,0.0204,0.0015,0.0573737373737374,0.0588235294117647,0.101952727272727,0.562748431635973,0.774929188757354,0.0097,0.0058,0.0138,0,,0.0261528071072941,0.000581014596,,,0.0025605978,,,,,,-1.35215154898358,,,0.069227515992631,0,,,,,0.0533600300550461,0.370414346456528,0.377861004813152,0.937336192518465,0.722459794842196,-2.31212499078866,0.0220648953064195,,,,-2.41783455558372,,0.321948021650314,,
1953-08-01,23.32,1.42,2.53667,-0.050101,-0.060097,0.0324,0.0385,0.0303,-8e-04,-0.0085,0.0204,0.0017,0.0608919382504288,0.0573737373737374,0.108776586620926,0.559789014731912,0.816935916086058,0.0099,0.00609999999999999,-0.0077,0.00373134328358193,,0.0280890661922678,0.000681473835,,,0.0024851686,,,,,,-1.40246764076709,,,0.0600521012930701,0,,,,,-0.126101285219193,0.374284118413925,0.385432559935672,0.889138500289322,0.685311016082063,-2.24753241170293,0.0226785153682488,,,,-2.68533577651543,,0.336812287569046,,
1953-09-01,23.35,1.42,2.55,0.002187,7.2e-05,0.0329,0.0388,0.0284,0.0299,0.0253,0.0179,0.0016,0.060813704496788,0.0608919382504288,0.109207708779443,0.556862745098039,0.808210877139827,0.0105,0.0059,-0.0046,0,,0.0258786493566233,0.001105642591,,,0.0026094226,,,,,,-1.51160355886203,,,0.0356306924718419,0,,,,,-0.0234833974391222,0.367792040109634,0.391530307226444,0.898737193233262,0.692709289818191,-2.24279949409942,0.0250325149327172,,,,-2.68533577651543,,0.322475880384445,,
1953-10-01,24.54,1.43,2.53667,0.051046,0.049806,0.0316,0.0382,0.0281,0.0074,0.0227,0.0138,0.0013,0.0582722086389568,0.0612419700214133,0.103368785656072,0.563731190891996,0.773721039846271,0.0143,0.00659999999999999,0.0153,0.00371747211895923,,0.0246969009580799,0.000572851756,,,0.0026167199,,,,,,-1.40101843843736,,,0.0235172274655571,0,,,,,0.101367898285389,0.383704662322998,0.396573271530108,0.938799823002825,0.72358790041189,-2.29570461316176,0.0263680569519653,,,,-1.93538596734632,,0.304812967777252,,
1953-11-01,24.76,1.44,2.52333,0.023763,0.009879,0.0311,0.0375,0.0286,-0.0049,-0.0073,0.0144,8e-04,0.0581583198707593,0.058679706601467,0.10191155088853,0.570674465884367,0.758431957920176,0.0142,0.0064,-0.0024,-0.00370370370370376,,0.0257987125611036,0.000376498263,,,0.0028678282,,,,,,-1.40192099207624,,,-0.00439445235575775,0,,,,,0.0984503701329231,0.384334146976471,0.418337704311501,0.957724905544777,0.738174567778157,-2.31009716005483,0.0266775077935013,,,,-1.09130771452193,,0.251315832138062,,
1953-12-01,24.81,1.45,2.51,0.001713,-0.001189,0.0313,0.0374,0.0274,0.0206,0.0172,0.016,0.0013,0.0584441757355905,0.058562197092084,0.101168883514712,0.577689243027888,0.759700961196155,0.0114,0.0061,-0.0034,0,,0.0248232487828778,0.000417268872,,,0.0027933096,,,,,,-1.38489874632753,,,-0.0329025253349142,0,,,,,0.0620238296687603,0.401920080184937,0.465746989721414,0.956125123387453,0.736941522155469,-2.31653432067155,0.0275756105746339,,,,0.5494927389409,,0.169243052601814,,
1954-01-01,26.08,1.45667,2.52333,0.053486,0.052586,0.0306,0.0371,0.0291,0.0089,0.0124,0.0118,0.0011,0.0558539110429448,0.0587130189439742,0.0967534509202454,0.577280815430403,0.729847121994596,0.0173,0.0065,0.0035,0,,0.0233842679468662,0.000498224935,,,0.0025728274,,,,,,-1.44397433835791,,,-0.044015105827548,0,,,,,0.0494601130485535,0.396745711565018,0.481735519007256,0.998429229981219,0.767085552378204,-2.36008675088243,0.02771568389791,,,,0.816993959872619,,0.174513384699821,,
1954-02-01,26.15,1.46333,2.53667,0.012916,0.002343,0.0295,0.0361,0.0279,0.024,0.0198,0.0097,7e-04,0.0559590822179732,0.0561092791411043,0.0970045889101338,0.576870464033556,0.724519589868948,0.0182,0.0066,-0.0042,0,,0.0225634841251552,0.000340712561,,,0.00259655,,,,,,-1.37892064388444,,,-0.0447386631593325,0,,,,,0.11694011092186,0.375677973031998,0.497987667169936,1,0.772726080226671,-2.3573968800694,0.0249560477967057,,,,1.0522597454235,,0.185641884803772,,
1954-03-01,26.94,1.47,2.55,0.03053,0.028423,0.0286,0.0351,0.0278,0.0058,0.0039,0.0103,8e-04,0.05456570155902,0.0562141491395794,0.0946547884187082,0.576470588235294,0.804915818259695,0.0175,0.0065,-0.0019,0,,0.0220943651512451,0.000356548585,,,0.002326738,,,,,,-1.42477907323931,,,-0.054389923279405,0,,,,,0.0829382389783859,0.361962050199509,0.505059245309964,1,0.796258887110738,-2.38094232675547,0.0223597476484957,,,,1.0522597454235,,0.172606915235519,,
1954-04-01,28.26,1.46333,2.57333,0.048358,0.04714,0.0285,0.0347,0.0273,0.0104,-0.0034,0.0097,9e-04,0.0517809624911536,0.0543181143281366,0.0910590941259731,0.568652291000377,0.765039301036545,0.0176,0.0062,-0.0138,-0.00371747211895901,,0.020857085278116,0.000730701935,,,0.0025692037,,,,,,-1.45708869957708,,,-0.0640674008654889,0,,,,,0.0741451233625412,0.375336676836014,0.514396996964119,1,0.837762678070152,-2.41888832770626,0.0269710224720992,,,,1.0522597454235,,0.184593170881271,,
1954-05-01,29.19,1.45667,2.59667,0.042777,0.033606,0.0288,0.0347,0.0279,-0.0087,-0.0042,0.0076,5e-04,0.0499030489893799,0.0515452937013446,0.0889575196985269,0.560976173329688,0.745976976396226,0.0203,0.0059,0.0045,0.00373134328358193,,0.018493419184225,0.000429853205,,,0.0023611898,,,,,,-1.46542574632015,,,-0.0617659839044342,0,,,,,0.0563599020242691,0.395004659891129,0.566661078493738,1,0.859170448881077,-2.44301984489884,0.0342849017999057,,,,1.0522597454235,,0.15632888674736,,
1954-06-01,29.21,1.45,2.62,0.002467,0.000533,0.029,0.0349,0.0272,0.0163,0.0063,0.0064,6e-04,0.0496405340636768,0.0496745460774238,0.0896953098254023,0.553435114503817,0.732467843972057,0.0208,0.0059,-0.01,0,,0.0183582434954186,0.00093542851,,,0.0018383463,,,,,,-1.47065253908276,,,-0.062465030970051,0,,,,,-0.0179747901856899,0.369811713695526,0.412633184385976,0.989997031760166,0.87501639688328,-2.43485799366799,0.0365183147570451,,,,1.0522597454235,,0.184585198760033,,
1954-07-01,30.88,1.45667,2.62333,0.058701,0.05778,0.0289,0.035,0.0266,0.0134,0.004,0.0072,5e-04,0.0471719559585492,0.0498688805203697,0.084952396373057,0.555275165533882,0.702172913313405,0.0194,0.0061,-0.0094,0,,0.0177082577491329,0.000613306736,,,0.002042287,,,,,,-1.50463593935209,,,-0.0646578176979968,0,,,,,0.0799603834748268,0.376458466053009,0.386598233577416,1,0.912768580948133,-2.4884037090137,0.0360672227832048,,,,1.0522597454235,,0.158419087529182,,
1954-08-01,29.83,1.46333,2.62667,-0.025894,-0.034753,0.0287,0.0349,0.0269,-0.0036,0.0018,0.0092,5e-04,0.0490556486758297,0.0473876295336788,0.0880546429768689,0.557104622963676,0.727516378796903,0.0177,0.0062,0.0054,0,,0.0175275313970132,0.001144966555,,,0.0019820372,,,,,,-1.64683143868363,,,-0.0698176350032491,0,,,,,-0.00913824699819088,0.384906500577927,0.394857467908041,0.958388035846795,0.880971744890731,-2.45312353959375,0.0321915096339643,,,,1.0522597454235,,0.209161639213562,,
1954-09-01,32.31,1.47,2.63,0.0825,0.080888,0.0289,0.0347,0.0271,-0.001,0.004,0.0101,9e-04,0.0454967502321263,0.0492792490781093,0.0813989476942123,0.55893536121673,0.677745103478888,0.017,0.0058,0.005,-0.00371747211895901,,0.0168841886023126,0.000691789464,,,0.0022077679,,,,,,-1.51510864277032,,,-0.0720026028672507,0,,,,,6.6517990489956e-05,0.357901126146317,0.409630887385143,0.992128151491798,0.94566728756198,-2.53191412868808,0.032181846380482,,,,1.0522597454235,,0.19288931787014,,
1954-10-01,31.68,1.49333,2.67667,-0.017867,-0.018659,0.0287,0.0346,0.0271,6e-04,0.004,0.0098,7e-04,0.0471379419191919,0.0462188177034974,0.084490845959596,0.557905905472098,0.693758164366445,0.0173,0.0059,0.0034,0,,0.0175796111944695,0.000499174367,,,0.0029143838,,,,,,-1.5131531626308,,,-0.0638477873305896,0,,,,,-0.011419964954257,0.35246753692627,0.454229844841239,0.966276102406498,0.923839756539077,-2.49512153478678,0.0274745195780902,,,,1.0522597454235,,0.21322363615036,,
1954-11-01,34.24,1.51667,2.72333,0.095774,0.082712,0.0289,0.0345,0.0274,-0.0025,0.0025,0.0093,6e-04,0.0442952686915888,0.0478746843434343,0.0795365070093458,0.556917450327357,0.631641544070119,0.0181,0.0056,0.005,0,,0.0141532190141205,0.001266825747,,,0.0033198161,,,,,,-1.66307738977688,,,-0.0514923204549946,0,,,,,0.0953099355101585,0.338616728782654,0.432601120415211,0.995521350801781,0.995521350801781,-2.55603662666108,0.0304937736205315,,,,1.0522597454235,,0.204769849777222,,
1954-12-01,35.98,1.54,2.77,0.054288,0.052361,0.029,0.0345,0.0272,0.0064,0.0017,0.0115,8e-04,0.0428015564202335,0.0449766355140187,0.0769872151195108,0.555956678700361,0.604119785355721,0.0157,0.0055,-0.0047,-0.00373134328358216,,0.0269928124702411,0.000882280984,,,0.0028454745,,,,,,-1.73758174645585,,,-0.0422262966566183,0,,,,,0.0856762900948524,0.336153239011765,0.480477376601913,1,1,-2.58890607713036,0.0375794945352872,,,,1.0522597454235,,0.219704493880272,,
1955-01-01,36.63,1.54667,2.83333,0.018076,0.017591,0.0293,0.0345,0.0286,-0.0241,-0.0097,0.0122,8e-04,0.0422241332241332,0.0429869371873263,0.0773499863499864,0.545884171628437,0.597558887557175,0.0164,0.0052,0.0144,0,,0.0264122091414961,0.002517397902,,,0.0027903739,,,,,,-1.81174176759565,,,-0.0233152416168427,0,,,,,0.0462245792150497,0.352229565382004,0.486123475045743,0.999853261268312,0.999853261268312,-2.58518008631987,0.0418133127497878,,,,1.0522597454235,,0.269511133432388,,
1955-02-01,36.76,1.55333,2.89667,0.013526,0.005446,0.0293,0.0347,0.0292,-0.0078,-0.0063,0.0117,9e-04,0.0422559847660501,0.0424059514059514,0.0787995103373232,0.536246793732113,0.593148323500134,0.0175,0.0054,0.0015,0,,0.0280446533495194,0.000604031132,,,0.0024695423,,,,,,-1.70536944337567,,,-0.0144892613559771,0,,,,,0.104701176285744,0.360926955938339,0.481217523106372,0.994879103359985,0.994879103359985,-2.56700345360782,0.0386310708425988,,,,1.0522597454235,,0.248054578900337,,
1955-03-01,36.58,1.56,2.96,-0.002242,-0.003851,0.0302,0.0348,0.0288,0.0087,0.0092,0.0128,0.001,0.042646254784035,0.0424374319912949,0.0809185347184254,0.527027027027027,0.607761776909934,0.016,0.0046,5e-04,0,,0.0279683419332681,0.002482548154,,,0.0028220555,,,,,,-1.83091572012012,,,0.00500637250028779,0,,,,,-0.0424539819359779,0.3454310297966,0.461650113083643,0.976219977125429,0.976219977125429,-2.5407595446416,0.0329999697487153,,,,1.0522597454235,,0.358162641525269,,
1955-04-01,37.96,1.56333,3.04667,0.039843,0.038885,0.0301,0.0349,0.029,1e-04,-1e-04,0.0159,0.001,0.0411836143308746,0.0427372881355932,0.0802600105374078,0.51312744734415,0.584987665922706,0.0131,0.0048,-2e-04,0,,0.0265096788858794,0.000628050342,,,0.0012310804,,,,,,-1.66761422148022,,,0.0134061919887376,0,,,,,0.0422365218400955,0.338549941778183,0.465033867863826,0.988412595207134,0.988412595207134,-2.54961245024073,0.0307209106253435,,,,1.0522597454235,,0.320900201797485,,
1955-05-01,37.91,1.56667,3.13333,0.006433,-0.001081,0.0304,0.035,0.0287,0.0073,-0.0018,0.0145,0.0014,0.0413260353468742,0.0412716016859852,0.0826518069111053,0.500001595746378,0.586075413077249,0.0142,0.0046,-0.0091,0,,0.025418715307258,0.000745073396,,,0.0014133625,,,,,,-1.66987508525837,,,0.0255970210300442,0,,,,,0.0229172743856907,0.356514513492584,0.485268032345571,0.986578116292031,0.986578116292031,-2.52034457900434,0.0312044193252335,,,,1.0522597454235,,0.340001434087753,,
1955-06-01,41.03,1.57,3.22,0.0813,0.07993,0.0305,0.0351,0.0293,-0.0076,0.0029,0.0141,0.001,0.0382646843772849,0.0414138749670272,0.0784791615890812,0.487577639751553,0.551641632327529,0.0152,0.0046,0.0105,0,,0.0253639322714667,0.00064574407,,,0.00045419824,,,,,,-1.63744075210957,,,0.023273332836578,0,,,,,0.0852035805583,0.341634809970856,0.251450721708994,1,1,-2.57234274247377,0.033466233895395,,,,1.0522597454235,,0.160860478878021,,
1955-07-01,43.52,1.58667,3.29333,0.057646,0.057068,0.0306,0.0352,0.03,-0.0102,-0.0041,0.016,0.001,0.0364584099264706,0.0386709724591762,0.0756739430147059,0.481782876298458,0.534506815498551,0.014,0.0046,0.0061,0.00374531835205993,,0.0247604416158462,0.002082118547,,,0.00064126365,,,,,,-1.68036001647378,,,0.0274513745628471,0,,,,,0.108333736658096,0.33101025223732,0.218196254526392,0.994449781193297,0.994449781193297,-2.60990884845419,0.0383260027745611,,,,1.0522597454235,,0.147870823740959,,
1955-08-01,43.18,1.60333,3.36667,-0.000648,-0.008313,0.0311,0.0356,0.0301,4e-04,-0.0038,0.019,0.0016,0.0371313107920333,0.0368412224264706,0.0779682723483094,0.476236162142414,0.531846725618352,0.0111,0.0045,-0.0042,0,,0.0266710626328544,0.00112040356,,,0.00057374836,,,,,,-1.58903711974968,,,0.0225274078859097,0,,,,,0.0323011130094528,0.338096737861633,0.184280222797693,0.999423631123919,0.999423631123919,-2.58072079748961,0.0378850500111268,,,,1.0522597454235,,0.159720286726952,,
1955-09-01,43.67,1.62,3.44,0.011286,0.010117,0.0313,0.0359,0.0298,0.0073,0.0076,0.0207,0.0016,0.0370964048545913,0.0375173691523854,0.0787726127776506,0.47093023255814,0.533624791050534,0.0091,0.0046,3e-04,0.00373134328358193,,0.0256339808001362,0.005711080807,,,0.00020638789,,,,,,-1.68768770422636,,,0.0253745929883258,0,,,,,-0.37975537776947,0.341726034879684,0.203655420381533,0.957267412042261,0.957267412042261,-2.57045739379273,0.03384877833057,,,,1.0522597454235,,0.42245626449585,,
1955-10-01,42.34,1.62667,3.5,-0.030468,-0.031,0.031,0.0359,0.0292,0.0144,0.0078,0.0223,0.0018,0.0384192253188474,0.0372491412869247,0.0826641473783656,0.464762857142857,0.547409149866995,0.0069,0.0049,-0.0066,0,,0.0251006920513459,0.002679895779,,,0.00063240877,,,,,,-1.65019484411532,,,0.0383920510548621,0,,,,,-0.0665585100650787,0.339616328477859,0.249136863051543,0.93316237562827,0.93316237562827,-2.52136237171257,0.0276969995407494,,,,1.0522597454235,,0.503504455089569,,
1955-11-01,45.51,1.63333,3.56,0.087825,0.075124,0.031,0.0358,0.0295,-0.0045,-0.003,0.0224,0.0017,0.0358894748406944,0.0385765233821445,0.0782245660294441,0.458800561797753,0.515250589744651,0.0071,0.0048,0.0015,0,,0.0260337023801855,0.001929161819,,,0.00037276775,,,,,,-1.62794264250337,,,0.0373086117876325,0,,,,,0.112352080643177,0.355313837528229,0.267802739045435,0.991404246589394,0.991404246589394,-2.57666180756424,0.0297666484489513,,,,1.0522597454235,,0.481169372797012,,
1955-12-01,45.48,1.64,3.62,-0.000309,-0.001685,0.0315,0.0362,0.0295,0.0037,0.0063,0.0254,0.0018,0.0360598065083553,0.036036036036036,0.0795954265611258,0.453038674033149,0.50982800982801,0.0041,0.0047,0.0026,-0.00371747211895901,,0.0252445495439478,0.000474703249,,,0.00024379918,,,,,,-1.57915694844319,,,0.0374879155564272,0,,,,,0.0854330360889435,0.364679247140884,0.238418652975622,1,1,-2.55996902034444,0.0301395319042437,,,,1.0522597454235,,0.289730280637741,,
1956-01-01,43.82,1.67,3.64333,-0.035057,-0.036279,0.0311,0.036,0.0292,0.0083,0.0104,0.0241,0.0022,0.038110451848471,0.0367194371152155,0.0831430853491556,0.458371874082227,0.528954412202065,0.0051,0.00490000000000001,0.0021,0,,0.026424476733219,0.001179984062,,,-0.00039753293,,,,,,-1.67448105207234,,,0.0401683151922976,0,,,,,0.0908018350601196,0.333283752202988,0.22975628676706,0.963841113841114,0.963841113841114,-2.5157796924124,0.0296725824694563,,,,0.00174576486049474,,0.231077179312706,,
1956-02-01,45.34,1.7,3.66667,0.041397,0.034458,0.0308,0.0358,0.0293,-2e-04,0.0026,0.0232,0.0019,0.0374944861049846,0.0387950707439525,0.0808705337450375,0.463635942149143,0.514835108032668,0.0061,0.005,0.0028,0,,0.0241653439525361,0.001100147203,,,0.0003637531,,,,,,-1.61196739069121,,,0.0277533785182866,0,,,,,0.0449515022337437,0.333573848009109,0.235024084873847,0.990274365274365,0.990274365274365,-2.54290994826822,0.0249435558438763,,,,-0.265008700961087,,0.280887961387634,,
1956-03-01,48.48,1.73,3.69,0.070328,0.069226,0.031,0.036,0.0303,-0.0149,-0.0146,0.0225,0.0015,0.0356848184818482,0.0381561535068372,0.0761138613861386,0.468834688346883,0.531077199632662,0.0078,0.005,3e-04,0,,0.0266950680883361,0.001008855821,,,0.00074149788,,,,,,-1.6468398679851,,,0.0241533104251408,0,,,,,0.0849618092179298,0.31797382235527,0.245646410342184,0.997582987349668,0.997582987349668,-2.6046952610084,0.0263853021730521,,,,0.788031817331766,,0.27611368894577,,
1956-04-01,48.38,1.75333,3.66,-0.000637,-0.001425,0.0324,0.0368,0.0311,-0.0113,-0.0115,0.026,0.0019,0.036240801984291,0.0361660478547855,0.0756510954940058,0.479051912568306,0.526621715880028,0.0051,0.00439999999999999,-0.000200000000000001,0.00373134328358193,,0.02621374844065,0.000814899402,,,0.0004518148,,,,,,-1.63642361224348,,,0.0281108172809703,0,,,,,0.126724973320961,0.352681994438171,0.259894126481775,0.990538336052202,0.990538336052202,-2.61292820759702,0.0289574629740083,,,,0.806190323079379,,0.229526028037071,,
1956-05-01,45.2,1.77667,3.63,-0.058414,-0.065976,0.0328,0.0373,0.0299,0.0225,0.0052,0.0261,0.0023,0.0393068584070796,0.036723232740802,0.0803097345132743,0.489440771349862,0.568559774082209,0.0038,0.0045,-0.0173,0.00371747211895923,,0.029302982313754,0.001836428711,,,0.00050480841,,,,,,-1.70214874319389,,,0.0157011757825218,0,,,,,0.140220314264297,0.328274041414261,0.288174524090571,0.917474330678438,0.917474330678438,-2.55210262162204,0.0309135990203487,,,,-0.531096764505347,,0.273339092731476,,
1956-06-01,46.97,1.8,3.6,0.03891,0.037762,0.0326,0.0376,0.0299,0.0027,-0.0018,0.0249,0.002,0.0383223334043006,0.0398230088495575,0.0766446668086012,0.5,0.55156459271886,0.005,0.005,-0.0045,0.00740740740740731,,0.0256715217808584,0.001037044865,,,0.00093993644,,,,,,-1.56324801127014,,,0.00321226231920768,0,,,,,0.0274839755147696,0.328016132116318,0.583519774230975,0.945744170425103,0.945744170425103,-2.59813405681838,0.0296493953493763,,,,-0.526933781281054,,0.303986072540283,,
1956-07-01,49.39,1.81333,3.55333,0.051427,0.050619,0.0328,0.038,0.0313,-0.0209,-0.0093,0.0231,0.0022,0.0367145171087265,0.0386061315733447,0.0719443207126949,0.510318489979822,0.524902956682953,0.0082,0.0052,0.0116,0.00735294117647056,,0.0247536058799299,0.000495576343,,,0.0010155226,,,,,,-1.57061416991288,,,-0.0315049425468543,0,,,,,0.0688227564096451,0.323865205049515,0.66041814370055,0.993781786776701,0.993781786776701,-2.66248897611145,0.0271866985627277,,,,0.523580199281954,,0.296424299478531,,
1956-08-01,47.51,1.82667,3.50667,-0.032788,-0.039976,0.0343,0.0393,0.0325,-0.0187,-0.0208,0.026,0.0017,0.0384481161860661,0.0369846122696902,0.0738090928225637,0.520913002934408,0.54139112421321,0.0065,0.005,-0.0021,-0.00364963503649629,,0.0238125198482754,0.001235405334,,,0.0010104698,,,,,,-1.59966544412575,,,0.00494318383706949,0,,,,,0.0266326051205397,0.326418489217758,0.661791136489535,0.963515977353421,0.963515977353421,-2.63903091022566,0.0263106035838767,,,,0.279813624709599,,0.262454509735107,,
1956-09-01,45.35,1.84,3.46,-0.044022,-0.045127,0.0356,0.0407,0.0324,0.005,0.0012,0.0284,0.0018,0.0405733186328556,0.0387286886971164,0.0762954796030871,0.531791907514451,0.571909521304577,0.004,0.0051,-0.0038,0.00366300366300365,,0.0293630386791693,0.000787779448,,,0.0013593543,,,,,,-1.58054239727804,,,0.0238959413832167,0,,,,,-0.0156130436807871,0.348695367574692,0.669882133994981,0.912100566164476,0.912100566164476,-2.60638292127131,0.0248413098273511,,,,-1.62229227644579,,0.243592068552971,,
1956-10-01,45.58,1.80667,3.44333,0.006619,0.005298,0.0359,0.0417,0.0329,-0.0054,-0.0105,0.029,0.0025,0.0396373409390083,0.039838368246968,0.0755447564721369,0.524686858360947,0.566427008440137,0.0039,0.0058,-0.0051,0.00364963503649651,,0.029458401361646,0.001642010459,,,0.0012720931,,,,,,-1.58595998827831,,,0.02894964367839,0,,,,,0.0129397371783853,0.343023180961609,0.751415579686784,0.920928893580271,0.920928893580271,-2.61588433427973,0.0286891217536714,,,,-2.18256877003283,,0.31317988038063,,
1956-11-01,45.08,1.77333,3.42667,-0.001921,-0.011161,0.0369,0.0424,0.0333,-0.0057,-0.0126,0.0299,0.002,0.0393374001774623,0.0389058797718298,0.0760130878438332,0.517508251451117,0.574897415288295,0.0034,0.0055,-0.0069,0,,0.0270895457317211,0.001731517026,,,0.0015415947,,,,,,-1.613411013034,,,0.0167544466765053,0,,,,,0.116740703582764,0.36961954832077,0.786125007006564,0.907360138182516,0.907360138182516,-2.61115454874248,0.0318612378769898,,,,-2.68533577651543,,0.334653615951538,,
1956-12-01,46.67,1.74,3.41,0.036284,0.034442,0.0375,0.0437,0.0345,-0.0179,-0.0082,0.0321,0.0024,0.0372830512106278,0.0385980479148181,0.0730662095564603,0.510263929618768,0.544176827437083,0.00240000000000001,0.0062,0.0097,0.00363636363636366,,0.0261504008906419,0.001020275623,,,0.00096984129,,,,,,-1.60993294884942,,,0.0279350288691531,0,,,,,0.118309460580349,0.352123081684113,0.655810719172053,0.958583629210249,0.958583629210249,-2.65165988274822,0.0347254032616797,,,,-1.66416233475709,,0.329677641391754,,
1957-01-01,44.72,1.73667,3.40667,-0.040238,-0.041569,0.0377,0.0449,0.0328,0.0346,0.0197,0.0311,0.0027,0.0388343023255814,0.0372116991643454,0.0761777728085868,0.509785215474349,0.567242674680691,0.0017,0.00720000000000001,-0.0149,0,,0.0279930621560428,0.00090194246,,,0.0007385817,,,,,,-1.60577578326764,,,0.0207080225508953,0.0886524822695036,,,,,0.0473662577569485,0.355985701084137,0.607317995842721,0.919604644467901,0.919604644467901,-2.60870043285357,0.034387549286981,,,,-2.45006999096455,,0.284594804048538,,
1957-02-01,43.26,1.73333,3.40333,-0.024919,-0.032823,0.0367,0.0447,0.0328,0.0025,0.0093,0.031,0.0024,0.0400677300046232,0.0387596153846154,0.0786715210355987,0.509304122726859,0.584994188799449,0.0018,0.008,0.0068,0.00362318840579712,,0.030173938826421,0.001056040188,,,0.00082731425,,,,,,-1.59071359706771,,,0.0268943350748359,0,,,,,0.0106837162747979,0.348345965147018,0.635753984272605,0.891699453027541,0.891699453027541,-2.5753283933198,0.0306052769945073,,,,-2.68533577651543,,0.26505908370018,,
1957-03-01,44.11,1.73,3.4,0.023827,0.020752,0.0366,0.0443,0.0331,-0.0024,0.005,0.0308,0.0023,0.0392201314894582,0.0399907535829866,0.0770800272047155,0.508823529411765,0.599818874918388,0.0023,0.0077,0.0074,0.00361010830324915,,0.0266007299612642,0.000330297596,,,0.0010540988,,,,,,-1.48745009864481,,,0.0221295638157057,0,,,,,0.0435484275221825,0.372271418571472,0.631090560787891,0.911256117455139,0.911256117455139,-2.59644256570353,0.0275222502346178,,,,-2.68533577651543,,0.263519197702408,,
1957-04-01,45.74,1.73,3.40667,0.046538,0.045215,0.0367,0.0444,0.0345,-0.0222,-0.0066,0.0307,0.0025,0.0378224748578924,0.0392201314894582,0.0744790118058592,0.507827291754118,0.576098389837365,0.0038,0.00770000000000001,0.0156,0.00359712230215825,,0.0274216710130691,0.000302460063,,,0.0021421117,,,,,,-1.51052326417724,,,0.00514103656446308,0,,,,,0.0641688033938408,0.362655699253082,0.665884020603592,0.948958633266148,0.948776508972268,-2.63144608534382,0.0252066818309876,,,,-1.6368651620292,,0.232142865657806,,
1957-05-01,47.43,1.73,3.41333,0.038734,0.033208,0.0374,0.0452,0.0348,-0.0023,-0.0075,0.0306,0.0026,0.0364748049757537,0.0378224748578924,0.0719656335652541,0.506836432457454,0.564038579605094,0.0042,0.00779999999999999,-0.0052,0.00358422939068115,,0.0288496906287846,0.000481771175,,,0.0024221896,,,,,,-1.54055467128938,,,-0.00210195650833622,0,,,,,0.0837944969534874,0.350518405437469,0.707629654724064,0.969248488338612,0.969062470012475,-2.66693372934651,0.0287180777542977,,,,0.514253420249177,,0.14543990790844,,
1957-06-01,47.37,1.73,3.42,-0.000705,-0.003632,0.0391,0.0463,0.0361,-0.018,-0.0322,0.0329,0.0024,0.0365210048553937,0.0364748049757537,0.0721975934135529,0.505847953216374,0.565876532416698,0.0032,0.0072,-0.0142,0.00357142857142856,,0.0305288855288723,0.000578621411,,,0.0021760295,,,,,,-1.56007630711854,,,-0.00317523538286046,0,,,,,0.0680708959698677,0.365582197904587,0.320920196341263,0.966100393511853,0.965914979368583,-2.66564435060484,0.0303113966824419,,,,1.0522597454235,,0.178377538919449,,
1957-07-01,47.91,1.74,3.43667,0.009747,0.008217,0.0399,0.0473,0.0365,-0.0041,-0.011,0.0316,0.003,0.0363180964308078,0.0367321089297023,0.0717317887706116,0.506304067600322,0.560056634940612,0.00489999999999999,0.0074,-0.0069,0.00711743772241991,,0.032347215972436,0.000553867662,,,0.0016312095,,,,,,-1.54334968825413,,,-0.000575722018249181,0,,,,,0.0539733693003654,0.359134316444397,0.308775543103365,0.976139744697188,0.975952403800019,-2.67336868121488,0.0313829929743813,,,,0.816993959872619,,0.202738717198372,,
1957-08-01,45.22,1.75,3.45333,-0.048998,-0.054178,0.041,0.0482,0.0367,2e-04,-9e-04,0.0337,0.0025,0.0386996904024768,0.0365268211229388,0.0763673153471915,0.506757245904678,0.588004542169918,0.003,0.00720000000000001,-0.0011,0,,0.0358541792322039,0.002147248218,,,0.0013495821,,,,,,-1.6144915911089,,,-0.00410932976787137,0,,,,,0.0862952247262001,0.378268152475357,0.229789127411008,0.930065095915663,0.929565300834853,-2.61074789355027,0.0288853587951448,,,,0.27046620505514,,0.320205748081207,,
1957-09-01,42.42,1.76,3.47,-0.057879,-0.060609,0.0412,0.0493,0.0364,0.0076,0.0095,0.0353,0.0026,0.0414898632720415,0.0389208314904909,0.0818010372465818,0.507204610951009,0.624150777996932,0.0011,0.0081,0.0019,0,,0.0343627222983134,0.001517109881,,,0.0011169848,,,,,,-1.59406353622071,,,-0.0162442063707693,0,,,,,-0.00189956300891936,0.363973289728165,0.223699988207719,0.876202546229622,0.875731695614624,-2.54191654155202,0.0302061066808457,,,,-1.61413675247497,,0.363912880420685,,
1957-10-01,41.06,1.77,3.43667,-0.038834,-0.040549,0.041,0.0499,0.0369,-0.005,0.0023,0.0358,0.0029,0.0431076473453483,0.0417256011315417,0.083698733560643,0.51503344807619,0.645746417558498,0.0011,0.00890000000000001,0.0073,0,,0.0384099275745691,0.004936011404,,,0.001123013,,,,,,-1.76743678394668,,,-0.0346942321210588,0,,,,,0.110739886760712,0.362465679645538,0.219066188639282,0.846899783013615,0.84644467901353,-2.51946364230018,0.0319127378455478,,,,-2.68533577651543,,0.488484978675842,,
1957-11-01,41.72,1.78,3.40333,0.023703,0.016483,0.0408,0.0509,0.034,0.0533,0.0311,0.0331,0.0028,0.0426653883029722,0.043351193375548,0.0815755033557047,0.52301716260251,0.633071776290928,0.000900000000000005,0.0101,-0.0222,0.00353356890459366,,0.0409900213263945,0.003490078536,,,0.00080408554,,,,,,-1.71676174743711,,,-0.062317295329728,-0.022801302931596,,,,,0.136935323476791,0.352076202630997,0.208019571988241,0.86385544482209,0.863391229248633,-2.54275104073889,0.0431075391705363,,,,-2.68533577651543,,0.495689898729324,,
1957-12-01,39.99,1.79,3.37,-0.037422,-0.041021,0.0381,0.0503,0.0323,0.0307,0.0685,0.0304,0.0024,0.0447611902975744,0.0429050814956855,0.0842710677669417,0.531157270029674,0.653675778649958,0.0019,0.0122,0.0378,0,,0.0348732256800438,0.001251402443,,,0.0006679271,,,,,,-1.60755819587112,,,-0.0852779355106845,0.0233333333333332,,,,,0.0577462688088417,0.347250729799271,0.197022659357712,0.836626533786508,0.836176950388638,-2.50531224008421,0.0481234476809931,,,,-2.68533577651543,,0.468436241149902,,
1958-01-01,41.7,1.78333,3.29333,0.045518,0.04433,0.036,0.0483,0.033,-0.0084,0.0099,0.0244,0.0028,0.0427657074340528,0.0445943985996499,0.0789767386091127,0.541497511637158,0.632860761743923,0.0086,0.0123,0.0183,0.00704225352112675,,0.0298962531410879,0.000784465273,,,0.00029026727,,,,,,-1.61585624170257,,,-0.107287330545935,0,,,,,0.0253329202532768,0.36883544921875,0.227360496695117,0.864143479847149,0.863679109490452,-2.56903412497955,0.0534744690627657,,,,-2.68533577651543,,0.346359729766846,,
1958-02-01,40.84,1.77667,3.21667,-0.014109,-0.020288,0.0359,0.0466,0.0325,0.01,-8e-04,0.0153,0.0012,0.0435031831537708,0.0426059952038369,0.0787627326150833,0.552332070122207,0.647390434624477,0.0172,0.0107,-0.0108,0,,0.0277511509865157,0.000736247717,,,0.00063030591,,,,,,-1.53026911299404,,,-0.132359662801683,0,,,,FALSE,0.0405967906117439,0.371080160140991,0.241885250940095,0.844749121493174,0.844295173207946,-2.57135945169316,0.0440367721040781,,,,-2.68533577651543,,0.255536586046219,,
1958-03-01,42.1,1.77,3.14,0.033052,0.029736,0.0363,0.0468,0.0321,0.0102,-0.0046,0.013,9e-04,0.0420427553444181,0.0433398628795299,0.0745843230403801,0.563694267515924,0.668591637568269,0.0191,0.0105,-0.0148,0.00699300699300687,,0.0289343768680751,0.000519205729,,,0.00018732113,,,,,,-1.50351123054801,,,-0.148200835773221,0,,,,TRUE,0.0401826351881027,0.373635292053223,0.219413483121548,0.857883518635866,0.85742251223491,-2.62518954939808,0.0380674340831506,,,,-2.43926635417131,,0.219169437885284,,
1958-04-01,43.44,1.75667,3.07,0.033511,0.032038,0.036,0.0467,0.0311,0.0186,0.0163,0.0113,8e-04,0.0404389963167587,0.0417261282660333,0.0706721915285451,0.572205211726384,0.65524503136928,0.0198,0.0107,-0.0023,0.0034722222222221,,0.0270173463399042,0.000746761583,,,0.00059178144,,,,,,-1.54540856875161,,,-0.168396994585979,0,,,,TRUE,0.035947397351265,0.36709862947464,0.173301560078564,0.875357643489448,0.874887246905288,-2.67809618852779,0.0329505663059562,,,,-0.268431005926535,,0.246386989951134,,
1958-05-01,44.09,1.74333,3,0.021313,0.015503,0.0357,0.0462,0.0313,1e-04,0.0031,0.0091,0.0011,0.0395402585620322,0.0401319060773481,0.0680426400544341,0.58111,0.645558677328723,0.0222,0.0105,0.003,0,,0.0228686029157645,0.000433117202,,,0.00033967296,,,,,,-1.53442478248368,,,-0.162125235212883,0,,,,TRUE,0.0205108989030123,0.370126187801361,0.162440774413567,0.888492040632141,0.888014585932252,-2.71640251212719,0.0329857221856738,,,,0.5494927389409,,0.209454476833344,,
1958-06-01,45.24,1.73,2.93,0.027998,0.024897,0.0357,0.0455,0.0324,-0.016,-0.0038,0.0083,3e-04,0.0382404951370469,0.0392379224313903,0.0647656940760389,0.590443686006826,0.624660169810532,0.0241,0.0098,0.0122,0,,0.0214355773523414,0.000438202446,,,0.00075771817,,,,,,-1.57477507371556,,,-0.139574170391403,0,,,,TRUE,0.0356275998055935,0.366074055433273,0.372143526422747,0.918217255218235,0.917723826888015,-2.76624672589951,0.0350946330214363,,,,0.816993959872619,,0.214076891541481,,
1958-07-01,47.19,1.73,2.91333,0.04396,0.042418,0.0367,0.0453,0.0343,-0.0278,-0.0153,0.0091,7e-04,0.0366603093875821,0.0382404951370469,0.0617361729179911,0.593822189727906,0.593848784270065,0.0252,0.0086,0.0125,0.0034602076124568,,0.016932805254793,0.000695624596,,,0.00094813929,,,,,,-1.61540077252362,,,-0.128289596013098,0,,,,TRUE,0.00216688774526119,0.33554545044899,0.371419630421825,0.99582260938428,0.965339218884944,-2.81638391596375,0.0329364324774052,,,,0.816993959872619,,0.19717775285244,,
1958-08-01,47.75,1.73,2.89667,0.017999,0.01327,0.0385,0.0467,0.0371,-0.0435,-0.032,0.0169,4e-04,0.0362303664921466,0.0366603093875821,0.0606632460732984,0.597237517563271,0.587263826357077,0.0202,0.0082,0.0115,-0.00344827586206897,,0.0150896547867305,0.000588961893,,,0.0012465824,,,,,,-1.62676517835409,,,-0.111974245821118,0,,,,TRUE,0.000164733457495458,0.343588501214981,0.361769692542523,0.99260372350806,0.976163515977354,-2.83720509105589,0.0329834788463052,,,,1.0522597454235,,0.208068862557411,,
1958-09-01,50.06,1.73,2.88,0.050837,0.047954,0.0409,0.0487,0.038,-0.0117,-0.0096,0.0244,0.0019,0.0345585297642829,0.0362303664921466,0.0575309628445865,0.600694444444444,0.561371196602079,0.0136,0.0078,0.0021,0,,0.0139825511188217,0.000510180329,,,0.0013977792,,,,,,-1.66197766154424,,,-0.106343127009211,0,,,,TRUE,0.0785185620188713,0.34654700756073,0.373509205376654,1,1,-2.89234234587587,0.0331754943873314,,,,1.0522597454235,,0.189624771475792,,
1958-10-01,51.33,1.73667,2.88333,0.02737,0.025878,0.0411,0.0492,0.0374,0.0138,0.0107,0.0263,0.0018,0.033833430742256,0.0346917698761486,0.0561724137931034,0.602313991114441,0.549869297890357,0.0111,0.0081,-0.0031,0,,0.0122780057034597,0.000793475042,,,0.0011634523,,,,,,-1.72088296361755,,,-0.0982337003327265,0,,,,TRUE,0.0427580140531063,0.340155124664307,0.325757742545269,0.994252873563218,0.994252873563218,-2.91662528511026,0.036280534688857,,,,1.0522597454235,,0.190198615193367,,
1958-11-01,52.48,1.74333,2.88667,0.028617,0.023385,0.0409,0.0487,0.0368,0.012,0.0105,0.0267,0.0011,0.0332189405487805,0.0339631794272355,0.0550051448170732,0.603924244891172,0.535823198076992,0.0101,0.0078,-0.0015,0.0034602076124568,,0.0115341134592225,0.001530210274,,,0.0015285202,,,,,,-1.86864539345232,,,-0.0726860790439123,-0.022801302931596,,,,TRUE,0.0577130280435085,0.339970678091049,0.393398351640397,0.982412237417172,0.982412237417172,-2.93704613893102,0.0452011878654457,,,,1.0522597454235,,0.267355620861053,,
1958-12-01,55.21,1.75,2.89,0.054112,0.051432,0.0408,0.0485,0.0382,-0.0181,-0.0058,0.0277,0.0022,0.0316971563122623,0.0333460365853659,0.0523455895671074,0.605536332179931,0.511779319797824,0.0105,0.00769999999999999,0.0123,-0.00344827586206897,,0.0236861057363776,0.000712771885,,,0.0015858124,,,,,,-1.77505642741473,,,-0.0749107824579673,0,,,,TRUE,0.158954352140427,0.32905101776123,0.428965868398387,1,1,-2.98776124659969,0.0456866244497283,,,,1.0522597454235,,0.23560032248497,,
1959-01-01,55.42,1.75667,2.96333,0.006331,0.005395,0.0412,0.0487,0.0408,-0.008,-0.0028,0.0282,0.0021,0.0316974016600505,0.0318179677594639,0.0534704077950198,0.592802691566582,0.502895817900195,0.0126,0.0075,0.0052,0.0034602076124568,,0.0277355419056432,0.000584867984,,,0.0017223872,,,,,,-1.8480174095324,,,-0.0635825184197394,0,,,,TRUE,0.0514215230941772,0.323372662067413,0.659468918136399,0.993809189171101,0.993809189171101,-2.96803990579399,0.0463037759285746,,,,1.0522597454235,,0.231761962175369,,
1959-02-01,55.41,1.76333,3.03667,0.006711,0.00221,0.0414,0.0489,0.0402,0.0117,0.0126,0.027,0.0019,0.0318233170907778,0.0318175748827138,0.0548036455513445,0.580678835698314,0.494946147473074,0.0132,0.0075,9e-04,-0.00344827586206897,,0.0278981343690966,0.000844733454,,,0.001945027,,,,,,-1.78377738554052,,,-0.0476530207388812,-0.0099999999999999,,,,TRUE,0.0513279959559441,0.335969477891922,0.671835252684893,1,1,-2.94283458636646,0.038953751017791,,,,1.0522597454235,,0.17620213329792,,
1959-03-01,55.44,1.77,3.11,0.003352,0.000826,0.0413,0.0485,0.0403,0.0017,-0.0083,0.028,0.0022,0.0319264069264069,0.0319436924742826,0.0560966810966811,0.569131832797428,0.51686028153097,0.0123,0.0072,-0.01,0,,0.024984383092186,0.000491508124,,,0.0017683065,,,,,,-1.82583695104773,,,-0.0368062829283837,0,,,,TRUE,0.0771055221557617,0.333599537611008,0.645183512555589,0.978883664936797,0.978883664936797,-2.91980318337455,0.0382948331805342,,,,1.0522597454235,,0.178767800331116,,
1959-04-01,57.59,1.77667,3.20667,0.040054,0.039093,0.0423,0.0486,0.0414,-0.0117,-0.0172,0.0295,0.002,0.0308503212363257,0.0320467171717172,0.0556810210105921,0.554054517614847,0.498597194388778,0.0119,0.0063,-0.0055,0.0034602076124568,,0.0243605593822584,0.000492550209,,,0.0013570631,,,,,,-1.77591104197054,,,-0.0191877836562813,0,,,,TRUE,0.0515127703547478,0.318899571895599,0.652508343768979,0.990283709336847,0.990283709336847,-2.92848982014685,0.0370738303465945,,,,1.0522597454235,,0.162195935845375,,
1959-05-01,58.68,1.78333,3.30333,0.023631,0.019043,0.0437,0.0496,0.0417,-5e-04,-0.0114,0.0284,0.0022,0.0303907634628494,0.0309659663135961,0.0562939672801636,0.539858264236392,0.483076779695242,0.0133,0.0059,-0.0109,0,,0.0258872238048026,0.000427800914,,,0.0019126436,,,,,,-1.82023137130663,,,-0.00768607099979235,0,,,,TRUE,0.0744399279356003,0.335838049650192,0.666432198434401,1,1,-2.91936495138303,0.0368047902762983,,,,1.0522597454235,,0.126314520835876,,
1959-06-01,58.47,1.79,3.4,-0.000725,-0.003196,0.0446,0.0504,0.0419,0.001,0.0044,0.0321,0.0024,0.0306139900803831,0.0305044308111793,0.0581494783649735,0.526470588235294,0.483219390926041,0.0098,0.0058,0.0034,0.00344827586206908,,0.0268821598013155,0.000915070174,,,0.0019170919,,,,,,-1.80771737770927,,,-0.0099897002713476,0,,,,TRUE,0.0835572108626366,0.334227055311203,0.511112075118357,0.999704872706939,0.999704872706939,-2.88722298217162,0.033888253400499,,,,1.0522597454235,,0.164510637521744,,
1959-07-01,60.51,1.79667,3.41,0.034504,0.033514,0.0447,0.0508,0.0417,0.006,0.0089,0.032,0.0025,0.0296921170054536,0.030728065674705,0.0563543215997356,0.526882697947214,0.460822664770033,0.0097,0.0061,0.0029,0.00343642611683848,,0.027141487680076,0.000487796016,,,0.0015859289,,,,,,-1.82839582434772,,,-0.0376708977501661,0,,,,TRUE,0.0749387964606285,0.31950256228447,0.554933673708788,1,1,-2.91915583879925,0.0339670437342258,,,,1.0522597454235,,0.161558955907822,,
1959-08-01,59.6,1.80333,3.42,-0.011076,-0.015179,0.0443,0.0509,0.0423,-0.0041,-0.0068,0.0338,0.0019,0.0302572147651007,0.0298021814576103,0.0573825503355705,0.527289473684211,0.468084465917129,0.0085,0.0066,-0.0027,0,,0.0281462548176396,0.001069699344,,,0.0014395527,,,,,,-1.78530289990046,,,-0.075576381234284,0,,,,TRUE,0.0527957752346992,0.329341232776642,0.598068808568129,0.979811237280637,0.979811237280637,-2.90136182750016,0.03198173309277,,,,1.0522597454235,,0.218661949038506,,
1959-09-01,56.88,1.81,3.43,-0.043182,-0.045586,0.0452,0.0518,0.0429,-0.0057,-0.0088,0.0404,0.0031,0.0318213783403657,0.0303691275167785,0.0603023909985935,0.527696793002915,0.49233789260385,0.0025,0.0066,-0.0031,0.0034246575342467,,0.0305285204827653,0.001709844755,,,0.0013970167,,,,,,-1.88872186708317,,,-0.0802254311403376,0,,,,TRUE,0.0394358336925507,0.314416289329529,0.603069399348867,0.931544020056039,0.931544020056039,-2.85412141599099,0.0310768928310122,,,,0.537575721805273,,0.273943960666656,,
1959-10-01,57.52,1.81667,3.41667,0.012574,0.011436,0.0457,0.0528,0.0421,0.015,0.0165,0.0405,0.003,0.0315832753824757,0.0319386427566807,0.0593996870653686,0.531707773943635,0.480977420352614,0.0016,0.0071,0.0015,0.00341296928327628,,0.0310203335252726,0.00061818331,,,0.0013316314,,,,,,-1.73473850293385,,,-0.0909448880910593,0,,,,TRUE,0.0841353163123131,0.332608819007874,0.636095443318558,0.95354667453178,0.95354667453178,-2.86777024644373,0.0288722231636237,,,,0.502315624733857,,0.287448644638062,,
1959-11-01,58.28,1.82333,3.40333,0.018486,0.013114,0.0456,0.0526,0.0432,-0.0119,0.0135,0.0415,0.0026,0.0312856897735072,0.0316990611961057,0.0583961908030199,0.535748810723615,0.471798294851179,0.0017,0.00700000000000001,0.0254,0,,0.0297224810567802,0.000499692726,,,0.0015158997,,,,,,-1.80367518461875,,,-0.0882955968568755,0,,,,TRUE,0.114664845168591,0.325746387243271,0.61715420757303,0.972098510544167,0.972098510544167,-2.88480854280747,0.0291850753208149,,,,0.496624638306825,,0.245056226849556,,
1959-12-01,59.89,1.83,3.39,0.029627,0.026911,0.0458,0.0528,0.0447,-0.0159,-0.0096,0.0449,0.0034,0.0305560193688429,0.0314001372683596,0.0566037735849057,0.539823008849557,0.457783796514366,-0.000200000000000006,0.007,0.0063,0,,0.0228562912383662,0.000307543518,,,0.0009753718,,,,,,-1.80225037658754,,,-0.0317371746520552,0,,,,TRUE,0.0904813334345818,0.319404482841492,0.615123148846706,1,1,-2.91751304122718,0.0303746993290373,,,,0.777954157722366,,0.129064679145813,,
1960-01-01,55.61,1.86667,3.39,-0.069933,-0.070835,0.0461,0.0534,0.0441,0.0112,0.0107,0.0435,0.0033,0.0335671641791045,0.0311683085657038,0.0609602589462327,0.5506401179941,0.499502104012078,0.000600000000000003,0.00729999999999999,-5e-04,-0.00340136054421758,,0.0221161633687504,0.000919417533,,,0.00088855224,,,,,,-1.81369091429826,,,-0.00924181872680263,0,,,,TRUE,-0.026804331690073,0.338916718959808,0.619272599739318,0.908311085824325,0.908311085824325,-2.84365305542067,0.029927595556849,,,,-0.600371360017386,,0.16377229988575,,
1960-02-01,56.12,1.90333,3.39,0.013922,0.009129,0.0456,0.0534,0.0429,0.0204,0.0128,0.0396,0.0029,0.0339153599429793,0.0342263981298328,0.0604062722736992,0.561454277286136,0.493556782835016,0.0033,0.0078,-0.0076,0.00341296928327628,,0.0240374862259865,0.001150245768,,,0.00066084815,,,,,,-1.77127878139399,,,-0.0215959252656757,0,,,,TRUE,0.0397549532353878,0.314877510070801,0.622433960373515,0.919252483697317,0.919252483697317,-2.85058352089983,0.0292700838463675,,,,-0.870876464259994,,0.213605761528015,,
1960-03-01,55.34,1.94,3.39,-0.012566,-0.015238,0.0449,0.0525,0.0411,0.0282,0.0191,0.0331,0.0035,0.0350560173473076,0.0345687811831789,0.0612576797976147,0.572271386430678,0.549798083004914,0.008,0.0076,-0.0091,0,,0.0255933991953427,0.000969146461,,,0.00036098225,,,,,,-1.73701985098935,,,-0.0340267272857044,0,,,,TRUE,0.00179311342071742,0.326379477977753,0.629512165473353,0.899514201934439,0.899514201934439,-2.83428772765724,0.0299726536909385,,,,-1.10614224981088,,0.261257350444794,,
1960-04-01,54.37,1.94333,3.34667,-0.016113,-0.017097,0.0445,0.052,0.0426,-0.017,-0.0022,0.0323,0.0019,0.035742688982895,0.0351161908203831,0.0615536141254368,0.58067571645845,0.563403689546286,0.0103,0.0075,0.0148,0.0034013605442178,,0.0255771170072713,0.000645166099,,,0.00012148666,,,,,,-1.69548235903984,,,-0.0453946549499644,0,,,,TRUE,-0.0318666473031044,0.334575176239014,0.636005215038721,0.877791880023925,0.877791880023925,-2.82975611262412,0.028498171520249,,,,-2.15665623037389,,0.230941146612167,,
1960-05-01,55.83,1.94667,3.30333,0.033513,0.028312,0.0446,0.0528,0.0417,0.0152,-0.0021,0.0329,0.0027,0.0348678130037614,0.035804119919073,0.0591676518001075,0.58930533734141,0.541966426858513,0.0088,0.0082,-0.0173,0,,0.0244143630403363,0.000423558503,,,-3.575882e-05,,,,,,-1.76505369900296,,,-0.0499402883847759,0,,,,TRUE,0.0687833428382874,0.335513591766357,0.677980224824296,0.912512582607554,0.912512582607554,-2.86996075626585,0.0326867912165055,,,,-1.64223168845065,,0.165939912199974,,
1960-06-01,56.92,1.95,3.26,0.021802,0.019133,0.0445,0.0526,0.0407,0.0173,0.0141,0.0246,0.0024,0.0342586085734364,0.0349274583557227,0.0572733661278988,0.598159509202454,0.52917486185258,0.0161,0.0081,-0.0032,0.00338983050847452,,0.0242698129435963,0.000498947882,,,-4.2243115e-06,,,,,,-1.79286495848018,,,-0.0659919652821199,0,,,,TRUE,0.0784406587481499,0.346199691295624,0.74509249829765,0.934570440719506,0.934570440719506,-2.90058155956193,0.0345290343418712,,,,-0.570026427605053,,0.116764314472675,,
1960-07-01,55.51,1.95,3.26333,-0.022948,-0.023813,0.0441,0.0522,0.0382,0.0368,0.0257,0.023,0.0013,0.0351288056206089,0.0342586085734364,0.0587881462799496,0.597549129263666,0.549673276798599,0.0152,0.0081,-0.0111,0,,0.025778333499076,0.000977819962,,,-0.00044859757,,,,,,-1.72696713353384,,,-0.0728677561095843,0,,,,TRUE,0.0862750113010406,0.357226729393005,0.72468875131025,0.899718441361402,0.899718441361402,-2.87207375039583,0.0342973406433748,,,,-1.10614224981088,,0.14848618209362,,
1960-08-01,56.96,1.95,3.26667,0.031467,0.026197,0.0428,0.0508,0.039,-0.0067,0.0117,0.023,0.0017,0.0342345505617977,0.0351288056206089,0.0573502457865169,0.596938166389626,0.541542197159699,0.016,0.00799999999999999,0.0184,0,,0.0251953824449978,0.000636967373,,,-0.00077142974,,,,,,-1.73203166330542,,,-0.0774215508492468,0,,,,TRUE,0.0102541977539659,0.342119961977005,0.78349988843074,0.913227420601923,0.913227420601923,-2.89587393443136,0.0546148652114239,,,,-0.285308907292263,,0.169341370463371,,
1960-09-01,53.52,1.95,3.27,-0.058713,-0.06092,0.0425,0.0501,0.0387,0.0075,-0.0063,0.0248,0.0016,0.0364349775784753,0.0342345505617977,0.0610986547085202,0.596330275229358,0.584341710621574,0.0139,0.0076,-0.0138,0,,0.0283123082394263,0.001771622224,,,-0.0011943574,,,,,,-1.80305379050681,,,-0.0913330384988913,0,,,,TRUE,0.0631904155015945,0.340153098106384,0.862155355292369,0.846339008271697,0.846339008271697,-2.83256121565451,0.0553652377299949,,,,-1.10614224981088,,0.275714010000229,,
1960-10-01,53.39,1.95,3.27,-0.001079,-0.002407,0.043,0.0511,0.0391,-0.0028,8e-04,0.023,0.0022,0.036523693575576,0.0364349775784753,0.0612474246113504,0.596330275229358,0.584120201254394,0.0161,0.00810000000000001,0.0036,0.0067567567567568,,0.0278236077761012,0.001048714569,,,-0.0008968794,,,,,,-1.73744423135242,,,-0.0958926655682455,0,,,,TRUE,-0.00554641336202621,0.341962099075317,0.840860043237469,0.846659955942638,0.846659955942638,-2.83099593869728,0.0582521188742356,,,,-2.15665623037389,,0.283823519945145,,
1960-11-01,55.54,1.95,3.27,0.046081,0.039977,0.0431,0.0508,0.0399,-0.0066,-0.007,0.0237,0.0013,0.0351098307526107,0.036523693575576,0.0588764854159165,0.596330275229358,0.567630019088443,0.0162,0.0077,-4e-04,0,,0.0260340290176069,0.000668674035,,,-0.00095527831,,,,,,-1.75263121597036,,,-0.113490709356553,0,,,,TRUE,0.0145980734378099,0.349310338497162,0.856025175065909,0.871256218361124,0.871256218361124,-2.87086090658173,0.0366374730196681,,,,-1.90872667257724,,0.292599081993103,,
1960-12-01,58.11,1.95,3.27,0.048839,0.046597,0.0435,0.051,0.038,0.0279,0.0104,0.0225,0.0016,0.0335570469798658,0.0351098307526107,0.0562725864739288,0.596330275229358,0.550422965139879,0.0155,0.0075,-0.0175,0,,0.0227613516277566,0.000450305539,,,-0.0013625136,,,,,,-1.73764320989162,,,-0.136148308519526,0,,,,TRUE,0.123016178607941,0.341269791126251,0.643707975820556,0.898493004799626,0.898493004799626,-2.91522884814554,0.0329027173560879,,,,0.816993959872619,,0.181977853178978,,
1961-01-01,61.78,1.94667,3.21,0.06432,0.063181,0.0432,0.051,0.0404,-0.0107,0.0148,0.0224,0.0019,0.0315097118808676,0.0334997418688694,0.0519585626416316,0.606439252336449,0.522986732489972,0.018,0.00779999999999999,0.0255,0,,0.0218153305494711,0.000741123684,,,-0.0013306273,,,,,,-1.86902775719155,,,-0.138307064564096,0,,,,TRUE,0.0288865976035595,0.342579513788223,0.605944833085385,0.98747752963042,0.945628546836477,-2.9949898173162,0.0338903208628877,,,,1.0522597454235,,0.119293361902237,,
1961-02-01,63.44,1.94333,3.15,0.032838,0.028612,0.0427,0.0507,0.0392,0.02,0.021,0.0242,0.0014,0.0306325662042875,0.0314556490773713,0.0496532156368222,0.616930158730159,0.512022716288062,0.015,0.00800000000000001,0.001,0,,0.0194199014019433,0.00054745936,,,-0.0012541776,,,,,,-1.89908220571448,,,-0.142891041165098,0,,,,TRUE,0.0545599609613419,0.339559197425842,0.645858215440298,1,0.965877427166762,-3.03979521244055,0.0345058456961491,,,,1.0522597454235,,0.113861337304115,,
1961-03-01,65.06,1.94,3.09,0.029345,0.027051,0.0422,0.0502,0.0397,-0.0037,-0.0029,0.0239,0.002,0.029818628957885,0.0305800756620429,0.0474946203504457,0.627831715210356,0.546679869352526,0.0158,0.008,8e-04,0,,0.022737600973699,0.000414941168,,,-0.0012149657,,,,,,-1.93100153126425,,,-0.140189435423219,0,,,,TRUE,0.086598664522171,0.33101424574852,0.576044666798536,0.995952191704201,0.987103739040366,-3.08385641307071,0.0458041885137759,,,,1.0522597454235,,0.117266274988651,,
1961-04-01,65.31,1.94,3.07,0.004537,0.003843,0.0425,0.0501,0.0391,0.0115,-0.0116,0.0229,0.0017,0.0297044862961262,0.029818628957885,0.0470065839840759,0.631921824104235,0.545004493819157,0.0162,0.0076,-0.0231,0,,0.0232592827354768,0.001009208626,,,-0.0015040745,,,,,,-1.97759196095424,,,-0.123206250659357,0,,,,TRUE,0.0469226650893688,0.328097432851791,0.595121653147358,0.974150304282926,0.974150304282926,-3.09457069026696,0.0459712861813433,,,,1.0522597454235,,0.147173419594765,,
1961-05-01,66.56,1.94,3.05,0.023553,0.018924,0.0427,0.0501,0.0397,-0.0046,0.0049,0.0229,0.0018,0.0291466346153846,0.0297044862961262,0.0458233173076923,0.636065573770492,0.530916293489494,0.0168,0.0074,0.0095,0,,0.0224656979157771,0.000404343422,,,-0.0014627354,,,,,,-1.89936552695888,,,-0.111276661623629,0,,,,TRUE,0.0643281191587448,0.332016676664352,0.622657690647808,0.986911439741628,0.986911439741628,-3.11939056250718,0.0443677556720177,,,,1.0522597454235,,0.129141137003899,,
1961-06-01,64.64,1.94,3.03,-0.026673,-0.028725,0.0433,0.0503,0.0404,-0.0075,-0.008,0.0233,0.002,0.0300123762376238,0.0291466346153846,0.046875,0.64026402640264,0.540821100649161,0.0171,0.00700000000000001,-5e-04,0,,0.022482163583149,0.000548907404,,,-0.0011481273,,,,,,-1.79185524623211,,,-0.10072653033305,0,,,,TRUE,0.0391734912991524,0.339435130357742,0.542842489610886,0.968836761289592,0.968836761289592,-3.09833699549802,0.0337281811973267,,,,1.0522597454235,,0.157126396894455,,
1961-07-01,66.76,1.94667,3.03667,0.033795,0.033119,0.0441,0.0509,0.0404,0.0035,0.004,0.0224,0.0018,0.0291592270820851,0.0301155631188119,0.0454863690832834,0.641054181060174,0.524405631087231,0.018,0.0068,5e-04,0.00671140939597303,,0.0251796730477007,0.000628373737,,,-0.0015422544,,,,,,-1.78566207601352,,,-0.0926335673545871,0,,,,TRUE,0.057290855795145,0.330467820167542,0.541850443940133,0.999164258598221,0.999164258598221,-3.12879376486989,0.0292357363776501,,,,1.0522597454235,,0.161110267043114,,
1961-08-01,68.07,1.95333,3.04333,0.02473,0.019511,0.0445,0.0511,0.041,-0.0038,-0.0018,0.0239,0.0014,0.0286959012780961,0.0292589874176153,0.0447088291464669,0.64183969533373,0.513792816068006,0.0171,0.0066,0.002,-0.00333333333333341,,0.0254259535176683,0.000406215051,,,-0.0019986084,,,,,,-1.78002051539153,,,-0.0869202855797844,0,,,,TRUE,0.0122568160295486,0.332436323165894,0.589733710051384,0.99198082010582,0.99198082010582,-3.1471895314043,0.0279165822210265,,,,1.0522597454235,,0.166976600885391,,
1961-09-01,66.73,1.96,3.05,-0.018674,-0.019877,0.0445,0.0512,0.0403,0.0129,0.0144,0.0228,0.0017,0.0293720965083171,0.0287938886440429,0.0457065787501873,0.642622950819672,0.52751672109639,0.0175,0.0067,0.0015,0.00334448160535117,,0.0249634064952654,0.000822499606,,,-0.0022923683,,,,,,-1.79032641749237,,,-0.0913892098493423,0,,,,TRUE,0.0523082390427589,0.318994671106339,0.580878968439883,0.965149408833772,0.965149408833772,-3.12454142326367,0.0266271210406593,,,,1.0522597454235,,0.18755666911602,,
1961-10-01,68.62,1.98,3.09667,0.028174,0.026791,0.0442,0.0513,0.04,0.0071,0.0127,0.023,0.0019,0.0288545613523754,0.0296718117788101,0.0451278053045759,0.639396513028511,0.525485850664848,0.017,0.0071,0.0056,0,,0.025835926814774,0.000267508791,,,-0.0020361304,,,,,,-1.7610398738853,,,-0.0757204342154871,0,,,,TRUE,0.0423553176224232,0.323856294155121,0.574279842274551,0.968879468156855,0.968879468156855,-3.13670788322123,0.0284696545141917,,,,1.0522597454235,,0.150085866451263,,
1961-11-01,71.32,2,3.14333,0.045226,0.039324,0.0439,0.0511,0.0404,-0.002,0.0028,0.0248,0.0015,0.0280426247896803,0.029146021568056,0.0440736118900729,0.636267906964907,0.512610864745011,0.0156,0.00720000000000001,0.0048,0,,0.0255707486810049,0.000360390205,,,-0.0020734466,,,,,,-1.8950395843877,,,-0.063669177007045,0,,,,TRUE,0.0713994950056076,0.328044772148132,0.63447280958054,0.982651088051856,0.982651088051856,-3.16053766905584,0.0310525949795053,,,,1.0522597454235,,0.138278514146805,,
1961-12-01,71.55,2.02,3.19,0.004696,0.003465,0.0442,0.051,0.0415,-0.0125,-0.0026,0.026,0.0019,0.0282320055904962,0.0283230510375771,0.0445842068483578,0.633228840125392,0.505922258391006,0.0155,0.0068,0.0099,0,,0.0223243074528514,0.000336901535,,,-0.0022107435,,,,,,-1.83788002320385,,,-0.0583140608885606,0,,,,TRUE,0.0185958407819271,0.326266765594482,0.62728339672965,0.994870120150767,0.994870120150767,-3.15017305907977,0.0347256485204062,,,,1.0522597454235,,0.0903189107775688,,
1962-01-01,68.84,2.02667,3.25,-0.037356,-0.038692,0.0442,0.0508,0.0419,-0.0014,0.008,0.0272,0.0024,0.0294402963393376,0.0283252271139064,0.0472109238814643,0.623590769230769,0.528428571428571,0.0147,0.0066,0.0094,0,,0.0247213753473465,0.000811530651,,,-0.0022987448,,,,,,-1.80652403723464,,,-0.0703299519537293,0,,,,TRUE,0.0305088050663471,0.328269571065903,0.593844315864853,0.952497584738267,0.952497584738267,-3.09311962321785,0.0384000841584218,,,,1.0522597454235,,0.14704193174839,,
1962-02-01,69.96,2.03333,3.31,0.020592,0.016147,0.0442,0.0507,0.0414,0.0103,0.0052,0.0273,0.002,0.0290641795311607,0.0295370424171993,0.0473127501429388,0.614299093655589,0.522420732999082,0.0141,0.00650000000000001,-0.0051,0.00333333333333341,,0.0287833898219817,0.000265096747,,,-0.0022097278,,,,,,-1.73497624222482,,,-0.057427594620628,0,,,,TRUE,0.0509564317762852,0.324769020080566,0.575693996856315,0.963451306962757,0.963451306962757,-3.09058071535379,0.033154417008532,,,,1.0522597454235,,0.16004653275013,,
1962-03-01,69.55,2.04,3.37,-0.003842,-0.005137,0.0439,0.0504,0.0398,0.0253,0.0151,0.0272,0.002,0.0293314162473041,0.0291595197255575,0.0484543493889288,0.605341246290801,0.545724591555273,0.0126,0.00650000000000001,-0.0102,0,,0.0240752954895371,0.000279492147,,,-0.0028841357,,,,,,-1.71488318758262,,,-0.0553932325754025,0,,,,TRUE,-0.00791188422590494,0.324191242456436,0.611825393687245,0.961954525043883,0.961954525043883,-3.06568058361742,0.0302661865721799,,,,1.0522597454235,,0.161813572049141,,
1962-04-01,65.24,2.04667,3.40333,-0.061743,-0.062443,0.0433,0.0502,0.0394,0.0082,0.0142,0.0273,0.0022,0.0313713979153893,0.0294273184759166,0.0521663090128755,0.601372773136898,0.579862624562247,0.0121,0.0069,0.006,0.00332225913621254,,0.0251520652107784,0.001019690809,,,-0.0023948455,,,,,,-1.79370966612798,,,-0.0565739381954211,0,,,,TRUE,-0.142129808664322,0.347550898790359,0.522720220916096,0.905321740077016,0.905321740077016,-2.99099948064445,0.0269712786108384,,,,-1.35356807846043,,0.186169847846031,,
1962-05-01,59.63,2.05333,3.43667,-0.079847,-0.085499,0.0428,0.05,0.0393,0.0046,0,0.0269,0.0024,0.0344345128291129,0.0314734825260576,0.0576332383028677,0.597476627083776,0.628994391548194,0.0124,0.0072,-0.0046,0,,0.0277223042593895,0.010914839126,,,-0.0029059114,,,,,,-2.02613576637307,,,-0.0609531056306092,0,,,,TRUE,0.121560573577881,0.31219556927681,0.540736857166804,0.834605597964377,0.834605597964377,-2.89162575509425,0.0302486212950066,,,,-2.68533577651543,,0.477422386407852,,
1962-06-01,54.75,2.06,3.47,-0.080669,-0.082222,0.0428,0.0502,0.0401,-0.0076,-0.0026,0.0273,0.002,0.0376255707762557,0.0345463692772095,0.06337899543379,0.593659942363112,0.687357468643102,0.0128,0.00739999999999999,0.005,0,,0.0264554434187215,0.006161130189,,,-0.0027952766,,,,,,-1.98417556483742,,,-0.0663922562531383,0,,,,TRUE,0.135416567325592,0.331435739994049,0.346165611771273,0.763739777659849,0.763739777659849,-2.79697772861431,0.0330922766959783,,,,-2.68533577651543,,0.519529938697815,,
1962-07-01,58.23,2.06667,3.49,0.065203,0.063969,0.0434,0.0505,0.0412,-0.0109,-0.0015,0.0292,0.0027,0.0354914992272025,0.037747397260274,0.0599347415421604,0.592169054441261,0.64522602980282,0.012,0.0071,0.0094,0.00331125827814582,,0.030485827256704,0.00184347716414734,,,-0.0025626272,,,,,,-1.78159956308549,,,-0.0601276458319071,0,,,,TRUE,0.0450801663100719,0.424140840768814,0.38699727262984,0.813609829775074,0.813609829775074,-2.85381581201164,0.03371404903405,,,,-2.68533577651543,,0.53179532289505,,
1962-08-01,59.12,2.07333,3.51,0.021669,0.015803,0.0435,0.0506,0.0401,0.0187,0.0143,0.0282,0.0023,0.0350698579161028,0.0356058732612056,0.0593707713125846,0.590692307692308,0.633310351620211,0.0119,0.0071,-0.0044,0,,0.02932867754937,0.000801951932137993,,,-0.0027495972,,,,,,-1.65755529471133,,,-0.0623701261812593,0,,,,TRUE,0.0466583594679832,0.432158559560776,0.349942948177244,0.828917826672654,0.828917826672654,-2.86298162612965,0.0338461319934885,,,,-2.68533577651543,,0.426771879196167,,
1962-09-01,56.27,2.08,3.53,-0.048816,-0.050259,0.0432,0.0503,0.0398,0.0061,0.0089,0.0278,0.0021,0.0369646347965168,0.0351826792963464,0.0627332503998578,0.589235127478754,0.666344260596221,0.012,0.0071,0.0028,0.00330033003300323,,0.0306016037143756,0.00117699805866198,,,-0.0029218017,,,,,,-1.67266644936517,,,-0.0593414238080858,0,,,,TRUE,-0.0287122800946236,0.446207851171494,0.359094218188568,0.787824359445374,0.787824359445374,-2.80789204946746,0.0314230777466256,,,,-2.68533577651543,,0.311609029769897,,
1962-10-01,56.52,2.09667,3.57667,0.008313,0.006405,0.0428,0.0499,0.0395,0.0084,0.0068,0.0274,0.0026,0.0370960721868365,0.03726088501866,0.0632814932767162,0.586207282192654,0.654153314003764,0.0121,0.0071,-0.0016,0,,0.0280944950513181,0.00345210815019044,,,-0.0022837634,,,,,,-1.72235028206373,,,-0.061583850358284,0,,,,TRUE,0.0886744558811188,0.443646550178528,0.352928413672222,0.802506429358697,0.802506429358697,-2.79870976748805,0.0319951587477845,,,,-2.43926635417131,,0.362033039331436,,
1962-11-01,62.26,2.11333,3.62333,0.108268,0.100528,0.0425,0.0496,0.0396,0.0021,0.0062,0.0283,0.002,0.0339436235142949,0.0373908351026185,0.0581967555412785,0.58325628634433,0.594178345910981,0.0113,0.0071,0.0041,0,,0.0248104316436429,0.001274782826466,,,-0.002819534,,,,,,-1.85256002815279,,,-0.06068306292741,0,,,,TRUE,0.0260997023433447,0.426914483308792,0.37876754070427,0.88350954538651,0.88350954538651,-2.88237685888633,0.0329019838694152,,,,-1.10197926658658,,0.377058982849121,,
1962-12-01,63.1,2.13,3.67,0.015534,0.01404,0.0424,0.0492,0.0395,0.0035,0.0023,0.0287,0.0023,0.0337559429477021,0.0342113716672021,0.058161648177496,0.580381471389646,0.591627051065788,0.0108,0.0068,-0.0012,0,,0.0199680215263935,0.000543882265655956,,,-0.0027965748,,,,,,-1.71780498065637,,,-0.0639664670308271,0,,,,TRUE,0.053439661860466,0.460086405277252,0.37955517999873,0.898196994531756,0.887319535725463,-2.88240275990877,0.0330305862920293,,,,0.278987634698293,,0.338106513023376,,
1963-01-01,66.2,2.13667,3.68333,0.050367,0.048957,0.0421,0.0491,0.0398,-1e-04,0.0059,0.0291,0.0025,0.0322759818731118,0.033861648177496,0.0556394259818731,0.580091927685002,0.564984989382734,0.0107,0.00700000000000001,0.006,0,,0.0171362224255217,0.000699769837864939,,,-0.0030502697,,,,,,-1.75116424470111,,,-0.0599577646862972,0,,,,TRUE,0.00544606754556298,0.453341692686081,0.361232497858822,0.943762611604058,0.92916139391218,-2.92644798895237,0.0362754142315688,,,,0.816993959872619,,0.215589687228203,,
1963-02-01,64.29,2.14333,3.69667,-0.024189,-0.029163,0.0419,0.0489,0.04,8e-04,0.0023,0.0292,0.0023,0.0333384663244673,0.032376586102719,0.0574999222274071,0.57980019855708,0.581953117929224,0.0108,0.00699999999999999,0.0015,0,,0.0132367466111982,0.00039213294000867,,,-0.0030897221,,,,,,-1.68358484808788,,,-0.0518834555220842,0,,,,TRUE,-0.0649075657129288,0.469027310609818,0.364496740181617,0.916245128120076,0.902069641180553,-2.89442287012083,0.032121008664599,,,,0.816993959872619,,0.201667159795761,,
1963-03-01,66.57,2.15,3.71,0.036581,0.035156,0.0419,0.0488,0.0401,9e-04,0.0026,0.0289,0.0023,0.0322968304040859,0.0334422149634469,0.0557308096740273,0.579514824797844,0.587528570591338,0.0112,0.00689999999999999,0.0017,0.00328947368421062,,0.0143801375991306,0.000359935510317968,,,-0.0029958802,,,,,,-1.59568644188612,,,-0.0490226237822213,0,,,,TRUE,-0.00501961074769497,0.471352070569992,0.353441835132294,0.96544310064361,0.928712359336517,-2.92576955860551,0.0338526163818757,,,,0.816993959872619,,0.203336238861084,,
1963-04-01,69.8,2.16667,3.75333,0.04907,0.048177,0.0421,0.0487,0.0405,-0.0012,-0.0051,0.029,0.0025,0.03104111747851,0.0325472435030795,0.0537726361031519,0.57726605441035,0.558729274069946,0.0115,0.0066,-0.0039,0,,0.0151993963391265,0.000322160388061222,,,-0.0026662205,,,,,,-1.65926212529507,,,-0.043159696151887,0,,,,TRUE,0.0619907155632973,0.457141518592834,0.362902663157853,0.999122965767823,0.976582166523792,-2.96192277382654,0.0295012539238763,,,,1.0522597454235,,0.153017446398735,,
1963-05-01,70.8,2.18333,3.79667,0.019674,0.013844,0.0422,0.0485,0.0406,0.0023,0.0048,0.0293,0.0024,0.0308379943502825,0.0312797994269341,0.0536252824858757,0.575064464385896,0.551612193243095,0.0113,0.0063,0.0025,0,,0.0146486852977546,0.000303655732675919,,,-0.0027292359,,,,,,-1.68522541406812,,,-0.034372608964961,0,,,,TRUE,0.0649871975183487,0.457020044326782,0.36540359933398,1,0.989182348859044,-2.96428204355819,0.0321715692938609,,,,1.0522597454235,,0.116477273404598,,
1963-06-01,69.37,2.2,3.84,-0.018605,-0.019806,0.0423,0.0484,0.0407,0.0019,0.0043,0.0299,0.0023,0.0317139974052184,0.0310734463276836,0.0553553409254721,0.572916666666667,0.567281575373472,0.0108,0.00609999999999999,0.0024,0.00327868852459012,,0.0182633190173884,0.000261098353255329,,,-0.0027715822,,,,,,-1.62361945260539,,,-0.0346423759480863,0,,,,TRUE,0.0624595172703266,0.456795990467072,0.423364946650175,0.972378122592715,0.961859275285409,-2.93310668548162,0.028355451769917,,,,1.0522597454235,,0.118235863745213,,
1963-07-01,69.13,2.20333,3.88,-0.001821,-0.003131,0.0426,0.0484,0.0407,0.0031,0.0028,0.0318,0.0027,0.031872269636916,0.0317620008649272,0.0561261391581079,0.567868556701031,0.576621658542197,0.0089,0.0058,-3e-04,0.00326797385620914,,0.00931890574986959,0.000529797081577221,,,-0.0020389843,,,,,,-1.60049352926383,,,-0.0418860749812708,0,,,,TRUE,0.0606722198426723,0.477992624044418,0.429550629255416,0.956627599867943,0.946279136220762,-2.91956663867883,0.0241553331700782,,,,1.0522597454235,,0.166975200176239,,
1963-08-01,72.5,2.20667,3.92,0.053466,0.048496,0.0429,0.0483,0.0408,0.0021,0.0035,0.0332,0.0025,0.0304368275862069,0.0319205844061912,0.0540689655172414,0.562926020408163,0.549827236329732,0.0076,0.0054,0.0014,0,,0.00952024087384621,0.00032690862003067,,,-0.0019554685,,,,,,-1.61450110262224,,,-0.0431442367544981,0,,,,TRUE,0.0734832957386971,0.45072740316391,0.424205925579485,1,0.992393626430447,-2.95671562121154,0.0219074504635654,,,,1.0522597454235,,0.176606476306915,,
1963-09-01,71.7,2.21,3.96,-0.010402,-0.011579,0.0431,0.0484,0.041,4e-04,-0.0023,0.0338,0.0027,0.0308228730822873,0.0304827586206897,0.0552301255230125,0.558080808080808,0.547223624776539,0.00720000000000001,0.0053,-0.0027,0,,0.0103134128781838,0.000329910267015851,,,-0.0015243919,,,,,,-1.67941971798999,,,-0.0364708295764182,0,,,,TRUE,0.019233824685216,0.461498349905014,0.418179142594313,0.982344897849751,0.982344897849751,-2.93623637055534,0.0214587346495105,,,,0.806190323079379,,0.170013949275017,,
1963-10-01,74.01,2.23333,3.98,0.034825,0.03329,0.0432,0.0483,0.0415,-0.0026,0.0049,0.0345,0.0029,0.0301760572895555,0.0311482566248257,0.0537765166869342,0.561138190954774,0.530964077168545,0.007,0.0051,0.0075,0.00325732899022801,,0.0102802183217435,0.00050353190498555,,,-0.0017563594,,,,,,-1.63774974366137,,,-0.0328284749590924,0,,,,TRUE,0.0642784610390663,0.447680115699768,0.42100547344452,0.993070348454964,0.993070348454964,-2.9631962464116,0.0237915544596092,,,,1.0522597454235,,0.13177190721035,,
1963-11-01,73.23,2.25667,4,-0.004487,-0.011085,0.0433,0.0484,0.0414,0.0051,0.0015,0.0352,0.0027,0.0308161955482726,0.0304914200783678,0.0546224225044381,0.5641675,0.534296221286575,0.0062,0.0051,-0.0036,0,,0.00601287805279205,0.00311016566184205,,,-0.0017575761,,,,,,-1.72414025927328,,,-0.0311802575570224,0,,,,TRUE,0.155129954218864,0.45323434472084,0.415620397462231,0.986877054569362,0.986877054569362,-2.94768470609136,0.0241515573637178,,,,0.541962394987642,,0.287756979465485,,
1963-12-01,75.02,2.28,4.02,0.026065,0.02465,0.0435,0.0485,0.0417,-6e-04,-0.0034,0.0352,0.0029,0.0303918954945348,0.0311347808275297,0.0535857104772061,0.567164179104478,0.525591454223737,0.0065,0.005,-0.0028,0.00324675324675328,,0.00895477490595951,0.000273566676262766,,,-0.0014968686,,,,,,-1.64336545274532,,,-0.036367876615357,0,,,,TRUE,0.0713039189577103,0.450447142124176,0.431079690173337,0.994447413354883,0.994447413354883,-2.96694277457653,0.0253908375895975,,,,0.780398234875467,,0.273246467113495,,
1964-01-01,77.04,2.29667,4.07333,0.027391,0.026373,0.0439,0.0483,0.0421,-0.0014,0.0087,0.0352,0.003,0.0298113966770509,0.0306141029058918,0.0528729231568017,0.563831066964867,0.510606870909415,0.0069,0.00440000000000001,0.0101,0,,0.0142936169272777,0.000183341110507205,,,-0.0017279613,,,,,,-1.69719181250892,,,-0.0308430086784082,0,,,,TRUE,0.0772454142570496,0.440788924694061,0.392292986569424,0.996902688567874,0.996902688567874,-2.98071791475374,0.0263471372477776,,,,1.0522597454235,,0.259617328643799,,
1964-02-01,77.8,2.31333,4.12667,0.017015,0.012171,0.0436,0.0483,0.0424,-0.0011,0.0054,0.0353,0.0026,0.0297343187660668,0.0300276479750779,0.053042030848329,0.560580322633019,0.501162296598095,0.0071,0.0047,0.0065,0,,0.0174079609614201,7.16995474672704e-05,,,-0.0014884159,,,,,,-1.63329351345122,,,-0.0273113724546445,0,,,,TRUE,0.0717009007930756,0.456672072410583,0.378668718394006,1,1,-2.97733262656078,0.0259907455183424,,,,1.0522597454235,,0.049212921410799,,
1964-03-01,78.98,2.33,4.18,0.017232,0.015814,0.0438,0.0483,0.0424,0.0037,-0.0062,0.0354,0.0031,0.0295011395289947,0.0299485861182519,0.052924791086351,0.557416267942584,0.523675441724354,0.007,0.0045,-0.0099,0,,0.0177832752153,0.000114711380556202,,,-0.0018579462,,,,,,-1.69899660805339,,,-0.0305361350784814,0,,,,TRUE,0.0317144803702831,0.454720884561539,0.382108441093674,0.991514782078635,0.991514782078635,-2.98021727281482,0.0273660167991001,,,,1.0522597454235,,0.034739077091217,,
1964-04-01,79.46,2.34667,4.23,0.006192,0.005297,0.044,0.0485,0.0423,0.0047,0.004,0.0347,0.0029,0.0295327208658445,0.0297122056216764,0.0532343317392399,0.554768321513002,0.525303106923048,0.0076,0.00449999999999999,-7e-04,0,,0.020767988616044,0.000254755152259833,,,-0.0019835029,,,,,,-1.74202128559196,,,-0.017526387988803,0,,,,TRUE,-0.00646003847941756,0.443777590990067,0.383078300020278,0.979983803319111,0.979983803319111,-2.97448156709141,0.0272603111903656,,,,1.0522597454235,,0.0585207939147949,,
1964-05-01,80.37,2.36333,4.28,0.016815,0.01146,0.0441,0.0485,0.0422,0.005,0.0057,0.0348,0.0026,0.0294056239890506,0.029742386106217,0.0532537016299614,0.552179906542056,0.519035780442625,0.0074,0.00439999999999999,7e-04,0,,0.0211791450968752,0.000225777117194037,,,-0.0019289225,,,,,,-1.6474664169874,,,-0.0150798790972528,0,,,,TRUE,0.0574348010122776,0.435703366994858,0.380149131251792,0.988424057723117,0.988424057723117,-2.9738299059621,0.0269038170715594,,,,1.0522597454235,,0.0803002491593361,,
1964-06-01,81.69,2.38,4.33,0.018084,0.016779,0.0441,0.0485,0.0419,0.0069,0.0048,0.0348,0.003,0.0291345329905741,0.0296130396914271,0.053005263802179,0.549653579676674,0.512206855081179,0.0071,0.00439999999999999,-0.0021,0.00323624595469263,,0.0205028104838831,0.00039785086856363,,,-0.0019886295,,,,,,-1.66488499472186,,,-0.0154714263627098,0,,,,TRUE,0.0148281436413527,0.453916758298874,0.419545103947627,1,1,-2.97821804734764,0.022846943336668,,,,1.0522597454235,,0.115617349743843,,
1964-07-01,83.18,2.4,4.37667,0.01891,0.017953,0.044,0.0483,0.0421,8e-04,0.0052,0.0346,0.003,0.0288530896850204,0.0293793609988983,0.0526168550132243,0.548362110919946,0.50636071810724,0.0075,0.0043,0.0044,0.00322580645161286,,0.0213125293093486,0.000198906657831093,,,-0.0022379109,,,,,,-1.65240899523794,,,-0.0121290307990738,-0.0168350168350169,,,,TRUE,0.0408524088561535,0.436056941747665,0.438760244221125,0.98796029834968,0.98796029834968,-2.98576474248984,0.0205468025345505,,,,1.0522597454235,,0.111695975065231,,
1964-08-01,81.83,2.42,4.42333,-0.011621,-0.016285,0.0441,0.0482,0.0423,0.002,0.0037,0.035,0.0028,0.0295735060491262,0.0290935320990623,0.0540551142612734,0.547099131197537,0.507942944375537,0.00729999999999999,0.0041,0.0017,-0.00321543408360137,,0.0206965108435253,0.000425926256820354,,,-0.0018720556,,,,,,-1.63107689980481,,,-0.00882536899757635,0,,,,TRUE,-0.00368047738447785,0.483414381742477,0.45551950906945,0.984882833147354,0.984882833147354,-2.95879708787907,0.0195135535180695,,,,1.0522597454235,,0.145230516791344,,
1964-09-01,84.18,2.44,4.47,0.030399,0.029022,0.0442,0.0482,0.0421,0.005,0.0021,0.0353,0.0028,0.0289855072463768,0.0298179151900281,0.0531004989308624,0.54586129753915,0.486537121445789,0.0068,0.004,-0.0029,0.00322580645161286,,0.0204029709060037,0.000170497423275601,,,-0.0019531682,,,,,,-1.6801748278145,,,-0.00832673968859421,0,,,,TRUE,0.0702021569013596,0.454502046108246,0.459398290305718,0.999577500171284,0.999577500171284,-2.97671089804812,0.0218329533764647,,,,1.0522597454235,,0.114966288208961,,
1964-10-01,84.86,2.46,4.49667,0.008745,0.007566,0.0442,0.0481,0.0421,0.0043,0.005,0.0357,0.0029,0.0289889229318878,0.0292230933713471,0.0529892764553382,0.547071499576353,0.487813258807898,0.0064,0.0039,7e-04,0,,0.020115530804323,0.000187043866661301,,,-0.0022257355,,,,,,-1.67791238155167,,,-0.0254709206886226,0,,,,TRUE,0.0751898214221001,0.465253859758377,0.444194170559564,0.990448099829836,0.990448099829836,-2.97871168636906,0.0224782636336364,,,,1.0522597454235,,0.112840861082077,,
1964-11-01,84.42,2.48,4.52333,0.001598,-0.004588,0.0443,0.0481,0.0422,0.0017,-4e-04,0.0364,0.0029,0.029376924899313,0.0292246052321471,0.0535812603648424,0.548268642791925,0.486503775287573,0.0058,0.0038,-0.0021,0.00321543408360125,,0.019167099212903,0.000212865854600551,,,-0.0024802459,,,,,,-1.69562200258893,,,0.00176642510433922,0,,,,TRUE,-0.00483795208856463,0.460816323757172,0.472315089159357,0.981742943333595,0.981742943333595,-2.96721787381452,0.0237706546392059,,,,1.0522597454235,,0.0779697448015213,,
1964-12-01,84.75,2.5,4.55,0.005228,0.003803,0.0444,0.0481,0.0423,0.003,0.0088,0.0384,0.0031,0.0294985250737463,0.0296138355839848,0.0536873156342183,0.549450549450549,0.487227300287143,0.0039,0.00369999999999999,0.0058,0,,0.0230953166485429,0.000351213285821279,,,-0.0023805734,,,,,,-1.64595901988731,,,0.0103165390715851,0,,,,TRUE,0.0547816678881645,0.460126310586929,0.495635693762099,0.980285070258268,0.980285070258268,-2.96552849962666,0.0224008521814106,,,,1.0522597454235,,0.108990654349327,,
1965-01-01,87.56,2.51667,4.59333,0.034791,0.033837,0.0443,0.048,0.0422,0.004,0.0081,0.0381,0.0028,0.0287422338967565,0.0296952212389381,0.0524592279579717,0.547896624017869,0.471723190749396,0.0041,0.0037,0.0041,0,,0.0179037466108196,0.000165812801185213,,,-0.0022007442,,,,,,-1.71560377546797,,,0.0178442464548412,0,,,,TRUE,0.0280798356980085,0.452186673879623,0.479803676105173,1,1,-2.98876499086293,0.0245598155454627,,,,1.0522597454235,,0.101717919111252,,
1965-02-01,87.43,2.53333,4.63667,0.003746,-0.000853,0.0441,0.0478,0.0424,0.0014,9e-04,0.0393,0.003,0.0289755232757635,0.028932503426222,0.0530329406382249,0.54636840663666,0.471399477575597,0.0031,0.0037,-5e-04,0,,0.0148232164097682,0.000393196547633279,,,-0.0022017761,,,,,,-1.76197091769346,,,0.0208601786091682,0,,,,TRUE,0.0274408273398876,0.4537692964077,0.488423388409689,0.996888447533929,0.996888447533929,-2.9780799450348,0.0249956726631214,,,,1.0522597454235,,0.126472502946854,,
1965-03-01,86.16,2.55,4.68,-0.012213,-0.013685,0.0442,0.0478,0.0422,0.0054,0.0012,0.0393,0.0036,0.0295961002785515,0.0291661900949331,0.0543175487465181,0.544871794871795,0.469489904954727,0.0029,0.00360000000000001,-0.0042,0.00320512820512819,,0.0191342345860959,0.000144620281899856,,,-0.0021373681,,,,,,-1.67719251723243,,,0.0308342224556486,0,,,,TRUE,0.0350572355091572,0.449137985706329,0.489466590356753,0.980966567361801,0.980966567361801,-2.95414583093482,0.0255192467930464,,,,0.806190323079379,,0.0976227521896362,,
1965-04-01,89.11,2.57,4.73333,0.035612,0.034769,0.0443,0.048,0.0422,0.0036,0.0021,0.0393,0.0031,0.0288407586129503,0.0298282265552461,0.0531178318931657,0.542958128843753,0.452559334713925,0.0029,0.0037,-0.0015,0.00319488817891367,,0.0147225723316699,0.000162759684880753,,,-0.0021429735,,,,,,-1.71231959599563,,,0.0320050137986523,0,,,,TRUE,0.076425738632679,0.444201320409775,0.499644012061454,1,1,-2.9763845332423,0.0234447235134195,,,,0.780398234875467,,0.101811781525612,,
1965-05-01,88.42,2.59,4.78667,-0.003122,-0.008354,0.0444,0.0481,0.0423,0.0018,-8e-04,0.0389,0.0031,0.0292920153811355,0.0290652003142184,0.0541356028047953,0.541085974174113,0.45466428478062,0.00339999999999999,0.00369999999999999,-0.0026,0,,0.0162450565689095,0.000333764029134682,,,-0.0025656153,,,,,,-1.73276956347587,,,0.0366120801006953,0,,,,TRUE,0.0469028241932392,0.448787420988083,0.485409707446604,0.977033268768225,0.977033268768225,-2.95750112508379,0.022247673006894,,,,-0.256275813930174,,0.0902851149439812,,
1965-06-01,84.12,2.61,4.84,-0.04688,-0.048367,0.0446,0.0485,0.0423,0.0047,3e-04,0.038,0.0035,0.0310271041369472,0.0295182085501018,0.0575368521160247,0.539256198347107,0.480858956487679,0.0043,0.00389999999999999,-0.0044,0.00636942675159236,,0.0175512225768504,0.0018293746304503,,,-0.0023808197,,,,,,-1.91410877179669,,,0.0411598676886333,0,,,,TRUE,0.134598910808563,0.40608736872673,0.377626027127818,0.923809625167621,0.923809625167621,-2.8965675381222,0.0233519898470774,,,,-1.62229227644579,,0.260940164327621,,
1965-07-01,85.25,2.62667,4.88667,0.014486,0.013678,0.0448,0.0488,0.0424,0.0022,0.0019,0.0384,0.0031,0.0308113782991202,0.0312252734189253,0.057321642228739,0.537517368678466,0.4733821761517,0.004,0.00399999999999999,-3e-04,0,,0.0156274939052026,0.000521865599308879,,,-0.0019181837,,,,,,-1.7172886844889,,,0.047347412536066,0,,,FALSE,TRUE,0.0967928990721703,0.424896031618118,0.36657804455065,0.938400630041932,0.938400630041932,-2.9002189695764,0.0227365211458156,,,,-1.91206366579022,,0.291510105133057,,
1965-08-01,87.17,2.64333,4.93333,0.02756,0.022473,0.0449,0.0488,0.0428,-0.0013,-6e-04,0.0384,0.0033,0.0303238499483767,0.0310068035190616,0.0565943558563726,0.535810497169255,0.467360877841227,0.0044,0.00389999999999999,7e-04,0,,0.0156011882622993,0.000107534360778977,,,-0.0017357486,,,,,,-1.68499500939968,,,0.0484122629489256,0,,,FALSE,TRUE,0.0324915610253811,0.41726541519165,0.371514052961199,0.950490623869224,0.950490623869224,-2.91346769328825,0.0233266998062893,,,,-0.845079489976247,,0.28353825211525,,
1965-09-01,89.96,2.66,4.98,0.033366,0.032034,0.0452,0.0491,0.0433,-0.0034,-0.0015,0.0392,0.0031,0.029568697198755,0.030515085465183,0.055357936860827,0.534136546184739,0.448537471254486,0.0041,0.00390000000000001,0.0019,0,,0.016895389946369,0.000299101242246256,,,-0.0013951451,,,,,,-1.77441777859747,,,0.0477826031889474,0,,,FALSE,TRUE,0.0372733511030674,0.408636480569839,0.37010752058439,0.990379089419127,0.990379089419127,-2.93594053019958,0.0234669796968899,,,,1.0522597454235,,0.117440015077591,,
1965-10-01,92.42,2.68,5.05,0.028812,0.027737,0.0456,0.0493,0.0433,0.0027,0.0046,0.0403,0.0031,0.028998052369617,0.0297910182303246,0.0546418524128976,0.530693069306931,0.434420599071626,0.003,0.0037,0.0019,0.00316455696202533,,0.0174641929694306,0.000188379120361139,,,-0.00099855407,,,,,,-1.78737568780335,,,0.0546646985232413,0,,,FALSE,TRUE,0.0171722397208214,0.448511868715286,0.375997775608694,1,1,-2.94953560968997,0.0259679987281528,,,,1.0522597454235,,0.0601418614387512,,
1965-11-01,91.61,2.7,5.12,-0.003821,-0.010306,0.046,0.0495,0.0441,-0.0062,-0.0057,0.0409,0.0035,0.0294727649819889,0.0292144557455096,0.0558890950769567,0.52734375,0.440895311130124,0.0032,0.0035,5e-04,0,,0.0207624998434927,0.000141418853262167,,,-0.0010197298,,,,,,-1.8068674040168,,,0.0556680709896269,0,,,FALSE,TRUE,0.043756902217865,0.448214590549469,0.365913571016269,0.984259499922025,0.984259499922025,-2.92792429899018,0.0294053349754146,,,,1.0522597454235,,0.0659302398562431,,
1965-12-01,92.43,2.72,5.19,0.010349,0.009059,0.0468,0.0502,0.045,-0.0078,-0.0149,0.0438,0.0033,0.0294276749972953,0.0296910817596332,0.0561506004543979,0.524084778420039,0.430637806161401,0.0012,0.0034,-0.0071,0.00315457413249209,,0.0208375187296314,0.000301365528064658,,,-0.00081288747,,,,,,-1.89919603439945,,,0.0648759423618706,0,,,FALSE,TRUE,0.067073255777359,0.420038819313049,0.350220203945457,1,1,-2.92488245605326,0.0316501239805932,,,,1.0522597454235,,0.066360779106617,,
1966-01-01,92.88,2.74,5.24,0.005705,0.004874,0.0474,0.0506,0.0457,-0.0104,0.0022,0.0459,0.0038,0.0295004306632214,0.0296440549605107,0.0564168819982774,0.522900763358779,0.424398328435908,-0.000199999999999999,0.00319999999999999,0.0126,0,,0.020278626913429,0.000151804443631553,,,-0.00053976201,,,,,,-1.87803174394831,,,0.0715113600740658,0,,,FALSE,TRUE,0.0392056219279766,0.406255304813385,0.328264212642204,0.989247636290485,0.989247636290485,-2.92005580242426,0.0348266224596802,,,,1.0522597454235,,0.0586943328380585,,
1966-02-01,91.22,2.76,5.29,-0.01275,-0.017548,0.0478,0.0512,0.0477,-0.025,-0.0113,0.0465,0.0035,0.030256522692392,0.0297157622739018,0.0579916684937514,0.521739130434783,0.438496044711049,0.00119999999999999,0.0034,0.0137,0.00628930817610063,,0.0200259742382157,0.000337065470034009,,,-0.00079369557,,,,,,-1.93473298459067,,,0.0748379617992865,0,,,FALSE,TRUE,0.0637504830956459,0.391669690608978,0.306393999448226,0.956529166457318,0.956529166457318,-2.89462572988974,0.0365165713663744,,,,1.0522597454235,,0.0749693065881729,,
1966-03-01,89.23,2.78,5.34,-0.023041,-0.024608,0.0492,0.0532,0.046,0.0296,-0.0059,0.0459,0.0038,0.031155440995181,0.0304757728568296,0.0598453434943405,0.52059925093633,0.490175935638051,0.000100000000000003,0.004,-0.0355,0.00312500000000004,,0.0167881795077439,0.000931007895974142,,,-0.0004888765,,,,,,-1.91741350686172,,,0.085302737576888,0,,,FALSE,TRUE,0.0123028038069606,0.383274585008621,0.304237157219658,0.929276993418078,0.929276993418078,-2.86354295479818,0.0361731645212727,,,,-0.0216669511536399,,0.130552262067795,,
1966-04-01,91.06,2.79667,5.38,0.022158,0.02125,0.0496,0.0541,0.0467,-0.0063,0.0013,0.0462,0.0034,0.0307123874368548,0.0313422615712204,0.0590819240061498,0.519827137546468,0.485498243509554,5e-04,0.0045,0.0076,0.00623052959501535,,0.0156363423724113,0.000351264673845968,,,-0.00077685742,,,,,,-1.89571417616859,,,0.0837613892862397,0,,,FALSE,TRUE,0.0560085475444794,0.380292385816574,0.311801432109755,0.938230417524996,0.938230417524996,-2.8752366285471,0.0338675716508187,,,,0.496624638306825,,0.145188316702843,,
1966-05-01,86.13,2.81333,5.42,-0.04914,-0.054645,0.0498,0.0548,0.0473,-0.0059,-0.0026,0.0464,0.0041,0.0326637640775572,0.0308953437294092,0.0629281318936491,0.519064575645756,0.512742203671655,0.000900000000000005,0.005,0.0033,0,,0.0159456887149883,0.00193547539965649,,,-0.00042074561,,,,,,-2.01282236684987,,,0.0901086530611805,0,,,FALSE,TRUE,0.00640042405575514,0.359397172927856,0.308614516878069,0.888378636386475,0.888378636386475,-2.81245469534151,0.031968008405527,,,,-1.88830111079477,,0.217690944671631,,
1966-06-01,84.74,2.83,5.46,-0.01438,-0.015904,0.0507,0.0558,0.0477,-0.0016,0.003,0.045,0.0038,0.0333962709464244,0.0328573087193777,0.0644323814019353,0.518315018315018,0.520974600620618,0.0027,0.0051,0.0046,0.00309597523219818,,0.0171230537339535,0.000501206931232792,,,-0.00066601648,,,,,,-1.78239742639995,,,0.091692665400251,0,,,FALSE,TRUE,0.025089755654335,0.368759393692017,0.370914222804816,0.874340551675627,0.874340551675627,-2.78911795663559,0.0298709203397976,,,,-2.45006999096455,,0.183438912034035,,
1966-07-01,83.6,2.85,5.47667,-0.012129,-0.013039,0.0516,0.0568,0.0482,-0.0037,-0.0098,0.048,0.0035,0.0340909090909091,0.0336322869955157,0.0655104066985646,0.52038921461399,0.534943000778871,0.000199999999999999,0.0052,-0.0061,0.00308641975308643,,0.0186413739503189,0.00101378445428645,,,-0.0010224731,,,,,,-1.80194550133916,,,0.0940356823267714,0,,,FALSE,TRUE,0.00767924217507243,0.369741827249527,0.362098384515583,0.851509822639803,0.851509822639803,-2.77452689028867,0.025247338037794,,,,-2.68533577651543,,0.226659268140793,,
1966-08-01,77.1,2.87,5.49333,-0.07165,-0.077487,0.0531,0.0583,0.0499,-0.0206,-0.0259,0.0496,0.0041,0.0372243839169909,0.0343301435406699,0.0712494163424125,0.522451773332387,0.574954655572608,0.000300000000000002,0.0052,-0.0053,0.00615384615384618,,0.0214704152957589,0.00316523467800557,,,-0.001167014,,,,,,-1.89417842594772,,,0.0917008017234107,0.0171232876712331,,,FALSE,TRUE,0.0985749736428261,0.370389848947525,0.362892029628917,0.79225242425765,0.79225242425765,-2.69245186186694,0.022051912917568,,,,-2.68533577651543,,0.278997987508774,,
1966-09-01,76.56,2.89,5.51,-0.006244,-0.007692,0.0549,0.0609,0.048,0.0332,0.0078,0.0537,0.004,0.037748171368861,0.0374837872892348,0.071969696969697,0.524500907441016,0.585492495673064,-0.0057,0.00599999999999999,-0.0254,0,,0.016984596597491,0.00160031071162508,,,-0.0017065219,,,,,,-1.80939286773207,,,0.0978761303424376,0,,,FALSE,TRUE,0.0516694858670235,0.396062165498734,0.36803949811943,0.777993267346631,0.777993267346631,-2.68201310615298,0.0210678585435727,,,,-2.68533577651543,,0.307003229856491,,
1966-10-01,80.2,2.88333,5.52333,0.048333,0.047244,0.0541,0.061,0.0467,0.0228,0.0261,0.0535,0.0045,0.0359517456359102,0.0376610501567398,0.0688694513715711,0.522027472557316,0.56166131810128,-0.0068,0.0069,0.0033,0.00611620795107015,,0.0151841702876731,0.00254677664077461,,,-0.0013716259,,,,,,-1.85629799036562,,,0.101675711592502,0,,,FALSE,TRUE,0.0456294529139996,0.375015527009964,0.370120379138768,0.811003366326684,0.811003366326684,-2.7244279733324,0.0303079591873706,,,,-2.68533577651543,,0.30940169095993,,
1966-11-01,80.45,2.87667,5.53667,0.011223,0.003741,0.0535,0.0613,0.048,-0.0148,-0.002,0.0532,0.004,0.0357572405220634,0.0358687032418953,0.0688212554381603,0.519566815432381,0.572644929824783,-0.0052,0.0078,0.0128,0,,0.0175497429089415,0.000774416314901608,,,-0.0011406594,,,,,,-1.83075978527672,,,0.0916700404385651,0,,,FALSE,TRUE,0.0217353031039238,0.38374936580658,0.398830006460177,0.795447922423755,0.795447922423755,-2.72655545030811,0.0355494931661736,,,,-2.68533577651543,,0.245766550302505,,
1966-12-01,80.33,2.87,5.55,0.000326,-0.001089,0.0539,0.0618,0.0455,0.0413,0.0201,0.0496,0.004,0.0357276235528445,0.0356743318831572,0.0690900037345948,0.517117117117117,0.576945105575991,-0.0041,0.0079,-0.0212,0,,0.0172076411291526,0.000626942070095282,,,-4.9878855e-05,,,,,,-1.8116687812501,,,0.0908815957999964,0,,,FALSE,TRUE,0.0382094457745552,0.390700936317444,0.416018432151929,0.789519167964629,0.789519167964629,-2.71961041489449,0.0361241692781514,,,,-2.68533577651543,,0.214368849992752,,
1967-01-01,86.61,2.88,5.51667,0.079215,0.077723,0.052,0.0597,0.0448,0.0154,0.045,0.0472,0.0043,0.0332525112573606,0.03585211004606,0.0636955316937998,0.52205406522413,0.533363141112379,-0.0024,0.00769999999999999,0.0296,0,,0.0156975322685068,0.000733487843199383,,,0.00024917822,,,,,,-1.98470097541694,,,0.092496341233065,0.0101010101010099,,,FALSE,TRUE,0.0470487214624882,0.36269810795784,0.408994581290583,0.854032055469025,0.854032055469025,-2.79842300773046,0.0400034453738084,,,,-1.07287556414542,,0.140340209007263,,
1967-02-01,86.78,2.89,5.48333,0.007514,0.00242,0.0503,0.0582,0.0465,-0.0221,-0.0201,0.0456,0.0036,0.033302604286702,0.0333679713658931,0.0631865637243604,0.527051992128871,0.540047893062654,0.000900000000000005,0.0079,0.002,0,,0.0177009648397689,0.000412403721987066,,,0.00055525637,,,,,,-1.91833873343754,,,0.0780022280080988,0,,,FALSE,TRUE,0.0265058092772961,0.356385588645935,0.407623767246808,0.879170027128089,0.843460784806311,-2.80692373113472,0.0365346229550107,,,,0.552542341822806,,0.120873466134071,,
1967-03-01,90.2,2.9,5.45,0.041137,0.039544,0.0513,0.0585,0.0455,0.0198,0.0117,0.0426,0.0039,0.0321507760532151,0.0334178382115695,0.0604212860310421,0.532110091743119,0.549550797939906,0.0029,0.0072,-0.0081,0.00303951367781163,,0.0149212667500432,0.000501136207585072,,,0.00071807065,,,,,,-1.90308496695322,,,0.0692655846609411,0,,,TRUE,TRUE,0.0867378786206245,0.361055076122284,0.412547191405025,0.907041781446063,0.870200472290609,-2.85081340569011,0.0365750101522221,,,,1.0522597454235,,0.101692728698254,,
1967-04-01,94.01,2.9,5.41,0.043371,0.042544,0.0511,0.0583,0.0477,-0.0291,-0.0071,0.0384,0.0032,0.030847782150835,0.0321507760532151,0.0575470694606957,0.536044362292052,0.530516693606822,0.0093,0.00719999999999999,0.022,0.00303030303030316,,0.0150458228078139,0.000837096906992527,,,0.00058346768,,,,,,-1.88456733116228,,,0.075572620500282,0,,,TRUE,TRUE,0.0541532337665558,0.352595776319504,0.430443872890772,0.960768143261075,0.901421896196553,-2.90002982551015,0.0260587636995903,,,,1.0522597454235,,0.127062857151031,,
1967-05-01,89.08,2.9,5.37,-0.04681,-0.052314,0.0524,0.0596,0.0482,-0.0039,-0.0254,0.036,0.0033,0.0325550067355186,0.030847782150835,0.0602828917826673,0.540037243947858,0.558201182321479,0.0122,0.0072,-0.0215,0.00302114803625386,,0.0114640411278954,0.000890339623153544,,,0.0013629683,,,,,,-1.95062750621643,,,0.0637328234133547,0,,,TRUE,TRUE,0.00711553497239947,0.358511507511139,0.416980640354732,0.937260204698614,0.856715068080189,-2.85606750522823,0.0250422557647992,,,,1.0522597454235,,0.159582659602165,,
1967-06-01,90.64,2.9,5.33,0.019319,0.018015,0.0544,0.0615,0.0507,-0.0312,-0.0223,0.0354,0.0027,0.0319947043248014,0.0325550067355186,0.0588040600176523,0.544090056285178,0.553204845046846,0.0153,0.0071,0.0089,0.0030120481927709,,0.010152764923361,0.00107073275714804,,,0.0017294553,,,,,,-1.96798555506487,,,0.060536425676986,0,,,FALSE,TRUE,0.0506633035838604,0.358355700969696,0.350191537743646,0.945725184965316,0.864452595086168,-2.88252500076362,0.0331297516399335,,,,1.0522597454235,,0.194372624158859,,
1967-07-01,94.75,2.90667,5.32,0.046454,0.045623,0.0558,0.0626,0.0505,0.0068,0.0041,0.0421,0.0032,0.0306772559366755,0.0320682921447485,0.0561477572559367,0.546366541353383,0.526298327877555,0.0084,0.0068,-0.0027,0.00300300300300305,,0.00668693831488324,0.000218446928102961,,,0.0016540993,,,,,,-1.99916852098116,,,0.0551881570661616,0.0233333333333332,,,FALSE,TRUE,0.0619527250528336,0.342461138963699,0.341493951223842,0.994074513813309,0.908646937647591,-2.93008135448257,0.0358894776270414,,,,1.0522597454235,,0.149446845054626,,
1967-08-01,93.64,2.91333,5.31,-0.006824,-0.012197,0.0562,0.0633,0.0514,-0.0084,-7e-04,0.0427,0.0031,0.0311120247757369,0.0307475461741425,0.0567065356685177,0.548649717514124,0.528020947752666,0.00870000000000001,0.0071,0.0077,0.00299401197604787,,0.00584122750389619,0.000296617915010197,,,0.0020824119,,,,,,-1.92733227155011,,,0.0711020078451967,0,,,FALSE,TRUE,0.0608763545751572,0.367928355932236,0.338618889349204,0.972559133287293,0.905682560418027,-2.92131908895778,0.0359138288695358,,,,1.0522597454235,,0.114061400294304,,
1967-09-01,96.71,2.92,5.3,0.033815,0.032597,0.0565,0.064,0.0517,-4e-04,0.0094,0.0442,0.0032,0.0301933615965257,0.0311832550192226,0.0548030193361597,0.550943396226415,0.513564845790258,0.00750000000000001,0.0075,0.0098,0.00298507462686581,,0.00560071266726442,0.000358543817094276,,,0.0022640229,,,,,,-1.93006476367831,,,0.0664165010186251,0,,,FALSE,TRUE,0.0963303446769714,0.347208261489868,0.329775990877099,0.982588963820673,0.931176204592272,-2.95565322232263,0.0319921114223724,,,,1.0522597454235,,0.0616056360304356,,
1967-10-01,93.9,2.92,5.31,-0.027448,-0.028701,0.0582,0.0652,0.0549,-0.04,-0.0281,0.0456,0.0039,0.0310969116080937,0.0301933615965257,0.0565495207667732,0.549905838041431,0.540955282242481,0.0093,0.00699999999999999,0.0119,0.00297619047619047,,0.00371618068161091,0.000444902495369782,,,0.0022940724,,,,,,-2.00108044402987,,,0.071469550069251,0,,,FALSE,TRUE,-0.00115272868424654,0.352587461471558,0.327453291444023,0.93283708699156,0.884027533537658,-2.92598972645736,0.0317757905649033,,,,1.0522597454235,,0.0879916176199913,,
1967-11-01,94,2.92,5.32,0.006435,0.000533,0.0607,0.0672,0.0567,-0.0196,-0.0272,0.0473,0.0036,0.031063829787234,0.0310969116080937,0.0565957446808511,0.548872180451128,0.543382697160343,0.0094,0.00649999999999999,-0.0076,0.00296735905044487,,0.00277402021455598,0.000954782524756538,,,0.0028493145,,,,,,-2.07730022711453,,,0.0826192717582352,0,,,TRUE,TRUE,0.0512526445090771,0.312152624130249,0.355442517479429,0.928669890147177,0.880078380143697,-2.92772911085475,0.0330331260358109,,,,1.0522597454235,,0.128024131059647,,
1967-12-01,96.47,2.92,5.33,0.027079,0.025857,0.0619,0.0693,0.0556,0.0192,0.0127,0.0497,0.0033,0.0302684772468125,0.031063829787234,0.0552503368922981,0.547842401500938,0.525792445117168,0.0059,0.0074,-0.0065,0.00295857988165693,,0.0143620564840527,0.000270899160629376,,,0.0029522247,,,,,,-2.00684648844494,,,0.0902812808683762,0,,,TRUE,TRUE,0.0548347570002079,0.309102475643158,0.346805679148152,0.959738304279595,0.909521177711903,-2.95131554789281,0.0344847870926844,,,,1.0522597454235,,0.121163204312325,,
1968-01-01,92.24,2.93,5.36667,-0.041875,-0.043523,0.0617,0.0684,0.0536,0.0328,0.0361,0.05,0.004,0.031764960971379,0.030372136415466,0.0581815915004337,0.545962393812178,0.556302383485102,0.0036,0.0067,0.0033,0.00589970501474935,,0.0128552237945047,0.000483318935044804,,,0.0025043814,,,,,,-2.12354722933789,,,0.0861602264487384,0,,,FALSE,TRUE,0.0248522125184536,0.316015958786011,0.342202537774704,0.907102260677779,0.859639250364267,-2.89801135821558,0.037658515963904,,,,0.238230769674305,,0.109238028526306,,
1968-02-01,89.36,2.94,5.40333,-0.0269,-0.031973,0.061,0.068,0.0542,-0.0033,0.0037,0.0498,0.0039,0.0329006266786034,0.0318733738074588,0.0604669874664279,0.544108910616231,0.566210588935158,0.00439999999999999,0.00700000000000001,0.007,0.00293255131964809,,0.0104518142035605,0.00082044530630183,,,0.0025561893,,,,,,-2.00573901233677,,,0.0866953959109913,0,,,TRUE,TRUE,-0.0138978809118271,0.334765732288361,0.359680621913142,0.891228739873606,0.844596292016279,-2.85976705023184,0.0380722476975153,,,,-1.3832312565404,,0.104656897485256,,
1968-03-01,90.2,2.95,5.44,0.009696,0.008585,0.0611,0.0685,0.056,-0.0212,-0.0197,0.0517,0.0038,0.0327050997782705,0.033012533572068,0.060310421286031,0.542279411764706,0.566809806463892,0.00430000000000001,0.00739999999999999,0.0015,0.002923976608187,,0.0126782438074979,0.00139548103582819,,,0.0034032192,,,,,,-1.98016538728901,,,0.0867759686424523,0,,,FALSE,TRUE,0.0375204868614674,0.324787110090256,0.335799335120617,0.891409000296899,0.844767120534593,-2.86406343101994,0.0314552768928836,,,,-1.67762387025065,,0.180461183190346,,
1968-04-01,97.59,2.96333,5.48333,0.084092,0.082642,0.0621,0.0697,0.0547,0.0227,0.0048,0.0538,0.0043,0.0303650988830823,0.0328528824833703,0.0561874167435188,0.540425252538147,0.522352064195041,0.000899999999999998,0.0076,-0.0179,0.00291545189504383,,0.00814115669930482,0.00160757463792928,,,0.0036993101,,,,,,-2.14203405281829,,,0.085188722158454,0,,,TRUE,TRUE,0.102046199142933,0.305929899215698,0.35947219723304,0.967277431395004,0.916665829271969,-2.93392934995386,0.0347627189236227,,,,0.507449053479759,,0.253513187170029,,
1968-05-01,98.68,2.97667,5.52667,0.016374,0.011104,0.0627,0.0703,0.0547,0.0043,0.0032,0.0566,0.0045,0.0301648763680584,0.0305017932165181,0.0560059789217673,0.538601002050059,0.530033370411568,-0.00190000000000001,0.00760000000000001,-0.0011,0.00290697674418605,,0.0106474513848055,0.000386531021392019,,,0.0029648972,,,,,,-2.05552736984718,,,0.0933148257453524,0,,,FALSE,TRUE,0.0861305966973305,0.312533050775528,0.322694342612251,0.953259532595326,0.903381399788977,-2.93933856785319,0.0403786439706776,,,,1.0522597454235,,0.219721108675003,,
1968-06-01,99.58,2.99,5.57,0.009916,0.008695,0.0628,0.0707,0.0534,0.023,0.0122,0.0552,0.0043,0.0300261096605744,0.0302999594649372,0.0559349266921069,0.536804308797127,0.530741813321452,-0.0018,0.00789999999999999,-0.0108,0.00579710144927548,,0.0120911169843263,0.000499504704200523,,,0.0026268741,,,,,,-2.23936491509311,,,0.0939562047985718,0,,,FALSE,TRUE,0.0611228458583355,0.297382444143295,0.382345631516547,0.951987106077957,0.902175551424408,-2.93919019102284,0.0423250254527826,,,,1.0522597454235,,0.148240014910698,,
1968-07-01,97.74,3.00333,5.6,-0.017444,-0.018664,0.0624,0.0698,0.0517,0.0289,0.0341,0.0531,0.0048,0.0307277470841007,0.030159971881904,0.0572948639246982,0.536308928571429,0.539637599093998,-0.00139999999999999,0.0074,0.0052,0.0057636887608068,,0.0138864877068962,0.000756619297392971,,,0.0026163853,,,,,,-2.20259769476512,,,0.0893995648813268,0,,,TRUE,TRUE,0.00826598703861237,0.31208148598671,0.381763244515546,0.936293845697078,0.887303421594735,-2.91308506102893,0.0362864465179083,,,,1.0522597454235,,0.104685418307781,,
1968-08-01,98.86,3.01667,5.63,0.016415,0.011259,0.0602,0.0682,0.052,-3e-04,0.0206,0.0509,0.0042,0.0305145660530042,0.0308642316349499,0.0569492211207769,0.535820603907638,0.531802100422986,0.0011,0.008,0.0209,0.00286532951289398,,0.0180360826601199,0.000316403357388105,,,0.0028815826,,,,,,-2.04923045141529,,,0.0891678004290029,0,,,FALSE,TRUE,0.0152070922777057,0.316933780908585,0.395621724698374,0.950089069856216,0.900376827613928,-2.91837745116618,0.0278502937529027,,,,1.0522597454235,,0.108657836914062,,
1968-09-01,102.67,3.03,5.66,0.039351,0.03821,0.0597,0.0679,0.0531,-0.0102,-0.0053,0.0519,0.0043,0.0295120288302328,0.0306494031964394,0.0551280802571345,0.535335689045936,0.509195439147672,0.0012,0.00820000000000001,0.0049,0.00285714285714289,,0.0182871394662552,0.000268231657457846,,,0.0024118186,,,,,,-2.08308066135865,,,0.089934170116837,0,,,FALSE,TRUE,0.0703675225377083,0.30673536658287,0.404847802366316,0.992270008906986,0.940350700899362,-2.95125761721001,0.0275860938390232,,,,1.0522597454235,,0.10552991181612,,
1968-10-01,103.41,3.04333,5.69333,0.008587,0.006751,0.0609,0.0684,0.0543,-0.0132,-0.016,0.0535,0.0044,0.0294297456725655,0.0296418622771988,0.0550558940141186,0.534543053011155,0.500320246957654,0.000800000000000002,0.00750000000000001,-0.0028,0.0056980056980056,,0.0194101967416447,0.000268403020487888,,,0.002547129,,,,,,-2.15087619854823,,,0.0889093128791827,0,,,FALSE,TRUE,0.031073784455657,0.300213485956192,0.384020571466541,0.984392603541122,0.957031603275888,-2.95370512839221,0.0235220078171179,,,,1.0522597454235,,0.0699203237891197,,
1968-11-01,108.37,3.05667,5.72667,0.05358,0.048659,0.0619,0.0701,0.0566,-0.0269,-0.0226,0.0545,0.0042,0.0282058687828735,0.0295587467362924,0.0528436836762942,0.533760457648162,0.483717058513014,0.0021,0.00819999999999999,0.0043,0.00283286118980164,,0.0211888047509588,0.000262965786340599,,,0.0024623206,,,,,,-2.15938902662203,,,0.0987549415126439,0,,,FALSE,TRUE,0.0852685123682022,0.298765987157822,0.406056221461639,1,0.989880922473999,-2.995851794863,0.0258199912906037,,,,1.0522597454235,,0.0516600757837296,,
1968-12-01,103.86,3.07,5.76,-0.040826,-0.042142,0.0645,0.0723,0.0598,-0.0363,-0.0233,0.0596,0.0043,0.0295590217600616,0.02832887330442,0.0554592720970537,0.532986111111111,0.504900662251656,0.000199999999999999,0.0078,0.013,0.00282485875706229,,0.0319614469223728,0.000333975100714273,,,0.0023475611,,,,,,-2.2155999972584,,,0.0989060518430271,0,,,FALSE,TRUE,0.034861471503973,0.304707825183868,0.410405044684427,0.957917601323576,0.948349495050997,-2.95065825065799,0.0268463470454354,,,,1.0522597454235,,0.0755205675959587,,
1969-01-01,103.01,3.08,5.78,-0.007547,-0.008612,0.0659,0.0732,0.0617,-0.0206,0.0139,0.0614,0.0053,0.0299000097077954,0.0296553052185635,0.0561110571789147,0.532871972318339,0.50367316738016,0.000300000000000002,0.0073,0.0345,0.0028169014084507,,0.0365244926593544,0.000606770277233647,,,0.0021968795,,,,,,-2.08182942596269,,,0.101938737617854,-0.0032573289902279,,,FALSE,TRUE,0.0520990788936615,0.314408957958221,0.404145876719893,0.960252128987728,0.95066070441642,-2.93906858364405,0.0270089291341322,,,,1.0522597454235,,0.102606147527695,,
1969-02-01,98.13,3.09,5.8,-0.042321,-0.047384,0.0666,0.073,0.0618,0.0042,-0.016,0.0612,0.0046,0.0314888413329257,0.0299970876613921,0.0591052685213492,0.532758620689655,0.526397189602413,0.000599999999999996,0.00639999999999999,-0.0202,0.00561797752808979,,0.0413173305745631,0.00059559625287502,,,0.0023357287,,,,,,-2.09325505574745,,,0.10532368984605,0,,,FALSE,TRUE,-0.0244773477315903,0.318311125040054,0.409365001012968,0.918799037768598,0.909621665075617,-2.88849496909369,0.0258524741740925,,,,-1.0972603506545,,0.12047478556633,,
1969-03-01,101.51,3.1,5.82,0.034847,0.033598,0.0685,0.0751,0.062,0.001,-0.02,0.0602,0.0046,0.0305388631661905,0.0315907469683073,0.057334252782977,0.532646048109966,0.557040236028563,0.0018,0.00660000000000001,-0.021,0.0083798882681565,,0.0395080040354867,0.000541631025781991,,,0.0022973853,,,,,,-1.96389875594299,,,0.110144850343153,0.0392156862745099,,,FALSE,TRUE,0.0589292496442795,0.317836105823517,0.413213348371224,0.949523451852904,0.940039190071849,-2.9199521534128,0.0256585543617059,,,,-1.37827891811968,,0.158350929617882,,
1969-04-01,103.69,3.11,5.82667,0.022771,0.021449,0.0689,0.0754,0.0593,0.0427,0.0335,0.0611,0.0053,0.0299932491079178,0.0306373756280169,0.0561931719548655,0.533752555061467,0.548422404176051,-0.0018,0.00649999999999999,-0.0092,0.0055401662049861,,0.044290951845608,0.00055041221587039,,,0.0018842739,,,,,,-1.95350158773901,,,0.103473948154142,0.00943396226415083,,,FALSE,TRUE,0.0966338142752647,0.312540501356125,0.428965432982899,0.964444128662925,0.954810832537808,-2.93883142196608,0.0266517169298615,,,,-0.0381083940275185,,0.164203494787216,,
1969-05-01,103.46,3.12,5.83333,0.003854,-0.001862,0.0679,0.0752,0.0635,-0.049,-0.0227,0.0604,0.0048,0.0301565822540112,0.0300896904233774,0.0563824666537792,0.534857448489971,0.555804428516575,0.0031,0.00729999999999999,0.0263,0.00275482093663926,,0.0440056032185547,0.000426897437332809,,,0.001576849,,,,,,-1.95604837022245,,,0.096702450027025,0,,,FALSE,TRUE,0.0356261245906353,0.323098123073578,0.425068166169384,0.951634676870921,0.9421293272371,-2.93688027215964,0.0268079884958495,,,,-0.266129783581498,,0.142933696508408,,
1969-06-01,97.71,3.13,5.84,-0.054357,-0.055686,0.0698,0.077,0.0623,0.0214,0.0035,0.0644,0.0051,0.0320335687237744,0.0302532379663638,0.0597687033057005,0.535958904109589,0.596777333684536,-0.0021,0.0072,-0.0179,0.00549450549450547,,0.0451527169160851,0.000752236914232077,,,0.0011927635,,,,,,-1.99012732663807,,,0.103447760889237,0,,,FALSE,TRUE,0.0440365225076675,0.314748525619507,0.415794728957507,0.886298352635479,0.87744561121439,-2.88090497136089,0.0275691083935159,,,,-2.68533577651543,,0.159304946660995,,
1969-07-01,91.83,3.13667,5.85667,-0.058632,-0.059919,0.0708,0.0784,0.0621,0.0079,5e-04,0.07,0.0053,0.0341573559838833,0.0321018319516938,0.0637773058913209,0.535572262053351,0.639017989625615,-0.0079,0.0076,-0.0074,0.00546448087431672,,0.0511608370973098,0.00230564998447123,,,0.0015607611,,,,,,-2.04999070790634,,,0.105738660004866,0,,,FALSE,TRUE,0.0771002322435379,0.340430468320847,0.406415428032701,0.827711858385522,0.819444304878662,-2.81739625512196,0.0280709904896858,,,,-2.68533577651543,,0.241839244961739,,
1969-08-01,95.51,3.14333,5.87333,0.045728,0.04018,0.0697,0.0786,0.063,-0.0069,-0.002,0.0698,0.005,0.0329110040833421,0.0342298813024066,0.0614943984923045,0.535187023375155,0.622788985562673,-0.0068,0.00890000000000001,0.0049,0.00543478260869579,,0.046914706347001,0.000918233813326401,,,0.0014767373,,,,,,-1.89277296239137,,,0.105062480211993,0,,,FALSE,TRUE,0.0809918567538261,0.305659681558609,0.421423556620394,0.849280863978238,0.840797869667889,-2.85356643695905,0.0287354335599869,,,,-2.68533577651543,,0.265684604644775,,
1969-09-01,93.12,3.15,5.89,-0.023941,-0.025285,0.0714,0.0805,0.0677,-0.0531,-0.0244,0.0709,0.0062,0.0338273195876289,0.0329808397026489,0.0632517182130584,0.534804753820034,0.640888462531823,-0.00320000000000001,0.00910000000000001,0.0287,0.00270270270270268,,0.0483911789402899,0.000891587847612078,,,0.0021746674,,,,,,-1.89933158320885,,,0.101871124814845,0,,,FALSE,TRUE,0.023741802200675,0.316551148891449,0.405759212746625,0.825296129759138,0.817052705622268,-2.82978584500795,0.0280838539382073,,,,-2.68533577651543,,0.262533068656921,,
1969-10-01,97.24,3.15333,5.85333,0.0469,0.04466,0.0733,0.0822,0.0653,0.0365,0.0127,0.07,0.006,0.0324283216783217,0.0338630798969072,0.0601946729740847,0.538724110890724,0.608768794027968,-0.00470000000000001,0.00890000000000001,-0.0238,0.0053908355795147,,0.0486302400082959,0.000753723304811598,,,0.0018446799,,,,,,-1.97215388183403,,,0.099201815356182,0,,,FALSE,TRUE,0.0795525386929512,0.314940720796585,0.415444978242689,0.868840145755727,0.86016178465558,-2.87876421085092,0.0302163406398012,,,,-2.68533577651543,,0.17782187461853,,
1969-11-01,93.81,3.15667,5.81667,-0.029152,-0.034433,0.0735,0.0825,0.0676,-0.0243,-0.0471,0.0724,0.0052,0.0336496109156806,0.0324626696832579,0.0620047969299648,0.542693671808784,0.641511756740121,-0.00480000000000001,0.00900000000000001,-0.0228,0.00536193029490617,,0.0479038855281084,0.000509136196982139,,,0.0015408249,,,,,,-1.93206129481714,,,0.0867711498546995,0,,,FALSE,TRUE,0.0750542357563972,0.323015660047531,0.417221681593845,0.824494270257102,0.816258855448927,-2.84950973155652,0.0286157232085419,,,,-2.68533577651543,,0.162813544273376,,
1969-12-01,92.06,3.16,5.78,-0.016922,-0.018365,0.0772,0.0865,0.0687,-0.0068,-0.0134,0.0782,0.0064,0.0343254399304801,0.0336851081974203,0.0627851401260048,0.546712802768166,0.651082013094108,-0.00950000000000001,0.00930000000000002,-0.0066,0.00533333333333341,,0.0342737832537362,0.0011635548351534,,,0.00082225183,,,,,,-1.97108632084247,,,0.0811280545272526,0,,,TRUE,TRUE,0.0552787818014622,0.309248864650726,0.430956885934328,0.826092790421634,0.804260664221474,-2.84175189352709,0.0300246175400402,,,,-2.68533577651543,,0.177907928824425,,
1970-01-01,85.02,3.16333,5.73,-0.075398,-0.076809,0.0791,0.0886,0.0693,-0.0021,0.0141,0.0787,0.006,0.0372068924958833,0.034361611992179,0.0673959068454481,0.552064572425829,0.700346746230143,-0.00940000000000001,0.00949999999999999,0.0162,0.00265251989389914,,0.0344732079215121,0.00106709727121806,,,0.00090760752,,,,,,-1.89820359369425,,,0.0594869636745767,0,,,TRUE,TRUE,-0.0327458009123802,0.336995929479599,0.407024685665388,0.767982659854467,0.747686278450485,-2.77218569600944,0.0304826962062209,,,,-2.68533577651543,,0.169638454914093,,
1970-02-01,89.5,3.16667,5.68,0.059521,0.053615,0.0793,0.0878,0.0651,0.0587,0.0401,0.0713,0.0062,0.0353817877094972,0.0372461773700306,0.063463687150838,0.557512323943662,0.670147507040986,-0.0062,0.00849999999999999,-0.0186,0.00529100529100535,,0.035855215274286,0.00105871173068819,,,0.00037891846,,,,,,-1.89929614196503,,,0.0558815693768975,0,,,TRUE,TRUE,0.0585635975003242,0.325546562671661,0.415105810909534,0.802590700314806,0.781379691503793,-2.82718651992742,0.0329259261395613,,,,-2.68533577651543,,0.188567757606506,,
1970-03-01,89.63,3.17,5.63,0.002806,0.001232,0.0784,0.0863,0.0661,-0.0068,-0.0045,0.0663,0.0057,0.0353676224478411,0.0354189944134078,0.0628137900256611,0.563055062166963,0.690326769097598,-0.000199999999999992,0.0079,0.0023,0.00526315789473686,,0.035841581177217,0.000963538997089311,,,-0.00043143621,,,,,,-1.84223241631859,,,0.0516390418954042,0,,,TRUE,TRUE,0.0367006212472916,0.341230779886246,0.451585827857346,0.810827269443154,0.789398583128172,-2.83589328339976,0.0321258064604348,,,,-2.43926635417131,,0.189626768231392,,
1970-04-01,81.52,3.17333,5.59333,-0.088831,-0.090035,0.0783,0.087,0.0699,-0.0413,-0.025,0.0651,0.005,0.0389270117762512,0.0354047751868794,0.0686129784102061,0.567341816055909,0.736750580787153,0.00480000000000001,0.0087,0.0163,0.00785340314136107,,0.0357121248267527,0.00161467699132867,,,0.00049399428,,,,,,-1.85359138323508,,,0.0461251880454872,0,,,FALSE,TRUE,0.0586463138461113,0.372337192296982,0.453511276669302,0.75973576921092,0.739657338089735,-2.75057045437329,0.0367132268645861,,,,-2.68533577651543,,0.227016270160675,,
1970-05-01,76.55,3.17667,5.55667,-0.054689,-0.061112,0.0811,0.0898,0.0743,-0.0468,-0.0163,0.0684,0.0053,0.0414979751796212,0.0389679833169774,0.0725887655127368,0.571685919804487,0.774227628347895,0.0059,0.00870000000000001,0.0305,0.00259740259740271,,0.0386610302810389,0.00815185442506589,,,-0.00023762602,,,,,,-2.11869721730783,,,0.0420230859088382,0,,,FALSE,TRUE,0.168084740638733,0.362178921699524,0.444040053485108,0.750602784058639,0.703853690398432,-2.69907247451681,0.0378421386937983,,,,-2.68533577651543,,0.412797003984451,,
1970-06-01,72.72,3.18,5.52,-0.049032,-0.050902,0.0848,0.0925,0.0709,0.0486,1e-04,0.0668,0.0058,0.0437293729372937,0.041541476159373,0.0759075907590759,0.576086956521739,0.793381417055579,0.00410000000000001,0.0077,-0.0485,0.00518134715025886,,0.0422907480256594,0.00265191101739237,,,-0.00025229462,,,,,,-1.87643469383296,,,0.0358516782288638,0,,,FALSE,TRUE,0.0257645919919014,0.324528127908707,0.480199303620955,0.77137408026001,0.686861277194393,-2.65371705075612,0.0394695060514515,,,,-2.68533577651543,,0.40126645565033,,
1970-07-01,78.05,3.18333,5.46667,0.075523,0.073219,0.0844,0.094,0.0687,0.0319,0.0556,0.0645,0.0052,0.0407857783472133,0.0437751650165017,0.0700406149903908,0.582316108343836,0.738707568244974,0.0042,0.00960000000000001,0.0237,0.00515463917525771,,0.0430738217684793,0.00212647638345386,,,0.00032780954,,,,,,-1.73510323285089,,,0.0353747735250294,0,,,FALSE,TRUE,0.0603990815579891,0.336859881877899,0.473401172287763,0.850611204449337,0.737697834497312,-2.73062849035607,0.0356279971610793,,,,-2.68533577651543,,0.40395388007164,,
1970-08-01,81.52,3.18667,5.41333,0.049778,0.043782,0.0813,0.0944,0.0694,-0.0019,0.01,0.0641,0.0053,0.0390906526005888,0.0408285714285714,0.0664049313052012,0.588670928984562,0.709278296581129,0.0053,0.0131,0.0119,0,,0.0387292527075604,0.0018871043050804,,,0.0015175963,,,,,,-1.7075290067232,,,0.0306666220796199,0,,,FALSE,TRUE,0.104951314628124,0.347828954458237,0.466144678261889,0.885904640519089,0.7683062854846,-2.78458365102713,0.0328446777516065,,,,-2.43926635417131,,0.283447504043579,,
1970-09-01,84.21,3.19,5.36,0.034702,0.033021,0.0809,0.0939,0.068,0.0228,0.0139,0.0612,0.0054,0.0378814867592922,0.0391315014720314,0.0636503978149864,0.595149253731343,0.712914760477467,0.0068,0.013,-0.0089,0.00512820512820511,,0.0379424193480844,0.00105796493228622,,,0.00087569701,,,,,,-1.86567434346891,,,0.0208310148751449,0,,,FALSE,TRUE,0.0487418733537197,0.323966473340988,0.462299918368858,0.88138578297897,0.764387278299754,-2.82564658584122,0.0418400736669784,,,,-0.820649747171044,,0.245416924357414,,
1970-10-01,83.25,3.17333,5.28333,-0.009032,-0.011639,0.0803,0.0933,0.0693,-0.0109,-0.0096,0.0591,0.0046,0.0381180780780781,0.037683529272058,0.0634634234234234,0.600630662858462,0.717698283506041,0.0102,0.013,0.0013,0.00510204081632648,,0.0369624911592096,0.00104339568646194,,,0.00062401896,,,,,,-1.76353474154134,,,-0.00229191821914743,0,,,FALSE,TRUE,0.0324606746435165,0.344867795705795,0.496950868783142,0.875511268176815,0.759292568959453,-2.82802956262574,0.0409892698359105,,,,-0.281892541420095,,0.233600780367851,,
1970-11-01,87.2,3.15667,5.20667,0.054387,0.048836,0.0805,0.0938,0.0637,0.0791,0.0584,0.0528,0.0046,0.0362003440366972,0.037917957957958,0.0597095183486238,0.606274259747593,0.682920072032137,0.0109,0.0133,-0.0207,0.00507614213197982,,0.0352249280887125,0.000885453566751327,,,0.00057113489,,,,,,-1.76090852791068,,,-0.0112784831861332,0,,,FALSE,TRUE,0.072894386947155,0.346550971269608,0.512565513117537,0.978775067483453,0.797960106516606,-2.88442603722051,0.0440149463095888,,,,0.5494927389409,,0.201845750212669,,
1970-12-01,92.15,3.14,5.13,0.058684,0.057358,0.0764,0.0912,0.0648,-0.0084,0.0372,0.0487,0.0042,0.0340748779164406,0.0360091743119266,0.0556701030927835,0.612085769980507,0.646426357697993,0.0161,0.0148,0.0456,0.00505050505050497,,0.0314617075350702,0.000535199943046078,,,0.0015125012,,,,,,-1.83537165135562,,,0.00851851980374674,0.0623052959501558,,,FALSE,TRUE,0.0221248958259821,0.329927504062653,0.508660045562975,0.996342042755344,0.843008591669598,-2.95025342647334,0.03219789967786,,,,1.0522597454235,,0.178629264235497,,
1971-01-01,95.88,3.13,5.16,0.042828,0.0415,0.0736,0.0874,0.0612,0.0506,0.0532,0.0444,0.0038,0.0326449728827701,0.0339663591969615,0.0538172715894869,0.606589147286822,0.624409902130109,0.0168,0.0138,0.0026,0,,0.0305931302514825,0.000541030877813409,,,0.0016976254,,,,,,-1.92972737808816,,,0.0132762821205055,0,,,FALSE,TRUE,0.0334233492612839,0.325632512569427,0.511718076892704,1,0.872732753856203,-2.98269132981274,0.0367597402343748,,,,1.0522597454235,,0.1327093988657,,
1971-02-01,96.75,3.12,5.19,0.013317,0.008152,0.0708,0.0839,0.0629,-0.0163,-0.0366,0.037,0.0033,0.0322480620155039,0.032540675844806,0.0536434108527132,0.601156069364162,0.617070423176268,0.0259,0.0131,-0.0203,0.00251256281407031,,0.0258013751446643,0.000451453584127097,,,0.0018948256,,,,,,-1.96542202914887,,,0.00846867748703506,0,,,TRUE,TRUE,0.0217015109956264,0.330659091472626,0.490714244183813,0.987382873064737,0.88311309852786,-2.9847027406295,0.0337420362970717,,,,1.0522597454235,,0.111750416457653,,
1971-03-01,100.31,3.11,5.22,0.039068,0.037624,0.0721,0.0846,0.0593,0.0526,0.0258,0.0338,0.003,0.0310038879473632,0.0321447028423773,0.0520386800917157,0.595785440613027,0.633811382509371,0.0255,0.0125,-0.0268,0.00250626566416035,,0.026398845213224,0.000492719434348743,,,0.0021051754,,,,,,-1.88002642065642,,,0.00448916090358864,0,,,TRUE,TRUE,0.0753164812922478,0.313562542200089,0.499781259054264,0.986409694272657,0.908777571220419,-3.01120269588895,0.0349532268737434,,,,1.0522597454235,,0.115435808897018,,
1971-04-01,103.95,3.10667,5.25333,0.036965,0.035789,0.0725,0.0845,0.0619,-0.0283,-0.0236,0.0386,0.0028,0.0298861952861953,0.0309706908583391,0.0505370851370851,0.591371568129168,0.608654101406955,0.0233,0.012,0.0047,0.00249999999999995,,0.0265569999388949,0.000307554916783973,,,0.0020432328,,,,,,-1.87722048494794,,,0.00719718098638067,0,,,FALSE,TRUE,0.00971265230327845,0.324255406856537,0.493764636859331,0.990460865358322,0.946339747776717,-3.04171170017791,0.0293741003450772,,,,1.0522597454235,,0.0998082384467125,,
1971-05-01,99.63,3.10333,5.28667,-0.03715,-0.042138,0.0753,0.0862,0.0624,-6e-04,-0.0161,0.0414,0.0029,0.0311485496336445,0.0298540644540645,0.0530630332229248,0.587010348669389,0.631409656205594,0.021,0.0109,-0.0155,0.00498753117206974,,0.0297225929823969,0.000539276255189783,,,0.0018246132,,,,,,-1.80891606153773,,,0.00936833865732556,0,,,TRUE,TRUE,0.0482922904193401,0.336348295211792,0.499920556778824,0.954765360425738,0.912234336532181,-2.99821616754153,0.0287056712628734,,,,1.0522597454235,,0.122410506010056,,
1971-06-01,99.7,3.1,5.32,0.002439,0.001061,0.0764,0.0875,0.0641,-0.0159,0.0107,0.0475,0.0037,0.0310932798395186,0.0311151259660745,0.0533600802407222,0.582706766917293,0.643221042709339,0.0166,0.0111,0.0266,0.0074441687344915,,0.0272785167111232,0.00092453962255326,,,0.0013777546,,,,,,-1.82606155255496,,,0.0106688176298326,0,,,FALSE,TRUE,0.0505740456283092,0.347674250602722,0.395910390585172,0.937233125092026,0.895483093001055,-2.99385494857188,0.0288362646435578,,,,1.0522597454235,,0.152934670448303,,
1971-07-01,95.58,3.09667,5.35667,-0.040827,-0.041901,0.0764,0.0876,0.0643,0.003,-0.0025,0.054,0.004,0.0323987235823394,0.0310598796389168,0.0560438376229337,0.578096093281834,0.667730624512191,0.0103,0.0112,-0.0055,0.00246305418719217,,0.0257963390144328,0.000518434449077196,,,0.0015360273,,,,,,-1.75809578480274,,,0.00488302414440289,0,,,FALSE,TRUE,-0.0513173714280128,0.333448708057404,0.412475246403465,0.90283124040302,0.862613676330201,-2.94675317472914,0.0269071730406804,,,,0.783645144149397,,0.177401080727577,,
1971-08-01,99.03,3.09333,5.39333,0.042036,0.036549,0.0759,0.0876,0.061,0.0471,0.0554,0.0494,0.0047,0.0312362920327174,0.0323637790332706,0.0544615772998081,0.573547326049027,0.638257596846571,0.0116,0.0117,0.00829999999999999,0.00245700245700231,,0.0267819768877753,0.00245122291121389,,,0.0014284515,,,,,,-1.89011299770384,,,-0.0038160970169403,0,,,FALSE,TRUE,0.106127716600895,0.342015027999878,0.397506442937646,0.944521570854631,0.902446867306436,-2.97398552049868,0.0311953669774317,,,,0.496624638306825,,0.253167033195496,,
1971-09-01,98.34,3.09,5.43,-0.005038,-0.006387,0.0744,0.0859,0.0598,0.0204,-0.0102,0.0469,0.0037,0.0314215985356925,0.0312026658588307,0.0552165954850519,0.569060773480663,0.646084829630632,0.0129,0.0115,-0.0306,0,,0.0279344327432632,0.000524263885767526,,,0.0011670679,,,,,,-1.74094988355942,,,0.00943268801288077,0,,,FALSE,TRUE,0.0507225394248962,0.349553853273392,0.406100754263882,0.933078816179719,0.891513842134352,-2.95608051944961,0.0288201214233466,,,,0.22801003703272,,0.249676331877708,,
1971-10-01,94.23,3.08333,5.52,-0.040129,-0.042015,0.0739,0.0848,0.0588,0.0167,0.0282,0.0446,0.0037,0.0327213201740422,0.0313537726255847,0.0585800700413881,0.558574275362319,0.683194278903457,0.0142,0.0109,0.0115,0.00245098039215685,,0.0292440024540081,0.000661935477245451,,,0.0009808042,,,,,,-1.77806358620057,,,0.014022949994374,0,,,FALSE,TRUE,0.0193983465433121,0.35409352183342,0.398872281113246,0.88239624744957,0.843088981560569,-2.89496905454997,0.0290225029731881,,,,-1.11830229290955,,0.250127881765366,,
1971-11-01,93.99,3.07667,5.61,0.002898,-0.002029,0.0726,0.0838,0.0596,-0.0047,0.0029,0.0422,0.0037,0.0327340142568358,0.0326506420460575,0.059687200766039,0.548426024955437,0.689489258305868,0.0174,0.0112,0.0076,0,,0.0294520879533541,0.00186625563568965,,,0.00142819,,,,,,-1.80506061839947,,,0.0153906519835663,0,,,FALSE,TRUE,0.0884653925895691,0.355949521064758,0.401772037856251,0.87434004333102,0.835391649500075,-2.87511252102558,0.0256083064859634,,,,-2.18561837291474,,0.24095793068409,,
1971-12-01,102.09,3.07,5.7,0.08788,0.086486,0.0725,0.0838,0.0597,0.0044,0.0223,0.0401,0.0037,0.0300715055343324,0.0326630492605596,0.0558330884513664,0.53859649122807,0.643900247135475,0.0196,0.0113,0.0179,0.00488997555012238,,0.0340233465708136,0.00118298444395912,,,0.0022538795,,,,,,-1.88043714434074,,,0.0240073322930234,0,,,FALSE,TRUE,0.0475797206163406,0.354147255420685,0.414225209517652,0.936244504743274,0.894538511782143,-2.94299691496073,0.0274579086792009,,,,-1.37411593489539,,0.243663012981415,,
1972-01-01,103.94,3.07,5.73667,0.019088,0.017814,0.0719,0.0823,0.0606,-0.0063,-0.0033,0.0338,0.0029,0.029536270925534,0.0300715055343324,0.0551921300750433,0.535153669288978,0.635356972632652,0.0268,0.0104,0.003,0,,0.0330751047608043,0.000494224740987337,,,0.0023504572,,,,,,-1.89424176896627,,,0.0447773011633132,0,,,FALSE,TRUE,0.0580362156033516,0.349860340356827,0.399879399315887,0.948833638333228,0.906566849218711,-2.95473200569382,0.0356098927011925,,,,0.256078978350235,,0.232863530516624,,
1972-02-01,106.57,3.07,5.77333,0.030221,0.025416,0.0727,0.0823,0.0602,0.0088,0.0107,0.032,0.0025,0.0288073566669795,0.029536270925534,0.0541740639954959,0.531755503323039,0.617585898527146,0.0282,0.0096,0.0019,0.00486618004866179,,0.0330298522216412,0.000284384425888175,,,0.0022955076,,,,,,-1.83197845405904,,,0.0519653268715063,0,,,FALSE,TRUE,0.0601020008325577,0.342909544706345,0.408948016307956,0.976136387539177,0.932653368838869,-2.97457634958352,0.0355342153476872,,,,1.0522597454235,,0.137523680925369,,
1972-03-01,107.2,3.07,5.81,0.007315,0.006132,0.0724,0.0824,0.0613,-0.0082,0.0024,0.0373,0.0027,0.0286380597014925,0.0288073566669795,0.0541977611940298,0.528399311531842,0.645901987881365,0.024,0.01,0.0106,0.00242130750605329,,0.0317232523142454,0.000545104364951862,,,0.0022397228,,,,,,-1.81491482851394,,,0.0560076855914069,0,,,FALSE,TRUE,0.0283191632479429,0.341759532690048,0.407964942893577,0.989356555394291,0.94528463045772,-2.97404474530217,0.0342200822498674,,,,1.0522597454235,,0.121595904231071,,
1972-04-01,107.67,3.07,5.86333,0.005476,0.004658,0.073,0.0824,0.0615,0.0027,0.0035,0.0371,0.0029,0.0285130491316058,0.0286380597014925,0.0544564874152503,0.523593248205371,0.636783801628641,0.0244,0.00940000000000001,8e-04,0.00241545893719808,,0.0324918783742602,0.000383391468654833,,,0.0020286355,,,,,,-1.81531448388703,,,0.0631182163109743,0,,,FALSE,TRUE,0.0704407244920731,0.345969885587692,0.42179889734897,0.984776864963052,0.958820278349998,-2.97041304867893,0.0244144405616638,,,,1.0522597454235,,0.120752178132534,,
1972-05-01,109.53,3.07,5.91667,0.022019,0.016763,0.073,0.0823,0.0597,0.027,0.0163,0.0369,0.003,0.0280288505432302,0.0285130491316058,0.0540187163334246,0.518872947113833,0.63244233491548,0.0228,0.0093,-0.0107,0.00240963855421694,,0.0306571284406219,0.000769051670137088,,,0.0018280014,,,,,,-1.79653629482836,,,0.0604148012219796,0,,,FALSE,TRUE,-0.0110541163012385,0.356580764055252,0.436860203668902,0.989158301158301,0.965402200673265,-2.97791926548786,0.0250674610545751,,,,1.0522597454235,,0.164477348327637,,
1972-06-01,107.14,3.07,5.97,-0.020156,-0.021378,0.0723,0.082,0.0607,-0.0065,-0.0068,0.0391,0.0029,0.0286540974425985,0.0280288505432302,0.0557214859062908,0.514237855946399,0.654015478509844,0.0216,0.00969999999999999,-3e-04,0.00240384615384626,,0.034199455977896,0.000365352207315915,,,0.0015414101,,,,,,-1.67657293492805,,,0.0602214554411202,0,,,FALSE,TRUE,0.0681207552552223,0.352285861968994,0.438340636904873,0.956530244530244,0.933557755112295,-2.94669556894571,0.0255864103116775,,,,1.0522597454235,,0.154161617159843,,
1972-07-01,107.39,3.07333,6.02667,0.003245,0.002126,0.0721,0.0823,0.0593,0.0216,0.003,0.0398,0.0031,0.0286184002234845,0.0286851782714206,0.0561194710866934,0.509954917060333,0.657049549062439,0.0195,0.0102,-0.0186,0.00479616306954433,,0.0333251550095174,0.000595486952559562,,,0.0013485364,,,,,,-1.71974785292602,,,0.0562697118491342,0,,,FALSE,TRUE,0.0157788340002298,0.361480891704559,0.430885809456952,0.952113256113256,0.929246847208964,-2.93957855437442,0.0268200350563123,,,,1.0522597454235,,0.163658067584038,,
1972-08-01,111.09,3.07667,6.08333,0.039425,0.034649,0.0719,0.0819,0.0595,0.0029,0.0072,0.0402,0.0029,0.0276952921055,0.0286495018158115,0.0547603744711495,0.505754249728356,0.630467039523518,0.0193,0.01,0.0043,0.00238663484486867,,0.031848847714719,0.000594998656474668,,,0.0010688822,,,,,,-1.70625275011004,,,0.0672770676868022,0.0293255131964809,,,FALSE,TRUE,0.0459473766386509,0.367028504610062,0.413432071470388,0.98995387823443,0.968426870321057,-2.96503652052395,0.0299107734454384,,,,1.0522597454235,,0.138469159603119,,
1972-09-01,110.55,3.08,6.14,-0.003277,-0.004516,0.0722,0.0809,0.0606,-0.0083,0.0031,0.0466,0.0034,0.0278606965174129,0.0277252678008822,0.0555404794210764,0.501628664495114,0.637385001101472,0.014,0.0087,0.0114,0.00238095238095237,,0.0328698346716849,0.000465712139621691,,,0.00088396725,,,,,,-1.62533497434704,,,0.0723995274927502,0,,,FALSE,TRUE,0.0925513803958893,0.375789999961853,0.41370655068071,0.979209253115017,0.957915892076571,-2.95408733770094,0.0272617996769641,,,,1.0522597454235,,0.147253468632698,,
1972-10-01,111.58,3.10333,6.23333,0.010878,0.009503,0.0721,0.0806,0.0591,0.0234,0.0101,0.0474,0.004,0.0278126008245205,0.0280717322478517,0.0558642229790285,0.497860694043152,0.635884125920965,0.0117,0.00850000000000001,-0.0133,0.00475059382422782,,0.0323533648953049,0.000858267816512156,,,0.00090853873,,,,,,-1.66653583387048,,,0.0821996282186199,0,,,FALSE,TRUE,0.0257939863950014,0.388573110103607,0.414386354111802,0.981520477447587,0.960176857760137,-2.94761811008322,0.0281527849791525,,,,1.0522597454235,,0.16588206589222,,
1972-11-01,116.67,3.12667,6.32667,0.050297,0.045173,0.0712,0.0799,0.0577,0.0226,0.0249,0.0478,0.0037,0.0267992628782035,0.0280217780964331,0.0542270506556956,0.494204692199846,0.596733483269659,0.0099,0.0087,0.0023,0.00236406619385354,,0.0309521701861629,0.00048845636202737,,,0.00048377407,,,,,,-1.82045687067562,,,0.0911344962020384,0,,,FALSE,TRUE,0.0428531244397163,0.373221427202225,0.390781539384681,0.99317213058788,0.99317213058788,-2.97548234035536,0.0260317416517906,,,,1.0522597454235,,0.163117453455925,,
1972-12-01,118.05,3.15,6.42,0.013663,0.012622,0.0708,0.0793,0.0599,-0.0229,-4e-04,0.0507,0.0037,0.0266836086404066,0.0269992285934688,0.0543837357052097,0.490654205607477,0.595674594615792,0.0092,0.00849999999999999,0.0225,0.00235849056603787,,0.0342034768923995,0.000517170961530201,,,0.00031144652,,,,,,-1.76445231635476,,,0.099399580642785,0,,,FALSE,TRUE,0.0551511868834496,0.37050786614418,0.408313420455401,0.984318758624683,0.984318758624683,-2.97334952621638,0.0278562273697808,,,,1.0522597454235,,0.170034050941467,,
1973-01-01,116.03,3.15667,6.54667,-0.016752,-0.018044,0.0715,0.079,0.0685,-0.0321,-0.0054,0.0541,0.0044,0.0272056364733259,0.0267401101228293,0.0564222183917952,0.482179489725311,0.608196032111469,0.0144,0.00749999999999999,0.0267,0.00235294117647067,,0.035647305045699,0.000515604150400766,,,-0.00012030325,,,,,,-1.7822535970656,,,0.103792835716155,0,,,FALSE,TRUE,0.00528629822656512,0.393262892961502,0.410303908508269,0.949909670058001,0.949909670058001,-2.93749139669292,0.0290665867561369,,,,1.0522597454235,,0.146177440881729,FALSE,
1973-02-01,111.68,3.16333,6.67333,-0.033818,-0.038229,0.0722,0.0797,0.0688,0.0014,0.0023,0.056,0.0042,0.0283249462750716,0.0272630354218737,0.0597540293696275,0.474025711301554,0.636183735223596,0.0128,0.00749999999999999,9e-04,0.00704225352112675,,0.0362997759189479,0.00126459435091986,,,-0.00020732975,,,,,,-1.73344956995709,,,0.115181599916551,0,,,FALSE,TRUE,0.00562454154714942,0.392455786466599,0.410211824358644,0.908120186364933,0.908120186364933,-2.88180714317808,0.0302944809556487,,,,0.783645144149397,,0.200885832309723,FALSE,
1973-03-01,111.52,3.17,6.8,-0.001093,-0.002089,0.0729,0.0803,0.0686,0.0082,0.0045,0.0609,0.0046,0.0284253945480631,0.028384670487106,0.0609756097560976,0.466176470588235,0.676018128095393,0.0077,0.00739999999999999,-0.0037,0.00932400932400923,,0.0367060609648957,0.0015575644099602,,,-0.00069585901,,,,,,-1.69545749863053,,,0.11286682154148,0.0142450142450143,,,FALSE,FALSE,0.0202569253742695,0.404765069484711,0.404895284507937,0.904259769896358,0.904259769896358,-2.86222602347054,0.031709822366343,,,,-1.09033943746426,,0.239307552576065,FALSE,
1973-04-01,106.97,3.18667,6.94333,-0.040064,-0.041236,0.0726,0.0809,0.0687,0.0046,0.0061,0.0626,0.0052,0.0297903150416004,0.0285748744619799,0.0649091334018884,0.458954132959257,0.697719848496359,0.00609999999999999,0.0083,0.0015,0.00692840646651272,,0.0378331473499272,0.0015175397549064,,,0.00016536273,,,,,,-1.696500739016,,,0.10859521509433,0.0589887640449438,,,FALSE,TRUE,-0.0185086466372013,0.409698873758316,0.389491497300235,0.876133878482457,0.876133878482457,-2.7993367054395,0.0341565359081055,,,,-2.68533577651543,,0.280696034431458,FALSE,
1973-05-01,104.95,3.20333,7.08667,-0.01395,-0.019002,0.0729,0.0806,0.0703,-0.0105,-0.0039,0.0636,0.0051,0.0305224392567889,0.0299460596428905,0.067524249642687,0.452021894627519,0.713215961660066,0.0067,0.0077,0.0066,0.00688073394495414,,0.0396021120037826,0.00307752170737547,,,-7.3360224e-05,,,,,,-1.76267177396518,,,0.112592089362474,0,,,FALSE,TRUE,0.0223362538963556,0.41098615527153,0.394512547523935,0.857098031758106,0.857098031758106,-2.76152428743124,0.0353149002872101,,,,-2.68533577651543,,0.344504505395889,FALSE,
1973-06-01,104.26,3.22,7.23,-0.005178,-0.006522,0.0737,0.0813,0.071,-0.0021,-0.0056,0.0719,0.0051,0.0308843276424324,0.0306812767984755,0.0693458661039708,0.44536652835408,0.720974307790649,-0.000900000000000012,0.00760000000000001,-0.0035,0.00683371298405477,,0.0390132880321562,0.00216460248113977,,,0.00074397823,,,,,,-1.64630880677286,,,0.111148743050816,0.0954907161803713,,,FALSE,TRUE,0.0172097515314817,0.408949941396713,0.3748158745601,0.847874869259294,0.847874869259294,-2.7353723752122,0.0341371716288214,,,,-2.68533577651543,,0.36219111084938,FALSE,
1973-07-01,108.22,3.23667,7.38333,0.039128,0.037679,0.0745,0.0824,0.076,-0.0433,-0.0476,0.0801,0.0064,0.0299082424690445,0.0310442163821216,0.068225189428941,0.438375367212355,0.693976683937824,-0.00410000000000001,0.0079,-0.00430000000000001,0.0022624434389138,,0.037349962714569,0.00186801363587721,,,0.00023902997,,,,,,-1.70644860919665,,,0.11191302495187,-0.00484261501210648,,,FALSE,TRUE,0.0241365935653448,0.380067050457001,0.388965148050645,0.880859560711229,0.880859560711229,-2.7538143001453,0.0409712608220126,,,,-2.45006999096455,,0.356411308050156,FALSE,
1973-08-01,104.25,3.25333,7.53667,-0.031544,-0.036505,0.0768,0.0853,0.0728,0.0391,0.0356,0.0867,0.007,0.0312070023980815,0.03006218813528,0.0722941966426859,0.431666770602932,0.724337235372985,-0.0139,0.00849999999999999,-0.0035,0.0180586907449212,,0.0373886644397335,0.00109588343596639,,,0.00025207516,,,,,,-1.61083375047283,,,0.107762949697621,0,,,FALSE,TRUE,0.0408631339669228,0.407005548477173,0.378973845267153,0.843938385471142,0.843938385471142,-2.69840141686174,0.0364082184798545,,,,-2.68533577651543,,0.291524529457092,TRUE,
1973-09-01,108.43,3.27,7.69,0.042219,0.041038,0.0763,0.0863,0.0703,0.0318,0.0356,0.0829,0.0068,0.030157705432076,0.0313669064748201,0.0709213317347598,0.425227568270481,0.678808995882167,-0.0126,0.01,0.0038,0.00221729490022171,,0.0343611296799836,0.000934557845228056,,,-5.4582375e-05,,,,,,-1.70288807241731,,,0.112945098789857,0.00243309002433079,,,FALSE,TRUE,0.028035307303071,0.383444905281067,0.381975648954916,0.900541979651992,0.900541979651992,-2.71468343639123,0.0371366956206702,,,,-2.68533577651543,,0.214099854230881,TRUE,
1973-10-01,108.29,3.30667,7.84667,0.000312,-0.00156,0.076,0.0841,0.0689,0.0215,-0.0066,0.0722,0.0065,0.0305353218210361,0.0304958959697501,0.0724597839135654,0.421410611125484,0.672081791381798,-0.0033,0.00810000000000001,-0.0281,0.00884955752212391,,0.0346602399663412,0.00134474490595272,,,-0.00088735819,,,,,,-1.79284091461815,,,0.118594075956509,0.359223300970874,,,FALSE,TRUE,-0.0170534010976553,0.376736581325531,0.34793944700359,0.909555957021964,0.909555957021964,-2.69041767886288,0.028926456278819,,,,-2.13539165582579,,0.176345974206924,TRUE,
1973-11-01,95.96,3.34333,8.00333,-0.10722,-0.113046,0.0767,0.0842,0.0712,-0.0183,0.0078,0.0783,0.0056,0.0348408711963318,0.0308738572352018,0.0834027719883285,0.417742364740677,0.781878990574643,-0.0071,0.00749999999999999,0.0261,0.00657894736842102,,0.0387362380127255,0.00436974833282795,,,-0.0013245342,,,,,,-1.89757525976378,,,0.120355890001779,0.135714285714286,,,FALSE,TRUE,-0.00323345139622688,0.383640974760056,0.344162144682545,0.781829419035847,0.781829419035847,-2.54920582783744,0.0380298039258258,,,,-2.68533577651543,,0.254986852407455,FALSE,
1973-12-01,97.55,3.38,8.16,0.017971,0.016534,0.0768,0.0848,0.0726,-0.0082,-0.0089,0.0745,0.0064,0.0346488980010251,0.0352230095873281,0.0836494105586879,0.41421568627451,0.755588463436993,-0.0019,0.00800000000000001,-0.000699999999999999,0.0065359477124185,,0.0130073951242246,0.00535833795834791,,,-0.0006401994,,,,,,-1.84029041738769,,,0.114711763436753,0.190251572327044,,,FALSE,TRUE,0.0316147133708,0.392331302165985,0.324056923303904,0.809032994199867,0.809032994199867,-2.54634668301081,0.0447779161082413,,,,-2.68533577651543,,0.336725324392319,FALSE,
1974-01-01,96.57,3.4,8.22667,-0.00812,-0.009749,0.0783,0.0848,0.074,-0.0083,-0.0053,0.0777,0.0063,0.035207621414518,0.0348539210661199,0.0851886714300508,0.413289945992729,0.751446437963883,-0.00369999999999999,0.00650000000000001,0.003,0.00865800865800859,,0.0116267490943499,0.00340947166822103,,,-0.00093675299,,,,,,-1.78301143378424,,,0.105337217799798,0.380449141347424,,,FALSE,TRUE,0.0327930375933647,0.389206498861313,0.319725298977959,0.858330992415426,0.813492440810117,-2.53045200458587,0.0533250216517751,,,,-2.68533577651543,,0.355236381292343,TRUE,
1974-02-01,96.22,3.42,8.29333,0.001992,-0.003695,0.0785,0.0853,0.0748,-0.0024,9e-04,0.0712,0.0058,0.0355435460403243,0.0354147250698975,0.086191332363334,0.412379586969287,0.747097718847687,0.00360000000000001,0.00679999999999999,0.0033,0.0128755364806867,,0.0109186476983954,0.00187800765176345,,,-0.00095731388,,,,,,-1.59100141487647,,,0.0994052079810004,0.205741626794258,,,FALSE,TRUE,0.0226682256907225,0.405972719192505,0.297778677576272,0.871811237412113,0.818227631453837,-2.51847040580338,0.0446861701480621,,,,-2.68533577651543,,0.339407503604889,FALSE,
1974-03-01,93.98,3.44,8.36,-0.021818,-0.023154,0.0801,0.0862,0.0783,-0.0292,-0.0307,0.0796,0.0056,0.0366035326665248,0.0357514030347121,0.0889550968291126,0.411483253588517,0.815184012850191,-0.00130000000000001,0.00609999999999999,-0.0015,0.0127118644067796,,0.010399936064688,0.00169363502657546,,,-0.0011670985,,,,,,-1.59211185266495,,,0.0966891578151308,-0.00238095238095237,,,FALSE,TRUE,-0.018352072685957,0.40854212641716,0.303185056766319,0.85777966891577,0.805058476751925,-2.48924290845812,0.0367725062896257,,,,-2.68533577651543,,0.294752538204193,FALSE,
1974-04-01,90.31,3.46,8.48667,-0.037649,-0.03936,0.0825,0.0887,0.0816,-0.0253,-0.0341,0.0833,0.0075,0.0383124792381796,0.0368163439029581,0.0939726497619311,0.407698190220664,0.824858081864356,-0.00169999999999999,0.00619999999999998,-0.0088,0.00418410041841,,0.00965749128615456,0.00172917654010164,,,-0.0010474939,,,,,,-1.52350141600331,,,0.0910174627481242,0.00715990453460624,,,FALSE,TRUE,0.0162060167640448,0.410835444927216,0.291615109234775,0.84771949020323,0.795616620709328,-2.4371651795377,0.0255404593709534,,,,-2.68533577651543,,0.314504474401474,FALSE,
1974-05-01,87.28,3.48,8.61333,-0.026896,-0.033127,0.0837,0.0905,0.081,0.0123,0.0105,0.0823,0.0075,0.03987167736022,0.0385339386557413,0.0986861824014665,0.404024924158252,0.860416121271052,-0.0013,0.00680000000000001,-0.0018,0.0125,,0.0092469234201921,0.00209874637117578,,,-0.001237991,,,,,,-1.54828331701398,,,0.0961621019660139,0.00315955766192721,,,FALSE,FALSE,0.028749268501997,0.414171457290649,0.299961954582077,0.812686158896116,0.762736521821812,-2.38887490913251,0.0258118099183367,,,,-2.68533577651543,,0.309365332126617,FALSE,
1974-06-01,86,3.5,8.74,-0.012816,-0.014583,0.0847,0.0927,0.0812,0.0045,-0.0285,0.079,0.006,0.0406976744186047,0.0401008249312557,0.101627906976744,0.40045766590389,0.860158771700253,0.00219999999999999,0.00799999999999998,-0.033,0.00823045267489708,,0.00802816949758414,0.00230036937321007,,,-0.0016917665,,,,,,-1.54585657264193,,,0.0916531363085777,0.0173228346456693,,,FALSE,TRUE,0.0230715163052082,0.407852977514267,0.281370311452657,0.81292930520941,0.762964723780546,-2.3591297919795,0.0253146201096475,,,,-2.68533577651543,,0.33368855714798,FALSE,
1974-07-01,79.31,3.53,8.86333,-0.076698,-0.0785,0.0872,0.0948,0.0823,-0.0029,-0.0211,0.0755,0.007,0.0445088891690833,0.041046511627907,0.111755516328332,0.398270176107625,0.911239322445639,0.0068,0.00760000000000001,-0.0182,0.00816326530612232,,0.00683888517866783,0.00491751566989872,,,-0.0019992526,,,,,,-1.58334783417347,,,0.0910654026926676,-0.0425696594427245,,,FALSE,TRUE,0.0397014692425728,0.411051988601685,0.275360105110433,0.767359633659555,0.720195873347913,-2.26664191615265,0.0277155051600901,,,,-2.68533577651543,,0.361740618944168,TRUE,
1974-08-01,72.15,3.56,8.98667,-0.082177,-0.089737,0.09,0.0977,0.0855,-0.0232,-0.0268,0.0896,0.006,0.0493416493416493,0.0448871516832682,0.124555370755371,0.396142286297372,1.01712399422323,-0.00410000000000001,0.0077,-0.0036,0.0121457489878543,,0.00655522435245295,0.00479102635124876,,,-0.00230981,,,,,,-1.55010332175997,,,0.0776540431283501,0.00242522231204534,,,FALSE,FALSE,0.05753168836236,0.423996478319168,0.276819874224471,0.68747593864608,0.645222021489018,-2.16033625986039,0.0279877255502019,,,,-2.68533577651543,,0.381519079208374,FALSE,
1974-09-01,63.54,3.59,9.11,-0.117511,-0.119577,0.0924,0.1018,0.0837,0.0247,0.0174,0.0806,0.0081,0.0564998426188228,0.0497574497574498,0.143374252439408,0.394072447859495,1.13544014345172,0.00309999999999999,0.00940000000000001,-0.0073,0.012,,0.00513747918993531,0.00781171252912465,,,-0.0017001444,,,,,,-1.63927807988224,,,0.0749196583311553,-0.025,,,FALSE,TRUE,0.0346411280333996,0.412633687257767,0.25976809069532,0.615838956091828,0.577988019397166,-2.01962826050583,0.03210920603328,,,,-2.68533577651543,,0.40830671787262,FALSE,
1974-10-01,73.9,3.59333,9.03667,0.168113,0.164814,0.0927,0.1048,0.0795,0.0489,0.0885,0.0746,0.0051,0.0486242219215156,0.0565522505508341,0.122282408660352,0.397638731966532,1.03708378410867,0.0049,0.0121,0.0396,0.00988142292490113,,0.00363840745177737,0.0100849479646515,,,-0.0018954501,,,,,,-1.61124352775039,,,0.0694642137320867,-0.000827129859387932,,,FALSE,TRUE,0.0610664822161198,0.400510758161545,0.309995065942903,0.711573004875545,0.632804031567938,-2.17745677052018,0.0417906991479392,,,,-2.68533577651543,,0.438698768615723,TRUE,
1974-11-01,69.97,3.59667,8.96333,-0.045688,-0.053816,0.0889,0.106,0.0771,0.0295,0.0117,0.0747,0.0054,0.0514030298699443,0.0486694181326116,0.128102472488209,0.4012649316716,1.11563702195067,0.0024,0.0171,-0.0178,0.00782778864970646,,0.00781460122777387,0.00351379900883206,,,-0.0018215318,,,,,,-1.50108002937013,,,0.0332573169888373,0.00745033112582782,,,FALSE,TRUE,-0.00484399404376745,0.422216445207596,0.322125626156916,0.693829486575601,0.588247599125226,-2.128918448939,0.0426884380848663,,,,-2.68533577651543,,0.424002826213837,FALSE,
1974-12-01,68.56,3.6,8.89,-0.018021,-0.020305,0.0889,0.1063,0.076,0.0171,-0.0075,0.0715,0.007,0.0525087514585764,0.0514506216950121,0.129667444574096,0.404949381327334,1.12001817473712,0.00449999999999999,0.0174,-0.0246,0.00776699029126204,,0.00877157395794576,0.00381442753154621,,,-0.00083048791,,,,,,-1.43389771014908,,,-0.00621982941253396,0.0106820049301561,,,FALSE,TRUE,0.0561358071863651,0.442521929740906,0.372386079582209,0.691115447592132,0.585946562707997,-2.11445151145407,0.0425626386159778,,,,-2.68533577651543,,0.39429497718811,TRUE,
1975-01-01,76.98,3.62333,8.74333,0.12361,0.121698,0.0883,0.1081,0.0796,0.0225,0.0596,0.0626,0.0058,0.0470684593400883,0.0528490373395566,0.113579241361393,0.414410756542416,0.980829626682204,0.017,0.0198,0.0371,0.0038535645472062,,0.00851044857522177,0.0040172082193137,,,-0.0012299241,,,,,,-1.6708652098588,,,-0.0229618277998616,-0.00406504065040658,,,FALSE,TRUE,0.0618670992553234,0.399223327636719,0.348239648697272,0.789190947222035,0.669097651421508,-2.24757518546748,0.047429400602592,,,,-2.41672117524133,,0.324521392583847,TRUE,
1975-02-01,81.59,3.64667,8.59667,0.06746,0.059497,0.0862,0.1065,0.0788,0.0131,0.0137,0.055,0.0043,0.0446950606691997,0.0473716549753183,0.10536426032602,0.424195647849691,0.933901630471551,0.0238,0.0203,6e-04,0.00767754318618041,,0.0116523318222583,0.00217902987278819,,,-0.00070812406,,,,,,-1.61622405740664,,,-0.0488775557055878,0.00979591836734683,,,FALSE,TRUE,0.0113058444112539,0.397374123334885,0.367346883069575,0.828847318484624,0.702719406674907,-2.32162866835049,0.0497346489686274,,,,-0.520349878794137,,0.303909718990326,TRUE,
1975-03-01,83.36,3.67,8.45,0.024014,0.022122,0.0867,0.1048,0.0824,-0.0267,-0.0247,0.0549,0.0041,0.0440259117082534,0.0449810025738448,0.101367562380038,0.434319526627219,0.972466315172818,0.0275,0.0181,0.002,0.00380952380952393,,0.0204669501763916,0.0024026153243239,,,-0.00070429158,,,,,,-1.6457915141672,,,-0.0628223884087693,0.00727566693613602,,,FALSE,TRUE,0.0029496792703867,0.405879497528076,0.385358880459711,0.883012231009748,0.730388894171342,-2.36346004755398,0.0507607895949302,,,,0.5494927389409,,0.269812762737274,TRUE,
1975-04-01,87.3,3.68333,8.28667,0.049424,0.047293,0.0895,0.1058,0.0852,-0.0182,-0.0052,0.0561,0.0044,0.0421916380297824,0.044185820537428,0.0949217640320733,0.444488558130105,0.909489371027833,0.0291,0.0163,0.013,0.00379506641366212,,0.0224962244566748,0.00231377762541619,,,-0.00067348827,,,,,,-1.53061738768473,,,-0.0631961379850621,-0.00481540930979141,,,FALSE,TRUE,0.065180204808712,0.404932647943497,0.381672662686805,0.948681520496206,0.780964153275649,-2.43379066949753,0.0364636016194335,,,,0.816993959872619,,0.272221773862839,TRUE,
1975-05-01,91.15,3.69667,8.12333,0.051193,0.044794,0.089,0.1069,0.0836,0.0212,0.0106,0.0523,0.0044,0.0405558968732858,0.0423444444444444,0.0891204607789358,0.455068303269718,0.897523699671989,0.0313,0.0179,-0.0106,0.00567107750472595,,0.02295377174502,0.00180717217386403,,,-0.00040982182,,,,,,-1.5845557101042,,,-0.0691895246022072,0.00564516129032255,,,FALSE,TRUE,0.0336470790207386,0.39795047044754,0.403948260044936,0.968150569404539,0.791375867642864,-2.49528277492416,0.038178917564994,,,,1.0522597454235,,0.271044582128525,TRUE,
1975-06-01,95.19,3.71,7.96,0.04622,0.044342,0.0877,0.1062,0.0813,0.0292,0.0304,0.0534,0.0041,0.0389746822145183,0.0407021393307734,0.083622229225759,0.46608040201005,0.84983901978407,0.0279,0.0185,0.0012,0.00751879699248126,,0.0229616960534099,0.0013533554535377,,,-0.00080542378,,,,,,-1.59778746300893,,,-0.0656127160519095,0.000801924619085792,,,FALSE,TRUE,0.0615235567092896,0.406995892524719,0.202318293997284,1,0.83578016544642,-2.55710979832791,0.0345915259890569,,,,1.0522597454235,,0.247059255838394,TRUE,
1975-07-01,88.75,3.71,7.89333,-0.065504,-0.067553,0.0884,0.1055,0.0829,-0.0087,-0.003,0.0613,0.0048,0.0418028169014084,0.0389746822145183,0.0889389295774648,0.470017090378839,0.89836562398528,0.0216,0.0171,0.0057,0.0111940298507462,,0.0256278961388219,0.00124440373096741,,,-0.001182099,,,,,,-1.62861181911846,,,-0.0578779976304533,0.000801282051281937,,,FALSE,TRUE,0.0427543558180332,0.39911687374115,0.184826418182002,0.942958233633096,0.79063421127698,-2.49732177173304,0.0327298961323811,,,,1.0522597454235,,0.244992956519127,TRUE,
1975-08-01,86.88,3.71,7.82667,-0.015663,-0.021731,0.0895,0.1059,0.0844,-0.0068,-0.0175,0.0644,0.0048,0.0427025782688766,0.0418028169014084,0.0900859806629834,0.474020241047597,0.894246654057031,0.02,0.0164,-0.0107,0.00184501845018437,,0.0263653509804694,0.0023431363500698,,,-0.0015740132,,,,,,-1.53524412982003,,,-0.0507772630889742,0.00160128102481982,,,FALSE,TRUE,0.0495604462921619,0.407151728868484,0.178912757332578,0.947301572901192,0.794275934201769,-2.48764862701701,0.0280123101338854,,,,1.0522597454235,,0.290767520666122,TRUE,
1975-09-01,83.87,3.71,7.76,-0.03225,-0.034226,0.0895,0.1061,0.0862,-0.0098,-0.0126,0.0642,0.0053,0.044235125789913,0.0427025782688766,0.0925241445093597,0.478092783505155,0.940948254144203,0.022,0.0166,-0.0028,0.00552486187845314,,0.027918455986417,0.00230462478778074,,,-0.0014922567,,,,,,-1.46736986053591,,,-0.0406351097948168,0.00639488409272593,,,FALSE,TRUE,-0.0161127001047134,0.430362284183502,0.183121259618581,0.900284641816264,0.75485404583056,-2.46122026429719,0.0252363860320713,,,,0.256246202389733,,0.313484609127045,TRUE,
1975-10-01,89.04,3.7,7.82667,0.064855,0.062135,0.0886,0.1062,0.0819,0.0475,0.0553,0.0596,0.0056,0.0415543575920934,0.0441158936449267,0.0879006064690027,0.472742558457173,0.893497918759868,0.0223,0.0176,0.0078,0.00549450549450547,,0.0258974502715709,0.00215458158111052,,,-0.0015430243,,,,,,-1.45908607601773,,,-0.0389278770952841,0.0484511517077044,,,FALSE,TRUE,0.0174578800797462,0.44686821103096,0.193974030932855,0.948095394699539,0.794941523248074,-2.50980507274698,0.0262633418066499,,,,0.22476312775879,,0.34858500957489,TRUE,
1975-11-01,91.24,3.69,7.89333,0.030089,0.023996,0.0878,0.1056,0.0838,-0.0109,-0.0088,0.0548,0.0041,0.0404427882507672,0.0414420485175202,0.0865117273125822,0.467483305525045,0.86792847432814,0.029,0.0178,0.0021,0.00728597449908919,,0.0246214981894315,0.000812685424631169,,,-0.0016529119,,,,,,-1.49247614835328,,,-0.0402621581677258,0.021969696969697,,,FALSE,TRUE,0.0194341503083706,0.453832238912582,0.183251939731545,0.976026581689933,0.818360749263098,-2.52489919533068,0.0250257499968031,,,,0.513726229630629,,0.309805780649185,TRUE,
1975-12-01,90.19,3.68,7.96,-0.010485,-0.012296,0.0879,0.1056,0.0805,0.039,0.0442,0.0544,0.0048,0.0408027497505267,0.0403331871985971,0.088258121742987,0.462311557788945,0.876338851022395,0.0261,0.0177,0.0052,0.00361663652802902,,0.0237109731591389,0.00133079992463074,,,-0.00046511563,,,,,,-1.44934363671233,,,-0.0293738049051622,-0.00889547813194969,,,FALSE,TRUE,-0.02972830273211,0.465323448181152,0.194294030073213,0.966659484469444,0.810506798516687,-2.50445059745745,0.0256851471151055,,,,0.806190323079379,,0.299888849258423,FALSE,
1976-01-01,100.86,3.68333,8.19333,0.120143,0.118545,0.086,0.1041,0.0802,0.009,0.0188,0.0487,0.0047,0.0365192345825897,0.0408396718039694,0.0812346817370613,0.449552257751122,0.765933885653351,0.0315,0.0181,0.0098,0.00180180180180178,,0.0218521889068518,0.00197828259185378,,,-0.00011029255,,,,,,-1.70124719599366,,,-0.0189397068571728,-0.00822737471952129,,,FALSE,TRUE,0.0847401544451714,0.398970007896423,0.186402013767066,1,0.927336692973281,-2.584963739278,0.0321442319344763,,,,1.0522597454235,,0.283232301473618,FALSE,
1976-02-01,99.71,3.68667,8.42667,-0.005756,-0.01162,0.0855,0.1024,0.0802,0.0062,0.0061,0.0488,0.0034,0.036973924380704,0.0365523497917906,0.0845117841741049,0.437500222507823,0.768036520290764,0.0314,0.0169,-9.99999999999994e-05,0.00359712230215825,,0.0222330995228301,0.00122143883904461,,,-0.00017078355,,,,,,-1.77004184801209,,,-0.0118464912721801,-0.00075414781297134,,,FALSE,TRUE,-0.021955206990242,0.401590764522552,0.16803439464417,0.977920106176539,0.924797946182371,-2.54587900046606,0.0411430298586662,,,,0.544265242759411,,0.296236753463745,FALSE,
1976-03-01,102.77,3.69,8.66,0.03264,0.030786,0.0852,0.1012,0.0792,0.0166,0.0167,0.05,0.004,0.0359054198696118,0.0370073212315716,0.0842658363335604,0.426096997690531,0.784031217169443,0.0292,0.016,9.99999999999994e-05,0.00179211469534057,,0.0150721418217244,0.00126571605244046,,,-0.00043879841,,,,,,-1.6325730757511,,,-0.0123481769773064,0.00150943396226411,,,FALSE,TRUE,0.0424112044274807,0.418655246496201,0.170611317738618,0.990329069272005,0.950318531900732,-2.54823666998065,0.0433551640882875,,,,1.0522597454235,,0.264633864164352,FALSE,
1976-04-01,101.64,3.71333,8.85667,-0.00961,-0.010699,0.084,0.0994,0.0797,0.0018,-0.0015,0.0486,0.0042,0.0365341401023219,0.0361324316434757,0.0871376426603699,0.419269319055582,0.786076139840498,0.0311,0.0154,-0.0033,0.00357781753130593,,0.0142394954293548,0.00100713228178762,,,-0.0013534097,,,,,,-1.5893779523444,,,-0.0100570363680101,0.00150715900527509,,,FALSE,TRUE,0.0210107378661633,0.428970575332642,0.161494037501135,0.985984451346165,0.947846344014453,-2.51314495639667,0.0325787676931241,,,,0.790334665103535,,0.258716523647308,FALSE,
1976-05-01,100.18,3.73667,9.05333,-0.008116,-0.015026,0.0858,0.0986,0.0821,-0.0158,-0.0103,0.052,0.0037,0.037299560790577,0.0367637741046832,0.0903706328608505,0.412739842687718,0.803502763450673,0.0301,0.0128,0.0055,0.00713012477718356,,0.0141483307804056,0.000936470267918389,,,-0.0010527004,,,,,,-1.53782419559244,,,-0.0084692073988557,-0.00526711813393521,,,FALSE,TRUE,0.0261764451861382,0.432023644447327,0.157988888807864,0.964600106822813,0.927289150898545,-2.47987060837166,0.0223422216356778,,,,0.00174576486049474,,0.256608515977859,FALSE,
1976-06-01,104.28,3.76,9.25,0.043959,0.042158,0.0862,0.0989,0.0807,0.0208,0.015,0.0541,0.0043,0.0360567702339854,0.0375324416051108,0.0887034906022248,0.406486486486486,0.781427631185305,0.0266,0.0127,-0.0058,0.00530973451327421,,0.0189250415492956,0.000971581506003847,,,-0.0012775825,,,,,,-1.49750716218365,,,-0.0100929106591274,0.0113464447806353,,,FALSE,TRUE,0.0792243108153343,0.453347742557526,0.28581248674689,0.991849815038278,0.953484834078159,-2.49811994146196,0.0220296019725898,,,,-0.0189392786169627,,0.257171809673309,FALSE,
1976-07-01,103.44,3.79,9.35,-0.007202,-0.008454,0.0856,0.0982,0.0805,0.0078,0.0149,0.0523,0.0047,0.0366395978344934,0.0363444572305332,0.0903905645784996,0.405347593582888,0.79582385440364,0.0282,0.0126,0.0071,0.00528169014084523,,0.0188427810715803,0.000487152163002216,,,-0.0014411039,,,,,,-1.46389707519723,,,-0.00705962803217375,-0.005983545250561,,,FALSE,TRUE,0.00256055616773665,0.458124607801437,0.273673161907114,0.97372454781895,0.936236569363887,-2.4790011180689,0.023556540344024,,,,-0.526933781281054,,0.224214851856232,FALSE,
1976-08-01,102.91,3.82,9.45,0.001599,-0.004982,0.0845,0.0964,0.079,0.0211,0.0231,0.0514,0.0042,0.03711981342921,0.0369296210363496,0.091827810708386,0.404232804232804,0.804732269394294,0.0276,0.0119,0.002,0.00525394045534155,,0.0206303903904787,0.000744522396778631,,,-0.0012977566,,,,,,-1.42372755756963,,,-0.00284753370647106,0.00752445447705052,,,FALSE,TRUE,0.046216081827879,0.477417260408401,0.275306584693665,0.962945382264811,0.925872397071408,-2.462669218963,0.0243965447144605,,,,-0.526933781281054,,0.218136474490166,TRUE,
1976-09-01,105.24,3.85,9.55,0.024421,0.022669,0.0838,0.094,0.0781,0.0145,0.0167,0.0508,0.0044,0.0365830482706195,0.0374113302886017,0.0907449638920563,0.403141361256544,0.791363273715146,0.0273,0.0102,0.0022,0.00348432055749126,,0.0237835042648946,0.000890688277047493,,,-0.0014566973,,,,,,-1.44253618709972,,,-0.00203483018156181,-0.00522778192681106,,,FALSE,TRUE,0.0222928952425718,0.474992841482162,0.289329811457084,0.975758531321751,0.941513739659599,-2.47285982229718,0.0219161886188874,,,,-0.526933781281054,,0.223340108990669,TRUE,
1976-10-01,102.9,3.91667,9.67,-0.020211,-0.021995,0.0832,0.0929,0.0779,0.0084,0.007,0.0492,0.0041,0.0380628765792031,0.0372165526415811,0.0939747327502429,0.405033092037229,0.812079632719472,0.0287,0.0097,-0.0014,0.00520833333333326,,0.0255699823989382,0.00126999297190777,,,-0.0011566296,,,,,,-1.45415338188309,,,-0.00497375550831691,0,,,FALSE,TRUE,0.0531484559178352,0.480000197887421,0.285829227796556,0.950866681776525,0.9174954835029,-2.43621243499667,0.0195916700365839,,,,-0.526933781281054,,0.28172504901886,TRUE,
1976-11-01,102.1,3.98333,9.79,-0.001041,-0.008628,0.0825,0.0923,0.0749,0.0339,0.0319,0.0475,0.004,0.0390140058765916,0.0387106899902818,0.0958863858961802,0.406877425944842,0.827262937860265,0.0274,0.0098,-0.002,0.0017271157167531,,0.0278962792577791,0.0011179253215342,,,-0.00092241021,,,,,,-1.52445103445094,,,0.00752305724185254,0.00450450450450446,,,FALSE,TRUE,-0.0476147197186947,0.468453079462051,0.293610688479754,0.933414795179298,0.900656080631359,-2.41495653128876,0.0202618890076444,,,,-1.0768779019707,,0.298103660345078,TRUE,
1976-12-01,107.46,4.05,9.91,0.053775,0.05217,0.0798,0.0912,0.0721,0.0327,0.0347,0.0435,0.004,0.0376884422110553,0.0396669931439765,0.0922203610645822,0.408678102926337,0.779973124968895,0.0286,0.0114,0.002,0.00344827586206908,,0.0285673578168012,0.000576227259554142,,,-0.0011227041,,,,,,-1.52355227625191,,,0.0156502438241648,0.00597907324364733,,,FALSE,TRUE,0.0457084253430367,0.471424072980881,0.285177931328035,0.990007784861893,0.955262907673291,-2.45001729350749,0.0225572373311706,,,,-0.526933781281054,,0.274367392063141,TRUE,
1977-01-01,102.03,4.09667,9.96667,-0.049654,-0.051167,0.0796,0.0908,0.0764,-0.0388,-0.0303,0.0462,0.0036,0.0401516220719396,0.0381227433463614,0.0976837204743703,0.411036986275255,0.821065205318692,0.0302,0.0112,0.0085,0.00515463917525771,,0.0295997971125937,0.000695629976752531,,,-0.0015928437,,,,,,-1.56427781317176,,,0.00600524361994514,0.0326894502228825,,,FALSE,TRUE,0.016112158074975,0.451619476079941,0.278033511582477,0.940460587904887,0.907454597318627,-2.39563970339063,0.0294848541679024,,,,-1.07346153609853,,0.23416356742382,TRUE,
1977-02-01,99.82,4.14333,10.0233,-0.015638,-0.0224,0.0804,0.0912,0.0775,-0.0049,-0.002,0.0467,0.0035,0.0415080144259667,0.040608938547486,0.100413744740533,0.413369848253569,0.836803998205933,0.0308,0.0108,0.0029,0.0102564102564102,,0.0279702173252545,0.000334675552811508,,,-0.0016537032,,,,,,-1.48169575229844,,,0.0190621120004382,0,,,FALSE,TRUE,0.036533959209919,0.456667065620422,0.27188788143267,0.922772199174213,0.890386992488352,-2.36975306317036,0.0274924835027894,,,,-2.17956488672194,,0.17822539806366,TRUE,
1977-03-01,98.42,4.19,10.08,-0.012502,-0.014548,0.081,0.0912,0.0772,0.0091,0.0094,0.046,0.0038,0.0425726478358057,0.0419755560008014,0.102418207681366,0.415674603174603,0.868429928301764,0.0312,0.0102,3e-04,0.00676818950930613,,0.0303383534535859,0.000665732779450639,,,-0.0017320885,,,,,,-1.41692239552026,,,0.0291464592042843,0,,,FALSE,TRUE,-0.0250698924064636,0.461978107690811,0.259068740769034,0.905734191310517,0.873946943044594,-2.35063927210719,0.0267608766526657,,,,-2.68533577651543,,0.176772817969322,FALSE,
1977-04-01,98.44,4.24667,10.1933,0.000641,-0.000503,0.0804,0.0907,0.0771,0.0071,0.01,0.0454,0.0038,0.0431396789922796,0.0431484454379191,0.103548354327509,0.416613854198346,0.861150070126227,0.0317,0.0103,0.0029,0.00840336134453779,,0.0311400258522354,0.000984851127722729,,,-0.0016386999,,,,,,-1.48154962376228,,,0.0360990495669324,0,,,FALSE,TRUE,-0.0139274252578616,0.459198236465454,0.253062655775842,0.913390947880842,0.881334981458591,-2.33882721126453,0.0205840512784515,,,,-2.68533577651543,,0.217361256480217,FALSE,
1977-05-01,96.12,4.30333,10.3067,-0.015064,-0.023541,0.0805,0.0901,0.0765,0.0125,0.0106,0.0496,0.0037,0.0447703911776945,0.043715258025193,0.107227424053267,0.417527433611146,0.888211336879354,0.0269,0.0096,-0.0019,0.00499999999999989,,0.0353154669342235,0.000634801814995551,,,-0.0013541819,,,,,,-1.44936050468689,,,0.0413458151300046,0,,,FALSE,TRUE,-0.0154493609443307,0.469683080911636,0.268973311585273,0.885562530178658,0.854483217647618,-2.30475174098232,0.0206316145338697,,,,-2.68533577651543,,0.247487530112267,FALSE,
1977-06-01,100.48,4.36,10.42,0.047776,0.045705,0.0795,0.0891,0.0754,0.0164,0.0175,0.0502,0.004,0.0433917197452229,0.0453599667082813,0.103702229299363,0.418426103646833,0.871112081196115,0.0252,0.0096,0.0011,0.0066334991708128,,0.0319410960479368,0.000563364613139675,,,-0.0015935849,,,,,,-1.43124516203218,,,0.0464894665065789,0,,,FALSE,TRUE,0.0418715551495552,0.457339614629745,0.178306764908855,0.902945436986963,0.871256061614529,-2.33650371938,0.0199590039925625,,,,-2.68533577651543,,0.248232573270798,FALSE,
1977-07-01,98.85,4.40667,10.5167,-0.015453,-0.016589,0.0794,0.0887,0.0768,-0.007,-5e-04,0.0519,0.0042,0.0445793626707132,0.0438561902866242,0.106390490642387,0.419016421501041,0.896783399058501,0.0249,0.00929999999999999,0.0065,0.00494233937397026,,0.0331818333542893,0.000594708009199318,,,-0.0016868214,,,,,,-1.47901841642831,,,0.0451682535657865,0,,,FALSE,TRUE,-0.00132335803937167,0.463782221078873,0.174223239721447,0.877097724652391,0.846315489207949,-2.31137709423577,0.0200891395469754,,,,-2.68533577651543,,0.216159284114838,FALSE,
1977-08-01,96.77,4.45333,10.6133,-0.01231,-0.020221,0.0798,0.0882,0.0754,0.0198,0.0136,0.0549,0.0044,0.0460197375219593,0.0450513909964593,0.109675519272502,0.419598993715433,0.926534260409291,0.0205,0.00839999999999999,-0.0062,0.00327868852459012,,0.0337503777728182,0.000582446383400624,,,-0.001666359,,,,,,-1.39948221380628,,,0.0435605022864682,0.0237410071942445,,,FALSE,TRUE,-0.0109946262091398,0.471866697072983,0.184173399361397,0.848934262261158,0.819140439288771,-2.2816190933799,0.0201485804943015,,,,-2.68533577651543,,0.201835885643959,TRUE,
1977-09-01,96.53,4.5,10.71,-0.000825,-0.003084,0.0792,0.088,0.0764,-0.0029,-0.0022,0.0581,0.0043,0.0466176318243033,0.0465020150873205,0.110949963741842,0.420168067226891,0.942262516084098,0.0183,0.00880000000000002,7e-04,0.00326797385620914,,0.0323675698741482,0.000463196072293493,,,-0.0018026906,,,,,,-1.382218799322,,,0.0450835743664251,0.0520028109627548,,,FALSE,TRUE,0.0380536913871765,0.454136103391647,0.18839402832786,0.843189170357836,0.805467338594656,-2.26950713716146,0.0184327962654016,,,,-2.68533577651543,,0.192443534731865,TRUE,
1977-10-01,92.34,4.55667,10.77,-0.041984,-0.043869,0.0804,0.0889,0.0781,-0.0093,-0.0038,0.0616,0.0049,0.0493466536712151,0.0472047032010774,0.116634178037687,0.423089136490251,0.97537728355838,0.0165,0.00850000000000002,0.0055,0.00325732899022801,,0.0327740852762364,0.000726172633066665,,,-0.0012570464,,,,,,-1.43887886451716,,,0.0439065099590636,-0.00801603206412838,,,FALSE,TRUE,-0.00430820416659117,0.452913671731949,0.186421072076579,0.814562285373016,0.778121137206428,-2.22121961669729,0.0180370083671381,,,,-2.68533577651543,,0.200187355279922,TRUE,
1977-11-01,94.83,4.61333,10.83,0.036752,0.026953,0.0808,0.0895,0.0777,0.0093,0.0061,0.061,0.005,0.0486484234946747,0.0499602555772146,0.114204365707055,0.425976915974146,0.962034470290466,0.0167,0.0087,-0.0032,0.00487012987012991,,0.0292157196856055,0.00138754704209507,,,-0.0012900084,,,,,,-1.56908965183549,,,0.043160537887398,0,,,FALSE,TRUE,0.00117673992644995,0.460529625415802,0.180343171312385,0.825859752152491,0.788913188171532,-2.24283032473974,0.0207260853727043,,,,-2.68533577651543,,0.285430788993835,TRUE,
1977-12-01,95.1,4.67,10.89,0.00557,0.003637,0.0819,0.0899,0.0803,-0.0168,-0.0105,0.0607,0.0049,0.0491062039957939,0.0492460191922387,0.114511041009464,0.428833792470156,0.960333024531684,0.0196,0.00800000000000001,0.0063,0.00323101777059787,,0.0304743964127623,0.000626627086550962,,,-0.0018338899,,,,,,-1.45642822624901,,,0.0423698034605264,0,,,FALSE,TRUE,0.0169927235692739,0.4725461602211,0.174228506483447,0.831377844461115,0.790310925168774,-2.24117057595917,0.0215146177870934,,,,-2.43926635417131,,0.296779781579971,FALSE,
1978-01-01,89.25,4.71333,10.9,-0.060643,-0.062611,0.0841,0.0917,0.0816,-0.008,-0.0089,0.0644,0.0049,0.0528104201680672,0.0495618296529968,0.122128851540616,0.432415596330275,1.03673108894431,0.0172,0.0076,-9e-04,0.00644122383252821,,0.0288131834625555,0.00090805008651667,,,-0.0018933608,,,,,,-1.47549913670428,,,0.0249655513334397,0,,,FALSE,TRUE,0.0145154064521194,0.455524414777756,0.149019378323138,0.795371900826446,0.732071883617001,-2.17926923358636,0.0238796466000648,,,,-2.68533577651543,,0.310890704393387,FALSE,
1978-02-01,87.04,4.75667,10.91,-0.01626,-0.024938,0.0847,0.092,0.0822,4e-04,0.0051,0.0645,0.0046,0.0546492417279412,0.0532960224089636,0.125344669117647,0.435991750687443,1.07556729369913,0.0177,0.00729999999999999,0.0047,0.00639999999999996,,0.031167903454007,0.000669894776187598,,,-0.001551213,,,,,,-1.44031866920938,,,0.0277359031768438,0,,,FALSE,TRUE,-0.0226822141557932,0.461968064308167,0.138674762316776,0.766652892561983,0.705638490063706,-2.15392676360346,0.0226646576614534,,,,-2.68533577651543,,0.252988457679749,FALSE,
1978-03-01,89.21,4.8,10.92,0.026925,0.024356,0.0847,0.0922,0.0831,-0.0021,0.0042,0.0629,0.0053,0.0538056271718417,0.0551470588235294,0.12240780181594,0.43956043956044,1.11149255307912,0.0202,0.00749999999999999,0.0063,0.00794912559618433,,0.0275685450692827,0.00062285682151179,,,-0.0013817078,,,,,,-1.42371318734341,,,0.0441552443534996,0,,,FALSE,TRUE,0.0119043067097664,0.446234911680222,0.135270663601926,0.799105258715287,0.720129314443282,-2.17772851354526,0.023868546473201,,,,-2.43926635417131,,0.243979409337044,FALSE,
1978-04-01,96.83,4.83667,11.0233,0.088964,0.087593,0.0856,0.0932,0.0838,-5e-04,-0.0023,0.0629,0.0054,0.0499501187648456,0.0542166797444233,0.113841784570897,0.438767882575998,1.00535040366885,0.0209,0.0076,-0.0018,0.00788643533123023,,0.022945014735099,0.00174118095807339,,,-0.0019860558,,,,,,-1.5816043964756,,,0.061665128063662,0,,,FALSE,TRUE,0.0357221029698849,0.423137843608856,0.131011570023924,0.887518019163911,0.79615860036132,-2.25129461560212,0.0227902596259887,,,,-0.824066113043212,,0.288067936897278,FALSE,
1978-05-01,97.24,4.87333,11.1267,0.013719,0.004436,0.0869,0.0949,0.0852,-0.0058,-0.0108,0.0641,0.0051,0.0501165158371041,0.0503287204378808,0.11442513368984,0.437985206754923,1.00141563864337,0.0211,0.00800000000000001,-0.005,0.00938967136150226,,0.0165584943970156,0.00108505524227167,,,-0.0023334338,,,,,,-1.62451958070417,,,0.0637601940567718,0,,,FALSE,TRUE,0.0662538260221481,0.413626492023468,0.114141448150327,0.904173389265354,0.799286868878958,-2.24803106607524,0.0240228802300957,,,,0.781754641180895,,0.272870153188705,FALSE,
1978-06-01,95.53,4.91,11.23,-0.016578,-0.018953,0.0876,0.096,0.0865,-0.0062,0.0023,0.0673,0.0054,0.0513974667643672,0.0504936240230358,0.117554694860253,0.437221727515583,1.02790158129312,0.0192,0.0084,0.0085,0.0108527131782947,,0.0165224881199962,0.00102741410075018,,,-0.0018349394,,,,,,-1.61668506845956,,,0.0676720168448748,0,,,FALSE,TRUE,0.0454387180507183,0.43094602227211,0.263224398878746,0.886866214723528,0.778691642103261,-2.22206282095639,0.0241594103389397,,,,0.5494927389409,,0.291618883609772,FALSE,
1978-07-01,100.68,4.94667,11.3433,0.056974,0.055121,0.0888,0.096,0.0858,0.0143,0.0101,0.0701,0.0056,0.0491325983313468,0.0517813252381451,0.112666865315852,0.436087381978789,0.976260336089624,0.0157,0.0072,-0.0042,0.00766871165644178,,0.014670488758052,0.000849929646837829,,,-0.0015001826,,,,,,-1.59102198971212,,,0.0642949015806362,0,,,FALSE,TRUE,0.0905944406986237,0.419445067644119,0.259299433603418,0.970270848102263,0.819882095654654,-2.26618938683263,0.0248379536898805,,,,1.0522597454235,,0.243716180324554,FALSE,
1978-08-01,103.29,4.98333,11.4567,0.033641,0.025563,0.0869,0.0948,0.0843,0.0218,0.0257,0.0708,0.0056,0.0482460063897764,0.0494967222884386,0.110917804240488,0.434970803110843,0.960060217604525,0.0135,0.00790000000000002,0.0039,0.00456621004566204,,0.0120018088487754,0.00100223769264296,,,-0.0018316643,,,,,,-1.70204372233177,,,0.0658418831981513,0,,,FALSE,TRUE,0.112570099532604,0.418395817279816,0.269105325280081,0.974114562502778,0.833716839402872,-2.27971600400014,0.0273352860961713,,,,1.0522597454235,,0.236048310995102,FALSE,
1978-09-01,102.54,5.02,11.57,-0.005163,-0.007483,0.0869,0.0942,0.086,-0.0106,-0.0048,0.0785,0.0062,0.048956504778623,0.048601026236809,0.112834015993759,0.433880726015557,0.97225751310896,0.00749999999999999,0.00730000000000001,0.0058,0.00757575757575757,,0.012703001749813,0.000947977205123945,,,-0.0025993048,,,,,,-1.67622239759119,,,0.0658283559423327,0,,,FALSE,TRUE,0.0422121360898018,0.432503342628479,0.263654269306902,0.95381937559213,0.82325758296092,-2.26267981299407,0.0260988289460564,,,,1.0522597454235,,0.228138864040375,FALSE,
1978-10-01,93.15,5.03667,11.8233,-0.08957,-0.092269,0.0889,0.0959,0.0889,-0.02,-0.0205,0.0799,0.0068,0.0540705314009662,0.0491190754827384,0.126927536231884,0.425995280505443,1.06227522241151,0.00900000000000001,0.00699999999999999,-5e-04,0.00902255639097738,,0.0143505523619272,0.00210002341240527,,,-0.0018702195,,,,,,-1.79028419788081,,,0.0707586271758824,0,,,FALSE,FALSE,-0.0426265448331833,0.413697361946106,0.273554487924287,0.872992266508031,0.753494342493106,-2.14700841404035,0.0358805422605756,,,,0.2596625682619,,0.288985401391983,FALSE,
1978-11-01,94.7,5.05333,12.0767,0.026771,0.0174,0.0903,0.0983,0.0877,0.0189,0.0134,0.0864,0.007,0.0533614572333685,0.0542493827160494,0.127525871172122,0.418436327804781,1.05352740197489,0.0013,0.00800000000000001,-0.0055,0.00447093889716865,,0.0140892721705439,0.00318088897410743,,,-0.0018611309,,,,,,-1.71770308549384,,,0.0759084919516058,0,,,FALSE,TRUE,0.114967912435532,0.402707695960999,0.269757866139776,0.880241038182739,0.759750879528383,-2.14386907978827,0.0340172687517429,,,,-0.839997435184587,,0.375522673130035,TRUE,
1978-12-01,96.11,5.07,12.33,0.016626,0.014264,0.0916,0.0994,0.0898,-0.013,-0.0133,0.0908,0.0078,0.0527520549370513,0.0535374868004224,0.128290500468213,0.411192214111922,1.04570129563608,-0.001,0.00779999999999999,-3e-04,0.00445103857566753,,0.0148505522020631,0.00166563001282385,,,-0.0015481539,,,,,,-1.61936729281111,,,0.0783505836132177,0.0195286195286195,,,FALSE,TRUE,0.0209132637828588,0.436387330293655,0.281768429225194,0.88682882763787,0.765436911666825,-2.13972748681112,0.0351227503319102,,,,-0.325462089784903,,0.399826973676682,FALSE,
1979-01-01,99.93,5.11333,12.6533,0.042697,0.040161,0.0925,0.1013,0.0886,0.0191,0.0184,0.0935,0.0077,0.051169118382868,0.0532028925189887,0.126621635144601,0.404110390174895,1.00307428326303,-0.0049,0.0088,-0.000699999999999999,0.00886262924667647,,0.0143875324806251,0.00100111321414216,,,-0.0018498194,,,,,,-1.62366589221363,,,0.0703898014363133,0.0548216644649935,,,TRUE,TRUE,-0.000199262765818276,0.418103963136673,0.28568683744356,0.924515830524159,0.797965199201293,-2.15364659700643,0.0280705737219641,,,,0.496624638306825,,0.364192396402359,TRUE,
1979-02-01,96.28,5.15667,12.9767,-0.028649,-0.036958,0.0926,0.1008,0.0908,-0.0135,-0.0128,0.0932,0.0073,0.0535590984628168,0.0516028219753828,0.134780847528043,0.397379148782048,1.04077545065651,-0.0024,0.0082,0.000699999999999999,0.0117130307467057,,0.0122277101505278,0.000814080858287212,,,-0.0013147274,,,,,,-1.54478197775564,,,0.0726453740020299,-0.0075140889167189,,,FALSE,TRUE,-0.0554572828114033,0.429550737142563,0.266914065060133,0.891026064732192,0.769059617761719,-2.09119987810177,0.0233810772122695,,,,-0.0360748180268315,,0.300289779901505,TRUE,
1979-03-01,101.59,5.2,13.3,0.057361,0.054825,0.0937,0.1026,0.0902,0.0129,0.0106,0.0948,0.0081,0.0511861403681465,0.0540091400083091,0.130918397480067,0.390977443609023,1.0330789394326,-0.00460000000000001,0.00890000000000001,-0.0023,0.0101302460202606,,0.0116703077206649,0.000800733161092506,,,-0.001349922,,,,,,-1.53988440056628,,,0.0733845184492821,0.0454258675078865,,,FALSE,TRUE,0.0482521541416645,0.428358018398285,0.258923014871913,0.949809416793355,0.819796519920129,-2.12045907798281,0.0254474225994746,,,,1.0522597454235,,0.254237562417984,TRUE,
1979-04-01,101.76,5.24667,13.5267,0.004183,0.002218,0.0938,0.1033,0.0922,-0.0112,-0.0052,0.0946,0.008,0.0515592570754717,0.0516455359779506,0.132927476415094,0.387875091485728,1.04187624283542,-0.0024,0.00949999999999999,0.006,0.0114613180515759,,0.0115703138371909,0.000646835188064097,,,-0.0015582344,,,,,,-1.54456986130077,,,0.0587799080961893,0.130959565479783,,,FALSE,TRUE,0.0299806371331215,0.433052539825439,0.273288532609385,0.941789499195805,0.812874393838547,-2.1057792999627,0.0222379332729597,,,,1.0522597454235,,0.254731953144073,TRUE,
1979-05-01,99.08,5.29333,13.7533,-0.016818,-0.026303,0.095,0.1047,0.0903,0.0261,0.0228,0.0961,0.0082,0.0534248082357691,0.0520177869496855,0.138810052482842,0.384877084045284,1.0831418043851,-0.00579999999999999,0.0097,-0.0033,0.0127478753541077,,0.0141841815970611,0.000924227043313123,,,-0.0014325784,,,,,,-1.56102882649299,,,0.0652943687524035,0.121664887940235,,,FALSE,TRUE,0.014555093832314,0.459194183349609,0.272960835724889,0.90590918104303,0.781905486355425,-2.06311745729158,0.0231065100482356,,,,0.784758524491784,,0.243949055671692,TRUE,
1979-06-01,102.91,5.34,13.98,0.040324,0.037792,0.0929,0.1038,0.0877,0.0311,0.0269,0.0906,0.0081,0.0518900009717229,0.0538958417440452,0.135846856476533,0.381974248927039,1.05786360721157,-0.0029,0.0109,-0.0042,0.0111888111888112,,0.0120693565282995,0.000571480977285569,,,-0.0013276842,,,,,,-1.56771311727104,,,0.0629950876714731,0.219790675547098,,,FALSE,TRUE,0.042532917112112,0.444575548171997,0.277393597471817,0.927556348734219,0.800589521726728,-2.08157875014184,0.0230128984947898,,,,1.0522597454235,,0.222478330135345,FALSE,
1979-07-01,103.81,5.39667,14.1967,0.012051,0.009737,0.092,0.1029,0.0895,-0.0085,-0.0031,0.0924,0.0077,0.0519860321741643,0.0524406763191138,0.136756574511126,0.380135524452866,1.05231445381725,-0.0029,0.0109,0.0054,0.0110650069156293,,0.00967921613736731,0.000707684786199483,,,-0.00095407572,,,,,,-1.55221993734131,,,0.0588157004341885,0.0791731669266771,,,FALSE,TRUE,0.0762334913015366,0.449781030416489,0.265901177078937,0.932447617159098,0.804811257963297,-2.07527163737443,0.0221775935600342,,,,1.0522597454235,,0.219736248254776,TRUE,
1979-08-01,109.32,5.45333,14.4133,0.061865,0.053222,0.0923,0.1035,0.0907,-0.0035,6e-04,0.0952,0.0077,0.0498841017197219,0.052531837009922,0.131845042078302,0.37835402024519,1.00345864831067,-0.00449999999999999,0.0112,0.0041,0.00957592339261293,,0.0115690495175417,0.000506479846067467,,,-0.001171412,,,,,,-1.58992402527752,,,0.0497048194151137,0.0852909288037587,,,FALSE,TRUE,0.0921935513615608,0.426169246435165,0.276739622604198,0.977846079273801,0.843995435960825,-2.11258085736329,0.0230547313240036,,,,1.0522597454235,,0.172847703099251,FALSE,
1979-09-01,109.32,5.51,14.63,0.001416,-0.000872,0.0944,0.1054,0.0927,-0.0122,-0.0179,0.1026,0.0083,0.0504024881083059,0.0504024881083059,0.133827296011709,0.376623376623377,1.01379498736598,-0.00989999999999999,0.011,-0.0057,0.0108401084010841,,0.00940389387941799,0.00123306627970237,,,-0.0014195561,,,,,,-1.63956215324898,,,0.0470381610920447,0.054945054945055,,,FALSE,TRUE,0.0482104681432247,0.428755342960358,0.290134090321579,0.974662199640567,0.835390320433584,-2.10040579148614,0.02045603957275,,,,1.0522597454235,,0.213902622461319,TRUE,
1979-10-01,101.82,5.55667,14.7067,-0.06556,-0.068517,0.1013,0.114,0.1034,-0.0841,-0.089,0.117,0.0087,0.0545734629738755,0.0508293999268204,0.144438224317423,0.37783255251008,1.09194556822361,-0.0136,0.0127,-0.0049,0.00804289544235925,,0.0102095127272908,0.00258929935276458,,,-0.0012554812,,,,,,-1.7574506342254,,,0.0517802143050403,0.0599747474747474,,,FALSE,TRUE,-0.00761464098468423,0.41807296872139,0.29012272425751,0.908746560310157,0.775601407245412,-2.03293711648515,0.0224561985360551,,,,0.783645144149397,,0.30408838391304,FALSE,
1979-11-01,106.16,5.60333,14.7833,0.052777,0.04357,0.1076,0.1199,0.1009,0.0311,0.0222,0.1179,0.0099,0.0527819329314243,0.0550317226478099,0.139254898266767,0.379031068841192,1.08311546178634,-0.017,0.0123,-0.0089,0.00930851063829796,,0.0107786633391789,0.00155838056734763,,,-0.00084450892,,,,,,-1.63463465081089,,,0.047740029500932,0.0833829660512211,,,FALSE,TRUE,0.0714820474386215,0.438259065151215,0.305129958151568,0.916155123048986,0.781924503185319,-2.07265110523941,0.0252667825717997,,,,1.0522597454235,,0.342111051082611,TRUE,
1979-12-01,107.94,5.65,14.86,0.01834,0.015892,0.1074,0.1206,0.1012,0.0057,-0.0108,0.1204,0.0095,0.0523438947563461,0.0532215523737754,0.137669075412266,0.38021534320323,1.06195006795908,-0.0192,0.0132,-0.0165,0.0105401844532278,,0.0105144350160643,0.000469642174019078,,,-0.00037113093,,,,,,-1.58163385958253,,,0.045924416077245,0.0448048378229795,,,FALSE,TRUE,0.0486977249383926,0.431446045637131,0.308834656045744,0.934414723543633,0.797508795283826,-2.08175184194305,0.0286491429471456,,,,1.0522597454235,,0.315769791603088,FALSE,
1980-01-01,114.16,5.7,15.0033,0.061308,0.058935,0.1109,0.1242,0.1114,-0.0741,-0.0645,0.12,0.008,0.0499299229152067,0.0528071150639244,0.131423440784863,0.379916418387955,1.01695495804076,-0.0086,0.0133,0.0096,0.0143415906127771,,0.0112974427034556,0.00190640549025352,,,-0.000295125,,,,,,-1.75984288358031,,,0.0488364812746007,-0.0299921073401737,,,FALSE,TRUE,0.0592320747673512,0.411744773387909,0.288551748107156,0.975757845835051,0.83279452315299,-2.13188738458791,0.0329322127450937,,,,1.0522597454235,,0.220139220356941,FALSE,
1980-02-01,113.66,5.75,15.1467,0.002611,-0.005574,0.1238,0.1357,0.1186,-0.0467,-0.0665,0.1286,0.0089,0.0505894773887032,0.0503679046951647,0.133263241245821,0.379620643440485,1.03192993025465,-0.01,0.0119,-0.0198,0.01413881748072,,0.0108271568427394,0.00189761812149092,,,-0.00082116833,,,,,,-1.71461976794493,,,0.0466291837411688,0.0273935448874425,,,FALSE,TRUE,0.0929014831781387,0.420280456542969,0.28349931513054,0.954969906178085,0.820709327755063,-2.132411564908,0.0331541460814061,,,,1.0522597454235,,0.193324610590935,FALSE,
1980-03-01,102.09,5.8,15.29,-0.097518,-0.100096,0.1296,0.1445,0.1239,-0.0315,-0.0062,0.152,0.0121,0.0568126163189343,0.0510293858877354,0.149769810951122,0.379332897318509,1.09373210308622,-0.0281,0.0149,0.0253,0.0152091254752851,,0.0118774132103287,0.00462189417595503,,,-0.00048460839,,,,,,-1.87457672651834,,,0.0400762207985412,0.0509503695881732,,,FALSE,TRUE,0.123653307557106,0.41669088602066,0.295859505725173,0.86934634448575,0.747123704478463,-2.01865854963465,0.0365313540379804,,,,-0.00783865266981857,,0.270942598581314,FALSE,
1980-04-01,106.29,5.84667,15.1733,0.042394,0.039877,0.1204,0.1419,0.1076,0.1523,0.1376,0.132,0.0126,0.0550067739204064,0.0572697619747282,0.142753786809672,0.385326197992526,1.0518199397841,-0.0244,0.0215,-0.0147,0.0112359550561798,,0.0153477686050613,0.00274554927039035,,,-0.00026500098,,,,,,-1.71261553510148,,,0.0175429356203676,-0.00778698819392121,,,FALSE,TRUE,0.109098426997662,0.418526738882065,0.312134199562197,0.903987431403788,0.776894551678235,-2.05521921364793,0.0325964477202532,,,,-0.332870139085668,,0.303915441036224,TRUE,
1980-05-01,111.24,5.89333,15.0567,0.05556,0.046651,0.1099,0.1317,0.1037,0.0419,0.056,0.0858,0.0081,0.0529785149226897,0.0554457615956346,0.135353290183387,0.391409140117024,1.01004877475466,0.0179,0.0218,0.0141,0.00987654320987641,,0.0150518471739179,0.00150971662735537,,,-0.0001539688,,,,,,-1.66776896544683,,,-0.00983190769749243,0,,,FALSE,TRUE,0.0174245852977037,0.424011319875717,0.319463637681583,0.941372366790582,0.80902348578492,-2.09681216056753,0.0305211356502257,,,,0.507449053479759,,0.323851615190506,TRUE,
1980-06-01,114.24,5.94,14.94,0.029722,0.026895,0.1058,0.1271,0.1006,0.0359,0.0341,0.0707,0.0061,0.0519957983193277,0.0533980582524272,0.13077731092437,0.397590361445783,0.990183427043967,0.0299,0.0213,-0.0018,0.011002444987775,,0.0153043748912362,0.00137108484253048,,,0.00042031331,,,,,,-1.6152975885475,,,-0.0253007699447392,0,,,FALSE,TRUE,0.00283802207559347,0.431621223688126,0.351204654732023,0.960258452823509,0.825254350099838,-2.12756749602025,0.0234260477687491,,,,1.0522597454235,,0.267047733068466,TRUE,
1980-07-01,121.67,5.98333,14.84,0.0682,0.06563,0.1107,0.1265,0.1074,-0.0476,-0.0429,0.0806,0.0053,0.0491767074874661,0.052375087535014,0.121969261116134,0.40318935309973,0.918829919172048,0.0268,0.0158,0.0047,0,,0.0201540280955695,0.00136283097898447,,,0.00074901051,,,,,,-1.69070550700543,,,-0.0348181053855123,-0.0139240506329114,,,FALSE,TRUE,0.0482902377843857,0.39845871925354,0.367583826109193,0.999081373240189,0.889341066844157,-2.20156655239899,0.0275766854811517,,,,1.0522597454235,,0.217244654893875,FALSE,
1980-08-01,122.38,6.02667,14.74,0.013454,0.00603,0.1164,0.1315,0.114,-0.0432,-0.0445,0.0913,0.0064,0.0492455466579506,0.0495329169063861,0.120444517077954,0.408864993215739,0.921519638855231,0.0227,0.0151,-0.0013,0.00725513905683184,,0.0199506517968132,0.00170815841582288,,,0.00081825021,,,,,,-1.7499955067204,,,-0.0341420646477801,-0.0444159178433891,,,FALSE,TRUE,0.048715315759182,0.387152820825577,0.36467305360558,0.964695051307514,0.886745269563564,-2.2218265819307,0.0307714961966179,,,,1.0522597454235,,0.241865590214729,FALSE,
1980-09-01,125.46,6.07,14.64,0.027935,0.025155,0.1202,0.137,0.1185,-0.0262,-0.0237,0.1027,0.0075,0.0483819544077794,0.0495996077790489,0.116690578670493,0.414617486338798,0.921687651487527,0.0158,0.0168,0.0025,0.00840336134453779,,0.0237968186829607,0.00265740572225418,,,0.00076540271,,,,,,-1.84759974699155,,,-0.0202269809239786,-0.0394948952176249,,,FALSE,TRUE,0.0156424231827259,0.402705460786819,0.393105678226251,0.956750156479268,0.886583626509461,-2.25717356112461,0.0327914119677923,,,,1.0522597454235,,0.28826504945755,FALSE,
1980-10-01,127.47,6.1,14.7,0.017809,0.014742,0.1231,0.1423,0.1231,-0.0263,-0.0159,0.1162,0.0095,0.0478543971130462,0.0486210744460386,0.115321252059308,0.414965986394558,0.929593613776244,0.0069,0.0192,0.0104,0.00952380952380949,,0.0227699555692829,0.00219064346529732,,,0.0014456625,,,,,,-1.72316788289034,,,-0.0100422222961196,0.00699300699300709,,,FALSE,TRUE,0.0429835990071297,0.413382351398468,0.409347548994802,0.948613234554727,0.879043453456309,-2.27112759651573,0.0295126934705496,,,,1.0522597454235,,0.308270990848541,FALSE,
1980-11-01,140.52,6.13,14.76,0.10991,0.103015,0.1297,0.1464,0.123,0.01,0.0017,0.1373,0.0096,0.043623683461429,0.0480897466070448,0.105038428693424,0.415311653116531,0.865161978778666,-0.0143,0.0167,-0.0083,0.008254716981132,,0.0219499686282504,0.00241907175467307,,,0.0013118477,,,,,,-1.81451296184899,,,0.00411840929549534,0.00805555555555548,,,FALSE,TRUE,0.0550762489438057,0.405598938465118,0.437868019085094,0.993171160902647,0.944508890367976,-2.37281076524538,0.0363984153438124,,,,1.0522597454235,,0.304188370704651,FALSE,
1980-12-01,135.76,6.16,14.82,-0.030634,-0.033006,0.1321,0.1514,0.1199,0.0352,0.0248,0.1549,0.0131,0.0453741897466117,0.0438371762026758,0.10916322922805,0.415654520917679,0.891503023890289,-0.035,0.0193,-0.0104,0.00935672514619879,,0.0268170935046463,0.00295152883630844,,,0.0010201575,,,,,,-1.8050876352969,,,0.00831410935670496,0.0327914025902452,,,FALSE,TRUE,0.0608872808516026,0.407031178474426,0.394852013912542,0.963826149554576,0.916601692497861,-2.33571170120373,0.0372509208277537,,,,1.0522597454235,,0.283717453479767,FALSE,
1981-01-01,129.55,6.2,14.74,-0.04337,-0.045036,0.1281,0.1503,0.1211,-0.0115,-0.013,0.1502,0.0104,0.0478579698957931,0.0456688273423689,0.113778463913547,0.420624151967436,0.907238696464577,-0.0291,0.0222,-0.0015,0.00811123986095019,,0.028696186320317,0.00159743477589427,,,0.00071058594,,,,,,-1.76946122965751,,,-0.000551838339086785,0.0170757737459979,,,FALSE,TRUE,0.0346093252301216,0.394429177045822,0.388594880295211,0.942848042679831,0.900703622706095,-2.29190708462555,0.0401665631171754,,,,1.0522597454235,,0.270723223686218,FALSE,
1981-02-01,131.27,6.24,14.66,0.021267,0.013492,0.1335,0.1537,0.1283,-0.0435,-0.0269,0.1479,0.0107,0.0475356136207816,0.048166730991895,0.111678220461644,0.425648021828104,0.881815756531018,-0.0196,0.0202,0.0166,0.010344827586207,,0.0300101178983882,0.00153090902595744,,,0.0007315691,,,,,,-1.69374292290884,,,-0.00725332962781122,-0.00314795383001043,,,FALSE,TRUE,0.0913551151752472,0.411634683609009,0.384117114207132,0.970030556689128,0.926671103926975,-2.31603121101305,0.0313758335228864,,,,1.0522597454235,,0.265957355499268,FALSE,
1981-03-01,136,6.28,14.58,0.038285,0.035426,0.1333,0.1534,0.1248,0.0384,0.0311,0.1336,0.0121,0.0461764705882353,0.0478403290927097,0.107205882352941,0.430727023319616,0.924920557442697,-0.0088,0.0201,-0.0073,0.00682593856655278,,0.0279400147510024,0.00207594439252594,,,0.0004488745,,,,,,-1.75778358721466,,,-0.00460532167649141,0,,,FALSE,TRUE,0.0955470949411392,0.395305186510086,0.378475530450223,0.988820157207305,0.954521251307407,-2.35628317531571,0.0325510942398766,,,,1.0522597454235,,0.245594024658203,FALSE,
1981-04-01,132.81,6.31667,14.7233,-0.020211,-0.021967,0.1388,0.1556,0.1332,-0.0518,-0.0769,0.1369,0.0108,0.0475617046909118,0.0464461029411765,0.110859875009412,0.42902542228984,0.930593836131295,-0.00369999999999998,0.0168,-0.0251,0.00677966101694905,,0.0273520142933569,0.000832002588716456,,,0.00041584798,,,,,,-1.802443114585,,,-0.0114351455759101,-0.0192105263157893,,,FALSE,TRUE,0.0439582988619804,0.399487257003784,0.370857386743085,0.974317660270495,0.948702101359703,-2.32770556025523,0.0302489862256626,,,,1.0522597454235,,0.211484000086784,FALSE,
1981-05-01,132.59,6.35333,14.8667,0.006539,-0.001124,0.1432,0.1595,0.1265,0.0622,0.0595,0.163,0.0115,0.0479171129044423,0.0478377381221294,0.11212534881967,0.427353077683682,0.936223846735568,-0.0365,0.0163,-0.0027,0.0078563411896746,,0.0288446160648728,0.000921688022097317,,,-3.1830472e-07,,,,,,-1.74330587304671,,,-0.00813928362200578,-0.0407834719613631,,,FALSE,TRUE,0.0243581552058458,0.408524513244629,0.362295192168442,0.96845857135882,0.942997052391366,-2.3200429184987,0.0291222728492285,,,,0.272403732211375,,0.183657243847847,FALSE,
1981-06-01,131.21,6.39,15.01,-0.008255,-0.01118,0.1375,0.158,0.1304,-0.0179,0.0023,0.1473,0.0135,0.0487005563600335,0.0481936797646881,0.114396768538983,0.425716189207195,0.950474981573991,-0.0169,0.0205,0.0202,0.00890868596881966,,0.0278934321222624,0.000995542796878108,,,-5.7027074e-05,,,,,,-1.79016239044176,,,-0.00547285979405876,-0.00307692307692309,,,FALSE,TRUE,0.0279719699174166,0.41464564204216,0.30053466249816,0.953937796006054,0.928858039364838,-2.29445074628706,0.0307291041199824,,,,-1.35118348967184,,0.149944305419922,FALSE,
1981-07-01,130.92,6.43333,15.0967,0.000714,-0.000946,0.1438,0.1617,0.137,-0.0353,-0.0372,0.1495,0.0124,0.0491393981057134,0.0490307903361024,0.115312404521845,0.426141474626905,0.974966923577714,-0.0125,0.0179,-0.0019,0.011037527593819,,0.0255902183471982,0.00110298911719811,,,-0.000324294,,,,,,-1.66564696051802,,,-0.00135071985219692,-0.021604938271605,,,FALSE,TRUE,0.0562292896211147,0.420900642871857,0.295109285945976,0.929974122357307,0.90552438908434,-2.29359166411695,0.0281179014805572,,,,-1.91206366579022,,0.169719681143761,TRUE,
1981-08-01,122.79,6.47667,15.1833,-0.05554,-0.063659,0.1489,0.1634,0.1445,-0.0386,-0.0345,0.1551,0.0128,0.0527459076472025,0.0494704399633364,0.123652577571463,0.426565371164371,1.05335405629233,-0.0106,0.0145,0.0041,0.00764192139737996,,0.0269917422018904,0.00182493807749404,,,-0.00080864017,,,,,,-1.66884343116753,,,-0.0050056353154222,0.00372813306567266,,,FALSE,TRUE,-0.00716599402949214,0.444279551506042,0.28999934769841,0.860768517162248,0.838138252353333,-2.22951950661816,0.0291912467337429,,,,-2.45006999096455,,0.212384819984436,TRUE,
1981-09-01,116.18,6.52,15.27,-0.050466,-0.0535,0.1549,0.1692,0.1482,-0.0145,-0.0199,0.147,0.0124,0.0561198140815975,0.0530987865461357,0.131433981752453,0.426981008513425,1.09237864420339,0.00120000000000001,0.0143,-0.0054,0.00975081256771393,,0.0214833712153458,0.00276117352095579,,,-0.0005421827,,,,,,-1.74876109737498,,,-0.0122369853863966,0,,,FALSE,TRUE,0.0631463676691055,0.437054038047791,0.288973817983306,0.830018065524144,0.808196253684511,-2.17179128011596,0.027279452464376,,,,-2.68533577651543,,0.285382211208344,TRUE,
1981-10-01,121.89,6.55667,15.3,0.052115,0.048694,0.154,0.1711,0.1384,0.0829,0.0521,0.1354,0.0121,0.0537916974321109,0.0564354449991393,0.125523012552301,0.428540522875817,1.0890856841241,0.003,0.0171,-0.0308,0.00214592274678105,,0.0148971084812221,0.00207825162750359,,,-0.0008184993,,,,,,-1.68683161384621,,,-0.0225539961267658,0,,,FALSE,TRUE,0.121541947126389,0.423685491085052,0.299842701368628,0.832527708607978,0.810639916325948,-2.21633161054796,0.0297536130278543,,,,-2.68533577651543,,0.310900509357452,TRUE,
1981-11-01,126.35,6.59333,15.33,0.043827,0.035918,0.1422,0.1639,0.122,0.141,0.1267,0.1086,0.0107,0.052183062920459,0.0540924604151284,0.121329639889197,0.430093281148076,1.04445544331706,0.0134,0.0217,-0.0143,0.00321199143468953,,0.015672829790261,0.00150400330809406,,,-0.0010171618,,,,,,-1.67071577968229,,,-0.0366410420482666,0,,,FALSE,TRUE,0.0821476653218269,0.422658145427704,0.30691986304992,0.868102143450027,0.845279071978701,-2.23490715894614,0.0290695581662435,,,,-2.68533577651543,,0.281318366527557,FALSE,
1981-12-01,122.55,6.63,15.36,-0.027059,-0.029745,0.1423,0.1655,0.1334,-0.0713,-0.058,0.1085,0.0087,0.0541003671970624,0.0524732884843688,0.125336597307222,0.431640625,1.06114285714286,0.0249,0.0232,0.0133,0.00320170757737448,,0.0119096484824429,0.000905797546140938,,,-0.0012794664,,,,,,-1.56006490848033,,,-0.0497235238549725,0,,,FALSE,TRUE,0.0382922366261482,0.458608895540237,0.327681777506997,0.854450466285826,0.831986307882476,-2.2053214830493,0.0253804944495542,,,,-2.68533577651543,,0.226509362459183,FALSE,TRUE
1982-01-01,120.4,6.66,15.1767,-0.015367,-0.016874,0.1518,0.171,0.1415,0.0046,-0.0129,0.1228,0.008,0.0553156146179402,0.0543451652386781,0.126052325581395,0.438830575816877,1.06589369762369,0.0187,0.0192,-0.0175,0.00319148936170199,,0.010700480469359,0.00252193293099888,,,-0.001882769,,,,,,-1.63932157593747,,,-0.0729736012168125,-0.00857142857142845,,,FALSE,TRUE,0.125494226813316,0.441852957010269,0.307592853282705,0.850642058493238,0.828278026053057,-2.20724853029476,0.0242045590367535,,,,-2.68533577651543,,0.253688097000122,FALSE,TRUE
1982-02-01,113.11,6.69,14.9933,-0.050441,-0.059588,0.1527,0.1718,0.1402,0.0182,0.0312,0.1348,0.0092,0.0591459641057378,0.0555647840531561,0.132555034921758,0.446199302355052,1.12628731546962,0.00539999999999999,0.0191,0.013,0.00318133616118765,,0.0105060973920722,0.00191823146671973,,,-0.0020617645,,,,,,-1.56949938691205,,,-0.0551995754455521,-0.0322766570605189,,,FALSE,TRUE,0.00429333234205842,0.459538877010345,0.29652968351052,0.805029051315854,0.783864219834554,-2.15555045823455,0.0265194019514342,,,,-2.68533577651543,,0.265820503234863,FALSE,TRUE
1982-03-01,111.96,6.72,14.81,-0.006805,-0.010463,0.1458,0.1682,0.1387,0.0231,0.0306,0.1268,0.0098,0.060021436227224,0.0594111926443285,0.13227938549482,0.453747467927076,1.18575057427957,0.0119,0.0224,0.0075,-0.00105708245243119,,0.00554842901892964,0.00179522611745602,,,-0.0018891454,,,,,,-1.58230387482231,,,-0.0642461963933365,-0.0318642048838594,,,FALSE,TRUE,0.00697885500267148,0.461034864187241,0.276433010712221,0.803447097309702,0.782323856613103,-2.15263847390239,0.0280653308293598,,,,-2.68533577651543,,0.248799368739128,FALSE,TRUE
1982-04-01,116.44,6.75,14.5967,0.04155,0.040063,0.1446,0.1678,0.1348,0.0373,0.0338,0.127,0.0113,0.0579697698385435,0.0602893890675241,0.125358124355891,0.462433289716169,1.14998349757179,0.0078,0.0232,-0.0035,0.00423280423280437,,0.00292368308446975,0.00124682052172516,,,-0.0019337418,,,,,,-1.52996442487044,,,-0.0758978541418678,-0.019686250384497,,,FALSE,TRUE,0.0240056402981281,0.453256845474243,0.271755004929,0.838308678939515,0.80665589046306,-2.20646790394286,0.0258710579299151,,,,-2.68533577651543,,0.221889391541481,FALSE,TRUE
1982-05-01,111.88,6.78,14.3833,-0.029505,-0.039834,0.1426,0.1664,0.1358,0.0034,0.0245,0.1209,0.0106,0.0606006435466571,0.0582274132600481,0.128560064354666,0.471380003198153,1.19042389633209,0.0149,0.0238,0.0211,0.00948366701791348,,-0.000958182091427754,0.000854815583077439,,,-0.0021173595,,,,,,-1.50338977034985,,,-0.0849497757173929,0.00407907122685902,,,FALSE,TRUE,0.00941091869026423,0.478803664445877,0.247786413778591,0.809830136661429,0.779252638585148,-2.17904841811311,0.0217588847114868,,,,-2.68533577651543,,0.208328276872635,FALSE,TRUE
1982-06-01,109.61,6.81,14.17,-0.015779,-0.018934,0.1481,0.1692,0.1412,-0.0223,-0.0468,0.1247,0.0096,0.0621293677584162,0.0608687879871291,0.129276525864428,0.480592801693719,1.20158141711724,0.0165,0.0211,-0.0245,0.012526096033403,,0.00121303587345724,0.00149029257449838,,,-0.0021779315,,,,,,-1.52295863270792,,,-0.0899249345722253,0,,,FALSE,TRUE,0.0300930682569742,0.476735174655914,0.320836933919794,0.846474629635421,0.772016734810307,-2.17945794233772,0.0211061596034113,,,,-2.68533577651543,,0.234307304024696,FALSE,TRUE
1982-07-01,107.09,6.82333,13.9667,-0.020199,-0.022058,0.1461,0.168,0.1352,0.0501,0.054,0.1135,0.0105,0.0637158464842656,0.0622509807499316,0.130420207302269,0.488542748108,1.20652980460054,0.0217,0.0219,0.0039,0.00515463917525771,,-0.0115518922680465,0.000958583110948403,,,-0.0020625268,,,,,,-1.53035077260727,,,-0.0955816536058203,0,,,FALSE,TRUE,0.0499844662845135,0.47151455283165,0.309620077283134,0.847962415319113,0.76885043263288,-2.16758324722441,0.0212857060372449,,,,-2.68533577651543,,0.206919118762016,FALSE,TRUE
1982-08-01,119.51,6.83667,13.7633,0.127402,0.116647,0.1371,0.1632,0.1254,0.0781,0.0837,0.0868,0.0076,0.057205840515438,0.0638404146045382,0.115164421387332,0.496731888427921,1.0824244710477,0.0386,0.0261,0.00559999999999999,0.00205128205128213,,-0.00285763498551451,0.00641593308330035,,,-0.002222557,,,,,,-1.70677274419444,,,-0.107113232599142,0,,,FALSE,TRUE,0.126257687807083,0.452479273080826,0.332298009089925,1,0.857002947608634,-2.28414288580481,0.0251076772696824,,,,-2.13880802169796,,0.349626153707504,FALSE,TRUE
1982-09-01,120.42,6.85,13.56,0.010496,0.007717,0.1294,0.1563,0.1183,0.0618,0.0623,0.0792,0.0051,0.0568842384985883,0.0573173792988034,0.112605879422023,0.505162241887906,1.08853556485356,0.0391,0.0269,5e-04,0.00204708290685773,,0.000550707790587581,0.0021312943337497,,,-0.0018631355,,,,,,-1.67861127024074,,,-0.111938826515641,0.0109375,,,FALSE,TRUE,0.0174092352390289,0.452165484428406,0.321760558131156,0.958771488783577,0.852191689645336,-2.30022115064025,0.0260969917867893,,,,-0.285084093243253,,0.349548578262329,FALSE,TRUE
1982-10-01,133.71,6.85667,13.2533,0.113863,0.111235,0.1212,0.1473,0.1112,0.0634,0.0759,0.0771,0.0059,0.0512801585520903,0.056939627968776,0.099119736743699,0.517355677453917,0.983745412011455,0.0341,0.0261,0.0125,0.00306435137895811,,0.00655783152239076,0.00612590793248814,,,-0.0018347028,,,,,,-1.93214386405848,,,-0.124019368575775,0.0238021638330757,,,FALSE,TRUE,-0.00105256994720548,0.423141092061996,0.326644960178947,0.956354028042971,0.942968527146525,-2.41497557322858,0.0285308991650699,,,,1.0522597454235,,0.403433620929718,FALSE,TRUE
1982-11-01,138.54,6.86333,12.9467,0.045754,0.037554,0.1168,0.143,0.1125,-2e-04,0.0201,0.0807,0.0063,0.0495404215389057,0.0513299678408496,0.0934509888840768,0.530121961580943,0.938726810869063,0.0318,0.0262,0.0203,-0.00203665987780044,,0.000958156229536627,0.0054916495382053,,,-0.0018583802,,,,,,-1.96852062141332,,,-0.129622218549114,-0.0144927536231884,,,FALSE,TRUE,0.100470617413521,0.433804482221603,0.336332110323749,0.975400989216229,0.975400989216229,-2.47061588449283,0.0299771849369892,,,,1.0522597454235,,0.401010751724243,FALSE,TRUE
1982-12-01,140.64,6.87,12.64,0.016835,0.014676,0.1183,0.1414,0.1095,0.0312,0.0108,0.0794,0.0067,0.0488481228668942,0.0495885664789952,0.0898748577929465,0.543512658227848,0.932214726622967,0.0301,0.0231,-0.0204,-0.00408163265306127,,0.0029900513149315,0.00249023829864141,,,-0.0013463488,,,,,,-1.78501147321215,,,-0.139066925578668,-0.0235906862745098,,,FALSE,TRUE,0.0434483177959919,0.448482602834702,0.322618426181944,0.977572275932932,0.977572275932932,-2.50954430563518,0.0293597449216125,,,,1.0522597454235,,0.377595633268356,FALSE,TRUE
1983-01-01,145.3,6.88333,12.5667,0.035293,0.033317,0.1179,0.1394,0.1113,-0.0309,-0.0094,0.0786,0.0069,0.0473732278045423,0.0489429038680319,0.0864879559532003,0.547743639937295,0.906944315329553,0.0327,0.0215,0.0215,0.00204918032786883,,0.00219476330515081,0.00328085735874905,,,-0.0013635098,,,,,,-1.90141588699721,,,-0.122944353378075,-0.0188264825855037,,,FALSE,TRUE,0.0422405935823917,0.430060744285583,0.309214096390826,0.984757632626905,0.984757632626905,-2.54723339075896,0.031977975081448,,,,1.0522597454235,,0.339390814304352,FALSE,TRUE
1983-02-01,148.06,6.89667,12.4933,0.025733,0.018539,0.1201,0.1395,0.106,0.0492,0.0428,0.0811,0.0062,0.0465802377414562,0.0474650378527185,0.0843799810887478,0.552029487805464,0.8768492387338,0.0249,0.0194,-0.0064,0.0010224948875257,,0.000355875522027781,0.00191164174299008,,,-0.0013809871,,,,,,-1.81688264648123,,,-0.131576617317469,-0.0486088903102014,,,FALSE,TRUE,0.00615457119420171,0.448098808526993,0.293618782991079,0.991807881905135,0.991807881905135,-2.57425940228732,0.0287337349628353,,,,1.0522597454235,,0.268247306346893,FALSE,TRUE
1983-03-01,152.96,6.91,12.42,0.03547,0.032459,0.1173,0.1361,0.1083,-0.0094,0.0072,0.0835,0.0063,0.0451752092050209,0.0466702688099419,0.0811976987447699,0.556360708534622,0.780067785810996,0.0248,0.0188,0.0166,0,,0.00599353910516826,0.00157182095103342,,,-0.0012148534,,,,,,-1.76151601811554,,,-0.125505377247857,-0.00504201680672267,,,FALSE,TRUE,0.0634581968188286,0.451264828443527,0.29549805427783,0.986150623963697,0.986150623963697,-2.61080420141036,0.029324711033911,,,,1.0522597454235,,0.262067258358002,FALSE,TRUE
1983-04-01,164.42,6.92,12.4767,0.075719,0.074655,0.1151,0.1329,0.1051,0.035,0.0548,0.0821,0.0071,0.042087337306897,0.0452405857740586,0.0758831042452256,0.55463383747305,0.718887620290328,0.023,0.0178,0.0198,0.00715015321756884,,0.00662684555157436,0.00142375048063739,,,-0.00087060688,,,,,,-1.80388633708032,,,-0.115254819689468,0.0405405405405406,,,FALSE,TRUE,0.0846512466669083,0.435149371623993,0.30431854037243,1,1,-2.67750117268048,0.0254493847765938,,,,1.0522597454235,,0.221812933683395,FALSE,TRUE
1983-05-01,162.39,6.93,12.5333,-0.005687,-0.0121,0.1146,0.1309,0.1112,-0.0386,-0.0324,0.0819,0.0069,0.0426750415665989,0.0421481571584965,0.0771802450889833,0.552927002465432,0.734595576592943,0.0293,0.0163,0.0062,0.00608519269776875,,0.010428915836833,0.00108461403377253,,,-0.0006398717,,,,,,-1.87791591081809,,,-0.111565295444857,-0.0162337662337663,,,TRUE,TRUE,0.0325276143848896,0.417934000492096,0.312174432951666,0.973543514063882,0.973543514063882,-2.66037051935053,0.0297590237292529,,,,1.0522597454235,,0.206789344549179,FALSE,TRUE
1983-06-01,168.11,6.94,12.59,0.03697,0.033719,0.1174,0.1337,0.1119,0.0039,-0.0046,0.0879,0.0067,0.0412824936053774,0.0427366217131597,0.0748914401284873,0.551231135822081,0.721382041965367,0.024,0.0163,-0.0085,0.00302419354838701,,0.0158265546950099,0.0013991485619086,,,-0.00082781209,,,,,,-1.85599661964075,,,-0.10777956945778,0.0346534653465347,,,FALSE,TRUE,0.0635007247328758,0.422955065965652,0.348352298644165,0.978899303052151,0.978899303052151,-2.69472342906294,0.0316382536698653,,,,1.0522597454235,,0.202722892165184,FALSE,TRUE
1983-07-01,162.56,6.96,12.8267,-0.031238,-0.032321,0.1215,0.1339,0.1198,-0.0486,-0.0455,0.0908,0.0074,0.0428149606299213,0.0414014633275831,0.0789044045275591,0.542618132489261,0.735061123063324,0.029,0.0124,0.0031,0.00402010050251267,,0.0253802111970901,0.00229282458668162,,,-0.0012450162,,,,,,-1.91781947650584,,,-0.0953139317754852,0.0191387559808611,,,TRUE,TRUE,0.00204784539528191,0.416408538818359,0.346738934697239,0.960682528238404,0.960682528238404,-2.64729582068493,0.0344266759592093,,,,1.0522597454235,,0.246975123882294,FALSE,TRUE
1983-08-01,164.4,6.98,13.0633,0.015864,0.009484,0.1251,0.1364,0.121,0.002,0.0051,0.0934,0.0076,0.0424574209245742,0.0429379921259843,0.0794604622871046,0.534321342999089,0.724822391790554,0.0276,0.0113,0.0031,0.00300300300300305,,0.0194746339339047,0.00136904533629939,,,-0.0013006754,,,,,,-1.75440792372581,,,-0.0858688084660439,-0.00938967136150237,,,TRUE,TRUE,0.052968829870224,0.435721397399902,0.324049505548277,0.974252984058319,0.974252984058319,-2.6444842127013,0.0326631164879056,,,,1.0522597454235,,0.243344709277153,FALSE,TRUE
1983-09-01,166.07,7,13.3,0.014105,0.010838,0.1237,0.1355,0.1157,0.0505,0.0392,0.09,0.0076,0.0421509002227976,0.0425790754257908,0.0800867104233155,0.526315789473684,0.714847582979897,0.0257,0.0118,-0.0113,0.00499001996007986,,0.0231783954045958,0.00105729305526159,,,-0.0018284324,,,,,,-1.74503485931427,,,-0.0737387690700122,-0.0379146919431279,,,FALSE,TRUE,0.030127540230751,0.456090569496155,0.344928715971858,0.978076889519897,0.978076889519897,-2.63484414328903,0.0322971651899026,,,,1.0522597454235,,0.25003969669342,FALSE,TRUE
1983-10-01,163.55,7.03,13.5433,-0.013108,-0.014695,0.1225,0.1346,0.1188,-0.0132,-0.0025,0.0864,0.0076,0.0429837970039743,0.0423315469380382,0.0828083154998471,0.519075853004807,0.719474371531179,0.0324,0.0121,0.0107,0.00297914597815296,,0.0247443763723811,0.0011153554700984,,,-0.0017022483,,,,,,-1.78413748577004,,,-0.0684280331962381,-0.00656814449917897,,,FALSE,TRUE,0.0175774469971657,0.450356602668762,0.344102083968578,0.953722803876542,0.953722803876542,-2.60043987886475,0.0329566546768034,,,,1.0522597454235,,0.19292975962162,FALSE,TRUE
1983-11-01,166.4,7.06,13.7867,0.023846,0.017363,0.1241,0.1361,0.1176,0.0183,0.0142,0.0876,0.007,0.0424278846153846,0.0431672271476613,0.0828527644230769,0.512087736731778,0.690819893105124,0.03,0.012,-0.0041,0.00198019801980198,,0.0266368280111072,0.00083630311213824,,,-0.0015962358,,,,,,-1.74652679559913,,,-0.0662800684016118,-0.0208264462809917,,,FALSE,TRUE,0.036786075681448,0.459659546613693,0.354515913630874,0.991314481044127,0.991314481044127,-2.60124715962764,0.0294698081510831,,,,1.0522597454235,,0.180466338992119,FALSE,TRUE
1983-12-01,164.93,7.09,14.03,-0.005749,-0.008699,0.1257,0.1375,0.1197,-0.0059,-0.0033,0.09,0.0073,0.042987934275147,0.0426081730769231,0.0850663918025829,0.505345687811832,0.700359117777919,0.0297,0.0118,0.0026,0.000988142292490002,,0.0270568953543173,0.000528114394434786,,,-0.0016937271,,,,,,-1.68754142264211,,,-0.063569556971979,0.00101282916947998,,,FALSE,TRUE,0.0360062755644321,0.474543422460556,0.354681200837554,0.977812305779988,0.977812305779988,-2.5761329223977,0.0261777979974635,,,,0.806190323079379,,0.155245795845985,FALSE,TRUE
1984-01-01,163.41,7.12,14.44,-0.003898,-0.005657,0.122,0.1365,0.118,0.0244,0.027,0.089,0.0076,0.0435713848601677,0.0431698296246893,0.0883666850253962,0.493074792243767,0.722197643743139,0.029,0.0145,0.0026,0.00592300098716692,,0.0307360043827148,0.000794606141382875,,,-0.0020953326,,,,,,-1.76350505471111,,,-0.0461005698618968,0.020910623946037,,,FALSE,TRUE,0.0463794358074665,0.435090035200119,0.318096677171544,0.948244251087632,0.948244251087632,-2.53663815406862,0.026308323559887,,,,-0.815699576760869,,0.144047796726227,FALSE,TRUE
1984-02-01,157.06,7.15,14.85,-0.034034,-0.039505,0.1208,0.1359,0.1217,-0.0178,-0.0172,0.0909,0.0071,0.0455240035655164,0.0437549721559268,0.0945498535591494,0.481481481481482,0.76344803097096,0.0308,0.0151,6e-04,0.00490677134445527,,0.0267017520717217,0.00201947646559881,,,-0.0019284684,,,,,,-1.81578168159194,,,-0.0440068813533303,0.0115626032375289,,,FALSE,TRUE,0.0174034032970667,0.422721028327942,0.313123021520708,0.897009011808577,0.897009011808577,-2.47052712519543,0.0267894173715567,,,,-2.45006999096455,,0.196902826428413,FALSE,TRUE
1984-03-01,159.18,7.18,15.26,0.017295,0.013714,0.1257,0.1399,0.1253,-0.0156,-0.0235,0.0952,0.0073,0.0451061691167232,0.0457150133706864,0.0958663148636763,0.470511140235911,0.762475426864339,0.0301,0.0142,-0.0079,0.00195312499999978,,0.0241049386389593,0.00135458754224035,,,-0.0020079516,,,,,,-1.64771674270265,,,-0.0414095598400928,0.00587851077726964,,,FALSE,TRUE,0.019228832796216,0.463345140218735,0.330143479164812,0.904979801118707,0.904979801118707,-2.4609823658108,0.0273195131915175,,,,-2.45006999096455,,0.230255201458931,FALSE,TRUE
1984-04-01,160.05,7.22333,15.5733,0.006781,0.005229,0.1281,0.1431,0.1284,-0.0105,-0.0073,0.0969,0.0081,0.0451317088409872,0.0453783766804875,0.097302717900656,0.463827833535603,0.758658979286782,0.0315,0.015,0.0032,0.00487329434697847,,0.0226819531066645,0.00103552815595909,,,-0.0019147215,,,,,,-1.61562170533724,,,-0.0377927565113421,-0.0178571428571429,,,FALSE,TRUE,0.0270412303507328,0.475604474544525,0.332991665968176,0.909532318210068,0.909532318210068,-2.44886628104877,0.0227325694184081,,,,-2.17734127385134,,0.24661049246788,FALSE,TRUE
1984-05-01,150.55,7.26667,15.8867,-0.053131,-0.059544,0.1328,0.1474,0.1381,-0.0516,-0.0483,0.0983,0.0078,0.048267485885088,0.0454024992189941,0.105524410494852,0.457405880390515,0.803910033036159,0.0398,0.0146,0.0033,0.00290979631425814,,0.0215141282293392,0.000933050258139853,,,-0.0017415154,,,,,,-1.65900638265188,,,-0.0346585482867829,0.0198347107438017,,,FALSE,TRUE,0.0376188904047012,0.477992504835129,0.352385218978133,0.858335922933499,0.858335922933499,-2.37465235857105,0.0209289991164104,,,,-2.68533577651543,,0.217542693018913,FALSE,TRUE
1984-06-01,153.18,7.31,16.2,0.022937,0.018709,0.1355,0.1505,0.1374,0.015,0.0199,0.0987,0.0075,0.0477216346781564,0.0485552972434407,0.105757931844888,0.451234567901235,0.784351819145178,0.0387,0.015,0.0049,0.00290135396518365,,0.00130405924835773,0.0016757626844657,,,-0.0018792426,,,,,,-1.60638544595613,,,-0.0332723078913242,-0.0356564019448947,,,FALSE,TRUE,0.0768652558326721,0.477190047502518,0.335591725488677,0.879738968303294,0.879738968303294,-2.37376360385979,0.0228037352427635,,,,-2.17734127385134,,0.228597849607468,FALSE,TRUE
1984-07-01,150.66,7.33333,16.32,-0.013765,-0.015641,0.1344,0.1515,0.1293,0.0693,0.0586,0.1012,0.0082,0.0486746979954865,0.0478739391565478,0.108323377140581,0.449346200980392,0.796391937450685,0.0281,0.0171,-0.0107,0.00385728061716484,,-0.0018621450707932,0.000865657581299965,,,-0.0013404002,,,,,,-1.53460475239804,,,-0.0327768496088394,-0.0705882352941177,,,FALSE,TRUE,0.00372800067998469,0.495538055896759,0.332920850465134,0.866438781852082,0.866438781852082,-2.34803270225592,0.0237275231350936,,,,-2.68533577651543,,0.208566561341286,FALSE,TRUE
1984-08-01,166.68,7.35667,16.44,0.112438,0.105753,0.1287,0.1463,0.127,0.0266,0.0307,0.1047,0.0083,0.0441364890808735,0.048829616354706,0.0986321094312455,0.44748600973236,0.72542838007808,0.0223,0.0176,0.0041,0.00384245917387127,,-0.0031008349370629,0.00312683277565004,,,-0.0014445113,,,,,,-1.70244137448481,,,-0.0340141238797598,0.0596745027124774,,,FALSE,TRUE,0.0878968015313148,0.468017250299454,0.365212667075622,0.951196395276569,0.951196395276569,-2.43609509852855,0.0256793102247036,,,,-0.31062755449595,,0.269690573215485,FALSE,TRUE
1984-09-01,166.1,7.38,16.56,-6.4e-05,-0.003292,0.1266,0.1435,0.1235,0.0342,0.0314,0.1037,0.0086,0.0444310656231186,0.0442764578833693,0.0996989765201686,0.445652173913044,0.736050915298622,0.0198,0.0169,-0.0028,0.00478468899521522,,-0.00949254695205639,0.00094322665330439,,,-0.0014075399,,,,,,-1.58377708160185,,,-0.0392426472668603,0.0119453924914674,,,FALSE,TRUE,0.0204377565532923,0.476759254932404,0.350151577823684,0.937468924798011,0.937468924798011,-2.4235606652957,0.0257872298008586,,,,0.525883047053722,,0.258025974035263,FALSE,TRUE
1984-10-01,166.09,7.43,16.5867,0.003331,0.000216,0.1263,0.1394,0.1173,0.0561,0.0572,0.0974,0.01,0.0447347823469203,0.04473208910295,0.0998657354446384,0.447949260552129,0.735642465503818,0.0199,0.0131,0.0011,0.00285714285714289,,-0.0135284825388928,0.00129184832651486,,,-0.0018743573,,,,,,-1.55327727877689,,,-0.041611985984682,-0.0387858347386172,,,FALSE,TRUE,0.0643926709890366,0.498373717069626,0.341247046785528,0.937989434431324,0.937989434431324,-2.418684878002,0.0254385986479508,,,,-0.262705853189318,,0.273219078779221,FALSE,TRUE
1984-11-01,163.58,7.48,16.6133,-0.009841,-0.01495,0.1229,0.1348,0.1169,0.0118,0.0212,0.0861,0.0073,0.0457268614745079,0.04503582395087,0.101560704242572,0.450241673839635,0.747051995895504,0.0308,0.0119,0.0094,0,,-0.0218772065999758,0.00102028948732358,,,-0.001626786,,,,,,-1.52181281573622,,,-0.0405040618978347,-0.0421052631578948,,,FALSE,TRUE,0.0119528705254197,0.508065342903137,0.323964232256477,0.924065783746813,0.923663766314481,-2.3965805985353,0.0258640600750572,,,,-0.762199566831938,,0.231689855456352,FALSE,TRUE
1984-12-01,167.24,7.53,16.64,0.025556,0.021843,0.1213,0.134,0.117,0.0091,0.0128,0.0806,0.0064,0.0450251136091844,0.0460325223132412,0.0994977278163119,0.452524038461538,0.733098376486707,0.0364,0.0127,0.0037,0,,-0.0271967882191245,0.0011901054156351,,,-0.0011276635,,,,,,-1.50739170672102,,,-0.042433225162009,-0.0329670329670331,,,FALSE,TRUE,0.0983981266617775,0.504549384117126,0.32628588230296,0.941654231175776,0.941244561839652,-2.41647487600738,0.0224011835684079,,,,-0.526933781281054,,0.254675209522247,FALSE,TRUE
1985-01-01,179.63,7.57333,16.5567,0.076868,0.074737,0.1208,0.1326,0.1127,0.0364,0.0325,0.0776,0.0065,0.042160719256249,0.0452842023439369,0.0921711295440628,0.457417842927637,0.690255445806166,0.0351,0.0118,-0.0039,0.00189933523266861,,-0.0299050045543134,0.00163582065033295,,,-0.0015489468,,,,,,-1.66158188423624,,,-0.0448526746933391,-0.00189393939393934,,,FALSE,TRUE,0.0540270991623402,0.467750489711761,0.348849479491507,0.995474307994616,0.995474307994616,-2.49188591821735,0.0257337646055517,,,,-0.0189392786169627,,0.271037489175797,FALSE,TRUE
1985-02-01,181.19,7.61667,16.4733,0.014166,0.008886,0.1213,0.1323,0.1209,-0.0493,-0.0373,0.0827,0.0058,0.0420369225674706,0.0424019929855815,0.0909172691649649,0.462364553550291,0.691739160909962,0.0382,0.011,0.012,0.00473933649289093,,-0.0245189141981694,0.000745296335244076,,,-0.0015429552,,,,,,-1.67475918875603,,,-0.0443488225149835,0.00759013282732446,,,FALSE,TRUE,0.0533191375434399,0.472244709730148,0.357037747978037,0.989282852564103,0.989282852564103,-2.50674940301917,0.0232685491224047,,,,1.0522597454235,,0.242298573255539,FALSE,TRUE
1985-03-01,180.66,7.66,16.39,-0.000636,-0.00398,0.1256,0.1369,0.1181,0.0307,0.0179,0.0852,0.0062,0.0424000885641537,0.0422760638004305,0.09072290490424,0.467358145210494,0.723645779061873,0.0329,0.0113,-0.0128,0.00377358490566038,,-0.0248157711893807,0.000802285530218876,,,-0.0018750597,,,,,,-1.57784052195956,,,-0.0450781177746684,0.0659133709981168,,,FALSE,TRUE,0.0516162663698196,0.478580296039581,0.340099656258048,0.974926117473218,0.974926117473218,-2.51202332237131,0.0284892821714874,,,,1.0522597454235,,0.213205233216286,FALSE,TRUE
1985-04-01,179.83,7.68667,16.13,-0.003704,-0.005413,0.1223,0.1351,0.1162,0.0242,0.0296,0.0795,0.0072,0.0427440916421064,0.0425477139377837,0.0896958238336206,0.476544947303162,0.728661590067247,0.0367,0.0128,0.0054,0.00469924812030076,,-0.0224117923132986,0.00045988018255247,,,-0.0020781902,,,,,,-1.51528353289127,,,-0.049492404456462,-0.0247349823321554,,,FALSE,TRUE,-0.0196134876459837,0.47681537270546,0.319134458619698,0.968215121290481,0.968215121290481,-2.51955747311086,0.0247733852106303,,,,0.544265242759411,,0.170388549566269,FALSE,TRUE
1985-05-01,189.55,7.71333,15.87,0.06274,0.056847,0.1172,0.1315,0.1062,0.0896,0.082,0.0748,0.0066,0.0406928514903719,0.0428923427681699,0.0837246109206014,0.48603213610586,0.696892983936567,0.0314,0.0143,-0.0076,0.00374181478016822,,-0.025480930390304,0.000833860308762137,,,-0.0021886417,,,,,,-1.55560265484686,,,-0.0502712372177916,0.00905797101449268,,,FALSE,TRUE,0.0573226362466812,0.478038907051086,0.343768903894268,1,1,-2.58323005749826,0.0261637281075742,,,,1.0522597454235,,0.172932356595993,FALSE,TRUE
1985-06-01,191.85,7.74,15.61,0.016065,0.012925,0.1094,0.124,0.1055,0.0142,0.0083,0.0695,0.0055,0.0403440187646599,0.0408335531522026,0.0813656502475893,0.49583600256246,0.686430143920447,0.036,0.0146,-0.0059,0.00279589934762337,,-0.0266075126157986,0.000741520264745298,,,-0.0021959653,,,,,,-1.56888902159016,,,-0.0529843881183814,-0.0412926391382407,,,FALSE,TRUE,0.0501745827496052,0.477401971817017,0.300571604772928,1,1,-2.60556575059793,0.0205483470241728,,,,1.0522597454235,,0.16104282438755,FALSE,TRUE
1985-07-01,190.92,7.77333,15.4833,-0.003321,-0.005235,0.1097,0.1243,0.1091,-0.018,-0.0121,0.0708,0.0062,0.0407151162790698,0.0405177482408131,0.0810983658076681,0.502046075449032,0.680322089873465,0.0383,0.0146,0.0059,0.0018587360594795,,-0.024638662840564,0.00071862985257242,,,-0.0021281896,,,,,,-1.67469356366808,,,-0.0599514135933918,0.0161048689138577,,,FALSE,TRUE,0.0165454503148794,0.468438535928726,0.300418449699225,0.991107286288009,0.991107286288009,-2.610216866394,0.020945037226724,,,,1.0522597454235,,0.173204183578491,FALSE,TRUE
1985-08-01,188.63,7.80667,15.3567,-0.006473,-0.011871,0.1105,0.125,0.1068,0.0259,0.026,0.0714,0.0055,0.0413861527858771,0.0408897443955584,0.0814117584689604,0.508355961892855,0.68717625804904,0.0354,0.0145,9.99999999999994e-05,0.00185528756957321,,-0.0242274737166079,0.000629695328055788,,,-0.0022594762,,,,,,-1.52382696912705,,,-0.0591342427048946,0.028381865093992,,,FALSE,TRUE,0.0314887389540672,0.483825236558914,0.289548669374042,0.981221589655325,0.981221589655325,-2.60654125225446,0.0178714083328038,,,,0.00174576486049474,,0.175045028328896,FALSE,TRUE
1985-09-01,182.08,7.84,15.23,-0.033248,-0.036197,0.1107,0.1248,0.1082,-0.0021,0.0071,0.071,0.006,0.0430579964850615,0.0415628479033028,0.0836445518453427,0.514773473407748,0.689958829772021,0.0372,0.0141,0.0092,0.00277777777777777,,-0.0312943547748932,0.000865843071887142,,,-0.0021212744,,,,,,-1.53069748273464,,,-0.0579725112444436,0.0412186379928317,,,FALSE,TRUE,0.0467459298670292,0.489219397306442,0.282113845816313,0.977264368830634,0.977264368830634,-2.5798471558276,0.0195327135089679,,,,-0.79554838255516,,0.196122914552689,FALSE,TRUE
1985-10-01,189.82,7.86,15.0233,0.045079,0.042653,0.1102,0.1236,0.1051,0.0338,0.0329,0.0716,0.0065,0.0414076493520177,0.0431678383128295,0.0791449794542198,0.523187315702941,0.667025634682131,0.0335,0.0134,-0.000899999999999998,0.0036934441366574,,-0.0270693384531868,0.000911763977250239,,,-0.001917188,,,,,,-1.51113708788812,,,-0.0632993986151682,0.044750430292599,,,FALSE,TRUE,0.0630727931857109,0.480460196733475,0.285292190421487,0.999084016080607,0.999084016080607,-2.63396354671842,0.0191354641099108,,,,-0.808263300696594,,0.216566190123558,FALSE,TRUE
1985-11-01,202.17,7.88,14.8167,0.071887,0.06663,0.1055,0.1199,0.1011,0.0401,0.037,0.0724,0.0061,0.038977098481476,0.0415130123274681,0.0732883217094524,0.531832324336728,0.622703158009143,0.0287,0.0144,-0.0031,0.00275988960441587,,-0.0277158770636969,0.000943068413508515,,,-0.0018144765,,,,,,-1.65766428744382,,,-0.0619959665322893,-0.0187808896210874,,,FALSE,TRUE,0.0712235867977142,0.489104360342026,0.299458642226379,0.997587569204914,0.997587569204914,-2.70666218175183,0.0212139142743441,,,,0.523580199281954,,0.224095925688744,FALSE,TRUE
1985-12-01,211.28,7.9,14.61,0.048156,0.045156,0.1016,0.1158,0.0956,0.0541,0.0469,0.071,0.0065,0.0373911397198031,0.0390760251273681,0.0691499432033321,0.54072553045859,0.59269268816231,0.0246,0.0142,-0.00720000000000001,0.00275229357798157,,-0.0194650792055204,0.00123007553629284,,,-0.001721356,,,,,,-1.76077213865295,,,-0.0546165559636522,-0.10913364674278,,,FALSE,TRUE,0.0387687049806118,0.478749513626099,0.305075138156234,0.995859893116992,0.995859893116992,-2.76003821920575,0.0208815330923086,,,,1.0522597454235,,0.209546074271202,FALSE,TRUE
1986-01-01,211.78,7.94,14.58,0.004706,0.002962,0.1005,0.1144,0.0958,-0.0025,0.0045,0.0707,0.0056,0.0374917367079044,0.0375804619462325,0.0688450278590991,0.544581618655693,0.583517399856142,0.0251,0.0139,0.007,0.00274473924977126,,-0.0191717740746222,0.00192015839500024,,,-0.0018472645,,,,,,-1.77205675280095,,,-0.0512967180379,-0.289483603467772,,,FALSE,TRUE,0.00247119599953294,0.467928022146225,0.281775500803577,1,1,-2.76381657145968,0.0199771459226021,,,,1.0522597454235,,0.254521250724792,FALSE,TRUE
1986-02-01,226.92,7.98,14.55,0.076525,0.071556,0.0967,0.1111,0.0841,0.1145,0.0752,0.0706,0.0053,0.0351665785298784,0.0376806119558032,0.0641195134849286,0.548453608247423,0.536376721706669,0.0135,0.0144,-0.0393,-0.00273722627737227,,-0.0179142601693311,0.00108929019728098,,,-0.0019917179,,,,,,-1.77881193626293,,,-0.0605371229245684,-0.297082228116711,,,FALSE,TRUE,0.0613221637904644,0.461770117282867,0.286774570044077,0.997123670499828,0.997123670499828,-2.83042814697994,0.0212756129294128,,,,1.0522597454235,,0.237788513302803,FALSE,TRUE
1986-03-01,238.9,8.02,14.52,0.055832,0.05332,0.09,0.105,0.0766,0.077,0.0256,0.0656,0.006,0.0335705316031812,0.0353428521064692,0.0607785684386773,0.552341597796143,0.519627627693678,0.011,0.015,-0.0514,-0.00457456541628543,,-0.0164196183723706,0.00137373440929164,,,-0.0019183155,,,,,,-1.89888574734378,,,-0.0698781671714004,-0.212830188679245,,,FALSE,TRUE,0.0668021440505981,0.446136564016342,0.299356625367172,0.998292822168061,0.998292822168061,-2.87543997145237,0.0218630665976483,,,,1.0522597454235,,0.223055854439735,TRUE,TRUE
1986-04-01,235.52,8.04667,14.5833,-0.013348,-0.015054,0.0879,0.1019,0.0782,-0.008,0.0016,0.0606,0.0052,0.0341655485733696,0.0336821682712432,0.061919582201087,0.551772918338099,0.529714458682272,0.0176,0.014,0.0096,-0.00183823529411764,,-0.0245847813890659,0.00245894571257167,,,-0.0022293278,,,,,,-1.85371687180736,,,-0.0706342522973902,0.279961649089166,,,FALSE,TRUE,0.00305485143326223,0.467935055494308,0.30453636382275,0.961247912064228,0.961247912064228,-2.85237726077046,0.0238907222469318,,,,1.0522597454235,,0.241173282265663,TRUE,TRUE
1986-05-01,247.35,8.07333,14.6467,0.055326,0.050804,0.0909,0.1029,0.0848,-0.0505,-0.0164,0.0615,0.0049,0.0326392965433596,0.0342787449048913,0.0592144734182333,0.551204708227792,0.503540770817015,0.0233,0.012,0.0341,0.00276243093922668,,-0.021871957856734,0.00136993106863812,,,-0.0022166983,,,,,,-1.7230327258912,,,-0.0713431231446284,0.0749063670411985,,,FALSE,TRUE,0.0724321901798248,0.450706630945206,0.300808495370106,0.997003745318352,0.997003745318352,-2.90086152793186,0.0230074442243355,,,,1.0522597454235,,0.265840619802475,TRUE,TRUE
1986-06-01,250.84,8.1,14.71,0.015744,0.01331,0.0913,0.1034,0.079,0.0613,0.0218,0.0621,0.0052,0.0322915005581247,0.0327471194663432,0.0586429596555573,0.550645819170632,0.499281457373515,0.0169,0.0121,-0.0395,0.00550964187327829,,-0.0122932384696756,0.00159651853384667,,,-0.002562187,,,,,,-1.71355765279471,,,-0.0775614068940778,-0.10801393728223,,,FALSE,TRUE,0.0404995679855347,0.463532716035843,0.349511688529476,1,1,-2.91139522354828,0.0234066012497511,,,,1.0522597454235,,0.295726805925369,TRUE,TRUE
1986-07-01,236.12,8.14333,14.7567,-0.057541,-0.059378,0.0888,0.1016,0.0809,-0.0108,0.0031,0.0583,0.0052,0.0344880992715568,0.0324642401530856,0.0624966118922582,0.551839503412009,0.532301400882099,0.0226,0.0128,0.0139,0,,-0.0112860350530097,0.00241582431472473,,,-0.0023567229,,,,,,-1.81022876121203,,,-0.0732260553188233,-0.1109375,,,FALSE,TRUE,-0.00146034627687186,0.452827572822571,0.32740461738865,0.929953955673824,0.929953955673824,-2.84310139708161,0.025368923651055,,,,1.0522597454235,,0.292836308479309,FALSE,TRUE
1986-08-01,252.93,8.18667,14.8033,0.074417,0.070076,0.0872,0.1018,0.0763,0.0499,0.0275,0.0553,0.0046,0.0323673348357253,0.0346716500084703,0.0585272605068596,0.553030067620058,0.497803343974209,0.021,0.0146,-0.0224,0.00182648401826491,,-0.00967695429452083,0.00126058458846673,,,-0.0026330017,,,,,,-1.7293563903406,,,-0.0772557979403308,0.395430579964851,,,FALSE,TRUE,0.0648699551820755,0.455465257167816,0.318982029290497,0.994400297533302,0.994400297533302,-2.90750881445124,0.0297227001316929,,,,1.0522597454235,,0.284926742315292,FALSE,TRUE
1986-09-01,231.32,8.23,14.85,-0.083243,-0.085664,0.0889,0.102,0.0827,-0.05,-0.0114,0.0521,0.0045,0.035578419505447,0.0325386470564978,0.0641967836762926,0.554208754208754,0.534629267133595,0.0306,0.0131,0.0386,0.0045578851412944,,-0.00513865822040124,0.00420738300139757,,,-0.00237943,,,,,,-1.82880914770488,,,-0.0768755395565748,-0.04911838790932,,,FALSE,TRUE,-0.0516714043915272,0.446420520544052,0.325101779841967,0.920753655500049,0.920753655500049,-2.81765760514174,0.0311175113063831,,,,0.537575721805273,,0.352106153964996,FALSE,TRUE
1986-10-01,243.98,8.24667,14.7267,0.056538,0.053813,0.0886,0.1024,0.0803,0.0289,0.0189,0.0518,0.0046,0.0338005984097057,0.0356504841777624,0.0603602754324125,0.559980851107173,0.503245802290967,0.0285,0.0138,-0.01,0.000907441016333888,,-0.00802546100396773,0.000990593829461961,,,-0.0022567755,,,,,,-1.62680130767003,,,-0.0747875055644229,0.0185430463576159,,,FALSE,TRUE,0.069033294916153,0.454587697982788,0.342039256836342,0.978173786665694,0.978173786665694,-2.87909336862202,0.0294703652461408,,,,0.770930226007962,,0.32791468501091,FALSE,TRUE
1986-11-01,249.22,8.26333,14.6033,0.024876,0.019717,0.0868,0.1007,0.0779,0.0267,0.0233,0.0535,0.0039,0.0331567691196533,0.0338688826953029,0.058596019581093,0.565853608430971,0.493671084456936,0.0244,0.0139,-0.0034,0.0009066183136901,,-0.00212537884996411,0.00173085654181795,,,-0.0024090172,,,,,,-1.69276363234525,,,-0.0729502955269297,-0.0162548764629389,,,FALSE,TRUE,0.00715128006413579,0.463500201702118,0.346323601394462,0.997145402170119,0.997145402170119,-2.90708088176355,0.024215590031128,,,,0.777954157722366,,0.356394290924072,FALSE,TRUE
1986-12-01,242.17,8.28,14.48,-0.027513,-0.030174,0.0849,0.0997,0.0789,-0.0018,0.0117,0.0553,0.0049,0.034190857661973,0.0332236578123746,0.0597927076020977,0.571823204419889,0.498430865792874,0.0236,0.0148,0.0135,0.000905797101449224,,-0.0113769727403972,0.00126234228555476,,,-0.0022403247,,,,,,-1.65708928844483,,,-0.0656682440828984,0.166556510244547,,,FALSE,TRUE,0.0711853057146072,0.472109973430634,0.358314706084751,0.969512725190098,0.969512725190098,-2.88555772970329,0.0213848400158999,,,,0.783645144149397,,0.269872397184372,FALSE,TRUE
1987-01-01,274.08,8.3,14.6867,0.135183,0.133724,0.0836,0.0972,0.0778,0.0161,0.0216,0.0543,0.0042,0.0302831290134267,0.0342734442746831,0.0535854495037945,0.565137164917919,0.437897351300254,0.0235,0.0136,0.0055,0.00633484162895925,,-0.00584152222582875,0.00247822743452412,,,-0.0020474996,,,,,,-1.86436035850881,,,-0.0713155570288224,0.0566572237960341,,,TRUE,TRUE,0.0125275487080216,0.417513519525528,0.369167959147464,0.997527029338215,0.997527029338215,-2.99488374490404,0.0220358831672573,,,,1.0522597454235,,0.323073655366898,FALSE,TRUE
1987-02-01,284.2,8.32,14.8933,0.041778,0.037845,0.0838,0.0965,0.0763,0.0202,0.0058,0.0559,0.0043,0.0292751583391977,0.0303561004086398,0.0524042927515834,0.558640462489844,0.424911982517907,0.0204,0.0127,-0.0144,0.00359712230215825,,-0.00450676746230271,0.00141224660778032,,,-0.0020419471,,,,,,-1.79875452284548,,,-0.0603703140923102,-0.0991957104557639,,,FALSE,TRUE,0.0656886920332909,0.432293236255646,0.373908162968804,0.991043139981017,0.991043139981017,-3.01875914009052,0.0265266001702943,,,,1.0522597454235,,0.287921071052551,FALSE,TRUE
1987-03-01,291.7,8.34,15.1,0.026336,0.023832,0.0836,0.0961,0.0795,-0.0223,-0.0087,0.0559,0.0047,0.0285910181693521,0.0293455313159747,0.0517655125128557,0.552317880794702,0.428040213651294,0.0236,0.0125,0.0136,0.00448028673835132,,-0.00221824151176243,0.00197109526366492,,,-0.0020372883,,,,,,-1.79672936754824,,,-0.0610688786953872,0.12202380952381,,,FALSE,TRUE,-0.00179977738298476,0.437353014945984,0.367159786495845,0.971381486055323,0.971381486055323,-3.03102350487283,0.0282022156969471,,,,1.0522597454235,,0.282669246196747,FALSE,TRUE
1987-04-01,288.36,8.4,14.8733,-0.009045,-0.011093,0.0885,0.1004,0.0859,-0.0473,-0.0502,0.0564,0.0044,0.029130253849355,0.0287967089475489,0.0515789291163823,0.564770427544661,0.431471859199776,0.0295,0.0119,-0.0029,0.00535236396074934,,0.00449217994456333,0.00419390625755463,,,-0.0017254676,,,,,,-1.89487353687454,,,-0.0568996144318552,-0.00689655172413806,,,FALSE,TRUE,0.0547443479299545,0.430615782737732,0.364654824549239,0.950456030662554,0.950456030662554,-3.04178824952673,0.0258603927805212,,,,1.0522597454235,,0.335734844207764,FALSE,TRUE
1987-05-01,290.1,8.46,14.6467,0.009128,0.005199,0.0933,0.1051,0.088,-0.0105,-0.0052,0.0566,0.0038,0.0291623578076525,0.0293383270911361,0.0504884522578421,0.577604511596469,0.430490886161016,0.0314,0.0118,0.0053,0.0035492457852706,,0.00694013831519377,0.00248923391070772,,,-0.001669804,,,,,,-1.76801287510062,,,-0.0527347882048179,0.0352564102564104,,,FALSE,TRUE,0.053186621516943,0.423674941062927,0.357986527022955,0.952621864529378,0.952621864529378,-3.06860393531477,0.0216233042827764,,,,1.0522597454235,,0.361305952072144,FALSE,TRUE
1987-06-01,304,8.52,14.42,0.05014,0.047654,0.0932,0.1052,0.0877,0.0098,0.0155,0.0567,0.0048,0.0280263157894737,0.0293691830403309,0.0474342105263158,0.590846047156727,0.407892397448037,0.031,0.012,0.0057,0.00353669319186567,,0.00520167958522188,0.00107042120491483,,,-0.0017502493,,,,,,-1.68321528760915,,,-0.049702790005643,0.0469556243550051,,,FALSE,TRUE,0.0286563765257597,0.439811408519745,0.392372936361768,0.986732216805043,0.986732216805043,-3.12906947256687,0.0215986946154319,,,,1.0522597454235,,0.347015768289566,FALSE,TRUE
1987-07-01,318.66,8.56667,14.9,0.049843,0.047883,0.0942,0.1061,0.0907,-0.0178,-0.0119,0.0569,0.0046,0.0268834180631394,0.0281798355263158,0.0467583003828532,0.574944295302013,0.383543216164412,0.0338,0.0119,0.0059,0.00264317180616747,,0.00188144803656073,0.000818159983134963,,,-0.0016543335,,,,,,-1.6729089631996,,,-0.0450358462033655,0.0522424839822573,,,FALSE,TRUE,0.0749093219637871,0.428997278213501,0.386099258381145,1,1,-3.14388254199574,0.0228106251526125,,,,1.0522597454235,,0.251568585634232,FALSE,TRUE
1987-08-01,329.8,8.61333,15.38,0.039108,0.035441,0.0967,0.108,0.0936,-0.0165,-0.0075,0.0604,0.0047,0.0261168283808369,0.0270298437205799,0.0466343238326258,0.560034460338101,0.370453820011641,0.0332,0.0113,0.009,0.00527240773286475,,0.00199670955036724,0.00177612861890965,,,-0.001639377,,,,,,-1.79810371510584,,,-0.0396839769052439,-0.0758782201405153,,,FALSE,TRUE,0.0410203896462917,0.429648876190186,0.402356146522705,0.978155464623386,0.978155464623386,-3.14939187982418,0.0225588382468669,,,,1.0522597454235,,0.223251551389694,FALSE,TRUE
1987-09-01,321.83,8.66,15.86,-0.02194,-0.024079,0.1018,0.1131,0.0992,-0.0369,-0.0422,0.064,0.0045,0.026908616350247,0.0262583383869012,0.0492806761333623,0.546027742749054,0.379966721617083,0.0352,0.0113,-0.0053,0.00524475524475521,,0.00634958876959292,0.00253483064946266,,,-0.002827205,,,,,,-1.76469145907423,,,-0.0378745057000804,-0.00709579320831222,,,FALSE,TRUE,0.0845761373639107,0.44592958688736,0.388557889039287,0.953666223433563,0.953666223433563,-3.1002467422599,0.0212989208344827,,,,1.0522597454235,,0.282686710357666,FALSE,TRUE
1987-10-01,251.79,8.71,16.4067,-0.215795,-0.217944,0.1052,0.1162,0.0926,0.0623,0.0507,0.0613,0.006,0.0345923189959887,0.0270639778765187,0.0651602525914453,0.530880676796675,0.494850842475408,0.0313,0.011,-0.0116,0.00260869565217381,,0.0104777393742822,0.0709451379165611,,,-0.0029006428,,,,,,-2.18389734594952,,,-0.0267594039666452,0.0188871873404799,,,FALSE,TRUE,-0.082208089530468,0.406068742275238,0.379538251960314,0.732263941640158,0.732263941640158,-2.82184261376778,0.0295373068210668,,,,-0.572135194660373,,0.668625473976135,FALSE,TRUE
1987-11-01,230.3,8.76,16.9533,-0.081874,-0.086541,0.1001,0.1123,0.0931,0.0037,0.0125,0.0569,0.0035,0.0380373425966131,0.0347908971762183,0.0736139817629179,0.516713560191821,0.538027324043522,0.0362,0.0122,0.0088,0.000867302688638327,,0.00989844098676922,0.00678545470011259,,,-0.0027874932,,,,,,-1.87845424466713,,,-0.0240079418669161,-0.0726452905811623,,,FALSE,TRUE,-0.0371055714786053,0.422109395265579,0.364993303880637,0.673500047751633,0.673500047751633,-2.69381276870235,0.0326757549757961,,,,-2.42088415846562,,0.65831983089447,TRUE,TRUE
1987-12-01,247.08,8.81,17.5,0.073922,0.071025,0.1011,0.1129,0.092,0.0165,0.0212,0.0577,0.0039,0.0356564675408775,0.0382544507164568,0.0708272624251255,0.503428571428571,0.50881201549388,0.0343,0.0118,0.0047,0,,0.013274757067494,0.00685218788162044,,,-0.0027006902,,,,,,-1.797741227482,,,-0.0205259697998015,-0.0977849810913021,,,FALSE,TRUE,0.0281281024217606,0.431780487298965,0.402798693792979,0.712171523864797,0.712171523864797,-2.73359723881136,0.0386653137841652,,,,-2.18814491064458,,0.652841746807098,FALSE,TRUE
1988-01-01,257.07,8.85667,17.8633,0.042712,0.041086,0.0988,0.1107,0.0852,0.0666,0.0517,0.0581,0.0029,0.0344523670595558,0.0358453537315849,0.0694880771774225,0.495802567274804,0.503773835421965,0.0271,0.0119,-0.0149,0.00259965337954937,,0.0084227426641407,0.00915750796217449,,,-0.0024314059,,,,,,-1.73815887560414,,,-0.0228296431687154,0.0143712574850301,,,FALSE,TRUE,-0.0489702820777893,0.43365204334259,0.393440806091575,0.719293863547873,0.719293863547873,-2.74974567361868,0.0321300702575467,,,,-1.90668330650046,,0.497072130441666,FALSE,TRUE
1988-02-01,267.82,8.90333,18.2267,0.047445,0.040574,0.094,0.1062,0.0854,0.0052,0.0138,0.0566,0.0046,0.0332437084609066,0.0346338740420897,0.0680557837353446,0.488477343677133,0.476197372104923,0.0288,0.0122,0.0086,0.00259291270527218,,0.00879226404385654,0.00196734626273661,,,-0.0024640666,,,,,,-1.59434799974986,,,-0.0199331274759569,-0.0507674144037782,,,FALSE,TRUE,0.0765751972794533,0.442842125892639,0.398637573600415,0.760947980105935,0.760947980105935,-2.76633115865468,0.0317479193654614,,,,-1.10614224981088,,0.462992250919342,FALSE,TRUE
1988-03-01,258.89,8.95,18.59,-0.030847,-0.033368,0.0939,0.1057,0.0901,-0.0307,-0.0188,0.057,0.0044,0.0345706670786821,0.0334179672914644,0.071806558770134,0.481441635287789,0.507529953824331,0.0331,0.0118,0.0119,0.0043103448275863,,0.00608002965716853,0.0016591988172579,,,-0.0025722006,,,,,,-1.61700120216227,,,-0.0195671512669229,0.0621890547263682,,,FALSE,TRUE,0.04262974858284,0.436891973018646,0.392069478031713,0.730254699862622,0.730254699862622,-2.71416057127327,0.0315914772613859,,,,-1.352211672155,,0.428733468055725,TRUE,TRUE
1988-04-01,261.33,9.04333333333333,19.6166666666667,0.010516,0.008773,0.0967,0.109,0.0929,-0.016,-0.0149,0.0591,0.0046,0.0346050332274646,0.0349311805528732,0.0750647329685328,0.461002548853016,0.496474489871232,0.0338,0.0123,0.0011,0.0051502145922746,,0.00506367053650751,0.0034595610700595,,,-0.0028162559,,,,,,-1.6154780161471,,,-0.0158777090382207,0.0532786885245902,,,FALSE,TRUE,-0.0642061084508896,0.453494340181351,0.39078270676032,0.746515967411347,0.746515967411347,-2.67301001531553,0.0282392862048743,,,,-1.10614224981088,,0.347987145185471,TRUE,TRUE
1988-05-01,262.16,9.13666666666667,20.6433333333333,0.008012,0.002882,0.099,0.1104,0.0952,-0.0102,-0.0057,0.0626,0.0051,0.0348514901841115,0.0349621806400592,0.0787432611128064,0.442596479896658,0.496770254834771,0.0326,0.0114,0.0045,0.00341588385994873,,0.00134730494738835,0.0025557731666024,,,-0.002696618,,,,,,-1.518619240703,,,-0.0199870094733772,-0.0250138966092273,,,FALSE,TRUE,0.14645329117775,0.464189827442169,0.388061992925119,0.746071509906627,0.746071509906627,-2.62856562173027,0.0262107233039076,,,,-0.837527648536772,,0.390119552612305,FALSE,TRUE
1988-06-01,273.5,9.23,21.67,0.047676,0.045068,0.0986,0.11,0.0917,0.0368,0.0379,0.0646,0.0049,0.0337477148080439,0.035207506866036,0.0792321755027422,0.425934471619751,0.471118872302973,0.0271,0.0114,0.0011,0.00425531914893607,,-0.00539792451421511,0.00236130770322296,,,-0.002646697,,,,,,-1.59151360716211,,,-0.0191771999992056,-0.135689851767389,,,FALSE,TRUE,0.0477178208529949,0.448449790477753,0.358514983063362,0.786693456557034,0.786693456557034,-2.62081628813124,0.0221565401434876,,,,-0.00397938787672241,,0.43259608745575,FALSE,TRUE
1988-07-01,272.02,9.30666666666667,22.0233333333333,-0.004458,-0.007393,0.0996,0.1111,0.0947,-0.017,-0.0111,0.0673,0.0051,0.034213170600201,0.0340280316879951,0.080962184153126,0.422582109883457,0.473991534858813,0.0274,0.0115,0.0059,0.00423728813559321,,-0.00282312930756674,0.00191061872182707,,,-0.0028339008,,,,,,-1.48702853400668,,,-0.0211134970549711,0.0758575197889182,,,FALSE,TRUE,0.13619002699852,0.470127195119858,0.34543513223326,0.781925639688219,0.781925639688219,-2.60050109914075,0.0218921063155833,,,,0.546488855630011,,0.405833095312119,FALSE,TRUE
1988-08-01,261.52,9.38333333333333,22.3766666666667,-0.032488,-0.03729,0.1011,0.1121,0.095,0.0058,0.0054,0.0706,0.0059,0.0358799836851229,0.034495012621621,0.0855638829407566,0.419335617458662,0.496640661531268,0.0244,0.011,-0.000399999999999999,0.00421940928270037,,-0.00623974840184025,0.00139031933549664,,,-0.0028375883,,,,,,-1.4629308024611,,,-0.0181911168327868,-0.0637645616186389,,,FALSE,TRUE,0.0268416497856379,0.467289745807648,0.335044795547234,0.769275915471092,0.7462661896401,-2.54705219011288,0.0217670596107795,,,,0.27046620505514,,0.376214027404785,FALSE,TRUE
1988-09-01,271.91,9.46,22.73,0.042739,0.040086,0.0982,0.109,0.0917,0.0345,0.0326,0.0724,0.0062,0.0347909234673237,0.0361731416335271,0.0835938361958001,0.416190057193137,0.477540453687095,0.0193,0.0108,-0.00190000000000001,0.00672268907563023,,-0.0100015136345005,0.00119273977352591,,,-0.0026083753,,,,,,-1.44381942348583,,,-0.0233961398157403,-0.0884086444007859,,,FALSE,TRUE,0.0974666848778725,0.481083542108536,0.345989779819877,0.800290131733442,0.776114633304193,-2.56777968449182,0.0207918143869366,,,,0.816993959872619,,0.349083423614502,FALSE,TRUE
1988-10-01,278.97,9.55666666666667,23.07,0.026891,0.023328,0.0951,0.1041,0.0889,0.0308,0.0273,0.0735,0.0061,0.0342569690886714,0.0351464332561019,0.0826970642004517,0.414246496171074,0.469597188932586,0.0154,0.00899999999999999,-0.0035,0.003338898163606,,-0.0104624704893103,0.00163154235202854,,,-0.0023128648,,,,,,-1.47597070541775,,,-0.0211660836172358,-0.0244252873563219,,,FALSE,TRUE,0.0850720033049583,0.493693232536316,0.335729860153671,0.984039386306389,0.789242659104767,-2.5769123254063,0.0227878632654816,,,,1.0522597454235,,0.321253895759583,FALSE,TRUE
1988-11-01,273.7,9.65333333333333,23.41,-0.014355,-0.01977,0.0945,0.1048,0.0923,-0.0196,-0.0169,0.0776,0.0057,0.0352697600779442,0.0346034818558746,0.0855316039459262,0.412359390573829,0.477179110053866,0.0147,0.0103,0.0027,0.000831946755407653,,-0.00776495602158301,0.00134799665887781,,,-0.002435042,,,,,,-1.46842276970953,,,-0.0208178987896517,0.128129602356406,,,FALSE,TRUE,0.0409954823553562,0.511491596698761,0.323998677281329,0.968403938630639,0.776702345707128,-2.54467999095692,0.022256235778368,,,,1.0522597454235,,0.324829787015915,FALSE,TRUE
1988-12-01,277.72,9.75,23.75,0.018553,0.015184,0.0957,0.1065,0.0918,0.011,0.0039,0.0807,0.0063,0.0351073023188823,0.035622944830106,0.0855177876998416,0.410526315789474,0.465283573968099,0.0111,0.0108,-0.0071,0.00166251039068999,,-0.0214057483497335,0.000628110884002706,,,-0.0022913172,,,,,,-1.40658576150894,,,-0.0183622509397399,0.12532637075718,,,FALSE,TRUE,0.0546721331775188,0.507161557674408,0.319537373639802,0.993162354018777,0.796559678521316,-2.54621724308334,0.0213697856509375,,,,1.0522597454235,,0.301459103822708,FALSE,TRUE
1989-01-01,297.47,9.837,24.1533333333333,0.072303,0.069633,0.0962,0.1065,0.0903,0.0203,0.0202,0.0827,0.0055,0.0330688808955525,0.0354205674780354,0.0811958628881344,0.407272978194866,0.43076949349363,0.00760000000000001,0.0103,-9.99999999999994e-05,0.00497925311203318,,-0.0223605084706944,0.000964572944214024,,,-0.0025423857,,,,,,-1.45405007924867,,,-0.0174766537034543,-0.0121809744779581,,,FALSE,TRUE,0.0566094256937504,0.470170885324478,0.338331814162291,1,0.860381572277606,-2.59789402638757,0.0192324013613871,,,,1.0522597454235,,0.285153836011887,FALSE,TRUE
1989-02-01,288.86,9.924,24.5566666666667,-0.025031,-0.029187,0.0964,0.1061,0.0935,-0.0179,-0.0129,0.0853,0.0061,0.0343557432666344,0.0333613473627593,0.085012347388585,0.404126510112665,0.446778457219524,0.00820000000000001,0.0097,0.005,0.0041288191577209,,-0.0248233698833431,0.0011760790014063,,,-0.0022795386,,,,,,-1.494708425302,,,-0.0239674930096054,0.0657662947739281,,,FALSE,TRUE,0.0503882057964802,0.473170131444931,0.33554557415033,0.962188024574589,0.829552383541114,-2.5526948839505,0.020166825296318,,,,1.0522597454235,,0.280160963535309,FALSE,TRUE
1989-03-01,294.87,10.011,24.96,0.023038,0.02044,0.098,0.1067,0.0929,0.0122,0.0064,0.0882,0.0067,0.033950554481636,0.0346569272311847,0.0846474717672195,0.401081730769231,0.468691413573303,0.0047,0.0087,-0.0058,0.00575657894736836,,-0.0231021330000432,0.00128645193439678,,,-0.0023804474,,,,,,-1.46894887295441,,,-0.0235218176122727,0.122865013774105,,,FALSE,TRUE,0.00885760132223368,0.467149704694748,0.327566037963725,0.977197781129374,0.842493076013253,-2.55873504417302,0.0205799888937091,,,,1.0522597454235,,0.317427158355713,FALSE,TRUE
1989-04-01,309.64,10.13,25.0466666666667,0.051707,0.049899,0.0979,0.1061,0.0918,0.0159,0.0213,0.0865,0.0067,0.0327154114455497,0.0343541221555262,0.0808896352753736,0.404445035932925,0.444435257152307,0.0053,0.00820000000000001,0.0054,0.00654129190515129,,-0.0228019654319506,0.000955583695708238,,,-0.0026446865,,,,,,-1.46259893019043,,,-0.0257195219341924,0.00196270853778224,,,FALSE,TRUE,0.0870601609349251,0.487916171550751,0.341071846255263,0.999921454822054,0.888474225137929,-2.60249729122432,0.0198480014759927,,,,1.0522597454235,,0.318885058164597,FALSE,TRUE
1989-05-01,320.52,10.249,25.1333333333333,0.041022,0.035451,0.0957,0.1046,0.0878,0.0401,0.0379,0.0843,0.0079,0.0319761637339324,0.03309972871722,0.0784142435209451,0.407785145888594,0.43344152571417,0.0035,0.00890000000000001,-0.00219999999999999,0.00568643379366374,,-0.0277140575534405,0.00107305555710506,,,-0.0027039558,,,,,,-1.46203071499224,,,-0.033464931589628,-0.0254652301665036,,,FALSE,TRUE,0.0589514151215553,0.481314331293106,0.343022618174639,0.991259062677357,0.911009322587992,-2.63064215758203,0.0186109817730191,,,,1.0522597454235,,0.28866508603096,FALSE,TRUE
1989-06-01,317.98,10.368,25.22,-0.005611,-0.00794,0.091,0.1003,0.0821,0.055,0.0395,0.0815,0.0071,0.0326058242656771,0.0323474354174466,0.0793131643499591,0.411102299762094,0.44056293697696,0.000600000000000003,0.0093,-0.0155,0.00242326332794818,,-0.0239480686706263,0.00142953030261523,,,-0.0026943259,,,,,,-1.52617581327083,,,-0.0355812225170817,0.0185929648241208,,,FALSE,TRUE,0.00333495135419071,0.476373642683029,0.345699840847707,0.963738264602843,0.896283453691936,-2.6139014359418,0.0198962129915949,,,,1.0522597454235,,0.274770677089691,FALSE,TRUE
1989-07-01,346.08,10.49,24.71,0.090053,0.088194,0.0893,0.0987,0.0801,0.0238,0.0178,0.0788,0.007,0.0303109107720758,0.0329894961947292,0.0713996763754045,0.424524484014569,0.404035089038058,0.00130000000000001,0.00940000000000001,-0.006,0.00241740531829171,,-0.0285362170676497,0.00101882568172996,,,-0.0025756293,,,,,,-1.49092522132104,,,-0.0473114775106982,-0.096694622594968,,,FALSE,TRUE,0.0871305465698242,0.47668331861496,0.357765529840725,1,0.977314301246685,-2.71660815138088,0.0233351051035806,,,,1.0522597454235,,0.266453772783279,FALSE,TRUE
1989-08-01,351.45,10.612,24.2,0.019853,0.015516,0.0896,0.0988,0.0841,-0.0259,-0.0163,0.079,0.0074,0.0301949068146251,0.030663430420712,0.0688575899843505,0.438512396694215,0.392727060173092,0.00509999999999999,0.0092,0.0096,0.00160771704180052,,-0.0248221511404476,0.00138045073180265,,,-0.0026672979,,,,,,-1.53520318399822,,,-0.0395932432139352,0.028399781540142,,,FALSE,TRUE,0.0658716410398483,0.46953496336937,0.346273431029672,0.997780094482678,0.997780094482678,-2.75369386177586,0.0235263856904575,,,,1.0522597454235,,0.268835723400116,FALSE,TRUE
1989-09-01,349.15,10.734,23.69,-0.004004,-0.006616,0.0901,0.0991,0.0847,0.0019,0.004,0.0775,0.0065,0.0307432335672347,0.0305420401195049,0.0678504940569956,0.453102574926129,0.399209750373215,0.0072,0.00900000000000001,0.0021,0.0032102728731942,,-0.0257470998273768,0.000550191694917506,,,-0.0027566186,,,,,,-1.45904035781849,,,-0.0447606862438983,0.0690387679235263,,,FALSE,TRUE,0.072148822247982,0.483304500579834,0.351311952321037,0.978463640360599,0.978463640360599,-2.76916736583274,0.0217421721158577,,,,1.0522597454235,,0.233048260211945,FALSE,TRUE
1989-10-01,340.36,10.841,23.4166666666667,-0.023639,-0.025668,0.0892,0.0981,0.081,0.0379,0.0276,0.0764,0.0068,0.0318515689270184,0.0310496921094086,0.0687997022760215,0.462960854092527,0.406414928849033,0.00460000000000001,0.00890000000000001,-0.0103,0.00479999999999992,,-0.0243506374002192,0.00563591082118158,,,-0.0025489149,,,,,,-1.6416617337279,,,-0.0481340113807613,-0.00943864878291101,,,FALSE,TRUE,-0.108373917639256,0.478975653648376,0.354963495046676,0.947578463930415,0.947578463930415,-2.7536094908779,0.0213072707647511,,,,0.806190323079379,,0.400222480297089,FALSE,TRUE
1989-11-01,345.99,10.948,23.1433333333333,0.020479,0.016641,0.0889,0.0981,0.0808,0.0078,0.007,0.0769,0.0069,0.0316425330211856,0.0321659419438242,0.0668901798703238,0.473051994814921,0.397225701796199,0.00389999999999999,0.0092,-0.000799999999999999,0.00238853503184733,,-0.0270327711506027,0.000844808779686856,,,-0.0026664039,,,,,,-1.52560566039226,,,-0.0467813165160189,-0.00401203610832501,,,FALSE,TRUE,0.012372212484479,0.503068923950195,0.368010385778789,0.969499285307425,0.969499285307425,-2.78045972320813,0.0205898046328614,,,,0.780398234875467,,0.394198447465897,FALSE,TRUE
1989-12-01,353.4,11.055,22.87,0.022657,0.019988,0.0886,0.0982,0.0816,-6e-04,6e-04,0.0763,0.0061,0.0312818336162988,0.0319517905141767,0.0647142048670062,0.483384346305203,0.390454743571117,0.00530000000000001,0.00960000000000001,0.0012,0.0015885623510723,,-0.012333538177131,0.000923422844366577,,,-0.0029288342,,,,,,-1.5448047004457,,,-0.043328836370411,0.0986908358509568,,,FALSE,TRUE,0.0302629470825195,0.500022292137146,0.377468078953735,0.986311577303227,0.986311577303227,-2.81325301302681,0.0218328251575147,,,,1.0522597454235,,0.389983266592026,FALSE,TRUE
1990-01-01,329.08,11.1426666666667,22.47,-0.067661,-0.069407,0.0899,0.0994,0.0865,-0.0343,-0.0191,0.0764,0.0057,0.0338600542927758,0.0315299000188644,0.0682812689923423,0.495890817386145,0.414971395925174,0.0101,0.00949999999999998,0.0152,0.0103092783505156,,-0.0138967899371501,0.00289204766424273,,,-0.0028601947,,TRUE,,TRUE,,-1.67298283891371,,,-0.0504123078498653,0.0403299725022914,,,FALSE,TRUE,0.049830824136734,0.465180218219757,0.359830930263122,0.921851146735939,0.921851146735939,-2.76302339369896,0.0205649529836748,,,,0.537575721805273,,0.307569950819016,FALSE,TRUE
1990-02-01,331.89,11.2303333333333,22.07,0.013381,0.008986,0.0922,0.1014,0.0876,-0.0025,-0.0012,0.0774,0.0057,0.0338375164462121,0.0341264535472631,0.0664979360631535,0.508850626793536,0.40917308973261,0.0102,0.0092,0.0013,0.00470957613814749,,-0.0117292031487585,0.0010085782506886,,,-0.0026738677,,TRUE,,TRUE,,-1.55844648420763,,,-0.0433805961572622,-0.0511013215859031,,,FALSE,TRUE,0.0583247989416122,0.476978421211243,0.349896547028321,0.934914506343078,0.934914506343078,-2.79188781951032,0.0211790237355819,,,,-0.332870139085668,,0.316859722137451,FALSE,TRUE
1990-03-01,339.94,11.318,21.67,0.026588,0.02436,0.0937,0.1021,0.0889,-0.0044,-0.0011,0.079,0.0064,0.0332941107254221,0.0341016601886167,0.0637465435076778,0.522288878634056,0.471333956360977,0.00990000000000001,0.00840000000000002,0.0033,0.00546874999999991,,-0.010291442803507,0.00103224470002074,,,-0.0023641623,,TRUE,,TRUE,,-1.52379434790536,,,-0.0404164130140989,-0.0584958217270194,,,FALSE,TRUE,0.00931629352271557,0.490471601486206,0.36152753168116,0.963368503460669,0.963368503460669,-2.83524945214166,0.0211945673746518,,,,-0.325462089784903,,0.33548030257225,FALSE,TRUE
1990-04-01,330.8,11.433,21.5333333333333,-0.024504,-0.026508,0.0946,0.103,0.0924,-0.0202,-0.0191,0.0777,0.0069,0.0345616686819831,0.0336324057186562,0.0650947198710197,0.53094427244582,0.480284256011081,0.0147,0.0084,0.0011,0.00155400155400165,,-0.0101492811710746,0.000966777383810098,,,-0.0023237108,,TRUE,,TRUE,,-1.52557049675295,,,-0.0450407736365941,-0.0853057199211046,,,FALSE,TRUE,0.00711433915421367,0.487902253866196,0.365948894685806,0.945415725139227,0.945415725139227,-2.81616107347399,0.0213799307379635,,,,-0.870876464259994,,0.27580052614212,FALSE,TRUE
1990-05-01,361.23,11.548,21.3966666666667,0.097419,0.092408,0.0947,0.1041,0.0883,0.0415,0.0385,0.0774,0.0068,0.0319685518921463,0.0349093107617896,0.0592328064298831,0.539710235239134,0.443569973510947,0.0109,0.00939999999999999,-0.003,0.00232738557020928,,-0.00226180854238774,0.00136144671451629,,,-0.002431405,,TRUE,,TRUE,,-1.53047339420942,,,-0.0440010713015067,-0.0619946091644206,,,FALSE,TRUE,0.0454641245305538,0.501363396644592,0.374082454573864,0.999339947751654,0.999339947751654,-2.91025316169284,0.0248792273467252,,,,1.0522597454235,,0.292450308799744,FALSE,TRUE
1990-06-01,358.02,11.663,21.26,-0.006754,-0.008921,0.0926,0.1022,0.0864,0.023,0.0216,0.0773,0.0063,0.0325763923803139,0.0322869086177781,0.0593821574213731,0.548588899341486,0.442949432254078,0.0091,0.00960000000000001,-0.0014,0.00541795665634681,,-0.00050727477402563,0.00135082546029493,,,-0.0025342714,,TRUE,,TRUE,,-1.53996763150959,,,-0.0426085278272259,-0.0189655172413792,,,FALSE,TRUE,0.0503471158444881,0.493821382522583,0.356027216352207,0.981198205654844,0.981198205654844,-2.90515711605224,0.0247973676665689,,,,1.0522597454235,,0.307746946811676,FALSE,TRUE
1990-07-01,356.15,11.72,21.42,-0.004454,-0.006508,0.0924,0.102,0.086,0.0107,0.0102,0.0762,0.0068,0.0329074828021901,0.0327356013630523,0.0601431980906921,0.547152194211018,0.439212446647391,0.00979999999999999,0.0096,-0.000499999999999999,0.00384911470361815,,0.00488505779145544,0.00129843692973861,,,-0.0034740157,,TRUE,,TRUE,,-1.55358295885107,,,-0.0463467831034565,0.208553016988869,,,FALSE,TRUE,0.0296328365802765,0.485069781541824,0.361540797723669,0.96848070672556,0.96848070672556,-2.8923303764688,0.0249602624494252,,,,0.00174576486049474,,0.279052317142487,FALSE,TRUE
1990-08-01,322.56,11.777,21.58,-0.090801,-0.094897,0.0941,0.1041,0.092,-0.0419,-0.0292,0.0745,0.0066,0.0365110367063492,0.0330675277270813,0.0669022817460317,0.545736793327155,0.488073562937009,0.0175,0.01,0.0127,0.00920245398773001,,0.00143921077530767,0.00582778915934253,,,-0.0038832506,,TRUE,,TRUE,,-1.75878416533011,,,-0.0448455057951778,0.323315559864275,,,FALSE,TRUE,0.0291125196963549,0.460940003395081,0.356513919445205,0.871525960496708,0.871525960496708,-2.78840368959366,0.0242102350516007,,,,-2.14052508457169,,0.373057037591934,FALSE,TRUE
1990-09-01,306.05,11.834,21.74,-0.048959,-0.051213,0.0956,0.1064,0.0914,0.0117,0.0091,0.0736,0.006,0.0386668844959974,0.036687748015873,0.0710341447475903,0.544342226310948,0.520289665970772,0.0178,0.0108,-0.0026,0.00835866261398177,,0.00137287945272343,0.00198479148692063,,,-0.0032591891,,TRUE,,TRUE,,-1.56666807491899,,,-0.0467508179379115,0.44981684981685,,,FALSE,TRUE,0.0393805950880051,0.482022941112518,0.358425477831006,0.817561463455288,0.817561463455288,-2.72976261797389,0.0266657618577467,,,,-2.68533577651543,,0.358000904321671,FALSE,TRUE
1990-10-01,304,11.918,21.6066666666667,-0.003597,-0.00611,0.0953,0.1074,0.0898,0.0215,0.0132,0.0717,0.0068,0.0392039473684211,0.0389413494527038,0.0710745614035088,0.551589015735884,0.522451920911589,0.0181,0.0121,-0.0083,0.00602863602110038,,-0.000470683602800852,0.00449276394788304,,,-0.0026211334,,TRUE,,TRUE,,-1.6189367516082,,,-0.0545881249063704,-0.109398686205154,,,FALSE,TRUE,0.0591860860586166,0.483690559864044,0.34861138823839,0.814177848154013,0.814177848154013,-2.72763137621573,0.0301524275036717,,,,-2.68533577651543,,0.38450014591217,FALSE,TRUE
1990-11-01,322.22,12.002,21.4733333333333,0.064561,0.059897,0.093,0.1062,0.0858,0.0402,0.0285,0.0706,0.0057,0.037247843088573,0.0394802631578947,0.0666418389092338,0.558925799441167,0.498505655070029,0.0152,0.0132,-0.0117,0.00224719101123605,,0.000909887022686219,0.00243989215247376,,,-0.0026320853,,TRUE,,TRUE,,-1.5452089750055,,,-0.0693590130639858,-0.174468085106383,,,FALSE,TRUE,0.0389777310192585,0.514585494995117,0.382033301423596,0.853287773981165,0.853287773981165,-2.78898833466747,0.0335175569314225,,,,-2.68533577651543,,0.356436759233475,FALSE,TRUE
1990-12-01,330.22,12.086,21.34,0.027987,0.024954,0.0905,0.1043,0.0844,0.0187,0.0167,0.0674,0.006,0.0365998425292229,0.0375085345416175,0.0646235842771486,0.566354264292409,0.484496859883204,0.017,0.0138,-0.002,0,,-0.00184590438019506,0.000794595800618411,,,-0.0023382328,,TRUE,,TRUE,,-1.54917192637222,,,-0.0786954446129569,-0.0226804123711341,,,FALSE,TRUE,0.0426517315208912,0.534834623336792,0.408930285099559,0.877959829985832,0.877959829985832,-2.81687736079393,0.0323112091811193,,,,-2.68533577651543,,0.331418752670288,FALSE,TRUE
1991-01-01,343.93,12.094,21.2066666666667,0.045001,0.043063,0.0904,0.1045,0.0837,0.013,0.015,0.0622,0.0052,0.0351641322362109,0.0366240688026164,0.0616598338809254,0.570292360892801,0.466307799692295,0.0215,0.0141,0.002,0.0059790732436471,,0.000721557053039419,0.00319354861934962,,,-0.0022499869,,TRUE,,TRUE,,-1.60518010860431,,,-0.0839225612183867,-0.232067510548523,,,FALSE,TRUE,0.108934789896011,0.497307956218719,0.422658483328229,0.912206017168097,0.912206017168097,-2.86391657808187,0.0308978065264367,,,,-0.291888460012671,,0.311684340238571,FALSE,TRUE
1991-02-01,367.07,12.102,21.0733333333333,0.071565,0.067371,0.0883,0.1007,0.0841,0.003,0.0121,0.0594,0.0048,0.0329691884381726,0.0351873927834152,0.0574095767383151,0.574280291047137,0.442720440777467,0.0247,0.0124,0.0091,0.00148588410104034,,0.00124689545830511,0.0024313467391366,,,-0.0022466856,,TRUE,,TRUE,,-1.74857442977286,,,-0.0933005133803073,-0.124542124542125,,,FALSE,TRUE,0.0593040250241756,0.468049317598343,0.409518881630908,0.960806733894491,0.960806733894491,-2.93311533428936,0.0295024634748272,,,,1.0522597454235,,0.293191641569138,FALSE,TRUE
1991-03-01,375.22,12.11,20.94,0.024354,0.022312,0.0893,0.1009,0.0844,0.0038,0.0108,0.0591,0.0044,0.032274399019242,0.0329909826463617,0.055807259740952,0.578319006685769,0.457125599719959,0.0253,0.0116,0.007,0.00148367952522244,,0.0032513976871146,0.0013750554843059,,,-0.0024701057,,TRUE,,TRUE,,-1.63903730736862,,,-0.101029659311521,0.0271966527196652,,,FALSE,TRUE,0.0139718111604452,0.470199704170227,0.413068294409187,0.971367613967831,0.971367613967831,-2.96383035648966,0.0316614383097719,,,,1.0522597454235,,0.290642708539963,FALSE,TRUE
1991-04-01,375.35,12.1223333333333,20.43,0.002268,0.000214,0.0886,0.0994,0.0837,0.014,0.0138,0.0565,0.0053,0.0322960792149549,0.0323072686246291,0.0544291994138804,0.593359438733888,0.4612395987354,0.0272,0.0108,-0.000200000000000001,0.00148148148148142,,0.00573015714694727,0.00207277446453012,,,-0.0023251798,,TRUE,,TRUE,,-1.65451937455113,,,-0.100348712950357,0.070264765784114,,,FALSE,TRUE,0.043717622756958,0.468820631504059,0.398336584077272,0.961194357721521,0.961194357721521,-2.9881858581258,0.0304837163941325,,,,1.0522597454235,,0.265403985977173,FALSE,TRUE
1991-05-01,389.83,12.1346666666667,19.92,0.04293,0.038759,0.0886,0.0986,0.0845,0,0.0039,0.0546,0.0047,0.0311280985728822,0.0323289374361707,0.0510991970859093,0.609170013386881,0.439966969446738,0.0299,0.01,0.0039,0.00295857988165693,,0.00698210231863444,0.00158516898747183,,,-0.0026470033,,TRUE,,TRUE,,-1.58594323786417,,,-0.0929288501501375,0.0028544243577544,,,FALSE,TRUE,0.0454062707722187,0.48960480093956,0.396293285360015,1,1,-3.05159547382742,0.0288690135269106,,,,1.0522597454235,,0.258001446723938,FALSE,TRUE
1991-06-01,371.16,12.147,19.41,-0.045357,-0.047498,0.0901,0.0996,0.086,-0.0063,-0.0018,0.0557,0.0042,0.0327271257678629,0.0311597362953082,0.052295505981248,0.6258114374034,0.458243743011955,0.0303,0.00950000000000001,0.0045,0.00294985250737478,,0.0142474873953442,0.001179890442146,,,-0.0023828567,,TRUE,,TRUE,,-1.56830596699432,,,-0.0868048152700887,-0.023719165085389,,,FALSE,TRUE,0.036254670470953,0.502389311790466,0.337623567931917,0.95763887287379,0.95763887287379,-3.03039511806207,0.0245741279282207,,,,1.0522597454235,,0.285339146852493,FALSE,TRUE
1991-07-01,387.81,12.1896666666667,18.88,0.046526,0.044799,0.09,0.0989,0.085,0.0157,0.0167,0.0558,0.0049,0.0314320586541519,0.0328420806839817,0.0486836337381708,0.645639124293785,0.440356781560556,0.0292,0.00890000000000001,0.001,0.00147058823529411,,0.0148355538525232,0.00110532990913586,,,-0.0021621899,,TRUE,,TRUE,,-1.53944842479718,,,-0.085950592341554,0.0534499514091351,,,FALSE,TRUE,0.0594228282570839,0.501996576786041,0.349731483672056,0.996537444034092,0.996537444034092,-3.10187028958133,0.0249190083583505,,,,1.0522597454235,,0.262642294168472,FALSE,TRUE
1991-08-01,395.43,12.2323333333333,18.35,0.023885,0.019912,0.0875,0.0965,0.0818,0.034,0.0275,0.0533,0.0046,0.0309342572220958,0.0315420781654246,0.0464051791720406,0.66661217075386,0.437639637271652,0.0285,0.00900000000000001,-0.0065,0.00293685756240825,,0.0173312972506079,0.00203763694158078,,,-0.0020694528,,TRUE,,TRUE,,-1.58141580812854,,,-0.0879004915242287,0.0285977859778599,,,FALSE,TRUE,0.0557681135833263,0.494526028633118,0.363292754017189,0.996193412607234,0.996193412607234,-3.1463788921679,0.0255430976170495,,,,1.0522597454235,,0.297858893871307,FALSE,TRUE
1991-09-01,387.86,12.275,17.82,-0.016861,-0.019061,0.0861,0.0951,0.079,0.0303,0.0271,0.0522,0.0046,0.0316480173258392,0.0310421566396075,0.0459444129325014,0.688832772166105,0.441531837030997,0.0268,0.00900000000000001,-0.0032,0.00439238653001461,,0.0232890416069456,0.000474696635603796,,,-0.0017709068,,TRUE,,TRUE,,-1.50152916569084,,,-0.0819334826461953,-0.000672645739910327,,,FALSE,TRUE,0.0524526536464691,0.496762424707413,0.37759084071485,0.98741174968824,0.98741174968824,-3.15403806554771,0.0280094563871021,,,,1.0522597454235,,0.268539518117905,FALSE,TRUE
1991-10-01,392.46,12.251,17.2033333333333,0.013458,0.011899,0.0855,0.0949,0.0791,0.0054,0.0043,0.0499,0.0042,0.0312159200937675,0.0315861393286237,0.0438346158419542,0.712129432280566,0.434003453781239,0.0292,0.00939999999999999,-0.0011,0.00145772594752192,,0.0255088947310332,0.00112566243226221,,,-0.0021871421,,TRUE,,TRUE,,-1.58251643737831,,,-0.0844108251256079,0.0439757684541171,,,FALSE,TRUE,0.0513412095606327,0.497528672218323,0.395643188571999,0.997383942934209,0.997383942934209,-3.19993115012299,0.0298994590945693,,,,1.0522597454235,,0.255759447813034,FALSE,TRUE
1991-11-01,375.22,12.227,16.5866666666667,-0.040214,-0.043973,0.0848,0.0945,0.0789,0.0082,0.0106,0.0456,0.0039,0.0325862160865625,0.031154767364827,0.0442051774070323,0.737158360128617,0.460154490306355,0.0333,0.00969999999999999,0.0024,0.0029112081513829,,0.0306899469053312,0.00204901973930856,,,-0.001427475,,TRUE,,TRUE,,-1.63853733727948,,,-0.0879212720402966,-0.0722114764667956,,,FALSE,TRUE,-0.0721848532557487,0.49791145324707,0.387779021515687,0.940701623255285,0.940701623255285,-3.19048955934187,0.0292152497325567,,,,0.783645144149397,,0.250476807355881,FALSE,TRUE
1991-12-01,417.09,12.203,15.97,0.114089,0.111476,0.0831,0.0926,0.073,0.0581,0.0436,0.0407,0.0038,0.0292574744060035,0.0325222536112148,0.0382890982761514,0.764120225422668,0.420344417340154,0.0323,0.00949999999999999,-0.0145,0.00072568940493456,,0.0318123833959688,0.00204954952756658,,,-0.0012532164,,TRUE,,TRUE,,-1.69880658324118,,,-0.0947185781269937,-0.113041463979616,,,FALSE,TRUE,0.11123538762331,0.505249559879303,0.41401583222357,1,1,-3.33108948004733,0.0333854248356707,,,,1.0522597454235,,0.282455593347549,FALSE,TRUE
1992-01-01,408.79,12.2433333333333,16.0433333333333,-0.018348,-0.019654,0.082,0.0913,0.0776,-0.0324,-0.0173,0.038,0.0034,0.0299501781680896,0.0293541761570245,0.0392459045801838,0.76314149179306,0.41322967845333,0.0396,0.00930000000000002,0.0151,0.00145032632342268,,0.031941468275817,0.00087244268336569,,,-0.0012723765,,TRUE,,TRUE,,-1.78094480671763,,,-0.101888854498951,-0.0114912509793679,,,FALSE,TRUE,0.0590945482254028,0.456125438213348,0.372425565469215,0.985101493212393,0.985101493212393,-3.30584716511205,0.0440757614336944,,,,0.806190323079379,,0.24254834651947,FALSE,TRUE
1992-02-01,412.7,12.2836666666667,16.1166666666667,0.012865,0.009442,0.0829,0.0923,0.0777,0.0051,0.0096,0.0384,0.0028,0.0297641547532509,0.0300488433343934,0.0390517728777966,0.762171664943123,0.407630525160933,0.0393,0.00940000000000002,0.0045,0.00362056480811002,,0.0335560220376989,0.000913228243273495,,,-0.0013307521,,TRUE,,TRUE,,-1.70885494093786,,,-0.0967690678198903,-0.0124174372523117,,,FALSE,TRUE,0.0393766239285469,0.443507611751556,0.335452436273643,0.995233483181658,0.995233483181658,-3.31369818428793,0.047909100908907,,,,1.0522597454235,,0.188364610075951,FALSE,TRUE
1992-03-01,403.69,12.324,16.19,-0.01947,-0.021873,0.0835,0.0925,0.0797,-0.0094,-0.0073,0.0404,0.0034,0.0305283757338552,0.0298618851465956,0.0401050310882113,0.761210623841878,0.402106034217647,0.0393,0.00900000000000001,0.0021,0.00505050505050519,,0.0419005364426677,0.000469757296460551,,,-0.0012508721,,TRUE,,TRUE,,-1.61969240318268,,,-0.0901907393006498,0.0414660246120919,,,FALSE,TRUE,0.0412732511758804,0.450176268815994,0.302659458103446,0.983350809209027,0.983350809209027,-3.28894617438653,0.0435822546863194,,,,0.00817580411963909,,0.134305223822594,FALSE,TRUE
1992-04-01,414.95,12.3226666666667,16.4766666666667,0.028614,0.027157,0.0833,0.0921,0.0803,0.0016,0.0016,0.0375,0.0032,0.0296967506125236,0.030525072869446,0.0397075952926055,0.747885899251467,0.387303471769268,0.0428,0.00880000000000002,0,0.00143575017946862,,0.0386618093970874,0.00166104359622134,,,-0.0015031952,,TRUE,,TRUE,,-1.70478948896395,,,-0.0845365566831386,0.0711533521705627,,,FALSE,TRUE,0.0578934550285339,0.440365701913834,0.300994239590572,0.997807812267934,0.997807812267934,-3.2983473901529,0.0373365043252404,,,,0.780398234875467,,0.193609893321991,FALSE,TRUE
1992-05-01,415.35,12.3213333333333,16.7633333333333,0.00485,0.001087,0.0828,0.0913,0.0781,0.0243,0.0254,0.0363,0.0028,0.029664941214237,0.0296935373739808,0.040359536134184,0.735016901968582,0.382998516285533,0.0418,0.00850000000000001,0.0011,0.00143369175627228,,0.0371754906701357,0.000690028815880276,,,-0.0015877929,,TRUE,,TRUE,,-1.5725348518248,,,-0.08315424013567,0.0604316546762589,,,FALSE,TRUE,0.076101616024971,0.454074263572693,0.305735600524944,0.999543907039427,0.999543907039427,-3.28122445865135,0.0316635852012338,,,,1.0522597454235,,0.196049407124519,FALSE,TRUE
1992-06-01,408.14,12.32,17.05,-0.01503,-0.017545,0.0822,0.0905,0.0765,0.02,0.0156,0.0366,0.0032,0.0301857205860734,0.0296617310701818,0.0417748811682266,0.72258064516129,0.392042353833141,0.0399,0.0083,-0.0044,0.00357909806728696,,0.0430765607601968,0.000752919220854051,,,-0.0012735065,,TRUE,,TRUE,,-1.57763374305384,,,-0.0845419828250291,-0.0156037991858887,,,FALSE,TRUE,0.0317063070833683,0.487076133489609,0.306146753113149,0.972257786658307,0.972257786658307,-3.2455456566381,0.0337874223634246,,,,1.0522597454235,,0.194067090749741,FALSE,TRUE
1992-07-01,424.21,12.345,17.38,0.040924,0.039465,0.0807,0.0884,0.0726,0.0398,0.0308,0.0321,0.0031,0.0291011527309587,0.0302469740775224,0.0409702741566677,0.71029919447641,0.383348699693586,0.0405,0.00769999999999998,-0.009,0.0021398002853068,,0.0414947920718354,0.000897463000877973,,,-0.0013636615,,TRUE,,TRUE,,-1.58328235627971,,,-0.0772726005054674,0.000918906501263583,,,FALSE,TRUE,0.0336693823337555,0.496258795261383,0.328656625053173,0.994307411498267,0.994307411498267,-3.2610706980551,0.0262369077146502,,,,1.0522597454235,,0.161526054143906,FALSE,TRUE
1992-08-01,414.03,12.37,17.71,-0.020615,-0.024214,0.0795,0.0865,0.0725,0.0067,0.009,0.0313,0.0026,0.0298770620486438,0.0291600858065581,0.0427746781634181,0.698475437605872,0.399405036924244,0.0412,0.00700000000000001,0.0023,0.00284697508896792,,0.0430499575865802,0.000369547376098795,,,-0.0014314693,,TRUE,,TRUE,,-1.49441515582778,,,-0.0847718014034964,-0.0140004590314436,,,FALSE,TRUE,0.00650993455201387,0.491913020610809,0.345674130770852,0.954336240664946,0.954336240664946,-3.21562849588627,0.0263364189205522,,,,1.0522597454235,,0.150801196694374,FALSE,TRUE
1992-09-01,417.8,12.395,18.04,0.01134,0.008916,0.0792,0.0862,0.071,0.0185,0.0099,0.0291,0.0026,0.0296673049305888,0.0299374441465594,0.0431785543322164,0.687084257206208,0.397656972109605,0.0419,0.00700000000000001,-0.0086,0.00283889283179573,,0.0411377833935092,0.000872241204295148,,,-0.0010761546,,TRUE,,TRUE,,-1.52430839953666,,,-0.0833664231210207,0.0114059590316573,,,FALSE,TRUE,0.0248234942555428,0.492026388645172,0.35146515101069,0.958528774965502,0.958528774965502,-3.20463467766812,0.0216584323730032,,,,1.0522597454235,,0.170521929860115,FALSE,TRUE
1992-10-01,418.68,12.3916666666667,18.39,0.004796,0.003455,0.0799,0.0884,0.0741,-0.0198,-0.0156,0.0286,0.0023,0.0295969873570905,0.0296593266315622,0.0439237603897965,0.673826354903027,0.403251177750702,0.0455,0.00849999999999999,0.0042,0.00353857041755123,,0.0410960974734799,0.000944144797523442,,,-0.00090211186,,TRUE,,TRUE,,-1.57520481517289,,,-0.0785213598936769,-0.0481012658227848,,,FALSE,TRUE,0.0181346368044615,0.490802139043808,0.381953356845507,0.945233372690224,0.945233372690224,-3.18911937908341,0.0222420876868625,,,,1.0522597454235,,0.172360330820084,FALSE,TRUE
1992-11-01,431.35,12.3883333333333,18.74,0.033794,0.030069,0.081,0.0896,0.0748,0.001,0.0069,0.0313,0.0023,0.0287199103589506,0.029589025827203,0.0434449982612728,0.661063678406261,0.393626458475283,0.0435,0.00860000000000001,0.0059,0.00141043723554302,,0.0379866510631504,0.000508094721872374,,,-0.00083605819,,TRUE,,TRUE,,-1.60495147281929,,,-0.0766162331208644,-0.0374758220502901,,,FALSE,TRUE,0.0432498008012772,0.503952383995056,0.39547198347945,0.96834358272711,0.96834358272711,-3.20270250526103,0.024361168505444,,,,1.0522597454235,,0.167471691966057,FALSE,TRUE
1992-12-01,435.71,12.385,19.09,0.01338,0.011197,0.0798,0.0881,0.0726,0.0246,0.0228,0.0322,0.0028,0.0284248697528172,0.0287121826822766,0.043813545707007,0.648768988999476,0.394109614198953,0.0404,0.0083,-0.0018,-0.000704225352112675,,0.0388286862808528,0.000471552268650945,,,-0.0011115236,,TRUE,,TRUE,,-1.60125604936161,,,-0.0768047453479745,-0.0211002260738509,,,FALSE,TRUE,0.0271890629082918,0.500582635402679,0.384511575436858,0.967157016415632,0.967157016415632,-3.19331904889666,0.0249822820048259,,,,1.0522597454235,,0.142271012067795,FALSE,TRUE
1993-01-01,438.78,12.4163333333333,19.34,0.007282,0.005964,0.0791,0.0867,0.0725,0.028,0.025,0.03,0.0023,0.0282974003676862,0.0284967830284669,0.0440767582843338,0.642002757669769,0.393048104460834,0.0425,0.0076,-0.003,0.00493305144467926,,0.0417538405418579,0.000348850751925616,,,-0.0015522385,,TRUE,,TRUE,,-1.64932153352602,,,-0.0748443020222691,0.0400307929176289,,,FALSE,TRUE,0.0562272965908051,0.458342492580414,0.372219398207227,0.969770392094246,0.969770392094246,-3.18573598422942,0.0268916340802499,,,,1.0522597454235,,0.0940597876906395,FALSE,TRUE
1993-02-01,443.38,12.4476666666667,19.59,0.013526,0.010361,0.0771,0.0839,0.0698,0.0354,0.0256,0.0293,0.0022,0.0280744883997173,0.0283688104896911,0.0441833190491226,0.635409222392377,0.385960196890833,0.0405,0.0068,-0.0098,0.00350631136044877,,0.0407281686864588,0.00114689648302981,,,-0.0014793405,,TRUE,,TRUE,,-1.77193859808147,,,-0.0719080978725106,0.012830002467308,,,FALSE,TRUE,0.0392771139740944,0.44468092918396,0.354808904472812,0.979277426252273,0.979277426252273,-3.18012669324406,0.0307777218437157,,,,1.0522597454235,,0.131949365139008,FALSE,TRUE
1993-03-01,451.67,12.479,19.84,0.021202,0.018578,0.0758,0.0815,0.0702,0.0021,0.0025,0.0295,0.0025,0.0276285783868754,0.0281451576525779,0.0439258750857927,0.62898185483871,0.333613526387326,0.0407,0.0057,4e-04,0.00349406009783371,,0.0371064163021679,0.0010047249550799,,,-0.0016690258,,TRUE,,TRUE,,-1.64322798063026,,,-0.0746462919024733,-0.00414129110840422,,,FALSE,TRUE,0.0350764915347099,0.451555073261261,0.354665192217774,0.987571657744786,0.987571657744786,-3.18333193391206,0.0310585884054146,,,,1.0522597454235,,0.155848696827888,FALSE,TRUE
1993-04-01,440.19,12.4936666666667,19.67,-0.024519,-0.02578,0.0746,0.0814,0.0701,0.0072,0.0052,0.0287,0.0024,0.0283824409156652,0.0276610504719522,0.0446852495513301,0.635163531604813,0.334349805952563,0.0414,0.0068,-0.002,0.00278551532033422,,0.0398126850453609,0.00100478501184732,,,-0.0014462842,,TRUE,,TRUE,,-1.6889290434163,,,-0.0737672577644597,0.00464774951076308,,,FALSE,TRUE,0.0163836032152176,0.455274522304535,0.340384211871457,0.985321723332021,0.985321723332021,-3.16609766868517,0.0286000006248804,,,,1.0522597454235,,0.168076172471046,FALSE,TRUE
1993-05-01,450.19,12.5083333333333,19.5,0.026259,0.022549,0.0743,0.0821,0.0701,0.0047,0.002,0.0296,0.0022,0.0277845650355035,0.028415759861272,0.0433150447588796,0.641452991452991,0.324882421479661,0.0405,0.00780000000000002,-0.0027,0.00138888888888888,,0.040254627586956,0.000817308176494566,,,-0.0016500074,,TRUE,,TRUE,,-1.6539145791861,,,-0.0794152995399902,-0.0243486729973217,,,FALSE,TRUE,0.0298399608582258,0.453788846731186,0.372969964964137,0.992292177122394,0.992292177122394,-3.1979014457389,0.0236961274084339,,,,1.0522597454235,,0.164977625012398,FALSE,TRUE
1993-06-01,450.53,12.523,19.33,0.003466,0.001095,0.0733,0.0807,0.0668,0.0449,0.0293,0.0307,0.0025,0.0277961511996981,0.0278171438725871,0.042905022972943,0.647853078116917,0.325931247560944,0.0361,0.0074,-0.0156,0.00138696255201132,,0.0411540222021475,0.000573851354260624,,,-0.0017479702,,TRUE,,TRUE,,-1.62770065667728,,,-0.0790152041921353,-0.0606438732218617,,,FALSE,TRUE,-0.00743577303364873,0.461746484041214,0.348153872946508,0.989099338083678,0.989099338083678,-3.20665785270154,0.0239360718921262,,,,1.0522597454235,,0.148310303688049,FALSE,TRUE
1993-07-01,448.13,12.5216666666667,19.69,-0.004593,-0.005909,0.0717,0.0793,0.0656,0.0191,0.01,0.0304,0.0024,0.0279420406280915,0.0277931917223418,0.0439381429495905,0.635940409683426,0.323777030818894,0.0352,0.0076,-0.0091,0,,0.0410077877120781,0.000608962452714774,,,-0.001390471,,TRUE,,TRUE,,-1.6098768432533,,,-0.0781707302645289,-0.0486184909670563,,,FALSE,TRUE,0.0524254105985165,0.457208633422852,0.329012808571182,0.992087339182106,0.992087339182106,-3.1814473231697,0.0232270112053021,,,,1.0522597454235,,0.152315616607666,FALSE,TRUE
1993-08-01,463.56,12.5203333333333,20.05,0.037431,0.033957,0.0685,0.076,0.0623,0.0434,0.0287,0.0302,0.0025,0.0270090890787241,0.0279390653009915,0.0432522219345932,0.624455527847049,0.313864983338392,0.0321,0.00750000000000001,-0.0147,0.00277008310249305,,0.0401929361721919,0.000281568806989557,,,-0.0012521643,,TRUE,,TRUE,,-1.58299408097082,,,-0.0812219317550937,0.0215023736386484,,,FALSE,TRUE,0.0736561268568039,0.468323945999146,0.340065773694113,0.999769994715355,0.999769994715355,-3.19595214693959,0.0206083679633697,,,,1.0522597454235,,0.108849212527275,FALSE,TRUE
1993-09-01,458.93,12.519,20.41,-0.007582,-0.009842,0.0666,0.0734,0.0627,5e-04,0.0043,0.0295,0.0026,0.0272786699496655,0.0270062127879886,0.0444730133135772,0.613375796178344,0.322351821462384,0.0332,0.00679999999999999,0.0038,0.00207182320441968,,0.0418407118978109,0.000470674765060698,,,-0.0011537305,,TRUE,,TRUE,,-1.6472831617584,,,-0.0777712671451214,0.0232367413887371,,,FALSE,TRUE,0.0377728790044785,0.464676946401596,0.341908315347012,0.973448080414228,0.973448080414228,-3.16508558760897,0.0204601745001333,,,,1.0522597454235,,0.101731039583683,FALSE,TRUE
1993-10-01,467.83,12.5383333333333,20.9033333333333,0.019884,0.01859,0.0667,0.0731,0.0623,0.0096,0.0051,0.0302,0.0022,0.0268010459639898,0.0273207969261834,0.0446814726146962,0.599824589379684,0.311362832921683,0.0321,0.0064,-0.0045,0.00413507925568579,,0.0403671366929742,0.000314227083808598,,,-0.0010548299,,TRUE,,TRUE,,-1.66829210967992,,,-0.0723045289966091,-0.0935078813785734,,,FALSE,TRUE,0.0803973227739334,0.458179175853729,0.351665631379231,0.998028667031829,0.998028667031829,-3.16012443903745,0.0223194312568873,,,,1.0522597454235,,0.0725457742810249,FALSE,TRUE
1993-11-01,461.79,12.5576666666667,21.3966666666667,-0.008655,-0.012084,0.0693,0.0766,0.0651,-0.0259,-0.0188,0.031,0.0025,0.0271934573435256,0.026842371516719,0.0463341923096357,0.586898270758685,0.311079410810167,0.0341,0.0073,0.0071,0.000686341798215695,,0.043837560264829,0.000576351666757556,,,-0.0010516947,,TRUE,,TRUE,,-1.69262342485899,,,-0.0695785282851782,-0.0842911877394635,,,FALSE,TRUE,0.00785692222416401,0.465498030185699,0.358488952057549,0.992772389557962,0.992772389557962,-3.12749899938251,0.0235282413437038,,,,0.806190323079379,,0.0929731130599976,FALSE,TRUE
1993-12-01,466.45,12.577,21.89,0.012646,0.010617,0.0693,0.0769,0.0654,0.002,0.0067,0.0306,0.0023,0.0269632329295744,0.0272353234154053,0.0469289312895273,0.574554591137506,0.305267222909008,0.0348,0.00760000000000001,0.0047,0,,0.0457268713395005,0.000269682097758302,,,-0.001012497,,TRUE,,TRUE,,-1.6552623871991,,,-0.0655023528479957,-0.0869005471515931,,,FALSE,TRUE,0.0178749114274979,0.476860702037811,0.387756425923986,0.989394702094968,0.989394702094968,-3.11521766122407,0.0242431120537598,,,,1.0522597454235,,0.0840690061450005,FALSE,TRUE
1994-01-01,481.61,12.6203333333333,22.1633333333333,0.033429,0.031954,0.0692,0.0765,0.0637,0.0257,0.0202,0.0298,0.0025,0.026204466961511,0.0270561332047022,0.0460192548604334,0.569423973529854,0.28805856716298,0.0339,0.0073,-0.0055,0.00274348422496562,,0.0436711361713397,0.000423488327565148,,,-0.00097607727,,TRUE,,TRUE,,-1.72021756710892,,,-0.0644538593589425,0.0733168840324285,,,FALSE,TRUE,0.0589701533317566,0.450722485780716,0.403332064907729,1,1,-3.13460301809068,0.0231942862035875,,,,1.0522597454235,,0.0992754697799683,FALSE,TRUE
1994-02-01,467.14,12.6636666666667,22.4366666666667,-0.027161,-0.030121,0.0708,0.0776,0.0682,-0.045,-0.0286,0.0325,0.0021,0.0271089323685976,0.0262944429448447,0.0480298554323472,0.56441836279899,0.299058820868,0.0357,0.0068,0.0164,0.00341997264021887,,0.0450411318233831,0.00102607646113961,,,-0.0011355039,,TRUE,,TRUE,,-1.75037614045004,,,-0.0656924040745679,-0.0479474548440066,,,FALSE,TRUE,0.0218024030327797,0.437726974487305,0.398856332655458,0.963215998552167,0.963215998552167,-3.09391832245347,0.0236985686692707,,,,1.0522597454235,,0.139835581183434,FALSE,TRUE
1994-03-01,445.77,12.707,22.71,-0.043456,-0.045728,0.0748,0.0813,0.0725,-0.0395,-0.0383,0.035,0.0027,0.028505731655338,0.0272016954232136,0.0509455548825628,0.559533245266402,0.307483805069326,0.0375,0.00650000000000001,0.0012,0.00340831629175198,,0.0419050864853791,0.000892102537600557,,,-0.001099839,,TRUE,,TRUE,,-1.72982190725864,,,-0.0573598805818687,0.0193170058640912,,,FALSE,TRUE,-0.0146519709378481,0.443359404802322,0.407607717133512,0.913934385022974,0.913934385022974,-3.03978475591766,0.0227636592230913,,,,-1.34118757107926,,0.164907976984978,FALSE,TRUE
1994-04-01,450.91,12.7496666666667,23.54,0.012817,0.011477,0.0788,0.0852,0.0745,-0.015,-0.0097,0.0368,0.0027,0.0282754134232256,0.028601446186748,0.0522055399081857,0.541617105635797,0.303664786213424,0.0377,0.0064,0.0053,0.00135869565217406,,0.0398466469885962,0.00137366795411022,,,-0.00095162781,,TRUE,,TRUE,,-1.76592679840216,,,-0.0532772002211743,0.144839255499154,,,FALSE,TRUE,0.0614722296595573,0.437382191419601,0.410908643537887,0.925429071275601,0.925429071275601,-3.01994489654542,0.0217510439431325,,,,-1.67457426736874,,0.20409107208252,FALSE,TRUE
1994-05-01,456.51,12.7923333333333,24.37,0.016309,0.012559,0.0799,0.0862,0.0759,-0.0082,-0.0062,0.0414,0.0032,0.0280220221535855,0.0283700368883665,0.0533832774747541,0.524921351388319,0.297469475701897,0.0345,0.0063,0.002,0.000678426051560432,,0.039642045850799,0.000750502937126081,,,-0.0010085097,,TRUE,,TRUE,,-1.6644606463524,,,-0.0504962525126142,0.0815843925509905,,,FALSE,TRUE,0.0612935610115528,0.459311455488205,0.416133311894466,0.944703345096975,0.944703345096975,-2.99959721604163,0.0221227604371492,,,,-1.13510439235173,,0.18409039080143,FALSE,TRUE
1994-06-01,444.27,12.835,25.2,-0.024762,-0.027113,0.0797,0.0865,0.0774,-0.01,-0.0081,0.0414,0.0031,0.0288900893600738,0.028115484874373,0.0567222634884192,0.509325396825397,0.308417076703078,0.036,0.00680000000000001,0.0019,0.00338983050847452,,0.0339965642919757,0.000797132706415829,,,-0.00096572186,,TRUE,,TRUE,,-1.60981015267389,,,-0.0455734416434934,0.0584859251161518,,,FALSE,TRUE,0.0188528187572956,0.456206142902374,0.353587453995757,0.911169426597895,0.911169426597895,-2.93818128266576,0.0222327388169238,,,,-1.352211672155,,0.183597251772881,FALSE,TRUE
1994-07-01,458.25,12.8643333333333,25.91,0.032714,0.031381,0.0811,0.088,0.0746,0.0363,0.0309,0.0433,0.0028,0.0280727404982724,0.0289561152752455,0.0565411893071468,0.496500707577512,0.296985380772968,0.0313,0.00690000000000002,-0.0054,0.00270270270270268,,0.0312121875233534,0.000327282506309908,,,-0.00064309391,,TRUE,,TRUE,,-1.55509645991282,,,-0.0460456653500367,0.0485411825458302,,,FALSE,TRUE,0.0706334784626961,0.459336638450623,0.34817978329316,0.946244181019315,0.946244181019315,-2.94324435579436,0.0222151942992669,,,,-0.870876464259994,,0.146976232528687,FALSE,TRUE
1994-08-01,475.5,12.8936666666667,26.62,0.041341,0.03799,0.0807,0.0874,0.0761,-0.0086,-0.0031,0.0448,0.0037,0.0271160182264283,0.0281367521367521,0.0559831756046267,0.484360130227899,0.285683819320023,0.0313,0.0067,0.0055,0.00404312668463613,,0.0287074569233171,0.000560387601755256,,,-0.00097495811,,TRUE,,TRUE,,-1.55945062357651,,,-0.0411616277911815,-0.133464663875893,,,FALSE,TRUE,0.0659416615962982,0.460633397102356,0.350554886278664,0.983676690897757,0.983676690897757,-2.95260319639815,0.0226668472742269,,,,0.507449053479759,,0.132311552762985,FALSE,TRUE
1994-09-01,462.71,12.923,27.33,-0.02394,-0.026238,0.0834,0.0898,0.08,-0.0331,-0.0265,0.0462,0.0037,0.0279289403730198,0.0271777076761304,0.0590650731559724,0.472850347603366,0.290904658598853,0.0338,0.0064,0.0066,0.00268456375838921,,0.0290042510010631,0.000801892988099982,,,-0.00083929779,,TRUE,,TRUE,,-1.58526115982285,,,-0.0398149890517283,0.043194089229895,,,FALSE,TRUE,0.0554752349853516,0.465223759412766,0.36946974191044,0.966021174554339,0.966021174554339,-2.90106400732779,0.0234875309128631,,,,0.784758524491784,,0.14182910323143,FALSE,TRUE
1994-10-01,472.35,13.0053333333333,28.42,0.022622,0.021043,0.0857,0.092,0.0809,-0.0025,-0.005,0.0495,0.0038,0.0275332557072792,0.0281068775979195,0.0601672488620726,0.45761201032137,0.286071273713145,0.0314,0.0063,-0.0025,0.000669344042838027,,0.0260014430976198,0.00115842802639793,,,-0.00077172889,,TRUE,,TRUE,,-1.60962375852223,,,-0.0335920589039977,-0.0103514028874967,,,FALSE,TRUE,0.0737451314926147,0.469730079174042,0.379265886470775,0.982344483656582,0.982344483656582,-2.88517784481049,0.0250896822890009,,,,0.784758524491784,,0.193923562765121,FALSE,TRUE
1994-11-01,453.69,13.0876666666667,29.51,-0.036248,-0.039423,0.0868,0.0932,0.0808,0.0066,0.0018,0.0529,0.0037,0.0288471570161711,0.0277075614833633,0.0650444135863696,0.443499378741669,0.298992614267059,0.0279,0.0064,-0.0048,0.00133779264214029,,0.0229191751458866,0.00083639914278712,,,-0.0005588157,,TRUE,,TRUE,,-1.58898421228688,,,-0.0285655276054673,-0.0077071290944124,,,FALSE,TRUE,0.0106577854603529,0.474652349948883,0.376494098704499,0.939889803838768,0.939889803838768,-2.80927555863762,0.0231663902948811,,,,0.00296498412342139,,0.211069390177727,FALSE,TRUE
1994-12-01,459.27,13.17,30.6,0.014955,0.012419,0.0846,0.091,0.0799,0.0161,0.0157,0.056,0.0044,0.0286759422561892,0.029028631885208,0.0666274740348815,0.430392156862745,0.29156830000676,0.0239,0.00639999999999999,-0.000400000000000001,0,,0.0165962919040897,0.000704922954303487,,,-0.00057600688,,TRUE,,TRUE,,-1.62465296251696,,,-0.0201812839094178,-0.0144244105409153,,,FALSE,TRUE,0.0238061621785164,0.477547705173492,0.390114164736984,0.963824289405685,0.963824289405685,-2.7838384960167,0.0231112283049747,,,,-0.293830336935415,,0.199563026428223,FALSE,TRUE
1995-01-01,470.42,13.17,31.25,0.025999,0.024348,0.0846,0.0908,0.078,0.0273,0.0256,0.0571,0.0042,0.0279962586624718,0.0286759422561892,0.066429998724544,0.42144,0.290853734381402,0.0209,0.0062,-0.0017,0.00400801603206435,,0.0150953278995087,0.000289376583205995,,,-0.00077978728,,TRUE,,TRUE,,-1.57828833705768,,,-0.0202590205056916,0.0360258936110329,,,FALSE,TRUE,0.02429423853755,0.460851222276688,0.384331255136396,0.966877455641246,0.96619209925698,-2.78652846302225,0.023528309335778,,,,0.542688372171482,,0.142759144306183,FALSE,TRUE
1995-02-01,487.39,13.17,31.9,0.039228,0.036328,0.0826,0.0885,0.0758,0.0287,0.0289,0.0577,0.004,0.0270214817702456,0.0279962586624718,0.0654506657912555,0.412852664576802,0.27873003559222,0.0181,0.0059,0.000199999999999999,0.00399201596806376,,0.0145339838904158,0.000472414080413298,,,-0.00071551559,,TRUE,,TRUE,,-1.57274337277049,,,-0.0231620711729423,0.00597663678348281,,,FALSE,TRUE,0.0256797634065151,0.472344905138016,0.389194956279938,0.999828004805895,0.999828004805895,-2.79850016702567,0.0239146937613742,,,,1.0522597454235,,0.120036937296391,FALSE,TRUE
1995-03-01,500.71,13.17,32.55,0.029334,0.027179,0.0812,0.087,0.0755,0.0091,0.0095,0.0573,0.0046,0.0263026502366639,0.0270214817702456,0.0650076890815043,0.404608294930875,0.313876541877654,0.0182,0.0058,0.000399999999999999,0.0033134526176275,,0.0143904390649717,0.000484305839158399,,,-0.00056677049,,TRUE,,TRUE,,-1.5153608059895,,,-0.0232722239449226,0.0356467728868486,,,FALSE,TRUE,0.0369768925011158,0.472400039434433,0.413600632386549,0.996436240581322,0.996436240581322,-2.80277578516964,0.022319324269763,,,,1.0522597454235,,0.1049769744277,FALSE,TRUE
1995-04-01,514.71,13.2336666666667,33.1766666666667,0.029395,0.027914,0.0803,0.086,0.0745,0.0169,0.0175,0.0565,0.0044,0.0257109181221788,0.0264298030130548,0.0644570081534586,0.398884758364312,0.301994700824701,0.018,0.0057,0.000600000000000003,0.00330250990752967,,0.0130133326629421,0.000256920376085057,,,-0.00062688226,,TRUE,,TRUE,,-1.54780129004827,,,-0.026766494233434,0.0615384615384615,,,FALSE,TRUE,0.0441108755767345,0.488782197237015,0.411832123132134,1,1,-2.80997605665073,0.022035693797258,,,,1.0522597454235,,0.102632626891136,FALSE,TRUE
1995-05-01,533.4,13.2973333333333,33.8033333333333,0.039809,0.036453,0.0765,0.082,0.0677,0.079,0.0631,0.0567,0.0054,0.0249293838270216,0.0258346123707201,0.0633733283339583,0.393373434572527,0.292264254245637,0.011,0.00549999999999999,-0.0159,0.0019749835418037,,0.0107446734482483,0.00101144206217998,,,-0.00039768418,,TRUE,,TRUE,,-1.58497441444475,,,-0.0236302223146385,-0.0727094080078605,,,FALSE,TRUE,0.0595950707793236,0.467421919107437,0.398567310801231,1,1,-2.82290690683412,0.0222304302795277,,,,1.0522597454235,,0.130765020847321,FALSE,TRUE
1995-06-01,544.75,13.361,34.43,0.024155,0.022198,0.073,0.079,0.067,0.0139,0.0079,0.0547,0.0047,0.0245268471776044,0.0250487439070116,0.0632033042680128,0.388062735986059,0.286429617895339,0.0123,0.00600000000000001,-0.006,0.00197109067017087,,0.0082757969653713,0.000696764324399169,,,-0.00026772572,,TRUE,,TRUE,,-1.59059289521741,,,-0.0220800965167873,-0.0794701986754967,,,FALSE,TRUE,0.0351680740714073,0.468784660100937,0.40012359201095,0.992690058479532,0.992690058479532,-2.82127009351169,0.0258635662912257,,,,1.0522597454235,,0.14296567440033,FALSE,TRUE
1995-07-01,562.06,13.4323333333333,34.68,0.033405,0.032023,0.0741,0.0804,0.0691,-0.0168,-0.0101,0.0542,0.0045,0.0238983975613517,0.0246577940951507,0.0617015976941964,0.387322183775471,0.27716036719066,0.0149,0.00629999999999999,0.0067,0,,0.00706197252897542,0.000773227728752985,,,-0.00029109184,,TRUE,,TRUE,,-1.67328951460306,,,-0.028024805459272,0.0103597122302157,,,FALSE,TRUE,0.00909789558500051,0.457514256238937,0.410404858057922,0.994126204265364,0.994126204265364,-2.8463523887521,0.0244932164138373,,,,1.0522597454235,,0.158588081598282,FALSE,TRUE
1995-08-01,561.88,13.5036666666667,34.93,0.003502,0.000642,0.0757,0.0819,0.0674,0.0236,0.0214,0.054,0.0047,0.0240330082342612,0.0240253116511879,0.0621662988538478,0.386592232083214,0.283046134702171,0.0134,0.0062,-0.0022,0.00262295081967223,,0.00912231341010282,0.00020672971563527,,,-0.00013797336,,TRUE,,TRUE,,-1.5543383465426,,,-0.0166063892372295,0.0193677015095415,,,FALSE,TRUE,0.0589820928871632,0.46638160943985,0.400699399635637,0.973453905905255,0.973453905905255,-2.84082314318317,0.0247370511598244,,,,1.0522597454235,,0.1208665817976,FALSE,TRUE
1995-09-01,584.41,13.575,35.18,0.042102,0.040182,0.0732,0.0793,0.0663,0.0175,0.0153,0.0528,0.0043,0.0232285552950839,0.0241599629814195,0.0601974641091015,0.385872654917567,0.27249499759269,0.0135,0.00609999999999999,-0.0022,0.001962066710268,,0.00638016876682604,0.000381453631442667,,,-0.0001402155,,TRUE,,TRUE,,-1.60551513268601,,,-0.014328210388185,-0.0198379435596535,,,FALSE,TRUE,0.0685371458530426,0.456323355436325,0.410565218308375,0.997350993377483,0.997350993377483,-2.8702789748079,0.0214020184454811,,,,1.0522597454235,,0.0897852405905724,FALSE,TRUE
1995-10-01,581.5,13.646,34.7733333333333,-0.003442,-0.004864,0.0712,0.0775,0.0641,0.0294,0.0185,0.0528,0.0047,0.0234668959587274,0.0233500453448777,0.0597993694468329,0.392427147239264,0.274420245259261,0.0113,0.0063,-0.0109,0.00326370757180161,,0.012222073267057,0.00048781727394307,,,2.0794291e-05,,TRUE,,TRUE,,-1.66334173479659,,,-0.0178304057055545,0.00541619156214379,,,FALSE,TRUE,0.0479105710983276,0.455818295478821,0.417040893786665,0.990219575425043,0.990219575425043,-2.87540635788122,0.0229126554124395,,,,1.0522597454235,,0.0767954140901566,FALSE,TRUE
1995-11-01,605.37,13.717,34.3666666666667,0.044179,0.041338,0.0702,0.0768,0.0623,0.0249,0.0242,0.0536,0.0042,0.0226588697821167,0.0235889939810834,0.0567696890606846,0.39913676042677,0.257168851517,0.0087,0.00659999999999999,-0.000699999999999999,-0.000650618087182808,,0.0168709528141806,0.000546162709621427,,,-7.7981273e-05,,TRUE,,TRUE,,-1.60514819370918,,,-0.0169375782854138,0.0351573575276438,,,FALSE,TRUE,0.0595503076910973,0.468267828226089,0.417160411107206,0.993914477549965,0.993914477549965,-2.92636105161141,0.022931961672324,,,,1.0522597454235,,0.0851160138845444,FALSE,TRUE
1995-12-01,615.93,13.788,33.96,0.017643,0.015809,0.0682,0.0749,0.0603,0.0272,0.0228,0.0514,0.0049,0.0223856607081974,0.0227761534268299,0.0551361355998247,0.406007067137809,0.255026382939535,0.00890000000000001,0.00670000000000001,-0.0044,-0.00065104166666663,,0.0155265175307307,0.000820536479175741,,,-0.00014660419,,TRUE,,TRUE,,-1.70914201339214,,,-0.0152080229048499,0.0703916735141057,,,FALSE,TRUE,0.0219032112509012,0.470747947692871,0.419730979625045,0.980954553558249,0.980954553558249,-2.95347926906212,0.0236490989354838,,,,1.0522597454235,,0.111912727355957,FALSE,TRUE
1996-01-01,636.02,13.8933333333333,33.9866666666667,0.034861,0.033415,0.0681,0.0747,0.0609,-0.0011,0.0014,0.05,0.0043,0.0218441768078572,0.0225566758127276,0.0534364747439808,0.408787759905845,0.241877172100794,0.0109,0.00660000000000001,0.0025,0.00586319218241038,,0.0161278627702793,0.00138395511157894,,,-5.3141833e-05,,TRUE,TRUE,TRUE,,-1.69377808883931,,,-0.0226794613067662,-0.0913510747185261,,,FALSE,TRUE,0.0451793260872364,0.446780413389206,0.412248786219056,1,1,-2.98422327662074,0.022849170249271,TRUE,,,1.0522597454235,,0.149842619895935,FALSE,TRUE
1996-02-01,640.43,13.9986666666667,34.0133333333333,0.010088,0.007689,0.0699,0.0763,0.0659,-0.0483,-0.0373,0.0483,0.0039,0.0218582306679366,0.022009790048531,0.0531101499513348,0.41156409251274,0.237894737103458,0.0176,0.00639999999999999,0.011,0.00323834196891193,,0.0168013682827048,0.00126763092284438,,,-0.00022785486,,TRUE,TRUE,TRUE,,-1.71836879106754,,,-0.00987775155887505,0.0991270064770489,,,FALSE,TRUE,0.0367405228316784,0.444488108158112,0.418063221170883,0.974270445378644,0.974270445378644,-2.99186206806923,0.023131977361859,TRUE,,,1.0522597454235,,0.186717852950096,FALSE,TRUE
1996-03-01,645.5,14.104,34.04,0.009585,0.00786,0.0735,0.0803,0.0684,-0.021,-0.013,0.0496,0.0039,0.0218497288923315,0.0220227034960886,0.0527343144848954,0.41433607520564,0.239299615408504,0.0188,0.0068,0.008,0.00516462233699144,,0.0168919115752429,0.00174171613027827,,,3.0555841e-05,,TRUE,TRUE,TRUE,,-1.72142365198246,,,-0.0128263349345197,0.0978734306943376,,,FALSE,TRUE,-0.0164358001202345,0.455561012029648,0.397337451644331,0.983028362305581,0.983028362305581,-3.00330174597804,0.0221672543991461,TRUE,,,1.0522597454235,,0.218481808900833,FALSE,TRUE
1996-04-01,654.17,14.1603333333333,34.33,0.015133,0.013857,0.075,0.0819,0.0706,-0.0165,-0.016,0.0495,0.0046,0.021646259127342,0.0219369997418022,0.0524787134842625,0.41247693950869,0.240075806207283,0.0211,0.0069,5e-04,0.00385356454720642,,0.021121953486766,0.000981837553886141,,,6.8224883e-05,,TRUE,TRUE,TRUE,,-1.72398682913521,,,-0.0046447479886309,-0.0121353558926488,,,FALSE,TRUE,0.0330396816134453,0.436113923788071,0.444588636786128,0.978791649530559,0.978791649530559,-3.01041634051426,0.0276184971485815,TRUE,,,1.0522597454235,,0.220184311270714,FALSE,TRUE
1996-05-01,669.12,14.2166666666667,34.62,0.025257,0.02253,0.0762,0.083,0.0717,-0.0054,5e-04,0.0502,0.0042,0.0212468117328232,0.021732373338225,0.0517395982783357,0.410648950510302,0.236923515495889,0.0215,0.0068,0.0059,0.00191938579654494,,0.0264191544285369,0.00112529116374781,,,-0.0002545209,,TRUE,TRUE,TRUE,,-1.70849985814404,,,0.00108511375163278,-0.0661469407039924,,,FALSE,TRUE,0.0407721363008022,0.440290838479996,0.414015349908029,0.976664935964001,0.976664935964001,-3.02675765140991,0.0310922432614998,TRUE,,,1.0522597454235,,0.222311034798622,FALSE,TRUE
1996-06-01,670.63,14.273,34.91,0.004128,0.002562,0.0771,0.084,0.0703,0.0203,0.0172,0.0509,0.004,0.0212829727271372,0.0213310019129603,0.0520555298748938,0.408851331996563,0.236443725243978,0.0194,0.0069,-0.0031,0.000638569604086703,,0.0272161742332797,0.000394803832791318,,,-0.00084789044,,TRUE,TRUE,TRUE,,-1.68478607694665,,,0.0069666795421286,0.0541360991651909,,,FALSE,TRUE,0.0665817707777023,0.431168705224991,0.405778606938609,0.978646590515749,0.978646590515749,-3.02226142100914,0.0359017213383026,TRUE,,,1.0522597454235,,0.188868924975395,FALSE,TRUE
1996-07-01,639.95,14.4033333333333,35.2733333333333,-0.044443,-0.046048,0.0765,0.0835,0.0707,0.0018,0.001,0.0515,0.0045,0.022506966690106,0.021477317348364,0.0551188894965753,0.408334908334908,0.241819893792536,0.0192,0.00699999999999999,-8e-04,0.00191448627951507,,0.0311368651800241,0.00235514844975141,,,-0.00047047488,,TRUE,TRUE,TRUE,,-1.80806174342643,,,0.00541252255912283,-0.017758579313655,,,FALSE,TRUE,0.0471582263708115,0.41384893655777,0.388082513099856,0.956889927310488,0.956889927310488,-2.96470575604264,0.0344479698282826,TRUE,,,0.783645144149397,,0.249945819377899,FALSE,TRUE
1996-08-01,651.99,14.5336666666667,35.6366666666667,0.021928,0.019589,0.0746,0.0818,0.0726,-0.0139,-0.007,0.0505,0.0041,0.0222912416857109,0.0227106284345131,0.0546583025302024,0.407829015059396,0.238061117867028,0.0221,0.0072,0.0069,0.00191082802547782,,0.0308861064627594,0.00112152066914178,,,-0.00035223578,,TRUE,TRUE,TRUE,,-1.60361699252793,,,0.00881376425695457,0.0872220864891278,,,FALSE,TRUE,0.0253047402948141,0.428918153047562,0.40628102302419,0.971997230875736,0.971997230875736,-2.97094264391078,0.0301960298693048,TRUE,,,0.770930226007962,,0.254522770643234,FALSE,TRUE
1996-09-01,687.31,14.664,36,0.056035,0.054112,0.0766,0.0835,0.0704,0.029,0.0259,0.0509,0.0044,0.0213353508606015,0.0224911425021856,0.0523781117690707,0.407333333333333,0.227297318100821,0.0195,0.00689999999999999,-0.0031,0.00317863954227593,,0.0295807364771711,0.000686243029666221,,,-0.00053869363,,TRUE,TRUE,TRUE,,-1.6205204026997,,,0.0133533122203975,0.0876404494382022,,,FALSE,TRUE,0.0459445789456367,0.433393508195877,0.410706324999299,0.997865894000414,0.997865894000414,-3.01533508922249,0.0264382117870075,TRUE,,,1.0522597454235,,0.269780814647675,FALSE,TRUE
1996-10-01,705.27,14.7423333333333,36.91,0.026798,0.025348,0.0739,0.0807,0.0671,0.0404,0.0361,0.0499,0.0042,0.0209031056663878,0.0214493217519508,0.0523345669034554,0.399412986543845,0.221747655849388,0.0172,0.00680000000000001,-0.0043,0.00316856780735097,,0.0256558083968342,0.000606645031579106,,,-0.00053145026,,TRUE,TRUE,TRUE,,-1.6277140954917,,,0.011953231547615,-0.0392561983471074,,,FALSE,TRUE,0.0454644151031971,0.459324806928635,0.420275805682959,0.989360410356042,0.989360410356042,-3.01335464081115,0.0267458039707884,TRUE,,,1.0522597454235,,0.185516685247421,FALSE,TRUE
1996-11-01,757.02,14.8206666666667,37.82,0.076441,0.074218,0.071,0.0779,0.0643,0.0351,0.0263,0.0503,0.0041,0.0195776421582873,0.0210141742405982,0.04995904995905,0.391873788119161,0.205007919095579,0.014,0.0069,-0.0088,0.00189513581806677,,0.0220673416404749,0.000703735417906,,,-0.00061392521,,TRUE,TRUE,TRUE,,-1.65356321473652,,,0.0194057514288559,0.0193548387096774,,,FALSE,TRUE,0.0677462369203568,0.472816467285156,0.433358104283451,0.996015449487537,0.996015449487537,-3.05670553275714,0.0295720865386822,TRUE,,,1.0522597454235,,0.135452508926392,FALSE,TRUE
1996-12-01,740.74,14.899,38.73,-0.019798,-0.021518,0.072,0.0789,0.0673,-0.0256,-0.0186,0.0491,0.0046,0.0201136701136701,0.0196811180682148,0.0522855522855523,0.384688871675704,0.2073427296955,0.0182,0.00689999999999999,0.007,0,,0.02412568647503,0.00170908456689884,,,-0.00039675518,,TRUE,TRUE,TRUE,,-1.71482051028309,,,0.0241040436624553,0.0928270042194093,,,FALSE,TRUE,0.0386727377772331,0.464089184999466,0.438484193488302,0.982831623710162,0.982831623710162,-3.01213029236445,0.0303375177532065,TRUE,,,1.0522597454235,,0.190739974379539,FALSE,TRUE
1997-01-01,786.16,14.9523333333333,39.2333333333333,0.062827,0.061689,0.0742,0.0809,0.0689,-0.0079,-0.0028,0.0503,0.0045,0.0190194532071504,0.0201856701856702,0.0499050235745056,0.381112999150382,0.196240102860484,0.0186,0.0067,0.0051,0.00315258511979821,,0.0244069334967972,0.00136008221319996,,,-0.00079412929,,TRUE,TRUE,TRUE,,-1.7349116610432,,,0.0240034676094396,-0.0675675675675675,,,FALSE,TRUE,0.0601827464997768,0.455936908721924,0.420923728835053,0.989713664802895,0.989713664802895,-3.06135929933659,0.0272524882570155,TRUE,,,1.0522597454235,,0.211027726531029,FALSE,TRUE
1997-02-01,790.82,15.0056666666667,39.7366666666667,0.007752,0.0058,0.0731,0.0794,0.0694,5e-04,0.0028,0.0501,0.0039,0.0189748193857852,0.0190872935110749,0.0502474225065965,0.377627715795655,0.194395410774791,0.0193,0.0063,0.0023,0.00314267756128217,,0.0229109261412641,0.00147479143877311,,,-0.0013029057,,TRUE,TRUE,TRUE,,-1.73309156091612,,,0.0341907474141241,-0.159420289855072,,,FALSE,TRUE,0.0137704098597169,0.439688801765442,0.392595577432348,0.973154428889587,0.973154428889587,-3.0530193699397,0.029322486891118,TRUE,,,1.0522597454235,,0.24023799598217,FALSE,TRUE
1997-03-01,757.12,15.059,40.24,-0.041688,-0.04331,0.0755,0.0818,0.0723,-0.0252,-0.0221,0.0514,0.0043,0.0198898457311919,0.0190422599327281,0.0531487743026205,0.374229622266402,0.214780202270185,0.0209,0.0063,0.0031,0.00250626566416035,,0.0211485443053088,0.00200146145171217,,,-0.0013083062,,TRUE,TRUE,TRUE,,-1.74353367303171,,,0.0388402000112933,0.00246305418719217,,,FALSE,TRUE,-0.0607183463871479,0.452126353979111,0.400291453214248,0.929191436749488,0.929191436749488,-2.99941748277376,0.0304538344747721,TRUE,,,1.0522597454235,,0.24104069173336,FALSE,TRUE
1997-04-01,801.34,15.093,40.3433333333333,0.060274,0.059016,0.0773,0.0834,0.0705,0.0255,0.0184,0.0516,0.0043,0.0188347018743604,0.0199347527472527,0.0503448390612391,0.374113856068743,0.20174104781366,0.0189,0.00609999999999999,-0.0071,0.00124999999999997,,0.0169452898431925,0.00300508100333154,,,-0.00087192203,,TRUE,TRUE,TRUE,,-1.75949488709969,,,0.0383389963956944,-0.00737100737100749,,,FALSE,TRUE,0.0802458524703979,0.457255601882935,0.402813776267703,0.989249360635469,0.989249360635469,-3.0554892486353,0.0325085444254608,TRUE,,,1.0522597454235,,0.28990051150322,FALSE,TRUE
1997-05-01,848.28,15.127,40.4466666666667,0.061401,0.059272,0.0758,0.082,0.0701,0.0097,0.0128,0.0505,0.0049,0.0178325552883482,0.0188771308059001,0.0476807972210434,0.373998681391132,0.192878587876254,0.0196,0.00619999999999998,0.0031,-0.000624219725343322,,0.0132644509045873,0.00200745576966959,,,-0.00087840744,,TRUE,TRUE,TRUE,,-1.73867331883613,,,0.0421945486742645,0.0396039603960396,,,FALSE,TRUE,0.0457093566656113,0.446431994438171,0.431571718094582,0.992908416176829,0.992908416176829,-3.1081712247652,0.0331435846281273,TRUE,,,1.0522597454235,,0.2979536652565,FALSE,TRUE
1997-06-01,885.14,15.161,40.55,0.044103,0.042762,0.0741,0.0802,0.0688,0.0195,0.0187,0.0493,0.0037,0.0171283638746413,0.0178726363936436,0.0458119619495221,0.373884093711467,0.184287615030373,0.0195,0.00609999999999999,-0.000799999999999999,0.00124921923797627,,0.0108467071235691,0.00197446320027792,,,-0.00066209767,,TRUE,TRUE,TRUE,,-1.83416595137574,,,0.045115085955004,-0.0578571428571428,,,FALSE,TRUE,0.0159850157797337,0.45666715502739,0.44228613184193,0.984131361339882,0.984131361339882,-3.14609094206505,0.0310347446320148,TRUE,,,1.0522597454235,,0.295878499746323,FALSE,TRUE
1997-07-01,954.29,15.2183333333333,40.58,0.080388,0.078977,0.0714,0.0775,0.0637,0.0626,0.0528,0.0505,0.0043,0.0159472836698837,0.0171931370555317,0.0425237611208333,0.375020535567603,0.171964942963064,0.0132,0.00610000000000001,-0.0098,0.00124766063630677,,0.0115926585705072,0.00201021508018572,,,-0.00062725705,,TRUE,TRUE,TRUE,,-1.8356392102361,,,0.0519600387796624,0.0202173363659337,,,FALSE,TRUE,0.0660400986671448,0.448585838079453,0.466995389861166,0.996089590533611,0.996089590533611,-3.21803450309175,0.0276637369805024,TRUE,,,1.0522597454235,,0.260165423154831,FALSE,TRUE
1997-08-01,899.47,15.2756666666667,40.61,-0.054975,-0.056458,0.0722,0.0782,0.0672,-0.0317,-0.024,0.0514,0.0041,0.0169829640417876,0.0160073632403847,0.0451488098546922,0.376155298366576,0.18550540381833,0.0158,0.00600000000000001,0.0077,0.0018691588785047,,0.0128772633977599,0.00246472166468163,,,-0.0004309205,,TRUE,TRUE,TRUE,,-1.78790068587635,,,0.0602579044701672,-0.0260094129303938,,,FALSE,TRUE,0.0328429415822029,0.457413226366043,0.474645677576283,0.922889348976306,0.922889348976306,-3.15888645863386,0.0273577737935383,TRUE,,,1.0522597454235,,0.280496537685394,FALSE,TRUE
1997-09-01,947.28,15.333,40.64,0.053886,0.052408,0.0715,0.077,0.0649,0.0316,0.0226,0.0495,0.0044,0.0161863440587788,0.0170467052819994,0.0429017819440926,0.377288385826772,0.177967857048126,0.0154,0.00549999999999999,-0.009,0.00248756218905455,,0.0146342656137782,0.00262649432986304,,,-0.00074286008,,TRUE,TRUE,TRUE,,-1.78206717762888,,,0.0677223089556325,0.0747711088504577,,,FALSE,TRUE,0.0697370320558548,0.44950595498085,0.467413994579271,0.961976196529972,0.961976196529972,-3.20908999709783,0.0277830222205067,TRUE,,,1.0522597454235,,0.301084131002426,FALSE,TRUE
1997-10-01,914.62,15.3876666666667,40.3333333333333,-0.032605,-0.03373,0.07,0.0757,0.0623,0.0341,0.0191,0.0497,0.0042,0.0168241091017763,0.0162440531486642,0.0440984598339565,0.381512396694215,0.190000677328228,0.0126,0.0057,-0.015,0.00248138957816391,,0.0162628266711485,0.00936382143378388,,,-0.00059923875,,TRUE,TRUE,TRUE,,-1.88310990496222,,,0.0749008973984919,-0.00141978230004725,,,FALSE,TRUE,-0.0515835247933865,0.432949602603912,0.471346063681166,0.901054568789123,0.901054568789123,-3.1798823084889,0.0279081065200397,TRUE,,,1.0522597454235,,0.451343238353729,FALSE,TRUE
1997-11-01,955.4,15.4423333333333,40.0266666666667,0.046321,0.044625,0.0687,0.0742,0.0614,0.0148,0.0101,0.0514,0.0039,0.0161632126160073,0.016883878915105,0.0418951922405973,0.385801132578281,0.180746298767923,0.01,0.0055,-0.0047,-0.000618811881188064,,0.015667208463873,0.00266211000329884,,,-0.00079184273,,TRUE,TRUE,TRUE,,-1.73184032484732,,,0.0810998341863556,-0.0933649289099527,,,FALSE,TRUE,0.0428881458938122,0.451323121786118,0.487106564649609,0.947189229111426,0.947189229111426,-3.22972039366957,0.0258587414200519,TRUE,,,1.0522597454235,,0.454442799091339,FALSE,TRUE
1997-12-01,970.43,15.497,39.72,0.017147,0.0157,0.0676,0.0732,0.0602,0.0184,0.0163,0.0516,0.0048,0.0159692095256742,0.0162204312329914,0.0409303092443556,0.39015609264854,0.178800884204059,0.0086,0.00560000000000001,-0.0021,-0.00123839009287918,,0.015559471547243,0.00224937442464611,,,-0.00088877898,,TRUE,TRUE,TRUE,,-1.73280000817095,,,0.0837078350940796,-0.0773653946680607,,,FALSE,TRUE,0.0725516751408577,0.477896690368652,0.509688425353724,0.957495187243471,0.957495187243471,-3.25235927998955,0.0296297076785375,TRUE,,,1.0522597454235,,0.429221957921982,FALSE,TRUE
1998-01-01,980.28,15.545,39.66,0.011994,0.01108,0.0661,0.0719,0.0589,0.02,0.0137,0.0504,0.0043,0.0158577141224956,0.0160186721350329,0.0404578283755662,0.391956631366616,0.178840273446717,0.0085,0.0058,-0.0063,0.0018598884066956,,0.0137396357203479,0.00246884253729826,,,-0.00070045538,,TRUE,TRUE,TRUE,,-1.78539023641974,,,0.0864440861268054,-0.0249291784702548,,,FALSE,TRUE,0.0269548986107111,0.451261103153229,0.505133404427038,0.957284515636919,0.957284515636919,-3.26141496403956,0.0292485500341708,TRUE,,,1.0522597454235,,0.294210135936737,FALSE,TRUE
1998-02-01,1049.34,15.593,39.6,0.071956,0.070303,0.0667,0.0725,0.0599,-0.0072,-7e-04,0.0509,0.0039,0.0148598166466541,0.0159066797241604,0.0377380067470982,0.393762626262626,0.165463097108665,0.009,0.0058,0.0065,0.00185643564356441,,0.0120563779844055,0.00105334771325396,,,-0.00080484597,,TRUE,TRUE,TRUE,,-1.66214448074279,,,0.0864279519338256,-0.102847181871005,,,FALSE,TRUE,0.0650176331400871,0.449174016714096,0.52274780932078,1,1,-3.33129160984223,0.0259448146433284,TRUE,,,1.0522597454235,,0.256859242916107,FALSE,TRUE
1998-03-01,1101.75,15.641,39.54,0.051336,0.050104,0.0672,0.0732,0.0602,0.0025,0.0038,0.0503,0.0039,0.0141965055593374,0.0149055596851354,0.0358883594281824,0.395574102175013,0.181140395965667,0.00989999999999999,0.00600000000000001,0.0013,0.00185299567634334,,0.0164888616147386,0.00113678575987521,,,-0.00073979006,,TRUE,TRUE,TRUE,,-1.68584318914213,,,0.0851498285666743,0.020077720207254,,,FALSE,TRUE,0.0467816852033138,0.456269294023514,0.505232970034235,0.988028860080706,0.988028860080706,-3.3823038440536,0.0219149850306953,TRUE,,,1.0522597454235,,0.221781805157661,FALSE,TRUE
1998-04-01,1111.75,15.744,39.35,0.011275,0.010232,0.0669,0.0733,0.0604,0.0026,0.0053,0.0495,0.0043,0.0141614571621318,0.0142899931926481,0.0353946480773555,0.40010165184244,0.17587292223931,0.0109,0.0064,0.0027,0.00184956843403206,,0.0164053618247883,0.00161476403421778,,,-0.00095596436,,TRUE,TRUE,TRUE,,-1.78477858911176,,,0.0869494067999828,-0.012063492063492,,,FALSE,TRUE,0.116549625992775,0.474159240722656,0.490679963277157,0.986764188730889,0.986764188730889,-3.39606155596823,0.0213148033274619,TRUE,,,1.0522597454235,,0.1826993227005,FALSE,TRUE
1998-05-01,1090.82,15.847,39.16,-0.017674,-0.019206,0.0669,0.073,0.0592,0.0182,0.0167,0.05,0.004,0.0145276030875855,0.0142541038902631,0.0358995984672082,0.404673135852911,0.179102205714933,0.0092,0.00609999999999999,-0.0015,0.00184615384615383,,0.0190752058184599,0.000958823293773903,,,-0.00089151945,,TRUE,TRUE,TRUE,,-1.67752737045023,,,0.0918972238180613,-0.0224935732647815,,,FALSE,TRUE,0.0680183470249176,0.462183237075806,0.480682889607616,0.966143534997932,0.966143534997932,-3.38199072638186,0.0232989057134973,TRUE,,,1.0522597454235,,0.18156786262989,FALSE,TRUE
1998-06-01,1133.84,15.95,38.97,0.04097,0.0398,0.0653,0.0713,0.0576,0.0228,0.0115,0.0498,0.0041,0.0140672405277641,0.0146220274655764,0.0343699287377408,0.409289196818065,0.17806060597751,0.00779999999999999,0.00600000000000001,-0.0113,0.00122850122850116,,0.0240105800331645,0.00209734388845854,,,-0.0011688478,,TRUE,TRUE,TRUE,,-1.68184184640808,,,0.084262582448555,-0.0598290598290598,,,FALSE,TRUE,0.0216559339314699,0.451742827892303,0.471190101218677,0.971794963650002,0.971794963650002,-3.42411402843606,0.0264650945585922,TRUE,,,1.0522597454235,,0.209971278905869,FALSE,TRUE
1998-07-01,1120.67,16.0143333333333,38.6766666666667,-0.010109,-0.011112,0.0655,0.0715,0.0584,-0.004,-0.0056,0.0496,0.004,0.0142899634444871,0.0141239798678238,0.0345120924684935,0.414056709471688,0.179438108888199,0.0088,0.00600000000000001,-0.0016,0.00122699386503067,,0.0253535646594734,0.00222817576946386,,,-0.0023045245,,TRUE,TRUE,TRUE,,-1.68377972817819,,,0.0787955191036529,-0.00209790209790217,,,FALSE,TRUE,-0.00111460208427161,0.458349496126175,0.479251961269429,0.951308474968328,0.951308474968328,-3.4196070581389,0.0293520600529628,TRUE,,,1.0522597454235,,0.221797987818718,FALSE,TRUE
1998-08-01,957.28,16.0786666666667,38.3833333333333,-0.143124,-0.144504,0.0652,0.0714,0.0547,0.0465,0.0089,0.049,0.0043,0.0167962003454231,0.0143473695795075,0.0400962449161513,0.418897090751194,0.211432091595914,0.0057,0.0062,-0.0376,0.00122549019607843,,0.0285190280080238,0.0093339169700242,,,-0.0018568563,,TRUE,TRUE,TRUE,,-1.87451313415182,,,0.0976772529425132,-0.0686755430974072,,,FALSE,TRUE,-0.1755201369524,0.431971430778503,0.452428588557303,0.807355345969199,0.807355345969199,-3.26849562011029,0.0356664058172951,FALSE,,,-0.0216669511536399,,0.363581627607346,FALSE,TRUE
1998-09-01,1017.01,16.143,38.09,0.063176,0.061612,0.064,0.0709,0.0517,0.0395,0.0413,0.0461,0.0046,0.0158730002654841,0.0168634046464984,0.037452925733277,0.423812024153321,0.203248404232259,0.0056,0.0069,0.0018,0.00122399020807817,,0.0240829100298881,0.00997101688024129,,,-0.0016339078,,TRUE,TRUE,TRUE,,-1.80197552608094,,,0.095538667240108,0.218209179834462,,,FALSE,TRUE,0.0293056219816208,0.418453872203827,0.470879555263231,0.839863482105854,0.839863482105854,-3.33164944954539,0.0371918482861029,FALSE,,,-1.13946468196805,,0.416551768779755,FALSE,TRUE
1998-10-01,1098.67,16.1603333333333,37.9633333333333,0.080111,0.079144,0.0637,0.0718,0.054,-0.0218,-0.019,0.0396,0.0032,0.0147089966353257,0.0158900436901637,0.0345539000185072,0.425682676266573,0.185519076848694,0.0144,0.0081,0.0028,0.00244498777506119,,0.0207400882511606,0.00517152748818689,,,-0.0013748512,,TRUE,TRUE,TRUE,,-1.82453736352462,,,0.100749317979486,-0.105620753551575,,,FALSE,TRUE,0.0166105590760708,0.419012874364853,0.51124971431687,0.920126108779531,0.920126108779531,-3.40953878027561,0.0378782068126556,TRUE,,,0.226119534064218,,0.385266602039337,FALSE,TRUE
1998-11-01,1163.63,16.1776666666667,37.8366666666667,0.062164,0.060685,0.0641,0.0734,0.0535,0.0097,0.027,0.0441,0.0031,0.0139027583223762,0.0147247732864888,0.0325160632388875,0.42756585322879,0.174846844475158,0.0094,0.00929999999999999,0.0173,0,,0.0220035807231541,0.00193667893744424,,,-0.0012152598,,TRUE,TRUE,TRUE,,-1.59613794936155,,,0.0983924518914536,-0.214779005524862,,,FALSE,TRUE,-0.00985952094197273,0.45951122045517,0.526553457621007,0.972507725934926,0.972507725934926,-3.47319086272164,0.033071733947648,TRUE,,,1.0522597454235,,0.310519933700562,FALSE,TRUE
1998-12-01,1229.23,16.195,37.71,0.059673,0.058454,0.0622,0.0723,0.0542,-0.0032,0.001,0.0439,0.0038,0.0131749143772931,0.0139176542371716,0.0306777413502762,0.429461681251657,0.173611315365501,0.0103,0.0101,0.0042,-0.000609756097560976,,0.0200570304409604,0.00328689719944352,,,-0.0010338728,,TRUE,TRUE,TRUE,,-1.61560230448056,,,0.101318071993375,0.0677220756376431,,,TRUE,TRUE,0.0408689230680466,0.457486480474472,0.562088130144231,0.979428798189086,0.979428798189086,-3.52966918770996,0.0334610241032964,TRUE,,,1.0522597454235,,0.228716358542442,FALSE,TRUE
1999-01-01,1279.64,16.2796666666667,37.9333333333333,0.0428,0.042,0.0624,0.0729,0.0536,0.0121,0.0123,0.0434,0.0035,0.0127220676648641,0.0132437921842671,0.0296437539724714,0.429165202108963,0.17032061914448,0.0102,0.0105,0.000200000000000001,0.00244051250762656,,0.0155876992301647,0.00333561360504092,,,-0.0012959934,,TRUE,TRUE,TRUE,,-1.68120769718055,,,0.104038697038796,0.0551894563426689,,,TRUE,TRUE,0.0712477043271065,0.423700273036957,0.531125538573378,0.970497712406101,0.970497712406101,-3.5646237699449,0.0393676999401158,TRUE,,,1.0522597454235,,0.231092289090157,FALSE,TRUE
1999-02-01,1238.33,16.3643333333333,38.1566666666667,-0.031935,-0.033156,0.064,0.0739,0.0587,-0.052,-0.0401,0.0444,0.0035,0.0132148404167979,0.0127882321069467,0.0308130035343298,0.42887219358784,0.171276809595956,0.0143,0.00989999999999999,0.0119,0.00121728545343869,,0.0184466649704103,0.00348214974060854,,,-0.0011728518,,TRUE,TRUE,TRUE,,-1.58758041071509,,,0.108515066061558,-0.039032006245121,,,TRUE,TRUE,0.053653571754694,0.438113391399384,0.50738756881033,0.965079453963988,0.965079453963988,-3.52860864959724,0.0410026406750476,TRUE,,,1.0522597454235,,0.250340938568115,FALSE,TRUE
1999-03-01,1286.37,16.449,38.38,0.038979,0.037774,0.0662,0.0753,0.0592,-8e-04,2e-04,0.0444,0.0043,0.0127871452226031,0.0132832120678656,0.0298358948047607,0.428582595101615,0.172897170734987,0.0148,0.00910000000000001,0.001,0.00303951367781163,,0.0206681195166747,0.00321358732968634,,,-0.0010753509,,TRUE,TRUE,TRUE,,-1.55111045941708,,,0.109198317555391,0.362307067424858,,,TRUE,TRUE,0.0119040720164776,0.419671684503555,0.519762900475149,0.977952947901323,0.977952947901323,-3.56302133144232,0.0420170589640169,TRUE,,,1.0522597454235,,0.256336748600006,FALSE,TRUE
1999-04-01,1335.18,16.4486666666667,39.26,0.037559,0.036771,0.0664,0.0748,0.0594,0.0021,-0.0024,0.0429,0.0037,0.0123194375789532,0.0127868860954987,0.0294042750790156,0.418967566649686,0.156825876412568,0.0165,0.0084,-0.0045,0.0072727272727271,,0.0251812673257239,0.00272662599835535,,,-0.0012580821,,TRUE,TRUE,TRUE,,-1.67878130198412,,,0.109915411883256,0.114490161001789,,,TRUE,TRUE,0.0268632676452398,0.409592539072037,0.527379509677871,0.991787380106229,0.991787380106229,-3.57711818653087,0.0409058675482573,TRUE,,,1.0522597454235,,0.208993688225746,FALSE,TRUE
1999-05-01,1301.84,16.4483333333333,40.14,-0.023159,-0.024833,0.0693,0.0772,0.0615,-0.0185,-0.0176,0.045,0.0034,0.0126346811692169,0.0123191879247243,0.0308332821237633,0.409774123899684,0.160231135420468,0.0165,0.00789999999999999,0.000899999999999998,0,,0.025897438079473,0.00308564870861411,,,-0.0011522804,,TRUE,TRUE,TRUE,,-1.62408136761786,,,0.114643076809972,-0.0984483681112894,,,TRUE,TRUE,0.0616101063787937,0.394026517868042,0.519507048870245,0.950713006620036,0.950713006620036,-3.5330804259736,0.0403748564607185,TRUE,,,1.0522597454235,,0.201941907405853,FALSE,TRUE
1999-06-01,1372.71,16.448,41.02,0.054431,0.053398,0.0723,0.0802,0.0627,-0.0078,-0.016,0.0457,0.004,0.0119821375235847,0.0126344251213667,0.0298824952102046,0.400975134080936,0.154227446767241,0.017,0.00789999999999999,-0.0082,0,,0.0188685758967004,0.00240924648336713,,,-0.0011446288,,TRUE,TRUE,TRUE,,-1.50273791858527,,,0.112287325998266,0.147181008902077,,,TRUE,TRUE,0.0764452740550041,0.39733561873436,0.399961168645323,0.987721466905671,0.987721466905671,-3.56780748111906,0.0397287706729348,TRUE,,,1.0522597454235,,0.189696788787842,FALSE,TRUE
1999-07-01,1328.72,16.5123333333333,42,-0.03022,-0.031084,0.0719,0.0795,0.0639,-0.0077,-0.0113,0.0455,0.0038,0.0124272482790455,0.0120290034554519,0.0316093684147149,0.393150793650794,0.15879647268894,0.0184,0.0076,-0.0036,0.00300842358604081,,0.0193704373636396,0.00161117786918263,,,-0.0011695952,,TRUE,TRUE,TRUE,,-1.49331006010716,,,0.116489664848552,0.0615623383341957,,,TRUE,TRUE,-0.00643450859934092,0.405832022428513,0.383185706706635,0.950516733051736,0.950516733051736,-3.51058754451797,0.0337514846722895,TRUE,,,1.0522597454235,,0.211730808019638,FALSE,TRUE
1999-08-01,1320.41,16.5766666666667,42.98,-0.005004,-0.006251,0.074,0.0815,0.0649,-0.0053,-0.0026,0.0472,0.0039,0.012554181403251,0.0124756658036807,0.0325504956793723,0.385683263533426,0.156243026893102,0.0177,0.00749999999999999,0.0027,0.00239952009598077,,0.0188807361677844,0.00272984851578192,,,-0.0010558461,,TRUE,TRUE,TRUE,,-1.47781594733039,,,0.118933653976423,0.0794346978557505,,,TRUE,TRUE,0.0260478518903255,0.402801007032394,0.403838058284777,0.956140010100618,0.956140010100618,-3.48266539232687,0.0313500773233178,TRUE,,,0.534328812531343,,0.215668573975563,FALSE,TRUE
1999-09-01,1282.71,16.641,43.96,-0.028079,-0.029257,0.0739,0.082,0.0646,0.0084,0.0093,0.0468,0.0039,0.012973314311107,0.0126029036435653,0.0342711914618269,0.378548680618744,0.163684498229112,0.0178,0.0081,9e-04,0.00478755236385409,,0.0203796816642604,0.00270494318488189,,,-0.00098570256,,TRUE,TRUE,TRUE,,-1.50938590273123,,,0.11332904832719,0.107900677200903,,,TRUE,TRUE,0.0515341088175774,0.409937858581543,0.408586458641956,0.912672037181574,0.912672037181574,-3.4309640829958,0.0351718918565404,TRUE,,,-1.0768779019707,,0.233340799808502,FALSE,TRUE
1999-10-01,1362.93,16.658,45.3633333333333,0.064238,0.063512,0.0755,0.0838,0.0651,-0.0012,0.0047,0.0486,0.0039,0.012222197765109,0.0129865675016177,0.0332836853934783,0.367212873833493,0.157690660728922,0.0165,0.00830000000000002,0.0059,0.00178677784395465,,0.0204452330690416,0.00487597513027258,,,-0.00051504032,,TRUE,TRUE,TRUE,,-1.59073178246617,,,0.123922497054179,-0.112061939690302,,,TRUE,TRUE,0.09248998016119,0.409936368465424,0.427138569886858,0.947362891178205,0.947362891178205,-3.46199403607092,0.0420987401062361,TRUE,,,-0.526933781281054,,0.273511618375778,FALSE,TRUE
1999-11-01,1388.91,16.675,46.7666666666667,0.020822,0.019547,0.0736,0.0815,0.0662,-0.0061,-0.0024,0.0507,0.0036,0.0120058175115738,0.0122346708928558,0.0336714881933795,0.35655737704918,0.1555459671191,0.0155,0.0079,0.0037,0.000594530321046616,,0.0182804482750651,0.00135426721768709,,,0.00011071065,,TRUE,TRUE,TRUE,,-1.57585721676044,,,0.127206647415766,0.141349242771914,,,TRUE,TRUE,0.0541138984262943,0.424375057220459,0.418372278807979,0.960424826329414,0.960424826329414,-3.44965573434796,0.0560518674594491,TRUE,,,0.251718688733918,,0.223071157932281,FALSE,TRUE
1999-12-01,1469.25,16.692,48.17,0.062579,0.061549,0.0755,0.0819,0.0682,-0.0155,-0.0102,0.052,0.0044,0.01136089841756,0.0120180573255287,0.0327854347456185,0.346522731990866,0.147167259434962,0.0162,0.0064,0.0053,0,,0.0178887568851916,0.00114877493992192,,,6.4278e-05,,TRUE,TRUE,TRUE,,-1.58315314702108,,,0.133342564943048,0.0357860876558103,,,TRUE,TRUE,0.0696711391210556,0.394955813884735,0.506439597151856,1,1,-3.47867785975415,0.0672312589954355,TRUE,,,1.0522597454235,,0.155128940939903,TRUE,TRUE
2000-01-01,1394.46,16.7153333333333,49.0966666666667,-0.04963,-0.050296,0.0778,0.0833,0.0666,0.0228,-0.0021,0.0532,0.0041,0.0119869579144137,0.0113767795360445,0.0352083721775215,0.340457600651775,0.154654160043841,0.0134,0.00549999999999999,-0.0249,0.00297088532382661,,0.0253587832539086,0.0052062998391521,,,0.00062237216,,TRUE,TRUE,TRUE,,-1.68929366992094,,,0.13042987268184,0.0733695652173911,,,TRUE,TRUE,0.067987397313118,0.369307339191437,0.482270755077821,0.933255878624718,0.933255878624718,-3.410947397891,0.0721871524020569,TRUE,,,1.0522597454235,,0.140476167201996,TRUE,TRUE
2000-02-01,1366.42,16.7386666666667,50.0233333333333,-0.017458,-0.018666,0.0768,0.0829,0.0646,0.0264,0.0092,0.0555,0.0043,0.0122500158565204,0.0120036907954812,0.0366090465108337,0.334617178649963,0.16705643264149,0.0091,0.00609999999999999,-0.0172,0.00592417061611372,,0.0274188202037814,0.00300046617102019,,,0.00040469089,,TRUE,TRUE,TRUE,,-1.64372553890489,,,0.13200850094891,0.105605786618445,,,FALSE,TRUE,0.120011761784554,0.378816992044449,0.456949791088935,0.86397059450754,0.86397059450754,-3.37062247164738,0.102718995169919,TRUE,,,0.00174576486049474,,0.152233585715294,TRUE,TRUE
2000-03-01,1498.58,16.762,50.95,0.098488,0.097431,0.0768,0.0837,0.0618,0.0367,0.0169,0.0569,0.0047,0.0111852553750884,0.0122670921093075,0.0339988522467936,0.328989205103042,0.149973561789802,0.00489999999999999,0.0069,-0.0198,0.00824499411071833,,0.0182913889280301,0.00667831591736391,,,0.00018488374,,TRUE,TRUE,TRUE,,-1.67694995085861,,,0.134022025466638,-0.121360811252862,,,FALSE,TRUE,0.0921056345105171,0.347219049930573,0.425862974569609,0.93166839830828,0.93166839830828,-3.44214724741772,0.114999306441747,TRUE,,,0.245288649474774,,0.183208987116814,TRUE,TRUE
2000-04-01,1452.43,16.7426666666667,51.2733333333333,-0.031583,-0.032308,0.0764,0.084,0.063,-0.0076,-0.0115,0.0566,0.0046,0.0115273484206927,0.0111723542731564,0.0353017586619206,0.326537511376934,0.152600418197925,0.0064,0.00760000000000001,-0.0039,0.000584112149532912,,0.0119449439181795,0.00794174693414462,,,-0.00038694213,,TRUE,TRUE,TRUE,,-1.72035853713314,,,0.138424628297709,-0.0428145941921072,,,FALSE,TRUE,0.0287174247205257,0.342880725860596,0.452623285028791,0.915630667287669,0.915630667287669,-3.40199705988395,0.121552719780526,TRUE,,,0.0155856966178622,,0.199117332696915,TRUE,TRUE
2000-05-01,1420.6,16.7233333333333,51.5966666666667,-0.022304,-0.023617,0.0799,0.089,0.064,-0.0054,-0.0161,0.0579,0.005,0.0117720212116946,0.0115140373948027,0.0363203341311183,0.324116544996447,0.15566873114332,0.0061,0.00910000000000001,-0.0107,0.00116754232340921,,0.00917852632593898,0.00518542339430822,,,8.9130356e-06,,TRUE,TRUE,TRUE,,-1.62331232192159,,,0.139600591203109,0.129132633216647,,,FALSE,TRUE,0.0815542563796043,0.365408301353455,0.437149233336919,0.897582355339683,0.897582355339683,-3.37778878576743,0.088495995735273,TRUE,,,-0.526933781281054,,0.217033937573433,TRUE,TRUE
2000-06-01,1454.6,16.704,51.92,0.026219,0.025497,0.0767,0.0848,0.0622,0.0244,0.0326,0.0569,0.004,0.0114835693661488,0.0117584119386175,0.0356936614876942,0.321725731895223,0.156777961585262,0.00529999999999999,0.0081,0.0082,0.00524781341107872,,0.0071242105725142,0.00235975716718575,,,-0.00024674334,,TRUE,TRUE,TRUE,,-1.59661148864789,,,0.138466888213458,0.117464691698243,,,FALSE,TRUE,0.0480222068727016,0.364122420549393,0.477646897701914,0.89123243407393,0.89123243407393,-3.39199401495645,0.0847893753084825,TRUE,,,-0.526933781281054,,0.190907582640648,TRUE,TRUE
2000-07-01,1430.83,16.585,52.5133333333333,-0.012795,-0.013559,0.0765,0.0835,0.0611,0.0173,0.0179,0.0596,0.0048,0.0115911743533474,0.0114017599340025,0.0367013085644929,0.315824552494605,0.155674151006647,0.0015,0.00699999999999999,6e-04,0.00232018561484915,,0.00471223444699645,0.00206543289912241,,,7.1589538e-06,,TRUE,TRUE,TRUE,,-1.52565368983037,,,0.134993905475808,-0.152281134401973,,,TRUE,TRUE,0.0250777900218964,0.372028976678848,0.476720193620767,0.897551646424373,0.897551646424373,-3.36368336387161,0.0749443211633529,TRUE,,,-0.526933781281054,,0.144670888781548,TRUE,TRUE
2000-08-01,1517.68,16.466,53.1066666666667,0.062594,0.061275,0.0755,0.0826,0.0594,0.024,0.0135,0.0609,0.005,0.0108494544304465,0.0115080058427626,0.0349920053414861,0.310055234747678,0.146053064043633,-0.00149999999999999,0.0071,-0.0105,0,,0.00467463875741479,0.00103925287743066,,,-0.00027761545,,TRUE,TRUE,TRUE,,-1.45382929239705,,,0.130750931230962,0.203272727272727,,,TRUE,TRUE,0.0466870814561844,0.395111918449402,0.476442887892104,0.956676544701091,0.956676544701091,-3.4092995095165,0.0668251832727263,TRUE,,,-0.265008700961087,,0.100923277437687,TRUE,TRUE
2000-09-01,1436.51,16.347,53.7,-0.052088,-0.052795,0.0762,0.0835,0.0612,-0.0157,0.0046,0.06,0.0051,0.0113796632115335,0.0107710452796373,0.0373822667437052,0.304413407821229,0.153789462878596,0.0012,0.00729999999999999,0.0203,0.00520833333333326,,0.004468919426584,0.00159999524815914,,,-0.00050848747,,TRUE,TRUE,TRUE,,-1.55459696779203,,,0.133842582835726,-0.0670897552130554,,,FALSE,TRUE,0.0534372664988041,0.391446828842163,0.454022494790836,0.90855055625788,0.90855055625788,-3.34293917168083,0.0478601123083502,TRUE,,,-1.06304960348688,,0.0815486013889313,TRUE,TRUE
2000-10-01,1429.4,16.3216666666667,52.4666666666667,-0.00412,-0.004829,0.0755,0.0834,0.06,0.0187,0.0045,0.0611,0.0056,0.0114185439111982,0.01136202787775,0.036705377547689,0.311086404066074,0.14930078887158,-0.0011,0.0079,-0.0142,0.0017271157167531,,0.00374428339759022,0.00556820931817075,,,-0.0013389528,,TRUE,TRUE,FALSE,,-1.64373901722936,,,0.128440676129872,0.0592808551992225,,,TRUE,TRUE,0.0724043175578117,0.401753753423691,0.448153332451176,0.935866136426062,0.935866136426062,-3.3606450722899,0.0484122869410007,TRUE,,,-1.63775807808909,,0.102894902229309,FALSE,TRUE
2000-11-01,1314.95,16.2963333333333,51.2333333333333,-0.078268,-0.079557,0.0745,0.0828,0.0576,0.0319,0.0263,0.0617,0.0051,0.0123931201439852,0.0114008208572361,0.0389621912113262,0.318080676642811,0.157280892925701,-0.0041,0.0083,-0.0056,0.000574712643678144,,0.00115745086950226,0.00327241438921082,,,-0.0018525551,,TRUE,TRUE,TRUE,,-1.54382845529782,,,0.127215668048543,0.0278287461773699,,,FALSE,TRUE,-0.0179781280457973,0.422434389591217,0.460106987063856,0.888382476128084,0.888382476128084,-3.30078746294685,0.0602343005024403,TRUE,,,-2.68533577651543,,0.104797273874283,FALSE,TRUE
2000-12-01,1320.28,16.271,50,0.00572,0.004861,0.0721,0.0802,0.0558,0.0243,0.027,0.0577,0.005,0.0123239009906989,0.0123738545191832,0.0378707546883994,0.32542,0.151851503649205,-0.00189999999999999,0.0081,0.0027,-0.000574382538770735,,-0.00226174682514346,0.00529924807329229,,,-0.00052485301,,TRUE,TRUE,TRUE,,-1.70202297304022,,,0.122446594204034,-0.204998512347516,,,FALSE,TRUE,0.00931962393224239,0.429719030857086,0.497582144831675,0.920145730863654,0.920145730863654,-3.32464937905387,0.0654348787820046,TRUE,,,-2.68533577651543,,0.129071921110153,FALSE,TRUE
2001-01-01,1366.01,16.1716666666667,48.48,0.032372,0.031555,0.0715,0.0793,0.0562,5e-04,0.0359,0.0515,0.0054,0.0118386151394695,0.012248664424718,0.03549022335122,0.33357398239824,0.150449666221905,0.0047,0.00779999999999999,0.0354,0.0063218390804598,,-0.00319259613620702,0.00494101796350665,,,-0.0015650504,,TRUE,TRUE,TRUE,,-1.82900542163343,,,0.116178931160881,0.0711077844311379,,,FALSE,TRUE,0.0680053383111954,0.401715189218521,0.466570282261886,0.962576830311989,0.928719489413102,-3.38881083286069,0.0765315155058136,TRUE,,,-2.17734127385134,,0.133858144283295,FALSE,TRUE
2001-02-01,1239.94,16.0723333333333,46.96,-0.090952,-0.092131,0.071,0.0787,0.0549,0.0191,0.0127,0.0488,0.0038,0.0129621863423499,0.011765897272592,0.0378728002967886,0.342255820556502,0.15607009127122,0.0061,0.00770000000000001,-0.0064,0.00399771559109086,,-0.00685572590026354,0.00252841022848019,,,-0.0022728464,,TRUE,TRUE,TRUE,,-1.95791757967798,,,0.108151281766252,-0.0443745632424878,,,FALSE,TRUE,-0.0021490971557796,0.40846848487854,0.321456916879011,0.927912125220147,0.895274068538887,-3.32326418670659,0.0733365310927988,TRUE,,,-2.4134742659674,,0.125163897871971,FALSE,TRUE
2001-03-01,1160.33,15.973,45.44,-0.063706,-0.064587,0.0698,0.0784,0.0559,-0.0074,-0.0029,0.0442,0.0042,0.0137659114217507,0.01288207493911,0.0391612730861048,0.351518485915493,0.133113551448231,0.0117,0.0086,0.0045,0.00227531285551752,,-0.0052134481194394,0.00713959453163936,,,-0.0018640665,,TRUE,TRUE,TRUE,,-1.89447421120855,,,0.104609895182724,-0.0358318098720293,,,FALSE,TRUE,0.0265881344676018,0.421150863170624,0.306967058210297,0.873405925747792,0.842685051070632,-3.28780894797401,0.0664471931474476,TRUE,,,-2.68533577651543,,0.178039446473122,FALSE,TRUE
2001-04-01,1249.46,15.8773333333333,42.5566666666667,0.077824,0.076981,0.072,0.0807,0.0593,-0.0313,-0.0128,0.0387,0.0039,0.0127073562445643,0.0136834636123631,0.0340600472737556,0.373086864572726,0.122496900603682,0.0206,0.0087,0.0185,0.003972758229285,,-0.00254302113243642,0.00742626114165442,,,-0.0010245789,,TRUE,TRUE,TRUE,,-1.76821409870093,,,0.0995284491140715,0.08001516875237,,,FALSE,TRUE,0.0437068901956081,0.434295892715454,0.363111291635656,0.949103675830899,0.915720234957323,-3.42975282519653,0.0503402733141179,TRUE,,,-2.68533577651543,,0.276028335094452,FALSE,TRUE
2001-05-01,1255.82,15.7816666666667,39.6733333333333,0.006859,0.00533,0.0729,0.0807,0.0594,0.0037,0.0132,0.0362,0.0032,0.0125668222091276,0.0126307898345419,0.0315915762874722,0.397790287346664,0.120510187998605,0.0232,0.0078,0.0095,0.00452232899943472,,-0.000248285771581836,0.00253623740110153,,,-0.0011840987,,TRUE,TRUE,TRUE,,-1.77698635252228,,,0.0932599483640972,-0.0031601123595506,,,FALSE,TRUE,0.0510958284139633,0.43042454123497,0.384651175677339,0.96242873472383,0.930816225908429,-3.50736233606523,0.0442439747792831,TRUE,,,-1.63482179595243,,0.302467614412308,FALSE,TRUE
2001-06-01,1224.42,15.686,36.79,-0.024505,-0.025183,0.0718,0.0797,0.059,0.0085,0.0055,0.0349,0.0028,0.0128109635582562,0.012490643563568,0.030046879338789,0.426365860288122,0.125209432831343,0.0241,0.00789999999999999,-0.003,0.00168823860438949,,0.00504076016962763,0.00150835829542523,,,-0.0015922058,,TRUE,TRUE,TRUE,,-1.79616928969919,,,0.0864884579143901,-0.0711518140190208,,,FALSE,TRUE,0.0399293974041939,0.423027396202087,0.509752765419954,0.926307470858852,0.895881422641683,-3.55644975394128,0.0428280702660094,TRUE,,,-1.36806733013085,,0.265809267759323,FALSE,TRUE
2001-07-01,1211.23,15.7026666666667,33.9633333333333,-0.009317,-0.010248,0.0713,0.0797,0.0561,0.0376,0.0361,0.0351,0.003,0.0129642319515424,0.0128245754452448,0.0280403666796012,0.462341741093336,0.124966583282288,0.021,0.00839999999999999,-0.0015,-0.0028089887640449,,0.0079138394021077,0.00289961342819062,,,-0.0020270501,,TRUE,TRUE,TRUE,,-1.78641845147303,,,0.0785903175425391,0.012514220705347,,,FALSE,TRUE,0.0450971201062202,0.447809278964996,0.510083459556217,0.928107624678953,0.897622447534671,-3.62518341006666,0.0441475620159462,TRUE,,,-2.4211078484237,,0.211925074458122,FALSE,TRUE
2001-08-01,1133.58,15.7193333333333,31.1366666666667,-0.063435,-0.064933,0.0702,0.0785,0.0546,0.0206,0.0156,0.0336,0.0031,0.0138669818921764,0.0129779920686685,0.0274675511800373,0.504849587838561,0.132164143814656,0.021,0.0083,-0.005,0,,0.00991832815652033,0.00222152121651241,,,-0.0026412673,,TRUE,TRUE,TRUE,,-1.60596793641359,,,0.0759724503090222,-0.00187265917602997,,,FALSE,TRUE,0.00229039485566318,0.445516854524612,0.532802981078583,0.877563962349355,0.848738972513815,-3.64325433715625,0.0417669652991861,TRUE,,,-2.68533577651543,,0.207179233431816,FALSE,TRUE
2001-09-01,1040.94,15.736,28.31,-0.080361,-0.081352,0.0717,0.0803,0.0542,0.0081,-0.0152,0.0264,0.0028,0.0151171056929314,0.0138816845745338,0.0271965723288566,0.555845990815966,0.148628588215564,0.0278,0.0086,-0.0233,0.00450704225352117,,0.00865273887428187,0.00716759367729192,,,-0.001822915,,TRUE,TRUE,TRUE,,-1.85493622814753,,,0.0694290560678041,-0.120450281425891,,,FALSE,TRUE,0.094564825296402,0.422674417495728,0.547722367906575,0.780351246083938,0.754719363165338,-3.65087975473945,0.0433195154934707,TRUE,,,-2.68533577651543,,0.2788425385952,FALSE,TRUE
2001-10-01,1059.78,15.7373333333333,27.1033333333333,0.01954,0.018546,0.0703,0.0791,0.0506,0.0464,0.0437,0.0216,0.0022,0.0148496228777042,0.0151183865864827,0.0255744903030189,0.580641987455418,0.144901399571071,0.029,0.0088,-0.00269999999999999,-0.00336511497476177,,0.0107492699090078,0.00324977253340851,,,-0.0013347395,,TRUE,TRUE,TRUE,,-1.72560136673222,,,0.06522222780898,-0.0955631399317407,,,FALSE,TRUE,-0.0238152276724577,0.431267648935318,0.506889571428373,0.800423710874658,0.774132515793766,-3.71084641446618,0.0460451005710539,TRUE,,,-2.68533577651543,,0.270105212926865,FALSE,TRUE
2001-11-01,1139.45,15.7386666666667,25.8966666666667,0.078787,0.077259,0.0697,0.0781,0.0553,-0.0471,-0.0188,0.0187,0.0017,0.0138125118843887,0.0148508810004592,0.0227273392133632,0.607748745012228,0.133481366666032,0.0366,0.0084,0.0283,-0.00168823860438927,,0.0111617704310951,0.00218935800969455,,,-0.0010598798,,TRUE,TRUE,TRUE,,-1.6680049944964,,,0.05769906835115,-0.0820754716981131,,,FALSE,TRUE,0.0195607468485832,0.437625586986542,0.508374319133149,0.868903643701843,0.840363115863031,-3.82963797143848,0.0447011401314995,TRUE,,,-2.43926635417131,,0.279667437076569,FALSE,TRUE
2001-12-01,1148.08,15.74,24.69,0.009051,0.007849,0.0677,0.0805,0.0575,-0.0183,-0.009,0.0169,0.0015,0.0137098460037628,0.0138136820395805,0.0215054700020904,0.637505062778453,0.131217845913788,0.0406,0.0128,0.0093,-0.00394588500563708,,0.0134648260127588,0.00179795810025228,,,-0.0013361672,,TRUE,TRUE,TRUE,,-1.76475786444602,,,0.0558177686032115,0.025693730729702,,,FALSE,TRUE,-0.00978338439017534,0.442054897546768,0.522040159886854,0.883892283593463,0.854859429940169,-3.889094897395,0.0392759879066443,TRUE,,,-1.37059386786069,,0.213865339756012,FALSE,TRUE
2002-01-01,1130.2,15.7366666666667,24.6933333333333,-0.014324,-0.01532,0.0655,0.0787,0.0569,0.0138,0.0175,0.0165,0.0014,0.0139237892998289,0.0137069426056256,0.0218486403586386,0.637284017278618,0.132560548667954,0.0404,0.0132,0.0037,0.00226372382569329,,0.0111912932944729,0.00218387954523327,,,-0.0020042449,,TRUE,TRUE,TRUE,,-1.8205205562401,,,0.0610009529358146,-0.0125250501002004,,,FALSE,TRUE,0.0560127906501293,0.428195208311081,0.5036437636665,0.87494002427253,0.846201221873619,-3.87278762953238,0.0386333959063736,TRUE,,,-1.36806733013085,,0.220666825771332,FALSE,TRUE
2002-02-01,1106.73,15.7333333333333,24.6966666666667,-0.019481,-0.020973,0.0651,0.0789,0.0563,0.0115,0.013,0.0172,0.0013,0.0142160539005298,0.013920839969327,0.0223149879976748,0.637063031448239,0.130119085686796,0.0391,0.0138,0.0015,0.00395256916996067,,0.0124990245175836,0.00256784302992628,,,-0.0018207545,,TRUE,TRUE,TRUE,,-1.7948092600388,,,0.0596702065418304,0.105022831050228,,,FALSE,TRUE,0.00688322773203254,0.436714738607407,0.484538198754562,0.891356615675538,0.862078584114278,-3.85042937251542,0.0438700780753136,TRUE,,,-2.15665623037389,,0.245132744312286,FALSE,TRUE
2002-03-01,1147.39,15.73,24.7,0.037572,0.03669,0.0681,0.0811,0.0604,-0.0436,-0.0295,0.0179,0.0013,0.0137093751906501,0.0142130420247034,0.0215271180679629,0.636842105263158,0.236833402300857,0.0425,0.013,0.0141,0.00562429696287969,,0.0137594522428471,0.00201482092390298,,,-0.0022385902,,TRUE,TRUE,TRUE,,-1.8625488251849,,,0.0654404775921309,0.203397612488522,,,FALSE,TRUE,0.0375882536172867,0.443358361721039,0.491615461740708,0.917623338319551,0.887482534304418,-3.88989511472832,0.0420566291576226,TRUE,,,-1.08886363736882,,0.267917573451996,FALSE,TRUE
2002-04-01,1076.92,15.833,25.38,-0.061001,-0.061826,0.0676,0.0803,0.0575,0.041,0.0253,0.0171,0.0015,0.0147021134346098,0.0137991441445367,0.0235672101920291,0.623837667454689,0.247732312552071,0.0404,0.0127,-0.0157,0.00559284116331105,,0.0151068542339132,0.002319777961585,,,-0.0020475182,,TRUE,TRUE,TRUE,,-1.86269102132389,,,0.0688733275451607,0.0423502479969478,,,FALSE,TRUE,0.0325047895312309,0.465506285429001,0.496637930489742,0.877252617764105,0.848437854538692,-3.79868709853478,0.0436674728151509,TRUE,,,-2.12970066939876,,0.269031584262848,FALSE,TRUE
2002-05-01,1067.14,15.936,26.06,-0.0078,-0.009438,0.0675,0.0809,0.0578,0.0015,0.0113,0.0173,0.0014,0.0149333733155912,0.0147977565650188,0.0244204134415353,0.61151189562548,0.248255614069257,0.0405,0.0134,0.0098,0,,0.0222773365005135,0.0041016101887378,,,-0.002141779,,TRUE,TRUE,TRUE,,-1.84939346217125,,,0.0714487132318409,-0.0713762811127379,,,FALSE,TRUE,0.0825807526707649,0.46840626001358,0.47648633152274,0.888098791679194,0.846649060221889,-3.76264869386868,0.0391646483186308,TRUE,,,-2.68533577651543,,0.29005628824234,FALSE,TRUE
2002-06-01,989.81,16.039,26.74,-0.071349,-0.072611,0.0663,0.0795,0.0566,0.0187,0.0073,0.017,0.0013,0.0162041199826229,0.0150298929849879,0.0270152857619139,0.59981301421092,0.266572501776804,0.0396,0.0132,-0.0114,0.000556173526140125,,0.0275227647117822,0.00370794665673043,,,-0.0026067905,,TRUE,TRUE,TRUE,,-1.92376604894958,,,0.0782333991195818,0.05597162002365,,,FALSE,TRUE,0.0590240173041821,0.447961062192917,0.484855412150274,0.869115441574011,0.788473579243503,-3.6594757090258,0.0437188393497851,TRUE,,,-2.68533577651543,,0.310606688261032,FALSE,TRUE
2002-07-01,911.62,15.959,27.84,-0.073987,-0.075074,0.0653,0.079,0.0544,0.0303,0.0094,0.0168,0.0015,0.0175061977578377,0.0161232963902163,0.030539040389636,0.573239942528736,0.282032194482979,0.0376,0.0137,-0.0209,0.00111172873818788,,0.0284410315096361,0.0153427906995234,,,-0.0024205352,,TRUE,TRUE,TRUE,,-2.09077155839404,,,0.0764850045633478,0.00858529301978361,,,FALSE,TRUE,0.0764985159039497,0.452624589204788,0.493893244702325,0.821474812533791,0.745253340021053,-3.53420066401569,0.0406118592664102,TRUE,,,-2.68533577651543,,0.422387331724167,FALSE,TRUE
2002-08-01,916.07,15.879,28.94,0.007061,0.005401,0.0637,0.0758,0.051,0.0464,0.0452,0.0162,0.0014,0.0173338282009017,0.0174184418946491,0.0315914722674031,0.548686938493435,0.284411555995003,0.0348,0.0121,-0.0012,0.00333148250971682,,0.0247476915700452,0.00940929090761652,,,-0.0029084989,,TRUE,TRUE,TRUE,,-1.91363163778175,,,0.0739513365550213,0.0721687638786084,,,FALSE,TRUE,0.0248625706881285,0.459700465202332,0.488810111152613,0.814602383582896,0.739018577187712,-3.49658565311684,0.0401570479182305,TRUE,,,-2.68533577651543,,0.462107509374619,TRUE,TRUE
2002-09-01,815.29,15.799,30.04,-0.108965,-0.110421,0.0615,0.074,0.048,0.0417,0.033,0.0163,0.0014,0.0193783806988924,0.0172464986300174,0.0368457849354218,0.525932090545939,0.324555155463847,0.0317,0.0125,-0.0087,0.00166021029330388,,0.0292992939654573,0.00736611284176941,,,-0.0032126151,,TRUE,TRUE,TRUE,,-1.97355490423467,,,0.0733813801988301,0.0559199171556783,,,FALSE,TRUE,-0.060482881963253,0.455005496740341,0.479583206711656,0.713845936860911,0.64761093169143,-3.33898398252557,0.0398295047343266,FALSE,,,-2.68533577651543,,0.483692646026611,TRUE,TRUE
2002-10-01,885.76,15.8906666666667,29.2233333333333,0.088599,0.087103,0.0632,0.0773,0.0508,-0.0294,-0.024,0.0158,0.0014,0.0179401493256262,0.0194908151291769,0.0329923831888247,0.543766396714954,0.293437063754566,0.035,0.0141,0.0054,0.00165745856353605,,0.02567093887794,0.0115896355277357,,,-0.0037533659,,TRUE,TRUE,TRUE,,-1.94835618977804,,,0.0698818482410761,-0.11147433801896,,,TRUE,TRUE,0.0201061926782131,0.462413609027863,0.460521843086837,0.789547025222726,0.716288008680387,-3.45012218020902,0.0384005990757247,TRUE,,,-2.68533577651543,,0.470235466957092,TRUE,TRUE
2002-11-01,936.31,15.9823333333333,28.4066666666667,0.059019,0.057288,0.0631,0.0762,0.0521,-0.0122,0.013,0.0123,0.0012,0.0170694890937118,0.0180436386078998,0.0303389546909321,0.56262614409763,0.27697549934051,0.0398,0.0131,0.0252,0,,0.0229075946954252,0.00444907514003573,,,-0.0041663869,,TRUE,TRUE,TRUE,,-1.91226778389473,,,0.0740576379695472,-0.0114054451802795,,,TRUE,TRUE,0.027777710929513,0.448779076337814,0.462761063900305,0.836472109259303,0.758859095554202,-3.5350241256732,0.0436301614632853,TRUE,,,-2.16740484362328,,0.423098981380463,TRUE,TRUE
2002-12-01,879.82,16.074,27.59,-0.058834,-0.060464,0.0621,0.0745,0.0484,0.0507,0.0361,0.0119,0.0011,0.0182696460639676,0.0171673911418227,0.0313586870041599,0.582602392171076,0.295385895618367,0.0365,0.0124,-0.0146,-0.00220628792057365,,0.0257359780587953,0.00263953800327352,,,-0.0041443054,,TRUE,TRUE,TRUE,,-1.74881586715553,,,0.0670741339217535,0.161518422032006,,,FALSE,TRUE,0.0698799714446068,0.470560938119888,0.468308961978125,0.784337932817752,0.711562247824359,-3.50177308596095,0.0417224654611198,TRUE,,,-2.14924633787566,,0.383449286222458,TRUE,TRUE
2003-01-01,855.7,16.124,28.5,-0.026579,-0.02786,0.0617,0.0735,0.0495,-0.0106,0.0021,0.0117,0.001,0.0188430524716606,0.0183264758700643,0.0333060652097698,0.565754385964912,0.305942307150939,0.0378,0.0118,0.0127,0.00442233278054172,,0.0282889532684312,0.00516757443019128,,,,,TRUE,TRUE,TRUE,,-1.86598169448074,,,0.0741565723207493,0.0736943287407881,,,TRUE,TRUE,0.0309901423752308,0.468567490577698,0.464387860813615,0.757275099315954,0.68701047003407,-3.44171712700096,0.0370470047296444,TRUE,,,-2.4211078484237,,0.388320952653885,FALSE,TRUE
2003-02-01,841.15,16.174,29.41,-0.015246,-0.017225,0.0595,0.0706,0.0472,0.0329,0.0264,0.0117,9e-04,0.0192284372585151,0.0189014841650111,0.034964037329846,0.549948996939816,0.312251320581896,0.0355,0.0111,-0.0065,0.00770500825536602,,0.0279187073558939,0.00256411972790698,,,,,TRUE,TRUE,TRUE,,-1.73145640969936,,,0.0739449353557466,0.0969859743360191,,,FALSE,TRUE,0.0601336918771267,0.471706390380859,0.47817524997119,0.741974095578383,0.673129187288556,-3.39169396271636,0.0287589660716802,TRUE,,,-2.68533577651543,,0.425845503807068,TRUE,TRUE
2003-03-01,848.18,16.224,30.32,0.010308,0.008967,0.0589,0.0695,0.0486,-0.0135,-0.008,0.0113,0.001,0.0191280152797755,0.0192878796885217,0.035747129147115,0.53509234828496,0.286117700799217,0.0373,0.0106,0.0055,0.00600764609503002,,0.024098596953969,0.00613611793454985,,,,,TRUE,TRUE,TRUE,,-1.7378831495229,,,0.069917815547158,-0.152883569096844,,,TRUE,TRUE,0.004931281786412,0.483050674200058,0.498527400033187,0.769826416213868,0.681749009210969,-3.36867743586089,0.0255895353883043,TRUE,,,-2.68533577651543,,0.505464017391205,TRUE,TRUE
2003-04-01,916.92,16.2043333333333,31.73,0.082774,0.081462,0.0574,0.0685,0.0481,0.0102,0.0229,0.0113,0.001,0.0176725704896101,0.0191048283776242,0.0346049818959124,0.51069440067234,0.269654030609894,0.0368,0.0111,0.0127,-0.0021715526601519,,0.0199668816590958,0.00306480975385649,,,,,TRUE,TRUE,TRUE,,-1.75533556245804,,,0.0625518612090863,-0.162170841361593,,,FALSE,TRUE,0.0177452769130468,0.483305543661118,0.490117948553596,0.819088619038972,0.723373237862728,-3.40259364563757,0.0274684329391261,TRUE,,,-0.53946330078769,,0.490589082241058,TRUE,TRUE
2003-05-01,963.59,16.1846666666667,33.14,0.053251,0.051508,0.0522,0.0638,0.0436,0.0592,0.0471,0.0107,9e-04,0.0167962169249024,0.0176511218717736,0.0343922207577912,0.488372560852947,0.258375506107509,0.0329,0.0116,-0.0121,-0.00163220892274218,,0.00644810898655271,0.00222831950085016,,,,,TRUE,TRUE,TRUE,,-1.73685437267079,,,0.0608917521812611,0.133001149865849,,,FALSE,TRUE,0.031141821295023,0.457266241312027,0.471768845789785,0.8916913931639,0.754949680030163,-3.40500240755104,0.0318679327739728,TRUE,,,0.816993959872619,,0.460800886154175,TRUE,TRUE
2003-06-01,974.51,16.165,34.55,0.012816,0.011351,0.0497,0.0619,0.0452,-0.0154,-0.0143,0.0092,0.001,0.0165878236241804,0.0167758071378906,0.0354537152004597,0.467872648335745,0.25448833726539,0.036,0.0122,0.0011,0.00108991825613081,,0.00126188712810207,0.00199770068155441,,,,,TRUE,TRUE,TRUE,,-1.88241554902334,,,0.0607854467277695,0.0199594046008118,,,FALSE,TRUE,-0.0107396217063069,0.439065456390381,0.325635749814861,0.957987099525561,0.766480877729042,-3.37228479459211,0.03432564229871,TRUE,,,0.816993959872619,,0.368189424276352,TRUE,TRUE
2003-07-01,990.31,16.3053333333333,35.8933333333333,0.017932,0.016505,0.0549,0.0662,0.0542,-0.0982,-0.0881,0.009,7e-04,0.0164648780011646,0.0167318276193506,0.0362445429545631,0.45427191679049,0.247643334789637,0.0452,0.0113,0.0101,0.00108873162765377,,0.000271575630583239,0.00204601559013454,,,,,TRUE,TRUE,TRUE,,-1.78925627617154,,,0.0645310715452974,0.0135986733001658,,,FALSE,TRUE,0.0421242415904999,0.442003756761551,0.349892918867152,0.990430139589961,0.787666617191192,-3.35649483516556,0.0365798496231974,TRUE,,,1.0522597454235,,0.346143186092377,TRUE,TRUE
2003-08-01,1008.01,16.4456666666667,37.2366666666667,0.019597,0.018014,0.0588,0.0701,0.0532,0.0166,0.0219,0.0095,7e-04,0.016314983647649,0.0166065844701827,0.0369407710902339,0.441652493062394,0.242856073345992,0.0437,0.0113,0.0053,0.00380641653072322,,0.00291701332774773,0.000966056371568094,,,,,TRUE,TRUE,TRUE,,-1.56567163948263,,,0.0609713124242228,0.0392670157068065,,,FALSE,TRUE,0.0349165312945843,0.442163079977036,0.34848417974958,0.998612775615395,0.803193385982063,-3.34197773231686,0.0325071460370846,TRUE,,,1.0522597454235,,0.320343613624573,TRUE,TRUE
2003-09-01,995.97,16.586,38.58,-0.010737,-0.012107,0.0572,0.0679,0.049,0.0546,0.0503,0.0094,8e-04,0.0166531120415274,0.0164542018432357,0.0387361065092322,0.429911871435977,0.246541782633706,0.0396,0.0107,-0.0043,0.00325027085590457,,0.00732340625578626,0.00186908854168129,,,,,TRUE,TRUE,TRUE,,-1.80361734867176,,,0.0660263722572356,-0.0809193954659949,,,FALSE,TRUE,0.0261936392635107,0.418175429105759,0.345307746311821,0.960237619744221,0.79118620009588,-3.29279663198487,0.0320435458024363,TRUE,,,1.0522597454235,,0.320189654827118,TRUE,TRUE
2003-10-01,1050.71,16.8523333333333,41.9666666666667,0.05556,0.05397,0.057,0.0673,0.0518,-0.0283,-0.0203,0.0092,7e-04,0.0160389958535974,0.0169205230411893,0.0399412460780488,0.401564733915806,0.233308966674458,0.0426,0.0103,0.008,-0.0010799136069114,,0.00721142286797281,0.00140761265959356,,,,,TRUE,TRUE,TRUE,,-1.73727168569749,,,0.0658894465784972,0.00171291538197993,,,FALSE,TRUE,0.0080649871379137,0.416802167892456,0.341085911709252,0.998791396701104,0.83606045561794,-3.26235104687682,0.0292177287445078,TRUE,,,1.0522597454235,,0.299130082130432,TRUE,TRUE
2003-11-01,1058.2,17.1186666666667,45.3533333333333,0.009259,0.007606,0.0565,0.0666,0.0519,-0.0027,0.0052,0.0093,7e-04,0.0161771561771562,0.0162924752468965,0.0428589428589429,0.377451124503895,0.233754152107335,0.0426,0.0101,0.0079,-0.00270270270270268,,0.0100007905220364,0.000919663063489814,,,,,TRUE,TRUE,TRUE,,-1.86143957448425,,,0.0712081656225108,0.0372777017783859,,,FALSE,TRUE,0.0544643439352512,0.439504742622375,0.338892717671237,0.992290885188965,0.834468710174375,-3.19194213023986,0.0275106173448399,TRUE,,,1.0522597454235,,0.296932399272919,TRUE,TRUE
2003-12-01,1111.92,17.385,48.74,0.05178,0.050107,0.0562,0.066,0.0511,0.0139,0.0139,0.009,8e-04,0.0156351176343622,0.0164288414288414,0.0438340887833657,0.356688551497743,0.218739864754122,0.0421,0.0098,0,-0.00108401084010834,,0.00694631137132979,0.000893700000177375,,,,,TRUE,TRUE,TRUE,,-1.84834600360911,,,0.0701441480787093,0.0718760303330037,,,TRUE,TRUE,0.0138054946437478,0.412255883216858,0.334615854743106,1,0.891745955379946,-3.16915698439285,0.0253279871881969,TRUE,,,1.0522597454235,,0.244238317012787,TRUE,TRUE
2004-01-01,1131.13,17.598,49.8266666666667,0.019078,0.017991,0.0554,0.0644,0.0499,0.0187,0.0187,0.0088,7e-04,0.0155578934339996,0.0158266781782862,0.0440503449353007,0.353184372491303,0.218027721020169,0.0411,0.009,0,0.00488334237655974,,0.00688650171412668,0.000978793352101841,,,,,TRUE,TRUE,TRUE,,-1.95598709216828,,,0.070308720156504,0.0199938480467547,,,TRUE,TRUE,0.0553468242287636,0.391864240169525,0.323303717635169,0.979963578637161,0.894659037207263,-3.16308407780919,0.0239081393606734,TRUE,,,1.0522597454235,,0.232105568051338,TRUE,TRUE
2004-02-01,1144.94,17.811,50.9133333333333,0.014403,0.012716,0.055,0.0627,0.0483,0.023,0.0178,0.0093,6e-04,0.0155562736911978,0.0157462007019529,0.0444681235115668,0.349829776090088,0.216053220356919,0.039,0.00769999999999999,-0.0052,0.00539956803455732,,0.00936131884558922,0.00061075094195149,,,,,TRUE,TRUE,TRUE,,-1.99902539016718,,,0.0749708815563981,0.0880579010856455,,,TRUE,TRUE,0.0633748173713684,0.418229401111603,0.325073494487363,0.985678497257327,0.902835285908532,-3.15297232029263,0.024720585901496,TRUE,,,1.0522597454235,,0.205084964632988,TRUE,TRUE
2004-03-01,1126.21,18.024,52,-0.014982,-0.016267,0.0533,0.0611,0.0474,0.0141,0.0118,0.0094,9e-04,0.0160041200131414,0.0157423096406799,0.0461725610676517,0.346615384615385,0.281731465479788,0.038,0.0078,-0.0023,0.00644468313641244,,0.0122820386265798,0.00198124951106858,,,,,TRUE,TRUE,TRUE,,-2.03909901613756,,,0.0696138904303334,-0.00914634146341464,,,TRUE,TRUE,0.0388035289943218,0.426141887903214,0.343093324934959,0.964610670814048,0.883538144737942,-3.11295433394445,0.024430738460027,TRUE,,,1.0522597454235,,0.279831171035767,TRUE,TRUE
2004-04-01,1107.3,18.2166666666667,53.3833333333333,-0.015584,-0.016719,0.0573,0.0646,0.0531,-0.0588,-0.0534,0.0094,8e-04,0.01645142839941,0.0161751952714562,0.0482103615400825,0.341242585076491,0.285371866800579,0.0437,0.0073,0.0054,0.00320170757737448,,0.0137662821908846,0.00123093766488628,,,,,TRUE,TRUE,TRUE,,-2.01982799599045,,,0.0719770637608175,0.0436363636363637,,,TRUE,TRUE,0.0215073470026255,0.446392595767975,0.329671242450835,0.952305428536837,0.872267119793773,-3.07476175885212,0.0244950115473233,TRUE,,,1.0522597454235,,0.299337893724442,TRUE,TRUE
2004-05-01,1120.68,18.4093333333333,54.7666666666667,0.013629,0.012024,0.0604,0.0675,0.0539,-0.0051,-0.0071,0.0102,6e-04,0.0164269312679207,0.016625425208465,0.048869138975146,0.336141205112599,0.286411573890042,0.0437,0.0071,-0.002,0.00585106382978728,,0.0163300825380589,0.000977615306359392,,,,,TRUE,TRUE,TRUE,,-1.81015272033836,,,0.0778343980542031,0.0694183864915572,,,TRUE,TRUE,0.00647107884287834,0.418784528970718,0.329950736312089,0.948848449854252,0.869100689415149,-3.06472912214807,0.0230586581410791,TRUE,,,1.0522597454235,,0.330601125955582,TRUE,TRUE
2004-06-01,1140.84,18.602,56.15,0.019488,0.018019,0.0601,0.0678,0.0532,0.0121,0.0093,0.0127,8e-04,0.0163055292591424,0.0165988506977906,0.0492181199817678,0.331291184327694,0.279631602954536,0.0405,0.0077,-0.0028,0.00317292437863559,,0.014491426386878,0.000770770383604549,,,,,TRUE,TRUE,TRUE,,-1.875967085368,,,0.0686650522666348,-0.0746867167919799,,,FALSE,TRUE,0.0105415303260088,0.406128853559494,0.347504860208735,0.97185430771953,0.890172976495737,-3.05770885477145,0.0246699819404713,TRUE,,,1.0522597454235,,0.276379346847534,TRUE,TRUE
2004-07-01,1101.72,18.789,56.69,-0.032954,-0.034111,0.0582,0.0662,0.0523,0.0155,0.0184,0.0133,0.001,0.0170542424572487,0.0164694435678973,0.0514559053116944,0.331434115364262,0.28778830952759,0.039,0.00799999999999999,0.0029,-0.00158144438587238,,0.0147206722252333,0.000777094287085409,,,,,TRUE,TRUE,TRUE,,-1.95511822138225,,,0.0747763344008936,0.184182015167931,,,FALSE,TRUE,0.0228458158671856,0.432738184928894,0.341566402413894,0.944309302737085,0.864943043492354,-3.01104693102417,0.0259772708374501,TRUE,,,0.783645144149397,,0.242845013737679,TRUE,TRUE
2004-08-01,1104.24,18.976,57.23,0.003807,0.002019,0.0565,0.0646,0.0493,0.0395,0.0395,0.0148,0.0011,0.0171846699992755,0.0172239770540609,0.0518275012678403,0.331574349117596,0.286820615849152,0.0345,0.0081,0,0.000527983104540608,,0.0142787015427655,0.00144285203552023,,,,,TRUE,TRUE,TRUE,,-1.92772258281859,,,0.0741186130028257,-0.0340805123513267,,,FALSE,TRUE,-0.0138301327824593,0.428100824356079,0.355845997713211,0.947495273661957,0.867861243472223,-3.00174376117152,0.026637411061228,TRUE,,,0.22801003703272,,0.273515284061432,TRUE,TRUE
2004-09-01,1114.58,19.163,57.77,0.010817,0.009347,0.0546,0.0627,0.0488,0.0096,0.0101,0.0165,0.0011,0.0171930233810045,0.0173540172426284,0.0518311830465287,0.33171196122555,0.28948530148498,0.0323,0.00809999999999999,5e-04,0.00211081794195245,,0.00913224599802482,0.000705683184778525,,,,,TRUE,TRUE,TRUE,,-1.88294904815685,,,0.074064018675517,0.17357328913095,,,FALSE,TRUE,0.00408000545576215,0.428601980209351,0.352393960817408,0.938773666613893,0.859872660364515,-3.00023325407807,0.0245044231794799,TRUE,,,-0.0424950672098873,,0.262614876031876,TRUE,TRUE
2004-10-01,1130.2,19.256,58.03,0.014973,0.013699,0.0547,0.0621,0.0478,0.0154,0.0164,0.0176,0.0011,0.0170376924438153,0.0172764628828797,0.0513448947089011,0.33182836463898,0.291009596638035,0.0302,0.0074,0.001,0.00526592943654558,,0.00742885751778989,0.00123046852405962,,,,,TRUE,TRUE,TRUE,,-1.89330949966062,,,0.0812384621592583,0.0447941888619854,,,FALSE,TRUE,0.0433153174817562,0.437249004840851,0.404032256895945,0.933856412453319,0.855368686119058,-3.00937155862606,0.0211621215645839,TRUE,,,0.510452936790647,,0.298203527927399,TRUE,TRUE
2004-11-01,1173.82,19.349,58.29,0.040559,0.035572,0.0552,0.062,0.0502,-0.0234,-0.02,0.0207,0.0015,0.0164837879743061,0.0171199787648204,0.0496583803308855,0.331943729627723,0.279831645892509,0.0295,0.0068,0.0034,0.00052383446830806,,0.0121769069217047,0.000857425552773733,,,,,TRUE,TRUE,TRUE,,-1.84958382622924,,,0.0824018577887324,-0.0505986867516417,,,FALSE,TRUE,0.0268473383039236,0.461809098720551,0.402836627184577,0.971159559309722,0.889536619528482,-3.04363408403542,0.0225047384035152,TRUE,,,1.0522597454235,,0.25854566693306,TRUE,TRUE
2004-12-01,1211.92,19.442,58.55,0.033734,0.032086,0.0547,0.0615,0.0484,0.025,0.0257,0.0219,0.0016,0.016042313023962,0.0165630164761207,0.0483117697537791,0.332058070025619,0.270619242678992,0.0265,0.00680000000000001,0.000699999999999999,-0.00366492146596853,,0.0130015114080652,0.000727850198900252,,,,,TRUE,TRUE,TRUE,,-1.81044935118385,,,0.0890250484001207,-0.117982099267697,,,FALSE,TRUE,0.0413477048277855,0.444585800170898,0.397336939368355,0.993410130691858,0.919818169100348,-3.07150987756948,0.0221538845681178,TRUE,,,1.0522597454235,,0.257245481014252,TRUE,TRUE
2005-01-01,1181.27,19.703,59.1066666666667,-0.023824,-0.024749,0.0536,0.0602,0.0465,0.03,0.0277,0.0233,0.0016,0.0166795059554547,0.0162576737738465,0.050036542591166,0.33334649221746,0.278179856128824,0.0232,0.00659999999999999,-0.0023,0.00210194429847599,,0.0135454943383634,0.000821405125481005,,,,,TRUE,TRUE,TRUE,,-1.93814404282887,,,0.0913059865584147,0.112776752767528,,,FALSE,TRUE,0.0407630167901516,0.419327318668365,0.400282954306047,0.96641036838042,0.89481855296179,-3.03633555216579,0.0225177163495331,TRUE,,,1.0522597454235,,0.253469496965408,TRUE,TRUE
2005-02-01,1203.6,19.964,59.6633333333333,0.021152,0.019015,0.052,0.0582,0.0479,-0.0128,-0.0112,0.0254,0.0016,0.0165869059488202,0.0169004545954777,0.0495707322477013,0.334610872115761,0.271041023645231,0.0225,0.0062,0.0016,0.00576822233875207,,0.0117584103117969,0.000834443746752351,,,,,TRUE,TRUE,TRUE,,-1.8586486330916,,,0.0972336010955823,0.072538860103627,,,FALSE,TRUE,0.0329584144055843,0.420793175697327,0.391944848698774,0.991864233767622,0.918386792436735,-3.04520868907386,0.0222296532561925,TRUE,,,1.0522597454235,,0.254206150770187,TRUE,TRUE
2005-03-01,1180.59,20.225,60.22,-0.01724,-0.018729,0.054,0.0606,0.0488,-0.0072,-0.0125,0.0274,0.0021,0.0171312648760366,0.0168037554004653,0.0510083941080307,0.335851876453006,0.319856889342483,0.0214,0.00659999999999999,-0.0053,0.00782064650677783,,0.00909722729460881,0.000859894596475319,,,,,TRUE,TRUE,TRUE,,-1.85488235575977,,,0.0945800992223331,0.068792270531401,,,FALSE,TRUE,0.0710414573550224,0.45354226231575,0.394544276056827,0.960076047365078,0.895997434099521,-3.01978195486455,0.0221628373285643,TRUE,,,1.0522597454235,,0.263571500778198,TRUE,TRUE
2005-04-01,1156.85,20.4583333333333,61.2333333333333,-0.018926,-0.020076,0.0533,0.0605,0.0461,0.0373,0.0327,0.0278,0.0021,0.0176845168633214,0.0173289061683847,0.0529310916137212,0.334104518236255,0.32962440066284,0.0183,0.0072,-0.0046,0.00672529746507999,,0.00793556353255732,0.00182589373958148,,,,,TRUE,TRUE,TRUE,,-2.0147046324698,,,0.0954328820044958,-0.110468269752305,,,FALSE,TRUE,0.0347036272287369,0.445772856473923,0.402789179553987,0.931626837773238,0.869447017737811,-2.98124898120688,0.022074684428408,TRUE,,,0.00378913093726968,,0.306975603103638,TRUE,TRUE
2005-05-01,1191.5,20.6916666666667,62.2466666666667,0.031994,0.030156,0.0515,0.0601,0.044,0.0297,0.0295,0.0284,0.0024,0.0173660651839418,0.0178862140006627,0.0522422716463841,0.332414051622577,0.320965504591363,0.0156,0.0086,-0.000200000000000002,-0.00102774922918802,,0.00477661446053386,0.00085941595810017,,,,,TRUE,TRUE,TRUE,,-1.85280680394838,,,0.0950390993016592,0.0585365853658535,,,FALSE,TRUE,0.0155214536935091,0.438275367021561,0.395952651599723,0.956759943512895,0.89290265785662,-2.99242927189779,0.0213853492123988,TRUE,,,-0.000557082911274146,,0.312902361154556,TRUE,TRUE
2005-06-01,1191.33,20.925,63.26,0.001717,0.000139,0.0496,0.0586,0.0429,0.0167,0.0141,0.0297,0.0023,0.0175644028103045,0.0175618967687789,0.0531003164530399,0.330777742649384,0.326979056873159,0.0132,0.00900000000000001,-0.0026,0.000514403292181109,,0.00536565832934459,0.000542118705858049,,,,,TRUE,TRUE,TRUE,,-1.79900803741516,,,0.0982370346614063,0.0873655913978495,,,FALSE,TRUE,0.00341725721955299,0.439428567886353,0.424437085986773,0.939163935999561,0.876481065394635,-2.97479310433768,0.0220197017127936,TRUE,,,-0.801239368982191,,0.300176054239273,TRUE,TRUE
2005-07-01,1234.18,21.107,64.33,0.037364,0.036163,0.0506,0.0595,0.0456,-0.0288,-0.0244,0.0322,0.0024,0.0171020434620558,0.0177171732433499,0.0521236772593949,0.328105083164931,0.315734274606213,0.0134,0.00890000000000001,0.0044,0.0046272493573265,,0.00448007734661862,0.000649908181996003,,,,,TRUE,TRUE,TRUE,,-1.91059596296454,,,0.0937798840074464,0.0720466184001411,,,FALSE,TRUE,0.0379962883889675,0.444567441940308,0.405774074635002,0.972611980202092,0.907696677807179,-2.99508596183267,0.0217567142755997,TRUE,,,-0.265008700961087,,0.235281631350517,TRUE,TRUE
2005-08-01,1220.33,21.289,65.4,-0.009159,-0.011265,0.0509,0.0596,0.0432,0.0333,0.0233,0.0344,0.003,0.017445281194431,0.0172495097959779,0.0535920611637836,0.325519877675841,0.320533124713784,0.0088,0.0087,-0.01,0.00511770726714422,,0.0054049382593726,0.000696723376502198,,,,,TRUE,TRUE,TRUE,,-1.85127495713476,,,0.0957518974202358,0.130456267501235,,,FALSE,TRUE,0.0510388985276222,0.448227822780609,0.401214847527411,0.958050555045222,0.89410712975711,-2.96807192784298,0.0200003294138852,TRUE,,,-0.526933781281054,,0.222300603985786,TRUE,TRUE
2005-09-01,1228.81,21.471,66.47,0.008067,0.006916,0.0513,0.0603,0.0464,-0.0338,-0.031,0.0342,0.0029,0.017473002335593,0.0175944211811559,0.0540929842693337,0.323017902813299,0.317891509835647,0.0122,0.009,0.0028,0.0122199592668024,,0.00671641367612167,0.00065990069329738,,,,,TRUE,TRUE,TRUE,,-1.86428725673758,,,0.0749102031488897,-0.0352615474282384,,,FALSE,TRUE,0.0775417685508728,0.429158389568329,0.39664242615726,0.966011763576786,0.901536981211262,-2.95819272565881,0.0191740653147851,TRUE,,,-0.0189392786169627,,0.224188625812531,TRUE,TRUE
2005-10-01,1207.01,21.7193333333333,67.59,-0.015672,-0.016697,0.0535,0.063,0.0484,-0.0196,-0.0204,0.0371,0.0027,0.0179943275808265,0.0176750948749875,0.0559978790565115,0.321339448636386,0.321808187109857,0.0113,0.0095,-0.000800000000000002,0.00201207243460755,,0.00574930779343631,0.00181798631990987,,,,,TRUE,TRUE,TRUE,,-1.97838716909198,,,0.0857005764862722,-0.0968131702159795,,,FALSE,TRUE,0.11484232544899,0.431295692920685,0.399450824507222,0.954254585007152,0.890564515165939,-2.92607549997515,0.0179203077086184,TRUE,,,-0.526933781281054,,0.272204667329788,TRUE,TRUE
2005-11-01,1249.48,21.9676666666667,68.71,0.038289,0.035675,0.0542,0.0639,0.0481,0.0076,0.0099,0.0388,0.0031,0.0175814472153749,0.0182000701457873,0.0549908762045011,0.319715713384757,0.310914345628811,0.0093,0.0097,0.0023,-0.00803212851405621,,0.00576797086330475,0.000539898911906205,,,,,TRUE,TRUE,TRUE,,-1.79839789604743,,,0.0956080464699101,-0.0413043478260869,,,FALSE,TRUE,-0.00443457625806332,0.448258310556412,0.41447726009216,0.98768983277806,0.921768185222529,-2.94498758199804,0.0187481932433602,TRUE,,,0.245288649474774,,0.249433308839798,TRUE,TRUE
2005-12-01,1248.29,22.216,69.83,-6e-05,-0.001396,0.0537,0.0632,0.0461,0.0267,0.0225,0.0389,0.0032,0.0177971464964071,0.0177801965617697,0.0559405266404441,0.318144064155807,0.313477956613016,0.0072,0.00950000000000001,-0.0042,-0.00404858299595134,,0.00305888189318793,0.000432997620047068,,,,,TRUE,TRUE,TRUE,,-1.81654599345895,,,0.0994936028282583,0.0650619222047795,,,FALSE,TRUE,0.0379424840211868,0.45759105682373,0.412614497990854,0.979612542331053,0.914229999539366,-2.92719593973348,0.0172639229364598,TRUE,,,-0.526933781281054,,0.241338759660721,TRUE,TRUE
2006-01-01,1280.08,22.4053333333333,70.7766666666667,0.026442,0.025424,0.0529,0.0624,0.0474,-0.0118,-0.0093,0.0424,0.0035,0.0175030727246214,0.0179488206533204,0.055290815157386,0.31656383930674,0.309226257862503,0.005,0.0095,0.0025,0.00762195121951215,,-0.000445737272879911,0.000975425203557852,,,,,TRUE,TRUE,TRUE,,-1.94834681085734,,,0.0998079752552608,0.111365869636423,,,FALSE,TRUE,0.0163627285510302,0.406896680593491,0.420023475700937,0.983829314054316,0.926800182206231,-2.93839951742934,0.0213613545452762,TRUE,,,0.245288649474774,,0.191313996911049,TRUE,TRUE
2006-02-01,1280.66,22.5946666666667,71.7233333333333,0.002425,0.000167,0.0535,0.0627,0.0457,0.0238,0.0128,0.0443,0.0034,0.0176429861685902,0.0176509801470741,0.056004976600607,0.315025328809778,0.305610361116341,0.0014,0.00919999999999999,-0.011,0.00201714573877942,,0.00203833102572792,0.000648536409982069,,,,,TRUE,TRUE,TRUE,,-1.88950917943125,,,0.0989711570936596,-0.0956380783966991,,,FALSE,TRUE,0.0373561568558216,0.429218292236328,0.416294795158315,0.987091873429246,0.937765824048152,-2.92700124194993,0.0210098456727582,TRUE,,,1.0522597454235,,0.217270135879517,TRUE,TRUE
2006-03-01,1294.87,22.784,72.67,0.012909,0.011511,0.0553,0.0641,0.0507,-0.0539,-0.0404,0.0451,0.0037,0.0175955887463606,0.0177908266050318,0.0561214639307421,0.313526902435668,0.316009440721844,0.0056,0.0088,0.0135,0.00553598389531973,,0.0021519974810767,0.0005452507758946,,,,,TRUE,TRUE,TRUE,,-1.88344897385429,,,0.0999688628434372,0.0795176796480366,,,FALSE,TRUE,0.030216297134757,0.427600204944611,0.407784889642909,0.981611549618597,0.947653241752524,-2.92635687397924,0.023624142194732,TRUE,,,1.0522597454235,,0.218254700303078,TRUE,TRUE
2006-04-01,1310.61,23.0016666666667,73.2766666666667,0.012064,0.01085,0.0584,0.0668,0.0532,-0.0247,-0.0224,0.046,0.0036,0.0175503518717747,0.0177636879892705,0.0559103521769761,0.313901651275986,0.308841977841392,0.0072,0.0084,0.0023,0.00850850850850837,,-0.00347251764695494,0.000599807293190401,,,,,FALSE,TRUE,TRUE,,-2.0184465111337,,,0.101750441808711,0.0837735849056602,,,FALSE,TRUE,0.0744051039218903,0.430044412612915,0.399354970972554,0.998649682714972,0.969645943266985,-2.93270064650422,0.0206938032057929,TRUE,,,1.0522597454235,,0.194307759404182,TRUE,TRUE
2006-05-01,1270.09,23.2193333333333,73.8833333333333,-0.028319,-0.030519,0.0595,0.0675,0.0535,0.001,-0.002,0.0472,0.0043,0.0182816440829653,0.0177164322974289,0.0581717306122663,0.314270245883149,0.314340307530862,0.0063,0.008,-0.003,0.00496277915632759,,-0.00265673670709981,0.00135516371272472,,,,,TRUE,TRUE,TRUE,,-2.09457662258054,,,0.100757966319098,-0.00529247910863506,,,FALSE,TRUE,-0.0151834674179554,0.42248260974884,0.389169303289927,0.959258416254032,0.952685238736226,-2.8941930054077,0.022636744863712,TRUE,,,1.0522597454235,,0.236423879861832,TRUE,TRUE
2006-06-01,1270.2,23.437,74.49,0.001587,0.000348,0.0589,0.0678,0.0531,0.0092,0.0039,0.0479,0.004,0.0184514249724453,0.0184530230141171,0.0586443079829948,0.314632836622365,0.314850289949436,0.0052,0.00890000000000001,-0.0053,0.00197530864197537,,-0.00219548493685632,0.00210281565556832,,,,,TRUE,TRUE,TRUE,,-2.03415980795109,,,0.10267669492147,0.035284234108093,,,FALSE,TRUE,0.0941776111721992,0.409042030572891,0.349852006514062,0.957704646278983,0.951142115741902,-2.88610199402786,0.0218127729740914,TRUE,,,1.0522597454235,,0.318922400474548,TRUE,TRUE
2006-07-01,1276.66,23.6566666666667,75.85,0.005571,0.00451,0.0585,0.0676,0.0518,0.0199,0.0237,0.0495,0.004,0.0185301228727043,0.0186243636172781,0.059412842886908,0.311887497253351,0.313852175281252,0.0023,0.0091,0.0038,0.00295712173484475,,-0.00236312030577226,0.00145166321874088,,,,,TRUE,TRUE,TRUE,,-2.2044872070093,,,0.100925177233858,0.00838517717067888,,,FALSE,TRUE,0.0683618113398552,0.426433324813843,0.350012412882117,0.960750344638033,0.95416694389993,-2.87289180565571,0.0233588925254674,TRUE,,,0.496624638306825,,0.348354697227478,TRUE,TRUE
2006-08-01,1303.82,23.8763333333333,77.21,0.02415,0.021679,0.0568,0.0659,0.0496,0.0299,0.0361,0.0496,0.0042,0.018312599387441,0.0187021864343939,0.0592182970041877,0.309238872339507,0.308461798675881,0,0.0091,0.0062,0.00196560196560203,,-0.00847398582405587,0.000469251531475189,,,,,TRUE,TRUE,TRUE,,-1.96156844472434,,,0.104069454362083,-0.0560622317596567,,,FALSE,TRUE,0.0572926998138428,0.433782368898392,0.341656574711284,0.977539477696229,0.970841031887796,-2.87417136729545,0.0214283835467836,TRUE,,,1.0522597454235,,0.306255221366882,TRUE,TRUE
2006-09-01,1335.85,24.096,78.57,0.026487,0.025296,0.0551,0.0643,0.0484,0.017,0.0183,0.0481,0.0041,0.0180379533630273,0.0184810786765044,0.0588164838866639,0.30668193967163,0.300593283540556,0.000300000000000002,0.0092,0.0013,-0.00490436488474744,,-0.00949349105264454,0.000513395210462188,,,,,TRUE,TRUE,TRUE,,-1.93389140432954,,,0.101175539687008,-0.106280193236715,,,FALSE,TRUE,0.00404463289305568,0.415213853120804,0.352081046530963,0.996639487304208,0.996254365357614,-2.87945306076995,0.0196682696629207,TRUE,,,1.0522597454235,,0.222101047635078,TRUE,TRUE
2006-10-01,1377.94,24.3586666666667,79.55,0.032527,0.03142,0.0551,0.0642,0.0481,0.0077,0.0127,0.0492,0.0041,0.0176775960249842,0.0182345822260483,0.0577311058536656,0.306205740624345,0.290599160812302,-0.0011,0.0091,0.005,-0.0054213898472153,,-0.00893473525663546,0.000450588208163708,,,,,TRUE,TRUE,TRUE,,-1.86849573677296,,,0.0988010208447161,-0.0664546899841018,,,FALSE,TRUE,0.0336645245552063,0.432368785142899,0.345840130301955,0.993182150767121,0.993182150767121,-2.89817457827452,0.0175468162171282,TRUE,,,1.0522597454235,,0.141280204057693,TRUE,TRUE
2006-11-01,1400.63,24.6213333333333,80.53,0.018385,0.015887,0.0533,0.062,0.0467,0.0207,0.0246,0.0494,0.0042,0.0175787562263648,0.0178682187419868,0.0574955555714214,0.305741131669357,0.287241867691928,-0.00270000000000001,0.0087,0.0039,-0.0014866204162538,,-0.0151110292777791,0.000592195115126451,,,,,FALSE,TRUE,TRUE,,-1.90973155793856,,,0.0971574547621863,0.0723773841961852,,,FALSE,TRUE,0.0321835540235043,0.450813949108124,0.34095588535008,0.990226500823168,0.990226500823168,-2.90102099421899,0.0176719466892218,TRUE,,,1.0522597454235,,0.166567072272301,TRUE,TRUE
2006-12-01,1418.3,24.884,81.51,0.013768,0.012294,0.0532,0.0622,0.0491,-0.0236,-0.0232,0.0485,0.004,0.0175449481773955,0.0177662908833882,0.0574702108157653,0.305287694761379,0.281682399714358,0.000600000000000003,0.00899999999999999,0.000400000000000001,0.00148883374689834,,-0.0150367765235773,0.000357530765349069,,,,,TRUE,TRUE,TRUE,,-1.83349452632441,,,0.106079977836655,-0.0336668254724471,,,FALSE,TRUE,0.0315000675618649,0.449955821037292,0.336683130000086,0.996209605157878,0.996209605157878,-2.90107942152207,0.0188732833027082,TRUE,,,1.0522597454235,,0.16471241414547,TRUE,TRUE
2007-01-01,1438.24,25.0873333333333,82.0566666666667,0.015313,0.014345,0.054,0.0634,0.0502,-0.0102,-0.0051,0.0498,0.0044,0.0174430785775207,0.0176883122987614,0.0570535283865465,0.30573181134988,0.278144210482115,0.000399999999999998,0.00939999999999999,0.0051,0.0030525272547075,,-0.0139866635216115,0.000450483784398126,,,,,FALSE,TRUE,TRUE,,-1.91150697783624,,,0.10147579725209,-0.0440427280197206,,,FALSE,TRUE,0.0400208123028278,0.421738505363464,0.359124801347949,0.999993661744747,0.999993661744747,-2.91026719097156,0.0180648010750202,TRUE,,,1.0522597454235,,0.177000746130943,TRUE,TRUE
2007-02-01,1406.82,25.2906666666667,82.6033333333333,-0.019288,-0.021598,0.0539,0.0628,0.0477,0.0335,0.0287,0.0503,0.0038,0.0179771873208134,0.017584455074721,0.0587163484549078,0.306170049634801,0.286148494167645,-0.00260000000000001,0.00890000000000001,-0.0048,0.00535036755987672,,-0.0151410219852012,0.00147685515437659,,,,,TRUE,TRUE,TRUE,,-1.90672865043948,,,0.109642861401488,0.062059480832044,,,FALSE,TRUE,-0.228505119681358,0.431749910116196,0.372255964397684,0.959488184542616,0.959488184542616,-2.88115701793646,0.0180561883357368,TRUE,,,1.0522597454235,,0.273229598999023,TRUE,TRUE
2007-03-01,1420.86,25.494,83.15,0.010894,0.009679,0.053,0.0627,0.0493,-0.0145,-0.0231,0.0494,0.0043,0.0179426544487142,0.0181217213289547,0.0585208957955041,0.306602525556224,0.269050013461093,-0.00010000000000001,0.00969999999999999,-0.0086,0.00910569585108534,,-0.012486355834109,0.00158752588595581,,,,,TRUE,TRUE,FALSE,,-2.01421327574586,,,0.110213981124486,0.0673357073486565,,,FALSE,TRUE,0.00378684094175696,0.443551898002625,0.353691156846028,0.96619205670919,0.96619205670919,-2.88296227876492,0.0179375459723081,TRUE,,,1.0522597454235,,0.359868466854095,TRUE,TRUE
2007-04-01,1482.37,25.7193333333333,83.7402481049076,0.043991,0.042857,0.0547,0.0639,0.0489,0.0085,0.014,0.0487,0.0044,0.0173501442509855,0.0181012438476228,0.0564907871212367,0.307132280060991,0.25445616893962,0.000199999999999999,0.0092,0.0055,0.00649616268650899,,-0.00891190081046676,0.000582146158765415,,,,,TRUE,TRUE,TRUE,,-1.87550107060326,,,0.115710714731906,-0.00242644828632088,,,FALSE,TRUE,0.0517199635505676,0.450590282678604,0.349118160382307,0.995577298577693,0.995577298577693,-2.91951113026973,0.0187345144810211,TRUE,,,1.0522597454235,,0.377942115068436,TRUE,TRUE
2007-05-01,1530.62,25.9446666666667,84.3304962098153,0.034459,0.032154,0.0547,0.0639,0.051,-0.02,-0.0178,0.0473,0.0041,0.0169504296733785,0.0175021530836881,0.0550956450391445,0.307654618823966,0.243911494125399,0.00369999999999999,0.0092,0.0022,0.0061107186747047,,-0.0102831187822792,0.000696573393036159,,,,,TRUE,TRUE,TRUE,,-1.94758370040427,,,0.115466959344356,-0.0267558528428095,,,FALSE,TRUE,0.0223168358206749,0.445023834705353,0.354285701567863,0.999600970580382,0.999600970580382,-2.94509097616314,0.019224130459819,TRUE,,,1.0522597454235,,0.308350533246994,TRUE,TRUE
2007-06-01,1503.35,26.17,84.9207443147229,-0.01662,-0.017828,0.0579,0.067,0.0521,-0.0091,-0.0148,0.0461,0.004,0.0174077892706289,0.0170976467052567,0.056487673738466,0.308169696476186,0.247895609973513,0.006,0.0091,-0.0057,0.00193797517660577,,-0.0110640044546275,0.00147243623273978,,,,,TRUE,TRUE,TRUE,,-2.06756337797445,,,0.114848039697674,0.100749765698219,,,FALSE,TRUE,0.0226680599153042,0.425849556922913,0.347700752576214,0.980426021034898,0.980426021034898,-2.92347492044672,0.0200290781671354,TRUE,,,1.0522597454235,,0.302283197641373,TRUE,TRUE
2007-07-01,1455.27,26.4393333333333,82.8140776480563,-0.031197,-0.032283,0.0573,0.0665,0.0501,0.0284,-0.0032,0.0482,0.004,0.0181679917357833,0.0175869447123646,0.0569063319164528,0.319261339185535,0.251584964399992,0.0019,0.0092,-0.0316,-0.000254377207802192,,-0.0152618531254667,0.00242626150253488,,,,,TRUE,TRUE,TRUE,,-2.15744791997281,,,0.112455924989264,0.109692067546474,,,FALSE,TRUE,-0.0174351409077644,0.430162847042084,0.359378620358788,0.943685934911906,0.943685934911906,-2.91513882672638,0.0222510310586083,TRUE,,,0.806190323079379,,0.388405203819275,TRUE,TRUE
2007-08-01,1473.99,26.7086666666667,80.7074109813896,0.015094,0.012859,0.0579,0.0665,0.0487,0.0199,0.0152,0.042,0.0042,0.0181199781997616,0.0183530662122264,0.0547543816317544,0.33093202150699,0.24883985118763,0.0067,0.0086,-0.0047,-0.00183390222708701,,-0.0121975371010361,0.00513396381209708,,,,,TRUE,TRUE,TRUE,,-2.55581334749473,,,0.113192015807668,-0.0539641943734015,,,FALSE,TRUE,0.0213823225349188,0.390269547700882,0.373291423842712,0.954096344321345,0.954096344321345,-2.95054024156271,0.0252191126022223,TRUE,,,1.0522597454235,,0.463602364063263,TRUE,TRUE
2007-09-01,1526.75,26.978,78.6007443147229,0.037468,0.035923,0.0574,0.0659,0.0489,0.0012,0.0135,0.0389,0.0032,0.0176702145079417,0.0183027021892957,0.0514823935252811,0.343228301909944,0.239207436712337,0.01,0.0085,0.0123,0.00275590740535891,,-0.013015005136692,0.00186847683721375,,,,,TRUE,TRUE,TRUE,,-2.21389836286451,,,0.114228103457614,0.103541497702082,,,FALSE,TRUE,0.0640499442815781,0.409512966871262,0.380899869681104,0.992515933461949,0.992515933461949,-3.01072365772428,0.0257399090879558,TRUE,,,1.0522597454235,,0.465328991413116,TRUE,TRUE
2007-10-01,1549.38,27.2293333333333,74.4607443147229,0.01736,0.016292,0.0566,0.0648,0.048,0.0155,0.0088,0.039,0.0032,0.0175743415645828,0.0178348343431035,0.0480584132457647,0.365687095716412,0.238617060131547,0.009,0.00820000000000001,-0.0067,0.00213919132812124,,-0.0179548024200629,0.00168287782792742,,,,,TRUE,TRUE,TRUE,,-2.05805527003921,,,0.110223912540597,0.153356197942185,,,FALSE,TRUE,-0.00703888805583119,0.439262747764587,0.395163374883441,0.983443149896255,0.983443149896255,-3.07964199088515,0.027804164770962,TRUE,,,1.0522597454235,,0.417188882827759,TRUE,TRUE
2007-11-01,1481.14,27.4806666666667,70.3207443147229,-0.041382,-0.043582,0.0544,0.064,0.0445,0.0468,0.0079,0.0327,0.0034,0.0185537266339891,0.0177365569883868,0.0474774459637326,0.390790327014686,0.248579691603103,0.0118,0.0096,-0.0389,0.00593961787341568,,-0.0251586013275451,0.00563683598278848,,,,,TRUE,TRUE,TRUE,,-2.50587154395807,,,0.114368404066782,-0.0590484282073067,,,FALSE,TRUE,0.02918791025877,0.437165856361389,0.395972246838196,0.944028499357197,0.944028499357197,-3.08816248424016,0.0271071632347473,TRUE,,,0.783645144149397,,0.408764541149139,TRUE,TRUE
2007-12-01,1468.36,27.732,66.1807443147229,-0.006116,-0.007903,0.0549,0.0665,0.045,-0.0029,0.0028,0.03,0.0027,0.0188863766378817,0.0187234157473298,0.0450711980132413,0.41903427178335,0.250582973142723,0.015,0.0116,0.0057,-0.000670863129647814,,-0.040637293756402,0.00234533044347362,,,,,TRUE,TRUE,TRUE,,-2.3583806286546,,,0.113544853934538,0.0829571106094809,,,FALSE,TRUE,-0.0334812216460705,0.441426366567612,0.395986083117095,0.936481478735969,0.936481478735969,-3.1396936510977,0.0264123132073662,TRUE,,,-0.566559054048623,,0.403755217790604,TRUE,TRUE
2008-01-01,1378.55,27.922,64.2507443147229,-0.061166,-0.062332,0.0533,0.0654,0.0436,0.0213,0.0017,0.0275,0.0021,0.0202546153567154,0.0190157726987932,0.0466074820026281,0.434578623139806,0.262754422309171,0.0161,0.0121,-0.0196,0.00497057647260468,,-0.0431780958663448,0.00483178571026418,,,,,TRUE,TRUE,TRUE,,-2.45762867866097,,,0.111052079126984,-0.0446065659197499,,,FALSE,TRUE,0.0615996122360229,0.397884756326675,0.39328336571967,0.893101288923812,0.893101288923812,-3.10271177567744,0.026716078075162,TRUE,,,-2.68533577651543,,0.394398957490921,TRUE,TRUE
2008-02-01,1330.63,28.112,62.3207443147229,-0.031419,-0.033693,0.0553,0.0682,0.0438,0.0018,-0.0071,0.0212,0.0013,0.0211268346572676,0.020392441333285,0.046835517247261,0.451085754978037,0.270979321039283,0.0226,0.0129,-0.0089,0.00290411218495357,,-0.0496071341241657,0.00322564166548401,,,,,TRUE,TRUE,TRUE,,-2.36735233498372,,,0.105957916254237,0.110286898658231,,,FALSE,TRUE,-0.0681269094347954,0.421280056238174,0.381914049951182,0.865993435715834,0.865993435715834,-3.09783103128471,0.0293505562879469,TRUE,,,-2.68533577651543,,0.352287411689758,TRUE,TRUE
2008-03-01,1322.7,28.302,60.3907443147229,-0.0034,-0.005054,0.0551,0.0689,0.0432,0.0106,-0.0059,0.0126,0.0017,0.0213971422091177,0.0212696241629905,0.0456571742002895,0.468647974472805,0.25405756718033,0.0306,0.0138,-0.0165,0.00866821293098963,,-0.0518304618783812,0.00633767282230227,,,,,TRUE,TRUE,TRUE,,-2.38939205323618,,,0.101746844910513,-0.00235802711731181,,,FALSE,TRUE,0.0799796804785728,0.454163461923599,0.373534357864524,0.8657463396244,0.8657463396244,-3.12109256806369,0.0320202170619422,TRUE,,,-2.68533577651543,,0.38972932100296,TRUE,TRUE
2008-04-01,1385.59,28.4386666666667,57.3838295431486,0.048629,0.04749,0.0555,0.0697,0.0458,-0.0288,0.0091,0.0129,0.0018,0.0205245900061827,0.0215004662180893,0.0414147255271391,0.495586768834987,0.243014696418835,0.0329,0.0142,0.0379,0.00606477838971942,,-0.0488436791368368,0.00290372948549025,,,,,TRUE,TRUE,TRUE,,-2.12130844841333,,,0.0941172160097183,0.119755761276344,,,FALSE,TRUE,0.0421323142945766,0.451172769069672,0.39729189298935,0.905086861336027,0.905086861336027,-3.22025781894777,0.0320152433689827,TRUE,,,-2.68533577651543,,0.390858083963394,TRUE,TRUE
2008-05-01,1400.38,28.5753333333333,54.3769147715743,0.012986,0.010708,0.0557,0.0693,0.0475,-0.0164,-0.0277,0.0173,0.0018,0.0204054137686437,0.0206232242823154,0.0388301138059486,0.525504866419365,0.246510612169972,0.0302,0.0136,-0.0113,0.00842088603175628,,-0.0454613576996677,0.00164065299015437,,,,,TRUE,TRUE,TRUE,,-2.0338825216961,,,0.0868882471469874,0.120052770448549,,,FALSE,TRUE,0.0485370345413685,0.442677438259125,0.39702286600659,0.892251278369279,0.892251278369279,-3.28662540517245,0.0291296445825645,TRUE,,,-2.68533577651543,,0.357036650180817,TRUE,TRUE
2008-06-01,1280,28.712,51.37,-0.082842,-0.084569,0.0568,0.0707,0.046,0.022,-0.0061,0.0186,0.0017,0.02243125,0.0205030063268541,0.0401328125,0.558925442865486,0.274491388113314,0.0274,0.0139,-0.0281,0.0100769969348942,,-0.0473768500166761,0.00342524048259062,,,,,TRUE,TRUE,TRUE,,-2.07148261543025,,,0.0834039055777653,0.0990184530820575,,,FALSE,TRUE,0.0167539156973362,0.43312805891037,0.468309641143596,0.801298031067745,0.801298031067745,-3.25574280206732,0.0344052230875687,TRUE,,,-2.68533577651543,,0.298419326543808,TRUE,TRUE
2008-07-01,1267.38,28.7593333333333,49.5633333333333,-0.007306,-0.008738,0.0567,0.0716,0.0465,-0.0025,-0.0109,0.0163,0.0015,0.0226919576869868,0.0224682291666667,0.0391069239954341,0.580254220189656,0.273815655096405,0.0302,0.0149,-0.0084,0.00525101112812187,,-0.0469318172302498,0.00446584684718364,,,,,TRUE,TRUE,TRUE,,-2.1839463296804,,,0.0786787566979541,-0.112817947985139,,,FALSE,TRUE,0.0628335848450661,0.433880805969238,0.454261370738093,0.803275505788049,0.803275505788049,-3.28077260576313,0.03815765713302,TRUE,,,-2.68533577651543,,0.271915227174759,TRUE,TRUE
2008-08-01,1282.83,28.8066666666667,47.7566666666667,0.014955,0.012682,0.0564,0.0715,0.0449,0.0242,0.0121,0.0172,0.0013,0.0224555604925568,0.0227293050755627,0.0372275879630712,0.603196761359671,0.269889245509397,0.0277,0.0151,-0.0121,-0.00399156225564179,,-0.0463334034531942,0.00344784722565978,,,,,TRUE,TRUE,TRUE,,-2.19977971481076,,,0.0617133055095609,-0.0694209551421439,,,TRUE,TRUE,0.0332768671214581,0.450843751430511,0.488255671358608,0.814961738935213,0.814961738935213,-3.3288676417451,0.0418715596569571,TRUE,,,-2.68533577651543,,0.30137374997139,TRUE,TRUE
2008-09-01,1166.36,28.854,45.95,-0.085467,-0.087287,0.0565,0.0731,0.0443,0.0112,-0.0863,0.0113,0.0015,0.0247385026921362,0.0224924580809616,0.039396069824068,0.627943416757345,0.287123548244992,0.033,0.0166,-0.0975,-0.00138301854066447,,-0.048922801359233,0.0237746691750212,,,,,TRUE,TRUE,TRUE,,-2.32145560921883,,,0.0155285789891906,-0.128515794028559,,,TRUE,TRUE,-0.0462306924164295,0.432988703250885,0.486276237634066,0.766044478708436,0.766044478708436,-3.27032471089394,0.0457601030611558,FALSE,,,-2.68533577651543,,0.461479872465134,TRUE,TRUE
2008-10-01,968.75,28.6983333333333,35.5933333333333,-0.16698,-0.168455,0.0628,0.0888,0.0478,-0.0383,-0.045,0.0067,8e-04,0.0296240860215054,0.0246050390388331,0.0367415053763441,0.806283948304926,0.334099373619975,0.0411,0.026,-0.0067,-0.0101013332845787,,-0.0559541237702922,0.0580885246862496,,,,,TRUE,TRUE,TRUE,,-2.64692068823087,,,0.0242876830785992,-0.323733862959285,,,TRUE,TRUE,0.158765226602554,0.402219593524933,0.49342425470867,0.679317376009231,0.658335292452344,-3.34124034548069,0.0471442608615653,FALSE,,,-2.68533577651543,,0.616791725158691,TRUE,TRUE
2008-11-01,896.24,28.5426666666667,25.2366666666667,-0.073512,-0.076514,0.0612,0.0921,0.0372,0.1443,0.1174,0.0019,3e-04,0.0318471242821863,0.0294633978494624,0.0281583801957809,1.13099986791705,0.352867355907324,0.0353,0.0309,-0.0269,-0.0191528953285959,,-0.0527795275594475,0.0362568805111396,,,,,TRUE,TRUE,TRUE,,-2.51021572656061,,,0.00986972293113997,-0.18928046989721,,,TRUE,TRUE,0.115169234573841,0.425602823495865,0.513172750123886,0.643186472237622,0.623320364318477,-3.60460151059329,0.0528721100598195,FALSE,,,-2.68533577651543,,0.647683799266815,TRUE,TRUE
2008-12-01,903.25,28.387,14.88,0.011995,0.009229,0.0505,0.0843,0.0303,0.0967,0.156,3e-04,0,0.031427622474398,0.0316734356868696,0.0164738444505951,1.90772849462366,0.354984224721098,0.03,0.0338,0.0593,-0.0103424738142874,,-0.02449841790224,0.0200900813482201,,,,,TRUE,TRUE,TRUE,,-2.13805639116643,,,-0.019859871577661,-0.289078065567832,,,FALSE,TRUE,-0.036852840334177,0.434046268463135,0.512506415970643,0.672097992066288,0.619603333114477,-4.12989316066912,0.0492825106807372,FALSE,,,-2.68533577651543,,0.652040898799896,TRUE,TRUE
2009-01-01,825.88,28.0096666666667,12.2066666666667,-0.082615,-0.084039,0.0505,0.0814,0.0394,-0.1124,-0.0949,0.0013,0,0.0339149351802522,0.0310098717593874,0.0147801940556336,2.29462042599672,0.389393140237424,0.0381,0.0309,0.0175,0.00435241737542102,,-0.0250579218411534,0.0119710960055508,,,,,TRUE,TRUE,TRUE,,-2.07356015229072,,,-0.046240540120726,0.0631847133757961,,,TRUE,FALSE,-0.0388807505369186,0.418161004781723,0.568697561835342,0.612707723882311,0.564851781174525,-4.2393549494462,0.0558883589319877,FALSE,,,-2.68533577651543,,0.597144842147827,TRUE,TRUE
2009-02-01,735.09,27.6323333333333,9.53333333333333,-0.103588,-0.107402,0.0527,0.0808,0.0401,-0.0056,-0.0308,0.003,1e-04,0.0375904084307137,0.0334580487883631,0.0129689335092755,2.8984965034965,0.441103054964441,0.0371,0.0281,-0.0252,0.00497293303590474,,-0.0249295217238098,0.0099612091726443,,,,,TRUE,TRUE,TRUE,,-1.79589164874685,,,-0.0534622935611564,0.0579918523843759,,,TRUE,FALSE,-0.0355355739593506,0.433327794075012,0.608412822602721,0.540880825841234,0.498634970592035,-4.37349438069331,0.0530037895825017,FALSE,,,-2.68533577651543,,0.506929993629456,TRUE,TRUE
2009-03-01,797.87,27.255,6.86,0.087634,0.084154,0.055,0.0842,0.0355,0.0641,-0.0018,0.0021,2e-04,0.0341597002017873,0.037077092600906,0.00859789188714953,3.97303206997085,0.446140845218507,0.0334,0.0292,-0.0659,0.00243174845541549,,-0.0374292748544098,0.0203643786800676,,,,,TRUE,TRUE,TRUE,,-2.09321563577577,,,-0.0703556585460925,0.125028312570781,,,TRUE,FALSE,0.0362880304455757,0.45342019200325,0.602580962894638,0.582692867317088,0.53718125486691,-4.78404793581228,0.054960114391492,FALSE,,,-2.68533577651543,,0.498335838317871,TRUE,TRUE
2009-04-01,872.81,26.7013333333333,7.07666666666667,0.09423,0.09255,0.0539,0.0839,0.041,-0.0649,-0.003,0.0016,1e-04,0.0305923778752917,0.0334657692773677,0.00810791199306455,3.77315120113048,0.415597469185076,0.0394,0.03,0.0619,0.0024963682777881,,-0.0309947529847429,0.00755104026273148,,,,,TRUE,TRUE,TRUE,,-2.02031763270322,,,-0.0797905335361691,0.0136903563519226,,,FALSE,FALSE,0.0341975800693035,0.424465924501419,0.581602970782124,0.625516533672328,0.576660150389741,-4.8437938643351,0.0547537013286539,FALSE,,,-2.43926635417131,,0.498821228742599,TRUE,TRUE
2009-05-01,919.14,26.1476666666667,7.29333333333333,0.05464,0.051848,0.0554,0.0806,0.0432,-0.0248,0.0489,0.0018,0,0.0284479694787156,0.0299580282841245,0.00793495368859296,3.58514625228519,0.39935508386145,0.0414,0.0252,0.0737,0.00288876383417747,,-0.0243503443289312,0.00638114026837867,,,,,TRUE,TRUE,TRUE,,-2.06882477141105,,,-0.0910472949612275,0.316981132075472,,,FALSE,TRUE,0.0693915411829948,0.433061540126801,0.562186364265272,0.672583856082138,0.600113805399826,-4.86884814139744,0.0562496969222203,TRUE,,,-1.10197926658658,,0.468049496412277,FALSE,TRUE
2009-06-01,919.32,25.594,7.51,0.002476,0.00068,0.0561,0.075,0.0429,0.0083,0.035,0.0018,1e-04,0.02784014271418,0.0278455947951346,0.00816908149501806,3.40798934753662,0.401876405824553,0.0411,0.0189,0.0267,0.00858989226395335,,-0.0220974983154645,0.0034725262232549,,,,,TRUE,TRUE,TRUE,,-1.75060039463209,,,-0.095925172068041,0.0529331925803045,,,FALSE,FALSE,0.0299874488264322,0.418930560350418,0.364836494427424,0.716919799530654,0.596348766955204,-4.84392357522306,0.0515994253051053,TRUE,,,-0.281892541420095,,0.345416754484177,FALSE,TRUE
2009-07-01,987.48,25.0296666666667,9.18666666666667,0.074482,0.073101,0.0541,0.0709,0.043,0.0019,0.0565,0.0018,1e-04,0.0253470112474852,0.0272262831948252,0.00930314200456381,2.72456458635704,0.370125855765782,0.0412,0.0168,0.0546,-0.00158558692215327,,-0.013781638969209,0.00377105474637869,,,,,TRUE,TRUE,TRUE,,-1.79397653948055,,,-0.0857962408500068,-0.00802062446290441,,,FALSE,TRUE,0.0163837242871523,0.437399506568909,0.352782641964505,0.778419415481631,0.647505423759207,-4.71238405482352,0.0413039495340641,TRUE,,,0.816993959872619,,0.367713868618011,TRUE,TRUE
2009-08-01,1020.62,24.4653333333333,10.8633333333333,0.034751,0.032255,0.0526,0.0658,0.0415,0.0231,0.0235,0.0017,1e-04,0.0239710502766292,0.0247755228797883,0.0106438570019531,2.2521018717398,0.357471557283484,0.0398,0.0132,0.000400000000000001,0.00224285004481062,,-0.00792139902266124,0.00217772403165828,,,,,TRUE,TRUE,TRUE,,-1.86998590193492,,,-0.0759830819313763,0.0102512272596014,,,FALSE,TRUE,-0.00208833604119718,0.460746198892593,0.314567868314601,0.82340924383155,0.67042676318946,-4.57804297465432,0.0406363346272333,TRUE,,,0.816993959872619,,0.360025644302368,FALSE,TRUE
2009-09-01,1057.08,23.901,12.54,0.036534,0.034978,0.0513,0.0631,0.0403,0.0176,0.0273,0.0012,1e-04,0.0226103984561244,0.0234181183986204,0.0118628675218527,1.90598086124402,0.349521430601259,0.0391,0.0118,0.0097,0.000625480693495994,,-1.43347185577658e-05,0.00191262845682303,,,,,TRUE,TRUE,TRUE,,-1.80976595796901,,,-0.0682975437310569,0.00700300128626541,,,FALSE,TRUE,0.0274407509714365,0.436339974403381,0.288946701249323,0.896705496317538,0.685676121975103,-4.46777690979117,0.0382066452629263,TRUE,,,0.816993959872619,,0.341999053955078,FALSE,TRUE
2009-10-01,1036.19,23.4023333333333,25.35,-0.018259,-0.019458,0.0515,0.0629,0.042,-0.0171,0.0016,7e-04,0,0.0225849828055987,0.0221386586950215,0.0244646252135226,0.923168967784352,0.349505236941622,0.0413,0.0114,0.0187,0.000963101185818438,,0.00319759557604047,0.00389796629488493,,,,,TRUE,TRUE,TRUE,,-1.99041019269515,,,-0.066692015419151,0.0933863184785695,,,FALSE,TRUE,-0.00740776443853974,0.418161004781723,0.307128255703485,0.962400628604891,0.685707891472573,-3.74386513326085,0.0369463056387517,TRUE,,,1.0522597454235,,0.35674199461937,FALSE,TRUE
2009-11-01,1095.63,22.9036666666667,38.16,0.060257,0.057607,0.0519,0.0632,0.0406,0.0208,0.0044,5e-04,0,0.0209045632801828,0.0221037325844359,0.0348292763067824,0.600200908455625,0.328149106221073,0.0401,0.0113,-0.0164,0.000707753368767383,,0.00753191771386237,0.00200131899240198,,,,,TRUE,TRUE,TRUE,,-1.83509878424955,,,-0.063445684100591,0.0019470404984423,,,FALSE,FALSE,-0.00201668730005622,0.45349246263504,0.315515646180238,0.988574595772333,0.73033415157439,-3.39073174877649,0.0301820920183205,TRUE,,,1.0522597454235,,0.382747799158096,FALSE,TRUE
2009-12-01,1115.1,22.405,50.97,0.018983,0.017346,0.0526,0.0637,0.0458,-0.0584,-0.0275,5e-04,1e-04,0.0200923683974531,0.0204494217938538,0.0457089050309389,0.439572297429861,0.325530660094649,0.0453,0.0111,0.0309,-0.0017611981694633,,0.0105944691976338,0.000933435348148378,,,,,TRUE,TRUE,TRUE,,-1.63910431812404,,,-0.0604743085569472,0.0285011011789091,,,FALSE,FALSE,-0.0179022755473852,0.463347911834717,0.322948726053128,0.988580377702633,0.736208684651026,-3.12073275570129,0.0326105838917926,TRUE,,,1.0522597454235,,0.385914355516434,FALSE,TRUE
2010-01-01,1073.87,22.238,54.29,-0.035751,-0.036781,0.0526,0.0625,0.0440589,0.0263637,0.0095528,6e-04,0,0.0207082794006723,0.019942606044301,0.050555467607811,0.409615030392337,0.337194668298347,0.0434589,0.0099,-0.0168109,0.00341747357014843,,0.0134096896579571,0.00199170254632902,,,,,TRUE,TRUE,TRUE,,-1.88828320955884,,,-0.0507082451171579,-0.0823781332661545,,,FALSE,TRUE,-0.0213208962231874,0.421572238206863,0.301133167322871,0.938641154713611,0.710742255479003,-3.02130536045028,0.0304711113581903,TRUE,,,1.0522597454235,,0.342003285884857,FALSE,TRUE
2010-02-01,1104.49,22.071,57.61,0.030424,0.028014,0.0535,0.0634,0.0440712,0.0031542,0.00388,0.0011,0,0.0199829785692944,0.0205527670947135,0.0521598203695823,0.383110571081409,0.328771382028152,0.0429712,0.0099,0.0007258,0.000249207382076566,,0.0139320734531893,0.00237324537094249,,,,,TRUE,TRUE,TRUE,,-1.75697398702856,,,-0.0480329666333468,0.0943033630748114,,,FALSE,TRUE,-0.075352169573307,0.422394603490829,0.28653777004263,0.962689607782625,0.728951825440025,-2.98967829778646,0.0300080749268365,TRUE,,,1.0522597454235,,0.376082539558411,FALSE,TRUE
2010-03-01,1169.43,21.904,60.93,0.061014,0.05943,0.0527,0.0627,0.0457777,-0.0178755,0.0045083,0.0015,1e-04,0.0187304926331632,0.0198317775624949,0.0521023062517637,0.359494501887412,0.381878170297781,0.0442777,0.01,0.0223838,0.00410628353657128,,0.0263901004630317,0.00063340883198182,,,,,TRUE,TRUE,TRUE,,-1.62488078564188,,,-0.0422663616813361,0.0467887606623181,,,FALSE,TRUE,0.0429088920354843,0.463094711303711,0.276378312432596,0.995343536785051,0.766465954041539,-2.99116724878938,0.0274205702796426,TRUE,,,1.0522597454235,,0.374265789985657,TRUE,TRUE
2010-04-01,1186.69,21.9483333333333,62.9866666666667,0.015977,0.014957,0.0529,0.0625,0.0437358,0.0303965,0.0357402,0.0016,1e-04,0.0184954228428093,0.0187684028401301,0.0530776080245613,0.348459991532599,0.376606129202506,0.0421358,0.0096,0.0053437,0.00173688491069734,,0.0266511175363042,0.0017938347506959,,,,,TRUE,TRUE,TRUE,,-1.83131470460883,,,-0.0399426522246475,0.0313960455362492,,,FALSE,TRUE,-0.0502166636288166,0.459483295679092,0.262366064706501,0.982470372680841,0.777195572320437,-2.97377749845909,0.0303854343413135,TRUE,,,1.0522597454235,,0.375269144773483,FALSE,TRUE
2010-05-01,1089.41,21.9926666666667,65.0433333333333,-0.080111,-0.082337,0.0496,0.0605,0.040681,0.0436836,-0.0051031,0.0016,1e-04,0.0201876856891957,0.0185327816587876,0.0597051003142374,0.338123302413775,0.40900279481445,0.039081,0.0109,-0.0487867,0.000775197354237811,,0.0257196617025069,0.00810784319520132,,,,,TRUE,TRUE,TRUE,,-2.22223943662498,,,-0.0275830578530956,-0.140234692691995,,,FALSE,TRUE,0.137537732720375,0.404995381832123,0.256549845406343,0.904649965238826,0.715634758089396,-2.85196601081342,0.0311325807896576,TRUE,,,0.783645144149397,,0.540798902511597,FALSE,TRUE
2010-06-01,1030.71,22.037,67.1,-0.053525,-0.055115,0.0488,0.0623,0.0376074,0.0445643,0.0519454,0.0012,1e-04,0.0213804076801428,0.0202283804995364,0.0651007557896984,0.328420268256334,0.424176541484466,0.0364074,0.0135,0.0073811,-0.00097626708467391,,0.0187758765034321,0.00559175479113125,,,,,TRUE,TRUE,TRUE,,-1.96659467406858,,,-0.0267905835232423,0.0214864864864865,,,FALSE,TRUE,-0.0416355207562447,0.429097980260849,0.362903165962641,0.872288606099225,0.690034897027999,-2.76331778722159,0.033964703950794,TRUE,,,-0.572135194660373,,0.602016866207123,FALSE,TRUE
2010-07-01,1101.6,22.1423333333333,68.6866666666667,0.070451,0.06862,0.0472,0.0601,0.0376576,0.0024381,0.0169798,0.0016,1e-04,0.0201001573468894,0.0214826026072642,0.0623517308157831,0.322367271668446,0.396133553221211,0.0360576,0.0129,0.0145417,0.000211043057371629,,0.0155567639467698,0.00334878578755258,,,,,TRUE,TRUE,TRUE,,-1.96663471618025,,,-0.0240518562270688,0.0431273978039421,,,FALSE,TRUE,-0.0130893401801586,0.420863270759583,0.354720429639148,0.934039444785065,0.738883676338008,-2.80461973247314,0.0282209366250315,TRUE,,,-0.597323600332938,,0.627802848815918,FALSE,TRUE
2010-08-01,1049.33,22.2476666666667,70.2733333333333,-0.045434,-0.04784,0.0449,0.0566,0.0327078,0.0702126,0.0473188,0.0016,1e-04,0.0212017827248498,0.0201957758412007,0.0669697171846162,0.316587610283654,0.413981619056748,0.0311078,0.0117,-0.0228938,0.00138066427840799,,0.0112177185988647,0.00270460207416289,,,,,TRUE,TRUE,TRUE,,-1.82876667707211,,,-0.0214411296462256,-0.0877615726062142,,,FALSE,TRUE,-0.012903468683362,0.453419238328934,0.359029597025445,0.893770030066854,0.707028048230333,-2.73015667503155,0.0280351107380447,TRUE,,,-1.91496040556386,,0.553332328796387,FALSE,TRUE
2010-09-01,1141.2,22.353,71.86,0.090383,0.088751,0.0453,0.0566,0.034063,-0.0153301,-0.0143948,0.0015,1e-04,0.0195872765509989,0.0213021642381329,0.062968804766912,0.311063178402449,0.384305782787436,0.032563,0.0113,0.0009353,0.000581736230715668,,0.00333750310583065,0.00233718343545229,,,,,TRUE,TRUE,TRUE,,-1.7545985870608,,,-0.0195410039638384,0.111497289031002,,,FALSE,TRUE,0.0568277984857559,0.443189948797226,0.355132772019265,0.962786355770578,0.761624282627097,-2.79127079513082,0.0246813013210169,TRUE,,,-0.592936927150569,,0.500420331954956,FALSE,TRUE
2010-10-01,1183.26,22.4783333333333,73.69,0.038726,0.037081,0.0468,0.0572,0.0367157,-0.0317387,-0.0202745,0.0013,1e-04,0.0189969519237812,0.0196971024652413,0.0622770988624647,0.305039127878048,0.372887285940423,0.0354157,0.0104,0.0114642,0.00124519888847696,,0.00723165019435219,0.00108007044746786,,,,,TRUE,TRUE,TRUE,,-1.59480100635262,,,-0.0234180853604444,0.0187617260787993,,,FALSE,TRUE,0.0101139722391963,0.445349931716919,0.383331658678342,0.992276682882598,0.7849529776138,-2.80124429563859,0.0262626733243501,TRUE,,,0.788031817331766,,0.439368903636932,FALSE,TRUE
2010-11-01,1180.55,22.6036666666667,75.52,-5.1e-05,-0.002571,0.0487,0.0592,0.0380256,-0.0137264,-0.0057274,0.0014,1e-04,0.0191467253963548,0.0191028739809228,0.0639701833890983,0.299307026836158,0.37669475432536,0.0366256,0.0105,0.007999,0.000420646423819449,,0.0147980123135031,0.00173795202095143,,,,,TRUE,TRUE,TRUE,,-1.72527238237193,,,-0.023584381527372,0.032780847145488,,,FALSE,TRUE,0.0282294470816851,0.445123761892319,0.370274631620792,0.961721693661701,0.777012721212776,-2.77656417497932,0.0259238190052558,TRUE,,,0.806190323079379,,0.3989537358284,FALSE,TRUE
2010-12-01,1257.64,22.729,77.35,0.067055,0.065249,0.0502,0.061,0.0413782,-0.0388143,-0.0036191,0.0014,1e-04,0.0180727394166852,0.0192528906018381,0.0615040870201329,0.293846153846154,0.358100316907522,0.0399782,0.0108,0.0351952,0.00171844078920302,,0.012611848285473,0.000832136037371255,,,,,TRUE,TRUE,TRUE,,-1.50899391088887,,,-0.0148781236801598,0.086305278174037,,,TRUE,TRUE,0.103825427591801,0.457545429468155,0.360383370799005,0.999320695566309,0.817359277010956,-2.82102203079627,0.0267149345150322,TRUE,,,1.0522597454235,,0.336384534835815,FALSE,TRUE
2011-01-01,1286.12,22.963,78.67,0.023349,0.022319,0.0504,0.0609,0.0432,-0.0196,-0.0198,0.0015,1e-04,0.0178544770316922,0.0182588022009478,0.0611684757254378,0.291890174145163,0.348632223701283,0.0417,0.0105,-0.000200000000000002,0.00476323005397417,,0.0153678899960541,0.00086323005418803,,,,,TRUE,TRUE,TRUE,,-1.74345608978079,,,-0.0180141416766837,-0.00426789231779379,,,TRUE,TRUE,-0.0455469489097595,0.433326780796051,0.344652818471141,0.991834746614422,0.839556977887724,-2.82746138431078,0.0268087218469138,TRUE,,,1.0522597454235,,0.307520121335983,FALSE,TRUE
2011-02-01,1327.22,23.197,79.99,0.032508,0.030251,0.0522,0.0615,0.0426,0.0113,0.0157,0.0013,1e-04,0.0174778861078043,0.0180364196186981,0.0602688325974594,0.28999874984373,0.339096573463522,0.0413,0.00930000000000001,0.0044,0.00493136502545144,,0.0159181123787178,0.00106553338402976,,,,,TRUE,TRUE,TRUE,,-1.74737806357471,,,-0.0230166422292468,0.0671502362897021,,,TRUE,TRUE,0.0140651939436793,0.447262287139893,0.354037080216395,0.986691415313225,0.863165950440996,-2.84411425622848,0.0249469190189179,TRUE,,,1.0522597454235,,0.233252480626106,FALSE,TRUE
2011-03-01,1325.83,23.431,81.31,0.000625,-0.000867,0.0513,0.0603,0.0429,-6e-04,-0.0072,0.001,1e-04,0.0176727031369029,0.0176541944816986,0.0613276211882368,0.288168736932727,0.354269939357437,0.0419,0.009,-0.0066,0.0097510720305094,,0.0124760330223142,0.00234726426239411,,,,,TRUE,TRUE,TRUE,,-1.91098302555547,,,-0.0136874941490932,0.0936148300720907,,,FALSE,TRUE,0.0163371209055185,0.44235435128212,0.369162036752285,0.994228185211339,0.869759180149288,-2.82505643038767,0.0224371266612954,TRUE,,,1.0522597454235,,0.327014148235321,FALSE,TRUE
2011-04-01,1363.61,23.7343333333333,82.1633333333333,0.029441,0.028358,0.0516,0.0602,0.0416,0.0199,0.0239,6e-04,0,0.0174055142843873,0.0179014906385686,0.0602542760271143,0.288867702543714,0.340696801227739,0.041,0.0086,0.004,0.00643942953545706,,0.00938019931984374,0.000636530301184157,,,,,TRUE,TRUE,TRUE,,-1.676722451186,,,-0.0179389270906158,0.0678029946322629,,,FALSE,TRUE,0.0491495095193386,0.443358778953552,0.389465138135987,1,0.904409818045498,-2.84319661631261,0.0208893879882806,TRUE,,,1.0522597454235,,0.33268877863884,FALSE,TRUE
2011-05-01,1345.2,24.0376666666667,83.0166666666667,-0.011313,-0.013572,0.0496,0.0578,0.0391,0.0355,0.0257,4e-04,0,0.0178692139954406,0.0176279630295075,0.0617132520566954,0.289552298735194,0.347222189073962,0.0387,0.00820000000000001,-0.0098,0.00470418752723356,,0.00911684357826277,0.00093420362216689,,,,,TRUE,TRUE,TRUE,,-1.79162094008217,,,-0.0177455982828905,-0.0942763912161566,,,FALSE,TRUE,0.0417403616011143,0.448969781398773,0.400841709394711,0.981206881208755,0.887413136899001,-2.81646451613913,0.0202859446134594,TRUE,,,1.0522597454235,,0.348803132772446,FALSE,TRUE
2011-06-01,1320.64,24.341,83.87,-0.016545,-0.018106,0.0499,0.0575,0.0409,-0.0179,-0.021,4e-04,0,0.0184312151684032,0.0180947071067499,0.0635070874727405,0.290222964111124,0.351570039164386,0.0405,0.0076,-0.0031,-0.00107096705669929,,0.0117335605883474,0.00229474739045778,,,,,TRUE,TRUE,TRUE,,-1.86157214706395,,,-0.0157333980164394,-0.0720545277507303,,,FALSE,TRUE,0.0301847197115421,0.456711232662201,0.444389367221985,0.96907234199339,0.876438540495166,-2.78616256780944,0.0182422085069768,TRUE,,,0.272403732211375,,0.35534855723381,FALSE,TRUE
2011-07-01,1292.28,24.621,84.9066666666667,-0.019828,-0.020982,0.0493,0.0576,0.0378,0.0422,0.0473,4e-04,0,0.0190523725508404,0.018643233583717,0.0657029952229135,0.289977229899498,0.359418903027528,0.0374,0.0083,0.00510000000000001,0.000886045666793622,,0.0123705577601259,0.00183073997670047,,,,,TRUE,TRUE,TRUE,,-1.86072167415859,,,-0.011822547412863,0.00398740818468002,,,FALSE,TRUE,0.0168799459934235,0.457135677337646,0.456635525881435,0.947910080293258,0.857299183241519,-2.75216956738243,0.018728291143434,TRUE,,,-0.79554838255516,,0.411823630332947,FALSE,TRUE
2011-08-01,1218.89,24.901,85.9433333333333,-0.054323,-0.056735,0.0437,0.0536,0.0315,0.0862,0.024,2e-04,1e-04,0.0204292429997785,0.0192690438604637,0.0705095072839496,0.289737423883955,0.375812522118598,0.0313,0.0099,-0.0622,0.00275758890236455,,0.0127265609659335,0.0192222162361258,,,,,TRUE,TRUE,TRUE,,-2.42998160107397,,,-0.0060943994286049,-0.0718018394648829,,,TRUE,TRUE,-0.0341691374778748,0.413711339235306,0.447735982817274,0.906560535309206,0.819902248786229,-2.67474721013405,0.022228953548882,TRUE,,,-1.91206366579022,,0.698998272418976,FALSE,TRUE
2011-09-01,1131.42,25.181,86.98,-0.070238,-0.071739,0.0409,0.0527,0.0265,0.0704,0.0575,1e-04,0,0.0222561029502749,0.0206589602014948,0.0768768450266037,0.289503334099793,0.399922847000654,0.0264,0.0118,-0.0129,0.00151846211569451,,0.0130493056705019,0.00691585935542893,,,,,TRUE,TRUE,TRUE,,-2.23705236913669,,,-0.00791820842289503,-0.0781443531133881,,,FALSE,TRUE,-0.0082920603454113,0.407624274492264,0.466412678263014,0.851906320888893,0.770472440666933,-2.58515708243631,0.026651471928389,FALSE,,,-2.68533577651543,,0.707788705825806,FALSE,TRUE
2011-10-01,1253.3,25.5956666666667,86.97,0.109014,0.107554,0.0398,0.0537,0.0291,-0.0306,0.0094,2e-04,0,0.0204226176228091,0.0226226040432966,0.0693928030000798,0.2943045494615,0.365077904577244,0.0289,0.0139,0.04,-0.00206268263335829,,0.00789250581367031,0.00740085535063373,,,,,TRUE,TRUE,TRUE,,-2.28569523056424,,,-0.0019942488035074,0.138267985831196,,,FALSE,TRUE,-0.0701508074998856,0.428955554962158,0.484603901189361,0.933216710614853,0.844010355444198,-2.68924425529134,0.0312449315654384,TRUE,,,-2.45006999096455,,0.705575525760651,FALSE,TRUE
2011-11-01,1246.96,26.0103333333333,86.96,-0.002727,-0.005552,0.0387,0.0514,0.0273,0.0251,-0.0356,1e-04,0,0.0208589957443168,0.0207534774861034,0.0697376018476936,0.299106869058571,0.362329897523427,0.0272,0.0127,-0.0607,-0.000843561330441944,,-0.00434031586290615,0.00767960250816544,,,,,TRUE,TRUE,TRUE,,-2.05875452219198,,,-0.00306940758130736,0.0769395857924671,,,FALSE,TRUE,0.118068173527718,0.48720309138298,0.487038741260326,0.940294476267199,0.850411556190004,-2.68291628707418,0.0296684560063843,TRUE,,,-2.45006999096455,,0.644986212253571,FALSE,TRUE
2011-12-01,1257.6,26.425,86.95,0.009427,0.007613,0.0393,0.0525,0.0255,0.027,0.0512,1e-04,0,0.0210122455470738,0.0211915378199782,0.069139631043257,0.303910293271995,0.357232540703708,0.0254,0.0132,0.0242,-0.00246651637713824,,-0.00649732860675042,0.00276409243773005,,,,,TRUE,TRUE,TRUE,,-1.85586583944322,,,0.00123819621635235,-0.0152451175767238,,,FALSE,TRUE,0.0516251735389233,0.464590549468994,0.491628165479589,0.953711553142959,0.862546092245913,-2.69123371051357,0.0268436883500184,TRUE,,,-2.68533577651543,,0.619006276130676,FALSE,TRUE
2012-01-01,1312.41,26.7343333333333,87.48,0.045205,0.044003,0.0385,0.0523,0.0249,2e-04,0.0194,3e-04,0,0.0203704127013154,0.0212582167090755,0.0666559992685213,0.305605090687395,0.345487302608821,0.0246,0.0138,0.0192,0.00440019142826764,,-0.0130621419571847,0.000648134024859154,,,,,TRUE,TRUE,TRUE,,-1.5966660874944,,,0.00620400416015876,-0.00374380248912276,,,FALSE,TRUE,0.0153855923563242,0.438336759805679,0.490848467756099,0.986134073973462,0.891869338410805,-2.72771869126556,0.0263880090255068,TRUE,,,-0.818870684111256,,0.555953800678253,FALSE,TRUE
2012-02-01,1365.68,27.0436666666667,88.01,0.043341,0.040744,0.0385,0.0514,0.0272,-0.0196,0.0057,9e-04,0,0.0198023451076875,0.0206061114031946,0.0644440864624216,0.307279475817142,0.336973935440435,0.0263,0.0129,0.0253,0.00440297355127628,,-0.0144663096729743,0.000623700024418872,,,,,TRUE,TRUE,TRUE,,-1.82338843035889,,,0.00843766870449247,0.0875482429412959,,,FALSE,TRUE,0.0542295314371586,0.453060060739517,0.473217484588156,0.995920837331759,0.914401677994257,-2.76146577407482,0.0250459315704345,TRUE,,,0.78780812737369,,0.323789864778519,FALSE,TRUE
2012-03-01,1408.47,27.353,88.54,0.032866,0.031282,0.0399,0.0523,0.0297,-0.0302,-0.0303,8e-04,0,0.019420363941014,0.0200288500966551,0.0628625387832187,0.308933815224757,0.346181967357047,0.0289,0.0124,-9.99999999999994e-05,0.00759455862393099,,-0.0137750544383464,0.00115526989269655,,,,,TRUE,TRUE,TRUE,,-1.88381671320961,,,0.0022735640728202,-0.037822189017557,,,FALSE,TRUE,0.0308620743453503,0.450146079063416,0.468949376102881,0.996927432474443,0.932755269677144,-2.78827276714632,0.0252084966860547,TRUE,,,1.0522597454235,,0.219844862818718,FALSE,TRUE
2012-04-01,1397.91,27.6753333333333,88.3333333333333,-0.006034,-0.007237,0.0396,0.0519,0.0268,0.0409,0.0251,8e-04,0,0.01979765030176,0.0196492174723873,0.0631895710978055,0.313305660377359,0.346140311178684,0.026,0.0123,-0.0158,0.00302102950408045,,-0.0124140167362714,0.00162754513872544,,,,,TRUE,TRUE,TRUE,,-1.88366742088638,,,0.00847230220258766,0.0180529942735126,,,FALSE,TRUE,0.021668653935194,0.479692965745926,0.471134957277045,0.996165702563762,0.932867521901538,-2.78190870898867,0.0212839026271266,TRUE,,,1.0522597454235,,0.326025158166885,FALSE,TRUE
2012-05-01,1310.33,27.9976666666667,88.1266666666667,-0.05979,-0.062433,0.038,0.0507,0.0221,0.0643,0.0344,9e-04,1e-04,0.0213668821340171,0.0200282326234641,0.0672553224505786,0.317698010439519,0.369047359694032,0.0212,0.0127,-0.0299,-0.00117347936632117,,-0.0152707474768203,0.00149609063205879,,,,,TRUE,TRUE,TRUE,,-1.75054900250275,,,0.00981373959509391,-0.175135856611689,,,FALSE,TRUE,0.000631492352113128,0.456642746925354,0.479815232953581,0.933289505787947,0.874963729823722,-2.71709903751374,0.022720859265728,TRUE,,,0.816993959872619,,0.358386039733887,FALSE,TRUE
2012-06-01,1362.16,28.32,87.92,0.041465,0.039888,0.0364,0.0502,0.0233,-0.0136,0.0064,9e-04,0,0.0207905091912844,0.0216128761457038,0.0645445468961062,0.322111010009099,0.35510388514366,0.0224,0.0138,0.02,-0.00146639688445049,,-0.0190430708589326,0.00343722803494949,,,,,FALSE,TRUE,TRUE,,-1.8624996879092,,,0.00890782992155259,-0.0171058714748034,,,FALSE,TRUE,0.00404606200754642,0.444082498550415,0.493241216883515,0.969935960576295,0.909319970376709,-2.75646982419452,0.0239848545248726,TRUE,,,1.0522597454235,,0.449869096279144,FALSE,TRUE
2012-07-01,1379.32,28.7433333333333,87.4466666666667,0.014363,0.013096,0.034,0.0487,0.0216,0.0247,0.0612,0.001,0,0.0208387707952711,0.0211012901078679,0.0633983895446065,0.328695585880918,0.351593705126116,0.0206,0.0147,0.0365,-0.00162978586182549,,-0.0203207700177413,0.00155283987912726,,,,,TRUE,TRUE,TRUE,,-1.70573484822146,,,0.0100473220415962,0.0357478833490121,,,FALSE,TRUE,0.0525598302483559,0.463106691837311,0.499458898812763,0.979619438344735,0.918398280775995,-2.77350095469125,0.0260980429891873,TRUE,,,1.0522597454235,,0.43549856543541,FALSE,TRUE
2012-08-01,1406.58,29.1666666666667,86.9733333333333,0.022744,0.019938,0.0348,0.0491,0.0223,-0.0068,-0.0093,0.001,1e-04,0.0207358747221393,0.0211456853135361,0.0618331935142924,0.335351831979151,0.349387052320554,0.0213,0.0143,-0.0025,0.0055651581814371,,-0.019782958058708,0.000727127402441615,,,,,TRUE,TRUE,TRUE,,-1.44291001288722,,,0.00480566892376544,0.0952543142597639,,,FALSE,TRUE,0.0779872760176659,0.465450912714005,0.493755749477057,0.98580650214017,0.9241986850252,-2.7999753877228,0.0249659888743766,TRUE,,,1.0522597454235,,0.425292730331421,FALSE,TRUE
2012-09-01,1440.67,29.59,86.5,0.02512,0.023547,0.0349,0.0484,0.0235,-0.0146,-0.0126,0.0011,1e-04,0.0205390547453615,0.021036841132392,0.0600415084648115,0.342080924855491,0.340382953800402,0.0224,0.0135,0.002,0.00446221226761123,,-0.0174248984527333,0.0010446353443038,,,,,TRUE,TRUE,TRUE,,-1.57560570854407,,,0.00312223565238678,-0.0444697833523374,,,FALSE,TRUE,0.07313022762537,0.488261789083481,0.490940562673292,0.988247347011421,0.948646372311683,-2.82977290276768,0.0229107844584196,TRUE,,,1.0522597454235,,0.32429301738739,FALSE,TRUE
2012-10-01,1412.16,30.1423140226897,86.5033333333333,-0.017837,-0.019227,0.0347,0.0458,0.0238,-0.0014,0.0206,0.001,1e-04,0.021344829213892,0.0209224277750559,0.0612560427524737,0.348452630218755,0.349237122092535,0.0228,0.0111,0.022,-0.00038892514055322,,-0.0157131372769638,0.000925533260968277,,,,,TRUE,TRUE,TRUE,,-1.63860602562933,,,0.00564463515738911,-0.0645476242134954,,,FALSE,TRUE,-0.0195932220667601,0.478173851966858,0.477559837177877,0.962256845075183,0.92459545074916,-2.81004141557497,0.0227794620138556,TRUE,,,1.0522597454235,,0.296228408813477,FALSE,TRUE
2012-11-01,1416.18,30.6946280453795,86.5066666666667,0.005326,0.002154,0.035,0.0451,0.0228,0.0144,-0.0092,9e-04,1e-04,0.0216742420069338,0.0217359421350127,0.0610845137388373,0.354823844544307,0.351137530919928,0.0219,0.0101,-0.0236,-0.00473808669488196,,-0.012093927142905,0.00190264893321427,,,,,TRUE,TRUE,TRUE,,-1.61531612323267,,,0.00836391943331805,0.0267888205960802,,,TRUE,TRUE,-0.00644678762182593,0.476745992898941,0.503378164926431,0.957048967131149,0.919591401903205,-2.81186225664617,0.0226156775306149,TRUE,,,1.0522597454235,,0.360052436590195,FALSE,TRUE
2012-12-01,1426.19,31.2469420680692,86.51,0.008508,0.005902,0.0365,0.0463,0.0246,-0.0202,-0.0062,7e-04,1e-04,0.0219093823880894,0.0220642447062303,0.0606581170811743,0.361194567888906,0.349032443182078,0.0239,0.0098,0.014,-0.00269306449020723,,-0.0115491210383637,0.00103570723246981,,,,,TRUE,TRUE,TRUE,,-1.49163906332072,,,0.0097929214136725,0.0371583465100518,,,TRUE,TRUE,0.0746559798717499,0.482195377349854,0.494272365869505,0.962821129818554,0.925137650172649,-2.81955557230385,0.0230655204507923,TRUE,,,1.0522597454235,,0.368939280509949,FALSE,TRUE
2013-01-01,1498.11,31.5352754014026,86.9066666666667,0.052361,0.051024,0.038,0.0473,0.0291,-0.0332,-0.0313,7e-04,0,0.021050039984649,0.0221115527393984,0.0580108714758373,0.362863708975942,0.329984026642464,0.0284,0.0093,0.0019,0.00295730419292606,,-0.00801673484838893,0.000906801290369157,,,,,TRUE,TRUE,TRUE,,-1.43429662060179,,,0.0091041985487621,0.0633779810519439,,,TRUE,TRUE,0.0862438157200813,0.428577572107315,0.478822795459318,0.993275248989209,0.978541469431036,-2.86604473161419,0.0210633933884246,TRUE,,,1.0522597454235,,0.375974535942078,TRUE,TRUE
2013-02-01,1514.68,31.8236087347359,87.3033333333333,0.013013,0.010511,0.039,0.0485,0.0285,0.0114,0.0093,0.001,0,0.0210101201143053,0.0212425047124283,0.0576381369882307,0.364517682426054,0.325431232296583,0.0275,0.00949999999999999,-0.0021,0.00819002952926873,,-0.00886425435037444,0.00124274267036746,,,,,TRUE,TRUE,TRUE,,-1.68846185332075,,,0.0128402776717991,-0.057552483358935,,,FALSE,TRUE,0.00723135704174638,0.470089733600616,0.455303369994565,0.998516557646442,0.992231298885314,-2.87317735952092,0.0194349643378638,TRUE,,,1.0522597454235,,0.350538551807404,TRUE,TRUE
2013-03-01,1569.19,32.1119420680692,87.7,0.037584,0.036025,0.0393,0.0485,0.0287,-0.0062,-0.0018,9e-04,0,0.0204640241577306,0.0212004793541007,0.0558887069124835,0.36615669404868,0.346129996556582,0.0278,0.00919999999999999,0.0044,0.00261450858437495,,-0.00891063799762705,0.000484519977035898,,,,,TRUE,TRUE,TRUE,,-1.52283527819664,,,0.0159347486988013,0.0566119743561881,,,TRUE,TRUE,0.0291355773806572,0.469546914100647,0.451610636933287,1,1,-2.9038033357828,0.018189494007087,TRUE,,,1.0522597454235,,0.304631888866425,TRUE,TRUE
2013-04-01,1597.57,32.4967418195544,88.7833333333333,0.019621,0.018482,0.0373,0.0459,0.0264,0.0378,0.0349,6e-04,0,0.0203413570732765,0.0207092460565989,0.0555739863250645,0.36602299777985,0.340036253857869,0.0258,0.0086,-0.0029,-0.00103963947708707,,-0.00800486075573369,0.00168274724947802,,,,,TRUE,TRUE,TRUE,,-1.68311541967507,,,0.0141492969814054,-0.0413410119292472,,,TRUE,TRUE,-0.0475683733820915,0.447944641113281,0.447868800021863,0.998295340642604,0.998295340642604,-2.90748697266687,0.0180137504667965,TRUE,,,1.0522597454235,,0.332584142684937,TRUE,TRUE
2013-05-01,1630.74,32.8815415710395,89.8666666666667,0.02312,0.020441,0.0389,0.0473,0.0309,-0.0629,-0.0536,4e-04,0,0.0201635708764361,0.0205822227326749,0.0551079060222149,0.365892524900291,0.333832597778317,0.0305,0.0084,0.0093,0.00178040777358723,,-0.00470468594196819,0.00101555564131597,,,,,TRUE,TRUE,TRUE,,-1.6961534714085,,,0.0140117724551416,-0.0138382321390259,,,TRUE,TRUE,-0.0195154417306185,0.472138643264771,0.452061789279586,0.980932405500802,0.980932405500802,-2.91757820533181,0.021327511212238,TRUE,,,1.0522597454235,,0.301294177770615,TRUE,TRUE
2013-06-01,1606.28,33.2663413225246,90.95,-0.013601,-0.015262,0.0427,0.0519,0.033,-0.0285,-0.0371,5e-04,0,0.0207101758862244,0.0203995372177813,0.0566215105710088,0.365765160225669,0.338444357997532,0.0325,0.00920000000000001,-0.0086,0.00239970808559953,,0.000118711364696538,0.0022476742801165,,,,,TRUE,TRUE,TRUE,,-1.89837299510166,,,0.0151702679578554,0.048188839334276,,,FALSE,TRUE,-0.0140535654500127,0.445303589105606,0.410374085358015,0.967565880284684,0.967565880284684,-2.89410580751727,0.0225625209004954,TRUE,,,1.0522597454235,,0.394337952136993,FALSE,TRUE
2013-07-01,1685.73,33.6455313420828,92.09,0.050672,0.049287,0.0434,0.0532,0.0344,-0.0173,0.0031,4e-04,0,0.0199590274492847,0.0209462430846943,0.0546291517621446,0.365354884809239,0.325562565082577,0.034,0.0098,0.0204,0.000393997533232993,,0.00836060493902457,0.000502065357807652,,,,,TRUE,TRUE,TRUE,,-1.62614378096407,,,0.0111531370156701,0.0907015359070154,,,FALSE,TRUE,0.0348980315029621,0.452322781085968,0.394161148359038,0.995619145746268,0.995619145746268,-2.93266041962865,0.0231718428097019,TRUE,,,1.0522597454235,,0.353551864624023,FALSE,TRUE
2013-08-01,1632.97,34.024721361641,93.23,-0.029207,-0.031638,0.0454,0.0542,0.0351,-0.0079,-0.0074,4e-04,0,0.0208360970266698,0.0201839685843172,0.0570922919588235,0.364954642943698,0.340713327405031,0.0347,0.0088,5e-04,0.0012029315570472,,0.010332112558113,0.000950424592618861,,,,,TRUE,TRUE,TRUE,,-1.78123688830953,,,0.0160121297903366,0.0274024738344434,,,TRUE,TRUE,0.0306019559502602,0.495155334472656,0.406668035757744,0.945840432842264,0.945840432842264,-2.890117502448,0.0195580351310188,TRUE,,,1.0522597454235,,0.369505822658539,FALSE,TRUE
2013-09-01,1681.55,34.4039113811991,94.37,0.03166,0.030064,0.0464,0.0547,0.0349,0.0061,0.0014,2e-04,0,0.0204596422236622,0.021068305836114,0.0561208408908448,0.364564071009846,0.333521484606075,0.0347,0.0083,-0.0047,0.00116300448526352,,0.0101187005180924,0.000622222307609954,,,,,TRUE,TRUE,TRUE,,-1.58577736549221,,,0.0201812643289285,-0.0520466753102427,,,TRUE,TRUE,-0.022110179066658,0.462019920349121,0.406614436048572,0.96509076388632,0.96509076388632,-2.90796047862687,0.0198584269095524,TRUE,,,1.0522597454235,,0.262465476989746,FALSE,TRUE
2013-10-01,1756.54,34.5999556240451,96.3133333333333,0.046268,0.044953,0.0453,0.0531,0.0342,0.0128,0.0211,5e-04,0,0.0196977897594391,0.0205762276614107,0.0548312781566792,0.359243672984479,0.324594824952157,0.0337,0.00779999999999999,0.0083,-0.00257528325980472,,0.00962281832336322,0.00143836857624222,,,,,TRUE,TRUE,TRUE,,-1.68516644303934,,,0.0184935723726687,-0.0593005080109417,,,TRUE,TRUE,0.0301812905818224,0.467079550027847,0.404954317491938,0.991416007933496,0.991416007933496,-2.92935713809826,0.0200532474030255,TRUE,,,1.0522597454235,,0.3297059237957,FALSE,TRUE
2013-11-01,1805.81,34.7959998668911,98.2566666666667,0.030817,0.028398,0.0463,0.0538,0.0361,-0.0236,-0.0086,7e-04,0,0.0192689152606814,0.0198093979453307,0.0544114090998868,0.354133730029085,0.313685278443108,0.0354,0.0075,0.015,-0.00204242419052347,,0.0103247750561808,0.000644398907444774,,,,,TRUE,TRUE,TRUE,,-1.72432493993347,,,0.019932191211848,-0.0388410011423824,,,TRUE,TRUE,0.0239145345985889,0.477748930454254,0.370663793742172,0.999321626630006,0.999321626630006,-2.93801807496238,0.0228513365243359,TRUE,,,1.0522597454235,,0.299229770898819,FALSE,TRUE
2013-12-01,1848.36,34.9920441097371,100.2,0.02595,0.024196,0.0462,0.0538,0.0378,-0.0207,2e-04,7e-04,0,0.0189314008687361,0.0193774783115262,0.0542102187885477,0.349221997103165,0.304408125641715,0.0371,0.0076,0.0209,-8.58114978825597e-05,,0.0121439460323615,0.000745516494865307,,,,,TRUE,TRUE,TRUE,,-1.76188737570165,,,0.0210499911893853,0.0607239330091842,,,TRUE,TRUE,0.0583680905401707,0.456452310085297,0.365903398561421,1,1,-2.94347330662552,0.0216350405102805,TRUE,,,1.0522597454235,,0.312075912952423,FALSE,TRUE
2014-01-01,1782.59,35.4039224307603,100.416666666667,-0.034666,-0.035731,0.0449,0.0519,0.0342,0.0548,0.0331,4e-04,0,0.019860945271072,0.0191542353387653,0.0563318916108958,0.35257018188309,0.321429276666762,0.0338,0.007,-0.0217,0.00372024767323609,,0.0137654211166797,0.00130358839722544,,,,,TRUE,TRUE,TRUE,,-1.89307054772306,,,0.0165991361399067,-0.00631557502291946,,,TRUE,TRUE,0.0151425655931234,0.472337663173676,0.366470347039977,0.947045424108355,0.947045424108355,-2.90469310011934,0.0238649804078878,TRUE,,,1.0522597454235,,0.30827784538269,FALSE,TRUE
2014-02-01,1859.45,35.8158007517834,100.633333333333,0.045757,0.043194,0.0445,0.051,0.0339,0.0074,0.0168,5e-04,0,0.0192615024613641,0.0200920013866247,0.0541199458621277,0.355903949173071,0.309163071761476,0.0334,0.00649999999999999,0.0094,0.00369790865096875,,0.0165761568163984,0.00125356474700909,,,,,TRUE,TRUE,TRUE,,-1.9418960540436,,,0.0232446293048909,0.0546386468477704,,,FALSE,TRUE,-0.0701660066843033,0.439642935991287,0.362359595915481,0.984619941532251,0.984619941532251,-2.94329177319991,0.0223210072554654,TRUE,,,1.0522597454235,,0.34463495016098,FALSE,TRUE
2014-03-01,1872.34,36.2276790728065,100.85,0.008056,0.006537,0.0438,0.0506,0.0337,0.0063,0.0062,5e-04,0,0.0193488784477213,0.0194830079178287,0.0538630804234274,0.359223391896941,0.350616065710435,0.0332,0.0068,-1e-04,0.00644004412622823,,0.0164166031804492,0.000869032545953597,,,,,TRUE,TRUE,TRUE,,-1.95389210462339,,,0.0320041309390424,-0.0127332814930016,,,FALSE,TRUE,0.0659557431936264,0.468064337968826,0.346204501019059,0.992821231780105,0.992821231780105,-2.94814665403087,0.0259854193924241,TRUE,,,1.0522597454235,,0.342488437891006,FALSE,TRUE
2014-04-01,1883.95,36.6120116475115,101.606666666667,0.006555,0.005388,0.0424,0.049,0.0326,0.0181,0.016,3e-04,0,0.0194336429562947,0.0195541470285907,0.0539327830710298,0.360330801596137,0.34801131908878,0.0323,0.0066,-0.0021,0.00329675445315769,,0.016623198353961,0.00136269245380609,,,,,TRUE,TRUE,TRUE,,-1.95576094410121,,,0.0320961394267032,-0.0147681401988776,,,FALSE,TRUE,-0.00666602980345488,0.430740475654602,0.337475725234415,1,1,-2.94675606290603,0.0266507152242215,TRUE,,,1.0522597454235,,0.34117779135704,FALSE,TRUE
2014-05-01,1923.57,36.9963442222164,102.363333333333,0.023309,0.020895,0.0416,0.0476,0.0309,0.0279,0.0188,3e-04,0,0.019233167611377,0.0196376465523058,0.0532152889332509,0.36142183941727,0.34517325599967,0.0306,0.006,-0.0091,0.00349260984004851,,0.0139852574744413,0.000555204165279891,,,,,TRUE,TRUE,TRUE,,-1.86948169692528,,,0.035049175821503,0.0332767063055863,,,TRUE,TRUE,0.0287906564772129,0.468730986118317,0.343287513883129,1,1,-2.95868734514288,0.0270820205080894,TRUE,,,1.0522597454235,,0.304396033287048,FALSE,TRUE
2014-06-01,1960.23,37.3806767969214,103.12,0.020635,0.019048,0.0425,0.048,0.0313,-0.0025,0.002,4e-04,0,0.0190695361242922,0.0194329693210652,0.0526060717364799,0.362496865757578,0.342928458512118,0.0309,0.0055,0.0045,0.00186212694409416,,0.0138854262407072,0.000281999799412792,,,,,TRUE,TRUE,TRUE,,-1.71660982614703,,,0.0376081144657103,0.0258220502901352,,,TRUE,TRUE,0.0363317653536797,0.45749643445015,0.451333608668896,0.992890810688331,0.992890810688331,-2.97059148039637,0.0258275364540528,TRUE,,,1.0522597454235,,0.271863281726837,FALSE,TRUE
2014-07-01,1930.67,37.751988296792,104.066666666667,-0.013974,-0.015278,0.0416,0.0473,0.031,0.0057,0.0024,3e-04,0,0.019553827581509,0.0192589585389429,0.0539018406390873,0.36276734429973,0.348379851841119,0.0307,0.0057,-0.0033,-0.000390193964160845,,0.0084376900765418,0.000949121884492217,,,,,TRUE,TRUE,TRUE,,-1.73731636988779,,,0.0389634342709382,-0.0739134533798435,,,TRUE,FALSE,-0.0713802203536034,0.443227678537369,0.453621675364407,0.966455053622901,0.966455053622901,-2.94567343286953,0.0236463450844766,TRUE,,,1.0522597454235,,0.26233121752739,FALSE,TRUE
2014-08-01,2003.37,38.1232997966625,105.013333333333,0.039777,0.037445,0.0408,0.0469,0.0287,0.0369,0.0356,3e-04,0,0.0190295850475262,0.0197461501948352,0.0524183417607997,0.363032946260753,0.337476203983402,0.0284,0.0061,-0.0013,-0.00167051416579223,,0.00673896929874399,0.000546201745894892,,,,,TRUE,TRUE,TRUE,,-1.64081894441752,,,0.0362140401636628,-0.00376667006006315,,,TRUE,TRUE,0.0237476397305727,0.467346429824829,0.46291394566841,0.99768061990174,0.99768061990174,-2.97241053534588,0.0213234529923409,TRUE,,,1.0522597454235,,0.271107316017151,FALSE,TRUE
2014-09-01,1972.29,38.4946112965331,105.96,-0.013928,-0.015467,0.0411,0.048,0.03,-0.017,-0.0271,2e-04,0,0.0195177237102723,0.0192149284937546,0.0537243508814627,0.363293802345536,0.338576181283702,0.0298,0.0069,-0.0101,0.000752568824310851,,0.0079914181625154,0.000721023210265217,,,,,TRUE,TRUE,TRUE,,-1.78546548981341,,,0.0382277130649848,-0.0683629675045984,,,TRUE,TRUE,-0.0300913341343403,0.472802430391312,0.465121365599204,0.986293775253563,0.986293775253563,-2.94887417146406,0.021176232509359,TRUE,,,1.0522597454235,,0.322432070970535,FALSE,TRUE
2014-10-01,2018.05,38.8107878952653,104.743333333333,0.023972,0.0228,0.0392,0.0469,0.0282,0.03,0.0225,2e-04,0,0.0192318267115608,0.0196780330961803,0.0519032399263315,0.370532296998364,0.331808364557241,0.028,0.00770000000000001,-0.0075,-0.00251227781255392,,0.00803234197784939,0.00294399830392576,,,,,TRUE,TRUE,TRUE,,-2.0657433065002,,,0.0374953117321546,-0.11670505648788,,,TRUE,TRUE,0.000557017512619495,0.46041938662529,0.494955916393662,1,1,-2.98111355140199,0.0228490757327125,TRUE,,,1.0522597454235,,0.410274922847748,FALSE,TRUE
2014-11-01,2067.56,39.1269644939976,103.526666666667,0.027631,0.025159,0.0392,0.0479,0.0264,0.0286,0.0173,2e-04,0,0.0189242220269292,0.019388501025246,0.0500719044026131,0.377940928205271,0.323661786020381,0.0262,0.0087,-0.0113,-0.00539941794106125,,0.00689155551848365,0.000150253952272721,,,,,TRUE,TRUE,TRUE,,-1.72407713875599,,,0.0428006350974597,-0.181174717496585,,,TRUE,TRUE,0.0168515350669622,0.472241401672363,0.513799417655039,1,1,-3.01732791767062,0.0265779555901808,TRUE,,,1.0522597454235,,0.360729604959488,FALSE,TRUE
2014-12-01,2058.9,39.4431410927299,102.31,-0.002473,-0.004249,0.0379,0.0474,0.0246,0.029,0.0183,3e-04,0,0.0191573855421487,0.0190771446017189,0.0496915828840643,0.385525765738735,0.3237556717221,0.0243,0.0095,-0.0107,-0.00567010091001097,,0.00562501173365185,0.0019928394364509,,,,,TRUE,TRUE,TRUE,,-1.85468127912969,,,0.041877648772819,-0.189414619350925,,,TRUE,TRUE,0.00188125285785645,0.477927565574646,0.507214199255398,0.987224786484329,0.987224786484329,-3.02377905304474,0.0275712942669681,TRUE,,,1.0522597454235,,0.400246977806091,FALSE,TRUE
2015-01-01,1994.98999,39.8976306774656,101.29,-0.02943,-0.030468,0.0346,0.0445,0.02,0.0709,0.0599,3e-04,0,0.0199989127150786,0.0193781294271046,0.0507721845762244,0.39389506049428,0.336168762507319,0.0197,0.00990000000000001,-0.011,-0.0047058923734733,,0.000190699100073694,0.00222662923609554,,,,,TRUE,TRUE,TRUE,,-1.99924850833773,,,0.0331584111644014,-0.105893358278765,,,TRUE,TRUE,0.019655192270875,0.446773648262024,0.492174744700444,0.950771337304078,0.950771337304078,-2.99903208619198,0.0267221843605218,TRUE,,,0.272403732211375,,0.370303094387054,FALSE,TRUE
2015-02-01,2104.5,40.3521202622013,100.27,0.056976,0.054305,0.0361,0.0451,0.0238,-0.0523,-0.032,2e-04,0,0.019174207774864,0.0202267281863411,0.0476455215015443,0.402434629123379,0.318227291026709,0.0236,0.009,0.0203,0.00434304492377224,,-0.00376669434745958,0.000813539698531558,,,,,TRUE,TRUE,TRUE,,-1.89443147251406,,,0.0259164082491186,0.0428960033479808,,,TRUE,TRUE,0.0298470705747604,0.485821336507797,0.510965915973094,0.994959003147948,0.994959003147948,-3.06357317031371,0.0255890685858277,TRUE,,,0.516170306783731,,0.387855887413025,FALSE,TRUE
2015-03-01,2067.889893,40.8066098469369,99.25,-0.014993,-0.016628,0.0364,0.0454,0.023,0.0137,0.0058,3e-04,0,0.0197334538870136,0.0193901686134174,0.0479957856247426,0.411149721379717,0.307454045089705,0.0227,0.009,-0.0079,0.00595172161109736,,-0.0068897072679605,0.00172037499987856,,,,,TRUE,TRUE,TRUE,,-1.82340410243986,,,0.0217323454837466,-0.0425361155698235,,,TRUE,TRUE,0.0450593158602715,0.468537509441376,0.503618805300091,0.971976577797243,0.971976577797243,-3.05683677869889,0.0232235290266946,TRUE,,,-0.526933781281054,,0.384082973003387,FALSE,TRUE
2015-04-01,2085.51001,41.1184071679359,97.8033333333333,0.009101,0.008004,0.0352,0.0448,0.0249,-0.025,-0.0223,2e-04,0,0.0197162358227837,0.0198842343139862,0.0468966022049126,0.42041928190521,0.306344209697924,0.0247,0.0096,0.0027,0.00203287325458779,,-0.00707490137651333,0.000574342652693208,,,,,TRUE,TRUE,TRUE,,-1.69563491969199,,,0.0154333185472257,0.249371332774518,,,TRUE,TRUE,-0.00528889102861285,0.465132623910904,0.502159089813158,0.975497891312799,0.975497891312799,-3.07902427273461,0.0210447666365414,TRUE,,,-0.0189392786169627,,0.308456361293793,FALSE,TRUE
2015-05-01,2107.389893,41.4302044889349,96.3566666666667,0.012522,0.010141,0.0398,0.0489,0.0262,-0.0159,-0.0204,2e-04,0,0.0196594871345598,0.019865742331745,0.0457232271003715,0.42996718257448,0.30344995302787,0.026,0.0091,-0.0045,0.00509723202549472,,-0.00807840754696538,0.000886995496516941,,,,,TRUE,TRUE,TRUE,,-1.74620866836541,,,0.0101861173093303,0.0105669238510568,,,TRUE,TRUE,-0.000431395776104182,0.478604674339294,0.508577536298844,0.983524269633838,0.983524269633838,-3.10691035033034,0.0220964345850881,TRUE,,,0.788031817331766,,0.347369015216827,FALSE,TRUE
2015-06-01,2063.110107,41.7420018099339,94.91,-0.019343,-0.02102,0.0419,0.0513,0.0285,-0.0298,-0.032,2e-04,0,0.0202325613491524,0.0198074413987587,0.0460033614677067,0.439806151195174,0.310186832664473,0.0283,0.00939999999999999,-0.0022,0.00350286999852822,,-0.00872535659718155,0.00105215749576025,,,,,TRUE,TRUE,TRUE,,-1.69407402557401,,,0.00621563683462867,-0.012780082987552,,,TRUE,TRUE,-0.0708117485046387,0.470635652542114,0.501416410244581,0.962163322209717,0.962163322209717,-3.10236663508149,0.0246095619205239,TRUE,,,0.544265242759411,,0.330907076597214,FALSE,TRUE
2015-07-01,2103.840088,41.9981333764469,93.4933333333333,0.021297,0.020101,0.0415,0.052,0.0263,0.0329,0.0239,3e-04,0,0.0199626072418708,0.0203567096268638,0.0444393724915719,0.449209926302555,0.308953264751671,0.026,0.0105,-0.009,6.7047159295619e-05,,-0.00835769954567431,0.00115977895236347,,,,,TRUE,TRUE,FALSE,,-1.8525958159739,,,0.0118591664961283,-0.207969065232011,,,TRUE,TRUE,0.013068706728518,0.461922526359558,0.516286666784762,0.966004983511164,0.966004983511164,-3.13656440594456,0.0299230992871908,TRUE,,,1.0522597454235,,0.362507194280624,FALSE,TRUE
2015-08-01,1972.180054,42.2542649429599,92.0766666666667,-0.060073,-0.062419,0.0404,0.0519,0.0264,0.0012,-0.0067,7e-04,0,0.0214251558103223,0.0200843520303525,0.046687758797639,0.458903069286028,0.330670987407453,0.0257,0.0115,-0.0079,-0.00141627628281948,,-0.0101608900292708,0.00584694899045738,,,,,TRUE,TRUE,TRUE,,-2.10532965949796,,,0.00920631265470462,0.0443642538739122,,,TRUE,TRUE,0.0108098583295941,0.506225168704987,0.484258588326597,0.90255996076973,0.90255996076973,-3.08574117953065,0.0299073239965864,TRUE,,,-1.61413675247497,,0.527301013469696,FALSE,TRUE
2015-09-01,1920.030029,42.5103965094728,90.66,-0.024547,-0.026258,0.0407,0.0534,0.0253,0.0174,0.0133,2e-04,0,0.022140485235855,0.0215550281138138,0.0472180115053815,0.46889914526222,0.33561195477964,0.0251,0.0127,-0.0041,-0.00155675657530341,,-0.0136376380100128,0.00405349134805526,,,,,TRUE,TRUE,TRUE,,-1.93794739320224,,,0.00560261167598508,-0.0841463414634146,,,TRUE,TRUE,0.0187529530376196,0.499619990587234,0.475939438413482,0.889272235901485,0.889272235901485,-3.07444776610623,0.0307369369354806,TRUE,,,-2.68533577651543,,0.574624717235565,FALSE,TRUE
2015-10-01,2079.360107,42.8028934599586,89.2833333333333,0.083449,0.082049,0.0395,0.0534,0.0259,-0.0053,0.002,2e-04,0,0.0205846468420097,0.0222928250149564,0.0429378889364897,0.47940519088996,0.309413628298744,0.0257,0.0139,0.0073,-0.000449683750446517,,-0.0168325423535238,0.00161890634145249,,,,,TRUE,TRUE,TRUE,,-2.02185126579067,,,-4.94478767363304e-05,0.0341766533510874,,,TRUE,TRUE,0.0261818058788776,0.459055691957474,0.486761202087758,0.96456770525311,0.96456770525311,-3.16848931726728,0.0267097913697795,TRUE,,,-1.63604101521535,,0.553007304668427,TRUE,TRUE
2015-11-01,2080.409912,43.0953904104444,87.9066666666667,0.003373,0.000817,0.0406,0.0546,0.0265,-0.0065,0.002,0.0012,0,0.0207148553570458,0.0207253136507559,0.0422544932898141,0.490240297403811,0.308429157693714,0.0253,0.014,0.0085,-0.00211068037908146,,-0.0184380965818588,0.00111875877679533,,,,,TRUE,TRUE,TRUE,,-1.87084837615589,,,-0.00823488040964282,-0.132403433476395,,,TRUE,TRUE,-0.000944005674682558,0.488895744085312,0.500390832045892,0.967646495077923,0.967646495077923,-3.18639298444271,0.0276290741062447,TRUE,,,-0.288731713593509,,0.433101385831833,TRUE,TRUE
2015-12-01,2043.939941,43.3878873609301,86.53,-0.015247,-0.017076,0.0397,0.0546,0.0268,-0.0022,0,0.0023,1e-04,0.0212275744950229,0.0208554511832811,0.0423349034207263,0.501420170587428,0.313648814377938,0.0245,0.0149,0.0022,-0.00341709643711874,,-0.0222515502958407,0.00283848556237114,,,,,TRUE,TRUE,TRUE,,-1.93780206852164,,,-0.0139480090195772,-0.0816225575068018,,,TRUE,TRUE,-0.00441905111074448,0.487160265445709,0.513196437250395,0.951543190157047,0.951543190157047,-3.18429619784198,0.0266256876637741,TRUE,,,-0.50502951854067,,0.386385709047318,TRUE,TRUE
2016-01-01,1940.24,43.5505714383862,86.5,-0.0491,-0.05025,0.04,0.0545,0.0236,0.0476,0.0067,0.0026,1e-04,0.0224459713429195,0.0213071678696582,0.0445821135529625,0.503474814316604,0.331910629588918,0.021,0.0145,-0.0409,0.00165310220906867,,-0.0209440574555279,0.00430131404668657,,,,,TRUE,TRUE,TRUE,,-2.24323089060275,,,-0.00951457011694057,-0.093455426878535,,,TRUE,TRUE,0.101841576397419,0.462956190109253,0.499440142528762,0.899189019019363,0.899189019019363,-3.13110713300096,0.0315676027105058,TRUE,,,-2.68533577651543,,0.474145382642746,TRUE,TRUE
2016-02-01,1932.23,43.7132555158423,86.47,-0.001742,-0.004457,0.0396,0.0534,0.0217,0.0294,0.0232,0.0031,2e-04,0.0226232154121623,0.02252981874193,0.0447514012307023,0.505530883726637,0.33090182544728,0.0186,0.0138,-0.0062,0.000823076533454925,,-0.0247160519966609,0.00260154447594541,,,,,TRUE,TRUE,TRUE,,-2.06855887156101,,,-0.0155020209415442,-0.0273321449792037,,,TRUE,TRUE,-0.042955044656992,0.449643164873123,0.515724522750971,0.901930332414283,0.901930332414283,-3.12427595750616,0.031824897294184,TRUE,,,-2.68533577651543,,0.455901801586151,TRUE,TRUE
2016-03-01,2059.74,43.8759395932984,86.44,0.06734,0.065146,0.0382,0.0513,0.0218,-3e-04,0.0423,0.0029,2e-04,0.0213016883651812,0.0227074103979849,0.0419664617864391,0.507588380301925,0.327954791295945,0.0189,0.0131,0.0426,0.00430600014339277,,-0.0237096365599866,0.00127415687803351,,,,,TRUE,TRUE,TRUE,,-1.9450212367372,,,-0.0237348594978943,0.128283445326817,,,FALSE,TRUE,0.0612868033349514,0.492852002382278,0.516964256302941,0.96574450413081,0.96574450413081,-3.1896081225852,0.032437501181083,TRUE,,,-2.13880802169796,,0.401841551065445,TRUE,TRUE
2016-04-01,2065.3,44.0705855214556,86.6,0.003747,0.002576,0.0362,0.0479,0.0223,-0.0053,0.0146,0.0023,1e-04,0.0213385878668743,0.0213961886070356,0.0419309543407737,0.50889821618309,0.326320888686842,0.02,0.0117,0.0199,0.00474106797910401,,-0.0242103551620222,0.000817763504222985,,,,,TRUE,TRUE,TRUE,,-1.79406264874459,,,-0.0211397615805495,0.244721169463996,,,TRUE,TRUE,-0.0729971379041672,0.476649105548859,0.485795562797646,0.970580028057506,0.970580028057506,-3.18966910285623,0.0290805527233472,TRUE,,,-0.792211389342173,,0.290151536464691,TRUE,TRUE
2016-05-01,2096.95,44.2652314496128,86.76,0.018487,0.015886,0.0365,0.0468,0.0219,0.0082,0.0016,0.0027,1e-04,0.0211093404466548,0.0214328337043591,0.0413743770714609,0.510203220949894,0.326072119276783,0.0192,0.0103,-0.0066,0.00404579099811508,,-0.027048300285209,0.000995568722816392,,,,,TRUE,TRUE,TRUE,,-1.81738629303191,,,-0.0241875895097943,0.0678555893866899,,,TRUE,TRUE,0.017714224755764,0.495603859424591,0.490346340038506,0.980331314859345,0.971320510321154,-3.20303164620392,0.0265897728401735,TRUE,,,0.816993959872619,,0.274493604898453,FALSE,TRUE
2016-06-01,2098.86,44.45987737777,86.92,0.002675,0.001002,0.035,0.0453,0.0179,0.059,0.0377,0.0027,2e-04,0.0211828694518786,0.021202163798741,0.0414129575102675,0.511503421281293,0.323475361670586,0.0152,0.0103,-0.0213,0.00328436616728189,,-0.0286793233904651,0.00286440863799873,,,,,FALSE,TRUE,TRUE,,-1.89472602585481,,,-0.0202485497956424,-0.0169042769857434,,,TRUE,TRUE,-0.0383741483092308,0.495378881692886,0.517524896059032,0.989500144865551,0.979117963302442,-3.20042843624401,0.0264889551099987,TRUE,,,1.0522597454235,,0.361305952072144,FALSE,TRUE
2016-07-01,2173.6,44.6484820210942,87.6433333333333,0.036571,0.035324,0.0328,0.0422,0.0175,0.0081,0.0245,0.003,2e-04,0.020541259671096,0.0212727299682181,0.0403217396638449,0.509433864767363,0.314661158925882,0.0145,0.0094,0.0164,-0.00161813640474995,,-0.032018958833159,0.000477663541013629,,,,,TRUE,TRUE,TRUE,,-1.64294581452012,,,-0.0198467867861236,-0.139424072923141,,,TRUE,TRUE,0.0397221595048904,0.508645594120026,0.530471853110368,0.991245510225044,0.991245510225044,-3.22575312221883,0.0247245315626736,TRUE,,,1.0522597454235,,0.374275922775269,FALSE,TRUE
2016-08-01,2170.95,44.8370866644185,88.3666666666667,0.001247,-0.001396,0.0332,0.0424,0.0186,-0.014,0.0016,0.003,2e-04,0.020653210191123,0.020628030301996,0.0407041464182347,0.507398189337063,0.315197425340527,0.0156,0.0092,0.0156,0.000918430107884394,,-0.0307856162620225,0.000279163156588145,,,,,TRUE,TRUE,TRUE,,-1.61941632312603,,,-0.0221207363768299,0.0755897929706308,,,TRUE,TRUE,0.00727900210767984,0.494327366352081,0.532084393729413,0.987380909581161,0.987380909581161,-3.21690488497324,0.0268170040529668,TRUE,,,1.0522597454235,,0.345232874155045,FALSE,TRUE
2016-09-01,2168.27,45.0256913077427,89.09,0.000446,-0.001033,0.0341,0.0431,0.0196,-0.0124,-0.0119,0.0029,2e-04,0.0207657216618515,0.020740086739788,0.0410880563767428,0.505395569735579,0.316793886875517,0.0167,0.009,0.000499999999999999,0.00240399586462892,,-0.0326071132164229,0.00167311267643029,,,,,TRUE,TRUE,TRUE,,-1.87190664993156,,,-0.0239382479456038,0.0767681289167412,,,TRUE,TRUE,-0.0667930319905281,0.47865754365921,0.492624359967186,0.982405069743857,0.982405069743857,-3.20820637997965,0.0283406785913412,TRUE,,,1.0522597454235,,0.312957257032394,FALSE,TRUE
2016-10-01,2126.15,45.2506620335944,90.91,-0.017944,-0.019193,0.0351,0.0438,0.022,-0.0314,-0.0263,0.0033,2e-04,0.0212829113814145,0.0208694775252134,0.0427580368271288,0.49775230484649,0.319687781453632,0.0187,0.0087,0.0051,0.00124674851301432,,-0.0290379828968796,0.000364051981472052,,,,,TRUE,TRUE,TRUE,,-1.40870050759404,,,-0.0245402149969394,-0.0266056952816462,,,FALSE,TRUE,-0.000879830156918615,0.489429980516434,0.501595062320694,0.973512090813236,0.973512090813236,-3.16964501891588,0.0328354526186867,TRUE,,,0.272403732211375,,0.291001439094543,FALSE,TRUE
2016-11-01,2198.81,45.4756327594461,92.73,0.035812,0.033029,0.0386,0.0471,0.0267,-0.0599,-0.051,0.0045,1e-04,0.0206819292069102,0.0213887226956923,0.0421728116572146,0.490409066746966,0.303285786447935,0.0222,0.00850000000000001,0.00890000000000001,-0.00155546086733493,,-0.0274562940100467,0.000946372280336188,,,,,TRUE,TRUE,TRUE,,-1.2577464729253,,,-0.0294746253402032,0.0550928891736067,,,TRUE,TRUE,0.0688407048583031,0.472226798534393,0.471222534208309,0.998508782830535,0.998508782830535,-3.18715377433067,0.0407455203550682,TRUE,,,0.516170306783731,,0.260017275810242,FALSE,TRUE
2016-12-01,2238.83,45.7006034852979,94.55,0.019204,0.017577,0.0406,0.0483,0.0272,-0.0057,0.0059,0.0051,3e-04,0.0204127171269359,0.0207842439707377,0.0422318800444875,0.483348529722875,0.293479096879965,0.0221,0.00770000000000001,0.0116,0.000327321392317392,,-0.0251078835720438,0.000524021877642917,,,,,TRUE,TRUE,TRUE,,-1.26857826735809,,,-0.023412122936433,0.0878364703501315,,,TRUE,TRUE,0.0112575180828571,0.478788703680038,0.473688296407032,0.989385530237872,0.989385530237872,-3.18917493871407,0.0389027367249479,TRUE,,,0.788031817331766,,0.173441037535667,FALSE,TRUE
2017-01-01,2278.870117,45.927876940746,96.4633333333333,0.019384,0.018311,0.0392,0.0466,0.0278,0.0043,-0.0021,0.0051,4e-04,0.0201537931443005,0.0205142315141149,0.0423294564327,0.47611745679615,0.291979649988941,0.0227,0.0074,-0.0064,0.00582772789025476,,-0.0226616459128399,0.000335571270376951,,,,,TRUE,TRUE,TRUE,,-1.37483690012882,,,-0.0267904915536956,-0.0186046511627908,,,TRUE,TRUE,-0.00341812148690224,0.494152963161469,0.476585576136392,0.988218443841597,0.988218443841597,-3.18628151817566,0.0347954851258636,TRUE,,,1.0522597454235,,0.171794697642326,FALSE,TRUE
2017-02-01,2363.639893,46.1551503961941,98.3766666666667,0.039459,0.037052,0.0395,0.0464,0.027,0.0137,0.0212,0.0052,4e-04,0.0195271498559845,0.0202535239072574,0.0416208352879863,0.469167658959042,0.278677832601843,0.0218,0.0069,0.0075,0.00314611738641646,,-0.0187126126401831,0.000223912898443706,,,,,TRUE,TRUE,TRUE,,-1.14841484670501,,,-0.0315555841699862,0.0236966824644549,,,FALSE,TRUE,0.0307440180331469,0.483823597431183,0.475141786920171,0.998790638389361,0.998790638389361,-3.20306620887496,0.0266282517326929,TRUE,,,1.0522597454235,,0.140285685658455,FALSE,TRUE
2017-03-01,2362.719971,46.3824238516421,100.29,0.001665,5.5e-05,0.0401,0.0468,0.0274,-0.004,-0.0062,0.0074,3e-04,0.0196309441749084,0.0196233038666361,0.0424468414500907,0.462483037707071,0.281598889332639,0.02,0.0067,-0.0022,0.000812797871947213,,-0.0161988603680072,0.000575303954231317,,,,,TRUE,TRUE,TRUE,,-1.27630640797146,,,-0.0257167068937392,-0.0640740740740741,,,FALSE,TRUE,0.0347299762070179,0.475680857896805,0.506854922446581,0.97857834628982,0.97857834628982,-3.18400024695174,0.0255521294966922,TRUE,,,1.0522597454235,,0.153533607721329,FALSE,TRUE
2017-04-01,2384.199951,46.661289040974,101.533333333333,0.010591,0.009439,0.0387,0.0457,0.0265,0.0145,0.0176,0.008,5e-04,0.0195710468920205,0.0197489713608444,0.0425859136901447,0.459566208545378,0.277870026327992,0.0185,0.00700000000000001,0.0031,0.00296553336532668,,-0.0155745591094079,0.000390547002349604,,,,,TRUE,TRUE,TRUE,,-1.2409582618885,,,-0.0163152248464131,-0.0243371586861891,,,FALSE,TRUE,0.0334780476987362,0.479812771081924,0.519320776084372,0.991710374581765,0.991710374581765,-3.17897123190847,0.0253119399931052,TRUE,,,1.0522597454235,,0.189948737621307,FALSE,TRUE
2017-05-01,2411.800049,46.9401542303059,102.776666666667,0.014552,0.01192,0.0385,0.0455,0.0256,0.0158,0.0226,0.0089,6e-04,0.0194627055629129,0.0196880107352648,0.0426140909605175,0.456719951645697,0.276968767231841,0.0167,0.007,0.0068,0.000854721826896387,,-0.0101861376789397,0.000503098417079243,,,,,TRUE,TRUE,TRUE,,-1.14026402891222,,,-0.0158627350904288,-0.0206854593388766,,,FALSE,TRUE,-0.0848960652947426,0.468046963214874,0.535598806831153,0.994937380271885,0.994937380271885,-3.1783097936488,0.0265282237268714,TRUE,,,1.0522597454235,,0.230137780308723,FALSE,TRUE
2017-06-01,2423.409912,47.2190194196377,104.02,0.005798,0.004364,0.0368,0.0437,0.0258,-0.001,0.0108,0.0098,6e-04,0.0194845367206857,0.0195783308982086,0.0429229902398782,0.453941736393364,0.272545227523084,0.016,0.0069,0.0118,0.000907111014861073,,-0.00978499064840529,0.000447559916692494,,,,,TRUE,TRUE,TRUE,,-1.25339965835887,,,-0.0145313903989734,-0.0470076620418305,,,TRUE,TRUE,-0.0249785669147968,0.455330371856689,0.480606548606606,0.99166890783079,0.99166890783079,-3.17001133320147,0.02911898476404,TRUE,,,1.0522597454235,,0.194867610931396,FALSE,TRUE
2017-07-01,2470.300049,47.5370472724457,105.04,0.020696,0.019162,0.037,0.0439,0.0262,-0.0027,0.006,0.0107,7e-04,0.0192434304859805,0.0196157682763681,0.0425211504337383,0.452561379212164,0.265803678766795,0.0155,0.00689999999999999,0.0087,-0.000689922638852036,,-0.0131645346474387,0.000258843662893753,,,,,TRUE,TRUE,TRUE,,-1.17910797367558,,,-0.0176516764496819,0.0910473707083876,,,TRUE,TRUE,-0.0355847626924515,0.480063587427139,0.473703003465324,1,1,-3.18068864086014,0.0274827168370544,TRUE,,,1.0522597454235,,0.159057304263115,FALSE,TRUE
2017-08-01,2471.649902,47.8550751252536,106.06,0.002238,-0.000324,0.0363,0.0431,0.0242,0.0289,0.0153,0.0101,9e-04,0.019361591253895,0.0193721710626309,0.0429106079765499,0.45120757236709,0.265113613645802,0.0141,0.0068,-0.0136,0.0029944522971086,,-0.0122138062276812,0.000753375763138047,,,,,TRUE,TRUE,TRUE,,-1.15401676269232,,,-0.0225176608001521,-0.0587532364070903,,,TRUE,TRUE,-0.00517208408564329,0.469527930021286,0.502702965490688,0.992299630805455,0.992299630805455,-3.17049554578714,0.0261948760701909,TRUE,,,1.0522597454235,,0.190663829445839,FALSE,TRUE
2017-09-01,2519.360107,48.1731029780615,107.08,0.02005,0.018742,0.0363,0.043,0.0259,-0.0205,-0.0037,0.0103,9e-04,0.019121166062848,0.0194902615208898,0.0425028560635219,0.449879557135427,0.259706166791303,0.0156,0.0067,0.0168,0.00529490589323012,,-0.0110861435714254,0.000257247119554903,,,,,TRUE,TRUE,TRUE,,-1.20603792568859,,,-0.0222009264883853,0.0933135844265764,,,TRUE,TRUE,-0.0135320406407118,0.48151433467865,0.480835673807863,0.999665366653296,0.999665366653296,-3.17994549559657,0.0266481245505596,TRUE,,,1.0522597454235,,0.171819537878036,FALSE,TRUE
2017-10-01,2575.26001,48.4260750972436,108.013333333333,0.024132,0.023006,0.036,0.0432,0.0261,-0.0013,0.0076,0.0107,9e-04,0.0188043439921407,0.0192215773214367,0.0419426904133588,0.448334234328264,0.248906198582722,0.0154,0.0072,0.0089,-0.000632042103727692,,-0.0123790200809584,0.000218152883746142,,,,,TRUE,TRUE,TRUE,,-1.10514104747075,,,-0.0106689730268847,0.0520611573446874,,,TRUE,TRUE,0.0456575453281403,0.48119193315506,0.465725046785345,0.99724764693436,0.99724764693436,-3.19477693176683,0.0282215249242657,TRUE,,,1.0522597454235,,0.154360100626945,FALSE,TRUE
2017-11-01,2584.840088,48.6790472164257,108.946666666667,0.031389,0.02886,0.0357,0.0427,0.026,0.0036,0.002,0.0123,8e-04,0.0188325178963356,0.0189025756729029,0.0421483198022371,0.446815388720098,0.239727100743574,0.0137,0.007,-0.0016,2.43246859075175e-05,,-0.0121934362987746,0.000355336910076786,,,,,TRUE,TRUE,TRUE,,-1.25351093842804,,,-0.0089864346802111,0.0559234731420162,,,TRUE,TRUE,0.0476874522864819,0.509779393672943,0.4808473875949,1,1,-3.18978858379113,0.0262053969148949,TRUE,,,1.0522597454235,,0.0966005176305771,FALSE,TRUE
2017-12-01,2673.610107,48.9320193356077,109.88,0.011149,0.00985,0.0351,0.0422,0.0254,0.0102,0.0256,0.0132,9e-04,0.018301853066569,0.0189303855053828,0.0410979894608844,0.445322345609826,0.235393343095716,0.0122,0.0071,0.0154,-0.000587832277262335,,-0.0198797967425457,0.000244113298948172,,,,,TRUE,TRUE,TRUE,,-1.25001408862331,,,-0.00773628381853353,0.0533101045296167,,,TRUE,TRUE,-0.00763533590361476,0.51067703962326,0.448684155551812,0.995237445299469,0.995237445299469,-3.21551260352046,0.0229621622933499,TRUE,,,1.0522597454235,,0.0976114347577095,FALSE,TRUE
2018-01-01,2823.81,49.2890227532629,111.733333333333,0.05806,0.057018,0.0355,0.0426,0.0284,-0.0315,-0.0243,0.0141,0.0011,0.0174547943215949,0.0184353816677365,0.0395682901233912,0.441130871896744,0.222519148630236,0.0143,0.0071,0.0072,0.00544774545277527,,-0.019044488935633,0.000774261457067079,,,,,TRUE,TRUE,TRUE,,-1.34491986740613,,,-0.00845427934349452,0.0721137942441281,,,FALSE,TRUE,-0.0408370271325111,0.475986063480377,0.447333336026359,0.982442608421552,0.982442608421552,-3.25520003192966,0.0240245725977777,TRUE,,,1.0522597454235,,0.145238414406776,FALSE,TRUE
2018-02-01,2713.83,49.6460261709181,113.586666666667,-0.037661,-0.039702,0.0382,0.0451,0.0301,-0.0224,-0.0313,0.0157,0.0011,0.0182937126389339,0.0175812204684161,0.0418547464898931,0.437076178286049,0.232478065619357,0.0144,0.0069,-0.0089,0.00453468997486572,,-0.0183207338615548,0.00536166351489318,,,,,TRUE,TRUE,TRUE,,-1.59149009068165,,,-0.0067280328524193,-0.0522986732489972,,,FALSE,TRUE,-0.14179864525795,0.428842693567276,0.457381313210557,0.940356640621625,0.940356640621625,-3.20174872611267,0.024078934544289,TRUE,,,1.0522597454235,,0.437422394752502,FALSE,TRUE
2018-03-01,2640.87,50.0030295885732,115.44,-0.025459,-0.027092,0.0387,0.0464,0.0285,0.0259,0.0124,0.017,0.0012,0.0189343017977308,0.0184252623003553,0.0437128673505322,0.433151676962693,0.259537047293897,0.0115,0.0077,-0.0135,0.00226112590414917,,-0.0182222989827525,0.00324674018934433,,,,,TRUE,TRUE,TRUE,,-1.49331943219494,,,-0.00253312892404178,0.0559986977047047,,,FALSE,TRUE,0.0299317892640829,0.474079787731171,0.449111927464196,0.905563084242944,0.905563084242944,-3.15811696925071,0.0239829849040505,TRUE,,,1.0522597454235,,0.496685981750488,FALSE,TRUE
2018-04-01,2648.05,50.3321164420413,117.786666666667,0.00377,0.002656,0.0385,0.0467,0.03,-0.0177,-0.02,0.0176,0.0014,0.0190072379456737,0.0190589148432302,0.0444805296979538,0.427315908212938,0.258892156030981,0.0124,0.0082,-0.0023,0.00397509156334896,,-0.0186066096514949,0.00236266886402938,,,,,TRUE,TRUE,TRUE,,-1.44535891942152,,,0.00773791170509597,0.0568829967627562,,,TRUE,TRUE,-0.0582043342292309,0.463996052742004,0.455615330575468,0.907818810063302,0.907818810063302,-3.14099958958855,0.0226796893304557,TRUE,,,1.0522597454235,,0.522149860858917,FALSE,TRUE
2018-05-01,2705.27,50.6612032955093,120.133333333333,0.0238,0.021317,0.04,0.0483,0.0289,0.0164,0.014,0.0186,0.0014,0.0187268565782747,0.0191315131117272,0.0444071509806168,0.421708129540865,0.256212770070577,0.0103,0.0083,-0.0024,0.0041589169254348,,-0.0189344460844617,0.000922711623016287,,,,,TRUE,TRUE,TRUE,,-1.34331819201137,,,-0.0019913855601148,-0.0230455075845974,,,TRUE,TRUE,-0.00844327919185162,0.503168880939484,0.430766484580711,0.917312470248953,0.917312470248953,-3.14371937302033,0.03206876873878,TRUE,,,1.0522597454235,,0.411090463399887,FALSE,TRUE
2018-06-01,2718.37,50.9902901489773,122.48,0.00684,0.005507,0.0396,0.0483,0.0291,7e-04,-0.0124,0.019,0.0014,0.018757671012032,0.018848503161968,0.0450564124824803,0.416315236356771,0.25773739556128,0.0101,0.00870000000000001,-0.0131,0.0015938757015439,,-0.0221012781057798,0.000622865470056411,,,,,TRUE,TRUE,TRUE,,-1.413717239097,,,0.00506821521375045,0.106748283069573,,,TRUE,TRUE,0.0138100311160088,0.491313815116882,0.51258472604142,0.91188617977203,0.91188617977203,-3.12852459746378,0.0314424309758144,TRUE,,,1.0522597454235,,0.306179076433182,FALSE,TRUE
2018-07-01,2816.29,51.4398586075986,125.116666666667,0.037144,0.03597,0.0387,0.0479,0.0302,-0.0131,0.0101,0.0196,0.0016,0.0182651142487452,0.0189230526409571,0.044426059342847,0.411135142727576,0.246138234654158,0.0106,0.0092,0.0232,6.74632622852389e-05,,-0.0170959217395316,0.000654428928673463,,,,,TRUE,TRUE,TRUE,,-1.36381980243843,,,0.00600547290887654,-0.0573317145555106,,,TRUE,TRUE,-0.031552892178297,0.470834225416183,0.515118833602404,0.954858432916765,0.954858432916765,-3.14241932997882,0.0309895779026964,TRUE,,,1.0522597454235,,0.194086194038391,FALSE,TRUE
2018-08-01,2901.52,51.8894270662199,127.753333333333,0.032938,0.030647,0.0388,0.0477,0.0293,0.0152,0.0058,0.0203,0.0016,0.017883532447207,0.0184247456995622,0.0440297958771035,0.406168870215154,0.240927917081651,0.009,0.00889999999999999,-0.0094,0.000555542328357195,,-0.0214512341473515,0.000471273557535656,,,,,TRUE,TRUE,TRUE,,-1.35426740480956,,,0.0117762984724967,-0.000572409845449262,,,FALSE,TRUE,0.0152595434337854,0.495055884122849,0.52501090235405,0.97550824275427,0.97550824275427,-3.15137896562068,0.0252196744677812,TRUE,,,1.0522597454235,,0.163950547575951,FALSE,TRUE
2018-09-01,2913.98,52.3389955248413,130.39,0.005138,0.003758,0.0398,0.0488,0.0334,-0.0518,-0.012,0.0213,0.0015,0.017961343428864,0.0180384748424416,0.0447463606476366,0.401403447540772,0.236434224256954,0.0121,0.00899999999999999,0.0398,0.00116202517589015,,-0.020834447976861,0.000230074077484983,,,,,TRUE,TRUE,TRUE,,-1.39737722939112,,,0.0117588496333187,0.0475372279495989,,,FALSE,TRUE,-0.0225675590336323,0.492627948522568,0.538128835711703,0.989336100360835,0.989336100360835,-3.13630396611978,0.0255230638872135,TRUE,,,1.0522597454235,,0.131202876567841,FALSE,TRUE
2018-10-01,2711.74,52.8087230447665,131.056666666667,-0.068409,-0.069492,0.0414,0.0507,0.0352,-0.0204,-0.0323,0.0225,0.0019,0.0194741099975538,0.0181225413505811,0.0483293629428583,0.402945721022203,0.249072693798635,0.0127,0.0093,-0.0119,0.00176676345572591,,-0.0212168958690184,0.00457760176090321,,,,,TRUE,TRUE,TRUE,,-2.0172238997408,,,0.00999137489462942,-0.107299070530344,,,FALSE,TRUE,0.0210495702922344,0.485334753990173,0.523433234003188,0.936163519316664,0.936163519316664,-3.06073002814284,0.0292030671428918,TRUE,,,0.238230769674305,,0.324614584445953,FALSE,TRUE
2018-11-01,2760.17,53.2784505646917,131.723333333333,0.019752,0.017259,0.0422,0.0522,0.0317,0.0505,0.0071,0.0233,0.0018,0.0193025975083751,0.0196473299669923,0.0477229059562756,0.404472383263089,0.244950165358444,0.0084,0.01,-0.0434,-0.00334934851810098,,-0.0245930692471692,0.00283764116268863,,,,,TRUE,TRUE,TRUE,,-2.01799930447698,,,0.0101242641688364,-0.22247741540346,,,FALSE,TRUE,-0.00553480023518205,0.455027610063553,0.561745649210096,0.951919216919092,0.951919216919092,-3.07306696026704,0.0294445065268189,TRUE,,,0.487963203432947,,0.364840149879456,FALSE,TRUE
2018-12-01,2506.85,53.7481780846169,132.39,-0.090646,-0.092188,0.0402,0.0513,0.0284,0.0481,0.037,0.0237,0.0019,0.0214405241975455,0.0194727781566414,0.0528112970460937,0.405983670100588,0.268166787125559,0.0047,0.0111,-0.0111,-0.00319396281513107,,-0.0192279101433078,0.00679310239042274,,,,,TRUE,TRUE,TRUE,,-2.11344489875566,,,0.00971300019412169,-0.110870421425758,,,FALSE,TRUE,0.111764192581177,0.462554425001144,0.595072154036932,0.869506519027046,0.869506519027046,-2.96893710520262,0.0305027023234772,TRUE,,,-1.10614224981088,,0.490085959434509,FALSE,TRUE
2019-01-01,2704.100098,54.1444232068808,133.056666666667,0.081409,0.080024,0.0393,0.0512,0.0271,0.008,0.0277,0.0237,0.0021,0.0200230839261191,0.0215985891484855,0.0492055256257258,0.40692754871519,0.250229303807526,0.0034,0.0119,0.0197,0.00190659666524695,,-0.0193047045428892,0.00301139569662865,,,,,TRUE,TRUE,TRUE,,-2.00439011877117,,,0.00239542076947696,0.192469545957918,,,FALSE,TRUE,0.0523706711828709,0.473199605941772,0.586019011506002,0.931836386752988,0.931836386752988,-3.03848864951376,0.0290790253680813,TRUE,,,-0.838641028879159,,0.498002886772156,FALSE,TRUE
2019-02-01,2784.48999,54.5406683291447,133.723333333333,0.031708,0.029398,0.0379,0.0495,0.0268,-0.0091,-0.0074,0.0239,0.0018,0.01958730989338,0.0201696188574838,0.0480243541235835,0.407862016071576,0.241381771878376,0.0029,0.0116,0.0017,0.00422705314009675,,-0.023159332499405,0.000532402718200945,,,,,TRUE,TRUE,TRUE,,-1.72990280355067,,,-0.00373211467490364,0.062592867756315,,,FALSE,TRUE,0.021363927051425,0.487399190664291,0.58424141465237,0.965991623053042,0.965991623053042,-3.06249418918692,0.0275376047238839,TRUE,,,0.226119534064218,,0.492469370365143,FALSE,TRUE
2019-03-01,2834.399902,54.9369134514086,134.39,0.019531,0.018007,0.0377,0.0484,0.0257,0.0447,0.0485,0.024,0.0019,0.0193822027063451,0.019729614273603,0.0474139164008481,0.408787212228652,0.244269668807365,0.0017,0.0107,0.0038,0.00564135835680601,,-0.0232314977379815,0.0011070678624016,,,,,TRUE,TRUE,TRUE,,-1.78918467486269,,,-0.00400137170470494,0.0520887956650935,,,FALSE,TRUE,-0.0329681374132633,0.494753003120422,0.601344614996008,0.966464256707167,0.966464256707167,-3.0742148047483,0.0277396764787884,TRUE,,,1.0522597454235,,0.327767938375473,FALSE,TRUE
2019-04-01,2945.830078,55.3170338815318,134.683333333333,0.040629,0.039469,0.0369,0.047,0.0253,-0.0126,-0.0089,0.0238,0.0021,0.0187780803430074,0.0195163123744462,0.0457199939464171,0.410719221988851,0.238168367540286,0.0015,0.0101,0.0037,0.00529500161289054,,-0.0216996954986221,0.000374438160973384,,,,,TRUE,TRUE,TRUE,,-1.75353394587645,,,-0.0105079769362373,0.0604751619870409,,,FALSE,TRUE,2.0683679395006e-05,0.472112685441971,0.600682309647993,0.991222730845943,0.991222730845943,-3.11020482515502,0.025958340920049,TRUE,,,1.0522597454235,,0.195371314883232,FALSE,TRUE
2019-05-01,2752.060059,55.697154311655,134.976666666667,-0.063187,-0.065503,0.0367,0.0463,0.024,0.053,0.0376,0.0235,0.0021,0.0202383498606834,0.0189071171238326,0.0490456835145205,0.41264283440339,0.255231917383664,5e-04,0.0096,-0.0154,0.00212875858938433,,-0.0203583129287069,0.0018316354678563,,,,,TRUE,TRUE,TRUE,,-1.81835397215047,,,-0.009991597248308,-0.161992793357355,,,FALSE,TRUE,-0.0465560555458069,0.478415876626968,0.60067530352669,0.924954497828606,0.924954497828606,-3.03871962520316,0.0259891075162797,TRUE,,,0.238230769674305,,0.289308130741119,FALSE,TRUE
2019-06-01,2941.76001,56.0772747417781,135.27,0.069561,0.068056,0.0342,0.0446,0.0207,0.0104,0.0337,0.0217,0.0018,0.0190624913491084,0.020376472002633,0.0459826768805658,0.414558104101265,0.23810523687469,-0.001,0.0104,0.0233,0.000199147181481507,,-0.0125383431922873,0.00106481343693898,,,,,TRUE,TRUE,TRUE,,-1.89439504318318,,,-0.0101801345241768,0.0880538418395962,,,TRUE,TRUE,-0.000105744489701465,0.474377065896988,0.506449106218654,0.991485512175721,0.991485512175721,-3.09997920940093,0.0248722799733094,TRUE,,,1.0522597454235,,0.268461436033249,FALSE,TRUE
2019-07-01,2980.379883,56.4580187925147,134.48,0.014603,0.013367,0.0329,0.0428,0.0206,0.0024,0.0084,0.021,0.0019,0.018943229054306,0.0191919186475428,0.0451217647679982,0.41982464896278,0.235762598818902,-0.000400000000000001,0.00990000000000001,0.006,0.0016709416224534,,-0.0126042909020868,0.000593537626439891,,,,,TRUE,TRUE,TRUE,,-1.70496012495751,,,-0.0156696381879966,0.00567010309278349,,,FALSE,TRUE,-0.027606476098299,0.469720751047134,0.488413961687831,0.981911359851691,0.981911359851691,-3.11878124943903,0.026012137557598,TRUE,,,1.0522597454235,,0.289278835058212,FALSE,TRUE
2019-08-01,2926.459961,56.8387628432512,133.69,-0.016085,-0.018377,0.0298,0.0387,0.0163,0.0797,0.0738,0.0195,0.0016,0.0194223613515043,0.0190709792290096,0.0456831809700608,0.425153435883396,0.239878915370927,-0.0032,0.0089,-0.00589999999999999,-5.06682360829069e-05,,-0.010142435804937,0.00431788092573133,,,,,TRUE,TRUE,TRUE,,-1.85602103424826,,,-0.00946890371557707,-0.0591149837690074,,,FALSE,TRUE,-0.0450415946543217,0.473318606615067,0.497602031300209,0.965061792832821,0.965061792832821,-3.1021936612734,0.0290024727336037,TRUE,,,1.0522597454235,,0.404945880174637,FALSE,TRUE
2019-09-01,2976.73999,57.2195068939877,132.9,0.018791,0.017272,0.0303,0.0391,0.017,-0.0192,-0.019,0.0189,0.0018,0.0192222051929996,0.0195524653186901,0.044646156683641,0.430545574823083,0.235302224728782,-0.0019,0.00880000000000001,0.000199999999999999,0.000783448576930024,,-0.0108381117187598,0.000605424564085282,,,,,TRUE,TRUE,TRUE,,-1.72004692830898,,,-0.0134794263694689,-0.0177955329580534,,,TRUE,TRUE,-0.00397830968722701,0.441798269748688,0.462298536616641,0.983832471464767,0.983832471464767,-3.12584416894505,0.0336598487243227,TRUE,,,1.0522597454235,,0.396092236042023,FALSE,TRUE
2019-10-01,3037.560059,57.5598787812391,135.09,0.021621,0.020441,0.0301,0.0392,0.0171,-0.0052,6e-04,0.0165,0.0015,0.018949379654468,0.0193365490350533,0.0444731947273738,0.42608541550995,0.234176441233076,6e-04,0.0091,0.0058,0.00228619055222978,,-0.0131574124310487,0.001510308200834,,,,,TRUE,TRUE,TRUE,,-1.6431233950109,,,-0.022574960532288,-0.00129413939730083,,,TRUE,TRUE,-0.0355402901768684,0.485185146331787,0.493840540728234,0.988562148837903,0.988562148837903,-3.12982407763144,0.033969828112216,TRUE,,,1.0522597454235,,0.42997869849205,FALSE,TRUE
2019-11-01,3140.97998,57.9002506684905,137.28,0.036206,0.033979,0.0306,0.0394,0.0181,-0.0059,0.0014,0.0154,0.0012,0.0184338171644413,0.0190614340272673,0.0437061047425078,0.421767560230846,0.225785084057362,0.0027,0.0088,0.0073,-0.000536243034669148,,-0.00779623628684472,0.000306363128543752,,,,,TRUE,TRUE,TRUE,,-1.57002557339953,,,-0.0181814582836433,0.0394298407997038,,,TRUE,TRUE,0.0351718068122864,0.516331911087036,0.510090088890864,0.996002343417128,0.996002343417128,-3.14820563514338,0.0317992791825714,TRUE,,,1.0522597454235,,0.231846198439598,FALSE,TRUE
2019-12-01,3230.780029,58.2406225557419,139.47,0.029787,0.028136,0.0301,0.0388,0.0186,-0.0253,-0.0089,0.0154,0.0014,0.0180267991113492,0.018542182034456,0.0431691414296532,0.4175853054832,0.221931896816951,0.0032,0.0087,0.0164,-0.000909769525053838,,-0.00719915112059152,0.000502372823081507,,,,,TRUE,TRUE,TRUE,,-1.50564594790301,,,-0.0211174954127014,0.0984861976847728,,,FALSE,TRUE,0.0103550013154745,0.50309956073761,0.528532374735525,0.996270936273575,0.996270936273575,-3.16105849320567,0.0331854876098335,TRUE,,,1.0522597454235,,0.250595301389694,FALSE,TRUE
2020-01-01,3225.52,58.687282899288,131.756666666667,0.000108,-0.001129,0.0294,0.0377,0.0176,0.0632,0.0519,0.0152,0.0013,0.0181946733857759,0.0181650506603673,0.0408481939862926,0.445421733746209,0.22415003656131,0.0024,0.0083,-0.0113,0.0038797699378148,,-0.00769369094212705,0.00111902228732293,,,,,TRUE,TRUE,TRUE,,-1.65031728690727,,,-0.0282980771953696,-0.155861165684348,,,TRUE,TRUE,-0.0743029862642288,0.492515027523041,0.521335595159653,0.962789073227909,0.962789073227909,-3.21533958311904,0.0371077583967061,TRUE,,,1.0522597454235,,0.212877556681633,FALSE,TRUE
2020-02-01,2954.22,59.1339432428341,124.043333333333,-0.081872,-0.08408,0.0278,0.0361,0.015,0.0588,0.028,0.0152,0.0012,0.0200167703295063,0.0183331503890331,0.0419885226331598,0.476720043341043,0.249262089080119,-0.000200000000000001,0.0083,-0.0308,0.00274061813149529,,-0.00556016093325996,0.0047766393771941,,,,,TRUE,TRUE,TRUE,,-1.82900587329328,,,-0.0255430095100104,-0.13188518231187,,,FALSE,TRUE,-0.208847939968109,0.471184879541397,0.531752835720889,0.85983550029068,0.85983550029068,-3.1852475811768,0.0400517897108956,FALSE,,,0.505731990606024,,0.422829002141953,FALSE,TRUE
2020-03-01,2584.59,59.5806035863801,116.33,-0.121997,-0.123686,0.0302,0.0429,0.0087,0.0625,-0.0351,0.0029,0.0012,0.0230522456507145,0.0201679643311534,0.0450090730057765,0.512168860881803,0.302504519418086,0.0058,0.0127,-0.0976,-0.00217645103178465,,-0.00770029226673434,0.0731531440433032,,,,,TRUE,TRUE,TRUE,,-2.81241803119451,,,-0.0660460600497146,-0.542448614834674,,,FALSE,TRUE,0.0334222167730331,0.402485102415085,0.515381904796154,0.741661822003816,0.741661822003816,-3.10955356026293,0.0521727843711263,FALSE,,,-2.42088415846562,,0.701495707035065,FALSE,TRUE
2020-04-01,2912.43,59.6148729250979,110.63,0.12889,0.127653,0.0243,0.0413,0.0066,0.0082,0.0347,0.0014,0,0.0204691178586603,0.023065504751275,0.0379854623115405,0.538867151090102,0.272328770724382,0.0052,0.017,0.0265,-0.00668694186699725,,-0.0105380558956005,0.0143075385371369,,,,,TRUE,TRUE,TRUE,,-2.25581913152923,,,-0.208062253971878,-0.080078125,,,FALSE,TRUE,0.0680263340473175,0.393575847148895,0.570694847607861,0.82384264444822,0.82384264444822,-3.27713007856367,0.0630294525426179,TRUE,,,-2.68533577651543,,0.691075921058655,FALSE,TRUE
2020-05-01,3044.31,59.6491422638158,104.93,0.047818,0.045587,0.025,0.0395,0.0067,-0.0097,0.0084,0.0013,1e-04,0.0195936492222592,0.0204808844380177,0.0344675805026426,0.56846604654356,0.261198883824717,0.0054,0.0145,0.0181,1.9501616683959e-05,,-0.0149669180232717,0.00407203232843723,,,,,TRUE,TRUE,TRUE,,-2.20403640590256,,,-0.192249144918153,0.88375796178344,,,FALSE,TRUE,0.0252436473965645,0.392929583787918,0.595318472312188,0.858947218103225,0.858947218103225,-3.37441374706431,0.0643926397491365,TRUE,,,-0.857388545200381,,0.673091948032379,FALSE,TRUE
2020-06-01,3100.29,59.6834116025336,99.23,0.020348,0.018885,0.0244,0.0364,0.0073,0.0023,0.0146,0.0016,1e-04,0.019250912528355,0.0196049060715018,0.0320066832457609,0.601465399602273,0.2568500686479,0.0057,0.012,0.0123,0.00547204692777536,,-0.0168450238940134,0.00720855081795963,,,,,TRUE,TRUE,TRUE,,-2.35205697716915,,,-0.12936254936909,0.106508875739645,,,TRUE,TRUE,-0.103970669209957,0.452740728855133,0.589862487580202,0.873490343272844,0.873490343272844,-3.4490840305253,0.0515274162685053,TRUE,,,0.777954157722366,,0.500443875789642,FALSE,TRUE
2020-07-01,3271.12,59.4060199730592,98.8933333333333,0.05691,0.055682,0.0214,0.0331,0.0062,0.0287,0.061,0.0013,1e-04,0.0181607583864423,0.019161439727593,0.0302322548036554,0.600708035321483,0.250868765021765,0.0049,0.0117,0.0323,0.00505824350166972,,-0.0119981508779054,0.00160794584898505,,,,,TRUE,TRUE,TRUE,,-2.00615525818172,,,-0.09315742367908,0.0216450216450215,,,TRUE,TRUE,0.0688419416546822,0.442326217889786,0.564772021623406,0.894316415251788,0.894316415251788,-3.50502674376904,0.041188743297118,TRUE,,,1.0522597454235,,0.367447912693024,FALSE,TRUE
2020-08-01,3500.31,59.1286283435848,98.5566666666667,0.072068,0.070308,0.0225,0.0327,0.0065,-0.0349,-0.0488,0.001,1e-04,0.0168923976286628,0.0180759581866715,0.0281565537528581,0.599945496772599,0.233205358414776,0.0055,0.0102,-0.0139,0.00315321052408146,,-0.0085038819104106,0.000743392126120479,,,,,TRUE,TRUE,TRUE,,-1.90199236200144,,,-0.0840035404266484,0.0620638085742773,,,TRUE,TRUE,0.0796875953674316,0.464370995759964,0.614658363400372,0.962053600131567,0.962053600131567,-3.5764541022146,0.0406737346936571,TRUE,,,1.0522597454235,,0.323716044425964,TRUE,TRUE
2020-09-01,3363,58.8512367141103,98.22,-0.038151,-0.039366,0.0231,0.0336,0.0068,0.008,0.0041,0.0011,1e-04,0.0174996243574518,0.0168131498964693,0.0292060660124888,0.599177730748425,0.238647742938697,0.0057,0.0105,-0.0039,0.00139274694326663,,-0.0056980768983531,0.00490744172776195,,,,,TRUE,TRUE,TRUE,,-1.99884481494546,,,-0.0844526572411288,-0.0596104200891809,,,TRUE,TRUE,-0.0283507890999317,0.419525474309921,0.633773228312735,0.940113876084466,0.940113876084466,-3.5401558354082,0.0394495175164795,TRUE,,,1.0522597454235,,0.293687492609024,TRUE,TRUE
2020-10-01,3269.96,58.6604398547436,96.8566666666667,-0.026409,-0.027507,0.0235,0.0344,0.0079,-0.0238,-0.019,0.001,1e-04,0.0179391918722992,0.0174428902333463,0.0296201380648897,0.605641737151911,0.250175083768527,0.0069,0.0109,0.0048,0.000414937759336098,,-0.00189510776403021,0.00366110523264932,,,,,TRUE,TRUE,TRUE,,-1.97777585636271,,,-0.0770054907186983,-0.111305215872224,,,FALSE,TRUE,-0.0528584755957127,0.430373758077621,0.63278542590172,0.896796160725948,0.896796160725948,-3.52716976732713,0.0390350944743265,FALSE,,,1.0522597454235,,0.375469297170639,TRUE,TRUE
2020-11-01,3621.63,58.4696429953769,95.4933333333333,0.109404,0.107624,0.023,0.033,0.0087,0.0093,0.0509,9e-04,1e-04,0.0161445655672658,0.0178808434951427,0.0263675011896117,0.612290313411514,0.223695824099891,0.0078,0.01,0.0416,-0.000610627217844106,,-0.00526181643069779,0.00249240327810254,,,,,TRUE,TRUE,TRUE,,-1.94643666168392,,,-0.0740407428106025,0.273237854535243,,,FALSE,TRUE,0.0747023373842239,0.412483543157578,0.647507301142585,0.986434242687271,0.986434242687271,-3.64428541577557,0.043779540195099,TRUE,,,1.0522597454235,,0.35905721783638,TRUE,TRUE
2020-12-01,3756.07,58.2788461360102,94.13,0.041572,0.040137,0.0226,0.0316,0.0093,-0.0115,0,9e-04,1e-04,0.0155159105490606,0.0160918829742437,0.0250607683030401,0.619131479188465,0.216622100940716,0.0084,0.009,0.0115,0.000941478467042511,,-9.78815302328833e-05,0.000678176935358551,,,,,TRUE,TRUE,TRUE,,-1.98628796137919,,,-0.0614903271504899,0.0648434053815614,,,FALSE,TRUE,0.054559513926506,0.457275778055191,0.609251428913523,1,1,-3.69570869270575,0.0452723170565792,TRUE,,,1.0522597454235,,0.26388356089592,TRUE,TRUE
2021-01-01,3714.24,58.0636931123077,105.486666666667,-0.010052,-0.01109,0.0245,0.0324,0.0108,-0.0304,-0.0331,8e-04,0,0.0156327251637772,0.015458629128932,0.0284006059561759,0.55043632477066,0.22112944098948,0.01,0.0079,-0.0027,0.00425378348702754,,0.00269733840282751,0.00207758844405764,,,,,TRUE,TRUE,TRUE,,-2.21494282690418,,,-0.0567843316028451,0.0807787903893951,,,FALSE,TRUE,0.0101330988109112,0.464985728263855,0.575581339100415,0.961339447576309,0.961339447576309,-3.57208689408943,0.0759123068631613,TRUE,,,1.0522597454235,,0.198051527142525,TRUE,TRUE
2021-02-01,3811.15,57.8485400886051,116.843333333333,0.026104,0.024631,0.027,0.0342,0.0126,-0.0581,-0.0402,4e-04,0,0.0151787623390854,0.0155747986367615,0.0306582877434195,0.49509491417515,0.214339864678975,0.0122,0.0072,0.0179,0.0054743827939232,,0.00701370242396511,0.00150126805197519,,,,,TRUE,TRUE,TRUE,,-2.29543664548083,,,-0.0909395291892547,0.217516289766194,,,FALSE,TRUE,-0.0768822059035301,0.460540801286697,0.518727648781217,0.967790047262581,0.967790047262581,-3.4973735342459,0.0789156562232962,TRUE,,,1.0522597454235,,0.213099628686905,TRUE,TRUE
2021-03-01,3972.89,57.6333870649026,128.2,0.043314,0.04197,0.0304,0.0374,0.0161,-0.0322,-0.033,3e-04,0,0.0145066656929597,0.0151223087689812,0.0322687011218534,0.449558401442298,0.193837463672872,0.0158,0.007,-0.000800000000000002,0.00708327313374957,,0.0157183450389201,0.0024731909837771,,,,,TRUE,TRUE,TRUE,,-2.28448721624594,,,-0.0629244541118199,-0.0687864001259249,,,FALSE,TRUE,0.00283578154630959,0.432937681674957,0.509490216400378,0.994277595408329,0.994277595408329,-3.44962929356796,0.0828128374446813,TRUE,,,1.0522597454235,,0.25188609957695,TRUE,TRUE
2021-04-01,4181.17,57.7106054214071,138.386666666667,0.053904,0.052991,0.029,0.036,0.0164,0.0238,0.0222,2e-04,0,0.0138025015537295,0.0145261020117363,0.0330975938951697,0.417024318971533,0.188725854136624,0.0162,0.00700000000000001,-0.0016,0.00821890915406009,,0.0200542400780952,0.00105928409474901,,,,,TRUE,TRUE,TRUE,,-1.59188556631206,,,-0.0617133979575435,0.0747126436781609,,,FALSE,TRUE,-0.00176429084967822,0.415078580379486,0.479435895574442,0.990473286049659,0.990473286049659,-3.42456166369401,0.0505296576526389,TRUE,,,1.0522597454235,,0.237393155694008,TRUE,TRUE
2021-05-01,4204.11,57.7878237779116,148.573333333333,0.006208,0.004737,0.0296,0.0362,0.0162,1e-04,0.0045,2e-04,0,0.0137455546543529,0.0138209696754525,0.0353400204403152,0.388951519639538,0.185148040296037,0.016,0.0066,0.0044,0.00801710515476284,,0.0174643005598575,0.00149648177494219,,,,,TRUE,TRUE,TRUE,,-1.48163988737366,,,-0.0534215323922211,0.0430953129915066,,,FALSE,TRUE,-0.0316997356712818,0.447807848453522,0.472197261297803,0.992860092196852,0.992860092196852,-3.35880941387789,0.0429772729867478,TRUE,,,1.0522597454235,,0.266838669776917,TRUE,TRUE
2021-06-01,4297.5,57.8650421344162,158.76,0.023682,0.022564,0.0279,0.0344,0.0152,0.0284,0.0442,4e-04,0,0.013464814923657,0.013763922003567,0.0369424083769633,0.364481242973143,0.185292606248067,0.0148,0.0065,0.0158,0.00929066290235725,,0.0172545903617987,0.000607377343320556,,,,,TRUE,TRUE,TRUE,,-1.37535368709861,,,-0.0502924256903965,0.110072376357057,,,FALSE,TRUE,9.22207764233463e-05,0.432427942752838,0.557891001532046,0.992085459213014,0.992085459213014,-3.31348074676018,0.0418507137158525,TRUE,,,1.0522597454235,,0.245315715670586,TRUE,TRUE
2021-07-01,4395.26,58.3281890057922,164.296666666667,0.024305,0.023309,0.0257,0.0324,0.0132,0.0305,0.0239,5e-04,0,0.0132707027583788,0.0135725861560889,0.0373804204226068,0.355017482637863,0.182996249943109,0.0127,0.00670000000000001,-0.0066,0.00481052352629385,,0.0160790313150586,0.00112399216666088,,,,,TRUE,TRUE,TRUE,,-1.35066385592839,,,-0.0462966376724632,0.00421081227927189,,,FALSE,TRUE,-0.0161861330270767,0.474078863859177,0.583556545400797,0.994057644039675,0.994057644039675,-3.2997218689026,0.0425922669536633,TRUE,,,1.0522597454235,,0.256637543439865,TRUE,TRUE
2021-08-01,4522.68,58.7913358771682,169.833333333333,0.0306,0.029205,0.0255,0.0324,0.0128,-0.0035,-0.0045,5e-04,0,0.0129992252109741,0.013376076927683,0.0375514812751142,0.346170770621206,0.180795475659015,0.0123,0.00690000000000001,-0.001,0.00206591136361145,,0.0148456632752663,0.000602091873770415,,,,,TRUE,TRUE,TRUE,,-1.37239914557175,,,-0.0489067297617529,-0.0719599621263357,,,FALSE,TRUE,0.0200838856399059,0.451477020978928,0.603312880556388,0.992570750082806,0.992570750082806,-3.29476122588554,0.0362767788284899,TRUE,,,1.0522597454235,,0.199030712246895,TRUE,TRUE
2021-09-01,4307.54,59.2544827485442,175.37,-0.046077,-0.047152,0.0253,0.0323,0.0137,-0.025,-0.0194,4e-04,0,0.0137559912963186,0.0131016306147117,0.0407123323288931,0.337882663788243,0.188898330926205,0.0133,0.007,0.0056,0.00271597085905828,,0.0155978851532083,0.00139344150259717,,,,,TRUE,TRUE,TRUE,,-1.37791798797805,,,-0.061357609363772,0.095758635767381,,,FALSE,TRUE,-0.0739296078681946,0.450992226600647,0.610717833965262,0.949994105329344,0.949994105329344,-3.21483123021283,0.0317610101641166,TRUE,,,1.0522597454235,,0.249148815870285,TRUE,TRUE
2021-10-01,4605.38,59.6353609264937,182.87,0.07051,0.069627,0.0268,0.0335,0.0158,0.0051,0.0159,5e-04,0,0.0129490641220689,0.0138444125710948,0.0397079068393922,0.326107950601486,0.178479579313649,0.0153,0.0067,0.0108,0.00830811855200309,,0.0133682259471829,0.00115112102103234,,,,,TRUE,TRUE,TRUE,,-1.28542937222086,,,-0.0485349635145376,0.111598829475924,,,FALSE,TRUE,0.0102406032383442,0.460642546415329,0.623146916004355,1,1,-3.24193611093471,0.0280982377479249,TRUE,,,1.0522597454235,,0.245633408427238,TRUE,TRUE
2021-11-01,4567,60.0162391044431,190.37,-0.007256,-0.008666,0.0262,0.0328,0.0156,0.021,0.0094,5e-04,0,0.0131412829219276,0.0130317669995621,0.041683818699365,0.315261013313249,0.185393571227234,0.0151,0.00659999999999999,-0.0116,0.00491342750434764,,0.015639777244335,0.00132666617113862,,,,,TRUE,TRUE,TRUE,,-1.43835760318374,,,-0.0422969009116141,-0.208089027162857,,,FALSE,TRUE,-0.0532991625368595,0.46790412068367,0.633210222616854,0.946517121383215,0.946517121383215,-3.19322690120488,0.0318834158744129,TRUE,,,1.0522597454235,,0.247123196721077,TRUE,TRUE
2021-12-01,4766.18,60.3971172823926,197.87,0.043485,0.042285,0.0265,0.033,0.0147,-0.011,-0.0129,6e-04,1e-04,0.0126720176918187,0.013224680815063,0.0415154274492361,0.305236353577564,0.175931730433179,0.0141,0.0065,-0.0019,0.0030725171614836,,0.0129700152166776,0.00251841521127488,,,,,TRUE,TRUE,TRUE,,-1.27765983913106,,,-0.0457195271918875,0.136446056210335,,,FALSE,TRUE,0.00707099679857492,0.436660051345825,0.655856261749831,0.995880086481734,0.995880086481734,-3.19643480355519,0.0333982980941008,TRUE,,,1.0522597454235,,0.251053065061569,TRUE,TRUE
2022-01-01,4515.55,60.9214029629533,197.883333333333,-0.052243,-0.053087,0.0293,0.0358,0.0176,-0.0189443788875776,-0.0336618826928371,0.0015,0,0.0134914690265756,0.0127820189256288,0.0438226424983298,0.307865255434785,0.181973285786747,0.0161,0.0065,-0.0147175038052595,0.00841457378354526,,0.0116402552085012,0.00278006003231062,,,,,,TRUE,TRUE,,-1.2772146215506,,,-0.0500865330410782,0.172051588884457,,,FALSE,TRUE,0.133349344134331,0.39067468047142,0.620817734669148,0.954679188524891,0.954679188524891,-3.14505155676046,0.0467729698784971,TRUE,,,0.806190323079379,,0.27643483877182,TRUE,TRUE
2022-02-01,4373.94,61.445688643514,197.896666666667,-0.029293,-0.0307,0.0325,0.0397,0.0193,-0.00658895290284978,-0.0200031718434285,0.0033,0,0.014048132494619,0.0136075757423822,0.0452444859021081,0.310493803046273,0.18862701592678,0.016,0.0072,-0.0134142189405787,0.00913397925647685,,0.00848682098828646,0.00367632759268869,,,,,,TRUE,TRUE,,-1.24103007519182,,,-0.0444168605074493,0.0858763471355644,,,FALSE,TRUE,0.117099575698376,0.429342776536942,0.633515876373263,0.921003324759882,0.921003324759882,-3.11479059197073,0.0449146190786929,TRUE,,,-0.819681470113379,,0.30968964099884,TRUE,TRUE
2022-03-01,4530.41,61.9699743240747,197.91,0.037925,0.036605,0.0343,0.0429,0.0213,-0.0311357190643686,-0.0252153977553681,0.0044,0,0.0136786680066649,0.0141679982633678,0.0436847879110279,0.313121996483628,0.20692074449909,0.0169,0.0086,0.00592032130900055,0.0133513795485627,,-0.00112224123186188,0.00474681022909173,,,,,,TRUE,TRUE,,-1.18375325361345,,,-0.0391411331894416,0.0476389469285416,,,FALSE,TRUE,-0.0458919741213322,0.44099897146225,0.614803814049708,0.942355430010883,0.942355430010883,-3.1518316658068,0.0423616000339582,TRUE,,,-0.310122767683827,,0.338478595018387,TRUE,TRUE
2022-04-01,4131.93,62.6531846638855,196.026666666667,-0.087576,-0.088393,0.0376,0.0466,0.0275,-0.0309798057248886,-0.0546805586726146,0.0076,0,0.0151631766907681,0.013829473417171,0.047441913746522,0.319615620309578,0.217594817754443,0.0199,0.00900000000000001,-0.023700752947726,0.0055825310256552,,-0.00566306731728547,0.00492653665674789,,,,,,TRUE,TRUE,,-1.15155431622906,,,-0.0391549020144906,0.0439768647786198,,,FALSE,TRUE,-0.0160970892757177,0.456366062164307,0.625537218838543,0.896128359916467,0.896128359916467,-3.07537785213787,0.034923158842953,TRUE,,,-2.68533577651543,,0.386342257261276,TRUE,TRUE
2022-05-01,4132.15,63.3363950036963,194.143333333333,0.000374,-0.001355,0.0413,0.0512,0.029,0.00182737033539659,0.00933704083126008,0.0098,3e-04,0.0153277095467726,0.0153285256535557,0.0469836122438279,0.326235230003758,0.217509666530464,0.0192,0.00990000000000001,0.00750967049586349,0.0110235239995988,,-0.00337188866429566,0.00776003063181801,,,,,,TRUE,TRUE,,-1.28888480740114,,,-0.0407013143372117,0.0953290667685549,,,FALSE,TRUE,-0.054699994623661,0.419085681438446,0.590741373296338,0.896479178470447,0.896479178470447,-3.08654387058872,0.0417993251199886,TRUE,,,-2.17734127385134,,0.442828923463821,TRUE,TRUE
2022-06-01,3785.38,64.0196053435071,192.26,-0.081683,-0.083126,0.0424,0.0527,0.0314,-0.00879727005349917,-0.0280001031073993,0.0149,6e-04,0.0169123325382147,0.0154930497062079,0.0507901452430139,0.332984527949168,0.233162298625884,0.0165,0.0103,-0.0192028330539001,0.0137360757588199,,-0.00481542022551249,0.00720342644800701,,,,,,TRUE,TRUE,,-1.21200099564468,,,-0.0443117227021173,-0.0611319438388419,,,FALSE,TRUE,0.0141904084011912,0.444606810808182,0.633838594021406,0.836296812605555,0.836296812605555,-3.01097003713042,0.0452021686040652,TRUE,,,-2.68533577651543,,0.50458949804306,TRUE,TRUE
2022-07-01,4130.29,64.4525053435071,190.533333333333,0.093766,0.092675,0.0406,0.0521,0.029,0.0159412888626698,0.0323735522067452,0.0223,8e-04,0.0156048377580042,0.0170266935799067,0.0461307398108446,0.338274170802172,0.218469830991687,0.0067,0.0115,0.0164322633440754,-0.000118119138337702,,-0.00611981462877307,0.00318774218876926,,,,,,TRUE,TRUE,,-0.995084242492068,,,-0.0427725979716085,-0.0584246702582203,,,TRUE,TRUE,0.0435997843742371,0.42556232213974,0.638851495152915,0.892539195345608,0.892539195345608,-3.1048632008719,0.0432485342958179,TRUE,,,-1.91311334575961,,0.495078712701797,TRUE,TRUE
2022-08-01,3955,64.8854053435071,188.806666666667,-0.040295,-0.042052,0.0407,0.0515,0.029,-0.0248085731495404,-0.0293258239358833,0.0263,0.0019,0.0164059179123912,0.0157096488003281,0.0477387273493468,0.343660562887118,0.227723645789664,0.0027,0.0108,-0.00451725078634291,-0.000354399276350503,,-0.00973102789686028,0.00334892161136283,,,,,,TRUE,TRUE,,-1.08253881743461,,,-0.0445093246127701,-0.111670119364704,,,FALSE,TRUE,-0.031986478716135,0.472799181938171,0.620575508037842,0.856269828653262,0.856269828653262,-3.07059977323121,0.0374219248804508,TRUE,,,-2.68533577651543,,0.479720652103424,TRUE,TRUE
2022-09-01,3585.62,65.3183053435071,187.08,-0.091495,-0.092876,0.0459,0.0569,0.0352,-0.0345357755441208,-0.0525539283953966,0.0313,0.0019,0.0182167394602627,0.0165153742967148,0.0521750771135815,0.349146383063433,0.249801309010702,0.0039,0.011,-0.0180181528512758,0.00215078451300088,,-0.0112911147275652,0.00493369205542126,,,,,,TRUE,TRUE,,-1.07928811350355,,,-0.0430577336226854,-0.112270960577457,,,FALSE,TRUE,-0.0840152353048325,0.451047629117966,0.615277831244723,0.780591934977642,0.780591934977642,-2.98774499280494,0.0326539174152138,TRUE,,,-2.68533577651543,,0.451283097267151,TRUE,TRUE
2022-10-01,3871.98,65.8531463452382,182.303333333333,0.080248,0.079197,0.051,0.0626,0.0398,-0.0139365766097481,-0.0103417454575925,0.0372,0.0023,0.0170076153144485,0.0183659022275752,0.0470827156476359,0.361228427045976,0.219218555003445,0.0026,0.0116,0.00359483115215564,0.00405649443411238,,-0.0152517085615573,0.00650395551943382,,,,,,TRUE,TRUE,,-1.22483990171246,,,-0.0439182783164886,0.0824368276207157,,,FALSE,TRUE,0.00837494246661663,0.453946739435196,0.61273833833791,0.889490796787469,0.889490796787469,-3.09487770366549,0.0340729087048727,TRUE,,,-2.68533577651543,,0.507393300533295,TRUE,TRUE
2022-11-01,4080.11,66.3879873469693,177.526666666667,0.054165,0.052157,0.049,0.0607,0.0389,0.0267781294050653,0.0517833833127537,0.0415,0.0029,0.0162711268438766,0.0171457464519366,0.043510264837631,0.373960648242345,0.207450642198546,-0.0026,0.0117,0.0250052539076884,-0.00101002644188819,,-0.0170106683081356,0.00634274325609423,,,,,,TRUE,TRUE,,-1.28060583484935,,,-0.047335294302794,-0.0702646480989252,,,FALSE,TRUE,0.135855033993721,0.445738196372986,0.605911671387585,0.939948341899991,0.939948341899991,-3.17292085654029,0.0361864065267433,TRUE,,,-1.36620719467832,,0.508816659450531,TRUE,TRUE
2022-12-01,3839.5,66.9228283487004,172.75,-0.058784,-0.06017,0.0443,0.0559,0.0362,-0.00518231285713644,-0.00438737723393989,0.0425,0.0033,0.017430089425368,0.0164022117905401,0.0449928376090637,0.387396980310856,0.216478591738379,-0.0063,0.0116,0.000794935623196547,-0.00307009146454107,,-0.0212493093502964,0.00270139527092645,,,,,,TRUE,TRUE,,-1.29673111386818,,,-0.0596493081839222,-0.00273461777501549,,,TRUE,TRUE,0.0162472873926163,0.485214412212372,0.597067694555145,0.900749056037218,0.900749056037218,-3.13681214152137,0.0370410926497633,TRUE,,,-1.33280723305943,,0.492762058973312,TRUE,TRUE
2023-01-01,4076.6,67.3523663250729,173.556666666667,0.06381,0.062777,0.044,0.055,0.0353,0.0250595186415585,0.0400680547132943,0.0454,0.0035,0.0165217010069845,0.0175419628402326,0.0425738769235801,0.388071329201258,0.210516387353884,-0.0101,0.011,0.0150085360717358,0.00799536383454003,,-0.0207733726551223,0.00228645705214444,,,,,,TRUE,TRUE,,-1.40118006053985,,,-0.0527379876137255,-0.0169512651128007,,,TRUE,TRUE,-0.0265838205814362,0.482638031244278,0.597421315582007,0.952974245737678,0.926259896493581,-3.19120567134799,0.0368327247526002,TRUE,,,-0.00397938787672241,,0.43877586722374,TRUE,TRUE
2023-02-01,3970.15,67.7819043014454,174.363333333333,-0.024265,-0.025993,0.0456,0.0559,0.0375,-0.023399294766921,-0.031809480002462,0.0465,0.0034,0.0170728824607245,0.0166270677283632,0.0439185757045284,0.388739438537032,0.219730407542709,-0.00900000000000001,0.0103,-0.00841018523554093,0.00558211050573232,,-0.0220114305219482,0.00174037409958276,,,,,,TRUE,TRUE,,-1.39981572057788,,,-0.0518405682617979,-0.0243438569798404,,,TRUE,TRUE,0.0444371104240417,0.50254225730896,0.592486096637044,0.925271269860563,0.887418766211092,-3.16223188474344,0.0315640358489546,TRUE,,,-0.771371639558984,,0.34491553902626,TRUE,TRUE
2023-03-01,4109.31,68.2114422778179,175.17,0.037479,0.035871,0.046,0.0571,0.0366,0.0289445575467651,0.0278427397095282,0.0469,0.0036,0.0165992447096515,0.017181074336692,0.0426275944136607,0.38940139451857,0.220223506836388,-0.0103,0.0111,-0.00110181783723684,0.00331072995612303,,-0.0223310971522713,0.0028894580250685,,,,,,TRUE,TRUE,,-1.52534345157935,,,-0.0485396775838272,-0.0166341780376869,,,FALSE,TRUE,0.0233229510486126,0.47119140625,0.606926649514391,0.946342502543316,0.90419745839974,-3.19119960599455,0.0389773155455047,TRUE,,,0.816993959872619,,0.322370827198029,TRUE,TRUE
2023-04-01,4169.48,68.3792735487526,177.116666666667,0.015015,0.014065,0.0447,0.0553,0.0346,0.0053590045028058,0.00765587617792107,0.0492,0.0035,0.0163999524038376,0.0166400864253981,0.0424793179645104,0.386069108207882,0.214901625190333,-0.0146,0.0106,0.00229687167511528,0.00505903868325852,,-0.0213887396045454,0.00102891014788983,,,,,,TRUE,TRUE,,-1.37861146264283,,,-0.0466937843048196,0.0142724990088543,,,FALSE,TRUE,0.125913575291634,0.49063828587532,0.636108845463463,0.985787416337258,0.926589247452082,-3.192752836214,0.0350342850745927,TRUE,,,1.0522597454235,,0.286530673503876,TRUE,TRUE
2023-05-01,4179.83,68.5471048196874,179.063333333333,0.005307,0.003474,0.0467,0.0577,0.0357,-0.0116095894944467,-0.0144847480513104,0.0514,0.0036,0.0163994958693744,0.0164402047304909,0.0428398603132982,0.382809275040604,0.222671990961543,-0.0157,0.011,-0.00287515855686371,0.00251843501020232,,-0.0206603792615024,0.00136938689329905,,,,,,TRUE,TRUE,,-1.50434072208619,,,-0.0503518492510313,-0.112833876221498,,,FALSE,TRUE,0.0647870823740959,0.475040644407272,0.654095474996987,0.951387361060799,0.894254972533706,-3.18536382068124,0.0419593261533076,TRUE,,,1.0522597454235,,0.27297505736351,TRUE,TRUE
2023-06-01,4450.38,68.7149360906221,181.01,0.066951,0.065652,0.0465,0.0575,0.0375,-0.0075091967570271,0.00411691244677681,0.0516,0.004,0.0154402401796301,0.0164396485241319,0.0406729313002485,0.379619557431204,0.212968937095293,-0.0141,0.011,0.0116261092038039,0.00322891423648652,,-0.0156733070705841,0.00111385901934102,,,,,,TRUE,TRUE,,-1.59748475463309,,,-0.0588448705478264,0.0374504332501102,,,FALSE,TRUE,0.0276218596845865,0.459820538759232,0.55571373857432,0.994733413954473,0.934998023079024,-3.23900645953717,0.0345944232700412,TRUE,,,1.0522597454235,,0.210585758090019,TRUE,TRUE
2023-07-01,4588.96,68.9143360906222,182.09,0.0317,0.030745,0.0466,0.0574,0.039,-0.00354010165984431,0.00344716147797053,0.0525,0.0045,0.0150174192171259,0.0154850453423353,0.0396800146438409,0.378463046244287,0.206069933995191,-0.0135,0.0108,0.00698726313781484,0.00190751501922271,,-0.0166773870565971,0.000537247314791929,,,,,,TRUE,TRUE,,-1.57249255830111,,,-0.0514552614238495,0.157984144960362,,,FALSE,TRUE,0.0351360403001308,0.465670585632324,0.546934421665312,1,0.966300766447507,-3.26516633963421,0.036508400889774,TRUE,,,1.0522597454235,,0.181590422987938,TRUE,TRUE
2023-08-01,4507.66,69.1137360906222,183.17,-0.015424,-0.017192,0.0495,0.0602,0.0417,-0.00518230612622617,-0.00776850631923087,0.053,0.0045,0.0153325086831354,0.0150608713282796,0.040635274177733,0.377320173012077,0.21104109768155,-0.0113,0.0107,-0.00258620019300471,0.0043671550683535,,-0.0165139479331393,0.00133653808012953,,,,,,TRUE,TRUE,,-1.51390075546497,,,-0.0525607659794742,-0.00207823960880194,,,FALSE,TRUE,0.022577840834856,0.523945033550262,0.544787386277129,0.97449473319061,0.943539136921139,-3.24397276147853,0.0341822590518408,TRUE,,,1.0522597454235,,0.19184248149395,TRUE,TRUE
2023-09-01,4288.05,69.3131360906222,184.25,-0.047566,-0.048621,0.0513,0.0616,0.0438,-0.0220941576857629,-0.0266944693072618,0.0532,0.0043,0.016164255568527,0.0153767444950644,0.0429682489709775,0.376190697913824,0.218689845556965,-0.00940000000000001,0.0103,-0.00460031162149888,0.00248513155237662,,-0.017989478783493,0.00102296831851882,,,,,,TRUE,TRUE,,-1.58958638351116,,,-0.0511929488676435,0.112213646943526,,,FALSE,TRUE,-0.0283050462603569,0.502371728420258,0.553424002103763,0.940411465624568,0.910538551317744,-3.19016173228815,0.0333098836210714,TRUE,,,1.0522597454235,,0.195060208439827,TRUE,TRUE
2023-10-01,4193.8,69.643321374994,186.976666666667,-0.02104,-0.022005,0.0561,0.0663,0.048,-0.0120831902592039,-0.0187256833914407,0.0534,0.0047,0.0166062571832214,0.0162412568358564,0.0445840685456309,0.372470654315123,0.221697843485301,-0.0054,0.0102,-0.00664249313223675,-0.000383379522984839,,-0.0147106315416438,0.00167809184113191,,,,,,TRUE,TRUE,,-1.57723676741214,,,-0.0571036466726005,-0.101002313030069,,,FALSE,TRUE,-0.0240850280970335,0.482373297214508,0.529877747157493,0.927651956123206,0.898184357731663,-3.15726227716583,0.0306004271184243,TRUE,,,-0.555453542021643,,0.239101901650429,TRUE,TRUE
2023-11-01,4567.8,69.9735066593659,189.703333333333,0.090804,0.088667,0.0528,0.0629,0.045,0.0347295938976619,0.0597824967559886,0.0527,0.0044,0.0153188639299807,0.0166849889502041,0.0415305690558547,0.36885754946864,0.203826664652808,-0.0077,0.0101,0.0250529028583266,-0.0020151395484137,,-0.0206182909773107,0.00134134158702894,,,,,,TRUE,TRUE,,-1.72943603112139,,,-0.0536053995160897,-0.0736339132565547,,,FALSE,TRUE,0.0487010776996613,0.495522975921631,0.514372686141404,1,0.976935650203195,-3.22534240456612,0.0298147946810562,TRUE,,,0.516170306783731,,0.257148027420044,TRUE,TRUE
2023-12-01,4769.83,70.3036919437377,192.43,0.045506,0.044157,0.0474,0.0564,0.0402,0.0336501797581437,0.0433530598825478,0.0524,0.0043,0.0147392447830924,0.0153911493374793,0.040343156883998,0.365346837518774,0.194423970151931,-0.0122,0.00899999999999999,0.00970288012440412,-0.000993320327893454,,-0.0174413452094195,0.000797013500765795,,,,,,TRUE,TRUE,,-1.73901191063895,,,-0.0566161104766802,-0.0491998412908345,,,,TRUE,-0.000504539348185062,0.509056568145752,0.546537229133441,0.999454787974575,0.999454787974575,-3.24974649495866,0.0365638700202193,TRUE,,,0.788031817331766,,0.239502817392349,TRUE,TRUE
2024-01-01,4845.65,70.4774032066486,192.083333333333,0.015831,0.014936,0.0487,0.0568,0.0406,-0.00280621319315455,-0.00170130857950046,0.0522,0.0047,0.0145444683802273,0.0147756635365723,0.0396403647257506,0.366910558993398,0.192075815917568,-0.0116,0.0081,0.00110490461365409,0.00544750379793046,,-0.01518814015791,0.000979505432907233,,,,,,TRUE,TRUE,,-1.88564934600145,,,-0.0708541858303038,0.0610655167617193,,,,TRUE,-0.0553793758153915,0.493192374706268,0.569112512934878,0.991758976647964,0.991758976647964,-3.26770483848441,0.0391382669084962,TRUE,,,1.0522597454235,,0.211570262908936,TRUE,TRUE
2024-02-01,5096.27,70.6511144695594,191.736666666667,0.053031,0.051399,0.0503,0.0577,0.0421,-0.0131193024177566,-0.015029994682125,0.0524,0.0042,0.0138632989361944,0.0145803172886113,0.0376229412230252,0.368479934995355,0.187908419215215,-0.0103,0.00739999999999999,-0.00191069226436835,0.00618967177555074,,-0.0136776851739173,0.00125488280232019,,,,,,TRUE,TRUE,,-2.04827116071658,,,-0.0606147218428426,0.0385422128998427,,,,TRUE,0.0601062290370464,0.509218096733093,0.618723033306326,0.996546518881322,0.996546518881322,-3.32137918375136,0.04367541781342,TRUE,,,1.0522597454235,,0.186445787549019,TRUE,TRUE
2024-03-01,5254.35,70.8248257324703,191.39,0.032211,0.031069,0.0501,0.0575,0.0421,0.00642596088196323,0.0129292380747907,0.0524,0.0043,0.0134792744549697,0.0138973848976742,0.0364250573334475,0.370054996250955,0.195641158911026,-0.0103,0.0074,0.00650327719282751,0.00646416993742061,,-0.0111722070508792,0.000781850022136571,,,,,,TRUE,TRUE,,-1.78918199057906,,,-0.0593060733992061,0.0598333754102498,,,,TRUE,0.0160588938742876,0.498710006475449,0.632340132482155,1,1,-3.35373626090469,0.0388607855384176,TRUE,,,1.0522597454235,,0.166169315576553,TRUE,TRUE
2024-04-01,5035.69,71.2084836898837,192.903333333333,-0.0398,-0.040584,0.0528,0.06,0.0454,-0.0232739623377717,-0.0254473706357791,0.0524,0.0047,0.0141407599931457,0.0135522916611729,0.038307229661344,0.369140763196853,0.205943951647877,-0.007,0.0072,-0.00217340829800738,0.00389329303433539,,-0.0115150414733117,0.00155768652629679,,,,,,TRUE,TRUE,,-1.84773059100761,,,-0.0618456594489682,-0.00559790376369695,,,,TRUE,-0.0178731270134449,0.493397891521454,0.640779273795589,0.949972831664086,0.949972831664086,-3.30651622390215,0.0368534135716605,TRUE,,,1.0522597454235,,0.179996877908707,TRUE,TRUE
2024-05-01,5277.51,71.5921416472971,194.416666666667,0.049431,0.04789,0.0525,0.0595,0.0448,0.0145676905058061,0.0187299099646576,0.0525,0.0044,0.0135655151098334,0.0142169477563744,0.0368387111851359,0.368240762866509,0.201310437384585,-0.00769999999999999,0.00700000000000001,0.00416221945885153,0.00166162756579546,,-0.0121303547446541,0.00082868581627905,,,,,,TRUE,TRUE,,-1.89391551297252,,,-0.0560858803909001,-0.0661157024793388,,,,TRUE,0.0122964549809694,0.51878821849823,0.626940176683899,0.967071205359319,0.967071205359319,-3.34503153186385,0.0321040750015151,TRUE,,,1.0522597454235,,0.170374318957329,TRUE,TRUE
2024-06-01,5460.48,71.9757996047105,195.93,0.037199,0.036012,0.0513,0.0582,0.0431,0.0100854173098692,0.00636084782001234,0.0524,0.0041,0.0131812220912283,0.013638211884906,0.0358814609704641,0.367354665465781,0.199084533649498,-0.0093,0.0069,-0.00372456948985689,0.000337505452623343,,-0.0142696850477598,0.000355888728535095,,,,,,TRUE,TRUE,,-1.79343537174765,,,-0.0561768233303086,0.0623316660253943,,,,TRUE,0.0275351107120514,0.49791419506073,0.628700464386246,0.97788373493479,0.97788373493479,-3.36973157307993,0.0314600187028362,TRUE,,,1.0522597454235,,0.143822506070137,TRUE,TRUE
2024-07-01,5522.3,72.4506329380438,197.376666666667,0.012147,0.011296,0.0512,0.0584,0.0425,0.0218786684090457,0.0238350018874576,0.052,0.0045,0.0131196481426297,0.0132681802585201,0.0357417501161955,0.367067871606119,0.190681390766889,-0.0095,0.0072,0.00195633347841184,0.0011617728972706,,-0.0118321426768324,0.00174787815619801,,,,,,TRUE,TRUE,,-1.91841092252743,,,-0.0657144615224476,-0.0418930339249064,,,,TRUE,-0.00644793268293142,0.486440479755402,0.577101416768189,0.99137605441807,0.99137605441807,-3.37305747714405,0.0376103043178893,TRUE,,,1.0522597454235,,0.112621426582336,TRUE,TRUE
2024-08-01,5648.4,72.9254662713771,198.823333333333,0.024282,0.022896,0.0487,0.056,0.0387,0.0127923913231953,0.015726269665455,0.0505,0.0048,0.012910818332869,0.0132056328470704,0.0351999386256875,0.36678525125175,0.187376873898662,-0.0118,0.00729999999999999,0.00293387834225967,0.000813886946016362,,-0.0110282207136282,0.00318423329270192,,,,,,TRUE,TRUE,,-1.99521883626177,,,-0.0615621135946292,-0.0609879032258064,,,,TRUE,-0.0870160460472107,0.499448984861374,0.617475941284242,1,1,-3.38468087121966,0.0380446570312826,TRUE,,,1.0522597454235,,0.195877149701118,TRUE,TRUE
2024-09-01,5762.48,73.4002996047105,200.27,0.022821,0.021707,0.0468,0.0542,0.0372,0.0120230273717552,0.0177297517834749,0.0472,0.004,0.0127376233157791,0.0129948834368512,0.0347541336369063,0.366506713959707,0.183981393876469,-0.01,0.0074,0.00570672441171971,0.00160421352240814,,-0.0102825759078311,0.00146573827580861,,,,,,TRUE,TRUE,,-1.92456604118126,,,-0.0681662093254785,-0.0774288781535157,,,,TRUE,-0.0356626622378826,0.479713588953018,0.607328677288738,1,1,-3.39598153514809,0.0357070312088692,TRUE,,,1.0522597454235,,0.236572548747063,TRUE,TRUE
2024-10-01,5705.45,73.8776179330605,203.57,-0.00869,-0.009524,0.0495,0.0563,0.041,-0.0238111349833365,-0.0242713295288403,0.0451,0.0039,0.012948604918641,0.0128204554172961,0.0356799200764182,0.362910143602007,0.186477844508094,-0.00410000000000001,0.00679999999999999,-0.000460194545503723,0.00115128083957861,,-0.00945764416791008,0.00106230205320582,,,,,,TRUE,TRUE,,-1.95496696876518,,,-0.0719500985073438,0.0120727272727272,,,,TRUE,-0.0675340071320534,0.513004243373871,0.609076721880909,0.965050994883759,0.965050994883759,-3.37334900091637,0.0294495286704268,TRUE,,,1.0522597454235,,0.256120622158051,TRUE,TRUE
2024-11-01,6032.38,74.3549362614106,206.87,0.060421,0.059016,0.0514,0.0578,0.0436,0.00777249213652564,0.0133770777066831,0.0442,0.004,0.0123259702242582,0.0130322649854807,0.0342932640185134,0.359428318564367,0.173410093151624,-0.000599999999999996,0.00640000000000001,0.00560458557015742,-0.000541715241522578,,-0.00412057598828532,0.00126398512277787,,,,,,TRUE,TRUE,,-2.05785797967341,,,-0.0741098196682994,-0.0189709686691576,,,,TRUE,0.0641490742564201,0.511125504970551,0.643089416893154,1,1,-3.4154826026765,0.030783611752019,TRUE,,,1.0522597454235,,0.176644206047058,TRUE,TRUE
2024-12-01,5881.63,74.8322545897607,210.17,-0.023446,-0.024622,0.052,0.058,0.0439,-0.0154078965469804,-0.0193535693204787,0.0427,0.0037,0.0127230469427286,0.0124050962621321,0.0357332916215403,0.35605583380007,0.183055653623453,0.0012,0.00599999999999999,-0.00394567277349833,0.00035499995245547,,-0.00461226683838708,0.001643484989711,,,,,,TRUE,TRUE,,-2.01433979679034,,,-0.0641168045000144,0.0612364488719601,,,,TRUE,-0.0775459259748459,0.542711615562439,0.62843811842917,0.945132229855396,0.945132229855396,-3.37463618575398,0.0336498331095407,TRUE,,,1.0522597454235,,0.195437535643578,TRUE,TRUE
2025-01-01,6040.53,75.2699367248546,212.343333333333,0.028948,0.028135,0.0546,0.0608,0.0463,0.00517413022216018,0.00552667578659372,0.0421,0.0037,0.0124608166377544,0.0127974620513114,0.0351530963894449,0.354472803752671,0.174834873585296,0.0042,0.0062,0.000352545564433537,0.00654615738026965,,-0.00619211529103089,0.00152465901485792,,,,,,TRUE,,,-2.15280213848896,,,-0.0671085463928369,0.0055218111540587,,,,,-0.0514872744679451,0.515579581260681,0.628407383640031,0.989572586686287,0.989572586686287,-3.39330270527197,0.0344226077938943,TRUE,,,1.0522597454235,,0.171554535627365,TRUE,TRUE
2025-02-01,5954.5,75.7076188599485,214.516666666667,-0.014308,-0.015503,0.0532,0.0592,0.0445,0.0215586705993247,0.0203858898079621,0.0422,0.0033,0.0127143536585689,0.0125332742093738,0.0360259747529879,0.352921850019183,0.177641385637296,0.00230000000000001,0.006,-0.00117278079136263,0.00444170226429241,,-0.00763176568215111,0.0012607826453374,,,,,,TRUE,,,-1.99632655615028,,,-0.0571892888543264,-0.0394014277869305,,,,,-0.0334043242037296,0.507788777351379,0.643283825332221,0.973938575608855,0.973938575608855,-3.36705338179526,0.0336111680763484,TRUE,,,0.806190323079379,,0.169983401894569,TRUE,TRUE
2025-03-01,5611.85,76.1453009950424,216.69,-0.0577,-0.058922,0.0529,0.0593,0.0428,0.00229619172350448,-0.00288286900278811,0.042,0.0034,0.0135686629177619,0.0127878580896872,0.0386129351283445,0.351402007453239,0.195833222226878,0.000800000000000002,0.0064,-0.00517906072629259,0.00224707128575097,,-0.012111914995738,0.00353199189010654,,,,,,TRUE,,,-2.14366998517233,,,-0.0581351125767728,0.0271544947834788,,,,,-0.0688946098089218,0.476382881402969,0.631020230440524,0.933081323071646,0.933081323071646,-3.29607735477243,0.0342014153411209,TRUE,,,-1.09033943746426,,0.205815240740776,TRUE,TRUE
2025-04-01,5569.06,76.5464439604889,218.636666666667,-0.00582,-0.006627,0.0545,0.0618,0.0428,0.00633400081455338,-0.000326857591118945,0.0421,0.0035,0.0137449486916084,0.0136401443303882,0.0392591688124507,0.3501079902448,0.202249064160341,0.000700000000000006,0.00729999999999999,-0.00666085840567232,0.00311445626784335,,-0.0129352654632435,0.0193378913274049,,,,,,TRUE,,,-2.29045976789909,,,-0.0576286460807998,-0.171420620564909,,,,,0.076513834297657,0.48336386680603,0.637940465817587,0.903481669274742,0.903481669274742,-3.27947966479402,0.034626499421502,TRUE,,,-1.91206366579022,,0.507678627967834,TRUE,TRUE
2025-05-01,5911.69,76.9475869259355,220.583333333333,0.063333,0.061928,0.0554,0.0629,0.0442,-0.0102822453152338,-0.000112951359577673,0.0425,0.0038,0.0130161742117627,0.013816979333305,0.0373130751668869,0.348836812660078,0.194590167463645,0.00169999999999999,0.0075,0.0101692939556561,0.00208856123069245,,-0.013919579066257,0.00237638160559308,,,,,,TRUE,,,-2.04531674656572,,,-0.0595910636544792,0.0320738874895046,,,,,0.0951264798641205,0.507616937160492,0.640818695306734,0.939041907813651,0.939041907813651,-3.3316625150845,0.0346514173262575,TRUE,,,-1.63604101521535,,0.527140140533447,TRUE,TRUE
2025-06-01,6204.95,77.348729891382,222.53,0.050912,0.049719,0.0546,0.0615,0.0438,0.0125444059190856,0.0186866434792949,0.0423,0.0034,0.0124656491819244,0.0130840300982261,0.0358633026857589,0.347587875303923,0.186537768538083,0.00149999999999999,0.0069,0.00614223756020937,0.00340939138008811,,-0.0111583105849465,0.00086171024491278,,,,,,TRUE,,,-2.04511612995125,,,-0.0548743147244553,0.07875040676863,,,,,-0.000236684179981239,0.525664746761322,0.62388539652582,0.979578149395166,0.979578149395166,-3.37090861583767,0.0354436150071398,TRUE,,,-0.0189392786169627,,0.54323011636734,TRUE,TRUE
2025-07-01,6339.39,77.7245361082829,226.373333333333,0.022965,0.022194,0.0545,0.061,0.0439,-0.00392072726966786,0.000653678693576465,0.0425,0.0034,0.0122605701981236,0.0125262147331216,0.0357090088057894,0.343346696202216,0.186384712054888,0.00139999999999999,0.0065,0.00457440596324432,0.00150979194632961,,-0.00986531883131394,0.000371189652713871,,,,,,TRUE,,,-2.0543796985647,,,-0.051135631562107,0.061236802413273,,,,,-0.00132376386318356,0.510146915912628,0.612413311882265,0.980382565084138,0.980382565084138,-3.37531597396183,0.034063448838266,TRUE,,,0.78780812737369,,0.181661829352379,TRUE,TRUE
2025-08-01,6460.26,78.1003423251839,230.216666666667,0.019485,0.018284,0.0535,0.06,0.0426,0.0105541454267482,0.0101312335958004,0.0412,0.0038,0.0120893497049939,0.012319851330362,0.0356358206429256,0.33924712513654,0.1805985656346,0.0014,0.0065,-0.000422911830947781,0.00287263812188909,,-0.00911803872300207,0.00114374379459198,,,,,,TRUE,,,-1.87573457049403,,,-0.0541255842274877,-0.0852757248436613,,,,,0.000359717552782968,0.48521876335144,0.624739571343908,0.997983649196155,0.997983649196155,-3.37612154251876,0.0354846210913479,TRUE,,,1.0522597454235,,0.129183053970337,TRUE,TRUE
2025-09-01,6688.46,78.4761485420848,234.06,0.03894,0.037804,0.0521,0.0583,0.0412,0.00847131788129296,0.0150097871087322,0.0392,0.0033,0.0117330668856635,0.0121475217006877,0.0349946026439569,0.335282186371378,0.177278320199475,0.002,0.0062,0.00653846922743928,0.00254339827641559,,-0.00864074836300916,0.00045940132540017,,,,,,,,,-1.99685484279654,,,-0.0540391992827116,-0.0184897451833437,,,,,0.0570665933191776,0.505711138248444,0.533116558119051,1,1,-3.39293533369527,0.0369582976881957,,,,1.0522597454235,,0.0940551981329918,TRUE,TRUE
2025-10-01,6840.2,78.6241524453879,238.196666666667,0.023013,0.022302,0.0513,0.0574,0.0406,0.00617061395329555,0.00383988531542534,0.0382,0.0037,0.0114944230352019,0.0117551951339154,0.0348230558560666,0.330080825838822,0.172936157973646,0.0024,0.0061,-0.00233072863787021,-0.00104371921182267,,-0.00899550278008409,0.00164577163713458,,,,,,,,,-2.0580543427679,,,-0.0587960682481699,-0.0224790248535698,,,,,-0.0122426375746727,0.495651572942734,0.549517182153079,0.99699201595091,0.99699201595091,-3.39727305684869,0.0388167807280212,,,,1.0522597454235,,0.131389498710632,TRUE,TRUE
2025-11-01,6849.09,78.7721563486911,242.333333333333,0.002286,0.001166,0.0526,0.0586,0.0409,0.00617807688822625,0.00653683664708726,0.0378,0.003,0.011501112753474,0.0115160604000893,0.0353818293135779,0.325057041328849,0.17237965463461,0.0031,0.00600000000000001,0.000358759758861016,-0.00104480969977905,,-0.00871343459746908,0.00169964267323429,,,,,,,,,-2.03236528651951,,,-0.060958224339581,-0.051336032388664,,,,,0.0601133033633232,0.457864791154861,0.607992104739417,0.988842565364455,0.988842565364455,-3.38164261038991,0.0407140767881203,,,,1.0522597454235,,0.132836297154427,TRUE,TRUE
2025-12-01,6845.5,78.9201602519942,246.47,0.000834,-0.000293,0.0531,0.059,0.0414,-0.00330339672689473,-0.00200433521943544,0.0359,0.0034,0.011528764918851,0.0115227220334372,0.0360046746037543,0.32020189171905,0.171135600579985,0.0055,0.00590000000000001,0.00129906150745929,-0.000209797545368873,,-0.0297498939445318,0.000648774439551687,,,,,,,,,-1.91132068834819,,,-0.0567464820703476,-0.0225332878115397,,,,,-0.0192893426865339,0.485684424638748,0.615636739683386,0.986294806033757,0.986294806033757,-3.3646724605982,0.0373060656006241,,,,1.0522597454235,,0.148514240980148,TRUE,TRUE
