"date","macro_h1","macro_h3","macro_h12","financial_h1","financial_h3","financial_h12","real_h1","real_h3","real_h12"
1960-07-01,0.61116580126236,0.738999940885104,0.858082732778947,0.881514939620045,0.923161294074021,0.976725132620663,0.665870108647987,0.762822138202815,0.851206958784062
1960-08-01,0.617998228552587,0.743498100363333,0.859963551676744,0.895980385798592,0.933280536747887,0.979297103739849,0.680176313672874,0.771690150246191,0.854632438620822
1960-09-01,0.62404498511176,0.749183355460846,0.864727506866082,0.911964672885874,0.946058934016138,0.98339977292753,0.688719172465638,0.777534977235457,0.85929723090131
1960-10-01,0.635533061201535,0.760032991366821,0.870603189104037,0.889628344270023,0.929840204225623,0.978861110702492,0.710560523483582,0.79445918479352,0.867205144197039
1960-11-01,0.664085024679412,0.782317305939935,0.87966926603244,0.882986973607284,0.925275933562169,0.97776175834414,0.758078273508791,0.82865020544522,0.878161858932043
1960-12-01,0.68093429542023,0.798226944210852,0.889359575544888,0.879659722396743,0.922575165495373,0.976665332600483,0.779413263306412,0.845968125827135,0.885537930796638
1961-01-01,0.670388663606835,0.795917043714053,0.893177431228377,0.887781651710346,0.928382902908949,0.977795914121979,0.75294966955045,0.830259270106352,0.881930422272656
1961-02-01,0.665511170421616,0.794533162928137,0.895736307509322,0.872362944364602,0.915758088685472,0.973126923081221,0.736308753954415,0.818546083182192,0.877839964175724
1961-03-01,0.666041721320097,0.793759634120386,0.894333106018697,0.854787020871152,0.901770012772428,0.968407611059799,0.749626708843207,0.826317750657326,0.879423850991991
1961-04-01,0.668659283080176,0.791083867574269,0.889134760805881,0.835786520899473,0.88700516932862,0.964007674098025,0.761996416060858,0.831092282981258,0.878111912784042
1961-05-01,0.65145392179323,0.778242014355969,0.884257296394876,0.828692556087508,0.881492126196269,0.96247929598839,0.739320075244506,0.817823326638691,0.874885316268687
1961-06-01,0.638132224517284,0.768888098928834,0.881396294084435,0.826679502008338,0.880037409880603,0.962292152234896,0.717113948282819,0.803657710155774,0.871061328866652
1961-07-01,0.62539911964286,0.759501848692467,0.877798673972664,0.809335740613747,0.866842789075247,0.958628300381437,0.704115828476179,0.796353334215958,0.869382841221688
1961-08-01,0.621660577664439,0.756305109240501,0.876090946279459,0.808294318056256,0.865841971566785,0.958322407091365,0.703856646278654,0.798755680944694,0.871924707486196
1961-09-01,0.622904960629186,0.754752907655492,0.872094035772563,0.816570488340239,0.872292170938888,0.960274917370414,0.718718495296783,0.809493961858328,0.875546890583603
1961-10-01,0.620499693178143,0.750570184413385,0.866529449179733,0.819108111706558,0.874555446529689,0.961467298857474,0.721633014439289,0.810499144167189,0.87504752156483
1961-11-01,0.610983198144508,0.742153813343602,0.860386503109208,0.831441820255469,0.883982020602767,0.964243296067013,0.704146916684475,0.797245621405464,0.870475020061806
1961-12-01,0.601467567428369,0.735054971449431,0.856891046143545,0.840658587991296,0.891722410877017,0.967074777270779,0.684334135472816,0.783645179009188,0.867050370231371
1962-01-01,0.606764369634477,0.740048759216941,0.856979285944797,0.859696971034631,0.907469392243927,0.972806383898726,0.692635217587847,0.790973461234623,0.869085228225952
1962-02-01,0.605290185151913,0.740332460846563,0.855487559495297,0.885151884220158,0.92790815880337,0.979576399528329,0.688685805335845,0.791670964503901,0.869000510220823
1962-03-01,0.591958676722087,0.728977801811338,0.850644336947404,0.935757434893993,0.967233610056249,0.991806929864609,0.665516104772368,0.772764500945998,0.861865367060117
1962-04-01,0.591952614674098,0.727055102770952,0.847292320877727,1.00963533748667,1.02371040360168,1.00907655094304,0.660821056884038,0.766942222016671,0.858976228216766
1962-05-01,0.589643322038842,0.724534841691639,0.8456462465882,1.06354374925369,1.06427076948794,1.02114909398496,0.648780962755796,0.756469275002498,0.855091235340388
1962-06-01,0.583761209792307,0.719028282273353,0.842896274913685,1.06479792297523,1.06624923427057,1.02270204126178,0.632448438926948,0.74225758886834,0.849560168461292
1962-07-01,0.573886614369021,0.708375041400609,0.837708891383855,1.03451915914837,1.04385279454335,1.01617244647311,0.623076900983758,0.730930151703421,0.844432206866772
1962-08-01,0.562873349847099,0.698204110926434,0.831666311598975,1.01062885788666,1.02530264476358,1.00959779454573,0.612142309426582,0.719542323600026,0.839086212385556
1962-09-01,0.558213354696151,0.693416407724491,0.82617596982187,1.01418792573682,1.02723343509072,1.00901604173479,0.606990838777382,0.714081173285184,0.835668631730396
1962-10-01,0.556328743760671,0.689364331659162,0.821263383537741,1.00076289157094,1.01677698419991,1.00536629878524,0.605978627290827,0.711556782576004,0.833752148938369
1962-11-01,0.557192876399484,0.686270734100748,0.815794078595071,1.0128218460319,1.02473009627262,1.00638215233581,0.614578235039462,0.716182973692395,0.832555952785685
1962-12-01,0.554929354800739,0.681082568124284,0.810788440548344,0.94669123878239,0.973904259024903,0.990169766324845,0.623720805480225,0.720646054894916,0.83178531833178
1963-01-01,0.553553896039086,0.676399741754292,0.806489049125421,0.903533832760417,0.939650445725956,0.97827684303445,0.629903300696612,0.723170609235292,0.830978771459593
1963-02-01,0.544287385090024,0.667156071426732,0.801674536656153,0.841895823976607,0.891474767041886,0.962839128111876,0.621170766917405,0.718342245777877,0.829433993032274
1963-03-01,0.535070562047394,0.660072142213388,0.799339418104278,0.795278248820719,0.854046563655367,0.950025647751903,0.612971614749792,0.713909779712572,0.829211357541532
1963-04-01,0.54048493308298,0.663947074772474,0.800690863812483,0.764605013242902,0.828537333660183,0.940205134444484,0.625630510763763,0.723353058333788,0.832119832502123
1963-05-01,0.537262047021252,0.6613530339799,0.800130367205849,0.738609551511063,0.806572876358207,0.931309584945141,0.620700565104614,0.718705705417516,0.830067073658131
1963-06-01,0.535391341086729,0.65983739385277,0.800101283492477,0.718646889234626,0.789775403755055,0.924649059223772,0.612827361963563,0.71347996768261,0.829316308669362
1963-07-01,0.533238782369475,0.658344991755433,0.800340501431741,0.700906685300322,0.774977304132548,0.919089363451669,0.607235556132666,0.7107523642884,0.829390300070829
1963-08-01,0.534519836878849,0.66076041395007,0.802116503291273,0.694821494359328,0.769319098878396,0.916145256352509,0.606658086756856,0.710984227065264,0.829592505880637
1963-09-01,0.533915545826786,0.661196500787869,0.80185152873066,0.677373937671156,0.754361132777213,0.909939925624189,0.608614998252052,0.713956312723554,0.832458190623096
1963-10-01,0.531366789848194,0.659321715390524,0.800507455295756,0.659611664105586,0.73908070981499,0.903596267913311,0.609003699666346,0.71670672539146,0.836068060828302
1963-11-01,0.538237365062955,0.66489638541949,0.801541297988594,0.647386255312823,0.728209792061266,0.898407080143137,0.621686572830556,0.729005341001179,0.841504473915641
1963-12-01,0.548374113552177,0.670286763799347,0.801636570487648,0.630939036427695,0.714230759328544,0.892710483000742,0.642041389357117,0.74237251251519,0.84393274893433
1964-01-01,0.555594548947662,0.674015036960862,0.802131076868069,0.621583820550691,0.705884912876638,0.888767817790415,0.660753493854412,0.75541074731364,0.848552578475052
1964-02-01,0.550299331084979,0.669237614968025,0.799978932587337,0.613944167471697,0.699092454676346,0.885686574058291,0.662418298130234,0.75716403032953,0.849888597900328
1964-03-01,0.540352703551369,0.660694042028972,0.797309110287605,0.610409965419651,0.695685721395017,0.883864318105634,0.654790696765398,0.750932176836848,0.849579686616111
1964-04-01,0.545403531737763,0.662820062450994,0.797658704288208,0.604275317935798,0.690553398012813,0.881866909460284,0.670520797539197,0.759210634648872,0.852153909768213
1964-05-01,0.531294780448288,0.65445228854652,0.797127995534435,0.597297993224975,0.684866481812308,0.87984450292731,0.646376817292424,0.745773730532831,0.851525186657675
1964-06-01,0.529943098140351,0.656480487293998,0.801141869817915,0.595782546110284,0.683671140228809,0.879439411459236,0.641631717341938,0.745595167752174,0.855043238705753
1964-07-01,0.537411749209029,0.666405861778144,0.808507854323282,0.601874146237452,0.688927952508897,0.881552899340764,0.652531939769436,0.759255892319439,0.86334968562098
1964-08-01,0.554088954198651,0.682166878917846,0.815984519419832,0.609119767012369,0.695040749612751,0.883794423667141,0.678803266519997,0.781732516910477,0.871802582041277
1964-09-01,0.584450849683721,0.709292105358975,0.827002775661966,0.616778669866213,0.701504922940661,0.886399706576145,0.723341147525012,0.818207746859438,0.884942080253813
1964-10-01,0.63105952169384,0.746715406802447,0.839777579239564,0.620759898303633,0.705087888800555,0.887997651642629,0.80267356733175,0.87557436760952,0.902506012377049
1964-11-01,0.643682139719436,0.759744679051684,0.84619223874084,0.631993751285927,0.71486354356821,0.891901407914488,0.81775418546796,0.889868014963047,0.909757493810196
1964-12-01,0.609006914084369,0.730439080514362,0.834287076036385,0.650075614219252,0.730132198407081,0.897775282199206,0.747941685900841,0.838605758064239,0.890291263455006
1965-01-01,0.582622647792646,0.707881535538299,0.824478927997215,0.676542137850157,0.751970695201071,0.90558508039052,0.701930603820047,0.803319482383842,0.876762089062849
1965-02-01,0.563368677433428,0.691508912944721,0.817242196767112,0.680533911034341,0.755794227276882,0.907431191790724,0.670693226762854,0.779468984663149,0.867021342609209
1965-03-01,0.552655098677807,0.681699802128436,0.812400795062034,0.693078406743061,0.766466653244079,0.911550432602991,0.656406063438185,0.765597024828046,0.860513540883793
1965-04-01,0.548940980458904,0.677466964390764,0.809219690676961,0.720605319061074,0.788895496884546,0.919280683824967,0.646322925701861,0.75481182586761,0.854392336789026
1965-05-01,0.543169428354148,0.672791165123119,0.806888530875084,0.751553704214101,0.813915987607069,0.927782659892576,0.631210867437428,0.741469203054665,0.848868117426073
1965-06-01,0.544892755667776,0.675681753234027,0.808115286593352,0.796003657588034,0.849064948892322,0.939233717844732,0.622473985514059,0.735021774665782,0.846561206696042
1965-07-01,0.551043108132857,0.680090099148093,0.810035203432341,0.777001477693733,0.834706199902762,0.935212127582002,0.634071547944054,0.741967480707022,0.84721427042388
1965-08-01,0.548073374070731,0.675462297182656,0.808568976512346,0.767711161022694,0.827687487671871,0.933415807550761,0.627845835009615,0.733881446980105,0.843626087945816
1965-09-01,0.557032686091316,0.679331068748458,0.810000352887412,0.76490830737817,0.825652768488244,0.933169986815692,0.636634997079655,0.736744427332217,0.84336136481818
1965-10-01,0.551198825763899,0.676452351608449,0.810565153726119,0.769877133729719,0.829623565707282,0.934713796012458,0.624552646942587,0.729670919836009,0.843091042015978
1965-11-01,0.549030533617986,0.677605085675276,0.813363882247415,0.776364959522409,0.834661986489061,0.936392967531446,0.618096809229892,0.726740875384948,0.844121051403784
1965-12-01,0.558702610013321,0.688512245660713,0.820468688433729,0.784145326980656,0.841125694256524,0.939157642770152,0.619366253807455,0.729927151086467,0.847589449958402
1966-01-01,0.563759627803663,0.694122666967108,0.823156014295162,0.799928982990594,0.853847111168605,0.943904018819487,0.61969117285679,0.730671198930829,0.847445921649749
1966-02-01,0.572984373766154,0.703054380364585,0.828615177368553,0.815506688285149,0.866852500842047,0.949297237942362,0.635678303010392,0.743416496338971,0.851947399279216
1966-03-01,0.581938019782132,0.711031837991511,0.833593390787,0.842844992597081,0.888757221757883,0.95703797544255,0.64929823679014,0.753827302491839,0.855929743980904
1966-04-01,0.59107640916503,0.718309935884279,0.8372740569777,0.879256763718622,0.917171172829888,0.966455461923555,0.658872804621889,0.759432809866054,0.856890478569811
1966-05-01,0.599079351304624,0.725114828796917,0.841252531228212,0.929047616504578,0.955174373002851,0.978469812071783,0.66334509384316,0.762286862830912,0.857435179728452
1966-06-01,0.594341819952153,0.721522548233151,0.841830015648493,0.915143991937332,0.946513494883176,0.977911921683428,0.650096988928301,0.753225287557514,0.854528957211473
1966-07-01,0.593798403232466,0.721140358060894,0.84260592392159,0.927697896309778,0.957150719303195,0.982594414492462,0.644210429487228,0.747374076360913,0.850970394193502
1966-08-01,0.598117431865827,0.724457681488683,0.844999138989956,0.963602941351455,0.98477776436036,0.99175667951924,0.64193027291439,0.743565045653379,0.848369192995452
1966-09-01,0.602280462497116,0.728076730705554,0.848249704048072,0.930538324261993,0.961262104308383,0.986505159167407,0.649563185826775,0.747873832865069,0.848287720355806
1966-10-01,0.600374752872503,0.726243388729879,0.84753654521819,0.922947680555502,0.956111941938632,0.98592087425651,0.656600286903022,0.752144521087986,0.849404320366807
1966-11-01,0.60455317717606,0.729887982346659,0.849237332349368,0.926413979516884,0.958497381023121,0.986584263210684,0.666513615542865,0.7590680473879,0.85245809182636
1966-12-01,0.607311737519305,0.733431916004321,0.85210271868085,0.939123099582702,0.967509239804146,0.988605638542071,0.666410972365038,0.760335773875402,0.85393439070306
1967-01-01,0.614305345418436,0.739680127101223,0.854887498209618,0.982486960680321,0.998561162230418,0.996377847875795,0.678926584153372,0.769745780997583,0.857606615736718
1967-02-01,0.61236584156269,0.738320841771658,0.856339740658979,0.930527101194387,0.96058091387229,0.986215152232844,0.685559056518844,0.775085945713709,0.861162103287703
1967-03-01,0.601993468805981,0.728516196074661,0.852975733164208,0.906984963674466,0.942996160109372,0.98132936457576,0.671955438139092,0.763695415721205,0.85724032029452
1967-04-01,0.600801278652421,0.725735918200752,0.851000520218952,0.8853548328949,0.926707909086548,0.97686555270062,0.674223452862261,0.763486985663756,0.855739311859484
1967-05-01,0.59828783329045,0.725427018586044,0.852155938074299,0.878650968711415,0.921588868457454,0.975496711794874,0.670096751081774,0.762460277158266,0.85626943011398
1967-06-01,0.599717665583055,0.730714577648254,0.857669573714909,0.88393982817155,0.92460244533017,0.975474615561347,0.666743991314502,0.765037807532358,0.860480041925589
1967-07-01,0.608700073754437,0.740176984731963,0.864237937897766,0.875697087196006,0.918839699197914,0.974244880465659,0.680164108608957,0.779211348527426,0.867408259018774
1967-08-01,0.621526988719113,0.749417003212281,0.867318624322688,0.857632573095641,0.905239177155937,0.970393681358955,0.7123153844274,0.804384192324761,0.877713416911147
1967-09-01,0.619647204809948,0.748975853812536,0.86788934620056,0.859431532247799,0.90676250113562,0.97112060086783,0.712563118024145,0.806548425286032,0.879736857504518
1967-10-01,0.620793396936349,0.751056321075515,0.869719811409637,0.864658590641479,0.911228747566246,0.972839112504354,0.713787886577237,0.80928344953616,0.882267295723059
1967-11-01,0.640819022395738,0.768936912952777,0.877247429845834,0.865237056976074,0.911247342782395,0.972493795140103,0.738572436555961,0.830809726700585,0.890722382848806
1967-12-01,0.645681653953946,0.773330550909196,0.879504598656314,0.883434882448555,0.925144459690715,0.976800036493102,0.734248079735361,0.828906853483342,0.890956988200078
1968-01-01,0.662869376225625,0.785237541906866,0.881250620702437,0.893872551643097,0.933775931585459,0.980246797030331,0.757772464882059,0.846882753896668,0.897178435601237
1968-02-01,0.639569523180704,0.767762578527219,0.874265491182043,0.913803276951584,0.94868923307036,0.984360695060585,0.733678406854848,0.829335075532079,0.891007059614228
1968-03-01,0.616217435307669,0.747750249459373,0.867383446822366,0.926313434063657,0.958454772886511,0.987403420991818,0.700242213871778,0.801628610471719,0.880827630917528
1968-04-01,0.614263358354863,0.744521916483849,0.866065910734885,0.964039550284426,0.986721963919204,0.99566323459592,0.69332592805185,0.792792991564765,0.876214098902694
1968-05-01,0.60399118330141,0.73364532893934,0.860488007577534,0.924945803668428,0.957748062374987,0.987634130373041,0.684926024244394,0.783639086466384,0.87214578748387
1968-06-01,0.594059021857202,0.726097149568278,0.857412033764962,0.893306921067467,0.934393387289834,0.981658568655569,0.668566491630849,0.772083153428855,0.868824368734137
1968-07-01,0.585207840290326,0.717597494890938,0.852694565547579,0.881764633917877,0.925754630623469,0.97966209606097,0.657870123716951,0.762444914906981,0.864496792208107
1968-08-01,0.586469736572763,0.716972631469889,0.85125820329275,0.87427837271056,0.920041792897357,0.977949241463788,0.658410745512702,0.760742420915453,0.862744660456659
1968-09-01,0.581096202339577,0.714028637298079,0.850693191261779,0.881176391956976,0.925402184131352,0.979687145807915,0.647941327648727,0.754118651349604,0.861018318565502
1968-10-01,0.588948667628355,0.719308242836982,0.85319308125695,0.882734756783554,0.926799554475355,0.980444929951408,0.654301877121278,0.756308310179661,0.861274584805554
1968-11-01,0.596156035234418,0.726432070611672,0.857575914592367,0.906016188103282,0.944546961475658,0.985865679425422,0.658018412638341,0.758622985927938,0.861402905714465
1968-12-01,0.596373635929697,0.730442768138054,0.861989467159002,0.910086726647614,0.948455793298146,0.988083484798225,0.642247264391648,0.748461411487135,0.857868617961279
1969-01-01,0.597500008702014,0.733654146780037,0.865607027170572,0.924234169963634,0.959444355191619,0.991638035408776,0.635385176011141,0.742546922653863,0.855059554411977
1969-02-01,0.603369680641971,0.741845266056154,0.87277258333712,0.958627021372333,0.985914577496365,0.99974459375099,0.636941646822551,0.74365102018601,0.855308178105968
1969-03-01,0.604891327094159,0.747402750433462,0.880202098220903,0.949982550336644,0.980169696033477,0.998862684201632,0.630207368756005,0.740182934113142,0.854372318802997
1969-04-01,0.613218023029488,0.757683747898869,0.889894096456532,0.960538423110505,0.988707340211601,1.0019543993979,0.6374829925585,0.745266207603724,0.857103958298204
1969-05-01,0.624132502057016,0.769402087320447,0.898825976022739,0.997793632870594,1.01699550186948,1.0103742207061,0.64502636027646,0.75047616508857,0.858943860807119
1969-06-01,0.629452128202164,0.772704347011623,0.899343617528026,1.06352089190004,1.06587424388966,1.02466405304074,0.654003462919852,0.757979458830031,0.863269741822716
1969-07-01,0.629492974519966,0.771896650905175,0.898308008342455,1.06727276260934,1.06983200140976,1.02720349444116,0.65995660332194,0.764473853239853,0.865865581468659
1969-08-01,0.627952157794866,0.769993694211588,0.898182569846328,1.05162427329895,1.05932391364599,1.0255114022875,0.663392784357459,0.768073436665703,0.868946961080306
1969-09-01,0.627032780297834,0.768472033955293,0.897281650714497,1.0487188415245,1.05798121762742,1.02613693931608,0.670625574969627,0.774638235237403,0.873314877756355
1969-10-01,0.626904370337228,0.768966140168732,0.897449783086063,1.06728464188765,1.0721514570042,1.03078044893636,0.671602815805278,0.777253632708611,0.87589426783205
1969-11-01,0.641473215474885,0.779766333677745,0.901153661366267,1.0794701765371,1.0813680053864,1.03365172299333,0.697372290164058,0.797043812755894,0.88356117159231
1969-12-01,0.647030952947117,0.787122710735202,0.906620790741946,1.08939184965377,1.08955024949285,1.03717550843267,0.696578852576124,0.800818165357509,0.888825158281054
1970-01-01,0.669355609963982,0.807612310522673,0.916114524011554,1.11359687847704,1.10840055093702,1.0437978163933,0.72312779634673,0.82231671078361,0.898514339477224
1970-02-01,0.664754460835805,0.807819778365073,0.918778828237856,1.13032852068705,1.12097073559998,1.04760819396354,0.697014754924105,0.805565054938606,0.893384011870824
1970-03-01,0.667486934624083,0.810974054457197,0.921453491391013,1.16261477406242,1.14422062171386,1.05385448978401,0.694314152236968,0.802410556288045,0.890703051596067
1970-04-01,0.674629093677239,0.815801489020204,0.920954600012023,1.23346397384177,1.19419218905501,1.06665632735421,0.705213545562575,0.80941721200779,0.890299477457552
1970-05-01,0.672073793765257,0.813184430157828,0.917842350559237,1.20859137205885,1.17642779761464,1.06163208696553,0.702997102372332,0.80980400982056,0.890177105437659
1970-06-01,0.657887546360524,0.799887918254043,0.910436448062813,1.16505652838736,1.1451663861946,1.05313222607324,0.692510408231934,0.802803800335377,0.887877239932227
1970-07-01,0.655840209391998,0.797762083131204,0.908241641897289,1.12703776258308,1.11718862806427,1.04498973804558,0.697166922672614,0.807876235564791,0.890565809552231
1970-08-01,0.663458849156978,0.803218743591599,0.909046574231467,1.09162934894722,1.09020252953755,1.0363997449198,0.720000974288847,0.825335806840549,0.895349622485671
1970-09-01,0.678173211377746,0.813026105995817,0.910262091456501,1.07998194052841,1.08008333796994,1.03212390504976,0.755946872071018,0.851881691104769,0.903239659003502
1970-10-01,0.708697277690361,0.835058085977736,0.916667693883096,1.05350388969305,1.05948886087542,1.02498919067575,0.815290998869041,0.894538861046315,0.916458201340057
1970-11-01,0.712831749664757,0.83992687718928,0.920263943936345,1.02406321301005,1.03737589625348,1.01793063219253,0.814593139490954,0.896686875149567,0.918865399111105
1970-12-01,0.73722574644638,0.859367543458546,0.928160179125577,1.01365108914883,1.02848601668437,1.01400492116731,0.852640072404104,0.924520879186982,0.927925680549593
1971-01-01,0.697350185788263,0.828310507527916,0.916720937644795,0.990158878392738,1.01020354879037,1.00813588332393,0.774896269527002,0.867776367497807,0.90814533163843
1971-02-01,0.661715542449123,0.798596047538907,0.905564195255309,0.940873277057506,0.973327316472439,0.99754271416276,0.712952819879794,0.819233022175834,0.892229993916685
1971-03-01,0.633489102427567,0.774040997998315,0.895848165762533,0.919292649434967,0.95664136966409,0.992277584734348,0.671307966280752,0.785222618376342,0.880385666213548
1971-04-01,0.622426677513546,0.763230582793293,0.891260142100419,0.902255525791366,0.943425779315357,0.988034585125423,0.655899090721367,0.771363442270227,0.875019735160076
1971-05-01,0.622306013190785,0.758433941324275,0.886383337119357,0.900936921742155,0.942137973722292,0.987283962418506,0.65609593208119,0.765693749456542,0.86899855013941
1971-06-01,0.635239740901414,0.7624519222689,0.884463782298976,0.894200306774733,0.936530986962317,0.984881284445909,0.672220083232431,0.769440819735377,0.865290303929069
1971-07-01,0.642622167377976,0.767187001837809,0.8855220279425,0.908148346653849,0.946723206547171,0.987327343025773,0.676812941417282,0.769727605402054,0.863266105412198
1971-08-01,0.639293701834014,0.766938206628217,0.886712455862207,0.90143026297877,0.941614608491196,0.985596119668614,0.670054537240851,0.765254432162728,0.861953511392957
1971-09-01,0.633024932021423,0.7656729064371,0.887946872175782,0.893513839355505,0.935389875370782,0.983370108835306,0.66367155152948,0.76409310949337,0.862956469360499
1971-10-01,0.621178469994196,0.757727162060695,0.884947242248643,0.903964849580129,0.942993381514681,0.985095333752702,0.645118667755795,0.752459863634216,0.858914799992614
1971-11-01,0.621486920463509,0.758832574622379,0.88551666286482,0.90408782898388,0.942532834376085,0.984303498488622,0.640378637527114,0.750630963183385,0.858911635861508
1971-12-01,0.633811091412867,0.771127060174104,0.891549701537026,0.921924692792306,0.95554010841602,0.987829263373383,0.650228623567668,0.760131832212921,0.862791991392856
1972-01-01,0.642360374966557,0.775667094425356,0.891080945831275,0.876764969709933,0.920792720100269,0.97727017889828,0.665038103511784,0.768949477069993,0.865495366622326
1972-02-01,0.616297356394062,0.754067528699188,0.881735869941545,0.835587453918334,0.88905497206229,0.967561424364162,0.631069923062825,0.744903010977186,0.859389125549825
1972-03-01,0.598439982392347,0.73808048345733,0.875284687167577,0.809676247363713,0.868556356042863,0.960836776243558,0.614155669614115,0.731557097979512,0.856243374962491
1972-04-01,0.585385187621602,0.724914973906484,0.868245591698343,0.797319377104074,0.858584748302965,0.957379090482277,0.60579662666218,0.725302254583312,0.854353134063279
1972-05-01,0.58517515367511,0.725399440064344,0.868178049313724,0.799616651472478,0.860361327631771,0.957900074490604,0.611840870560576,0.73181853104392,0.857217425950222
1972-06-01,0.594213405715156,0.73419117378489,0.872221587595326,0.809232838235145,0.868189235239665,0.960755750146602,0.626972111750487,0.745769944531174,0.863073090787359
1972-07-01,0.61657585837113,0.753462322795199,0.880498033781337,0.815383017672202,0.873466250014273,0.963139398123932,0.660880694302533,0.772198247424216,0.872555145612048
1972-08-01,0.628997883314702,0.76695149173684,0.888874103440435,0.824276502020517,0.880854444506224,0.966053644864135,0.677202179579382,0.788216526793796,0.880833325616495
1972-09-01,0.627778529504341,0.768504431986529,0.892447101955785,0.837119719323138,0.891180298768368,0.969680160672623,0.660325576070031,0.774646569292662,0.876739966653316
1972-10-01,0.64119456977053,0.779411296486081,0.897455973358791,0.852929545192738,0.903749534875997,0.97403642430988,0.665722027605458,0.777256567077077,0.877673558211626
1972-11-01,0.641639834132333,0.783934709396578,0.901844296080019,0.88611010669345,0.929762558022199,0.982577530018988,0.651325718408305,0.767646696411707,0.8751668664605
1972-12-01,0.650826939048341,0.794874421712761,0.909807821695699,0.910655794623595,0.949442359911568,0.98950877863372,0.649796046163113,0.766764216899249,0.875005846297748
1973-01-01,0.667198731019266,0.811616059955205,0.920686022279223,0.952844635643986,0.982100816319207,0.999991250093696,0.651916887655423,0.767381131093,0.87507601052682
1973-02-01,0.679456393229301,0.828320685215462,0.933936262226379,0.988338848254264,1.00934774032883,1.00865939621092,0.654593523331688,0.77075949219964,0.877633632045988
1973-03-01,0.681880128463002,0.834980909815883,0.942237588349918,1.00211740623544,1.02101891703284,1.01364087813501,0.647439213971616,0.763852249336898,0.875910962178222
1973-04-01,0.682626935070902,0.840729530665861,0.951151224325958,1.04338778414921,1.05249342356143,1.02361340943747,0.637900981208493,0.756507575973956,0.87511744945421
1973-05-01,0.688144397066858,0.851643546901745,0.96312857365279,1.06842447879036,1.0715398019661,1.02960239146921,0.62167008247752,0.743856772510759,0.87142795189491
1973-06-01,0.710002523519904,0.876242156633098,0.979056647338725,1.08487684296065,1.08534319291437,1.03528763685529,0.625099722410085,0.747580151301393,0.873170839530692
1973-07-01,0.750227554105258,0.919654361135516,1.0034962742817,1.12796340740813,1.11799340200918,1.04569493291908,0.637418847082654,0.75990147898638,0.87865432453417
1973-08-01,0.786909635475852,0.954786759493679,1.02087249791008,1.15045312304633,1.1355399768366,1.05159661525446,0.654358806911375,0.774348475911565,0.885302782789505
1973-09-01,0.795766187066991,0.962468250062904,1.0260954658533,1.19039711714266,1.16543886728615,1.06051209704097,0.668592340009539,0.786686110610376,0.891339748322544
1973-10-01,0.794493169586376,0.954627341489028,1.02291256362658,1.21615207685249,1.18456566632615,1.06634484456587,0.691982536014884,0.801023362873701,0.896777264939421
1973-11-01,0.782054559773311,0.942374341468847,1.01859378548707,1.28327512010002,1.23175362689585,1.07846097763006,0.686577277863603,0.798251547323286,0.897934128927539
1973-12-01,0.781692024784251,0.939467954465592,1.01725226396715,1.20057600196414,1.17391422851684,1.06383574732118,0.697120262605577,0.80615235355759,0.900351279973339
1974-01-01,0.787087844112343,0.939355211946882,1.01496904223509,1.15565546776448,1.1412298544439,1.05498262964564,0.705253622755787,0.808262467818723,0.897326510139636
1974-02-01,0.77840335685851,0.931932040849894,1.01313408608705,1.11064266172556,1.10900262529426,1.04682002919761,0.689159876937283,0.797556471817694,0.894936409664741
1974-03-01,0.77556995825769,0.930482556595182,1.01317993122424,1.10045331326093,1.10187482528827,1.04555471993107,0.684720037034115,0.79687866614335,0.896680428938173
1974-04-01,0.782049230426119,0.936047428785306,1.01519288416645,1.11760603774578,1.11474845660555,1.04961487175323,0.697822720928438,0.807118883305868,0.900524599777705
1974-05-01,0.777208136171907,0.938076160740406,1.01810073741561,1.13938833701969,1.1312917777375,1.05497999805735,0.690878891926209,0.810650957161076,0.905180518562265
1974-06-01,0.774981411307445,0.941461156481689,1.02329676363873,1.15243959237822,1.14204341917185,1.05946564592165,0.683360122381027,0.810263020734477,0.908660750660854
1974-07-01,0.790503117272215,0.955320230519867,1.03034630557559,1.19606632535467,1.1747116492122,1.0695783528393,0.699796509048722,0.823652249923885,0.913974778564373
1974-08-01,0.809154224265135,0.969545758787126,1.03469523684148,1.25177819372456,1.21552943055314,1.08132523137771,0.733657640751526,0.84982363922498,0.922580590842461
1974-09-01,0.817727799514567,0.975886691902485,1.03375868729151,1.28780162612272,1.24196493883503,1.08895267529014,0.762393745759599,0.877419019655483,0.935523836045206
1974-10-01,0.831934943955971,0.986014485937713,1.03519110535251,1.31226804384962,1.25963336102197,1.09376841834412,0.803818455006656,0.911109012049407,0.947652840586108
1974-11-01,0.869239781585189,1.01202986089276,1.03912989217262,1.30102618629522,1.25016821008418,1.08934040192366,0.892077789260443,0.97546644483326,0.967003313761389
1974-12-01,0.888356077034967,1.02303395590682,1.03858578613875,1.31391092246828,1.25731237958933,1.08914909933806,0.931181130217717,0.998782194337763,0.970945610033461
1975-01-01,0.862892917220171,0.99895526753613,1.026406362247,1.36206321872527,1.28849534975739,1.09490422897502,0.884146218539947,0.957698019603803,0.954951902269842
1975-02-01,0.83983991593517,0.974357520697171,1.01204064028197,1.23975695530389,1.20295378438236,1.07317856226254,0.856025969411529,0.93258444629248,0.943906484035733
1975-03-01,0.807898778314794,0.948428183235323,1.00106070498689,1.1628565183318,1.14716717696779,1.05793963547649,0.810358790182081,0.902048690532216,0.935146263969082
1975-04-01,0.782988467650724,0.925365143438348,0.989507059559147,1.10384714781424,1.10333415872175,1.04526266909017,0.784997807571268,0.883360108261,0.930453756841614
1975-05-01,0.768236793484367,0.904903816591713,0.974766606364008,1.07124370476621,1.07810710087692,1.03694526200853,0.765639631329598,0.861377095683752,0.919023299308816
1975-06-01,0.763796092456772,0.892996293659761,0.964238844051883,1.04063412990273,1.05474874253656,1.02961363106899,0.752686818401495,0.844910746397326,0.910134519738518
1975-07-01,0.753935668044451,0.881975805083846,0.956625338611815,1.01833086346445,1.03720376396366,1.02340893005033,0.753603275357001,0.841915657910695,0.906332638643445
1975-08-01,0.722175237042197,0.854351429026932,0.941976012802542,0.995756955004298,1.01892463340158,1.01645579192893,0.724903276619829,0.81995011773224,0.895974415969098
1975-09-01,0.690991469010301,0.825793728652303,0.928242111069264,0.978900107602869,1.00561192310683,1.01189534013322,0.693117558343733,0.794704429610297,0.886404745029211
1975-10-01,0.668931325829526,0.806439656474046,0.920115097410423,0.969494825725715,0.997892050797911,1.00883028653463,0.664370701377293,0.774198086597624,0.880335594838739
1975-11-01,0.65379687224561,0.793239159780161,0.913988570669129,0.969485317559907,0.997013363304549,1.00723113757808,0.648688304973997,0.762308089351007,0.876569919977982
1975-12-01,0.660802984967142,0.795912570027476,0.912027764786891,0.992742531453747,1.0134424510286,1.0105583164912,0.66267588029594,0.770954537580703,0.877987165944184
1976-01-01,0.660183066739543,0.794464019543168,0.910675043425526,1.04816244177728,1.05283925723709,1.01994388873591,0.661848045123949,0.768133013019869,0.875474072419234
1976-02-01,0.640664797877756,0.776747692313239,0.902067690932579,0.958877196780743,0.985785196193649,0.999470003051508,0.639343555006885,0.749209884281145,0.866482097544416
1976-03-01,0.622761522942321,0.758819128839887,0.893096312349269,0.888287536543057,0.931386508424905,0.982217235385865,0.622612741257104,0.735614125374002,0.860920659696613
1976-04-01,0.616996979955663,0.750975973890926,0.887524289252837,0.844002295706385,0.895820011899509,0.969781235004855,0.625442356552258,0.735276280731126,0.858805245990895
1976-05-01,0.613880373372528,0.746967896683535,0.883214278695032,0.816127064369317,0.872605540368431,0.960885858572166,0.62695691841949,0.737167197157214,0.857824375890621
1976-06-01,0.600652285500366,0.735066742184095,0.876312886523874,0.793048776857239,0.853953782682248,0.953965353303425,0.617900559487275,0.731235628150824,0.85531286775934
1976-07-01,0.592225909960655,0.725996285870732,0.87199111417987,0.767976695965181,0.833347721445696,0.946291169052826,0.610475420163887,0.723420357956274,0.852264878315663
1976-08-01,0.595104564717454,0.726998385106769,0.871029523112677,0.757328639018449,0.823989445855947,0.942081633656361,0.617469167707259,0.727438127202631,0.852023106857067
1976-09-01,0.607214689688812,0.736535348021201,0.875513377625721,0.751597950716967,0.819380176811957,0.940163736827994,0.633057275335278,0.739240649753872,0.855941875848765
1976-10-01,0.621884497567259,0.751056463354192,0.881029561592857,0.760345547011369,0.825949548099904,0.941588710212233,0.648069851140431,0.754335439311228,0.861765092073144
1976-11-01,0.632254503501101,0.75925418654198,0.882926745749099,0.77397697357438,0.835975169273599,0.94411331690286,0.667037722861417,0.767788892160838,0.866369501212362
1976-12-01,0.633724233887455,0.760768401629409,0.883352645322441,0.784714720051783,0.845694528214827,0.948028599764727,0.656967356858812,0.760593187761539,0.864530843863094
1977-01-01,0.646934280748739,0.765781103214701,0.883544171080794,0.759761220883536,0.826600526180091,0.94315806417705,0.669541874869054,0.766878653723576,0.865865381746675
1977-02-01,0.63845737759937,0.762892210194078,0.88231526034833,0.733057951983177,0.804899346732329,0.935631236045259,0.66338692739026,0.762924875049286,0.866138871928129
1977-03-01,0.615280960534163,0.743862463133809,0.875098458956343,0.716243620270972,0.791103775709347,0.93068868290813,0.63824776242917,0.744056445989508,0.85979732577875
1977-04-01,0.586371881745247,0.72026918184036,0.866449074367432,0.712677528739383,0.787933786073511,0.929211288427135,0.59755753501601,0.711809301312327,0.847678710466617
1977-05-01,0.575544044185364,0.711187678578249,0.864342928673198,0.720813159908494,0.794285718021352,0.931020291425735,0.580787002599492,0.696701330820794,0.841306161612932
1977-06-01,0.567706975392318,0.703531939228672,0.860832572534819,0.736506627975429,0.807132144509569,0.935416705443028,0.575438473764452,0.690936552330692,0.838353817623342
1977-07-01,0.568470962116695,0.702943714429072,0.860418033024091,0.73307148449904,0.80456788747514,0.934837346337581,0.577190629766246,0.690427604296362,0.837450983366491
1977-08-01,0.569213993118787,0.704363972658583,0.862463002554789,0.737799850375731,0.80866022348035,0.936507463539416,0.57533531988119,0.690067842235687,0.838139607231247
1977-09-01,0.5793278637225,0.71186724496705,0.863686315835693,0.749505555682454,0.818524659901014,0.940165270490093,0.589920114524964,0.701146144367292,0.842137994750677
1977-10-01,0.591379290588767,0.723471096401054,0.86818965617219,0.778587912205434,0.842148318431268,0.94817683366207,0.599931842004046,0.710810073033196,0.846886099376043
1977-11-01,0.601265764425483,0.732410244100378,0.871403170454156,0.805112488504476,0.863089233016078,0.954658327052892,0.6210184069064,0.728526206437443,0.854975142274099
1977-12-01,0.623436731958002,0.751453661840382,0.878398311130252,0.803457857805856,0.862703578446831,0.955882344455578,0.659752093408419,0.761294488178679,0.868935224318938
1978-01-01,0.655293979965288,0.777101513360598,0.889779181689356,0.822298902450972,0.878272291754221,0.961902445730209,0.719617993674998,0.806502962608067,0.886607347397758
1978-02-01,0.646992926837738,0.775460982542346,0.892420359135085,0.830731317166879,0.885136157047348,0.964393165541109,0.709931270455576,0.805816950542035,0.891189580573093
1978-03-01,0.644502000873238,0.775194797644085,0.89343403975161,0.855946995416913,0.905115387013817,0.971056136748546,0.712234018620369,0.808831382714405,0.892118319347795
1978-04-01,0.633229779172702,0.768015959118427,0.893892639709217,0.881919954451151,0.925899435475085,0.978383821629654,0.689303432360495,0.792599432536705,0.887702433248294
1978-05-01,0.615215175845919,0.7555481669466,0.893034442781701,0.888529910778932,0.931345193803201,0.980322650443994,0.650697115436142,0.76400031416372,0.879250457651991
1978-06-01,0.6034985976031,0.747212449176815,0.893133971757708,0.907634490858675,0.946585711900729,0.985471118566405,0.627987740882461,0.747079180150884,0.875328620381848
1978-07-01,0.603182893354746,0.749506592149737,0.897266981646898,0.950197186144919,0.979490362473306,0.995793703388481,0.621910537348929,0.74280748538544,0.874444433452698
1978-08-01,0.598787875804753,0.747999791735495,0.900312075875853,0.996997657558261,1.01479167601895,1.00647074815813,0.602662615573898,0.728108299147813,0.870405489699802
1978-09-01,0.601401434425951,0.751686137193991,0.90461506998651,1.05510542423901,1.05832034000201,1.01956195174569,0.597934926143499,0.723915460262629,0.869782423167313
1978-10-01,0.606782001976398,0.759837881224958,0.910132280721407,1.15316563239915,1.12893741222206,1.03893269444102,0.598235105142356,0.727679413665238,0.873772306764396
1978-11-01,0.61670411528814,0.768518940492813,0.916313974242103,1.07669555692332,1.07472465640228,1.02537658980883,0.608003812904744,0.735569565742769,0.877822397219183
1978-12-01,0.624184456258222,0.774068513422752,0.918279346471916,1.02089439855889,1.0340975338381,1.01449847333234,0.620146715406858,0.746018524375504,0.882430101992836
1979-01-01,0.648723308254426,0.794515816420607,0.926510252266871,1.00074581524433,1.01899822212259,1.01023501013861,0.651292945820976,0.770971082539667,0.891844003447228
1979-02-01,0.664890853984592,0.809374385178996,0.934735549913307,0.978552052270784,1.00234983199431,1.0053498128935,0.670713087982781,0.788665666403649,0.898893565791534
1979-03-01,0.690776701989513,0.832336487868463,0.947373534265097,0.965562594429302,0.992441657089135,1.00253821519076,0.71447662323689,0.824718898844597,0.913109832618066
1979-04-01,0.735069874834042,0.866094832674448,0.963880713271773,0.92812065421944,0.964204580578481,0.994450998173209,0.781885662935766,0.870783362964956,0.929102345314992
1979-05-01,0.729691514581233,0.869100534740811,0.973499303104335,0.916477522417231,0.955468989053949,0.992180037749074,0.757572877695343,0.858666759060443,0.928486382251451
1979-06-01,0.713536643659845,0.860006945879995,0.976373475844041,0.925431028024379,0.962556443523679,0.994846217797402,0.713532954806302,0.825992159893355,0.9174395349976
1979-07-01,0.715689295944962,0.863465807544534,0.983063209201097,0.93613478091921,0.97127187116889,0.998005234453064,0.700697542583928,0.813604986908896,0.911740079617185
1979-08-01,0.729619218568958,0.878549866076553,0.995347389067998,0.971220519973369,0.998481297717746,1.00672721126936,0.70335066484447,0.813933285353707,0.91131207445028
1979-09-01,0.741433850793438,0.894908422351478,1.01170361237644,1.00029683767127,1.02100475532233,1.01415025017239,0.693538488419254,0.808155562472005,0.912109519840617
1979-10-01,0.755368504571202,0.91759116305053,1.03239918905916,1.05770044383826,1.06396403284268,1.02707485112842,0.678925233526774,0.803101992695384,0.91462382551672
1979-11-01,0.76710393712628,0.934928750552838,1.04718099787507,1.06255998557495,1.06872412659036,1.02982561897103,0.676437576178991,0.804727497862165,0.918495636709644
1979-12-01,0.782765054815508,0.955403768288538,1.06260451091245,1.06106406003536,1.06836742608103,1.03062692668067,0.678355985979106,0.811014917398,0.924470409826048
1980-01-01,0.822442895878375,0.995527219633595,1.08419556135792,1.08756488864177,1.08827935938357,1.03685042838469,0.707496105172185,0.838341800094926,0.936840518453499
1980-02-01,0.869660415102688,1.04460369290645,1.11240970384284,1.12101243361276,1.11287097858306,1.04406781155695,0.742698217584045,0.872105843588509,0.953622643722899
1980-03-01,0.926124471551342,1.10011533775648,1.14306014607058,1.17750998450692,1.15323423254753,1.05534460786946,0.799816268221662,0.920987875671986,0.976086537746278
1980-04-01,0.978054059941463,1.15322870241247,1.17152439897146,1.10629373621834,1.10266163909469,1.0421825291344,0.857292625111524,0.974187511981346,1.00014100212083
1980-05-01,0.966825598764263,1.14823594091578,1.17245083139841,1.04807765043,1.06004320529619,1.03045550376994,0.82427005124051,0.953347460346418,0.995448355350796
1980-06-01,0.93260869601857,1.11599621457473,1.15410368217569,1.00028537297366,1.02410916068338,1.01995258027898,0.777642077165714,0.918389220936591,0.984440003304964
1980-07-01,0.923868658592237,1.1033688585554,1.14403499759281,0.979086535742103,1.00756223981749,1.01474507754014,0.775982387742823,0.913570163174218,0.981394009627559
1980-08-01,0.912720658021922,1.08919807808943,1.1366090364836,0.933545957352282,0.972513845754206,1.00397236362157,0.776537767648044,0.910173481408677,0.978735552334514
1980-09-01,0.887200507986037,1.06308992457327,1.12435099636893,0.907650958231332,0.952300377270768,0.997779041950052,0.746918730319427,0.880642694797273,0.965190972283784
1980-10-01,0.868993525977224,1.04449448102393,1.11610886700756,0.899483995958773,0.945823591492938,0.996056418519338,0.723045843080323,0.855713927872334,0.952950898003969
1980-11-01,0.853798495973306,1.03424299386966,1.11550336016955,0.908542701298747,0.952455854409832,0.998057465121063,0.693988862543409,0.832587129485424,0.944661642691094
1980-12-01,0.849586524385481,1.0325312477019,1.11839942671861,0.889999373753892,0.938043260920467,0.993100489597582,0.681530551236146,0.823025968668903,0.942042516143107
1981-01-01,0.84884865415623,1.03250308404564,1.12116435649638,0.874805638728435,0.92623521504256,0.989150960062201,0.677255117343774,0.819480607150968,0.941219757601666
1981-02-01,0.842660252152551,1.02807107021829,1.12140703245785,0.867972474444458,0.920640434370629,0.986671471699098,0.659621730377754,0.803641316754374,0.934040502973474
1981-03-01,0.837586581231825,1.02007242942641,1.11432785469451,0.876391225902275,0.926759347679309,0.987863960188638,0.649879843827053,0.79446063926942,0.93000495637333
1981-04-01,0.841986553237717,1.02075254370276,1.11310477240887,0.856246351127542,0.911222763110066,0.983375628003115,0.654899371099959,0.796938982133023,0.930208391059965
1981-05-01,0.84085716511285,1.0191795022915,1.11314341118433,0.851706795862602,0.907866988293356,0.982642087627009,0.655809468912568,0.798787214439093,0.932004394768395
1981-06-01,0.844884876773293,1.02320911490504,1.11641104460497,0.863112383897508,0.917143732795268,0.986142346075734,0.661799494843201,0.806773061682161,0.937176626362497
1981-07-01,0.838824488962006,1.01541985511159,1.10885033257803,0.885416339401022,0.934778788646727,0.991890735438268,0.662961387795831,0.808519177520977,0.937350325579211
1981-08-01,0.833025668316859,1.01168081631471,1.1047966045327,0.918532564119872,0.960543563426922,1.0001120025277,0.659601425287108,0.8086449900579,0.93807774876809
1981-09-01,0.844084555961486,1.01977539086809,1.10449247052334,0.923422177154626,0.964961951505067,1.00239097146044,0.673205026932511,0.821735389358485,0.943823117220707
1981-10-01,0.846110189453578,1.02203258063426,1.10216422140544,0.907835843187808,0.952893348782214,0.998650912152585,0.68681536609589,0.837868860867055,0.950986041059524
1981-11-01,0.849518594926219,1.02544055232828,1.10189076094101,0.880145900169598,0.931184639082189,0.991578759769548,0.697853306767701,0.850544700825075,0.955094672333635
1981-12-01,0.862176614162325,1.02834667854194,1.09484487308083,0.865163415047657,0.919064288019809,0.987287430829861,0.728326349149917,0.867667278963415,0.954558743278928
1982-01-01,0.89294657133319,1.04609856160832,1.09387650321598,0.862263473718685,0.916324717284937,0.985982278043041,0.791217276249956,0.91010143592233,0.962530936286564
1982-02-01,0.89557290934677,1.04769634936533,1.091856090404,0.862734583676786,0.917015187231704,0.986755329240811,0.805717418761441,0.921277590847628,0.9641921286756
1982-03-01,0.852749679552231,1.0155740948145,1.08071048531743,0.8597748992773,0.91481484030096,0.986124914787523,0.738606898996915,0.874213586916795,0.950483069547677
1982-04-01,0.833168914040782,0.995731722922815,1.07190788925637,0.874394231985526,0.926383439016657,0.989743377359429,0.701085806697886,0.838049673486739,0.934859410389009
1982-05-01,0.824687784692988,0.985628753456565,1.06558288528238,0.892774867216928,0.940843669747901,0.994227659291292,0.688414203844548,0.821579838284499,0.926654510641976
1982-06-01,0.81796450367423,0.978091058734521,1.06150502975135,0.908230655788381,0.953483635995873,0.998881937358699,0.680337592828944,0.812428626117762,0.921995192024155
1982-07-01,0.806186657448885,0.967023051254342,1.05379884730789,0.940421571776683,0.978838484383131,1.00727736098455,0.669728658989844,0.803253521396433,0.917588372648601
1982-08-01,0.789379926237703,0.95194668968197,1.04257026219749,0.993024510128753,1.01913831470253,1.0197120425839,0.658687825991173,0.796675204219859,0.914313439401543
1982-09-01,0.778212084789071,0.938939278677133,1.03212262568251,0.997005466890942,1.02152019032059,1.01942814673677,0.652854748789108,0.789769189866469,0.908868866231532
1982-10-01,0.77942367906887,0.934118281417551,1.02348790238902,1.02900103194703,1.04458611203568,1.02491870786104,0.665505954817293,0.79707912734688,0.909143436592841
1982-11-01,0.764497949557065,0.915965508799134,1.00887801861218,0.980859942903997,1.00731709378772,1.01276407667408,0.667401599571108,0.793909533833659,0.905151130991214
1982-12-01,0.76589588993861,0.9107797991579,0.999037181450099,0.934225399748398,0.97108630874858,1.00091447225329,0.692382487539887,0.80861933212005,0.906597002230192
1983-01-01,0.775361370475553,0.911872417239879,0.992799413893634,0.913723257629481,0.954234153360143,0.994598931510795,0.731999130953339,0.833701605594269,0.912853147208792
1983-02-01,0.745478857083757,0.885510864407195,0.979326696760135,0.896051457706396,0.939838955292564,0.989230729367533,0.711180336924742,0.817559315632603,0.906426673480781
1983-03-01,0.721732845952122,0.863541700171301,0.967337826332872,0.883093909081998,0.929465160623107,0.985678171851845,0.690840718546445,0.801626550099494,0.900018866983277
1983-04-01,0.705952269010064,0.846782809900909,0.95652134209207,0.877652010952446,0.924610285177693,0.983387881738867,0.679811255595163,0.791150007389001,0.894892648873589
1983-05-01,0.681887011087447,0.823248455909164,0.943883219940095,0.857139205940577,0.907825251514517,0.97725189058246,0.667184959813648,0.781353643155362,0.891176075625877
1983-06-01,0.675238193158974,0.814532721684552,0.938569121694301,0.84048153618858,0.89429406161457,0.972649656202972,0.669050152102906,0.781407701495418,0.891533328237494
1983-07-01,0.664674276561937,0.802945619843026,0.930018306731849,0.829255098876039,0.885411425608877,0.969843918316099,0.670921815073866,0.782045838556185,0.890086784235251
1983-08-01,0.65629894107355,0.792901535214416,0.92313134631481,0.818101034686729,0.876234278992058,0.966174688405204,0.671686289923508,0.780317605080297,0.887345900311328
1983-09-01,0.656227823817156,0.789891765807435,0.919654895901546,0.816391807438414,0.874665905123659,0.96531549225144,0.68096013371769,0.784214546580019,0.886357850991089
1983-10-01,0.636685522823136,0.771832603532943,0.910789847966033,0.82488528209881,0.8812061752396,0.967335140542141,0.65336123301551,0.758813269707023,0.875580060082156
1983-11-01,0.620839894182177,0.759356178907837,0.90524807133903,0.819213608988589,0.876949254225178,0.965975150485967,0.623826083595673,0.736198959888479,0.867213254140255
1983-12-01,0.626048624929168,0.762543050103235,0.904974056202209,0.816129272463987,0.874501942234051,0.964971489920106,0.622147320206841,0.732179731278184,0.863637140773699
1984-01-01,0.639221155196221,0.773903955994547,0.909004936084509,0.822910840936012,0.880181968630996,0.966895327895823,0.627221167829595,0.734761689565853,0.863167411287165
1984-02-01,0.638959428039982,0.773278015338948,0.908351301725046,0.838806751925162,0.892408585211708,0.970098242515663,0.609105072567791,0.720581904256329,0.858144577673015
1984-03-01,0.622655054542113,0.76048136736003,0.905686125532099,0.830219487199667,0.885898630172127,0.968099518188061,0.58204604830357,0.698417970458317,0.850103294299618
1984-04-01,0.609936881721374,0.750124706239068,0.903487946429487,0.839477367205005,0.893086928704736,0.970155239575716,0.563979230480963,0.682183569530168,0.842417969305844
1984-05-01,0.614010288920393,0.754770822789134,0.908603632868253,0.865313675333442,0.913182551037848,0.97644137255174,0.557248639736536,0.676127761402346,0.839468934547266
1984-06-01,0.615280033163021,0.75618427305884,0.911063922368467,0.872329183313787,0.919154117061213,0.979008089091016,0.55846775335418,0.67670479495032,0.838845805287972
1984-07-01,0.618570843830369,0.759026622379108,0.914105214017133,0.893211794494992,0.935503788936889,0.98435947473991,0.557361923599667,0.675790333558212,0.838185486537729
1984-08-01,0.625005530932797,0.765062352443729,0.918652765125708,0.918842952024116,0.955439895011636,0.990649960952864,0.55996144520511,0.677507336445508,0.838553328665218
1984-09-01,0.629142330791719,0.768116675758373,0.919699309078523,0.872211629246807,0.919490721070919,0.979563003386456,0.5657060616159,0.680075348913055,0.836700718615537
1984-10-01,0.63232288084097,0.771388820458284,0.923527667270259,0.843878080315883,0.896858073780468,0.971943220050131,0.568391257325255,0.680572067446995,0.835709736626496
1984-11-01,0.62975788005991,0.771428085850998,0.925840728970798,0.831909295074343,0.887270286809786,0.968734107908564,0.562827696694296,0.677711696147642,0.835733147151185
1984-12-01,0.628496635315095,0.771355801432838,0.926492755309682,0.82978793015357,0.885781002948817,0.96811321727648,0.561572900198345,0.678048272600804,0.836173146375137
1985-01-01,0.630048159250835,0.772913242613377,0.926749442802471,0.846849032846266,0.899145652376982,0.972160097745706,0.560925623632794,0.679417669888465,0.838028160587554
1985-02-01,0.633164181700359,0.775566553824629,0.928325194229877,0.804636438469946,0.865562524556737,0.961116327273783,0.562245104273414,0.682819410646551,0.841705669942644
1985-03-01,0.635731244063225,0.777471031784166,0.929463304893467,0.7819230732782,0.847293378131205,0.955021822647537,0.567802427510275,0.688571836022471,0.845455674028835
1985-04-01,0.640861794805051,0.781047922370698,0.930805340794996,0.767860697585245,0.835840109150506,0.950987268604877,0.572306106866785,0.692590727342732,0.847685154529999
1985-05-01,0.624648259116894,0.767372325030573,0.923658841746785,0.76698385554104,0.834926458876081,0.95034125965142,0.553740219321679,0.677578881070067,0.842494708697413
1985-06-01,0.616648229007208,0.759193648750503,0.918244084646098,0.757713523069904,0.827315530775839,0.947392818085153,0.548561269347552,0.671343231429112,0.838925982151619
1985-07-01,0.611327814334856,0.752902286368307,0.91280383472444,0.762653621892896,0.831282829526361,0.948667835134861,0.548197173496706,0.669257410156002,0.835613078441471
1985-08-01,0.606821000616556,0.74919178760274,0.908836756452342,0.77727714078206,0.843083094678397,0.952468292874956,0.546239429574458,0.668819297137748,0.835366411393709
1985-09-01,0.616570690225084,0.757017185106113,0.909580373720875,0.80889682590428,0.868371343916403,0.960594734596803,0.554356610993689,0.674159753354634,0.835302438761754
1985-10-01,0.624472830650442,0.765686678998454,0.914633462066705,0.822426135966641,0.879258205485926,0.964382627120855,0.559461111659143,0.678899007328133,0.836557933827024
1985-11-01,0.631784295315578,0.774165272203965,0.919594152312322,0.836042676876107,0.890067444077391,0.968123469516321,0.564535518302474,0.683886013133034,0.838671892933135
1985-12-01,0.645249066622072,0.787788106682888,0.9276530424835,0.8343487133413,0.889302677634047,0.968827864008877,0.577118085903695,0.693992651890198,0.841854286382214
1986-01-01,0.663099505618293,0.80520554063269,0.935652047943737,0.844325433930283,0.897487549646036,0.972012488899675,0.59389515180301,0.707570530899945,0.846578033412006
1986-02-01,0.689153423599317,0.830553741027649,0.94834940699615,0.874621045854851,0.92140963319872,0.979935536936432,0.613077991617462,0.723364195487059,0.853081164039077
1986-03-01,0.692783394323605,0.832601200073,0.947252027876571,0.876430512398925,0.923320150012766,0.981317303907445,0.610584493897289,0.719315274297756,0.849118866450954
1986-04-01,0.678231122241758,0.820559731200967,0.941583059853511,0.880710709099757,0.927429331944316,0.983791003030421,0.60015271905455,0.712453509018337,0.847198737976007
1986-05-01,0.671687283088097,0.815208078943768,0.938117009186052,0.901721276817524,0.944499518807819,0.990041506213077,0.596784635836572,0.709312303073313,0.84539745717246
1986-06-01,0.66334932203955,0.805330385751835,0.931863795977942,0.929572368791886,0.966684275012198,0.997779380835277,0.600421385535383,0.70998329298315,0.844052365694244
1986-07-01,0.652557391177695,0.796103421375914,0.927589211648821,0.98155321900132,1.00706247054972,1.01080843279023,0.590739071328648,0.70311465745936,0.842105105058276
1986-08-01,0.648361088010918,0.791889056971767,0.925232147245826,0.996999336631109,1.01977585700565,1.01584389694013,0.583364037415315,0.698287804179642,0.840874193075655
1986-09-01,0.654034706673166,0.794649504864801,0.922868184519729,1.01525105694839,1.03416333505695,1.02113399544304,0.59340501078634,0.706284683879099,0.843788406697958
1986-10-01,0.650431597365241,0.791453697879435,0.920968501692477,0.996513004006182,1.02025661475633,1.01760130529942,0.591166874321092,0.70681939452377,0.845412661317458
1986-11-01,0.65461890502818,0.79635794293915,0.923918004487444,0.98758306971684,1.01349522506775,1.01576424097256,0.590468429123092,0.709172855312955,0.848323963967272
1986-12-01,0.674758658497741,0.814760614219658,0.934058036656012,1.00242551068772,1.02513598239408,1.01981609379008,0.613197002326174,0.728231997352405,0.856328719920137
1987-01-01,0.688605877791985,0.827474250595063,0.938528638314691,1.03696902217614,1.05128644354658,1.02764320889665,0.63263115626861,0.745719948309421,0.862857548585433
1987-02-01,0.67347876607491,0.812625117537742,0.931127772448638,1.00219314332096,1.02520954475719,1.02021591686662,0.626770862192408,0.742523717341585,0.863253364198799
1987-03-01,0.639678497984698,0.781886949701547,0.917168908661508,0.977059065696287,1.00627773172429,1.01500103775318,0.594886207585165,0.716020633263164,0.853378692948521
1987-04-01,0.625040420888077,0.766038195089089,0.909039449873977,0.976162874738073,1.00575096802529,1.01514421403135,0.580127599661225,0.700197949003836,0.846606743698005
1987-05-01,0.608692629782066,0.750659930357351,0.90128100936504,0.983666532417246,1.01210867992838,1.01779724673592,0.565066804928277,0.687545043777497,0.841619490288626
1987-06-01,0.598545308929889,0.741850919188625,0.8967122123174,1.01811274016491,1.03884843956834,1.02630283351848,0.555463153348472,0.681231897472658,0.839684923233509
1987-07-01,0.59681834561195,0.740774802882459,0.895271325056495,1.07347472289318,1.08109216805732,1.0390478265362,0.558941501637377,0.685686161484732,0.840686364954472
1987-08-01,0.603652479504128,0.746664787085239,0.897791724419798,1.15625475832251,1.14268234276737,1.05669047735363,0.56514434792283,0.690281528142042,0.841424461935913
1987-09-01,0.616366934549134,0.757560421099135,0.902158612405008,1.28367794825689,1.23453555404673,1.08157640733761,0.576857693537729,0.698562280469455,0.843808506214217
1987-10-01,0.634956940575562,0.775184345027431,0.908794532322534,1.48053235785278,1.36953046320168,1.11475287221957,0.594624654083256,0.713096157128864,0.848723731204764
1987-11-01,0.630316688733739,0.774645245218102,0.913533655976496,1.29863418449495,1.24450316795267,1.08342334295555,0.584866988527431,0.7098056279471,0.851967665597828
1987-12-01,0.631440974328776,0.772625163919498,0.911979426436623,1.17504921633533,1.15465071379473,1.05794748933774,0.595989723714505,0.717390754865194,0.854648809478932
1988-01-01,0.62592527015343,0.768010590402804,0.910148893295362,1.07831177883194,1.08154214358201,1.03505159993537,0.601481348882957,0.722975684007222,0.857793913556961
1988-02-01,0.610583479421485,0.754037134118039,0.903276089368915,1.01033307527421,1.02721127556048,1.0159646077718,0.586062367638627,0.710286089535683,0.854086118796794
1988-03-01,0.592927643220221,0.737296302928441,0.896032864961499,0.933696441875191,0.968222520680282,0.996854469392923,0.567443639223994,0.693816812409505,0.848985832393826
1988-04-01,0.585427074275062,0.729811555117971,0.893079794003814,0.87973669949732,0.925185489707235,0.981648788632717,0.558947361850523,0.686322586443528,0.846752546779696
1988-05-01,0.576991487168996,0.720145711735797,0.888272310962595,0.847445559866334,0.898904712356214,0.971602453679455,0.550929639608123,0.677895448792457,0.843726406304061
1988-06-01,0.574851328864818,0.717722252018804,0.88728896416504,0.834286376263145,0.887273589623069,0.966036764569197,0.544211057323324,0.672464180456853,0.84161487355755
1988-07-01,0.572105045878091,0.71252385715054,0.882768758201831,0.79989822019724,0.859427374623197,0.956095206076912,0.545212550375848,0.670400664022087,0.837931027296227
1988-08-01,0.57086429124119,0.710009424811307,0.88091072258545,0.776022974966265,0.839883654816879,0.948874523383286,0.545001406265355,0.667839662275953,0.835483280654736
1988-09-01,0.573051392714541,0.711258038239528,0.880921390858938,0.759324802010242,0.825934320905445,0.943399151254364,0.546080103796009,0.667189293384967,0.833589796000353
1988-10-01,0.574234141521984,0.71339924230963,0.882755660621025,0.749541629428369,0.817212312376924,0.939250924260765,0.545941120772427,0.667636383103276,0.833981169222281
1988-11-01,0.579234864222275,0.718972970487496,0.885956857295341,0.748315502918723,0.815674525350926,0.937908501318902,0.543045944146345,0.664817638587138,0.832955706339292
1988-12-01,0.596699277124412,0.734387826884177,0.892006125292775,0.744525664879713,0.812394570049894,0.936677816810948,0.552326761934924,0.67140863680947,0.83510979538179
1989-01-01,0.624061345691935,0.75763399114037,0.898806043057328,0.747953357184983,0.815017776037525,0.937791372105935,0.565034805255351,0.680629862140617,0.837620580162292
1989-02-01,0.629988405163556,0.764520621049695,0.902972291277182,0.741938831173128,0.809352717476654,0.935521974156624,0.583921177319504,0.695862105911241,0.843257930411502
1989-03-01,0.625219759463134,0.762762055724592,0.905222126115541,0.739368821520674,0.808485000942907,0.935883592355944,0.581921695151579,0.695971106847021,0.844866108423733
1989-04-01,0.625494467936088,0.765817363031241,0.908910452135413,0.747568534284052,0.815275270820672,0.938232059889878,0.586718609053568,0.700786476632132,0.847899502040469
1989-05-01,0.632417499020684,0.773469164088888,0.914521293840446,0.757493574932836,0.822880413016582,0.940591524100391,0.600149654042459,0.711867694279451,0.852681255288685
1989-06-01,0.629646436870218,0.771956608719634,0.914775869641447,0.765623441214087,0.830599392639615,0.944166701059232,0.596890827198808,0.710274391015104,0.853366135320898
1989-07-01,0.635517736977107,0.77539615585881,0.914494634123461,0.785044978627885,0.846839605900778,0.950217598670501,0.614566957490767,0.722625337921631,0.85687983253215
1989-08-01,0.636012546002776,0.775913207948559,0.913283158334379,0.784730863762543,0.846712487757882,0.949992996272392,0.623833599572715,0.729982606460246,0.859613353464123
1989-09-01,0.619888777896919,0.762525972144311,0.90632206709748,0.79933779077342,0.858373262322171,0.953593788810439,0.607854301216939,0.718847833436149,0.855460242908706
1989-10-01,0.617817169788137,0.760018535644172,0.902145895866312,0.829707114569601,0.882207822223639,0.960866514722661,0.605774053067668,0.716680532022454,0.852485565418411
1989-11-01,0.623417484118001,0.763889723423586,0.901752303686838,0.835182556708079,0.887089720376378,0.963137306697693,0.616258191049367,0.723530460837598,0.853192229279323
1989-12-01,0.649772609740044,0.784544656497257,0.907759944895142,0.859450334339826,0.906871794658247,0.970211210872981,0.648950312986861,0.745428212078764,0.857746769164577
1990-01-01,0.687531874549567,0.815291931443879,0.918850968621524,0.906143129389281,0.943482517862463,0.981996609901272,0.688479044005321,0.771186394474756,0.864064830552187
1990-02-01,0.677138696501469,0.811493757856229,0.919319974878719,0.895825165768065,0.936146263678976,0.980718596331503,0.670982691460679,0.765719374242317,0.865238112041263
1990-03-01,0.660875288122683,0.798868136160067,0.916304490109965,0.903621667978467,0.94298732355262,0.984064420503134,0.648547058726405,0.751050369349124,0.8613416868372
1990-04-01,0.653994228500713,0.7932933207183,0.914032669002213,0.933895298227746,0.966727265987619,0.99210550541023,0.641994446087063,0.747886955016905,0.862087843836523
1990-05-01,0.64638013116191,0.786919409486224,0.91164590337403,0.967327230421331,0.993078197120454,1.00118646122148,0.624322269331071,0.732718618522157,0.856837148958236
1990-06-01,0.641851634183591,0.785297628518825,0.914075778107653,0.98116597861285,1.00419943202824,1.00506915803057,0.610201083718585,0.722442049041191,0.855116297826998
1990-07-01,0.647117371596438,0.79395946816766,0.921882638602805,1.02235676581819,1.03518296846834,1.01411746187746,0.607705142136342,0.724385375566638,0.858352580053818
1990-08-01,0.663653983994098,0.810371817846542,0.930605157858061,1.08702768014412,1.08259322325367,1.0272426203557,0.617139721398182,0.731697438224746,0.860720784181996
1990-09-01,0.656453661365534,0.805794695599754,0.930598528504556,1.07023731199151,1.06998062848095,1.02323549844242,0.610384579848345,0.72908319264166,0.862319868672943
1990-10-01,0.665628978870458,0.813038583992914,0.933982444044304,1.03469799355348,1.04367577556926,1.01578732375261,0.624083242772039,0.739812537103742,0.866782022587053
1990-11-01,0.681341423216878,0.827585248609784,0.94012896174514,1.00920901765819,1.02455487065572,1.01021425186709,0.63712384909951,0.751862408729209,0.871684980222232
1990-12-01,0.680427469644512,0.823986007389125,0.93784651141713,0.977025994472977,1.00015667547732,1.00289509757524,0.628318883667983,0.743602329269841,0.867871674561804
1991-01-01,0.682569809962263,0.823086175557508,0.936127884005515,0.971217490096764,0.995220480455361,1.00104334108514,0.631394591592091,0.743986463839376,0.866788685248162
1991-02-01,0.670896489758671,0.813615034768243,0.93330488412903,0.95673702810167,0.98377697229803,0.997031893406167,0.615518247460431,0.732733964891666,0.863208478891179
1991-03-01,0.650728121287213,0.793291358329565,0.923495571487416,0.913852226599961,0.950985048131893,0.986974347120274,0.604101681993108,0.722298036121692,0.857893161855488
1991-04-01,0.638981855822312,0.776715422821666,0.910709495836012,0.883131892278574,0.927304798245831,0.979811990986931,0.611381508879561,0.722848911856067,0.85447186572783
1991-05-01,0.622551093243188,0.758086438626997,0.897942854707931,0.874469189842757,0.920183440951093,0.97725369977246,0.607593700894738,0.716840144392927,0.850126252670202
1991-06-01,0.612329008447813,0.745529073699964,0.889612507746563,0.869611669996214,0.916330684474973,0.976123720236177,0.601328886038923,0.709758784219269,0.846261456464692
1991-07-01,0.597491014782493,0.731611375915995,0.882391384334982,0.852024779799197,0.902463143808836,0.971599778091376,0.58879716867914,0.699648638712427,0.842554546730328
1991-08-01,0.58357036259653,0.720657206474938,0.878249453621573,0.837007215333708,0.890631437257418,0.967947923900309,0.572799525227144,0.689991020480358,0.840936511297431
1991-09-01,0.579157038057651,0.715878462132004,0.874918725731851,0.838077245143462,0.891463736334285,0.968341337977489,0.570812013565097,0.687800988398874,0.83955408523069
1991-10-01,0.570745393256217,0.71175731811829,0.87520210191545,0.852777190579622,0.903092054507695,0.97212489497313,0.561521818048725,0.68344511875883,0.839989193309874
1991-11-01,0.571272772092636,0.714943125495283,0.878046232611371,0.882345724411251,0.926480799950063,0.97990598795002,0.558264199611785,0.682021713006076,0.840322583608113
1991-12-01,0.580480068454805,0.722760657624949,0.88101350842761,0.903196221558077,0.94274320804627,0.985184646802558,0.570123515324148,0.690638568876516,0.8426280472273
1992-01-01,0.583923244646875,0.72509311401439,0.881438563650174,0.872636458438816,0.917861867030938,0.975995376480906,0.577613024127085,0.695029673049888,0.842945998205388
1992-02-01,0.580672030593284,0.721504639554721,0.880052621804403,0.831747526659098,0.885322698048856,0.965095149865823,0.576700599990431,0.695022657190047,0.842962389765681
1992-03-01,0.572733127100557,0.712987669135853,0.876570630894238,0.802658241389435,0.861661249477574,0.95659890516404,0.564012567982717,0.683542561785763,0.838722719972025
1992-04-01,0.573316031489835,0.710755262549141,0.873759597444765,0.780774317711235,0.84339660796555,0.949423699537479,0.554637331007935,0.673986413782409,0.833900797689206
1992-05-01,0.565127015788237,0.702680205932958,0.869195541689567,0.760881094639434,0.827019255801826,0.943125966433564,0.549431378088051,0.669281118069907,0.83047917510935
1992-06-01,0.563566198803139,0.700810420422624,0.867768298211247,0.757702301980388,0.823864198417879,0.941105884535828,0.551940960079321,0.670982190408069,0.82938087045553
1992-07-01,0.56996853896115,0.70463690286128,0.868865776626392,0.744222179284832,0.813026935839947,0.93740985141169,0.567294586310225,0.680470554090104,0.829584542909324
1992-08-01,0.570531566832872,0.704015282925841,0.867963764730079,0.733986372904793,0.804525385689236,0.934188079554057,0.574578558987734,0.685122606001503,0.830737164587029
1992-09-01,0.575873057293139,0.707065592194887,0.869163830079506,0.719656710665854,0.792682389756073,0.929887820210132,0.579440966680229,0.686445888171281,0.829680517906525
1992-10-01,0.580973840851801,0.710932397527928,0.871681580566767,0.716700139024346,0.789961144874934,0.928515011638727,0.583132103813271,0.687260746845617,0.830592832484637
1992-11-01,0.573997621574879,0.704561750553104,0.868935842485539,0.723823689672429,0.795279578698266,0.929805378459598,0.570882644073845,0.676432581212066,0.827568545150723
1992-12-01,0.584394874866587,0.704386200047079,0.864464850663916,0.713853032878571,0.786981337620362,0.926595147029353,0.588841375718633,0.680839138369133,0.826352170323468
1993-01-01,0.584427740210651,0.703553711969114,0.861656554371808,0.708931085557734,0.782652652176957,0.924795660647828,0.589071420655886,0.680268582662538,0.825462447301585
1993-02-01,0.568363082775536,0.696388155898521,0.859708923158326,0.705529316312603,0.779546587651992,0.923515207158457,0.568555197800846,0.673090821885866,0.825891614066742
1993-03-01,0.563788153057892,0.693868862812622,0.857360551913955,0.702210603638039,0.776600276670949,0.922093431799897,0.566499830447295,0.674843605877605,0.828778795107883
1993-04-01,0.559422117334595,0.688515277580903,0.852572247772636,0.700978562811459,0.775478792717674,0.921817297465216,0.556731382534207,0.664928884219436,0.823842538865497
1993-05-01,0.552969089481572,0.681715379624057,0.847221911819079,0.689478357118613,0.766174245059983,0.918638903964003,0.545461823127202,0.65529110411687,0.818640349543347
1993-06-01,0.539967144904532,0.672320194769577,0.843825123997725,0.676681558932528,0.75583355344921,0.915117660914304,0.53177029586863,0.646084229147401,0.814874268415702
1993-07-01,0.531680166224984,0.665696365260088,0.841577018034446,0.6696271423078,0.749960436669444,0.912841444059746,0.52616976268051,0.641473892879671,0.812845475641161
1993-08-01,0.532438208116349,0.666883413794172,0.843451600768123,0.671682834068282,0.751718061125858,0.91324345435179,0.528188553658513,0.642529316815823,0.812374044381569
1993-09-01,0.540933813245183,0.673423723494919,0.846280970686505,0.669826184717112,0.75024544842354,0.912682144583706,0.541323933388306,0.65177507405608,0.814862035043791
1993-10-01,0.545060738051218,0.678355740557083,0.850056538270474,0.676373240273652,0.755526909103855,0.914203281412748,0.540964538757071,0.652418627609594,0.816098920031577
1993-11-01,0.545823950595666,0.67855041965151,0.851554098696522,0.685112033216603,0.762599607995283,0.916228577642035,0.542574091510885,0.653375158076586,0.817683675864999
1993-12-01,0.571040784666088,0.693340358297761,0.856177166942677,0.687830482555614,0.764902148624326,0.916927382128946,0.576598224718845,0.67302253100924,0.823496124832059
1994-01-01,0.57968613859394,0.7027046833276,0.861961802457661,0.691389758461013,0.768140939374315,0.918396362556347,0.582909722796085,0.681327159483063,0.828035621725359
1994-02-01,0.571070503330614,0.702112931703775,0.86520906365638,0.698072705204821,0.773730215333493,0.920442536379221,0.571320906342358,0.681133939824105,0.831251771556476
1994-03-01,0.569967298404632,0.703726407131938,0.868214830075543,0.709582852114783,0.782838313576192,0.923006425007044,0.568399007714686,0.681217108254284,0.833299538494534
1994-04-01,0.556054007764368,0.692724638760937,0.865245324541421,0.689830190823951,0.766775674181269,0.917608699332136,0.539724547486497,0.658128440484667,0.825361391272905
1994-05-01,0.551747875359694,0.688773837275699,0.863363787400311,0.683581608933604,0.761627543731492,0.915742855097244,0.52415834404133,0.644661410105219,0.820668340612105
1994-06-01,0.547646249164683,0.68447968942576,0.859965574326507,0.684370155214726,0.762244766177263,0.916011796711593,0.517145184050326,0.638303515200922,0.817601080233705
1994-07-01,0.545786101877077,0.68328680949026,0.859422131485052,0.6803148923477,0.758829826926334,0.914773260261,0.513920955997015,0.636496649178789,0.817122236048049
1994-08-01,0.546834838194933,0.68431136513536,0.860410422859436,0.683537916727284,0.761220472972682,0.915358122110031,0.521754802315664,0.642668615422789,0.819672318773446
1994-09-01,0.546612429667184,0.683975276351821,0.860542845772672,0.680214124200108,0.758437055987866,0.914272822048365,0.519991613901031,0.641461927051386,0.819613798902181
1994-10-01,0.546746618105794,0.684740921410072,0.862038786390808,0.680568777414211,0.758400467899691,0.913746463385862,0.52741388391471,0.648156262887603,0.822572888253136
1994-11-01,0.544053792832216,0.683501635430469,0.862198435895812,0.68898715474672,0.765050472411488,0.915532596552568,0.524106862139007,0.647900458586694,0.823964302854314
1994-12-01,0.549504613700884,0.688262665610621,0.864491048247781,0.674330935086096,0.752742545515719,0.910944528748401,0.527960059028981,0.652663216474484,0.826782258574701
1995-01-01,0.553259679551559,0.692226637597504,0.866523992940629,0.66668310001568,0.746342429689775,0.908810291954601,0.536011907023922,0.660520267590077,0.83098850738886
1995-02-01,0.562242157487487,0.699816484900141,0.869246103403493,0.663912738035239,0.744099950348696,0.908098862201738,0.550117933090476,0.671917226633821,0.835216549352649
1995-03-01,0.561916774255816,0.69737840042915,0.867538684000302,0.655774490561018,0.737373597659479,0.905731092497838,0.556950863796323,0.674796589567734,0.836115799932592
1995-04-01,0.566336748853864,0.699566875691228,0.867424324790251,0.656170100880056,0.737695327128364,0.905775634776891,0.567601983404515,0.681014699574848,0.838163500623658
1995-05-01,0.566612688622191,0.69937525055791,0.865775237163008,0.661817916891569,0.742488427472271,0.907539452808609,0.570900741516594,0.684082969547219,0.838637527388196
1995-06-01,0.557242681515415,0.692903289979083,0.863180951854978,0.674162783922034,0.752175096076702,0.910184865205071,0.568068556942376,0.684600563877059,0.840247297786772
1995-07-01,0.556331238894539,0.692934929261643,0.862279109813753,0.682730540585219,0.758551181959357,0.911732535151806,0.575529985304582,0.692155741542271,0.843593937515471
1995-08-01,0.559545709767607,0.696167053742071,0.863899821902924,0.678394913104907,0.755715879830245,0.911411662778013,0.581516968071405,0.697929816789527,0.847326587294418
1995-09-01,0.551660166468305,0.690650380244571,0.861612112957824,0.685429389398887,0.761673323041009,0.913814763498091,0.566298250950805,0.68830535868737,0.845348810558503
1995-10-01,0.555030969807952,0.694263641629504,0.861938426160186,0.698215909360546,0.772036432113467,0.91730152614243,0.565574145524643,0.689386199221912,0.846472981840256
1995-11-01,0.566142711335823,0.703579809261407,0.864819671601289,0.693719504329685,0.76894488687928,0.917154528578929,0.569592628642496,0.693800668067491,0.848525625448771
1995-12-01,0.578089595264781,0.714776242019252,0.86950248710226,0.682734090297039,0.760156624393997,0.914605198904582,0.594877223602017,0.714340756321544,0.855054694123933
1996-01-01,0.600900562081475,0.734493847641327,0.87772341677268,0.680357251306852,0.758246693676973,0.914293295000527,0.632003537279583,0.743677865508186,0.864490869286097
1996-02-01,0.612224453069382,0.742612114457893,0.880846644037008,0.686850236941456,0.763555031171456,0.916432181228723,0.648988641079659,0.754619608591498,0.866546357559154
1996-03-01,0.598108703986359,0.7312108117795,0.876934087815263,0.700538823041016,0.774968861478512,0.921012853399564,0.6202482872992,0.731005337042893,0.856752874631457
1996-04-01,0.578548065947568,0.71466202125766,0.869488562620044,0.724392181209307,0.793980811633813,0.927623936264642,0.593812746336067,0.709377426448526,0.848242056402452
1996-05-01,0.562475829009571,0.70099177399925,0.864386568032712,0.745736848079482,0.81155878482125,0.93412951203626,0.564464252081717,0.685166257695395,0.840293280220663
1996-06-01,0.553343094097978,0.692560982772859,0.859934458088336,0.775610139369965,0.835976112077277,0.942969716528189,0.54872155691773,0.672185484374566,0.836058820850745
1996-07-01,0.548579397893042,0.686820544382311,0.85635283321897,0.809946625055149,0.864258522211281,0.953400214405857,0.53912009147001,0.663532819366604,0.832987761159632
1996-08-01,0.547319867720046,0.683416277230688,0.853755147965975,0.802195335816382,0.859178831624892,0.953040660906501,0.535299119857609,0.658685261196116,0.829854459128988
1996-09-01,0.54418583945632,0.680635490586788,0.853291927709573,0.79039354812588,0.850916079152751,0.951995329298041,0.531051021675176,0.654632541754815,0.827555321073119
1996-10-01,0.545118717124124,0.68125302226609,0.853554050296247,0.788721317228609,0.850215748328782,0.952893168414932,0.534326806250795,0.656107868777892,0.826204707143858
1996-11-01,0.545561475777172,0.681859411380784,0.854677913476275,0.793736189258023,0.855053276074675,0.955761927852315,0.533011311018173,0.654854619372114,0.825086161996348
1996-12-01,0.546335869286762,0.682130617499627,0.853555181365158,0.790674379954559,0.853108959056351,0.955919756884581,0.531701829917139,0.652972754238158,0.822786528231293
1997-01-01,0.547033565247751,0.682951435624889,0.85316608312447,0.801662169515357,0.862228011891461,0.959469199960983,0.533967716367718,0.654657477545024,0.822588088563949
1997-02-01,0.549089883552758,0.685196003760125,0.854339842318525,0.815256989293297,0.873461047688699,0.963804146807848,0.536557698902551,0.656066115644493,0.823387601116444
1997-03-01,0.544675952758342,0.68146364072081,0.851425991781803,0.839300114050096,0.892750004974261,0.970298649930781,0.527833097516568,0.648182694414845,0.819505681258006
1997-04-01,0.546646863550129,0.681612782810684,0.849343714273933,0.855791223534853,0.906043038774979,0.974773040814372,0.527746105099748,0.647002312680792,0.818245573584532
1997-05-01,0.543557559495992,0.679105034490388,0.848413766540057,0.886379989440044,0.929891011860656,0.982153794554133,0.525743073108022,0.644812703376776,0.816798304814076
1997-06-01,0.543804642246591,0.677971281837202,0.847283880201507,0.88097108435342,0.926679916745017,0.982463894327664,0.53298568651948,0.648982252886713,0.817075249902691
1997-07-01,0.550068526627799,0.682637090536108,0.848173054239332,0.888434761928051,0.933357627974675,0.985860450596363,0.545203300201565,0.658798505642058,0.819880286916384
1997-08-01,0.560006990134178,0.690047719570804,0.849509897512151,0.88881939761528,0.933906823082062,0.986512516677325,0.564379995983633,0.672699897093723,0.822588629430896
1997-09-01,0.553718395293576,0.685231399343678,0.847981761648417,0.89975769738159,0.942215900595957,0.989138980976227,0.561090689395236,0.67072452889582,0.822886883657409
1997-10-01,0.553477913666139,0.685191303608643,0.848148150801971,0.893873840160384,0.937994537498952,0.988643331634807,0.56389765028864,0.673575467999514,0.824724833895031
1997-11-01,0.554703985687004,0.68710383618101,0.850496190331752,0.878463255723508,0.92631013379183,0.985539959687236,0.561430288392368,0.673232606520768,0.827229971130403
1997-12-01,0.556219866454727,0.690021969735216,0.852931419383172,0.879320145235572,0.927146402525352,0.986035821487822,0.558924159696659,0.673547689083991,0.830501014570773
1998-01-01,0.563273974457804,0.696070888547503,0.854548793196953,0.894035743369344,0.938649092735328,0.989656423002866,0.560547542608531,0.675436090642208,0.830949727017084
1998-02-01,0.562972081743211,0.696307313833503,0.853511116467698,0.924496989156289,0.962482392992029,0.997230310296477,0.559767290107147,0.675329329321864,0.831906869632626
1998-03-01,0.565324043426025,0.699680581717753,0.855806979277395,0.934830699064081,0.971001422183458,1.00049611725788,0.566421343188285,0.682061889088066,0.836151743910757
1998-04-01,0.57485031527863,0.709426754755086,0.861122687417344,0.9585636150383,0.989619516850518,1.00667936324228,0.578535954140632,0.693281850619292,0.841679942863138
1998-05-01,0.582688000399396,0.719338963896657,0.866823270901546,1.0079676592748,1.02763072126471,1.01856665736634,0.588723369758289,0.703957120611242,0.846311755856369
1998-06-01,0.598950015672305,0.735547000952324,0.875451373347108,1.06817768355291,1.07361378194303,1.03293268967155,0.615899763660841,0.726398602200756,0.854634939798607
1998-07-01,0.612431875755804,0.749905319097643,0.883958504371503,1.16317493477148,1.14357433166999,1.05301074996905,0.635391930072955,0.742770891539375,0.86074069426989
1998-08-01,0.632866954880974,0.770233059293045,0.89636535040566,1.2656388374156,1.21715875008953,1.07382261725722,0.657892250323796,0.760556827902926,0.869062958826174
1998-09-01,0.622391391354552,0.764192266360448,0.902052255639843,1.17730279590464,1.15587427597074,1.05946566904694,0.620754360601289,0.735643962635788,0.864039067571857
1998-10-01,0.610397738523065,0.752721477625978,0.899460662724413,1.11065811517305,1.10802752071514,1.0471590455853,0.593959038186406,0.712634460877648,0.855481366237032
1998-11-01,0.601105828952988,0.743671153617891,0.895579168831041,1.06476293541391,1.07398136177635,1.0377213085584,0.576070141430054,0.697050868423215,0.849418437190961
1998-12-01,0.597282452351333,0.738579147575872,0.892151934805298,1.0367621893977,1.05257389703957,1.03129452185729,0.571264715557839,0.692011935691205,0.847461635844904
1999-01-01,0.597018622041545,0.738187487672797,0.891261257929767,1.02256865503419,1.04103315821782,1.02716193384628,0.567351301791448,0.687931153684665,0.845421369439295
1999-02-01,0.600283564460791,0.741610963520682,0.891685672717158,1.02490891092984,1.04177684077458,1.02635653439345,0.562617396302047,0.683890403558703,0.843508198822969
1999-03-01,0.598710744722798,0.741401188812343,0.892389894343398,1.01263470660648,1.03256853158744,1.02375086663536,0.551865093960813,0.675484860949123,0.840963469587882
1999-04-01,0.596900706235555,0.742892670070099,0.893561609235507,1.02007348389471,1.03755805441885,1.02478764306586,0.545073604405807,0.670755648559166,0.839181321237835
1999-05-01,0.59169677813991,0.739927387465033,0.894160914954019,0.997953645278629,1.02103818893118,1.02056089765978,0.537838067208206,0.666340397001586,0.838649790028148
1999-06-01,0.585899316256925,0.733246173084414,0.891893221485909,0.989582982227088,1.01602837853487,1.02036704860592,0.539488584704465,0.665906440405252,0.838263031017161
1999-07-01,0.581458241866509,0.729352079982612,0.89157058244463,0.985486133629104,1.01373425253268,1.02055303774997,0.542389389826885,0.667617117716742,0.838760788302233
1999-08-01,0.580236096091071,0.728131469100057,0.89147296355353,0.996614462411391,1.0224248587104,1.02333173092515,0.545334053692533,0.67004002256731,0.839920898575664
1999-09-01,0.583632218133063,0.73090706323505,0.893681501043716,1.01378451804645,1.03609716972935,1.02821333746758,0.551496602388115,0.673818364831978,0.841685085775296
1999-10-01,0.593949654146437,0.740548528335165,0.899279940200579,1.04006191352871,1.05615486851787,1.03455138329904,0.561490483949122,0.681749757156976,0.844224832046967
1999-11-01,0.602038421914794,0.745493405254457,0.899593593625145,1.07657475651055,1.08282630952942,1.04204960280526,0.563082840810186,0.680984445459928,0.841515931149352
1999-12-01,0.619237522484685,0.758467424027447,0.902914673944819,1.12225376671915,1.11598780245975,1.05132997622511,0.574419739666859,0.686959349777539,0.841509098377399
2000-01-01,0.639230822920051,0.773653048462523,0.906825746137813,1.16546069106605,1.14682836812957,1.05925717722626,0.595827623678053,0.698942750515952,0.843158206294774
2000-02-01,0.643185473073756,0.783093946714442,0.913161322429067,1.22008750588708,1.18388971447026,1.06786487541326,0.589805037835984,0.699589899035181,0.845711679930159
2000-03-01,0.64984986218091,0.791659136780922,0.91920130960159,1.22352422980208,1.1877772817781,1.06959834523656,0.590947259925021,0.701732442284818,0.847787760896813
2000-04-01,0.665216521288594,0.808338370397838,0.92966388469005,1.19537290210667,1.16869709191141,1.06490637982987,0.595253369773392,0.707459344919615,0.851916198609802
2000-05-01,0.6784257270511,0.818115610986471,0.9361160602494,1.17323425270585,1.15263735904626,1.06079232838862,0.610383469944249,0.71759656264165,0.856945558053589
2000-06-01,0.684157600789063,0.822440851073254,0.937604847855183,1.1598409294746,1.14350594608644,1.05884757475744,0.614020777903663,0.719504845635056,0.858058405523868
2000-07-01,0.671798906954186,0.814006947915953,0.933904308363587,1.12765996624966,1.12212339910672,1.05469339252414,0.606114850346044,0.716777788095029,0.858444121285471
2000-08-01,0.665552060158748,0.810291447766647,0.932230427615933,1.11938124261995,1.11702063812341,1.05428799394086,0.600460301632304,0.715793277963253,0.85983095774917
2000-09-01,0.670751406439726,0.8163428800355,0.935721290263424,1.11022096104836,1.11070196325963,1.05304316437688,0.605496667994505,0.721923439656926,0.863728958516547
2000-10-01,0.670125911376397,0.816470170251951,0.936360483084834,1.11269671752821,1.11293974051193,1.0540714292616,0.60496697846979,0.72209969841881,0.863465053211941
2000-11-01,0.668788393468865,0.815765585133433,0.937506932610225,1.13306927075065,1.12814282504472,1.05854434249399,0.605456859845701,0.721582444180874,0.862074137341251
2000-12-01,0.681668091147002,0.828200194922869,0.945730413499033,1.14440634515242,1.13579715231393,1.05978885012103,0.62042179971876,0.733248716524663,0.86588423242222
2001-01-01,0.686722063434868,0.833389945268916,0.947949205040016,1.13314178067714,1.12756397485596,1.05787650142096,0.619128132922046,0.733360616223964,0.866215811535503
2001-02-01,0.684133172373255,0.830302780627731,0.943783973795571,1.11214971377742,1.11271812146993,1.0545173176755,0.615413924589262,0.729865395730914,0.863671272297452
2001-03-01,0.679919898639557,0.825864838708698,0.940661027543899,1.09115712454414,1.09699460590488,1.04975100325739,0.610298677180855,0.726054993158679,0.861494201744776
2001-04-01,0.684030974596564,0.826262097576545,0.937784659454909,1.0772655441615,1.08657166973,1.04645182809082,0.620613829132382,0.731668535920387,0.861310634789233
2001-05-01,0.682613583099071,0.823251235235326,0.933809632331169,1.06095894644862,1.07397036863039,1.04212730110102,0.614946778240586,0.726249083062646,0.858595538400948
2001-06-01,0.689513079782027,0.827573890095354,0.932732102572167,1.06240408215248,1.07451847840186,1.04144358660191,0.617481505217997,0.727178292031762,0.858150691668259
2001-07-01,0.701354370715029,0.836969952189362,0.9350254945535,1.0844169795338,1.09020698293318,1.04491919881699,0.618297316245747,0.725915398834186,0.857127405501099
2001-08-01,0.723453414453747,0.855563071314064,0.940722498243869,1.12000094559342,1.11609942441536,1.05157010681094,0.624203696393964,0.730702621799918,0.858999653613325
2001-09-01,0.766930210600063,0.890818187401591,0.951253992328037,1.17780774598695,1.15675698316451,1.06130204218015,0.63223545687359,0.737708467881525,0.861366876986019
2001-10-01,0.772508705766584,0.893249145883189,0.949092088236196,1.12983783247624,1.12198176034541,1.05184625447069,0.636654273602745,0.737986960916535,0.858499238316233
2001-11-01,0.74354925251253,0.867035867617056,0.936560517496157,1.09196054796414,1.09401228632847,1.04390389944095,0.613969278228751,0.719570237987656,0.85074911617171
2001-12-01,0.708871554827806,0.836911117665511,0.924060983697798,1.05430554857478,1.06558114753331,1.03528496330356,0.596406176190231,0.703707726281852,0.843228060161099
2002-01-01,0.685746672514721,0.814970743426878,0.913510739870328,1.03484784259214,1.0504309606641,1.03020068078156,0.587386908528846,0.694150743938223,0.838534000271883
2002-02-01,0.655603755798064,0.787916393482422,0.902927734396378,1.03429037250988,1.04974692453102,1.02934423142053,0.573098208569691,0.681724613707806,0.83322742130185
2002-03-01,0.637009015841511,0.773298262802156,0.898381750977271,1.04924360581514,1.06069385657274,1.03194547454952,0.561222601195681,0.673217648837528,0.830374444317239
2002-04-01,0.617692634504685,0.754610745389968,0.887985742900973,1.05831556405596,1.06807260203838,1.03462563101469,0.553369798249967,0.667397613273914,0.827948350863553
2002-05-01,0.600771187014558,0.739413233929283,0.880935668954259,1.08450330968285,1.08737553386159,1.03966086907482,0.54606570328495,0.662187624012862,0.825961220557954
2002-06-01,0.597796677161724,0.735848772859282,0.878580990572874,1.13571351870169,1.12502743011864,1.05004668462996,0.546714729133815,0.66293652419403,0.82610259012234
2002-07-01,0.598770614703851,0.736802457637445,0.879408885326271,1.18722774748708,1.16173935423211,1.0593404798738,0.551524453959542,0.667750708113907,0.828188747413817
2002-08-01,0.595709613815037,0.734608892970284,0.879591024932295,1.15084197472361,1.13639213402081,1.05328607281248,0.555478535035765,0.670677089683737,0.829379481752688
2002-09-01,0.595720735510947,0.734850625311119,0.880453625263154,1.15151406864756,1.13721394793882,1.05391593572375,0.558009292467442,0.672155823547357,0.830649860893427
2002-10-01,0.59551607586248,0.736176245849408,0.884042911408328,1.10107200464013,1.09999605330303,1.0433692001482,0.556985644192244,0.672688096242641,0.832447690996401
2002-11-01,0.60524141804193,0.746090778560388,0.890911585659194,1.0684218497954,1.07455190681495,1.03490450780279,0.567868608487469,0.681730513356024,0.836031227224877
2002-12-01,0.620994494447026,0.76114572447638,0.897964738297847,1.02870492234466,1.04419595514052,1.02502629340211,0.584979508659759,0.697225382302571,0.842715391136567
2003-01-01,0.638344397970914,0.777851661959504,0.905643195074776,0.986305897726372,1.0114614065022,1.01411088060655,0.596055084521475,0.706858968441505,0.847644028745823
2003-02-01,0.647385146377517,0.78739113503497,0.910258690910171,0.960633830834438,0.991088105908362,1.00683861810813,0.595563886507256,0.707486193741958,0.848415432162457
2003-03-01,0.646794943377279,0.790732392056246,0.914820757909651,0.95008954927602,0.982113343824771,1.00274629114128,0.579038157104547,0.695161704836237,0.845187004196953
2003-04-01,0.65861222062574,0.804455755522581,0.922837562510049,0.965843321607462,0.992759027025293,1.00404220075901,0.575614990743457,0.692712181712317,0.845121574158512
2003-05-01,0.642640323257173,0.789427948818092,0.918117499624046,0.949288602811574,0.979221594209547,0.998789745304918,0.561230690843821,0.680550884486614,0.840411819923578
2003-06-01,0.630772121447097,0.776131619246456,0.912263702829122,0.901485109203743,0.942058943031178,0.986679271174054,0.552061323042986,0.670825756430724,0.835889708289115
2003-07-01,0.630875170699611,0.772810453407953,0.908483012957882,0.878912233778827,0.923664090176267,0.979867301388853,0.55353618406997,0.669502679301508,0.833880055565114
2003-08-01,0.628610669127926,0.766559663741808,0.900748804756598,0.856243277084308,0.905313453270642,0.972997214124994,0.550203401444498,0.664799755674288,0.830530026392311
2003-09-01,0.628505971509233,0.7639076207048,0.896055420599904,0.84371111014304,0.894717357784693,0.968396862084962,0.544242221391255,0.660337380599147,0.829007748288494
2003-10-01,0.620962203714085,0.756011451361372,0.891174589351807,0.843584407977494,0.893944644296818,0.967115586613458,0.543546929277813,0.659244684396935,0.827732270162875
2003-11-01,0.606807714359151,0.741175599717927,0.883106128127494,0.803409720034562,0.862230625793875,0.956688946944001,0.544403739568108,0.659472951354585,0.827927164196237
2003-12-01,0.593651508239227,0.72907926991563,0.877378415323535,0.781371248606244,0.844507892224547,0.950624090114721,0.537834961455839,0.65473003679506,0.826770082107511
2004-01-01,0.591103180948077,0.726575076076737,0.875391549144174,0.762199686684485,0.828555805258958,0.944331557067195,0.537503066995843,0.655456910937192,0.827744517779952
2004-02-01,0.590110173543586,0.725898116795067,0.875253329440692,0.747223971169576,0.816153043210964,0.939625135156517,0.541589198208226,0.660203199040062,0.830811801599428
2004-03-01,0.593925111160643,0.729257902644405,0.878124977948651,0.743740682615146,0.812774261512595,0.937632484843028,0.556153320295374,0.672178368948882,0.835590989046306
2004-04-01,0.595296839730709,0.733335831343367,0.883735815540892,0.751941600853535,0.818884750657626,0.938897544273512,0.557564476704994,0.675428803584776,0.83960611688342
2004-05-01,0.603640581893671,0.742180663690961,0.889303068321891,0.746923849809756,0.814433153161506,0.936658774825334,0.568139469440164,0.685608213646173,0.844921355381409
2004-06-01,0.610774525047271,0.748230583287514,0.89217122192785,0.756468900115048,0.821595645354587,0.938169885232555,0.584040932620772,0.69837070611138,0.850027216312186
2004-07-01,0.601269513028671,0.741240398103927,0.888682095752278,0.775338234914506,0.835917409848358,0.94190282809421,0.574678159264001,0.692121599910085,0.84926396967429
2004-08-01,0.591881906835781,0.733777345312972,0.884576611024106,0.757965445966897,0.822060879021869,0.937144365079728,0.565828444468936,0.685219120334273,0.846079606541781
2004-09-01,0.595856034846247,0.737989420667432,0.885978164248741,0.757758664635497,0.82121046183315,0.935970619569209,0.566559489196718,0.685792264570193,0.845708598823746
2004-10-01,0.606428280339981,0.748978235708114,0.891250214296977,0.764496702773379,0.825222260189015,0.93634039909977,0.574379230463083,0.692103102188753,0.847624078286333
2004-11-01,0.617511167403737,0.757378027779423,0.894887351200038,0.792861563645886,0.843230252954936,0.939972987892172,0.589074252844157,0.701518714941579,0.849711748776982
2004-12-01,0.641166929494507,0.770993315882584,0.898358114252196,0.769422866939361,0.828443822191914,0.93668806784159,0.616841348218758,0.715288045716365,0.852724740862251
2005-01-01,0.64825496658888,0.776378312958708,0.899751633446211,0.76299666791573,0.824174369138831,0.935530969029842,0.623443128017301,0.720731618580427,0.854141773347744
2005-02-01,0.634252908968683,0.771117922252774,0.898990832102303,0.756359339016405,0.819060156272643,0.933786695714834,0.604051225326106,0.714103073684312,0.85467044729205
2005-03-01,0.628223772452638,0.768100249730041,0.899508062543692,0.755315180402221,0.81893303071733,0.934018926555923,0.60332959912395,0.714249883331345,0.854959953610397
2005-04-01,0.623560190431752,0.766966534939766,0.900413601429488,0.76302753905671,0.824898273835643,0.935626356810694,0.595068810498491,0.70985518692768,0.854638747527583
2005-05-01,0.630817583207481,0.775115263232698,0.904711866480204,0.754711809505914,0.818387297918346,0.933553540354159,0.593851779923145,0.709211406865902,0.855229196804702
2005-06-01,0.643716459940523,0.787834907131157,0.91082515161974,0.738409138636102,0.805396990097704,0.92917552543987,0.600906910270546,0.714929236870214,0.857596770837856
2005-07-01,0.663011702705918,0.806174318495799,0.917525848811633,0.734376240304314,0.801886642699606,0.927615743083466,0.614643068341997,0.725399404775698,0.860334410353776
2005-08-01,0.686156190512364,0.828636835493925,0.926455263709091,0.721823842341198,0.791609474846282,0.923884373256311,0.632265201016113,0.740068953256822,0.866398427211916
2005-09-01,0.729491735090484,0.867084819356051,0.940022020260061,0.715034796586811,0.78593007892441,0.921589303140995,0.673265192353227,0.769412405119812,0.876270462868672
2005-10-01,0.73030304483717,0.874030604676713,0.945336953087185,0.721716668212319,0.790510825147732,0.922320148075393,0.660648235610393,0.764696345084011,0.878202554538087
2005-11-01,0.713757973386418,0.860271529412853,0.939861665260619,0.728373178927137,0.793028555027229,0.921565894547047,0.63916803321537,0.748314933057787,0.872218572501589
2005-12-01,0.686761892492802,0.835708228838293,0.930698357391951,0.716099321737104,0.784285162155292,0.918486315071608,0.6154545839949,0.729133281414877,0.865614076409866
2006-01-01,0.681280010333445,0.827928677864197,0.925995058739047,0.723506024983921,0.789837673340622,0.919462662440677,0.612199540788635,0.724267556002969,0.862300905917382
2006-02-01,0.673297369347979,0.819976755089792,0.922901487207892,0.707821869116269,0.777038999399853,0.915040984100532,0.60086622151254,0.715411085542345,0.858831102818324
2006-03-01,0.657426141908586,0.804329271423426,0.91645189230652,0.69629499315223,0.768850391900783,0.913038460228434,0.590142662171857,0.706790110846895,0.855589760582403
2006-04-01,0.655462413253137,0.801069055813562,0.914185010571675,0.689914798776631,0.764263140605726,0.91226724071089,0.590951692078553,0.70766127695888,0.854764036348521
2006-05-01,0.65411118318903,0.798399306649144,0.912286227475561,0.696505015036186,0.769751425453931,0.914528760536514,0.596849727987999,0.712525860858207,0.855484767368498
2006-06-01,0.652240098108537,0.795491000042912,0.910185889796111,0.679045415720579,0.756100892583287,0.910694864958734,0.590326029572899,0.70742408563201,0.853800699587155
2006-07-01,0.651624988826438,0.794441952679402,0.908863783569254,0.674734992107522,0.752853564838292,0.910172284922665,0.593291215764442,0.708565906465739,0.853902893236102
2006-08-01,0.657171222043927,0.798928608528986,0.909536737454345,0.658456558751519,0.740019887674677,0.906608756072274,0.59444313850798,0.708976916066189,0.854063635496038
2006-09-01,0.672533621489024,0.813141366297967,0.914264539055569,0.647213489485324,0.730973744204752,0.903884500030837,0.605277404010679,0.716578752615361,0.856451687006588
2006-10-01,0.658921774958659,0.800980957679551,0.909815331374442,0.646794723791032,0.730504795605587,0.903771621672687,0.600080026106985,0.71391328362725,0.856005560297411
2006-11-01,0.64539152632627,0.790322213508939,0.90753284215269,0.63849885641685,0.723325708116743,0.901222025911601,0.589535256724021,0.707556395126976,0.855377288333488
2006-12-01,0.64544793516175,0.788457214578663,0.906946179998455,0.632456651555412,0.718379191824082,0.899924036973538,0.599666494374881,0.715289559000292,0.858460712285309
2007-01-01,0.645366178258282,0.786793133421877,0.906716176770757,0.634979919481755,0.720819330324125,0.901417279096548,0.601097101453311,0.715658520847738,0.858430124179674
2007-02-01,0.641926314406964,0.781773297851648,0.90404126640251,0.642378528670156,0.727378066903879,0.904384660283118,0.590922523139633,0.706314320100566,0.853965004582929
2007-03-01,0.634703975234512,0.771690489773542,0.898482023442698,0.654849454779287,0.738132262175124,0.908795238522787,0.579766430679198,0.695216977810853,0.848854889083236
2007-04-01,0.623284490797436,0.761086860276049,0.894937242815006,0.6780240681055,0.757783961273371,0.91645832948618,0.566081421702277,0.683809541439993,0.84437009795667
2007-05-01,0.606244529791226,0.748778353086218,0.893108756490283,0.706741705370475,0.781406561420518,0.924847115627792,0.545894332727693,0.669622964746014,0.839923623239293
2007-06-01,0.608429638231342,0.752832894698331,0.898544934051801,0.734923840234838,0.805124131215495,0.933832501487833,0.543431347783877,0.668489487666125,0.839837068424113
2007-07-01,0.621041898838395,0.766316152200101,0.907973330493072,0.771138964987872,0.834736550237639,0.944390174733982,0.547210399283931,0.673083754647209,0.84293551852309
2007-08-01,0.645116192797969,0.789024875049554,0.921384609171676,0.778867134985951,0.842059238246474,0.948627729895417,0.55469339088141,0.6791188797536,0.845989100896882
2007-09-01,0.657641671330434,0.801811607575455,0.928861713947532,0.80231691659096,0.861868158392988,0.957017233118406,0.55669393080545,0.680479327550664,0.846260525191193
2007-10-01,0.667004966925947,0.812405467906833,0.936417030747244,0.838145951475429,0.891077202276339,0.967909368177349,0.562178474499778,0.685625356890789,0.848505720018719
2007-11-01,0.688586989303876,0.834926940599437,0.950484348808347,0.889580041207734,0.931982728660663,0.98205496278028,0.572108024459647,0.695475407288532,0.853723708735955
2007-12-01,0.69679511712795,0.844500933108299,0.959458193551543,0.906965816986559,0.947467847288993,0.989596228265246,0.578110644901251,0.702712199023623,0.859851415139233
2008-01-01,0.69724625889479,0.847018638507824,0.964429261340512,0.946735239153112,0.979698093000815,1.00185529684496,0.577334627242966,0.703871839391384,0.862319749292021
2008-02-01,0.707807011773314,0.857608678249429,0.97252348902328,0.95795911614689,0.989770539731155,1.00705734031653,0.589172464677209,0.714108227849156,0.868177743634965
2008-03-01,0.718273828674635,0.866657904055458,0.976795951993596,0.978369597033562,1.00685338843577,1.01433586649763,0.606358497096843,0.726503514366679,0.871838630389203
2008-04-01,0.747654015146188,0.890450993820855,0.985213722407452,1.02311569857963,1.04224801569838,1.0268533215799,0.63958271576137,0.750636544586175,0.8797210207366
2008-05-01,0.787324348042524,0.921742735568786,0.997594466084819,1.07966353732544,1.08641149641998,1.04177242420339,0.667914100670384,0.769839223454392,0.8877004929309
2008-06-01,0.820947924353469,0.957658457922731,1.0135994577714,1.16782431222481,1.15307802546559,1.06231634536054,0.691397033577575,0.792705787015268,0.899168129693151
2008-07-01,0.864847101676397,1.00306538044869,1.03475974095288,1.21555009014264,1.18945743635823,1.07418841439053,0.723142220834585,0.823045244237157,0.913040263905569
2008-08-01,0.931589861596353,1.07101468292878,1.06511376246404,1.29441105124765,1.24769224381092,1.09138164125151,0.765902134042084,0.862098364480248,0.929241218196272
2008-09-01,1.01249473589299,1.1437822412594,1.09328622969654,1.42572062969652,1.34109568637918,1.11676714968271,0.82675467144413,0.909965809950249,0.946554074252435
2008-10-01,1.09022373508912,1.21661019504288,1.12062718708194,1.5524961694203,1.42780242800973,1.13824504841137,0.835700152446681,0.924346422299874,0.953668415877848
2008-11-01,1.08466442627561,1.2162063397641,1.11962972951457,1.50512771713537,1.39591845775419,1.13062680234947,0.851504436121217,0.944017380670595,0.962537292327726
2008-12-01,1.06039619886009,1.19359095291812,1.10914744713153,1.46263141093922,1.36602253768566,1.12219792071435,0.863668476104534,0.949773024157586,0.961727784402528
2009-01-01,1.04964257556337,1.17729701835421,1.09927106200131,1.47095301343531,1.36954794261282,1.1214078441287,0.87612766200978,0.947241056533549,0.955201739561291
2009-02-01,0.99979761022398,1.1325607874604,1.07951966968993,1.44781199247684,1.35290106592756,1.11652145946429,0.835910362588783,0.917100070300858,0.943512775741705
2009-03-01,0.949105632996265,1.08892222887549,1.06226480529587,1.39535787790862,1.31600391543058,1.10639897868528,0.799058746245372,0.890272340111116,0.934636888872318
2009-04-01,0.913563296999888,1.05338377452762,1.04306548982298,1.35482615404764,1.28597905222314,1.09720910105221,0.76336692538537,0.856401037193207,0.918553035509347
2009-05-01,0.885066409792378,1.02435868679876,1.02712542785877,1.25366451773082,1.21393702096321,1.07760976324798,0.742099464042918,0.835753144106542,0.907526918771143
2009-06-01,0.87240426967011,1.01086688297138,1.01665456306504,1.18662640682731,1.16460223292898,1.06291698799103,0.732173501623063,0.825374223923763,0.901390098646466
2009-07-01,0.854179112107707,0.990273782133465,1.00497206648633,1.1550173237461,1.14010482114094,1.05437656463465,0.736025053022865,0.824243718402848,0.897904466092756
2009-08-01,0.813194607787961,0.952186445942202,0.987891957541259,1.10109096722042,1.0999489093979,1.04217876628619,0.712606005057436,0.807147878075822,0.891452903951722
2009-09-01,0.787338434934182,0.923859289657133,0.972882884491725,1.07512010339063,1.07945302446538,1.03489788240118,0.700641034441952,0.796542860447248,0.886423928003528
2009-10-01,0.761435728006981,0.899714075871112,0.960540319631649,1.05936382071516,1.06677713567692,1.03003014942882,0.685853784564432,0.786868729280871,0.883737569746228
2009-11-01,0.74820066902551,0.883092012406528,0.951425044128954,1.03257875802135,1.04683685673757,1.02422795192885,0.681243515144746,0.780017869234969,0.881501172289517
2009-12-01,0.73884991460416,0.873524186560998,0.946662035696319,1.023267018669,1.03914065615126,1.02107217869595,0.674197588931992,0.773284130113879,0.880043681477793
2010-01-01,0.73939529839248,0.872250445321919,0.945337550397179,1.01863631690266,1.03554050617163,1.01983640420333,0.682667912462308,0.778576612726756,0.881687150623265
2010-02-01,0.732960484419923,0.867548803330206,0.943797089151494,1.02369701208965,1.03892417977938,1.02037609513377,0.676099192329931,0.775266055048567,0.881805637362379
2010-03-01,0.72402860798748,0.856275940792389,0.937549567149383,1.04155096034818,1.05193433649535,1.02382214530904,0.686268436032797,0.780816055340094,0.882315220639679
2010-04-01,0.70183728426818,0.832337701713195,0.92734266787703,1.05932546744018,1.06473915784532,1.02716683556629,0.679086043287428,0.77101174637077,0.876567094354653
2010-05-01,0.690419585444527,0.81890107807296,0.921792247945309,1.09836943636351,1.09272390753208,1.03460266223587,0.67875634323578,0.765365054689793,0.872224740412436
2010-06-01,0.656130037450398,0.791975278024387,0.911980156980111,1.10184193801808,1.09530254815898,1.03533737490192,0.6442943787781,0.741826687504908,0.867158089730462
2010-07-01,0.635736988660111,0.774415576229636,0.901910006310924,1.0942600023846,1.08991020391433,1.03371013663881,0.623957884099799,0.726947752142383,0.860406806325199
2010-08-01,0.618619391394583,0.758656539762127,0.893023908510477,1.08905463985222,1.08560528296174,1.03180247491074,0.609035364588392,0.716323755007774,0.856448317258969
2010-09-01,0.610843800452837,0.751322066513839,0.888816465732718,1.06762061872509,1.06963723878818,1.02699335380802,0.601911829949143,0.711344692109254,0.854912457309106
2010-10-01,0.609505517571541,0.75080091856675,0.889004171448289,0.995120344976211,1.01569289887216,1.01131439260299,0.596630938987874,0.709429013748457,0.855632481469704
2010-11-01,0.60608649476037,0.746158107636425,0.886412577630228,0.952061604411011,0.982632413255758,1.00094383594972,0.598025490635328,0.712216990724606,0.858327781177357
2010-12-01,0.626301830869188,0.756307324440393,0.887834764886136,0.932427183309239,0.966957973663462,0.995377119896743,0.619704294245888,0.727038112676715,0.862370738844392
2011-01-01,0.623679217402904,0.754920491614943,0.886089211789309,0.891248238687424,0.935043844318796,0.985418798457663,0.626385222090402,0.730744259103935,0.862939282030834
2011-02-01,0.630586122867232,0.761671197945148,0.888169753991561,0.871926689696268,0.919669378313012,0.980257936821141,0.628889670704328,0.733523542275018,0.863842755082538
2011-03-01,0.629918959804631,0.762287381651796,0.889278957605457,0.856260263316233,0.907309803252822,0.97626842553979,0.634482738152071,0.738117697708009,0.864157537567625
2011-04-01,0.622245088819691,0.757358932284237,0.888846975800688,0.860208356350372,0.910251499285213,0.976947006132087,0.62224750309248,0.728985838198709,0.860830677706927
2011-05-01,0.620123279078413,0.756237319815904,0.889580277453115,0.881497825555569,0.926525025760894,0.981500184889612,0.607855447747872,0.716980623607183,0.856428782482945
2011-06-01,0.620719067673726,0.756833547659096,0.888982217988256,0.916813208768985,0.9536623456064,0.989446420095859,0.595326869570387,0.70646271144524,0.85204888535516
2011-07-01,0.628492364903429,0.76306305352645,0.889844125252517,0.974266936145545,0.996987012195733,1.00198534463251,0.594263995408243,0.705484016706195,0.850869891002469
2011-08-01,0.63467539983523,0.769242071315888,0.892672071457272,1.04524651612158,1.04942914136932,1.01661296570691,0.589073392662833,0.702469084681219,0.849424925698293
2011-09-01,0.623764812020644,0.760575877668932,0.889200724732508,1.09024294878286,1.08242078046248,1.02573230731957,0.585611158970416,0.69975197249831,0.848023933345941
2011-10-01,0.614672862043862,0.75219991678597,0.883894194622149,1.0801489916708,1.07517114470246,1.02364495116163,0.589234155554116,0.70238325260056,0.847636759887783
2011-11-01,0.601482745645024,0.739501961115208,0.877126216090919,0.990796613361856,1.0091817581458,1.00466068456621,0.585020667591053,0.698315693375994,0.84597185666561
2011-12-01,0.598277747641285,0.734258489318782,0.872245890728725,0.929197502505146,0.962640349954653,0.990870223851657,0.591453318846427,0.701268874224974,0.845637549657152
2012-01-01,0.589348923360594,0.726312783793983,0.867382152302378,0.897078721841393,0.937554237461026,0.982653148232559,0.58489751742897,0.697211720481393,0.844386696830501
2012-02-01,0.574542672381243,0.713240331560382,0.861608865785945,0.858066428298428,0.906779045819152,0.972301932351505,0.567275464910269,0.684149948762335,0.840123015517363
2012-03-01,0.571749091775092,0.710035811390784,0.858813948415314,0.835456538844063,0.888373642112123,0.965429626985264,0.565721842354944,0.681649473548094,0.837404486415501
2012-04-01,0.567108928544496,0.705894579072718,0.857021242633561,0.829588296450747,0.883096295781561,0.962670957016288,0.558392872449263,0.675060863407805,0.833854152995481
2012-05-01,0.569706154996517,0.70877986888605,0.858222982102652,0.840950630862254,0.891141734352542,0.96397876507964,0.554289624051848,0.6719917586933,0.832622618065361
2012-06-01,0.568504567855738,0.706966881278238,0.856856842203297,0.806936188365829,0.863827597310351,0.954526679544844,0.554713934312714,0.670526264353067,0.830546342638474
2012-07-01,0.573813125597015,0.711091458054143,0.858267077008069,0.777036356696303,0.839560380855563,0.945810489580098,0.561465253836003,0.673791595569974,0.829982745122215
2012-08-01,0.57932226217878,0.717421287383406,0.86032941601688,0.75593425229189,0.822094917750251,0.939235465291476,0.562668671853891,0.674507909279319,0.830132356563281
2012-09-01,0.577717444884695,0.71352154161527,0.856767747940716,0.737871578629997,0.806988178772375,0.933551125680065,0.565973014700218,0.675872356989536,0.829994921995887
2012-10-01,0.579026623436276,0.712310139140956,0.854291206338879,0.731184131369576,0.80090482617385,0.930813563248811,0.575399063200026,0.681325437890208,0.830602665299697
2012-11-01,0.589343603747248,0.718482606965342,0.854821526934136,0.729316260299807,0.798271678151351,0.928952109938686,0.589463437872826,0.690054237528582,0.833192193045837
2012-12-01,0.596509965333294,0.720839764604162,0.8556476866069,0.739060680428497,0.804915870951331,0.930315062163013,0.600766621461865,0.697608705689007,0.837031168941631
2013-01-01,0.593247448177623,0.720370275290169,0.858347077610415,0.748161159169183,0.813432395267611,0.933342775345234,0.581249444458483,0.689512016672958,0.838621150210914
2013-02-01,0.581113099063495,0.718144038189363,0.861748925764869,0.737379194256733,0.805002922900029,0.930527960724807,0.571907177478041,0.685798184971367,0.841155212660191
2013-03-01,0.570363187170375,0.714003637877662,0.863220447521612,0.742469334660513,0.808814291249986,0.931442774115068,0.559857953061133,0.680213114676102,0.84268699113359
2013-04-01,0.550843594615725,0.694566301916632,0.856281076668788,0.740607674592892,0.807742147422923,0.93130746089036,0.551029525663928,0.673439604397085,0.840456149491353
2013-05-01,0.542947038648196,0.685917732344015,0.852331521831166,0.752802730117337,0.817375449436863,0.934348428795557,0.552484901032234,0.674936586436782,0.840922547331082
2013-06-01,0.539675516103232,0.680330608390387,0.848965189991694,0.76154703297536,0.824611286752642,0.937023854015757,0.560492810205546,0.679683913099648,0.841802734896775
2013-07-01,0.542673285620257,0.680932397074466,0.847629077682572,0.7826321381711,0.841218616376453,0.942177029232419,0.576233780838469,0.691666103573091,0.845465493717235
2013-08-01,0.539093235506915,0.677965190739211,0.84643406891471,0.781528833876547,0.840692447119409,0.942270759520468,0.578689407830203,0.69515737687277,0.848343799667448
2013-09-01,0.528653312980932,0.668286292034032,0.841274651887172,0.776222956090697,0.836599520999605,0.940917560089636,0.570670596596222,0.689620722400241,0.847760487629211
2013-10-01,0.532001224757023,0.668583157176028,0.839834606260509,0.759797668200272,0.823488442103498,0.936812940648396,0.579668391057123,0.695886267560191,0.850476763637047
2013-11-01,0.533534761559227,0.6713873688856,0.841017901693965,0.755822026556469,0.819278875516421,0.934832078118476,0.584627768448504,0.702347128901149,0.854273335723401
2013-12-01,0.53780539369235,0.674572045140559,0.841523867337298,0.755914348174069,0.818677005649747,0.934469821193084,0.597174106494243,0.712703631949867,0.857607645738285
2014-01-01,0.547359598627905,0.680758838680817,0.842393339463503,0.762024095668182,0.824355168771299,0.936717347356096,0.619929891497285,0.729548840278732,0.86304370673143
2014-02-01,0.547059198550414,0.680186965471127,0.841075973300721,0.760329088335301,0.82285702368515,0.935804253201485,0.619992025754706,0.730993258528388,0.863696067662337
2014-03-01,0.53884576347675,0.67251971223125,0.837508827421783,0.749038343487686,0.814172909495223,0.932939454496762,0.606443682018875,0.720088758002811,0.860219096939805
2014-04-01,0.528707418562232,0.663891571339891,0.834716188207248,0.747105273448341,0.812887055582362,0.932201571830793,0.587963922143626,0.704903041968819,0.855331380658529
2014-05-01,0.526880121043422,0.662936187343051,0.835245519106601,0.74968983454373,0.814923654280713,0.932685246044897,0.576557843776483,0.695469081530589,0.851992992606442
2014-06-01,0.531399463103646,0.668069423925755,0.838923982358503,0.767568690540577,0.828868293571137,0.936952251821007,0.579556154262065,0.697361267081967,0.852636594735109
2014-07-01,0.544331376464687,0.680406438896896,0.846229103024019,0.793896439352016,0.84917237840441,0.943231677125532,0.590038584801159,0.704141589560647,0.854954413047607
2014-08-01,0.557537939405589,0.694938581211006,0.855319518790264,0.797750762670633,0.85279538717322,0.945236022699801,0.591266276894709,0.705793798091537,0.855559930695357
2014-09-01,0.567241859719227,0.706552868892681,0.862737708853895,0.805467265957969,0.858751682671588,0.947230778363487,0.582999856715205,0.700725167376547,0.854420400969149
2014-10-01,0.586381734842311,0.724912327469948,0.872106982128048,0.792846918625775,0.849362334575698,0.945064401161658,0.586860021704925,0.703662765088147,0.855400742844391
2014-11-01,0.610541625462236,0.748851912206751,0.884453451037167,0.780566133612273,0.840599970833256,0.94357424340575,0.591923839866796,0.707473386899587,0.857112899525997
2014-12-01,0.63524860206782,0.775184930097139,0.89880134944255,0.779205149570786,0.840177232148924,0.94445728376187,0.597728162820354,0.714220280281252,0.861261533223994
2015-01-01,0.658383604760721,0.799771375124618,0.912173263102396,0.792850900982391,0.851599582229731,0.949066839463738,0.608201432792305,0.72401533031155,0.865734395346695
2015-02-01,0.676276912438275,0.819260499974759,0.921575429742406,0.796075809898628,0.855031655205806,0.951263373053852,0.613376095137804,0.730290218702954,0.868127732363808
2015-03-01,0.67458072589035,0.813963419466392,0.918714502744391,0.776142904417103,0.839764238339593,0.94719746771608,0.615250810126855,0.730702652950358,0.86745828621293
2015-04-01,0.657702139120552,0.798941247192226,0.915011308501097,0.772721633649173,0.837183301469103,0.946738441396813,0.609914889764371,0.725258377215673,0.866878844035708
2015-05-01,0.645567708698027,0.788753328636587,0.912693665895667,0.77886619946704,0.8424011400165,0.948969981284265,0.607242565389203,0.723577720307638,0.867891529099355
2015-06-01,0.629035164368353,0.77286162617297,0.906186270801103,0.797958569249959,0.857961327051586,0.954536674317935,0.604352786726266,0.721821242194172,0.868790442852465
2015-07-01,0.621817652595959,0.766787461621578,0.903874727772839,0.829757008189899,0.883135491229304,0.962839682517312,0.604445311791521,0.723920196364324,0.870618207502628
2015-08-01,0.616959953926798,0.762857689398176,0.902530229303441,0.860991768899352,0.908193843609155,0.971702769960933,0.598078207020633,0.721407604519259,0.870604802383908
2015-09-01,0.618280995231335,0.763385383079783,0.901139891090891,0.8743484813384,0.91832915509783,0.974585190741428,0.596489976672414,0.719452239559686,0.867207127995493
2015-10-01,0.613414397947854,0.758593512460579,0.897858020370812,0.878929196659672,0.922032376615777,0.975982194278572,0.591201010917354,0.715811599205483,0.864444104881157
2015-11-01,0.617361938025805,0.760236123718605,0.898594547867795,0.872576648600671,0.916739635360702,0.973753800572548,0.590180233364102,0.713104943525304,0.861995212741494
2015-12-01,0.628505206145427,0.765015394708919,0.899546221698434,0.887944726091667,0.927941331266721,0.976269361805155,0.5909889238015,0.711688213656752,0.861057968508328
2016-01-01,0.625151827475884,0.763319040190833,0.898326121804861,0.89850426116602,0.935864611687352,0.978631490732874,0.598428887756937,0.71732114209428,0.862771110799099
2016-02-01,0.623700423653105,0.761319629926585,0.897653926988335,0.863861582385654,0.909181028255095,0.970139621241428,0.60442313188237,0.72100213702559,0.863419589425944
2016-03-01,0.620737027600841,0.760618009629472,0.897848361698407,0.849253824067156,0.897611183670236,0.966094059226599,0.600454487611608,0.718487543619335,0.862355817505377
2016-04-01,0.600346000631871,0.741699732046185,0.889109546361679,0.809189856108564,0.865963946498414,0.955723337289737,0.589866821402841,0.71020668031219,0.860133786214076
2016-05-01,0.586742548667518,0.729333816077612,0.883540144850849,0.784479610387274,0.846022785801089,0.94869211676991,0.583441069713893,0.704962994606666,0.859316608249259
2016-06-01,0.582104637336399,0.725125392547992,0.881179120400019,0.775030426966141,0.837991476661011,0.945288566065485,0.579522162618593,0.701623639389211,0.857665458254592
2016-07-01,0.579874654333865,0.724717568257648,0.882292106786407,0.776288130446824,0.838243905329032,0.944229717986212,0.571379940447702,0.695728075581564,0.856563803772019
2016-08-01,0.574909247461514,0.719410292197821,0.879267790036358,0.77144359821828,0.833735414588121,0.941685048538112,0.566097601611667,0.691361941452763,0.855647570573531
2016-09-01,0.572077113271244,0.715616817156177,0.877363144343457,0.779778051213811,0.839687751559779,0.942678949469327,0.564048814485187,0.688146387955206,0.855141464816564
2016-10-01,0.577931397653373,0.720289298323019,0.880278491890055,0.803565489160992,0.857295711437421,0.946996220959798,0.57100239351965,0.691264392700413,0.855962110212769
2016-11-01,0.590962330243299,0.732567129309924,0.886194917214102,0.816798033002049,0.866759404547112,0.948943657631514,0.580260249757542,0.698013869080017,0.858835195219028
2016-12-01,0.597870451117798,0.737696970189256,0.887916544374561,0.760653401282351,0.823287118471792,0.935536820036135,0.584332910520588,0.701210729779237,0.860848579085236
2017-01-01,0.592277036291155,0.730499016347035,0.882020657501721,0.723723892634659,0.793932550232539,0.926118973190032,0.582275019337517,0.697891993902562,0.857853546745413
2017-02-01,0.585894180164743,0.724607514410646,0.877816688353285,0.697599460625912,0.77257456131629,0.918702601762072,0.586364225758408,0.700859238587958,0.856958844691387
2017-03-01,0.583125885080862,0.722068758153277,0.876766936295092,0.680353170454635,0.757870972441314,0.912681122483496,0.584917907450518,0.700590902855048,0.856223760899486
2017-04-01,0.58322253707198,0.722181372904262,0.875515860079816,0.672457631261284,0.750922752536609,0.909544293692173,0.5909747825018,0.705987387662935,0.857822955483529
2017-05-01,0.580711782638141,0.721720252821409,0.875313761924027,0.674838072517985,0.752314865290094,0.909069131580978,0.58946477507849,0.707090323311124,0.859623524827454
2017-06-01,0.574184997426888,0.716200399323877,0.872255017124248,0.674957805167556,0.752343934381663,0.908805776577101,0.586591281535615,0.70675576606612,0.860970040686372
2017-07-01,0.573213900652232,0.714351256530573,0.869862927527085,0.678692642298223,0.755212404899462,0.909470470811369,0.587047765745052,0.706237319344505,0.859407930557447
2017-08-01,0.578823819659424,0.718724978659696,0.86927995691107,0.6912576663919,0.765368333918488,0.912820144525898,0.590180562170855,0.707346630675293,0.857996136324159
2017-09-01,0.585231545096214,0.723475249370482,0.869800555079983,0.707263327895731,0.778292891388129,0.917300035594926,0.595472659971729,0.709899148721522,0.858076680531155
2017-10-01,0.585350277659419,0.722661981980287,0.868994468745931,0.703243960772505,0.77642799291503,0.918649489847906,0.59906857358204,0.711295683046844,0.857709000665546
2017-11-01,0.575338653017934,0.714449885213789,0.867139988770885,0.707192771640731,0.780807568519389,0.921944747849651,0.585212710692419,0.701972527021353,0.855013158553639
2017-12-01,0.575208860186778,0.713312839374774,0.86641640412922,0.715132090266236,0.788150826988857,0.926043995536538,0.588760097508077,0.703865192613667,0.85455699791217
2018-01-01,0.582718224249115,0.718576705093482,0.868904262686138,0.735567403163287,0.805543656377854,0.933431252303384,0.600434028364962,0.712043295520155,0.856285004086719
2018-02-01,0.587774081065144,0.721674173634097,0.871184461443276,0.756445359140468,0.822801117157294,0.93995179648231,0.608993881028312,0.717580057626104,0.858185940015809
2018-03-01,0.580726187843633,0.716170634956395,0.868801192342139,0.754404260526768,0.821685438599846,0.940351023540608,0.600723932447824,0.710778661289343,0.855604562581372
2018-04-01,0.583675742055322,0.716040824317002,0.867288544133317,0.764396637634288,0.829958896546012,0.94351901563849,0.61261079550891,0.717232147945458,0.856448749498373
2018-05-01,0.586055111555787,0.717440074441178,0.867329716711122,0.787502318689285,0.848499974605384,0.949765313754302,0.625673361120716,0.726657854715749,0.859281708948097
2018-06-01,0.573574599113106,0.708271723138154,0.864205945520559,0.803057742899793,0.861682519151809,0.955096232837169,0.610693116181515,0.718238523523725,0.857932547864909
2018-07-01,0.564115455423594,0.7013872575467,0.861752562336188,0.836012863373412,0.88827359278156,0.964488083596102,0.599966127737545,0.711527585586105,0.856300859065707
2018-08-01,0.558721393170977,0.698300913461619,0.862028712650912,0.884602380976475,0.926602419235361,0.977142493641087,0.590231897089785,0.704324297981797,0.855293732620217
2018-09-01,0.559807150291637,0.701920852620183,0.865041300844345,0.946678538433146,0.974870964234137,0.992582764167719,0.584187547563606,0.701405436549506,0.855834516652213
2018-10-01,0.570209752456236,0.713272716741985,0.871088490765466,1.03641764386204,1.04263921051657,1.01315256448532,0.586871477525951,0.704645905306598,0.857803123362095
2018-11-01,0.588655473685587,0.731734912570884,0.880623596453129,1.06884680072178,1.06815255538826,1.02213662704682,0.599246441967848,0.714793337767667,0.861272641828303
2018-12-01,0.609332936341697,0.748064536320365,0.885710013356429,1.13488416221209,1.1170323563982,1.03664434462323,0.620108286252366,0.730475894529764,0.865777369975302
2019-01-01,0.611473574211763,0.751974781815651,0.888383447962395,1.11568612610632,1.10436036853415,1.03459197919503,0.624347393460033,0.734933072366134,0.867789362205038
2019-02-01,0.605888079735848,0.749498701867725,0.888715115575007,1.05919799066025,1.06388200998887,1.0244896932114,0.615736067814608,0.730565717999088,0.869104717479527
2019-03-01,0.602850869813677,0.746199747244371,0.887650085459864,1.03633774330791,1.04697638092572,1.02005351402318,0.61446840328574,0.729583678313029,0.870453433941161
2019-04-01,0.614086661905009,0.754154114649603,0.891045413797261,1.03454363500299,1.04586711193742,1.0204318547824,0.626729551935895,0.736760540200078,0.873439880474909
2019-05-01,0.613725111413387,0.756050962790296,0.895316134307888,1.05873124332346,1.06374922497511,1.02578697410262,0.62269194627786,0.735611830273451,0.876507704534047
2019-06-01,0.615431057577941,0.758704803523425,0.900419470561938,1.04439338465333,1.05348796546038,1.02340505791085,0.62404832468549,0.73901597844218,0.88115431688457
2019-07-01,0.622374987545557,0.765664165721025,0.906040364374816,1.01743924329642,1.03392924969354,1.0183895016169,0.635804886086485,0.750238530086491,0.888634551091583
2019-08-01,0.6362634285641,0.779455764237953,0.915431987954035,1.01984598531674,1.03567925497294,1.0190284457714,0.651145763857156,0.765227040093598,0.897907912897934
2019-09-01,0.652687799291793,0.795491110060714,0.925243564351814,1.0076859997545,1.02778936792508,1.01832437555881,0.673033523255661,0.784647103619924,0.908665174741822
2019-10-01,0.681507136517052,0.822678329299823,0.940119053585078,1.01264023571214,1.03262157492299,1.02124390517732,0.706901685628289,0.814507879231261,0.92342006602115
2019-11-01,0.719044298326181,0.858557909390322,0.959601664170561,1.04527759046983,1.05803408671611,1.02987730618589,0.754562510881327,0.856184957778606,0.943037901908115
2019-12-01,0.769219379308845,0.907065453051006,0.984772568052088,1.10275738715382,1.10140024395851,1.04315219540755,0.807261928381606,0.903139541002693,0.965383187780938
2020-01-01,0.847540598176128,0.98056272784651,1.02159752630529,1.19452237595955,1.16913989399841,1.06289538154871,0.893680947739961,0.975385510011327,0.996952143932315
2020-02-01,0.955095685271282,1.0832332252541,1.07250207312589,1.3184384847924,1.25797926020677,1.087214380348,1.01493536236417,1.07817110796357,1.04058605587315
2020-03-01,1.14526596238576,1.24901870500036,1.1447433407204,1.44869334777464,1.34829599239763,1.11086806155844,1.24007890926499,1.25319063778148,1.10633010011729
2020-04-01,1.19757587518952,1.28684324781168,1.15506801726044,1.34773319717791,1.28383304276224,1.09735834700055,1.32220495058823,1.30700258003449,1.12214158528976
2020-05-01,1.2321430577129,1.30907699072727,1.15899393091587,1.22662613743018,1.20010880328338,1.07624672457338,1.41653687907155,1.36649088285024,1.13838356877411
2020-06-01,1.18464554477742,1.26384584564306,1.13580186328205,1.1486997818047,1.14385333178484,1.06085527199285,1.36130987542906,1.31661390715314,1.11371045063095
2020-07-01,1.10663966160434,1.19549490559052,1.10470428434606,1.11099161791767,1.11558134603985,1.0524024044766,1.25342459881303,1.23783008144465,1.08353074014336
2020-08-01,1.02933917167022,1.12608290622654,1.07287868531306,1.0985512155225,1.10511864211966,1.04838025595391,1.16841151524417,1.17452728619124,1.06081506037014
2020-09-01,0.949829728621364,1.06441653685422,1.04733452975544,1.10267587242765,1.10666380304187,1.04731521706555,1.0831740636193,1.11868597158845,1.04487710063546
2020-10-01,0.894235504896579,1.0171737177002,1.0245286368185,1.11136005088824,1.11268039539823,1.04836984372856,1.02048577082866,1.07265640976151,1.02894401741135
2020-11-01,0.864728650789031,0.992180854296885,1.01097668799697,1.14994264465858,1.14002443400785,1.05486715086921,0.98285485425248,1.04574155276964,1.01896434179128
2020-12-01,0.85640859191319,0.983331694883592,1.00527285516846,1.09017002209958,1.09710871336086,1.04323364257241,0.976961460058558,1.03947980056276,1.01572470645968
2021-01-01,0.861580024602448,0.985134927549369,1.00423802831731,1.06338907414273,1.07698909497867,1.03719973386671,0.990898212837701,1.04734430914329,1.01796661626397
2021-02-01,0.897394514729229,1.0092064525568,1.01117473548318,1.05118499297067,1.06745205044277,1.03367075790613,1.05026685517484,1.08559939096536,1.02960261858819
2021-03-01,0.898228393390167,1.01525248469623,1.01456408542195,1.00270322509532,1.03210283272888,1.02429842353597,1.05065167663698,1.09289997195017,1.03402832159032
2021-04-01,0.852110728843763,0.976743351299354,0.998622974634274,0.967086461613535,1.00586180761024,1.01715276383037,0.960680196025741,1.02673303322563,1.00941124785998
2021-05-01,0.828506105503796,0.952530682132175,0.987843028057306,0.942768529561823,0.988217791619023,1.0124036388368,0.911431695408643,0.985457252143494,0.992753146805987
2021-06-01,0.808184931942972,0.936472783293337,0.982065990108448,0.932391881908038,0.980827868675099,1.01053574602441,0.868619489111736,0.955461941138771,0.983378589262178
2021-07-01,0.791790839539789,0.926591143220561,0.979512353554794,0.932347713893716,0.981263430595755,1.01079007065824,0.861667331752465,0.94947985271025,0.981685611423447
2021-08-01,0.783592378716527,0.920542921174071,0.977723972862312,0.942718760415935,0.989750556379208,1.01357414404033,0.856693219178226,0.943175892603031,0.977983819077812
2021-09-01,0.792593860778309,0.926184387749578,0.97971677630894,0.975368178717136,1.01399676401491,1.02075057105277,0.872184383171292,0.950347049722533,0.97842168422029
2021-10-01,0.779679236631045,0.918020110464716,0.980184935347283,0.977707182949497,1.01652137088844,1.02240339517551,0.836385625858787,0.926673445021659,0.972373398840208
2021-11-01,0.771954888070114,0.913220444181902,0.980165517070867,0.995545853210311,1.0306675368966,1.02692463743866,0.819988459577083,0.912625159962682,0.966211067304115
2021-12-01,0.784162323373423,0.924707430978016,0.98651980232811,1.01940315444261,1.04970843135848,1.03301742666844,0.820200453090413,0.910370887089982,0.963842304087286
2022-01-01,0.81315494389395,0.950661473617366,0.999625644134095,1.06300921374994,1.08297895709699,1.04276793866256,0.833958698178101,0.917198169380448,0.964370706869627
2022-02-01,0.817180658736429,0.959644476106098,1.007642079904,1.03515145292588,1.06510382220686,1.03922945987935,0.819582411095079,0.907818498373672,0.961304794213092
2022-03-01,0.82640539264732,0.970670077688925,1.01667332415345,1.03384526759732,1.06231872294781,1.03829126234751,0.809669392796533,0.902096368290686,0.959954535608849
2022-04-01,0.833985361523528,0.979575131297532,1.02338158489123,1.06192892785297,1.08006673203295,1.04248614967032,0.800644612415964,0.896653622283463,0.958684351927926
2022-05-01,0.834808388487228,0.981003920731285,1.02684015635108,1.08833336854546,1.09675564359427,1.0460345159172,0.783962578802826,0.883274547339967,0.95415832347369
2022-06-01,0.843060173139247,0.989274396122613,1.03178611435219,1.14706819913297,1.13775137654138,1.05637962112888,0.785944417253874,0.883463099136362,0.953368292343347
2022-07-01,0.852947088402206,1.00127066681176,1.03888287027089,1.15476678615122,1.14209965634181,1.05714511888805,0.779377200530814,0.877816623559109,0.951303172496332
2022-08-01,0.812904142761457,0.965313841233199,1.0280901251942,1.15623562892725,1.14230198426038,1.05674344868313,0.741446222854029,0.849869337921437,0.944782816521465
2022-09-01,0.790941061222581,0.944715958695232,1.02188778582375,1.17888485306651,1.1578486634813,1.06024434396438,0.718268879275258,0.8317415179488,0.939507078427444
2022-10-01,0.774319849239958,0.927398587112068,1.01331271673038,1.16415316915063,1.14673859808097,1.05680531488305,0.714877225871562,0.826633590973458,0.936486305976646
2022-11-01,0.773410169073015,0.921818817475055,1.00701995412425,1.12542681893806,1.11858719485722,1.04895640770701,0.729630995672066,0.834759005811581,0.937112799195243
2022-12-01,0.776265191478174,0.918270064560831,0.999334473372498,1.11593387603671,1.11049130159775,1.04536946165197,0.747960637145435,0.844555487459437,0.938128583080029
2023-01-01,0.771807645174392,0.912380483716288,0.992563563615876,1.10560775349687,1.1016361189408,1.04151441376525,0.748545777174026,0.844944311065394,0.937765468319026
2023-02-01,0.738513576413654,0.884117869961456,0.978707765021034,1.06332962439226,1.07020029581998,1.03202780231497,0.715150211694646,0.823158025715347,0.931158225961348
2023-03-01,0.720363765614445,0.866251211941509,0.968021491124827,1.03838886297822,1.05099929589239,1.02554448871213,0.691498553567355,0.803454048671421,0.922835562520273
2023-04-01,0.701908470018746,0.849065544768545,0.959640621849052,1.01411957357817,1.0323553450376,1.01958113303013,0.670559709290446,0.786721401707235,0.916465696122786
2023-05-01,0.687576446933059,0.835162587188155,0.95161594421891,1.01422227242938,1.03181851597348,1.0185416117544,0.660011949444641,0.777855917043521,0.912406927933817
2023-06-01,0.675582557862584,0.823682526447241,0.944443097364242,1.02249411296385,1.0370800034303,1.01855150929201,0.650435712043126,0.769213689839494,0.907025634238233
2023-07-01,0.660984370322613,0.811598368968995,0.939686239025295,1.01594696757529,1.03145100402273,1.01577588403832,0.635278681486958,0.757548881578628,0.902781890934989
2023-08-01,0.658831382423745,0.809935834678641,0.93855621102237,1.02681363807834,1.03871208881948,1.01669005610943,0.631952400194232,0.755388472596301,0.901547655677722
2023-09-01,0.648231600678643,0.801306209028058,0.93478302013601,1.03787805757411,1.0465710824788,1.01844659357917,0.638364469350646,0.761779575076685,0.903346712910491
2023-10-01,0.652146635319432,0.80424617087407,0.935564842178473,1.04655265402799,1.05238654895246,1.01940136674362,0.65726452350297,0.777064636596884,0.907908222711766
2023-11-01,0.652771542307413,0.801058952266354,0.932123657915903,1.0539992848568,1.05716240907139,1.01986713301711,0.666708172702435,0.782666001709531,0.907357652214763
2023-12-01,0.648256612336192,0.794878330944394,0.92756397726273,1.04105428318146,1.04675437335943,1.01579386681434,0.671520509641914,0.784024371689876,0.905280510901566
2024-01-01,0.65380935022499,0.795516931058185,0.924194549202133,1.00802925467926,1.02249990410759,1.00902964958857,0.686144873440611,0.791562518026342,0.904918487627554
2024-02-01,0.638752120905368,0.781046265875135,0.916758209130411,0.986793641615905,1.00675342903764,1.00457392021735,0.665435366628523,0.774848264670663,0.898341896337756
2024-03-01,0.618225317038948,0.761751584753598,0.907106525323398,0.972363437144884,0.995664216408434,1.00103560526972,0.635017794151438,0.750134687071669,0.888620857146778
2024-04-01,0.608257958185652,0.752614030767226,0.903014242194754,0.97615616414153,0.997821690822071,1.00088336791924,0.617911193540156,0.735609330965867,0.882389309409882
2024-05-01,0.603760298675905,0.745977577355081,0.898214606918755,0.957710670497599,0.983691994186536,0.99651114682542,0.612118576972956,0.727608587785219,0.876540839326299
2024-06-01,0.594119901975123,0.737193227609532,0.894331885147554,0.954400995184133,0.980483621367972,0.994921552617493,0.606453280519146,0.72253859747744,0.873567331209465
2024-07-01,0.594449516855491,0.736594978755875,0.893921055450218,0.962084887149733,0.985715275786819,0.996088896927744,0.60718890392376,0.721246648804252,0.87091216948799
2024-08-01,0.595313179499645,0.738052560561469,0.896698712989977,0.943541141360344,0.972456751320235,0.992979976729882,0.601657385226297,0.717571461501839,0.869236205105974
2024-09-01,0.59801949687109,0.739669228782735,0.896687048096607,0.938657306188392,0.969473006718739,0.9930459872989,0.602612736143742,0.718491853553228,0.869200235778554
2024-10-01,0.602812495714187,0.741997570230241,0.895862785172326,0.957936423593642,0.984397960634764,0.998094208660832,0.611604599371632,0.724382235218081,0.869976298841307
2024-11-01,0.607269971159121,0.74346124821378,0.891573439100537,1.00050570661235,1.01588569305319,1.00706490203759,0.62014321325859,0.730859921106456,0.871295794102327
2024-12-01,0.619880468098498,0.749827717043501,0.88981592244204,1.01337377149641,1.02564399868721,1.01031093334667,0.628156276252197,0.735282875262714,0.871950961803617
2025-01-01,0.628020861733545,0.754131334446929,0.889888871842022,0.984181428519957,1.00413529935808,1.00448665312309,0.643325865546307,0.74403590854722,0.873708087117731
2025-02-01,0.629347004149641,0.756427231117403,0.888456410951066,0.974234669312698,0.996288497283091,1.00183548403476,0.644141618632942,0.745771890710948,0.873357930490202
2025-03-01,0.628514297045353,0.755983225956794,0.886539839963609,0.955403393405782,0.982518496694036,0.998036255781098,0.631488964411148,0.738560608436945,0.872314797942122
2025-04-01,0.611668608800795,0.741781335200438,0.88043198053252,0.919330203467351,0.955399375750914,0.990324567733691,0.617752122819848,0.728768021185295,0.869359317070533
2025-05-01,0.602856395383464,0.731498872977464,0.874791067688615,0.89240321759831,0.93454979204463,0.983914094415733,0.617891698700948,0.726581230243978,0.86714997243465
2025-06-01,0.589358082081694,0.720712965914607,0.8714159875587,0.866067756168348,0.91389934768583,0.977272590122988,0.604098546176826,0.716589579604464,0.864696260394135
2025-07-01,0.581672273681439,0.713822110067214,0.868258760491036,0.84933671194874,0.900406164717025,0.972422564458625,0.600723615196787,0.714377144007558,0.864387383609076
2025-08-01,0.574986022474538,0.709507210051809,0.868258688007722,0.848609333162365,0.899173369382264,0.971233601850104,0.5953710328929,0.710527005737074,0.864160052187331
2025-09-01,0.574106397578654,0.709147322914794,0.868731210187515,0.838237153452125,0.891169030873725,0.968950641772235,0.593906916224844,0.708606001990516,0.863061504123658
2025-10-01,0.577467560246335,0.712286784743726,0.870475643518411,0.836786706995426,0.890029367436593,0.968753446202918,0.601160730680753,0.713473834750573,0.86429126274177
2025-11-01,0.57968754390774,0.716258474777372,0.87405773538504,0.843524964697986,0.895486071609761,0.970622095139404,0.596767960125141,0.710304292363173,0.864080651877994
2025-12-01,0.59347859007975,0.729422114049316,0.880520131835905,0.855458073492449,0.905341616891098,0.9744426119435,0.599961537328858,0.711734169557496,0.864567729362708
2026-01-01,0.613656016754479,0.747911246306135,0.889820908260981,0.884216116355966,0.928309349339518,0.982592958695765,0.611780095380638,0.718476599181601,0.867517759828977
2026-02-01,0.632822223099179,0.769769299796951,0.901347056096616,0.905071911602749,0.944298349285922,0.987424453010658,0.608727571445313,0.718932879984791,0.868655483431506
2026-03-01,0.652218971845657,0.792653755749269,0.914906890920232,0.936474797294245,0.967854693880791,0.994160524626245,0.599589170033524,0.714293019752793,0.868614387882857
2026-04-01,0.657209558793511,0.799074659743306,0.917460950867159,0.956482365908893,0.982473815014871,0.997724173886299,0.602660535660433,0.71816381220822,0.870367900741489
2026-05-01,0.661425550380423,0.806621672173206,0.922008619155159,0.941553110629793,0.971289959834451,0.994439109485799,0.593084494873088,0.71310835774398,0.870262098377264
2026-06-01,0.675229055199009,0.824103440883093,0.930631394850215,0.939739280200557,0.970038923292474,0.993860010964735,0.594316865717693,0.715000337692646,0.871197576546354
