"date","mu_bus","mu_bus_ws","mu_bus_ws_oh","mu_nfb","mu_nfcb","lmu_cd","lmu_cd_ws","lmu_cd_ws1","lmu_cd_ws_oh","lmu_cd_nfb","lmu_cd_nfcb","lmu_ces_yl","lmu_ces_yl_zsvar","lmu_ces_yk","lmu_ces_yk_ums","lmu_ces_yk_ujf","lmu_ces_oh_yl","lmu_ces_oh_yl_zsvar","lmu_ces_oh_yk","lmu_ces_oh_yk_ums","lmu_ces_oh_yk_ujf","lmu_cd_marg"
1947-01-01,1.53006148237402,1.94709943207362,,1.52026166146479,1.52493268570825,0.425307919155151,0.66634079446132,,,0.418882465743335,0.421950268565975,2.98920113942162,0.425307821245354,0.082755901242521,0.0845247319275026,0.0904331035052688,,,,,,
1947-04-01,1.51391936987043,1.93842982813195,,1.5414740572938,1.56211453744493,0.414701897236735,0.661878278418679,,,0.432739138681723,0.446040376158705,2.98296183775585,0.414701883303333,0.0749220834549422,0.0757566252982845,0.0837553797414073,,,,,,
1947-07-01,1.51573981541356,1.93884764717905,,1.51707135396847,1.55614428111156,0.41590364677415,0.662093800290083,,,0.416781735495211,0.442211147107544,2.97408245112844,0.415903549456074,0.0811622969925268,0.0804280748676617,0.0846427466284072,,,,,,
1947-10-01,1.52226176743663,1.96223731585648,,1.53864291533496,1.56197067221604,0.420197233768424,0.6740853099226,,,0.430900804111114,0.445948275451239,2.99153603811843,0.420197146135401,0.0815963234328939,0.082064410534057,0.0902128811014218,,,,,,
1948-01-01,1.54804123998996,1.95747585977812,,1.53615286934173,1.59005376344086,0.436990415633059,0.671655816637238,,,0.429281154084286,0.463767829145295,3.03139079204434,0.436990386160553,0.0958042017486844,0.0971487491087183,0.102139865936223,,,,,,
1948-04-01,1.57404087486554,1.98942017413559,,1.53670051866363,1.61308281141267,0.453646118441728,0.687843226498869,,,0.429637597596913,0.478147137820672,3.06818113908608,0.453646045778584,0.10866453576505,0.111234918825823,0.114459239690284,,,,,,
1948-07-01,1.55381596887367,1.96648230465085,,1.53683564735354,1.59209460371754,0.440713820784542,0.676246314451506,,,0.429725528034493,0.465050510102319,3.05033566401302,0.440713900783653,0.0984576557231665,0.100197745444109,0.0992854565165235,,,,,,
1948-10-01,1.53419484274503,1.9631037585261,,1.54951817783618,1.60898758014617,0.428005711010247,0.674526771017199,,,0.437944029597428,0.475605148991125,3.04332327743254,0.428005694348435,0.0901524745992779,0.0904651484457946,0.088805076653464,,,,,,
1949-01-01,1.5449297188755,1.95662075867615,,1.54511236576995,1.604972945708,0.434978419914065,0.671218882550559,,,0.435096636358801,0.473106900183211,3.04720991513833,0.434978422142112,0.107416785923376,0.10441215899334,0.102118874584991,,,,,,
1949-04-01,1.5468783478363,1.95779240260052,,1.54222208908726,1.59721569548872,0.436238931030389,0.671817513257685,,,0.433224291415731,0.468261923036132,3.05253967785363,0.43514236950402,0.113746293221384,0.108915109190826,0.101759400707067,,,,,,
1949-07-01,1.56184931032093,1.9957486124488,,1.57181479719371,1.62354506152311,0.445870574498013,0.691019224290516,,,0.452230873576456,0.484612067964376,3.09060837480321,0.44521142694249,0.121912229914153,0.117114501353631,0.1133020937272,,,,,,
1949-10-01,1.54673761825264,1.98513550280531,,1.56278047370583,1.5953527570431,0.436147950388124,0.685687175187304,,,0.446466589691383,0.467094876073937,3.08329684322038,0.428716726948405,0.119407915927504,0.112207832986587,0.107487496236996,,,,,,
1950-01-01,1.55858228458848,2.01116353280594,,1.58114790286976,1.61406062286295,0.443776616129234,0.698713426631948,,,0.458151104054038,0.478753129776173,3.1349026264712,0.451050192312878,0.112777185900791,0.109420620954352,0.10904035582149,,,,,,
1950-04-01,1.56484306675736,1.99241988540994,,1.57207925942067,1.63360523093072,0.447785542131702,0.689349922798554,,,0.452399112214791,0.490789370510993,3.15013415850809,0.463464332000518,0.107877607641753,0.10702760144826,0.113230018792136,,,,,,
1950-07-01,1.59774459422557,2.01015872395553,,1.59265966760002,1.65589033212759,0.468593006175649,0.698213686095296,,,0.465405365667474,0.504338829209491,3.18663741050172,0.490518340448623,0.116539823150546,0.119332637221546,0.130485090409096,,,,,,
1950-10-01,1.61202086476073,1.99271308955123,,1.58861798072202,1.65537314601025,0.477488587400627,0.689497071786388,,,0.462864443749101,0.50402644928264,3.2004642504635,0.487263204473511,0.125510754091782,0.128189429735428,0.139825983806458,,,,,,
1951-01-01,1.6142081379782,2.00920457203415,,1.59671634752609,1.63279932546374,0.478844519388548,0.69773890844071,,,0.46794923763145,0.490295919397136,3.20126127706404,0.485829586847972,0.127081509831267,0.129493614541183,0.141878922023941,,,,,,
1951-04-01,1.59118848440363,1.99307299693044,,1.57821777408438,1.60843527013252,0.464481211479922,0.689677667218445,,,0.456296219292284,0.475261824507663,3.19134569565977,0.466123584911484,0.11257053959865,0.114736261039335,0.130284097532053,,,,,,
1951-07-01,1.61306602877231,2.0139069493878,,1.60618343426568,1.61244845547276,0.478136733687954,0.700076591336178,,,0.473860827100361,0.477753803578593,3.23308513102051,0.479208921761476,0.123113066401188,0.125906901942106,0.137299672538018,,,,,,
1951-10-01,1.60394809193885,2.01044869645255,,1.59065010439891,1.61780142097183,0.472468147286543,0.69835792922436,,,0.464142803358435,0.481068079937237,3.2245229243523,0.472211456227907,0.120797699351707,0.122239355040153,0.135479785876228,,,,,,
1952-01-01,1.5939046853181,1.9745097992736,,1.58359142104836,1.59027826147524,0.466186782669326,0.680320164646204,,,0.459695318862317,0.463909008137295,3.22298432244422,0.464281567469858,0.114161413075785,0.115415528892036,0.134089052605942,,,,,,
1952-04-01,1.57687502019625,1.9652381031682,,1.57073571151923,1.57770916681162,0.455445053220956,0.675613410076254,,,0.451544115661888,0.455973900501838,3.22065400279255,0.447090140945625,0.107803949095919,0.107488022311849,0.121472427624599,,,,,,
1952-07-01,1.5724068745215,1.9567912112195,,1.56137396963616,1.5683361774744,0.452607486548826,0.671305994536097,,,0.445566183395724,0.450015297847548,3.22018710083059,0.447561177673847,0.105936597240769,0.105060475410734,0.123311080494672,,,,,,
1952-10-01,1.56237180682454,1.94629256978816,,1.56564296218883,1.57736770823256,0.446205055630361,0.665926316650389,,,0.448296578080424,0.455757450257414,3.22963834211414,0.455877069683724,0.0862220295460331,0.0892180585320678,0.111932569832529,,,,,,
1953-01-01,1.5577353320915,1.94229728086446,,1.56270787979738,1.57826251537806,0.443233056311521,0.663871437898453,,,0.446420136849297,0.45632456814264,3.24269276130883,0.452893309480825,0.0779836421099469,0.0825473092420375,0.100232294975937,,,,,,
1953-04-01,1.55704839032878,1.9229743446914,,1.55854347272132,1.56520055753446,0.442791971578146,0.653873125223524,,,0.44375171378638,0.448013967560586,3.25052221593582,0.448780139062043,0.0784712644523767,0.0827405639048712,0.0972873728535087,,,,,,
1953-07-01,1.54174561071113,1.91340845163199,,1.55450283766085,1.55831036938415,0.432915287933006,0.64888618132753,,,0.441155775964251,0.443602137739889,3.2402545558747,0.426293049984804,0.076444469830058,0.0783274319473378,0.0863482559749673,,,,,,
1953-10-01,1.54005505067726,1.89649837737362,,1.53573389242972,1.50867930440232,0.431818162979649,0.640009226556478,,,0.429008372600395,0.411234635266206,3.23690535151852,0.414936557649506,0.0869297980097865,0.0853604928096254,0.0883310502601638,,,,,,
1954-01-01,1.53419614354474,1.91639097930187,,1.53084849790595,1.53411622430144,0.428006558881144,0.650443718909651,,,0.425822155479865,0.427954465590938,3.23316160102605,0.410779150922287,0.0890075087295072,0.0857135234514678,0.0845451917384918,,,,,,
1954-04-01,1.52953752116876,1.92130358128234,,1.54197141089305,1.54890956254403,0.42496541596452,0.653003904242923,,,0.433061734692386,0.437551175317147,3.24382660816588,0.408013324245589,0.0893344837280736,0.0850917368769513,0.0845017046404228,,,,,,
1954-07-01,1.55043531139225,1.94538008397942,,1.55530450262552,1.56567233483844,0.438535737560802,0.665457373906928,,,0.441671348084776,0.448315338663004,3.27304838053084,0.430672863639364,0.10156543760972,0.0977994639513373,0.0971269470508173,,,,,,
1954-10-01,1.55261884250162,1.9444366793972,,1.56441866335588,1.58094792641098,0.439943081011139,0.664972310132406,,,0.447514293868893,0.458024620563439,3.28881592729667,0.440004777699502,0.097904139622457,0.0957700990654869,0.0976537607933504,,,,,,
1955-01-01,1.59250343878955,1.9779562083068,,1.59131879752253,1.61247153484135,0.465307267827342,0.682064093575665,,,0.46456310484728,0.477768116720414,3.32930355324337,0.477124741216388,0.113259560877067,0.114364965094177,0.122347916748032,,,,,,
1955-04-01,1.58821881478438,1.95920901403777,,1.58888258929672,1.6098825256975,0.462613146017781,0.672540827522006,,,0.463030995143494,0.47616121092899,3.33575317705125,0.473162148837748,0.106438506859059,0.109149185946864,0.119398924559231,,,,,,
1955-07-01,1.58923368931373,1.95379192303822,,1.58278723496052,1.60113171373795,0.463251943647361,0.669772060252429,,,0.459187365649835,0.470710700298288,3.33496696969174,0.473041606151088,0.105561303393838,0.109148401564533,0.117206365117442,,,,,,
1955-10-01,1.58138627712091,1.93595929582474,,1.57824345956502,1.59920314846749,0.458301852939609,0.660602963749442,,,0.45631249415121,0.469505472978682,3.32348226004517,0.46066640311158,0.102930963616342,0.106233460018,0.118212454545358,,,,,,
1956-01-01,1.55118386231795,1.90910562444763,,1.54961200777363,1.57888276689761,0.439018421538626,0.646634872939344,,,0.438004582031083,0.456717487360519,3.30069125621608,0.43320358722499,0.0903000859750752,0.0919700586117719,0.10121738725736,,,,,,
1956-04-01,1.53608340150681,1.89784573723833,,1.5369752359021,1.5743378812199,0.429235931107403,0.640719420403238,,,0.42981635245665,0.453834791011486,3.29666430079578,0.425427976485481,0.0808955559984076,0.0828609468633792,0.0871519335784369,,,,,,
1956-07-01,1.54096190115331,1.89734708116635,,1.53282395897728,1.57185573284645,0.432406832575704,0.640456637404479,,,0.427111758969082,0.452256916797171,3.29969327465055,0.423910308036782,0.0896525728911257,0.0903326065926404,0.0965116969420431,,,,,,
1956-10-01,1.54301622812876,1.88891785728431,,1.53270841036125,1.56913732439582,0.433739090583499,0.636004102811739,,,0.427036373292365,0.450525993436436,3.32176408766656,0.431722021092462,0.0873039432568956,0.0895021843803441,0.0981608241773341,,,,,,
1957-01-01,1.54437276396473,1.90510356709257,,1.5461073431562,1.57668525088697,0.434617849901968,0.64453637302875,,,0.435740380585542,0.455324700798173,3.32923064317613,0.432063675784163,0.0893660935011469,0.0916029061621009,0.0965239656139709,,,,,,
1957-04-01,1.53925216505349,1.89906676706003,,1.53396865608834,1.57080031295745,0.431296691372097,0.641362590274764,,,0.427858269938622,0.451585242956131,3.32613171418683,0.424281490645566,0.0917148508267984,0.0925925188290005,0.091165711881231,,,,,,
1957-07-01,1.54967944831155,1.91370649331815,,1.5431404038999,1.56483477912049,0.438048102002589,0.649041933998173,,,0.433819563343643,0.447780245971984,3.34304938001173,0.432029101081063,0.0980690581996355,0.0993912272634973,0.0943408781249919,,,,,,
1957-10-01,1.53621214092846,1.90310971933247,,1.53145677082891,1.54785386507112,0.42931973777245,0.6434892426333,,,0.426219420205345,0.436869368302507,3.34479579878692,0.412932967671195,0.0976713422205083,0.0967264852916737,0.0846455370464029,,,,,,
1958-01-01,1.52967227267445,1.89300375871787,,1.51557667581749,1.53343019467827,0.425053511593688,0.638164857813101,,,0.4157960106387,0.427507183274123,3.33345735838846,0.39857829382852,0.10902375238105,0.103614027117615,0.0890446942729362,,,,,,
1958-04-01,1.54738859567076,1.91827007626512,,1.53304907777127,1.55062171651839,0.436568733111723,0.651423777948208,,,0.427258613578977,0.438655957940292,3.358935419371,0.416542831709258,0.121133095657714,0.115564804960059,0.10291934265396,,,,,,
1958-07-01,1.54420648660428,1.93526024512377,,1.53435996962282,1.5672290520035,0.434510177508208,0.660241811042309,,,0.428113336187599,0.44930912499775,3.37491901235483,0.430136516856169,0.111864826263911,0.108356572290876,0.100673040514361,,,,,,
1958-10-01,1.56577049284276,1.94458032258568,,1.56104983355691,1.59033859819847,0.448378030533656,0.665046181338666,,,0.445358565147314,0.46394694840228,3.40058664951792,0.455105349163916,0.117886630730811,0.1166952225317,0.111393643350738,,,,,,
1959-01-01,1.55684314608125,1.94025563621518,,1.55516402180253,1.59792960912761,0.442660146660403,0.662819735639107,,,0.441581020327408,0.46870879701694,3.40307605418461,0.45264828356999,0.10592244453958,0.106677562151757,0.108349292502394,,,,,,
1959-04-01,1.5628485789824,1.93544370660247,,1.5605325691647,1.60686569251206,0.446510168296161,0.660336605932914,,,0.445027153491164,0.474285506730031,3.40937544726194,0.461075085628637,0.102659529596136,0.105687673869013,0.109468763659322,,,,,,
1959-07-01,1.5601866251944,1.93944932704035,,1.55981841743692,1.57992947912303,0.444805445641037,0.662404080740564,,,0.444569415407651,0.457380212576334,3.41513630997549,0.44509217392813,0.105162061900877,0.107001356966793,0.106665983716288,,,,,,
1959-10-01,1.54725417906691,1.9242986427024,,1.54787149743142,1.57791618828932,0.436481862597919,0.654561559897974,,,0.436880759726641,0.456105108395491,3.40811223972013,0.435490798832683,0.100013897679955,0.100934451664545,0.0980046328424317,,,,,,
1960-01-01,1.55400245860149,1.9270614071209,,1.55256754062969,1.58246334962239,0.440833834055845,0.655996255619305,,,0.439910038310568,0.458982714971724,3.43970552365995,0.441139849831828,0.0977883800408199,0.100727681392078,0.0986182873643171,,,,,,
1960-04-01,1.53111203784926,1.89483993063952,,1.52170182604965,1.56040471989413,0.425994293520763,0.639134365647142,,,0.419829330949555,0.444945223443363,3.40359316824582,0.422742948519262,0.0908130023404755,0.0912927000547595,0.0848996509433592,,,,,,
1960-07-01,1.5431645861562,1.91092055538529,,1.5276616533222,1.56333148865523,0.433835234028412,0.647585092120457,,,0.423738235152988,0.44681911382471,3.41691179133741,0.424460838807503,0.100099037453181,0.0999908221101622,0.091622826702019,,,,,,
1960-10-01,1.51969396634207,1.88913372636814,,1.50579597710842,1.55700405580069,0.418508976654137,0.636118378162027,,,0.409321646832774,0.442763497730091,3.39365208712396,0.400584822567076,0.0951979547907975,0.091786566550417,0.0800149122830622,,,,,,
1961-01-01,1.52511571534923,1.90431777914639,,1.5132149208674,1.55315347507593,0.422070286098245,0.644123823254961,,,0.414236474200893,0.440287364187705,3.40836187288899,0.41007157251973,0.0993443746726051,0.0954653879429317,0.0865204761827595,,,,,,
1961-04-01,1.54190723667818,1.91808997924419,,1.53460629339637,1.57162924430983,0.433020115535331,0.651329888418312,,,0.428273861754169,0.452112816514423,3.45115653262329,0.427897369720463,0.105280405402299,0.102512735839079,0.0998310170228248,,,,,,
1961-07-01,1.55572556051923,1.93200552178494,,1.55033948401346,1.57810013333907,0.441942035212663,0.658558593852979,,,0.438473928893516,0.456221676265368,3.47379300428892,0.448290322556742,0.108953111663154,0.107339499125904,0.105222383585801,,,,,,
1961-10-01,1.55765642877513,1.93559339533486,,1.55287283224603,1.59173465321617,0.44318240244681,0.660413943725616,,,0.440106655589066,0.464824398414877,3.48458180946048,0.449893813549832,0.105582799126668,0.104923931192501,0.109549833602806,,,,,,
1962-01-01,1.5640757045515,1.95128922264979,,1.56058540960803,1.5901361943753,0.447295045396356,0.668490293939411,,,0.44506101343731,0.463819669403611,3.49815118119329,0.455895779581966,0.104961790142871,0.105284263201074,0.107038106616075,,,,,,
1962-04-01,1.5524155101176,1.93146630999909,,1.54959035846214,1.58104995272296,0.439812111520161,0.658279460569332,,,0.437990611138622,0.458089153378397,3.49393423340995,0.443537075740878,0.0973884746559971,0.097289223359992,0.101902907568666,,,,,,
1962-07-01,1.56997408428385,1.94351562150879,,1.56631277038497,1.58936002867326,0.451059112398405,0.664498509100729,,,0.448724303286999,0.463331437518432,3.52325403674258,0.452628016311064,0.106853766317551,0.106806479327541,0.111031471028767,,,,,,
1962-10-01,1.5645496683738,1.93123960431963,,1.56282554527767,1.59909603517281,0.447598030745785,0.658162078772866,,,0.446495429904496,0.469438491568522,3.52879525936955,0.444975870026285,0.106024629004589,0.104663596679916,0.108970107237143,,,,,,
1963-01-01,1.56731766780786,1.93884708244239,,1.56021674062677,1.59996001794317,0.449365666381441,0.662093509015657,,,0.444824747909906,0.46997864014799,3.53470504471141,0.450341107333484,0.106500714864338,0.10496175523764,0.111259305566737,,,,,,
1963-04-01,1.56972441172132,1.93498989633594,,1.56494865220337,1.60983155228978,0.450900070016868,0.660102104936301,,,0.447853013360161,0.476129547615728,3.54144502750575,0.451059590494033,0.106943888544151,0.105171884116108,0.114022376737056,,,,,,
1963-07-01,1.58750023708518,1.95660874400846,,1.58675174021529,1.61103185700249,0.462160601129694,0.671212742012325,,,0.46168899592058,0.476874878674985,3.57763632254771,0.466864904929908,0.111765793954441,0.111341806168578,0.120068588200242,,,,,,
1963-10-01,1.58404655087065,1.9545129050467,,1.57735632997304,1.61051202915257,0.459982681136325,0.670141008964657,,,0.455750236783665,0.476552158964928,3.57664949617353,0.463307449435856,0.110756382408434,0.109424557118949,0.119843621081233,,,,,,
1964-01-01,1.59540128030801,1.96953208197652,2.36562417303354,1.59596007484386,1.62134879725086,0.467125290994261,0.677795992697789,0.677795992697789,0.861041908067306,0.467475482952728,0.483258393728351,3.59533804265628,0.475653346458768,0.111754546849673,0.111720144998828,0.118889832717855,3.98925465972932,0.869569963531813,0.505671163922718,0.505636762071873,0.5128064497909,
1964-04-01,1.58838962116158,1.95269935270801,2.34424957129923,1.59190933877815,1.61613359345635,0.462720686107036,0.669212698778629,0.669212698778629,0.851965338444266,0.464934137796919,0.480036625900033,3.59264936716812,0.468047526195218,0.106983963928709,0.10650897893884,0.118796383922683,3.98189401950535,0.857292178532448,0.496228616265939,0.49575363127607,0.508041036259913,
1964-07-01,1.59255323545213,1.95656924903685,2.34518852694689,1.59517835448679,1.61503881946757,0.465338536760787,0.671192556387405,0.671192556387405,0.852365793953234,0.46698555098016,0.479358993207764,3.60702314664432,0.471630719199859,0.106442269967228,0.106379888059835,0.118661875951451,3.99405040383676,0.858657976392306,0.493469527159675,0.493407145252282,0.505689133143898,
1964-10-01,1.57712165965067,1.93794899626384,2.32329112362021,1.57344732798771,1.60938658025819,0.455601451264428,0.661630195404939,0.661630195404939,0.842984768200498,0.453268962534149,0.475853100344312,3.59231262655838,0.456686548906407,0.100406961689289,0.0987253332358253,0.112599015772499,3.97969594349445,0.844069865842477,0.487790278625359,0.486108650171895,0.499982332708569,
1965-01-01,1.59691643750605,1.96581184936981,2.35595408862115,1.5946797020539,1.63323706236001,0.468074543196421,0.675905314891821,0.675905314891821,0.85694577859656,0.466672902311713,0.490563973299122,3.62156938421543,0.477122295973855,0.104864897923772,0.105126760804462,0.124811701881026,4.01044061961557,0.865993531373994,0.49373613332391,0.493997996204601,0.513682937281165,
1965-04-01,1.59493320509308,1.96482948769333,2.35518728722198,1.59371680160713,1.63461697414534,0.466831857675322,0.675405466845309,0.675405466845309,0.856620251789031,0.466068899343489,0.491408510326743,3.6200688026967,0.475008740288257,0.102765036500926,0.102887214443178,0.121658037223124,4.00985719681041,0.864797134401966,0.492553430614635,0.492675608556887,0.511446431336833,
1965-07-01,1.61968099082579,1.98022845497732,2.37195763087261,1.61596076963304,1.6314665285846,0.482229210609813,0.683212219352209,0.683212219352209,0.863715618780589,0.479929683587056,0.489479321109623,3.66113020788599,0.491238612045539,0.112378296701592,0.113904315412956,0.129579729113229,4.04261661605677,0.872725020216315,0.493864704872368,0.495390723583732,0.511066137284005,
1965-10-01,1.63253481351641,1.98547224102993,2.37794984805836,1.62598856817668,1.63277523223701,0.490133907219114,0.685856790645266,0.685856790645266,0.866238708079144,0.486115980459257,0.490281163508816,3.68350791560663,0.503608699908391,0.114052118499435,0.117190304443555,0.134443309549458,4.05961271646666,0.879713500768421,0.490156919359465,0.493295105303586,0.510548110409488,
1966-01-01,1.63220980250557,2.00688795389419,2.40472613554155,1.62464994323404,1.63386346300534,0.489934803736217,0.696585240599671,0.696585240599671,0.877436024118012,0.485292373027293,0.49094743297423,3.70097644185015,0.505419085969415,0.106357884372661,0.111601344943844,0.130342451154735,4.08847766223195,0.892920306351209,0.493859104754456,0.499102565325639,0.517843671536529,
1966-04-01,1.60658612925132,1.97256966998942,2.3640105599914,1.60474877999937,1.61785243546643,0.474111511115997,0.679337093767832,0.679337093767832,0.860359566535312,0.472967220966039,0.48109961266408,3.67886765110239,0.481247497675262,0.0952146810508369,0.0988023159722962,0.118184095083358,4.0651157065217,0.867495553094577,0.481462736470152,0.485050371391611,0.504432150502673,
1966-07-01,1.60119244616943,1.95698245518877,2.34720832714163,1.59927497259169,1.6015924026865,0.470748630519251,0.671403723217275,0.671403723217275,0.853226676091845,0.469550384415619,0.47099838599021,3.67908373255589,0.471028713177227,0.0942069322345528,0.0968847400925776,0.115216454121079,4.06156177812848,0.853506758749821,0.476684977807147,0.479362785665171,0.497694499693673,
1966-10-01,1.6023340050191,1.9547737948298,2.34629810710563,1.60634036283267,1.59975121557064,0.471461319435908,0.670274480773464,0.670274480773464,0.852838812536034,0.473958525095477,0.469848126887523,3.68785371518134,0.468738219499582,0.0968118288600655,0.098697891824677,0.114740648518003,4.06923120828147,0.850115712599708,0.478189321960191,0.480075384924803,0.496118141618129,
1967-01-01,1.60758624410774,1.9543693597841,2.34946152422315,1.60523443264168,1.59121455556648,0.474733826768377,0.670067563282269,0.670067563282269,0.854186163271356,0.473269809866878,0.464497596056309,3.69995611822579,0.473591744065027,0.100637862808054,0.102118908171457,0.110620413224409,4.07940845472877,0.853044080568005,0.480090199311033,0.481571244674436,0.490072749727388,
1967-04-01,1.59777770210116,1.93987146400791,2.33633114787324,1.59436024956596,1.58938741975463,0.468613727593012,0.662621715214207,0.662621715214207,0.848581813426573,0.466472558324902,0.463348671401787,3.70236131653344,0.462462396474234,0.0993551483988513,0.0991875021766358,0.105979080475155,4.082329402367,0.842430482307796,0.479323234232413,0.479155588010197,0.485947166308717,
1967-07-01,1.5991645225775,1.93881557002385,2.33670682506606,1.59480270910571,1.58799582320985,0.46948131947667,0.662077255709805,0.662077255709805,0.848742598421605,0.466750035235505,0.462472732600987,3.7054028910968,0.467969934401241,0.100618960841912,0.10018304758069,0.109472255426125,4.08466417004173,0.847231213346176,0.479880239786847,0.479444326525625,0.48873353437106,
1967-10-01,1.59881332724783,1.93521035609505,2.33102439997658,1.59306374023577,1.59674011873563,0.46926168360202,0.660216031733348,0.660216031733348,0.846307827599255,0.465659042830354,0.467964125080073,3.70747442800277,0.466284232919154,0.101540267210958,0.100686631795838,0.107395002454792,4.08452057200001,0.843330376916388,0.478586411208192,0.477732775793072,0.484441146452026,
1968-01-01,1.60415192046871,1.94373765741523,2.34164796892124,1.60263441605265,1.58867530350756,0.472595218468454,0.664612747042405,0.664612747042405,0.850854941717505,0.471648785267057,0.462900526528005,3.73230947184471,0.476586472271956,0.0991449322982099,0.100007722997286,0.105484535716271,4.11056919509376,0.854846195521008,0.477404655547261,0.478267446246338,0.483744258965323,
1968-04-01,1.60942298313555,1.94949007583316,2.34855816626939,1.60906223101295,1.59555715385295,0.475875719189347,0.667567838805942,0.667567838805942,0.853801593591189,0.475651544088263,0.467222988001779,3.74576681665679,0.483455596487721,0.0986467655820422,0.100694142204035,0.105956464041986,4.12369269105863,0.861381470889563,0.476572639983884,0.478620016605876,0.483882338443828,
1968-07-01,1.59453518407389,1.93199243150549,2.32922761503279,1.59403756939691,1.59290028349562,0.466582273122232,0.658551818342429,0.658551818342429,0.845536716926682,0.46627014934806,0.465556432292967,3.73817176817114,0.471605014783684,0.0904729474743694,0.0922791825189164,0.0999013804789987,4.11712621197559,0.850559458588135,0.46942739127882,0.471233626323367,0.478855824283449,
1968-10-01,1.58198177193726,1.91688388654547,2.3091072788455,1.58068959805052,1.59228926670494,0.45867834711553,0.650700891830232,0.650700891830232,0.836860990464791,0.457861206282686,0.465172771108253,3.72829903137677,0.459715256810123,0.0852826791574922,0.086430940414033,0.0957784094913868,4.10648167472603,0.837897900159384,0.463465322506753,0.464613583763294,0.473961052840648,
1969-01-01,1.59589385742029,1.92950447125824,2.32467542361485,1.5905193258585,1.57878747276562,0.467433991440279,0.657263219307304,0.657263219307304,0.843580426547649,0.464060582940217,0.456657130119397,3.7402137647281,0.472423208774124,0.0907298768181776,0.0931145133693738,0.101713119887057,4.11636019983547,0.848569643881494,0.466876311925548,0.469260948476744,0.477859554994427,
1969-04-01,1.57420284166891,1.90586626727037,2.29832075612384,1.56983265753789,1.56531664546611,0.453749011875713,0.644936638693988,0.644936638693988,0.83217875024478,0.450969026123875,0.448088132897606,3.72557254302097,0.453400568838841,0.0810720083379617,0.0824764862515132,0.0936990008733439,4.10400228139004,0.831830307207908,0.459501746707029,0.46090622462058,0.472128739242411,
1969-07-01,1.56224177838167,1.89122738162962,2.28082508117355,1.55929425336848,1.55251595949628,0.446121827135444,0.637226026566891,0.637226026566891,0.824537255212103,0.444233317210059,0.43987681464144,3.72122904285746,0.44616695865946,0.0750776410936447,0.0762353284778898,0.0881496445956084,4.09964447093412,0.824582386736119,0.453493069170303,0.454650756554548,0.466565072672267,
1969-10-01,1.54366629735456,1.8615788483867,2.24683516781444,1.53783862103422,1.53565314274844,0.434160299587047,0.621424970880104,0.621424970880104,0.809522633954586,0.430377937772049,0.42895579070149,3.70639950016328,0.426314651759354,0.0706701298528888,0.0697401178174683,0.0809110782539971,4.08176183453082,0.801676986126893,0.446032464220428,0.445102452185008,0.456273412621536,
1970-01-01,1.53634160185313,1.86005411117408,2.24847241209992,1.53144043011092,1.51991819864581,0.429404007038723,0.620605579331021,0.620605579331021,0.810251057684784,0.426208750099938,0.418656516729624,3.70619017374494,0.422032182335638,0.0700604800032315,0.06801668978288,0.073135143871378,4.087037224391,0.802879232981699,0.450907530649293,0.448863740428941,0.453982194517439,
1970-04-01,1.55441088428088,1.87876551366119,2.27352719605853,1.5523097518926,1.53566488677303,0.441096621295947,0.630614919488716,0.630614919488716,0.821332456409988,0.439743984252136,0.428963438248553,3.72947607894101,0.432007178260469,0.0845568499915296,0.0817352415552153,0.0815116655412674,4.10971191405505,0.81224301337451,0.464792685105571,0.461971076669257,0.461747500655309,
1970-07-01,1.56361486134895,1.88926809557872,2.2864166459112,1.55939643240385,1.5345496009122,0.447000359463604,0.63618950305396,0.63618950305396,0.826985808568996,0.444298844090214,0.428236918382035,3.75283577812133,0.443131712798455,0.0893423249057759,0.0868803817417172,0.0851174240331609,4.13282122722672,0.823117161903847,0.469327774011167,0.466865830847109,0.465102873138552,
1970-10-01,1.55439125617879,1.88618842081595,2.28735398171772,1.55207876697715,1.52900318879752,0.441083993858624,0.634558084213646,0.634558084213646,0.827395683001252,0.439595172391457,0.424616012489239,3.7405891202159,0.42872808200789,0.0936232103013606,0.0882054223394914,0.0852770419032263,4.12690080935853,0.815039771150518,0.479934899443989,0.474517111482119,0.471588731045854,
1971-01-01,1.58695768380733,1.92761014583748,2.33621904827593,1.58207540745449,1.5563006773364,0.461818776921183,0.65628096922603,0.65628096922603,0.848533831235853,0.458737534109914,0.442311644450988,3.7898041246274,0.463730001244831,0.103806537700312,0.10147751458438,0.10001449586758,4.17651917894207,0.850445055559501,0.490521592014982,0.48819256889905,0.48672955018225,
1971-04-01,1.58894408969719,1.92739219510166,2.33342342616294,1.58265275973754,1.5567880836786,0.46306970109362,0.656167894982864,0.656167894982864,0.847336470854499,0.459102401017251,0.442624778051478,3.79153341775578,0.463758416229899,0.106067834744927,0.103492658158266,0.102398187745465,4.17580018751666,0.848025185990779,0.490334604505806,0.487759427919146,0.486664957506344,
1971-07-01,1.59517799370095,1.93792080368887,2.34633484391919,1.59071828956678,1.56082872443157,0.466985324807406,0.661615647663957,0.661615647663957,0.852854469764693,0.46418566866634,0.445216913816805,3.80760557022301,0.467841452028427,0.109757777741316,0.107310812286067,0.100357951139985,4.19347471518029,0.853710596985714,0.495626922698603,0.493179957243354,0.486227096097271,
1971-10-01,1.57940577997742,1.91883843987299,2.32518675438854,1.5720705791656,1.56621970316239,0.457048687677928,0.651720023733094,0.651720023733094,0.843800360281673,0.452393590687185,0.448664883489508,3.78929724631499,0.455475472785942,0.102988330623646,0.0996982868673686,0.099141289155493,4.17604891891874,0.842227145389687,0.489740003227391,0.486449959471113,0.485892961759238,
1972-01-01,1.57439022535939,1.92410374057233,2.32206381915557,1.57237005138158,1.55561116476225,0.453868038810422,0.654460270006311,0.654460270006311,0.84245636746113,0.452584067946625,0.441868500415797,3.79749886205154,0.45896379163223,0.0937244414760693,0.0923611609504137,0.0922140895414967,4.18608719070225,0.847552120282938,0.482312770126777,0.480949489601121,0.480802418192204,
1972-04-01,1.60127307214685,1.94706951849028,2.35006662733249,1.59119386689614,1.55250759371716,0.47079898295988,0.666325431191918,0.666325431191918,0.854443679810536,0.464484594161143,0.43987142609673,3.83795033512818,0.48144565640198,0.102425047571273,0.103694090473733,0.104791034855243,4.22159503197883,0.865090353252636,0.48606974442193,0.487338787324389,0.488435731705899,
1972-07-01,1.60318097747393,1.94895979498655,2.35485579350446,1.58898863016236,1.5607999747015,0.471989766489915,0.667295791778301,0.667295791778301,0.856479491412796,0.463097732187483,0.44519849411809,3.84202024774979,0.482194159798128,0.103338438457948,0.104886108342712,0.105511073187085,4.22650997267267,0.866683884721009,0.487828163380829,0.489375833265593,0.490000798109966,
1972-10-01,1.60579694520457,1.94528210429748,2.34846644342934,1.58258535248986,1.56754802952967,0.473620172415514,0.665407007322925,0.665407007322925,0.853762537870736,0.4590598088044,0.449512633903793,3.85442030674269,0.483539464533824,0.100774740651642,0.103878018330612,0.106422811319432,4.23456267219791,0.863681829989045,0.480917106106863,0.484020383785833,0.486565176774654,
1973-01-01,1.60517887408511,1.96168912273111,2.36478165247795,1.58597842019924,1.5630851594147,0.473235198400214,0.673805899420126,0.673805899420126,0.860685693148089,0.461201516688336,0.44666153454545,3.87252937890419,0.488771787656636,0.090807599669014,0.0972503390121901,0.0987287793558356,4.25997987365207,0.876222282404512,0.478258094416889,0.484700833760065,0.486179274103711,
1973-04-01,1.61151312861593,1.96439979524123,2.36933480267977,1.58212235351296,1.55091225323586,0.47717356906979,0.675186750948186,0.675186750948186,0.862609241775947,0.458767207387008,0.438843308277998,3.87891071312057,0.489576988144988,0.0936544934527501,0.100832523041514,0.10355654805541,4.26434638582673,0.875012660851145,0.479090166158907,0.486268195747671,0.488992220761567,
1973-07-01,1.59268436082647,1.94113707907096,2.34462651846499,1.56041770779732,1.54863356743426,0.465420869943452,0.663273924604559,0.663273924604559,0.85212612203477,0.444953546828297,0.437372972723074,3.85323912794759,0.466486284090782,0.0905750643971807,0.0954132977412232,0.0997431691320694,4.23994438003891,0.8531915361821,0.477280316488499,0.482118549832541,0.486448421223387,
1973-10-01,1.6021714922049,1.94816233991999,2.35425080908891,1.55574679311487,1.54945979747763,0.471359891733893,0.666886538462604,0.666886538462604,0.856222549079595,0.441955683153717,0.437906352428357,3.86324135222288,0.470516122959576,0.0965829362933456,0.101733041516589,0.104821623703664,4.24810400956858,0.855378780305278,0.481445593639048,0.486595698862292,0.489684281049367,
1974-01-01,1.58523067268484,1.92692652473293,2.33278938987901,1.5518107194592,1.53436369176856,0.460729931557013,0.655926259350293,0.655926259350293,0.847064714587552,0.439422455212069,0.428115762046786,3.83830854898302,0.451943612154408,0.0966109456154297,0.0987289754920213,0.09950919605662,4.22464333201356,0.838278395184947,0.482945728645969,0.485063758522561,0.485843979087159,
1974-04-01,1.58239446975512,1.93194281652788,2.34050308530132,1.56297283979246,1.5323675215105,0.458939187033846,0.65852613728184,0.65852613728184,0.850365899980284,0.446589674316162,0.42681393909515,3.83990512550433,0.451177937393974,0.098011090557743,0.0993284037873449,0.0951482871440685,4.23133183845076,0.842604650340412,0.489437803504181,0.490755116733783,0.486575000090507,
1974-07-01,1.56912636491109,1.92017125583734,2.32881649118092,1.54912601194015,1.52287512983329,0.45051900901077,0.652414377810599,0.652414377810599,0.845360194831333,0.437690908636064,0.420600080947812,3.82317006912848,0.436861875921692,0.0989925499456226,0.0975603105536615,0.0972950204353011,4.21801125494904,0.831703061742254,0.493833735766185,0.492401496374224,0.492136206255863,
1974-10-01,1.59091222640301,1.95391536054469,2.37525541219344,1.56728329823795,1.52600756538022,0.464307579011049,0.669835236686874,0.669835236686874,0.865104973680567,0.449343737229831,0.422654890504116,3.84495625981277,0.449584584321434,0.118615616891806,0.115389145462625,0.109061374297637,4.24575365448228,0.850381978990952,0.519413011561323,0.516186540132143,0.509858768967155,
1975-01-01,1.59963139494626,1.97775392993409,2.41324853205986,1.58304179598565,1.54408625126076,0.469773224546023,0.68196182199063,0.68196182199063,0.880973778462909,0.459348183573476,0.434432312257866,3.86428299866045,0.447756442645436,0.134029538740181,0.127711062999354,0.115117636088756,4.27548355257734,0.858956996562322,0.545230092657068,0.53891161691624,0.526318190005643,
1975-04-01,1.6144876120698,2.00673747900995,2.45237899221462,1.59870305322886,1.57188389075612,0.479017638266221,0.69651025857316,0.69651025857316,0.897058570654821,0.46919270880665,0.452274830437007,3.8895927960585,0.468928008766015,0.142347977222312,0.135984174558413,0.123259326096192,4.3076337284471,0.886968941154616,0.560388909610912,0.554025106947013,0.541300258484792,
1975-07-01,1.63862683997244,2.02907737701609,2.47486826971072,1.61450493372077,1.59967219510836,0.493858598411056,0.707581195659213,0.707581195659213,0.906187170244882,0.479028367093081,0.469798730198082,3.91528819683772,0.493418918883621,0.150928807640856,0.146002514312735,0.139940223216053,4.32761676867155,0.905747490717447,0.563257379474682,0.558331086146561,0.552268795049879,
1975-10-01,1.63623834066137,2.03235766949714,2.47812037361825,1.6128916914665,1.59686686986201,0.492399912570362,0.709196532680121,0.709196532680121,0.907500358951362,0.478028649626659,0.468043503116819,3.91637406952563,0.49784622795764,0.144865787147748,0.140891756994244,0.139670084496548,4.33147451590663,0.91294667433864,0.559966233528748,0.555992203375244,0.554770530877548,
1976-01-01,1.63942312195031,2.04005172194263,2.48384247700127,1.62428647615395,1.59988862051325,0.494344425047488,0.712975161428167,0.712975161428167,0.909806747004562,0.485068627755189,0.469934014643478,3.9326368386981,0.504836183333106,0.137346720305617,0.135789532046976,0.138664318652295,4.34809916065517,0.92029850529018,0.552809042262691,0.551251854004051,0.554126640609369,0.436642473161466
1976-04-01,1.63640837960626,2.03154361776898,2.47531913985003,1.62707561701177,1.58744250484899,0.492503827816693,0.708795906935792,0.708795906935792,0.906369333101862,0.486784303500959,0.462124233710883,3.93731465315336,0.499032163376746,0.134540965376983,0.132917539390156,0.134261046083017,4.35118015843853,0.912897668661915,0.548406470662152,0.546783044675325,0.548126551368185,0.43639301025889
1976-07-01,1.62992529382486,2.02225824299898,2.46474504629,1.61962087460828,1.58195715724872,0.488534181759063,0.704214829059914,0.704214829059914,0.902088372648495,0.482192093835882,0.458662787593622,3.93471561832056,0.493135084339234,0.130924053719856,0.128856564743287,0.131976422358935,4.34826980920999,0.906689275228667,0.544478244609289,0.54241075563272,0.545530613248367,0.429096117835975
1976-10-01,1.62997032414077,2.02805759357031,2.47598909912782,1.61961372657007,1.57334796218402,0.488561808604332,0.707078484522092,0.707078484522092,0.90663995219869,0.482187680424016,0.453205808884445,3.9409976514594,0.489838889481252,0.130489842913374,0.128269923719983,0.128232861567972,4.35907579505376,0.907917033075611,0.548567986507733,0.546348067314341,0.54631100516233,0.429378468735486
1977-01-01,1.63368373452731,2.04306816707361,2.49340164982787,1.62219396721938,1.57232602952332,0.490837424783163,0.71445268144312,0.71445268144312,0.913647902606497,0.483779533758877,0.452556070418638,3.94932601735704,0.496601798988505,0.129247669357615,0.127826808232758,0.126342148803783,4.37213649518037,0.919412276811839,0.552058147180949,0.550637286056092,0.549152626627117,0.433247297402573
1977-04-01,1.63094151075595,2.04396060907341,2.49145215497281,1.62224285706833,1.58781511604618,0.489157462024643,0.714889400665258,0.714889400665258,0.912865735252831,0.483809671407788,0.462358930383336,3.94917917944851,0.500528342503934,0.120813155242451,0.121242563172369,0.124007774257107,4.3728874526767,0.924236615732123,0.544521428470639,0.544950836400558,0.547716047485295,0.430175675019086
1977-07-01,1.63645334379017,2.05068165268011,2.50087656422482,1.62900243624353,1.59905686697469,0.492531304800274,0.718172251382447,0.718172251382447,0.916641296109259,0.487967825164233,0.469413997306168,3.96568632853397,0.50282312167057,0.11865857246784,0.120633674426604,0.120932603658545,4.38979631984296,0.926933112979555,0.542768563776825,0.544743665735589,0.54504259496753,0.434057307843202
1977-10-01,1.62493074792244,2.02996866376488,2.47643618388692,1.60848377319435,1.5851353977586,0.48546519821047,0.708020356365527,0.708020356365527,0.906820504043399,0.475291979485879,0.460669828134156,3.94748504672371,0.490660505631787,0.116034533568469,0.116591114527897,0.119377021922022,4.36884035255664,0.912015811464717,0.537389839401398,0.537946420360827,0.540732327754952,0.427633523330011
1978-01-01,1.60052652599722,2.00780941599562,2.44936638605178,1.58612420756248,1.56134603627471,0.470332653859463,0.69704428497224,0.69704428497224,0.895829373171201,0.461293435128846,0.445548292991593,3.92841525551902,0.469236330958477,0.104378778023469,0.103869352278611,0.10305551834188,4.35391197483076,0.894733050270215,0.529875497335207,0.529366071590349,0.528552237653618,0.413519528993513
1978-04-01,1.6365636159173,2.05338139838139,2.50465870356857,1.6189044015131,1.58532057201206,0.49259868735803,0.719487896905973,0.719487896905973,0.918152479174076,0.481749625091139,0.460786640514103,3.97020967152327,0.510161949660474,0.109443222088825,0.114283398756966,0.116759397209068,4.39576346333931,0.93571574147652,0.53499701390487,0.539837190573012,0.542313189025113,0.432909862698876
1978-07-01,1.63678001678529,2.04905557467965,2.50148456618674,1.6197777886371,1.57011278753107,0.492730907431806,0.717378991719424,0.717378991719424,0.916884382103679,0.482288972328007,0.451147455971673,3.97315960037866,0.503764678122186,0.109098748147087,0.114287315667787,0.116344676436931,4.39731307505053,0.927918152794058,0.533252222818959,0.538440790339659,0.540498151108803,0.433355102334044
1978-10-01,1.63673870631625,2.05224869992147,2.506118377735,1.62254730653401,1.57071512096936,0.492705668248815,0.718936118756682,0.718936118756682,0.918735093081676,0.483997325740559,0.45153100671894,3.97700385302562,0.50512389391917,0.106937853219592,0.113083368272122,0.115562139316178,4.40303327785848,0.931153318752031,0.532967278052453,0.539112793104983,0.541591564149039,0.431950783783733
1979-01-01,1.61346726614546,2.02778964114801,2.47665191303845,1.59303150853256,1.55015771547642,0.47838544482064,0.706946353104321,0.706946353104321,0.906907612993389,0.465638810099885,0.438356677675053,3.95696696000095,0.480548226404145,0.096789757742297,0.101993114742354,0.104214224816293,4.3854891281737,0.909070394576894,0.525311925915046,0.530515282915103,0.532736392989042,0.41928762200182
1979-04-01,1.61593189617134,2.03439653919566,2.48710652368289,1.59786601943787,1.54422661331851,0.479911815752515,0.710199233981806,0.710199233981806,0.911119996104596,0.468669001174442,0.434523211116889,3.95756195527185,0.47965000611413,0.102337197427369,0.106677491091435,0.0998998759774782,4.38877013562393,0.910858186466211,0.53354537777945,0.537885671443516,0.531108056329559,0.422549313206193
1979-07-01,1.61296620205815,2.03503610205554,2.49005999638279,1.5938347355741,1.53395498910689,0.478074845456806,0.710513559305031,0.710513559305031,0.912306805119184,0.466142895930304,0.427849360341752,3.95550487150642,0.477882124085159,0.100898971920348,0.105531806320413,0.103038898671779,4.3897368311688,0.912114083747538,0.535130931582727,0.539763765982791,0.537270858334158,0.419553702352137
1979-10-01,1.60069671483451,2.02265093234552,2.47564560463634,1.58285168108892,1.52827899754007,0.470438981237874,0.704408993789332,0.704408993789332,0.906501212363232,0.45922808168228,0.424142264089936,3.94576405276898,0.467671620746886,0.0967341889630154,0.10067614478724,0.0967204813274962,4.38182628389434,0.903733851872244,0.532796420088373,0.536738375912598,0.532782712452854,0.410896032946276
1980-01-01,1.59770410530169,2.01819572741582,2.47177047729758,1.58639308453988,1.52482009478711,0.468567664555308,0.702203908018905,0.702203908018905,0.90493468629506,0.461462938998037,0.421876432468888,3.95056159938053,0.463575677520784,0.0977805231380875,0.101141781310221,0.088397064309519,4.38692862112028,0.899942699260536,0.534147544877839,0.537508803049973,0.524764086049271,0.410355812594481
1980-04-01,1.57405884837189,1.98749470597417,2.44139757580366,1.57204926049557,1.50958677490402,0.453657537080224,0.686874903882008,0.686874903882008,0.892570652299705,0.452380029709156,0.411835954371417,3.9250116918567,0.435233411598516,0.0984683481843188,0.0973141176355055,0.0843927711304192,4.36392480707618,0.874146526817997,0.5373814634038,0.536227232854987,0.5233058863499,0.397609975255957
1980-07-01,1.57351765863242,1.99172467923694,2.44957483951788,1.56343925616941,1.52730444817945,0.453313659977575,0.689000936375609,0.689000936375609,0.895914474607052,0.446888045974211,0.42350438303646,3.92601744646085,0.438945455494057,0.102129168560621,0.0999888629476628,0.0907855085484877,4.36861826109033,0.881546270123533,0.544729983190098,0.542589677577139,0.533386323177964,0.39756567965426
1980-10-01,1.58901735841221,2.00922118704813,2.47156291936607,1.57190157549714,1.54711275976019,0.463115811605806,0.697747177855139,0.697747177855139,0.904850711408085,0.452286081039955,0.436390458243095,3.94561978791907,0.461289849030522,0.10499381546994,0.105155016574405,0.101804682174119,4.38735468772135,0.903024748832801,0.54672871527222,0.546889916376684,0.543539581976398,0.406262443211872
1981-01-01,1.62206937699919,2.05551842721808,2.52909706672358,1.60537016930122,1.5567971381231,0.483702727281086,0.720528092150486,0.720528092150486,0.927862348415721,0.47335436506844,0.442630594140554,3.98497693627496,0.490351844722222,0.118209123610351,0.120871441407222,0.114828191350351,4.42913655740959,0.934511465856858,0.562368744744987,0.565031062541857,0.558987812484987,0.426594829717307
1981-04-01,1.60839913387069,2.03250178235116,2.50264388027588,1.58944945635931,1.56468483944233,0.475239357537161,0.709267439364984,0.709267439364984,0.917347725170223,0.463387702410363,0.4476844231643,3.96750198075223,0.473862511605504,0.117431736924125,0.118011262225571,0.114728094408104,4.40961034838529,0.915970879238566,0.559540104557187,0.560119629858633,0.556836462041166,0.418941130574544
1981-07-01,1.6246504513515,2.05086692019245,2.52698415456108,1.60228948053074,1.58191486412497,0.485292685782288,0.718262591657189,0.718262591657189,0.92702655793174,0.47143353177938,0.458636052552847,3.99146340544389,0.485030633761147,0.124563962057526,0.126217145410658,0.1181019452102,4.43319727759334,0.926764505910599,0.566297834206978,0.567951017560111,0.559835817359653,0.429518047876172
1981-10-01,1.60400281686237,2.02782831282319,2.50362980317129,1.58818958868648,1.57288494411121,0.472502265591392,0.706965423774007,0.706965423774007,0.917741600124129,0.462594744040335,0.452911477161434,3.96657863174149,0.463352113110508,0.121442732089941,0.120276718015874,0.108784058758099,4.41181796627423,0.908591447643244,0.566682066622678,0.56551605254861,0.554023393290836,0.418382877038235
1982-01-01,1.5737503050396,1.99051695826863,2.46248407399654,1.55944575857374,1.56524134862609,0.453461500206169,0.68839438302437,0.68839438302437,0.90117062663062,0.444330475167951,0.448040028476493,3.94350799032071,0.435058197458774,0.113633024487039,0.109105270933156,0.0943576007478796,4.39121711674516,0.882767323883225,0.561342150911491,0.556814397357607,0.542066727172331,0.398258522763129
1982-04-01,1.58022233999285,2.00908849790614,2.4882170100736,1.5675388232584,1.57364861196876,0.457565558652995,0.697681135587402,0.697681135587402,0.911566393771648,0.449506760847189,0.453396879817362,3.94885118641651,0.446014958999518,0.117982651669336,0.113180525428633,0.100523036775151,4.40285202153516,0.900015794118171,0.571983486787988,0.567181360547285,0.554523871893803,0.403824062040145
1982-07-01,1.5795028306075,2.00716524282924,2.48852979055917,1.56525088711259,1.57052183689005,0.457110133349246,0.696723399673254,0.696723399673254,0.911692090536427,0.448046122397694,0.451407944318906,3.94860940666874,0.443443829733921,0.121989935648884,0.115597221897083,0.104444892912754,4.40319136385592,0.898025786921102,0.576571892836065,0.570179179084265,0.559026850099936,0.403364629068619
1982-10-01,1.58545213596114,2.02007528914048,2.50843719320715,1.57286734101548,1.56035729106705,0.460869625932028,0.703134782570256,0.703134782570256,0.919659927039387,0.452900285500974,0.444914827772744,3.96105291138362,0.450428502661697,0.127957254879779,0.120551393644308,0.110208529709045,4.41984321249098,0.909218803769057,0.586747555987138,0.579341694751668,0.568998830816404,0.40805151460829
1983-01-01,1.59716041610457,2.04320306447976,2.53339501245101,1.58392356847345,1.57129856481221,0.468227312594387,0.714518706138281,0.714518706138281,0.929560305347929,0.459905040001703,0.451902388837477,3.97752740547441,0.465714241717086,0.131450978810732,0.124702872333908,0.116905903747028,4.43886039822795,0.927047234470628,0.592783971564274,0.586035865087449,0.57823889650057,0.415125257586949
1983-04-01,1.6173084184373,2.06753604467108,2.56014080149329,1.61052781234608,1.58673346836495,0.480763297371689,0.726357581703805,0.726357581703805,0.940062257562312,0.476561959025956,0.46167748059964,4.00716176186974,0.488892938246079,0.134944890549543,0.130318215410289,0.127337166446255,4.46646072206036,0.948191898436703,0.594243850740167,0.589617175600913,0.586636126636879,0.425253942531021
1983-07-01,1.63301963768382,2.08841171326099,2.58316982902243,1.63275928074246,1.59622678013973,0.490430839441936,0.736403831263387,0.736403831263387,0.949017260702804,0.490271393901737,0.467642581752768,4.02082190070519,0.504986853937003,0.136986091252579,0.134108204646493,0.135866823484366,4.47940832196606,0.963573275197871,0.595572512513447,0.592694625907362,0.594453244745235,0.43467572831805
1983-10-01,1.63418064569928,2.08427479985764,2.5758126430728,1.63173369044825,1.59865001199579,0.491141544610659,0.734420976934037,0.734420976934037,0.946165073870629,0.489643063354233,0.469159530592053,4.0305774302355,0.50628567646658,0.129862995480946,0.128848988305975,0.133456496390652,4.48560095949547,0.961309205726549,0.584886524740916,0.583872517565945,0.588480025650621,0.434987808645235
1984-01-01,1.63786005566703,2.09957727909355,2.59859456770052,1.62394275058224,1.61214881268298,0.493390545680294,0.741736028796948,0.741736028796948,0.954970747992723,0.484856989013585,0.477567955383777,4.03811207930645,0.511007224722713,0.124530238169175,0.125365894159927,0.130260599738305,4.49969228161888,0.972587427035142,0.586110440481604,0.586946096472356,0.591840802050734,0.43544829473725
1984-04-01,1.64628431047832,2.10430499491309,2.60390708323511,1.63074070359694,1.60615898501462,0.498520815454718,0.743985243929296,0.743985243929296,0.957013041388309,0.489034330986073,0.473845605030065,4.05211930936,0.513947302752947,0.12365854354861,0.125925977840733,0.129995736340607,4.51061153529359,0.972439528686538,0.582150769482201,0.584418203774323,0.588487962274197,0.440228579658532
1984-07-01,1.64215103822739,2.09427114950353,2.59218169314897,1.62803189063913,1.59784395866223,0.496006991104072,0.739205592844541,0.739205592844541,0.952499873698799,0.487371856233162,0.468655194680238,4.05497775786358,0.50608478301006,0.120441972246627,0.122544417660282,0.125112405030648,4.5114706404583,0.962577665604787,0.576934854841354,0.579037300255009,0.581605287625375,0.436872199419242
1984-10-01,1.64071702918811,2.08495521370281,2.58145495224833,1.62528472511061,1.59798803343808,0.495133359205969,0.734747374781602,0.734747374781602,0.948353174961926,0.485683015885951,0.468745358854268,4.05644069542798,0.500974520348634,0.119839198977222,0.121480630853175,0.123104924449126,4.50966051118394,0.954194336104591,0.57305901473318,0.574700446609132,0.576324740205083,0.436135420853267
1985-01-01,1.64303321950946,2.09618209312472,2.59369376818707,1.62779486095897,1.59402752825288,0.496544057663554,0.740117639176053,0.740117639176053,0.953083025026757,0.487226252858867,0.466263850139151,4.06216844838503,0.501484482702048,0.119669131373706,0.121389632766577,0.119727068402929,4.51870741574823,0.95802345006525,0.576208098736908,0.57792860012978,0.576266035766131,0.43819545021738
1985-04-01,1.64090922284412,2.09355735641082,2.591034427261,1.62728060825836,1.5908391419712,0.495250492384132,0.738864703479746,0.738864703479746,0.952057188740252,0.486910283100408,0.464261639260664,4.06507644224879,0.49875053930995,0.117728509716884,0.119234613326044,0.117645838280419,4.52188313860491,0.95555723566607,0.574535206073003,0.576041309682164,0.574452534636539,0.435789086660828
1985-07-01,1.64793113835136,2.10484401328224,2.6053099699788,1.63583064691128,1.59863673108694,0.499520645633293,0.74424136143478,0.74424136143478,0.957551658521469,0.492150716264451,0.469151222980058,4.08526635937055,0.504147060435609,0.117703398582079,0.120083818846577,0.119339019962505,4.54329737225872,0.962178073323785,0.575734411470255,0.578114831734753,0.577370032850681,0.440050102194603
1985-10-01,1.62842703709197,2.08429289334475,2.57851003208214,1.61541101153347,1.57624071740014,0.487614540979724,0.734429657847214,0.734429657847214,0.947211725167253,0.47958942060148,0.455042719239294,4.07656927467835,0.491103843464975,0.10611890851072,0.107979661260583,0.1088435976565,4.53616645886588,0.950701027652504,0.565716092698249,0.567576845448113,0.568440781844029,0.427115234068507
1986-01-01,1.62971434968375,2.08517572849329,2.5789973138427,1.61990262964061,1.57368147678218,0.488404753868577,0.734853133950193,0.734853133950193,0.947400685348722,0.482366042277787,0.453417764066867,4.08698147337293,0.490451512740608,0.105983810725571,0.107704827634129,0.107492587882266,4.54597740485308,0.949447444220753,0.564979742205716,0.566700759114274,0.566488519362411,0.428683405664521
1986-04-01,1.62496953733278,2.0814219549034,2.57572736709806,1.61522762159329,1.56360729968298,0.485489069349236,0.733051292308297,0.733051292308297,0.946131966887248,0.479475888906234,0.446995523436244,4.09055923859245,0.48458361069328,0.104806321126844,0.105583195860154,0.102603411107209,4.55120213613046,0.945226508231292,0.565449218664856,0.566226093398166,0.563246308645222,0.424900563872691
1986-07-01,1.61764422495703,2.07898441541477,2.57169218316565,1.60422997196359,1.55637615882015,0.480970908770029,0.731879512654789,0.731879512654789,0.944564119262009,0.472643873209388,0.442360143853746,4.09123586060121,0.48217104317262,0.0988258043617027,0.0996276537534031,0.0968838709057721,4.55482907109319,0.945764253664601,0.562419014853683,0.563220864245384,0.560477081397753,0.420740983817853
1986-10-01,1.59863908621689,2.05782624543746,2.54459637492394,1.58574940739785,1.55375261833967,0.469152696190426,0.721650205002772,0.721650205002772,0.933972042110161,0.461057107827149,0.44067304901573,4.07702893479822,0.468793337187748,0.0881231390010137,0.0881899064960088,0.0864529474314938,4.54184828071796,0.933612683107482,0.552942484920748,0.553009252415743,0.551272293351228,0.408681498256963
1987-01-01,1.59295594685291,2.0440817355339,2.52722759709747,1.58060489088367,1.55784044910496,0.46559137634145,0.714948659572242,0.714948659572242,0.927122890475189,0.457807616104885,0.443300534698104,4.06932004141375,0.466718513246025,0.0842080915050029,0.083976487323038,0.0859173376378219,4.53085155554749,0.928250027379764,0.545739605638742,0.545508001456777,0.547448851771561,0.403984353758701
1987-04-01,1.59993870713552,2.0450414993637,2.52784664139534,1.58857639338911,1.56821636366693,0.469965320471663,0.715418082376247,0.715418082376247,0.927367810439468,0.462838265097112,0.449938899441359,4.07970374448725,0.471157725886785,0.0862350199805634,0.0863344770702581,0.0883089734675337,4.53710623445505,0.92856021585459,0.543637509948369,0.543736967038064,0.545711463435339,0.409055915061451
1987-07-01,1.59696920104654,2.03548792476166,2.51666495475038,1.58512407188465,1.57578061593466,0.468107583540671,0.710735556622817,0.710735556622817,0.922934594360954,0.460662683057195,0.454750778658895,4.07915337015594,0.470570635094298,0.0841240218004677,0.0839664854882142,0.0861341744822294,4.53398038097623,0.925397645914581,0.538951032620751,0.538793496308497,0.540961185302512,0.406990965184381
1987-10-01,1.5985462713081,2.0265237769286,2.50492705572826,1.5869567041802,1.56720981867168,0.469094635803911,0.70632190001942,0.70632190001942,0.918259614643093,0.461818159622155,0.449296852733007,4.0888133443277,0.475699225751653,0.0793993992795443,0.0806569342603193,0.0828671918982788,4.53797832316688,0.924864204590835,0.528564378118726,0.529821913099501,0.532032170737461,0.408479691241634
1988-01-01,1.58872185973632,2.02314274220527,2.5013920187207,1.57602861000897,1.57518042691706,0.462929831160929,0.704652115362864,0.704652115362864,0.916847384402666,0.454908144829905,0.454369822489207,4.08562686111495,0.465500136871785,0.0746961798947557,0.0752430559712299,0.0733247346993831,4.53954441435669,0.919417690113522,0.528613733136492,0.529160609212966,0.527242287941119,0.402038386466695
1988-04-01,1.58400734884934,2.01973457738865,2.4969195989213,1.57519316609333,1.57193127785417,0.459957932806559,0.702966105447378,0.702966105447378,0.915057811708872,0.454377909895921,0.452304976673673,4.08406662756126,0.467103479444194,0.0678097635025535,0.0693239569796381,0.065380964398902,4.53916650646357,0.922203358346507,0.522909642404867,0.524423835881952,0.520480843301216,0.397623464761469
1988-07-01,1.5881489185246,2.01951061958613,2.49650412619058,1.57846382391178,1.57044414234862,0.462569135836555,0.702855214529973,0.702855214529973,0.9148914037473,0.456452110737309,0.451358472569155,4.09004638005551,0.463288519871791,0.0712011232531721,0.0723007430701314,0.0678869712561859,4.54236864796625,0.915610787782536,0.523523391163917,0.524623010980876,0.520209239166931,0.400860930529944
1988-10-01,1.59295896555848,2.02563264401801,2.50312901201862,1.58852133053931,1.57984349068364,0.465593271373587,0.705882068565552,0.705882068565552,0.917541554077245,0.462803602738828,0.457325785603112,4.0951139290447,0.4714407284374,0.0708446190891115,0.072833175902003,0.0685077802660279,4.54706221174836,0.923389011141058,0.52279290179277,0.524781458605661,0.520456062969686,0.403429504811288
1989-01-01,1.60736074260486,2.04379186266277,2.52412506593466,1.59304913614383,1.56645315411176,0.474593543582259,0.714806838713716,0.714806838713716,0.92589449413864,0.46564987548914,0.4488139261508,4.10618459797713,0.478396292694541,0.0774325855672435,0.0800554637974805,0.0756155295387093,4.55748554853351,0.929697243250922,0.528733536123624,0.531356414353861,0.52691648009509,0.412623106282999
1989-04-01,1.62287498489092,2.06550807475974,2.55144940783331,1.6112179405523,1.5640093756721,0.484199258388207,0.725376237195741,0.725376237195741,0.936661592923699,0.476990377821049,0.447252636780407,4.12081699119316,0.487238690717091,0.0865462355000277,0.0892478829735823,0.0831992847590696,4.57327932572866,0.939701025252582,0.539008570035519,0.541710217509074,0.535661619294561,0.422114092177819
1989-07-01,1.6254789788879,2.07297446671594,2.56131882169954,1.61574829380762,1.5628634183144,0.485802528588324,0.728984516308775,0.728984516308775,0.940522290566062,0.479798189184834,0.446519663305307,4.12636542547496,0.487154962904774,0.0876507521264661,0.0904775103607081,0.0815351853572017,4.5810851874527,0.941874724882512,0.542370514104204,0.545197272338446,0.53625494733494,0.423153350071054
1989-10-01,1.61317605073736,2.05138167659041,2.53352695366108,1.60143231531695,1.55056932995315,0.47820493809567,0.718513554702703,0.718513554702703,0.929612384780364,0.4708984258689,0.438622173136675,4.11965441281922,0.47604488904603,0.0828089716279599,0.0847812053036339,0.076072835595909,4.57106185950392,0.927452335730724,0.534216418312654,0.536188651988328,0.527480282280603,0.414615109779715
1990-01-01,1.61287487795172,2.06093849283777,2.54398678496401,1.60074548124513,1.55331966930658,0.478018225118613,0.723161458104322,0.723161458104322,0.933732450874764,0.470469446514229,0.440394362847008,4.12954887303168,0.478254403198306,0.0799681332724758,0.0827687859800575,0.0756683121670539,4.58526309878783,0.933968628954458,0.535682359028627,0.538483011736209,0.531382537923206,0.414933644637058
1990-04-01,1.60725347145161,2.04854569713597,2.53065592564126,1.59659641351718,1.55725019030241,0.474526803907672,0.717130125364457,0.717130125364457,0.928478528284326,0.467874121901836,0.442921567356262,4.13407208386309,0.471238154801205,0.0779938499437697,0.080331509250176,0.0751923937977919,4.58802380823975,0.925189879177859,0.531945574320423,0.534283233626829,0.529144118174445,0.41201426903685
1990-07-01,1.60594029665339,2.03810758610372,2.520216883313,1.5943255439122,1.54597847563632,0.473709439648869,0.712021723448267,0.712021723448267,0.924344962626716,0.466450790326414,0.435657027452733,4.13840447911016,0.468064179503836,0.0804339351617479,0.0817518253872043,0.0756209989997679,4.58904000208801,0.918699702481683,0.531069458139594,0.532387348365051,0.526256521977614,0.412010055299638
1990-10-01,1.58979772871209,2.02870546088951,2.5103849940935,1.58007256076929,1.54818499778454,0.463606793493188,0.707397885638702,0.707397885638702,0.920436125482551,0.457470770521902,0.437083275639819,4.11768753051926,0.451196498872527,0.0790774873046863,0.0776771784288227,0.0697467505008216,4.57451686250862,0.90802583086189,0.535906819294049,0.534506510418185,0.526576082490184,0.40240176207756
1991-01-01,1.59878015901323,2.04034796822095,2.52727028274923,1.59019347856076,1.56685775406742,0.469240937853854,0.713120365967594,0.713120365967594,0.927139780640254,0.463855693458573,0.449072183291417,4.12552177484554,0.453301067905838,0.0903377881066746,0.0870986896943841,0.0768369239540306,4.58342061763194,0.911199910692239,0.548236630893075,0.544997532480785,0.534735766740431,0.408122659213873
1991-04-01,1.60336854762459,2.0515286763309,2.54182406605372,1.59382452990579,1.56393319161858,0.472106758383791,0.718585211028537,0.718585211028537,0.932881959535621,0.466136492693662,0.447203924854346,4.14444647068436,0.462462284511877,0.0905609941755999,0.0878584416882933,0.078079489966245,4.60522167183619,0.923237485663707,0.55133619532743,0.548633642840123,0.538854691118075,0.411717067772269
1991-07-01,1.60656946275985,2.057190158089,2.54756011523378,1.59896853901994,1.55883519899781,0.474101137207238,0.72134105077778,0.72134105077778,0.935136083572839,0.469358758248582,0.443938875057475,4.15332529698167,0.468649603469708,0.0915816913136374,0.0888712293853108,0.0814974175486859,4.61436024334727,0.929684549835309,0.552616637679239,0.549906175750912,0.542532363914287,0.414553985280237
1991-10-01,1.60028902851554,2.05131862031107,2.54035396108863,1.59082537142176,1.55074264117866,0.470184255753995,0.718482815786975,0.718482815786975,0.932303426080776,0.464252983068674,0.43873393952929,4.155374387543,0.465256074707309,0.0877086150803333,0.0846460907925616,0.0787479114274762,4.61749355786978,0.92737524503409,0.549827785407114,0.546765261119343,0.540867081754257,0.410416772895307
1992-01-01,1.5960876252721,2.04297181561759,2.52719185059961,1.58469970306723,1.54671302387997,0.467555400573193,0.714405520154221,0.714405520154221,0.927108745824856,0.460394927591856,0.436132049457078,4.17449836047553,0.465471070131288,0.0797320099201763,0.0778721338511629,0.0698470736528588,4.63405170572719,0.925024415382951,0.539285355171839,0.537425479102826,0.529400418904522,0.406851262967023
1992-04-01,1.60237469895107,2.0483633257346,2.53173459335199,1.58996085157598,1.54272432272589,0.47148671577344,0.717041096586677,0.717041096586677,0.9289046778368,0.463709394278694,0.433549894247045,4.1857090077129,0.474050529929699,0.0796287095427023,0.0785770466198328,0.0737331328515246,4.64312696977626,0.931468491993059,0.537046671606063,0.535995008683193,0.531151094914885,0.41093674648866
1992-07-01,1.60595459299542,2.0634035309711,2.54925438775757,1.59357696929182,1.53710112055033,0.473718341772084,0.724356818921941,0.724356818921941,0.935800919456195,0.465981155743152,0.429898253251369,4.19762480175702,0.47483432209699,0.0786881894531608,0.0781742936280433,0.0728283401666094,4.65970737944114,0.936916899781101,0.540770767137271,0.540256871312154,0.53491091785072,0.414094132037707
1992-10-01,1.6169059575125,2.06726700332853,2.55096444792477,1.60675732415704,1.54362993854573,0.480514420284337,0.726227446681743,0.726227446681743,0.936471502537579,0.474218063626406,0.434136745767745,4.21012644022739,0.482937376201511,0.0819313031681227,0.0820756592569321,0.0779349717524395,4.66608352248063,0.938894458454753,0.537888385421365,0.538032741510175,0.533892054005682,0.421015605543752
1993-01-01,1.62237572408289,2.08544182476237,2.5695365455436,1.61590808301654,1.54504460700098,0.483891571336121,0.734980739162631,0.734980739162631,0.943725550171966,0.479897079159768,0.435052781778217,4.2054684488649,0.481795105206457,0.0880385037124403,0.0869622727587917,0.0865987023923142,4.66530242770075,0.941629084042302,0.547872482548285,0.546796251594637,0.546432681228159,0.423359342925549
1993-04-01,1.61196123333863,2.07155078862763,2.55178198880308,1.60354875322594,1.5533486435916,0.477451594997881,0.728297500037144,0.728297500037144,0.936791934248399,0.472219143945776,0.440413015810316,4.19443621707852,0.475878620871854,0.0811307139066035,0.0797869451351881,0.0824186667418402,4.65377655632904,0.935218960122371,0.540471053157121,0.539127284385706,0.541759005992358,0.417341418140961
1993-07-01,1.61917974470081,2.07548565953828,2.55527606109471,1.61466051685375,1.55501938539998,0.481919690584154,0.730195179086115,0.730195179086115,0.938160265214156,0.479124728295674,0.441488012048658,4.19813606468063,0.478433820875702,0.0859120961388309,0.0840508737806234,0.0890368390284373,4.65437663931064,0.934674395505705,0.542152670768833,0.540291448410626,0.54527741365844,0.421784455252324
1993-10-01,1.62749699019224,2.08358779778611,2.56323834835632,1.61804476131067,1.57127063107424,0.487043245754634,0.734091310558692,0.734091310558692,0.941271438905267,0.481218482846148,0.451884611193628,4.21105519642596,0.490139163634825,0.0854575947783096,0.0848171174807046,0.0898626725206922,4.6652833895766,0.944367356785457,0.539685787928942,0.539045310631337,0.544090865671325,0.426212964822363
1994-01-01,1.64794505203248,2.11021216734753,2.59428747682752,1.63796596616174,1.5808681044264,0.499529088718117,0.746788495678111,0.746788495678111,0.953311903511472,0.493455207535984,0.457974129336995,4.22593475452717,0.503952990687446,0.0950072539631928,0.0947565013218358,0.101350488797811,4.67971756932052,0.957735805480801,0.548790068756548,0.548539316115191,0.555133303591166,0.439805261109137
1994-04-01,1.6425200258761,2.10021945660588,2.57892645360477,1.63329077164304,1.58576678596005,0.496231663616518,0.742041842414961,0.742041842414961,0.947373209084581,0.490596857931222,0.461068066978006,4.2215313729249,0.50495765771494,0.0864677616884017,0.0872664780279752,0.0953296445397309,4.67267291839296,0.956099203183003,0.537609307156464,0.538408023496038,0.546471190007794,0.437232967810306
1994-07-01,1.64218253014666,2.09954840369175,2.57650698785618,1.63459691372492,1.59379405747041,0.496026168156961,0.741722275742627,0.741722275742627,0.946434600933127,0.491396238006174,0.466117373445514,4.21631373365346,0.499829902247818,0.0862173333681825,0.0864632376695233,0.0937109416494863,4.66672216642962,0.950238335023984,0.536625766144348,0.536871670445689,0.544119374425652,0.436987275609741
1994-10-01,1.65424970700242,2.10069529931041,2.57589972063513,1.64766106199599,1.60233224449571,0.50334755679194,0.742268384839274,0.742268384839274,0.94619887915951,0.499356744070504,0.471460220710956,4.23338630754975,0.507933169198307,0.0893562963092422,0.0902761758527186,0.0984695191335049,4.67623762991732,0.950784491565877,0.532207618676812,0.533127498220289,0.541320841501075,0.445360791818625
1995-01-01,1.64784444764811,2.08492168221228,2.55639131334798,1.64592912154221,1.59343725698895,0.499468038469357,0.734731292057162,0.734731292057162,0.938596620786332,0.498305040296261,0.465893479759903,4.22760136848819,0.501216490329621,0.0870721377273012,0.0869120598485764,0.0928018253355651,4.66672995080516,0.940345072646596,0.526200720044276,0.526040642165551,0.53193040765254,0.44080824709899
1995-04-01,1.64836598868662,2.07518892303219,2.54360698077158,1.64718537328416,1.59461373893816,0.499784487344779,0.730052196782544,0.730052196782544,0.933583144852852,0.499067996947096,0.466631536964204,4.23110502638777,0.498495992803174,0.0891826183407738,0.0878581461400311,0.0893736859371386,4.66490368389584,0.932294650311247,0.522981275848847,0.521656803648104,0.523172343445211,0.439833815944835
1995-07-01,1.64691347006306,2.07661617291981,2.54464209591485,1.64329458308077,1.60688681645633,0.498902911905842,0.73073972902977,0.73073972902977,0.933990009824258,0.496703118833078,0.474298652698309,4.23091955816097,0.500150639169883,0.0861468403461312,0.0848186475404193,0.0872223175310455,4.66600665607939,0.935237737088299,0.521233938264547,0.519905745458835,0.522309415449461,0.439452303136249
1995-10-01,1.64928711554261,2.07477469641095,2.5420951389074,1.64306100208953,1.60687996842166,0.500343143365189,0.729852567744507,0.729852567744507,0.932988598859737,0.496560966843994,0.474294391010929,4.23933383418092,0.499909128675545,0.0865130746714665,0.0848513701654304,0.087061665223325,4.67197928967547,0.932554584170094,0.519158530166015,0.517496825659979,0.519707120717874,0.440207810936352
1996-01-01,1.65073248760972,2.07365163956905,2.54093020845296,1.64065059400014,1.61155060187112,0.501219121288564,0.72931113020729,0.72931113020729,0.932530237787257,0.495092866828639,0.477196822258882,4.24756811328007,0.502758485747109,0.0860836007881403,0.0841594020056855,0.0812559938686533,4.67887922977876,0.934069602245801,0.517394717286833,0.515470518504378,0.512567110367345,0.442023652991762
1996-04-01,1.66101394522234,2.08173660754783,2.54958404741537,1.64791162187056,1.60959620443953,0.507428226274626,0.733202452846774,0.733202452846774,0.935930227204398,0.499508802543548,0.475983342843671,4.26474983191554,0.512909240484871,0.0858616039638935,0.085204316748015,0.089227546793947,4.69325183284531,0.941411241414643,0.514363604893666,0.513706317677787,0.517729547723719,0.449493468178332
1996-07-01,1.6550965378376,2.07213617793444,2.5376016146367,1.64711580453066,1.60761781511581,0.503859338147535,0.728580045178911,0.728580045178911,0.931219388743143,0.499025761128477,0.474753465340293,4.26491887082925,0.50894791593423,0.0803593694837519,0.0796276531541902,0.0857444232735634,4.69227892142486,0.936307966529839,0.50771942007936,0.506987703749799,0.513104473869172,0.444207703419655
1996-10-01,1.6564427053212,2.07280334510611,2.53826366886995,1.64746987537511,1.61169434335492,0.504672354366828,0.72890196407482,0.72890196407482,0.931480252339801,0.499240702174308,0.477286012802164,4.26714182592425,0.510059125194875,0.0785612790413392,0.0779448640718572,0.0831202439049163,4.69394972389722,0.936867023167849,0.505369177014313,0.504752762044831,0.50992814187789,0.444541655829292
1997-01-01,1.64534522436183,2.05507821485797,2.51654740643801,1.63485160725848,1.6090761293111,0.497950225033153,0.720313907982044,0.720313907982044,0.922887885299641,0.491552040143717,0.475660181565334,4.25833202873778,0.500352635732409,0.0721548761636354,0.0707706371710686,0.0784733191340396,4.68326968900427,0.925290295998898,0.497092536430124,0.495708297437558,0.503410979400529,0.439676126220442
1997-04-01,1.6567262293182,2.06224232988685,2.52510557939184,1.64950439697753,1.60985063445902,0.504843504104905,0.723793900458225,0.723793900458225,0.926282875473689,0.500474877325586,0.476141401064696,4.28085678331252,0.510214025896745,0.0723836101734049,0.0723142498353838,0.079864083496782,4.7022961546813,0.93165339726553,0.49382298154219,0.493753621204169,0.501303454865567,0.444680431573739
1997-07-01,1.65959333475676,2.06062037139183,2.52437710625878,1.65250968458303,1.6168781673495,0.506572593293989,0.723007088625664,0.723007088625664,0.925994341703614,0.502295153291148,0.480497232889058,4.2920004686505,0.512856419959709,0.0704865609599959,0.0708599093202367,0.0766686291409737,4.71142221706013,0.932278168369334,0.489908309369621,0.490281657729862,0.496090377550599,0.44654224589917
1997-10-01,1.64069141427465,2.03355403692414,2.49293554320443,1.63499076996074,1.60336432769338,0.495117747060203,0.709785019370394,0.709785019370394,0.91346094909463,0.491637159049334,0.472104126464405,4.28618416237605,0.499673933265335,0.0583392029607721,0.0582846807562902,0.0673590838432599,4.70452736441048,0.918017135299762,0.476682404995199,0.476627882790717,0.485702285877687,0.434869925388015
1998-01-01,1.62393500149413,2.01155385032696,2.46877352589037,1.61828608563246,1.58056948998547,0.484852217228004,0.698907483278274,0.698907483278274,0.903721479096468,0.481367617365238,0.45778521879684,4.28144851877827,0.488671934153022,0.0463721484893677,0.0462444481826641,0.0553414146717949,4.70031778064673,0.907541196021486,0.465241410357832,0.465113710051129,0.474210676540259,0.425425074904735
1998-04-01,1.61214560313173,1.99600102071999,2.45114746554537,1.60798880359578,1.57582067761675,0.477565964528826,0.691145689271903,0.691145689271903,0.896556268197294,0.474984207794585,0.454776201723781,4.2785377563821,0.480464226184952,0.037996955241996,0.0376725497978094,0.0423934922238915,4.69752806005056,0.89945452985342,0.456987258910465,0.456662853466278,0.46138379589236,0.418546144049671
1998-07-01,1.61331320293579,1.99394648340514,2.44965378707935,1.60845088672727,1.57748506400591,0.478289954463446,0.69011583236561,0.69011583236561,0.895946703175054,0.475271533645003,0.455831847246356,4.29344028022899,0.481342730790509,0.0352505971316008,0.0354850553826063,0.0388809518274749,4.71109702894059,0.898999479502118,0.452907345843209,0.453141804094215,0.456537700539083,0.417698573081722
1998-10-01,1.61625162492491,1.99733825353066,2.45382541896777,1.61054950790116,1.56714473611272,0.480109656470729,0.691815420926947,0.691815420926947,0.897648202343122,0.476575430018996,0.449255324209142,4.30357639574436,0.488117621177705,0.0307966665039012,0.0324949655723266,0.0371700773127537,4.72111494161675,0.905656167050098,0.448335212376294,0.45003351144472,0.454708623185147,0.419955557022491
1999-01-01,1.61143438265325,1.98482311579564,2.43914653177171,1.60685804509732,1.56705235468084,0.477124703264544,0.685529799738174,0.685529799738174,0.891648196056324,0.474280747506549,0.449196373588466,4.3152114925941,0.48079367261729,0.0262819927247612,0.02805354315834,0.0309927537297072,4.72973498538588,0.89531716540907,0.440805485516541,0.44257703595012,0.445516246521487,0.416553069422967
1999-04-01,1.61097191114391,1.98454749520738,2.4391181476486,1.60900452175831,1.56867406572391,0.476837668377974,0.685390926039693,0.685390926039693,0.89163655908089,0.475615678297352,0.450230718407012,4.31731441509087,0.481426506155323,0.0261698350507646,0.0275598473840578,0.0302515781814576,4.73211330579378,0.896225396858239,0.44096872575368,0.442358738086973,0.445050468884373,0.416167677111344
1999-07-01,1.61539624365954,1.99160036861115,2.4475959161291,1.61405687454739,1.56017868300216,0.479580278691884,0.688938520868797,0.688938520868797,0.895106284084307,0.478750807484271,0.444800355088196,4.3293808945304,0.482696200240241,0.0252809158166338,0.0275160076937168,0.029847536113209,4.74490689992283,0.898222205632664,0.440806921209057,0.44304201308614,0.445373541505632,0.419272809203508
1999-10-01,1.61551920493496,1.98700472888919,2.44079300694573,1.61408169539079,1.55211574828267,0.479656394131877,0.686628343480883,0.686628343480883,0.892322989349736,0.47876618528969,0.439618999059114,4.34370484782905,0.486305384175484,0.0191890813709632,0.0231070085097769,0.0213167972668959,4.75637144304691,0.898971979393344,0.431855676588823,0.435773603727636,0.433983392484755,0.419465936684637
2000-01-01,1.56543449780546,1.92554078644344,2.36553507124473,1.56225653483255,1.5389346553845,0.448163419839312,0.655206856309427,0.655206856309427,0.861004242123622,0.446131272780413,0.431090394815951,4.31167954364735,0.451392592582289,-0.00999209832264536,-0.00688762293462841,-0.00573755673254267,4.72452036593166,0.864233414866599,0.402848723961665,0.405953199349682,0.407103265551767,0.385889923912147
2000-04-01,1.60126650503441,1.97125765918794,2.42064356634916,1.59693550339809,1.54272451289806,0.470794881769384,0.678671744734838,0.678671744734838,0.884033441321669,0.468086482317202,0.433550017517387,4.35523011299255,0.476365347825311,0.00516715562395731,0.0105373750757509,0.00905646672023036,4.76846867254483,0.889603907377596,0.418405715176242,0.423775934628036,0.422295026272515,0.409359763788852
2000-07-01,1.57733557841893,1.93908262303058,2.3818973491706,1.57409234410019,1.52983345627006,0.455737080789532,0.662214986508221,0.662214986508221,0.867897375617702,0.453678816698803,0.425158877368453,4.33968193873073,0.456612661921036,-0.00483541855333658,-0.00104297318105956,-0.00425052805260379,4.7518422335589,0.868772956749206,0.407324876274834,0.411117321647111,0.407909766775566,0.394031127225312
2000-10-01,1.59204736811356,1.95052805985405,2.39759541993796,1.58814322187564,1.51865855604821,0.465020840819732,0.668100135841127,0.668100135841127,0.87446632674904,0.462565548856071,0.417827416284618,4.36112743777669,0.463303150362137,0.00552541074760288,0.00895978171001005,0.00135186725616016,4.770572923706,0.872748636291446,0.414970896676911,0.418405267639318,0.410797353185468,0.403637061855751
2001-01-01,1.55652782047401,1.91706183643403,2.35797924325603,1.5532644278285,1.52278014377553,0.442457584478313,0.650793720420694,0.650793720420694,0.857804999386033,0.44035879871846,0.420537706155361,4.33389754413739,0.436637355080989,-0.00951790117872997,-0.00844889383166619,-0.017250445371492,4.74924495904511,0.85198476998871,0.405829513728991,0.406898521076055,0.398096969536229,0.381707810734864
2001-04-01,1.58397048919761,1.95215221916441,2.40110683436662,1.58196890394696,1.53011015363394,0.459934662661618,0.668932466079838,0.668932466079838,0.875929812028723,0.45867021298727,0.425339728651944,4.36850331594499,0.452645762462933,0.00866504327115697,0.00938958329106654,-0.00213717051592466,4.78449846531209,0.868640911830038,0.424660192638262,0.425384732658172,0.41385797885118,0.398422369423113
2001-07-01,1.59073300375782,1.96133855183026,2.41247668576141,1.58829825187299,1.52876521017311,0.464194918653019,0.673627174755979,0.673627174755979,0.880653890251212,0.462663161230647,0.424460357387976,4.37689285442926,0.454131890989317,0.020725938017331,0.0189402179687038,0.00610843907508429,4.79335182602745,0.870590862587511,0.437184909615524,0.435399189566897,0.422567410673278,0.404809228474006
2001-10-01,1.5993420698563,1.97377072425977,2.4283264604192,1.59747333740081,1.52165082859634,0.469592338337415,0.679945786474211,0.679945786474211,0.887202320674104,0.468423216927331,0.419795816954233,4.39562013668411,0.460103302425073,0.0281175032126952,0.0255010307974394,0.00866736489153136,4.81323011902079,0.877713284761762,0.445727485549384,0.443111013134129,0.426277347228221,0.410997253128192
2002-01-01,1.62418024795841,1.99744563176641,2.45271073085796,1.6241024949243,1.5523100455819,0.485003225702711,0.691869180148403,0.691869180148403,0.897193833682648,0.484955352386084,0.439744173447151,4.42908172671694,0.479383278535787,0.0412797553619104,0.039037847147407,0.023384574416668,4.84127233469688,0.891573886515724,0.453470363341847,0.451228455127344,0.435575182396605,0.425995375532047
2002-04-01,1.6193218206658,1.99446463573654,2.45289113754428,1.61953844931287,1.55697061601108,0.482007432375974,0.690375661314446,0.690375661314446,0.897267384978181,0.482141200818787,0.442742020490783,4.43011734564797,0.479705549078147,0.0379940652587928,0.0355163118679013,0.02223384221513,4.84537729825018,0.894965501680354,0.453254017861,0.450776264470109,0.437493794817337,0.423941490770411
2002-07-01,1.62948776192041,2.0089719802467,2.47611014876011,1.62734717415237,1.56520670220954,0.488265708939209,0.697623138620902,0.697623138620902,0.906688840408017,0.486951188480976,0.448017893359737,4.44501339514442,0.483680835558848,0.0446495305550633,0.0417113100803143,0.0277875515707423,4.86343652661323,0.902103967027656,0.463072662023871,0.460134441549122,0.44621068303955,0.429797779369651
2002-10-01,1.63112295380295,2.01604622005962,2.48619928872849,1.62823614054107,1.58356787747292,0.489268706329687,0.701138276563184,0.701138276563184,0.910755154287627,0.487497306534095,0.459680451548602,4.4454861479842,0.484675963505442,0.0481311246691526,0.0441102819371876,0.0326830679339386,4.86697259594214,0.906162411463383,0.469617572627093,0.465596729895128,0.454169515891879,0.431493240653998
2003-01-01,1.64421001801824,2.03989821458028,2.51938214956484,1.64136572833507,1.58776886191777,0.497260036661163,0.712899911797751,0.712899911797751,0.924013692718001,0.49552865646282,0.462329799282576,4.46418860850744,0.491335186342524,0.0563526652165584,0.051920866617995,0.0425565449180325,4.89094226456428,0.918088842399362,0.483106321273396,0.478674522674833,0.46931020097487,0.4403526876066
2003-04-01,1.63968713606142,2.0323442703191,2.51343279373502,1.63509100235636,1.58774573965388,0.494505452942809,0.709189939735185,0.709189939735185,0.92164946567288,0.491698461733866,0.462315236437316,4.47670314194416,0.492482160346259,0.0510099817321455,0.0470138642671939,0.0357479809165824,4.90384715467423,0.91962617307633,0.478153994462217,0.474157876997265,0.462891993646654,0.436672752698355
2003-07-01,1.65650707275481,2.05615190496235,2.54280843074304,1.65154777965874,1.596932878301,0.50471121244674,0.720836228600201,0.720836228600201,0.933269151609872,0.501712896498172,0.468084838481718,4.50591093453713,0.509512008755878,0.052138929466827,0.0505305230328812,0.0371545853369189,4.93446887370026,0.93806994791901,0.48069686862996,0.479088462196014,0.465712524500052,0.447935587516413
2003-10-01,1.6551908535857,2.05369331825658,2.54051317473118,1.64920029496656,1.59727570989107,0.503916321567386,0.719639790843782,0.719639790843782,0.9323660979194,0.500290500704922,0.468299496718286,4.51312065998573,0.509919652142715,0.0472641226630997,0.0466103939534188,0.0380959255484157,4.94157043633775,0.938369428494729,0.475713899015113,0.475060170305432,0.466545701900429,0.445518910201296
2004-01-01,1.67212609671496,2.07775060958715,2.57204289774669,1.66278693812674,1.62093840523827,0.514095928514362,0.731285870839066,0.731285870839066,0.94470048498694,0.508495073017127,0.483005244029298,4.52391948685074,0.516100787967687,0.0588039878214364,0.0574968391792074,0.0522256860479713,4.95452404332332,0.946705344440266,0.489408544294015,0.488101395651786,0.48283024252055,0.45519770396465
2004-04-01,1.66464633500772,2.06560635099243,2.5529032914449,1.65553618885284,1.62661261928433,0.509612689463136,0.725423815753283,0.725423815753283,0.937231257183426,0.504124937538422,0.486499704795159,4.52633384633093,0.509552039385129,0.0530847299442784,0.0519399135069981,0.0449838487223211,4.95395241405122,0.937170607105419,0.480703297664569,0.479558481227289,0.472602416442612,0.451961517659382
2004-07-01,1.65229788607907,2.05081391166359,2.52847311151785,1.6451744503579,1.63008744670087,0.502166977293166,0.718236744434531,0.718236744434531,0.927615607317959,0.497846427444341,0.488633661662398,4.52403378951058,0.503816847677082,0.042914339784083,0.0424098129370972,0.0349504595738403,4.94948241953537,0.929265477701875,0.468362969808876,0.46785844296189,0.460399089598633,0.444883562073392
2004-10-01,1.66839112247617,2.07651930210981,2.55639127728478,1.66093976516153,1.63337886932912,0.511859762346017,0.730693079547422,0.730693079547422,0.938596606679257,0.507383565772226,0.490650795240945,4.54243097398332,0.513698197341475,0.0497263747636911,0.0499394602645175,0.0384938690644342,4.96916781831656,0.940435041674715,0.476463219096931,0.476676304597757,0.465230713397674,0.45492992179347
2005-01-01,1.68739990922547,2.10575057224181,2.58964603647045,1.68188551067114,1.65397121956815,0.523188828953884,0.744671969965317,0.744671969965317,0.951521200916448,0.519915491856626,0.503179195947174,4.56338851541706,0.52664058298298,0.0572581938678578,0.0584935597563438,0.0465877866471245,4.99172088737963,0.954972954945544,0.485590565830422,0.486825931718908,0.474920158609688,0.465585997433103
2005-04-01,1.6868563208242,2.10466799340821,2.58486319434665,1.68110065496991,1.67294601250635,0.522866631486407,0.74415773184833,0.74415773184833,0.949672583676621,0.51944873066474,0.514586151613324,4.55878819738147,0.524709122521852,0.0582944499589158,0.0590502886579406,0.0472626109810312,4.98559414957169,0.951515074712066,0.48510040214913,0.485856240848155,0.474068563171245,0.464552661089906
2005-07-01,1.69563519862508,2.10508273998235,2.58294175895802,1.69025521148668,1.65988847144814,0.528057419083127,0.744354772766786,0.744354772766786,0.948928966030626,0.524879530247722,0.506750414236765,4.5727764389513,0.528485896348765,0.0612156099835058,0.0626700034758795,0.0531112387963334,4.9936479858988,0.949357443296264,0.482087156931004,0.483541550423378,0.473982785743832,0.469765024049378
2005-10-01,1.69944108579464,2.1072482800014,2.58143658671065,1.69485109835399,1.69142136943002,0.530299423942481,0.745382963666101,0.745382963666101,0.948346060523224,0.527594889394822,0.525569222453147,4.57714618118499,0.531403192598569,0.0629502537576875,0.0646686052064727,0.0597215264470362,4.99519281776574,0.949449829179312,0.480996890338431,0.482715241787216,0.47776816302778,0.471839486143602
2006-01-01,1.68752314705485,2.09016377914225,2.5557027394963,1.68372125129551,1.68842177602632,0.523261860443717,0.737242426132442,0.737242426132442,0.93832723065042,0.521006374384653,0.523794232276299,4.57773650115327,0.52774918502168,0.0502164534743789,0.0539261194962667,0.0482104005168449,4.99280187135997,0.942814555228383,0.465281823681082,0.46899148970297,0.463275770723548,0.464470653203336
2006-04-01,1.69925378248867,2.09809482871135,2.56130853389759,1.69496933381853,1.68928861936667,0.530189203217517,0.741029708529065,0.741029708529065,0.94051827395457,0.527664648526286,0.524307505030862,4.58331419918552,0.531134385800507,0.059890461246795,0.0631050565461095,0.0607771047339903,4.99364326992257,0.94146345653756,0.470219531983848,0.473434127283162,0.471106175471043,0.469809549445937
2006-07-01,1.69948071318292,2.09963059192928,2.56175006560812,1.69525529996888,1.71408658769352,0.530322741565319,0.74176142065054,0.74176142065054,0.940690644308355,0.52783334894111,0.538880336807139,4.57932477192939,0.529020835924752,0.0632714718898639,0.0659057902778066,0.0651766068164097,4.98969267467243,0.939388738667787,0.4736393746329,0.476273693020842,0.475544509559445,0.470926364348168
2006-10-01,1.68532914689204,2.08203517376927,2.53853262936163,1.68054773927824,1.69407212014157,0.521960884129871,0.733345864271624,0.733345864271624,0.931586209118894,0.51911977556188,0.527135169197039,4.57833371955641,0.521349294965347,0.0520525901961884,0.0560154392633637,0.0532848001102977,4.98795904454543,0.930974619954369,0.461677915185211,0.465640764252386,0.46291012509932,0.462727697278907
2007-01-01,1.66430819245113,2.04878646842447,2.49611139078268,1.65824767179821,1.67780294107074,0.509409537058998,0.717247651246688,0.717247651246688,0.914734077228813,0.505761425411214,0.517485164361375,4.56831870195025,0.508303500381645,0.0413159961038366,0.0452004470817213,0.0420748715190414,4.97364324212006,0.913628040551459,0.446640536273651,0.450524987251536,0.447399411688856,0.451718901721999
2007-04-01,1.68050006406553,2.07019833608917,2.51834367760398,1.67614524219788,1.68723671684244,0.51909140630592,0.727644417223187,0.727644417223187,0.923601414634117,0.516496658327731,0.523092111943292,4.58343241566329,0.518546799360795,0.0503489341714149,0.0549449122622575,0.053877113602046,4.98794242399148,0.923056807688992,0.454858942499612,0.459454920590455,0.458387121930243,0.460831446152114
2007-07-01,1.69719455306331,2.08635232826242,2.53318936525029,1.6926614741339,1.66831939859545,0.52897662497446,0.735417243688557,0.735417243688557,0.929479127502853,0.526302126945569,0.511816771573954,4.60309670806729,0.526716455229151,0.0600618525919787,0.0652448947757279,0.0610645501415649,5.00359921059568,0.927218957757544,0.460564355120372,0.465747397304121,0.461567052669958,0.470131312651221
2007-10-01,1.69693539107674,2.07935732994619,2.52118045089243,1.69043399469053,1.67164429603595,0.528823913091689,0.732058869982904,0.732058869982904,0.924727224736717,0.524985297559128,0.513807750424514,4.60922746794557,0.527662087849131,0.0595779740922673,0.0654130726662612,0.057531637300334,5.00513077959059,0.923565399494159,0.455481285737295,0.461316384311289,0.453434948945362,0.469028245475603
2008-01-01,1.67242745261412,2.04393074205151,2.47679220569215,1.66467407896912,1.65546385020902,0.514276135466073,0.714874788230954,0.714874788230954,0.906964257481701,0.509629355904298,0.504081241589777,4.58718947237606,0.506261623560144,0.054002500960962,0.0576154474375164,0.0521204189736352,4.97987759439169,0.898949745575772,0.44669062297659,0.450303569453144,0.444808540989263,0.456160111446654
2008-04-01,1.6949647298835,2.0703657443528,2.50850484162071,1.68800472244554,1.6621966563404,0.5276619322876,0.727725279762913,0.727725279762913,0.9196868950263,0.523547193827161,0.508140014547952,4.61045231651524,0.520007274858749,0.0674754229741653,0.0715663402140784,0.0646338438758887,5.00247727925394,0.912032237597449,0.459500385712865,0.463591302952778,0.456658806614589,0.470778737702191
2008-07-01,1.69598286748517,2.0670371030192,2.50437871411784,1.69053978521299,1.6950446041953,0.528262435600041,0.726116230717143,0.726116230717143,0.918040685458969,0.525047877472122,0.527709055645645,4.61320335640684,0.516068289420752,0.0753215847500655,0.0775953024785048,0.067753456938103,5.00298160626576,0.90584653927968,0.465099834608993,0.467373552337432,0.45753170679703,0.471507404697694
2008-10-01,1.66968914734026,2.02184929669017,2.4509702389477,1.66519700179666,1.66582233000988,0.512637469785384,0.704012586015585,0.704012586015585,0.896483962060055,0.509943435830613,0.510318893405773,4.59121798193598,0.489510046602725,0.0779331599751099,0.0749779866510221,0.0617492332169715,4.97506447421065,0.873356538877396,0.46177965224978,0.458824478925693,0.445595725491642,0.458495372824308
2009-01-01,1.7313996609236,2.10514316932975,2.55401364236003,1.72912060361579,1.67615991423087,0.548930133960079,0.744383478754877,0.744383478754877,0.937666099162263,0.547612957661088,0.516505411727141,4.63748611130706,0.523121010446468,0.123533074997694,0.117902127054965,0.0974411035301725,5.02622207650925,0.911856975648651,0.512269040199877,0.506638092257149,0.486177068732356,0.496473316022578
2009-04-01,1.7162101342715,2.08391445334718,2.52963517660024,1.7132586813894,1.65973437354337,0.540118449437834,0.734248073790986,0.734248073790986,0.92807509336952,0.538397218676212,0.506657573626805,4.64894277391875,0.519476717095024,0.116383962327193,0.110184174787412,0.0832531532505354,5.03689941785044,0.907433361026709,0.504340606258879,0.498140818719098,0.471209797182221,0.489706637362678
2009-07-01,1.73280131099102,2.10188679717412,2.55102715791653,1.73011694287239,1.66880401354134,0.549739353838071,0.742835416187276,0.742835416187276,0.936496085091454,0.548189003261173,0.512107210307826,4.67475003533503,0.537590210963694,0.124042442177264,0.118231494551399,0.0968274670743512,5.06150676658842,0.924346942217077,0.510799173430647,0.504988225804782,0.483584198327734,0.499521833653415
2009-10-01,1.75267403153858,2.12146169871732,2.57357007474645,1.74655792326758,1.70072342525316,0.561142639725796,0.752105331628459,0.752105331628459,0.945294069095486,0.557646950055519,0.531053704810451,4.70005364213871,0.556586215838657,0.128545655859234,0.124506694727318,0.10633849909512,5.08420507150839,0.940737645208346,0.512697085228923,0.508658124097007,0.490489928464809,0.511842051768004
2010-01-01,1.77954604028585,2.16021514479218,2.61903327631578,1.77456732731684,1.73095261587005,0.576358298230134,0.770207820806369,0.770207820806369,0.96280527117826,0.573556633955145,0.548671901971944,4.71860789095812,0.572296131009389,0.142068793673625,0.138278668890318,0.125462074428792,5.10505486390625,0.958743103957515,0.528515766621751,0.524725641838444,0.511909047376918,0.52681758965178
2010-04-01,1.77314865444971,2.14462245298788,2.60063509783507,1.76742164506464,1.72949660021077,0.572756867034657,0.762963524294881,0.762963524294881,0.955755683596874,0.569521786866564,0.547830383628929,4.71783115199498,0.572864072832381,0.132804917457703,0.130414892919916,0.123079943605709,5.10082996855719,0.955862889394597,0.515803734019919,0.513413709482133,0.506078760167926,0.52037216290466
2010-07-01,1.77932580320473,2.14465702298084,2.60093867651103,1.77230520198129,1.7522315137605,0.576234530310923,0.762979643549014,0.762979643549014,0.955872409299314,0.572281073233084,0.560890126341501,4.72741648673236,0.576622934333683,0.130996547106817,0.129879102687311,0.123554204066075,5.10705436572075,0.956260813322073,0.510634426095207,0.509516981675702,0.503192083054466,0.524848530107998
2010-10-01,1.78679051313812,2.1519425868812,2.60955939240198,1.77758620471476,1.74058517339675,0.580421001067204,0.766370962985096,0.766370962985096,0.959181391912063,0.575256379249107,0.554221363237924,4.7340017442999,0.582049000769628,0.132128560277484,0.131594647864282,0.127592010513911,5.11276213514476,0.960809391614487,0.510888951122343,0.510355038709141,0.50635240135877,0.528070123910706
2011-01-01,1.75536800026149,2.11460235383568,2.56488939411272,1.74202968465579,1.71022662017788,0.562678521695314,0.748866782450865,0.748866782450865,0.941915356489367,0.555050918845279,0.536625888153531,4.7083853826142,0.559115324935972,0.118314525555041,0.11624359590716,0.113336126350542,5.08762221740825,0.938352159730026,0.497551360349094,0.495480430701213,0.492572961144595,0.51121127894717
2011-04-01,1.78003932469372,2.13859710590816,2.59338585905701,1.76820733083842,1.74493504837107,0.576635456584519,0.760150056074826,0.760150056074826,0.952964303452172,0.569966225913796,0.556717333397791,4.72481026182162,0.575990815257897,0.128142684887025,0.12689710872701,0.126125543018485,5.10113910868927,0.952319662125549,0.504471531754678,0.503225955594663,0.502454389886137,0.524089689341744
2011-07-01,1.77311332452117,2.12396818703836,2.57452743141856,1.76003939910847,1.74663737255825,0.572736941869088,0.753286125413644,0.753286125413644,0.945665995494317,0.565336194656584,0.557692438088085,4.7163763379658,0.569973025282694,0.125350780173209,0.123354776146857,0.12160522298042,5.08930539159103,0.942902078907924,0.498279833798438,0.496283829772086,0.494534276605649,0.520418571756116
2011-10-01,1.81348885199179,2.17556395078535,2.63493425916896,1.80185646982105,1.7641259499651,0.595252532488285,0.777287918648799,0.777287918648799,0.968858232600105,0.588817505526111,0.567655355242699,4.74607390788586,0.597996896777464,0.140742257996747,0.140422288945073,0.138819870273345,5.11967960799768,0.971602596889284,0.514347958108566,0.514027989056892,0.512425570385165,0.542887328774518
2012-01-01,1.7845764050272,2.1355852051831,2.58484150525774,1.77426380994929,1.75286822142313,0.579181078961569,0.758740709910167,0.758740709910167,0.949664192834136,0.573385581934607,0.561253429937827,4.73276850332072,0.583111730707194,0.119779178043491,0.120466127234247,0.118811829886079,5.10325161719329,0.953594844579761,0.490262291916058,0.490949241106814,0.489294943758647,0.52544684460457
2012-04-01,1.7902543062195,2.14112194599402,2.59033391811774,1.78104706083297,1.7556311318118,0.582357680275289,0.761329965479231,0.761329965479231,0.9517867933154,0.577201427783784,0.562828411536304,4.74031902687421,0.58485437767377,0.121314149832542,0.122017998271198,0.119070375549705,5.10974813991432,0.954283490713881,0.490743262872653,0.49144711131131,0.488499488589816,0.529999684000594
2012-07-01,1.79277874072233,2.1447400705041,2.59478000438035,1.78408073038405,1.74631480996792,0.583766785291888,0.763018365785014,0.763018365785014,0.953501736292058,0.578903285591385,0.557507744697285,4.73895900890726,0.583867246364537,0.123529054420796,0.123493487506365,0.12132448074245,5.10869395990743,0.953602197364707,0.493264005420966,0.493228438506536,0.49105943174262,0.530977955943298
2012-10-01,1.74788456543861,2.09037831931603,2.52817914928546,1.73858507835801,1.74069141501631,0.558406236974133,0.737345063622466,0.737345063622466,0.927499339788553,0.553071609064169,0.554282399249795,4.71064482093888,0.556201556931308,0.0991659976400598,0.0983272109577732,0.0985634239344357,5.0797379237533,0.925294659745727,0.468259100454479,0.467420313772193,0.467656526748855,0.504555032822045
2013-01-01,1.79134124461241,2.14116777471757,2.5926583932746,1.77730119228033,1.7601513224319,0.582964637934723,0.761351369319953,0.761351369319953,0.952683755986017,0.575096029621555,0.565399784008594,4.74415961575321,0.583451188324014,0.118653862148931,0.118819767650209,0.118977651043477,5.11387873380451,0.953170306375309,0.488372980200226,0.488538885701503,0.488696769094771,0.528596824408182
2013-04-01,1.77811780007011,2.1270279878678,2.57614707314395,1.76325303837607,1.75766916833796,0.575555389154649,0.754725694508495,0.754725694508495,0.946294900224109,0.567160420272723,0.563988595170292,4.73516076314864,0.574866707209921,0.11235088157864,0.111661395495423,0.112942423266756,5.1059002742181,0.945606218279381,0.4830903926481,0.482400906564883,0.483681934336217,0.521284007758514
2013-07-01,1.79953662431621,2.15386919833247,2.60778043344495,1.78532435188459,1.75341824671007,0.587529200825647,0.767265851882218,0.767265851882218,0.958499450890255,0.579600108463654,0.561567166591381,4.75106466736648,0.58894098725173,0.120434281813884,0.120383058178984,0.119519269793142,5.12203491743109,0.959911237316338,0.491404531878492,0.491353308243592,0.49048951985775,0.53422582720936
2013-10-01,1.80886583094208,2.1603185795139,2.61452918694584,1.79775751663591,1.75392191345707,0.592700036134739,0.770255701336112,0.770255701336112,0.961084038074208,0.586540064126984,0.561854373835308,4.76285520936288,0.594418682110681,0.121557671802952,0.122192909219186,0.119993909502226,5.13123921130235,0.96280268405015,0.489941673742421,0.490576911158654,0.488377911441695,0.537767763338838
2014-01-01,1.75866150977221,2.09800085499106,2.53915885442425,1.7479728945554,1.71896988146275,0.56455301390757,0.740984917500741,0.740984917500741,0.93183286650948,0.558456770565861,0.541725205283143,4.72650018609265,0.562954577572146,0.0983204562497305,0.096956642920127,0.0950023684046913,5.09378003869456,0.930234430174056,0.465600308851641,0.464236495522037,0.462282221006602,0.512406545813132
2014-04-01,1.79889217313601,2.13680961037481,2.58562027179606,1.7864557827171,1.74533538040899,0.587171016060372,0.759313880358164,0.759313880358164,0.949965429581566,0.580233647386945,0.556946732264067,4.75711684488278,0.589193394412811,0.113894359313202,0.11411614628327,0.113882105849536,5.11991125840397,0.951987807934004,0.476688772834396,0.476910559804464,0.476676519370729,0.532333620693946
2014-07-01,1.81351650950866,2.15230978115448,2.60547122668939,1.80256841507992,1.76615898398808,0.5952677833711,0.766541582290274,0.766541582290274,0.957613552009049,0.589212545118205,0.568807123038083,4.77297162831945,0.600252626549433,0.115007934961271,0.116817718882068,0.115308104336117,5.1353173969574,0.962598395187382,0.477353703599219,0.479163487520017,0.477653872974066,0.541185789934606
2014-10-01,1.78676958427121,2.12662157311789,2.57675942813833,1.7753736960421,1.76183272098552,0.580409287892477,0.754534604600722,0.754534604600722,0.946532573854366,0.574010933749884,0.566354585995561,4.75215090337392,0.585533033043107,0.0991272915844163,0.100722479936958,0.101478956768982,5.11827418933581,0.951656319004996,0.465250577546306,0.466845765898848,0.467602242730872,0.525910955101193
2015-01-01,1.77129012581034,2.10638382311573,2.55360124698648,1.76299667146019,1.73331646069421,0.571708165716948,0.744972649297577,0.744972649297577,0.93750461659814,0.567015015416329,0.550036602657016,4.75000104018144,0.574284163197797,0.0866746127377226,0.0888708836745118,0.0864864744575288,5.11579749106263,0.940080614078989,0.452471063618915,0.454667334555704,0.452282925338721,0.516475326421985
2015-04-01,1.77450658246878,2.11187257785305,2.56080971327154,1.76607790409879,1.72414868884568,0.57352240257557,0.747575031567996,0.747575031567996,0.940323502727685,0.568761214515028,0.544733414952703,4.75802602218595,0.577156919707918,0.0847393128594725,0.08753678395202,0.0825590091094392,5.12482712233806,0.943958019860033,0.451540413011587,0.454337884104135,0.449360109261554,0.518097313444394
2015-07-01,1.77447500577197,2.10126468572361,2.54933550315254,1.76542376386836,1.73086009692786,0.57350460778232,0.742539394757839,0.742539394757839,0.93583273821264,0.568390754410847,0.548618450817944,4.76003321422857,0.573559367793025,0.0860439606374561,0.0878993230542736,0.0832054843055681,5.12236134465889,0.935887498223345,0.448372091067776,0.450227453484594,0.445533614735888,0.515666657448675
2015-10-01,1.76319427947187,2.08444763692382,2.52946850929404,1.75484751750974,1.71943082163108,0.567127095570031,0.734503897813948,0.734503897813948,0.928009205292654,0.56238196853331,0.541993318403685,4.74554220487106,0.566248095526576,0.0820019975151871,0.082607318731203,0.080029459982769,5.10642431459368,0.927130205249199,0.44288410723781,0.443489428453826,0.440911569705392,0.510606871006173
2016-01-01,1.76054231561153,2.08287545918157,2.52838802337191,1.75412080071042,1.71812351160474,0.565621895456756,0.733749371332281,0.733749371332281,0.927581954764062,0.561967763135137,0.54123271364656,4.74505853925137,0.562136175970118,0.0804375272757644,0.0805184293840934,0.0768416728347314,5.10701859855867,0.924096235277423,0.44239758658307,0.442478488691399,0.438801732142037,0.509001536260882
2016-04-01,1.77557876160477,2.10102128191117,2.55183922861236,1.76887100817692,1.70254231996818,0.574126432656359,0.742423551231444,0.742423551231444,0.936814365305426,0.570341494586228,0.532122616276303,4.75541185437222,0.573190441713527,0.0873152049646085,0.0873358619170442,0.0825120962086908,5.11809978702129,0.935878374362594,0.450003137613675,0.450023794566111,0.445200028857757,0.51796280953626
2016-07-01,1.77707615526272,2.09754082453723,2.54790833946218,1.7714058378999,1.70056798570207,0.574969404339035,0.740765622596386,0.740765622596386,0.935272763539378,0.571773490029726,0.530962304496619,4.75985432721958,0.57358695127354,0.087088858348167,0.0868676681415,0.0827868171226166,5.12015768641993,0.933890310473882,0.44739221754851,0.447171027341842,0.443090176322959,0.518819505637265
2016-10-01,1.76899559485016,2.08878329238712,2.53636006538107,1.76478620014447,1.69421717929735,0.570411924982438,0.736581739705111,0.736581739705111,0.930730008113683,0.568029549985435,0.527220793028447,4.76013964458493,0.569710433922084,0.0814438653104935,0.0809613474387942,0.0771773723515873,5.12045772771617,0.93002851705333,0.441761948441739,0.441279430570039,0.437495455482833,0.515027521729517
2017-01-01,1.75860274456822,2.07649298095345,2.51907386742707,1.75228482472805,1.69125093518481,0.564519598616737,0.730680403853462,0.730680403853462,0.923891321048139,0.560920550492746,0.525468453457509,4.75383146913026,0.564307772230843,0.0748726441856569,0.0739866180513511,0.0688063149303343,5.11320319156166,0.923679494662246,0.43424436661706,0.433358340482754,0.428178037361737,0.509046017068006
2017-04-01,1.7633854833008,2.08105729417002,2.52458645173281,1.75711948022294,1.70002240464915,0.567235531415512,0.732876079069991,0.732876079069991,0.926077267821712,0.563675809296399,0.530641430180708,4.76048360565563,0.568275792392691,0.0739826550672305,0.0735445462142566,0.0694886175632711,5.11932534206183,0.927117528798891,0.43282439147343,0.432386282620456,0.428330353969471,0.512230431377829
2017-07-01,1.75994420121158,2.07905998001255,2.52253325427152,1.75403570066452,1.68794054496142,0.565282104690423,0.731915858874599,0.731915858874599,0.925263656219788,0.561919247599479,0.523509173374198,4.76533064188304,0.566424220221659,0.0687166894923718,0.0686212915972386,0.0631037303872969,5.1253121934124,0.926405771751024,0.428698241021736,0.428602843126603,0.423085281916661,0.509680527876021
2017-10-01,1.76235272659632,2.08737419736543,2.53321127756101,1.7566459034826,1.69440253548619,0.566649692835031,0.735906911191758,0.735906911191758,0.929487777553359,0.563406254165933,0.527330192255643,4.76372848191733,0.569508415846774,0.0676376309266541,0.067621026365532,0.0626483163233899,5.12656656663566,0.932346500565102,0.430475715644982,0.43045911108386,0.425486401041718,0.510655079428715
