"year","activity","sex","age_group","hours"
1900,"home_production","all","14+",22.7683416053399
1900,"home_production","all","14-17",12.3395861419531
1900,"home_production","all","18-24",20.0931217487603
1900,"home_production","all","25-54",25.9797902011778
1900,"home_production","all","55-64",24.1522589515618
1900,"home_production","all","65+",21.8313384001006
1900,"home_production","female","14+",42.5103239307884
1900,"home_production","female","14-17",20.99
1900,"home_production","female","18-24",35.5096818064067
1900,"home_production","female","25-54",50.3833515607708
1900,"home_production","female","55-64",45.1842755800781
1900,"home_production","female","65+",37.8362612874957
1900,"home_production","male","14+",4.01965312088829
1900,"home_production","male","14-17",3.801
1900,"home_production","male","18-24",4.32190112311796
1900,"home_production","male","25-54",3.70789816306806
1900,"home_production","male","55-64",4.21455293385535
1900,"home_production","male","65+",6.11302993125824
1901,"home_production","all","14+",22.6486358646044
1901,"home_production","all","14-17",12.2728559100251
1901,"home_production","all","18-24",19.9174866222885
1901,"home_production","all","25-54",25.8275229377308
1901,"home_production","all","55-64",24.0233797811702
1901,"home_production","all","65+",21.8801361392476
1901,"home_production","female","14+",42.3623839524279
1901,"home_production","female","14-17",20.8505
1901,"home_production","female","18-24",35.3069487822431
1901,"home_production","female","25-54",50.1814730817193
1901,"home_production","female","55-64",45.0917078452264
1901,"home_production","female","65+",37.8310807936091
1901,"home_production","male","14+",3.95561320453409
1901,"home_production","male","14-17",3.80545
1901,"home_production","male","18-24",4.238028878929
1901,"home_production","male","25-54",3.62595648897902
1901,"home_production","male","55-64",4.15420863134124
1901,"home_production","male","65+",6.14919240561328
1902,"home_production","all","14+",22.53433282789
1902,"home_production","all","14-17",12.2061200487164
1902,"home_production","all","18-24",19.7589785298868
1902,"home_production","all","25-54",25.6836960835419
1902,"home_production","all","55-64",23.9046746243777
1902,"home_production","all","65+",21.93636401261
1902,"home_production","female","14+",42.2217215584264
1902,"home_production","female","14-17",20.711
1902,"home_production","female","18-24",35.1246240374713
1902,"home_production","female","25-54",49.991578108318
1902,"home_production","female","55-64",45.0048396129874
1902,"home_production","female","65+",37.8281983325447
1902,"home_production","male","14+",3.90393956424001
1902,"home_production","male","14-17",3.8099
1902,"home_production","male","18-24",4.16742578350884
1902,"home_production","male","25-54",3.55853419329476
1902,"home_production","male","55-64",4.10796335880794
1902,"home_production","male","65+",6.19774441338172
1903,"home_production","all","14+",22.4715940786243
1903,"home_production","all","14-17",12.139378561009
1903,"home_production","all","18-24",19.6800335850126
1903,"home_production","all","25-54",25.5992034063411
1903,"home_production","all","55-64",23.8316744859976
1903,"home_production","all","65+",22.0218915646112
1903,"home_production","female","14+",42.1302100372368
1903,"home_production","female","14-17",20.5715
1903,"home_production","female","18-24",35.0394763714361
1903,"home_production","female","25-54",49.8563363656274
1903,"home_production","female","55-64",44.9447216663861
1903,"home_production","female","65+",37.8348975902386
1903,"home_production","male","14+",3.9085993384722
1903,"home_production","male","14-17",3.81435
1903,"home_production","male","18-24",4.15808794768238
1903,"home_production","male","25-54",3.55746799227021
1903,"home_production","male","55-64",4.12480161248634
1903,"home_production","male","65+",6.29512467118827
1904,"home_production","all","14+",22.4957339307909
1904,"home_production","all","14-17",12.0726314498833
1904,"home_production","all","18-24",19.737968199205
1904,"home_production","all","25-54",25.6136137199285
1904,"home_production","all","55-64",23.8365189985916
1904,"home_production","all","65+",22.1549897969583
1904,"home_production","female","14+",42.1261205164395
1904,"home_production","female","14-17",20.432
1904,"home_production","female","18-24",35.1226850941877
1904,"home_production","female","25-54",49.8151349970406
1904,"home_production","female","55-64",44.9306164341139
1904,"home_production","female","65+",37.8575870486959
1904,"home_production","male","14+",4.00922898324202
1904,"home_production","male","14-17",3.8188
1904,"home_production","male","18-24",4.25359940157892
1904,"home_production","male","25-54",3.66960800581666
1904,"home_production","male","55-64",4.24855078392773
1904,"home_production","male","65+",6.47170090882481
1905,"home_production","all","14+",22.3491474326325
1905,"home_production","all","14-17",12.0058787183174
1905,"home_production","all","18-24",19.5445076206705
1905,"home_production","all","25-54",25.4375449676813
1905,"home_production","all","55-64",23.6983091189442
1905,"home_production","all","65+",22.1998946876149
1905,"home_production","female","14+",41.9567531144873
1905,"home_production","female","14-17",20.2925
1905,"home_production","female","18-24",34.8967364875016
1905,"home_production","female","25-54",49.6026689285752
1905,"home_production","female","55-64",44.8316104178258
1905,"home_production","female","65+",37.8510314592463
1905,"home_production","male","14+",3.93251575736278
1905,"home_production","male","14-17",3.82325
1905,"home_production","male","18-24",4.15552605557866
1905,"home_production","male","25-54",3.57267301653031
1905,"home_production","male","55-64",4.17472947844032
1905,"home_production","male","65+",6.50131070138895
1906,"home_production","all","14+",22.1728428502842
1906,"home_production","all","14-17",11.9391203692872
1906,"home_production","all","18-24",19.3074147112847
1906,"home_production","all","25-54",25.2282794496871
1906,"home_production","all","55-64",23.5358711258927
1906,"home_production","all","65+",22.2316116130002
1906,"home_production","female","14+",41.7594262060959
1906,"home_production","female","14-17",20.153
1906,"home_production","female","18-24",34.6162201468769
1906,"home_production","female","25-54",49.3606290104682
1906,"home_production","female","55-64",44.7178344681849
1906,"home_production","female","65+",37.8398031469134
1906,"home_production","male","14+",3.82532740498498
1906,"home_production","male","14-17",3.8277
1906,"home_production","male","18-24",4.0241786124206
1906,"home_production","male","25-54",3.44007382155816
1906,"home_production","male","55-64",4.06775364124312
1906,"home_production","male","65+",6.50900663452869
1907,"home_production","all","14+",22.1513517591551
1907,"home_production","all","14-17",11.8723564057665
1907,"home_production","all","18-24",19.2867418539272
1907,"home_production","all","25-54",25.1903930375547
1907,"home_production","all","55-64",23.4959057617564
1907,"home_production","all","65+",22.3363244913388
1907,"home_production","female","14+",41.7065779495066
1907,"home_production","female","14-17",20.0135
1907,"home_production","female","18-24",34.6028186115357
1907,"home_production","female","25-54",49.2672399181303
1907,"home_production","female","55-64",44.6768149811465
1907,"home_production","female","65+",37.8534612359173
1907,"home_production","male","14+",3.86961830029228
1907,"home_production","male","14-17",3.83215
1907,"home_production","male","18-24",4.05820275878114
1907,"home_production","male","25-54",3.48574481985261
1907,"home_production","male","55-64",4.12856749116851
1907,"home_production","male","65+",6.63814531547023
1908,"home_production","all","14+",22.4031749249955
1908,"home_production","all","14-17",11.8055868307274
1908,"home_production","all","18-24",19.6665279432445
1908,"home_production","all","25-54",25.4574163706474
1908,"home_production","all","55-64",23.6805457783058
1908,"home_production","all","65+",22.5685733559877
1908,"home_production","female","14+",41.9182140827348
1908,"home_production","female","14-17",19.874
1908,"home_production","female","18-24",35.0867354799054
1908,"home_production","female","25-54",49.4492588065936
1908,"home_production","female","55-64",44.7703038545269
1908,"home_production","female","65+",37.9118968742036
1908,"home_production","male","14+",4.19175526757246
1908,"home_production","male","14-17",3.8366
1908,"home_production","male","18-24",4.39653924956668
1908,"home_production","male","25-54",3.85851495218806
1908,"home_production","male","55-64",4.49534060915891
1908,"home_production","male","65+",6.97910004997378
1909,"home_production","all","14+",22.2273882868353
1909,"home_production","all","14-17",11.7388116471393
1909,"home_production","all","18-24",19.3908717239459
1909,"home_production","all","25-54",25.2422012374133
1909,"home_production","all","55-64",23.4967589423238
1909,"home_production","all","65+",22.5884439002516
1909,"home_production","female","14+",41.7062669058361
1909,"home_production","female","14-17",19.7345
1909,"home_production","female","18-24",34.7578635019446
1909,"home_production","female","25-54",49.1820878104528
1909,"home_production","female","55-64",44.6432069440868
1909,"home_production","female","65+",37.8966985067148
1909,"home_production","male","14+",4.05713808346434
1909,"home_production","male","14-17",3.84105
1909,"home_production","male","18-24",4.23516380450642
1909,"home_production","male","25-54",3.69373090581771
1909,"home_production","male","55-64",4.3584449342515
1909,"home_production","male","65+",6.96702105153992
1910,"home_production","all","14+",22.2077233569374
1910,"home_production","all","14-17",11.6720308579699
1910,"home_production","all","18-24",19.3298342326064
1910,"home_production","all","25-54",25.1973378391324
1910,"home_production","all","55-64",23.4334127508046
1910,"home_production","all","65+",22.6768089960217
1910,"home_production","female","14+",41.6423775399803
1910,"home_production","female","14-17",19.595
1910,"home_production","female","18-24",34.6954224780165
1910,"home_production","female","25-54",49.0626982989496
1910,"home_production","female","55-64",44.5881499113548
1910,"home_production","female","65+",37.9055588996854
1910,"home_production","male","14+",4.07148548222029
1910,"home_production","male","14-17",3.8455
1910,"home_production","male","18-24",4.23680204547835
1910,"home_production","male","25-54",3.70418938079556
1910,"home_production","male","55-64",4.3855114336843
1910,"home_production","male","65+",7.06868309968466
1911,"home_production","all","14+",22.2764494292617
1911,"home_production","all","14-17",11.6113619008429
1911,"home_production","all","18-24",19.4499761318897
1911,"home_production","all","25-54",25.2507465425388
1911,"home_production","all","55-64",23.4500567667137
1911,"home_production","all","65+",22.6874892601314
1911,"home_production","female","14+",41.6332521296735
1911,"home_production","female","14-17",19.4555
1911,"home_production","female","18-24",34.7185224027502
1911,"home_production","female","25-54",48.9843886003993
1911,"home_production","female","55-64",44.5555354180434
1911,"home_production","female","65+",37.9263848398777
1911,"home_production","male","14+",4.16596466470124
1911,"home_production","male","14-17",3.84995
1911,"home_production","male","18-24",4.36404713390818
1911,"home_production","male","25-54",3.80603458804681
1911,"home_production","male","55-64",4.48245404774459
1911,"home_production","male","65+",7.12637140678651
1912,"home_production","all","14+",22.1769932203998
1912,"home_production","all","14-17",11.5505990261778
1912,"home_production","all","18-24",19.3205715212945
1912,"home_production","all","25-54",25.1158035844249
1912,"home_production","all","55-64",23.3279569842879
1912,"home_production","all","65+",22.6219698139666
1912,"home_production","female","14+",41.4603917347872
1912,"home_production","female","14-17",19.316
1912,"home_production","female","18-24",34.4298272389012
1912,"home_production","female","25-54",48.7338765931954
1912,"home_production","female","55-64",44.4387251829452
1912,"home_production","female","65+",37.9202714062535
1912,"home_production","male","14+",4.0892243815928
1912,"home_production","male","14-17",3.8544
1912,"home_production","male","18-24",4.3042212618108
1912,"home_production","male","25-54",3.70629436033725
1912,"home_production","male","55-64",4.39160966373928
1912,"home_production","male","65+",7.05750055852596
1913,"home_production","all","14+",22.1543372464915
1913,"home_production","all","14-17",11.4897416913386
1913,"home_production","all","18-24",19.3022334892927
1913,"home_production","all","25-54",25.0643228592542
1913,"home_production","all","55-64",23.2679824746684
1913,"home_production","all","65+",22.5907133492941
1913,"home_production","female","14+",41.3660166303438
1913,"home_production","female","14-17",19.1765
1913,"home_production","female","18-24",34.2806718013077
1913,"home_production","female","25-54",48.5604824337198
1913,"home_production","female","55-64",44.3594778161095
1913,"home_production","female","65+",37.9263938267763
1913,"home_production","male","14+",4.08908767464584
1913,"home_production","male","14-17",3.85885
1913,"home_production","male","18-24",4.32834029010542
1913,"home_production","male","25-54",3.6969226955957
1913,"home_production","male","55-64",4.38495354386197
1913,"home_production","male","65+",7.04534799053741
1914,"home_production","all","14+",22.3423924596208
1914,"home_production","all","14-17",11.4287893495007
1914,"home_production","all","18-24",19.5957241509896
1914,"home_production","all","25-54",25.2475767727924
1914,"home_production","all","55-64",23.3810800058442
1914,"home_production","all","65+",22.6541474723819
1914,"home_production","female","14+",41.4821131678834
1914,"home_production","female","14-17",19.037
1914,"home_production","female","18-24",34.5272877636647
1914,"home_production","female","25-54",48.6068749855533
1914,"home_production","female","55-64",44.3873097519532
1914,"home_production","female","65+",37.9653861701648
1914,"home_production","male","14+",4.30083474602201
1914,"home_production","male","14-17",3.8633
1914,"home_production","male","18-24",4.58089703577844
1914,"home_production","male","25-54",3.93683270957174
1914,"home_production","male","55-64",4.61032787816186
1914,"home_production","male","65+",7.19028563120266
1915,"home_production","all","14+",22.3682920128055
1915,"home_production","all","14-17",11.3677414496106
1915,"home_production","all","18-24",19.6509352422892
1915,"home_production","all","25-54",25.2511104150606
1915,"home_production","all","55-64",23.3620282721536
1915,"home_production","all","65+",22.6452240623485
1915,"home_production","female","14+",41.4376126858242
1915,"home_production","female","14-17",18.8975
1915,"home_production","female","18-24",34.4743042768752
1915,"home_production","female","25-54",48.4873794025925
1915,"home_production","female","55-64",44.3340971521684
1915,"home_production","female","65+",37.9790962042144
1915,"home_production","male","14+",4.35004377793588
1915,"home_production","male","14-17",3.86775
1915,"home_production","male","18-24",4.65723458912646
1915,"home_production","male","25-54",3.98562094847279
1915,"home_production","male","55-64",4.65773676315175
1915,"home_production","male","65+",7.21500218445291
1916,"home_production","all","14+",22.1655005782025
1916,"home_production","all","14-17",11.3065974363453
1916,"home_production","all","18-24",19.3645393837016
1916,"home_production","all","25-54",24.9971282901789
1916,"home_production","all","55-64",23.1544445693096
1916,"home_production","all","65+",22.5336911374684
1916,"home_production","female","14+",41.1668332469601
1916,"home_production","female","14-17",18.758
1916,"home_production","female","18-24",33.9861286323372
1916,"home_production","female","25-54",48.1256633125313
1916,"home_production","female","55-64",44.162747674529
1916,"home_production","female","65+",37.9578325196591
1916,"home_production","male","14+",4.16967435644721
1916,"home_production","male","14-17",3.8722
1916,"home_production","male","18-24",4.48794836553688
1916,"home_production","male","25-54",3.76434169400743
1916,"home_production","male","55-64",4.45388872346684
1916,"home_production","male","65+",7.06915280287896
1917,"home_production","all","14+",22.0484398309967
1917,"home_production","all","14-17",11.2453567500702
1917,"home_production","all","18-24",19.2054547164134
1917,"home_production","all","25-54",24.8394886166947
1917,"home_production","all","55-64",23.0226177350887
1917,"home_production","all","65+",22.4637362254034
1917,"home_production","female","14+",40.9853100790124
1917,"home_production","female","14-17",18.6185
1917,"home_production","female","18-24",33.6702605153771
1917,"home_production","female","25-54",47.8595227444414
1917,"home_production","female","55-64",44.0379219773467
1917,"home_production","female","65+",37.9511592858183
1917,"home_production","male","14+",4.08251772846403
1917,"home_production","male","14-17",3.87665
1917,"home_production","male","18-24",4.4193917320303
1917,"home_production","male","25-54",3.65251695469908
1917,"home_production","male","55-64",4.35194827884393
1917,"home_production","male","65+",6.99219199936801
1918,"home_production","all","14+",21.5633055885023
1918,"home_production","all","14-17",11.1840188267976
1918,"home_production","all","18-24",18.3222183155854
1918,"home_production","all","25-54",24.2934823851317
1918,"home_production","all","55-64",22.7291932513852
1918,"home_production","all","65+",22.3064359089539
1918,"home_production","female","14+",40.6191168017075
1918,"home_production","female","14-17",18.479
1918,"home_production","female","18-24",32.9744906744524
1918,"home_production","female","25-54",47.3808848698534
1918,"home_production","female","55-64",43.809552807737
1918,"home_production","female","65+",37.915563947316
1918,"home_production","male","14+",3.80066144935346
1918,"home_production","male","14-17",3.8811
1918,"home_production","male","18-24",4.14547137401053
1918,"home_production","male","25-54",3.31153713953592
1918,"home_production","male","55-64",4.03701180723142
1918,"home_production","male","65+",6.76988631796867
1919,"home_production","all","14+",21.7265704859601
1919,"home_production","all","14-17",11.1225830981442
1919,"home_production","all","18-24",18.7192170805982
1919,"home_production","all","25-54",24.427056375282
1919,"home_production","all","55-64",22.7428521121821
1919,"home_production","all","65+",22.3158818904435
1919,"home_production","female","14+",40.5982016444593
1919,"home_production","female","14-17",18.3395
1919,"home_production","female","18-24",32.9948244228174
1919,"home_production","female","25-54",47.3020751402802
1919,"home_production","female","55-64",43.7758103803378
1919,"home_production","female","65+",37.9361360723732
1919,"home_production","male","14+",3.88960698958441
1919,"home_production","male","14-17",3.88555
1919,"home_production","male","18-24",4.26638922057755
1919,"home_production","male","25-54",3.40812228277797
1919,"home_production","male","55-64",4.12896051865331
1919,"home_production","male","65+",6.82456513079692
1920,"home_production","all","14+",21.9878961767651
1920,"home_production","all","14-17",11.0610489912882
1920,"home_production","all","18-24",19.1863997369626
1920,"home_production","all","25-54",24.7121635895673
1920,"home_production","all","55-64",22.8624674527775
1920,"home_production","all","65+",22.3824699623295
1920,"home_production","female","14+",40.7004028855039
1920,"home_production","female","14-17",18.2
1920,"home_production","female","18-24",33.2674287158135
1920,"home_production","female","25-54",47.3649401085421
1920,"home_production","female","55-64",43.8108978263021
1920,"home_production","female","65+",37.9753681195549
1920,"home_production","male","14+",4.10310756325687
1920,"home_production","male","14-17",3.89
1920,"home_production","male","18-24",4.51969879055057
1920,"home_production","male","25-54",3.65396139309401
1920,"home_production","male","55-64",4.3595497130792
1920,"home_production","male","65+",6.97418716907117
1921,"home_production","all","14+",22.4157830170695
1921,"home_production","all","14-17",11.0029813222639
1921,"home_production","all","18-24",19.8259182492931
1921,"home_production","all","25-54",25.203093132125
1921,"home_production","all","55-64",23.2556688630053
1921,"home_production","all","65+",22.6012353272278
1921,"home_production","female","14+",41.0361348092744
1921,"home_production","female","14-17",18.107
1921,"home_production","female","18-24",34.0227250770286
1921,"home_production","female","25-54",47.6961532177611
1921,"home_production","female","55-64",43.9906120773594
1921,"home_production","female","65+",38.0392130137492
1921,"home_production","male","14+",4.56661422771351
1921,"home_production","male","14-17",3.8811
1921,"home_production","male","18-24",5.02645343808691
1921,"home_production","male","25-54",4.19384902165895
1921,"home_production","male","55-64",4.85961584395338
1921,"home_production","male","65+",7.33422581675017
1922,"home_production","all","14+",22.1685915423215
1922,"home_production","all","14-17",10.9450148671813
1922,"home_production","all","18-24",19.464880647046
1922,"home_production","all","25-54",24.9397760009737
1922,"home_production","all","55-64",23.099491589401
1922,"home_production","all","65+",22.5243450108742
1922,"home_production","female","14+",40.6776233522551
1922,"home_production","female","14-17",18.014
1922,"home_production","female","18-24",33.4799550613603
1922,"home_production","female","25-54",47.299141677147
1922,"home_production","female","55-64",43.8149687977492
1922,"home_production","female","65+",38.0054048252456
1922,"home_production","male","14+",4.37382748981015
1922,"home_production","male","14-17",3.8722
1922,"home_production","male","18-24",4.84280891579624
1922,"home_production","male","25-54",3.9581095367275
1922,"home_production","male","55-64",4.63885513731316
1922,"home_production","male","65+",7.20283035142397
1923,"home_production","all","14+",21.815453448992
1923,"home_production","all","14-17",10.8871492313721
1923,"home_production","all","18-24",18.939837022327
1923,"home_production","all","25-54",24.5531182038539
1923,"home_production","all","55-64",22.8521685988986
1923,"home_production","all","65+",22.3998548048845
1923,"home_production","female","14+",40.2112351978744
1923,"home_production","female","14-17",17.921
1923,"home_production","female","18-24",32.7222742622103
1923,"home_production","female","25-54",46.7799032469736
1923,"home_production","female","55-64",43.5783950438326
1923,"home_production","female","65+",37.955211729224
1923,"home_production","male","14+",4.07540907638748
1923,"home_production","male","14-17",3.8633
1923,"home_production","male","18-24",4.54858543850908
1923,"home_production","male","25-54",3.59528114570304
1923,"home_production","male","55-64",4.29982532552294
1923,"home_production","male","65+",6.99279665351477
1924,"home_production","all","14+",21.848073087731
1924,"home_production","all","14-17",10.8293840222172
1924,"home_production","all","18-24",18.9979807802601
1924,"home_production","all","25-54",24.605804751423
1924,"home_production","all","55-64",22.9252809192559
1924,"home_production","all","65+",22.4467028240908
1924,"home_production","female","14+",40.1344140506677
1924,"home_production","female","14-17",17.828
1924,"home_production","female","18-24",32.7240201761738
1924,"home_production","female","25-54",46.6891425739972
1924,"home_production","female","55-64",43.5513632561339
1924,"home_production","female","65+",37.9623213155405
1924,"home_production","male","14+",4.15886372034081
1924,"home_production","male","14-17",3.8544
1924,"home_production","male","18-24",4.65373554936492
1924,"home_production","male","25-54",3.68401644357119
1924,"home_production","male","55-64",4.38061595826232
1924,"home_production","male","65+",7.06696780025237
1925,"home_production","all","14+",21.8991048117855
1925,"home_production","all","14-17",10.7717188491336
1925,"home_production","all","18-24",19.0126086845943
1925,"home_production","all","25-54",24.6807031626718
1925,"home_production","all","55-64",23.049666442894
1925,"home_production","all","65+",22.5329521151448
1925,"home_production","female","14+",39.951700431809
1925,"home_production","female","14-17",17.735
1925,"home_production","female","18-24",32.4957819384003
1925,"home_production","female","25-54",46.4685646427196
1925,"home_production","female","55-64",43.4601391443173
1925,"home_production","female","65+",37.9520020282444
1925,"home_production","male","14+",4.38572415260754
1925,"home_production","male","14-17",3.8455
1925,"home_production","male","18-24",4.91045719601809
1925,"home_production","male","25-54",3.94543475481974
1925,"home_production","male","55-64",4.6175183137651
1925,"home_production","male","65+",7.23692329521126
1926,"home_production","all","14+",21.8715989316439
1926,"home_production","all","14-17",10.7141533235608
1926,"home_production","all","18-24",18.9004673721605
1926,"home_production","all","25-54",24.6605683477198
1926,"home_production","all","55-64",23.1063250544934
1926,"home_production","all","65+",22.5840674526958
1926,"home_production","female","14+",39.6903159216497
1926,"home_production","female","14-17",17.642
1926,"home_production","female","18-24",32.0966348043503
1926,"home_production","female","25-54",46.1508216693098
1926,"home_production","female","55-64",43.3203219836352
1926,"home_production","female","65+",37.9286388188593
1926,"home_production","male","14+",4.53602406330817
1926,"home_production","male","14-17",3.8366
1926,"home_production","male","18-24",5.08699818440007
1926,"home_production","male","25-54",4.11689513517928
1926,"home_production","male","55-64",4.77082799889335
1926,"home_production","male","65+",7.34990913944622
1927,"home_production","all","14+",22.041841123359
1927,"home_production","all","14-17",10.6566870589483
1927,"home_production","all","18-24",19.09137380073
1927,"home_production","all","25-54",24.8662198163442
1927,"home_production","all","55-64",23.3262301953889
1927,"home_production","all","65+",22.7198810135194
1927,"home_production","female","14+",39.6389614899035
1927,"home_production","female","14-17",17.549
1927,"home_production","female","18-24",32.1048789506851
1927,"home_production","female","25-54",46.0649705383609
1927,"home_production","female","55-64",43.2948541651751
1927,"home_production","female","65+",37.9362173174661
1927,"home_production","male","14+",4.87389188330531
1927,"home_production","male","14-17",3.8277
1927,"home_production","male","18-24",5.45773422939486
1927,"home_production","male","25-54",4.51300214148519
1927,"home_production","male","55-64",5.13327628716146
1927,"home_production","male","65+",7.60106649129645
1928,"home_production","all","14+",22.1987643048943
1928,"home_production","all","14-17",10.5993196707424
1928,"home_production","all","18-24",19.2614701527279
1928,"home_production","all","25-54",25.0542338037136
1928,"home_production","all","55-64",23.5332914031891
1928,"home_production","all","65+",22.8481114423373
1928,"home_production","female","14+",39.5790860267011
1928,"home_production","female","14-17",17.456
1928,"home_production","female","18-24",32.0906087735103
1928,"home_production","female","25-54",45.9669346436254
1928,"home_production","female","55-64",43.2632246781936
1928,"home_production","female","65+",37.942103183441
1928,"home_production","male","14+",5.19552757738304
1928,"home_production","male","14-17",3.8188
1928,"home_production","male","18-24",5.80972954457146
1928,"home_production","male","25-54",4.89043727828668
1928,"home_production","male","55-64",5.47850747461664
1928,"home_production","male","65+",7.83892998902555
1929,"home_production","all","14+",22.1761670055136
1929,"home_production","all","14-17",10.542050776373
1929,"home_production","all","18-24",19.1463645229773
1929,"home_production","all","25-54",25.0317991910947
1929,"home_production","all","55-64",23.591164153838
1929,"home_production","all","65+",22.9005415441533
1929,"home_production","female","14+",39.3229472064891
1929,"home_production","female","14-17",17.363
1929,"home_production","female","18-24",31.6819923004052
1929,"home_production","female","25-54",45.64363356301
1929,"home_production","female","55-64",43.1189241311244
1929,"home_production","female","65+",37.9178346665577
1929,"home_production","male","14+",5.35449827531116
1929,"home_production","male","14-17",3.8099
1929,"home_production","male","18-24",5.99134684363137
1929,"home_production","male","25-54",5.07324070650008
1929,"home_production","male","55-64",5.64268142305555
1929,"home_production","male","65+",7.95570580396653
1930,"home_production","all","14+",22.6475696954861
1930,"home_production","all","14-17",10.4848799952413
1930,"home_production","all","18-24",19.8727034481618
1930,"home_production","all","25-54",25.548818200199
1930,"home_production","all","55-64",24.0549759589012
1930,"home_production","all","65+",23.0881462575773
1930,"home_production","female","14+",39.5909968785369
1930,"home_production","female","14-17",17.27
1930,"home_production","female","18-24",32.3254265561706
1930,"home_production","female","25-54",45.8672311745189
1930,"home_production","female","55-64",43.2809960457047
1930,"home_production","female","65+",37.9550084878521
1930,"home_production","male","14+",5.97793420905552
1930,"home_production","male","14-17",3.801
1930,"home_production","male","18-24",6.79369139497253
1930,"home_production","male","25-54",5.78737207343283
1930,"home_production","male","55-64",6.30611855350064
1930,"home_production","male","65+",8.2811580626966
1931,"home_production","all","14+",23.1367194829753
1931,"home_production","all","14-17",10.4305829549506
1931,"home_production","all","18-24",20.5858401368925
1931,"home_production","all","25-54",26.0670257496603
1931,"home_production","all","55-64",24.5431151248501
1931,"home_production","all","65+",23.3745586974625
1931,"home_production","female","14+",39.9947040675063
1931,"home_production","female","14-17",17.177
1931,"home_production","female","18-24",33.2944678194294
1931,"home_production","female","25-54",46.1916374675311
1931,"home_production","female","55-64",43.4928654292382
1931,"home_production","female","65+",38.0436065955113
1931,"home_production","male","14+",6.51007387030296
1931,"home_production","male","14-17",3.77628857142857
1931,"home_production","male","18-24",7.25210948905401
1931,"home_production","male","25-54",6.42692535387153
1931,"home_production","male","55-64",6.97306090487812
1931,"home_production","male","65+",8.69835228972077
1932,"home_production","all","14+",23.6721675517979
1932,"home_production","all","14-17",10.3761920909318
1932,"home_production","all","18-24",21.3467313724425
1932,"home_production","all","25-54",26.6389436286807
1932,"home_production","all","55-64",25.0754552165155
1932,"home_production","all","65+",23.7195593534718
1932,"home_production","female","14+",40.4431795441734
1932,"home_production","female","14-17",17.084
1932,"home_production","female","18-24",34.331725400271
1932,"home_production","female","25-54",46.5746289486827
1932,"home_production","female","55-64",43.730178171426
1932,"home_production","female","65+",38.1357308672117
1932,"home_production","male","14+",7.0894318662669
1932,"home_production","male","14-17",3.75144
1932,"home_production","male","18-24",7.73740994332274
1932,"home_production","male","25-54",7.11504322099079
1932,"home_production","male","55-64",7.70318759744066
1932,"home_production","male","65+",9.230954775729
1933,"home_production","all","14+",23.5854449532725
1933,"home_production","all","14-17",10.3217073705957
1933,"home_production","all","18-24",21.1601790474891
1933,"home_production","all","25-54",26.501574006714
1933,"home_production","all","55-64",25.1068842537411
1933,"home_production","all","65+",23.8361752231037
1933,"home_production","female","14+",40.1700198024668
1933,"home_production","female","14-17",16.991
1933,"home_production","female","18-24",34.0214563481701
1933,"home_production","female","25-54",46.168363699319
1933,"home_production","female","55-64",43.5743065112857
1933,"home_production","female","65+",38.1266239460015
1933,"home_production","male","14+",7.14514816530147
1933,"home_production","male","14-17",3.72645428571429
1933,"home_production","male","18-24",7.69476236556507
1933,"home_production","male","25-54",7.17346351796956
1933,"home_production","male","55-64",7.83333150732563
1933,"home_production","male","65+",9.40879412623425
1934,"home_production","all","14+",23.3081395982489
1934,"home_production","all","14-17",10.2671287610624
1934,"home_production","all","18-24",20.7013647552627
1934,"home_production","all","25-54",26.1458206917973
1934,"home_production","all","55-64",24.9796565354563
1934,"home_production","all","65+",23.8914121077849
1934,"home_production","female","14+",39.6775101498691
1934,"home_production","female","14-17",16.898
1934,"home_production","female","18-24",33.3243027905497
1934,"home_production","female","25-54",45.5224066002103
1934,"home_production","female","55-64",43.3009140456075
1934,"home_production","female","65+",38.0901914419921
1934,"home_production","male","14+",7.03968454428125
1934,"home_production","male","14-17",3.70133142857143
1934,"home_production","male","18-24",7.49946586002212
1934,"home_production","male","25-54",7.03696108890866
1934,"home_production","male","55-64",7.76699491738117
1934,"home_production","male","65+",9.49156204161471
1935,"home_production","all","14+",23.2202175521064
1935,"home_production","all","14-17",10.2124562291576
1935,"home_production","all","18-24",20.5391113283759
1935,"home_production","all","25-54",26.0124956106047
1935,"home_production","all","55-64",25.0107252627492
1935,"home_production","all","65+",24.0186297021361
1935,"home_production","female","14+",39.4011304758352
1935,"home_production","female","14-17",16.805
1935,"home_production","female","18-24",33.0493525384436
1935,"home_production","female","25-54",45.1263319456316
1935,"home_production","female","55-64",43.1509735040966
1935,"home_production","female","65+",38.0857449861622
1935,"home_production","male","14+",7.09794734862889
1935,"home_production","male","14-17",3.67607142857143
1935,"home_production","male","18-24",7.46894331360314
1935,"home_production","male","25-54",7.09831863587745
1935,"home_production","male","55-64",7.8923276566574
1935,"home_production","male","65+",9.68759149900323
1936,"home_production","all","14+",22.963558150336
1936,"home_production","all","14-17",10.120953680161
1936,"home_production","all","18-24",20.1286304359465
1936,"home_production","all","25-54",25.6875406580299
1936,"home_production","all","55-64",24.9000834380565
1936,"home_production","all","65+",24.0992943260943
1936,"home_production","female","14+",38.9449647071199
1936,"home_production","female","14-17",16.6382608695652
1936,"home_production","female","18-24",32.4278605417767
1936,"home_production","female","25-54",44.5412715862511
1936,"home_production","female","55-64",42.9199180161535
1936,"home_production","female","65+",38.0756138692618
1936,"home_production","male","14+",6.99908234709333
1936,"home_production","male","14-17",3.65067428571429
1936,"home_production","male","18-24",7.29255607682832
1936,"home_production","male","25-54",6.96743035108272
1936,"home_production","male","55-64",7.81930422937485
1936,"home_production","male","65+",9.79615333582079
1937,"home_production","all","14+",22.965779972668
1937,"home_production","all","14-17",10.0490574980955
1937,"home_production","all","18-24",20.0853614332593
1937,"home_production","all","25-54",25.6529622224727
1937,"home_production","all","55-64",24.9997190598095
1937,"home_production","all","65+",24.2650529980471
1937,"home_production","female","14+",38.7870694637072
1937,"home_production","female","14-17",16.471
1937,"home_production","female","18-24",32.3290577806557
1937,"home_production","female","25-54",44.2809080242778
1937,"home_production","female","55-64",42.8470043013583
1937,"home_production","female","65+",38.1030099313665
1937,"home_production","male","14+",7.11996482113316
1937,"home_production","male","14-17",3.66504
1937,"home_production","male","18-24",7.32082838875223
1937,"home_production","male","25-54",7.09439439925232
1937,"home_production","male","55-64",8.00648658346763
1937,"home_production","male","65+",10.039245467971
1938,"home_production","all","14+",23.2544263145343
1938,"home_production","all","14-17",9.97686015548974
1938,"home_production","all","18-24",20.4461323801355
1938,"home_production","all","25-54",25.9521811609922
1938,"home_production","all","55-64",25.3460531242644
1938,"home_production","all","65+",24.5187818364384
1938,"home_production","female","14+",38.953011416812
1938,"home_production","female","14-17",16.3032173913043
1938,"home_production","female","18-24",32.804008472322
1938,"home_production","female","25-54",44.3880339418725
1938,"home_production","female","55-64",42.9496266593217
1938,"home_production","female","65+",38.1675773590225
1938,"home_production","male","14+",7.48960691300686
1938,"home_production","male","14-17",3.67952571428571
1938,"home_production","male","18-24",7.57627974658181
1938,"home_production","male","25-54",7.5224297023567
1938,"home_production","male","55-64",8.50917050623617
1938,"home_production","male","65+",10.4237512704435
1939,"home_production","all","14+",23.2423751784065
1939,"home_production","all","14-17",9.90436032771997
1939,"home_production","all","18-24",20.3625395317423
1939,"home_production","all","25-54",25.8872398025717
1939,"home_production","all","55-64",25.4226443994612
1939,"home_production","all","65+",24.6761638938956
1939,"home_production","female","14+",38.7852417177615
1939,"home_production","female","14-17",16.1349130434783
1939,"home_production","female","18-24",32.6485936327564
1939,"home_production","female","25-54",44.0984916646551
1939,"home_production","female","55-64",42.8603942867344
1939,"home_production","female","65+",38.1900523642837
1939,"home_production","male","14+",7.59142266661078
1939,"home_production","male","14-17",3.69413142857143
1939,"home_production","male","18-24",7.58112893178542
1939,"home_production","male","25-54",7.6192486516215
1939,"home_production","male","55-64",8.66864655614603
1939,"home_production","male","65+",10.6570949784062
1940,"home_production","all","14+",23.1720474414896
1940,"home_production","all","14-17",9.83155667817637
1940,"home_production","all","18-24",20.1892401334563
1940,"home_production","all","25-54",25.7448283562589
1940,"home_production","all","55-64",25.4476151574085
1940,"home_production","all","65+",24.8160371547986
1940,"home_production","female","14+",38.558888836714
1940,"home_production","female","14-17",15.9660869565217
1940,"home_production","female","18-24",32.3831160150252
1940,"home_production","female","25-54",43.7271823361471
1940,"home_production","female","55-64",42.7450032028571
1940,"home_production","female","65+",38.2014749441176
1940,"home_production","male","14+",7.63464801347456
1940,"home_production","male","14-17",3.70885714285714
1940,"home_production","male","18-24",7.51727332142857
1940,"home_production","male","25-54",7.6426593
1940,"home_production","male","55-64",8.75263301028571
1940,"home_production","male","65+",10.8671682878151
1941,"home_production","all","14+",23.0369753948935
1941,"home_production","all","14-17",9.76746503793745
1941,"home_production","all","18-24",19.9549676160926
1941,"home_production","all","25-54",25.5528596630802
1941,"home_production","all","55-64",25.2647541110267
1941,"home_production","all","65+",24.7530009158704
1941,"home_production","female","14+",38.3136288779186
1941,"home_production","female","14-17",15.8125
1941,"home_production","female","18-24",32.2516389454584
1941,"home_production","female","25-54",43.3256349968133
1941,"home_production","female","55-64",42.3489413469228
1941,"home_production","female","65+",37.9975881831973
1941,"home_production","male","14+",7.57376801200372
1941,"home_production","male","14-17",3.74604571428571
1941,"home_production","male","18-24",7.15411029127793
1941,"home_production","male","25-54",7.61297984520016
1941,"home_production","male","55-64",8.72568965609951
1941,"home_production","male","65+",10.8685282938262
1942,"home_production","all","14+",22.5980430110664
1942,"home_production","all","14-17",9.7033711435927
1942,"home_production","all","18-24",19.3443033868427
1942,"home_production","all","25-54",25.0009125075613
1942,"home_production","all","55-64",24.7920943705735
1942,"home_production","all","65+",24.5308035787337
1942,"home_production","female","14+",37.5149428626874
1942,"home_production","female","14-17",15.6584782608696
1942,"home_production","female","18-24",31.459352737645
1942,"home_production","female","25-54",42.2605852376396
1942,"home_production","female","55-64",41.4341065582509
1942,"home_production","female","65+",37.5252232950456
1942,"home_production","male","14+",7.46241839553653
1942,"home_production","male","14-17",3.78325428571429
1942,"home_production","male","18-24",6.71074931791485
1942,"home_production","male","25-54",7.53214393442917
1942,"home_production","male","55-64",8.63271099586123
1942,"home_production","male","65+",10.8273624219913
1943,"home_production","all","14+",21.9996325718456
1943,"home_production","all","14-17",9.63927487617712
1943,"home_production","all","18-24",18.5640620450205
1943,"home_production","all","25-54",24.2473749177734
1943,"home_production","all","55-64",24.1792945671545
1943,"home_production","all","65+",24.2440673548241
1943,"home_production","female","14+",36.3158749452034
1943,"home_production","female","14-17",15.5040217391304
1943,"home_production","female","18-24",30.1786567514261
1943,"home_production","female","25-54",40.7166062387556
1943,"home_production","female","55-64",40.1473178169502
1943,"home_production","female","65+",36.8617491055716
1943,"home_production","male","14+",7.43803357239395
1943,"home_production","male","14-17",3.82048285714286
1943,"home_production","male","18-24",6.43148914673495
1943,"home_production","male","25-54",7.53343156186249
1943,"home_production","male","55-64",8.62810280175647
1943,"home_production","male","65+",10.8586659352714
1944,"home_production","all","14+",22.0800594466151
1944,"home_production","all","14-17",9.57517611733941
1944,"home_production","all","18-24",18.6337338445924
1944,"home_production","all","25-54",24.2910305330712
1944,"home_production","all","55-64",24.2043196920513
1944,"home_production","all","65+",24.315709501913
1944,"home_production","female","14+",36.330483122001
1944,"home_production","female","14-17",15.3491304347826
1944,"home_production","female","18-24",30.3343070956363
1944,"home_production","female","25-54",40.6311636986787
1944,"home_production","female","55-64",40.0048392248859
1944,"home_production","female","65+",36.7925163189315
1944,"home_production","male","14+",7.54971155559641
1944,"home_production","male","14-17",3.85773142857143
1944,"home_production","male","18-24",6.39027529651756
1944,"home_production","male","25-54",7.66300383907812
1944,"home_production","male","55-64",8.7706645034487
1944,"home_production","male","65+",11.0009997139919
1945,"home_production","all","14+",22.4816026348707
1945,"home_production","all","14-17",9.51107474933809
1945,"home_production","all","18-24",19.1117645578584
1945,"home_production","all","25-54",24.6780643571565
1945,"home_production","all","55-64",24.5302996665408
1945,"home_production","all","65+",24.5643160391827
1945,"home_production","female","14+",36.8003824542145
1945,"home_production","female","14-17",15.1938043478261
1945,"home_production","female","18-24",31.0045008829755
1945,"home_production","female","25-54",41.0619838889839
1945,"home_production","female","55-64",40.2661818151837
1945,"home_production","female","65+",36.9322934360282
1945,"home_production","male","14+",7.8450575521443
1945,"home_production","male","14-17",3.895
1945,"home_production","male","18-24",6.64578173874975
1945,"home_production","male","25-54",7.96110204742162
1945,"home_production","male","55-64",9.11454279301378
1945,"home_production","male","65+",11.2872917035941
1946,"home_production","all","14+",23.4849844349739
1946,"home_production","all","14-17",9.44697065503748
1946,"home_production","all","18-24",20.3620116948191
1946,"home_production","all","25-54",25.7634747097232
1946,"home_production","all","55-64",25.43354824968
1946,"home_production","all","65+",25.136820151844
1946,"home_production","female","14+",38.2739578249081
1946,"home_production","female","14-17",15.0380434782609
1946,"home_production","female","18-24",32.8905453704021
1946,"home_production","female","25-54",42.6950953740622
1946,"home_production","female","55-64",41.4638715496931
1946,"home_production","female","65+",37.5544215150803
1946,"home_production","male","14+",8.32920775476945
1946,"home_production","male","14-17",3.93228857142857
1946,"home_production","male","18-24",7.20696569193931
1946,"home_production","male","25-54",8.44130988472204
1946,"home_production","male","55-64",9.68342747494169
1946,"home_production","male","65+",11.7273679482238
1947,"home_production","all","14+",23.7361841517847
1947,"home_production","all","14-17",9.38286371790391
1947,"home_production","all","18-24",20.6292880713108
1947,"home_production","all","25-54",25.9968781238368
1947,"home_production","all","55-64",25.6061209670092
1947,"home_production","all","65+",25.2867638935608
1947,"home_production","female","14+",38.6040269711788
1947,"home_production","female","14-17",14.881847826087
1947,"home_production","female","18-24",33.4183098165074
1947,"home_production","female","25-54",42.973637800364
1947,"home_production","female","55-64",41.6043939649251
1947,"home_production","female","65+",37.6306086576464
1947,"home_production","male","14+",8.46049474486824
1947,"home_production","male","14-17",3.96959714285714
1947,"home_production","male","18-24",7.17760952117918
1947,"home_production","male","25-54",8.58138236872072
1947,"home_production","male","55-64",9.84184000785059
1947,"home_production","male","65+",11.8778834773087
1948,"home_production","all","14+",23.7667856435547
1948,"home_production","all","14-17",9.31875382200176
1948,"home_production","all","18-24",20.7442031136753
1948,"home_production","all","25-54",25.9365016441141
1948,"home_production","all","55-64",25.2855444233485
1948,"home_production","all","65+",25.591074979181
1948,"home_production","female","14+",38.5625642151291
1948,"home_production","female","14-17",14.7252173913043
1948,"home_production","female","18-24",33.5682878127082
1948,"home_production","female","25-54",42.7138765045378
1948,"home_production","female","55-64",41.2553629781513
1948,"home_production","female","65+",38.0037235294118
1948,"home_production","male","14+",8.52492216029955
1948,"home_production","male","14-17",4.00692571428571
1948,"home_production","male","18-24",7.23243454899092
1948,"home_production","male","25-54",8.67914086873486
1948,"home_production","male","55-64",9.50390210665651
1948,"home_production","male","65+",12.0275426746027
1949,"home_production","all","14+",24.072386072728
1949,"home_production","all","14-17",9.25464085198972
1949,"home_production","all","18-24",21.2281334236857
1949,"home_production","all","25-54",26.1880096159699
1949,"home_production","all","55-64",25.5882366792526
1949,"home_production","all","65+",25.7345483081517
1949,"home_production","female","14+",38.7909938717155
1949,"home_production","female","14-17",14.568152173913
1949,"home_production","female","18-24",34.3578695087218
1949,"home_production","female","25-54",42.8196549928571
1949,"home_production","female","55-64",41.156777297479
1949,"home_production","female","65+",37.9907058823529
1949,"home_production","male","14+",8.87010731618452
1949,"home_production","male","14-17",4.04427428571428
1949,"home_production","male","18-24",7.37053025935706
1949,"home_production","male","25-54",9.03499982965921
1949,"home_production","male","55-64",10.159049356969
1949,"home_production","male","65+",12.2627196812397
1950,"home_production","all","14+",24.1488734420235
1950,"home_production","all","14-17",9.19052469311692
1950,"home_production","all","18-24",21.3195569360744
1950,"home_production","all","25-54",26.2078401542088
1950,"home_production","all","55-64",25.5810947828435
1950,"home_production","all","65+",25.899718743716
1950,"home_production","female","14+",38.7613929112707
1950,"home_production","female","14-17",14.410652173913
1950,"home_production","female","18-24",34.5798364223096
1950,"home_production","female","25-54",42.6818767647059
1950,"home_production","female","55-64",40.8741359865546
1950,"home_production","female","65+",37.9897764705882
1950,"home_production","male","14+",9.01560625757686
1950,"home_production","male","14-17",4.08164285714285
1950,"home_production","male","18-24",7.30011439485499
1950,"home_production","male","25-54",9.1722980712839
1950,"home_production","male","55-64",10.3817870633444
1950,"home_production","male","65+",12.5318525898971
1951,"home_production","all","14+",24.069600457779
1951,"home_production","all","14-17",9.13269908718014
1951,"home_production","all","18-24",20.9892928006562
1951,"home_production","all","25-54",26.0805221314367
1951,"home_production","all","55-64",25.5665447459417
1951,"home_production","all","65+",26.1062255698255
1951,"home_production","female","14+",38.5866125837405
1951,"home_production","female","14-17",14.2527173913043
1951,"home_production","female","18-24",34.2671331951735
1951,"home_production","female","25-54",42.4196275670588
1951,"home_production","female","55-64",40.7723722058824
1951,"home_production","female","65+",38.0949764705882
1951,"home_production","male","14+",8.98897722716301
1951,"home_production","male","14-17",4.11903142857143
1951,"home_production","male","18-24",6.95082960907457
1951,"home_production","male","25-54",9.15090331373263
1951,"home_production","male","55-64",10.3277652275866
1951,"home_production","male","65+",12.7371577015541
1952,"home_production","all","14+",24.1889699616284
1952,"home_production","all","14-17",9.07461436867079
1952,"home_production","all","18-24",21.3613549152926
1952,"home_production","all","25-54",26.1571316526489
1952,"home_production","all","55-64",25.593863932551
1952,"home_production","all","65+",26.3177169543789
1952,"home_production","female","14+",38.6288278257537
1952,"home_production","female","14-17",14.094347826087
1952,"home_production","female","18-24",34.9132894413189
1952,"home_production","female","25-54",42.4057215514286
1952,"home_production","female","55-64",40.5737528142857
1952,"home_production","female","65+",38.0833
1952,"home_production","male","14+",9.14241681023285
1952,"home_production","male","14-17",4.15644
1952,"home_production","male","18-24",7.03262961295873
1952,"home_production","male","25-54",9.28799279452945
1952,"home_production","male","55-64",10.4562683035739
1952,"home_production","male","65+",13.084401061062
1953,"home_production","all","14+",24.3396035713937
1953,"home_production","all","14-17",9.01627036415487
1953,"home_production","all","18-24",21.5132441017466
1953,"home_production","all","25-54",26.3295172148528
1953,"home_production","all","55-64",25.7175087374967
1953,"home_production","all","65+",26.4388691737161
1953,"home_production","female","14+",38.7071831983523
1953,"home_production","female","14-17",13.9355434782609
1953,"home_production","female","18-24",35.1123754905465
1953,"home_production","female","25-54",42.543255629011
1953,"home_production","female","55-64",40.4953015230769
1953,"home_production","female","65+",37.9921076923077
1953,"home_production","male","14+",9.32046375549926
1953,"home_production","male","14-17",4.19386857142857
1953,"home_production","male","18-24",7.13414579600631
1953,"home_production","male","25-54",9.46349919156544
1953,"home_production","male","55-64",10.6596163359943
1953,"home_production","male","65+",13.3312992154279
1954,"home_production","all","14+",24.6264595297914
1954,"home_production","all","14-17",8.95766690025999
1954,"home_production","all","18-24",21.9182348124719
1954,"home_production","all","25-54",26.664502756976
1954,"home_production","all","55-64",25.9056521140813
1954,"home_production","all","65+",26.6929640832116
1954,"home_production","female","14+",38.8971993264452
1954,"home_production","female","14-17",13.7763043478261
1954,"home_production","female","18-24",35.5669002843783
1954,"home_production","female","25-54",42.8111732813187
1954,"home_production","female","55-64",40.4578316153846
1954,"home_production","female","65+",38.0655
1954,"home_production","male","14+",9.65996530542578
1954,"home_production","male","14-17",4.23131714285714
1954,"home_production","male","18-24",7.48628609854
1954,"home_production","male","25-54",9.8353214306468
1954,"home_production","male","55-64",10.9540674914398
1954,"home_production","male","65+",13.6770459504229
1955,"home_production","all","14+",24.5458718395076
1955,"home_production","all","14-17",8.89880380367536
1955,"home_production","all","18-24",21.8022212050153
1955,"home_production","all","25-54",26.5766859737644
1955,"home_production","all","55-64",25.84832321971
1955,"home_production","all","65+",26.7920585812627
1955,"home_production","female","14+",38.5863747477343
1955,"home_production","female","14-17",13.6166304347826
1955,"home_production","female","18-24",35.3616573163523
1955,"home_production","female","25-54",42.5237513758242
1955,"home_production","female","55-64",39.9621901521978
1955,"home_production","female","65+",37.9336
1955,"home_production","male","14+",9.77311904760124
1955,"home_production","male","14-17",4.26878571428571
1955,"home_production","male","18-24",7.46414761171167
1955,"home_production","male","25-54",9.92268095334886
1955,"home_production","male","55-64",11.2262773750527
1955,"home_production","male","65+",13.9273987799807
1956,"home_production","all","14+",24.5070014582256
1956,"home_production","all","14-17",8.83968090115178
1956,"home_production","all","18-24",21.8295844735183
1956,"home_production","all","25-54",26.5732279038475
1956,"home_production","all","55-64",25.7106227935938
1956,"home_production","all","65+",26.9012454392008
1956,"home_production","female","14+",38.3542247314141
1956,"home_production","female","14-17",13.4565217391304
1956,"home_production","female","18-24",35.4160425588466
1956,"home_production","female","25-54",42.3164565105495
1956,"home_production","female","55-64",39.5327772307692
1956,"home_production","female","65+",37.9147230769231
1956,"home_production","male","14+",9.89064073536517
1956,"home_production","male","14-17",4.30627428571428
1956,"home_production","male","18-24",7.46245840248743
1956,"home_production","male","25-54",10.09927954411
1956,"home_production","male","55-64",11.2715498337041
1956,"home_production","male","65+",14.070549707277
1957,"home_production","all","14+",24.5677272061526
1957,"home_production","all","14-17",8.78029801950156
1957,"home_production","all","18-24",21.9973074842746
1957,"home_production","all","25-54",26.6798721530833
1957,"home_production","all","55-64",25.9592877302329
1957,"home_production","all","65+",27.158996580343
1957,"home_production","female","14+",38.2428677791133
1957,"home_production","female","14-17",13.2959782608696
1957,"home_production","female","18-24",35.624978090481
1957,"home_production","female","25-54",42.2927580404396
1957,"home_production","female","55-64",39.5805563763737
1957,"home_production","female","65+",37.9674692307692
1957,"home_production","male","14+",10.0882491615974
1957,"home_production","male","14-17",4.34378285714285
1957,"home_production","male","18-24",7.5861177488734
1957,"home_production","male","25-54",10.3096878522072
1957,"home_production","male","55-64",11.6116235061232
1957,"home_production","male","65+",14.4532370011398
1958,"home_production","all","14+",24.7886104727784
1958,"home_production","all","14-17",8.72065498559857
1958,"home_production","all","18-24",22.4030592846783
1958,"home_production","all","25-54",26.9876000016125
1958,"home_production","all","55-64",26.2160098091078
1958,"home_production","all","65+",27.412113022412
1958,"home_production","female","14+",38.3045671122244
1958,"home_production","female","14-17",13.135
1958,"home_production","female","18-24",36.1261157480141
1958,"home_production","female","25-54",42.4766569
1958,"home_production","female","55-64",39.5882377846154
1958,"home_production","female","65+",37.9894384615385
1958,"home_production","male","14+",10.4312207383963
1958,"home_production","male","14-17",4.38131142857143
1958,"home_production","male","18-24",7.89051012294779
1958,"home_production","male","25-54",10.714391115261
1958,"home_production","male","55-64",12.0134623953458
1958,"home_production","male","65+",14.864493737906
1959,"home_production","all","14+",24.7932783922422
1959,"home_production","all","14-17",8.66075162637812
1959,"home_production","all","18-24",22.5623328951417
1959,"home_production","all","25-54",26.9972271027965
1959,"home_production","all","55-64",26.2034258218409
1959,"home_production","all","65+",27.5965729354371
1959,"home_production","female","14+",38.2072660047661
1959,"home_production","female","14-17",12.9735869565217
1959,"home_production","female","18-24",36.552456676409
1959,"home_production","female","25-54",42.3989693802198
1959,"home_production","female","55-64",39.3243285357143
1959,"home_production","female","65+",37.9909615384615
1959,"home_production","male","14+",10.4956628573135
1959,"home_production","male","14-17",4.41886
1959,"home_production","male","18-24",7.76685003494722
1959,"home_production","male","25-54",10.7824411105807
1959,"home_production","male","55-64",12.1518866424989
1959,"home_production","male","65+",15.152203266708
1960,"home_production","all","14+",24.862415749179
1960,"home_production","all","14-17",8.60058776883703
1960,"home_production","all","18-24",22.5196367608344
1960,"home_production","all","25-54",27.0948742818011
1960,"home_production","all","55-64",26.3428560492082
1960,"home_production","all","65+",27.7395996518322
1960,"home_production","female","14+",38.1202508896824
1960,"home_production","female","14-17",12.8117391304348
1960,"home_production","female","18-24",36.3993696651423
1960,"home_production","female","25-54",42.372580489011
1960,"home_production","female","55-64",39.1982553769231
1960,"home_production","female","65+",37.9314230769231
1960,"home_production","male","14+",10.6808524669916
1960,"home_production","male","14-17",4.45642857142857
1960,"home_production","male","18-24",7.84039864369727
1960,"home_production","male","25-54",10.9768343282697
1960,"home_production","male","55-64",12.4611621376407
1960,"home_production","male","65+",15.4240323546217
1961,"home_production","all","14+",24.9709337454262
1961,"home_production","all","14-17",8.56127753223171
1961,"home_production","all","18-24",22.5480517820425
1961,"home_production","all","25-54",27.4160515633343
1961,"home_production","all","55-64",26.4591411108241
1961,"home_production","all","65+",27.9741585541412
1961,"home_production","female","14+",38.1105789073719
1961,"home_production","female","14-17",12.6993478260869
1961,"home_production","female","18-24",36.2822184562136
1961,"home_production","female","25-54",42.7155171076923
1961,"home_production","female","55-64",39.1107045046154
1961,"home_production","female","65+",37.9635230769231
1961,"home_production","male","14+",10.8796319605269
1961,"home_production","male","14-17",4.49401714285714
1961,"home_production","male","18-24",8.00413421974645
1961,"home_production","male","25-54",11.2470671436588
1961,"home_production","male","55-64",12.7445906188987
1961,"home_production","male","65+",15.7737577286593
1962,"home_production","all","14+",24.9592226558683
1962,"home_production","all","14-17",8.52198357672183
1962,"home_production","all","18-24",22.3493237964125
1962,"home_production","all","25-54",27.5633273099119
1962,"home_production","all","55-64",26.4520555610541
1962,"home_production","all","65+",28.1987096658789
1962,"home_production","female","14+",37.9887415274637
1962,"home_production","female","14-17",12.5867826086956
1962,"home_production","female","18-24",35.9307676536925
1962,"home_production","female","25-54",42.8849906065934
1962,"home_production","female","55-64",38.8553839369231
1962,"home_production","female","65+",38.0361153846154
1962,"home_production","male","14+",10.9489838700553
1962,"home_production","male","14-17",4.53162571428571
1962,"home_production","male","18-24",7.94860587383981
1962,"home_production","male","25-54",11.3423168184335
1962,"home_production","male","55-64",12.9543112903711
1962,"home_production","male","65+",16.055774580685
1963,"home_production","all","14+",24.9807176388886
1963,"home_production","all","14-17",8.48270604762073
1963,"home_production","all","18-24",22.3142639931563
1963,"home_production","all","25-54",27.7375237657708
1963,"home_production","all","55-64",26.4451969623086
1963,"home_production","all","65+",28.4255473072139
1963,"home_production","female","14+",37.8794254350497
1963,"home_production","female","14-17",12.4740434782609
1963,"home_production","female","18-24",35.7908212745781
1963,"home_production","female","25-54",43.0380958967033
1963,"home_production","female","55-64",38.6283529292308
1963,"home_production","female","65+",38.0578384615385
1963,"home_production","male","14+",11.0751803417925
1963,"home_production","male","14-17",4.56925428571428
1963,"home_production","male","18-24",8.00627111305385
1963,"home_production","male","25-54",11.5099140742213
1963,"home_production","male","55-64",13.135338140898
1963,"home_production","male","65+",16.4097337874297
1964,"home_production","all","14+",24.9810151269415
1964,"home_production","all","14-17",8.44344509017346
1964,"home_production","all","18-24",22.1002054850573
1964,"home_production","all","25-54",27.9325758610338
1964,"home_production","all","55-64",26.4946738196741
1964,"home_production","all","65+",28.5498085667732
1964,"home_production","female","14+",37.7618821561115
1964,"home_production","female","14-17",12.3611304347826
1964,"home_production","female","18-24",35.34191703849
1964,"home_production","female","25-54",43.2700652318681
1964,"home_production","female","55-64",38.4551865661539
1964,"home_production","female","65+",38.0086923076923
1964,"home_production","male","14+",11.1666433469967
1964,"home_production","male","14-17",4.60690285714285
1964,"home_production","male","18-24",8.02327749416987
1964,"home_production","male","25-54",11.636587031632
1964,"home_production","male","55-64",13.3769256582261
1964,"home_production","male","65+",16.6259156427468
1965,"home_production","all","14+",25.0394678752286
1965,"home_production","all","14-17",8.40420084955678
1965,"home_production","all","18-24",21.9132928497338
1965,"home_production","all","25-54",28.0691581251334
1965,"home_production","all","55-64",26.4962431221763
1965,"home_production","all","65+",28.6987613326868
1965,"home_production","female","14+",37.7182705370553
1965,"home_production","female","14-17",12.2480434782609
1965,"home_production","female","18-24",34.9391822311964
1965,"home_production","female","25-54",43.3709
1965,"home_production","female","55-64",38.1624
1965,"home_production","female","65+",38.0203
1965,"home_production","male","14+",11.2926362357495
1965,"home_production","male","14-17",4.64457142857142
1965,"home_production","male","18-24",8.04772567900907
1965,"home_production","male","25-54",11.7817611702058
1965,"home_production","male","55-64",13.6511179645226
1965,"home_production","male","65+",16.8248181113127
1966,"home_production","all","14+",24.5274482130072
1966,"home_production","all","14-17",8.36324131865988
1966,"home_production","all","18-24",21.1056246015425
1966,"home_production","all","25-54",27.5825414670215
1966,"home_production","all","55-64",26.0522840317736
1966,"home_production","all","65+",28.2372372917105
1966,"home_production","female","14+",36.722533957164
1966,"home_production","female","14-17",12.1347826086956
1966,"home_production","female","18-24",33.3397937750621
1966,"home_production","female","25-54",42.4232
1966,"home_production","female","55-64",37.33511
1966,"home_production","female","65+",37.03076
1966,"home_production","male","14+",11.2672970218829
1966,"home_production","male","14-17",4.67883571428571
1966,"home_production","male","18-24",8.06574098739813
1966,"home_production","male","25-54",11.757205851367
1966,"home_production","male","55-64",13.5803247808662
1966,"home_production","male","65+",16.9191126614428
1967,"home_production","all","14+",24.0800856760523
1967,"home_production","all","14-17",8.32233357917465
1967,"home_production","all","18-24",20.5331631153253
1967,"home_production","all","25-54",27.1550018580997
1967,"home_production","all","55-64",25.6950593904354
1967,"home_production","all","65+",27.7240100875795
1967,"home_production","female","14+",35.8328625929459
1967,"home_production","female","14-17",12.0213478260869
1967,"home_production","female","18-24",32.1731268896015
1967,"home_production","female","25-54",41.55188
1967,"home_production","female","55-64",36.63172
1967,"home_production","female","65+",36.01974
1967,"home_production","male","14+",11.2649391969713
1967,"home_production","male","14-17",4.71319285714285
1967,"home_production","male","18-24",8.1102813447019
1967,"home_production","male","25-54",11.7748691443446
1967,"home_production","male","55-64",13.5580116392037
1967,"home_production","male","65+",16.935887072159
1968,"home_production","all","14+",23.6515387452922
1968,"home_production","all","14-17",8.28147784356496
1968,"home_production","all","18-24",20.0029672373259
1968,"home_production","all","25-54",26.7360762404574
1968,"home_production","all","55-64",25.3691058409189
1968,"home_production","all","65+",27.2039460707841
1968,"home_production","female","14+",34.967736705151
1968,"home_production","female","14-17",11.9077391304348
1968,"home_production","female","18-24",31.0319850187266
1968,"home_production","female","25-54",40.68884
1968,"home_production","female","55-64",36.01555
1968,"home_production","female","65+",34.99926
1968,"home_production","male","14+",11.2791664192106
1968,"home_production","male","14-17",4.74764285714285
1968,"home_production","male","18-24",8.21655635934065
1968,"home_production","male","25-54",11.8033978325607
1968,"home_production","male","55-64",13.5073292174693
1968,"home_production","male","65+",16.9620463709236
1969,"home_production","all","14+",23.1905251368896
1969,"home_production","all","14-17",8.15917128115554
1969,"home_production","all","18-24",19.368403782056
1969,"home_production","all","25-54",26.3082060744316
1969,"home_production","all","55-64",25.0731794489255
1969,"home_production","all","65+",26.6616777220986
1969,"home_production","female","14+",34.0194648415558
1969,"home_production","female","14-17",11.6287165217391
1969,"home_production","female","18-24",29.6987529107374
1969,"home_production","female","25-54",39.79236
1969,"home_production","female","55-64",35.31356
1969,"home_production","female","65+",33.94862
1969,"home_production","male","14+",11.3183196366967
1969,"home_production","male","14-17",4.78218571428571
1969,"home_production","male","18-24",8.31397516728173
1969,"home_production","male","25-54",11.8506877370655
1969,"home_production","male","55-64",13.61848697917
1969,"home_production","male","65+",16.9895013588135
1970,"home_production","all","14+",22.8641283767479
1970,"home_production","all","14-17",8.05401443556284
1970,"home_production","all","18-24",19.0684132339982
1970,"home_production","all","25-54",26.0007482507568
1970,"home_production","all","55-64",24.8842243788296
1970,"home_production","all","65+",26.1700717353922
1970,"home_production","female","14+",33.2576965159381
1970,"home_production","female","14-17",11.384
1970,"home_production","female","18-24",28.9051495016611
1970,"home_production","female","25-54",39.0488
1970,"home_production","female","55-64",34.75745
1970,"home_production","female","65+",32.9514
1970,"home_production","male","14+",11.4364030219239
1970,"home_production","male","14-17",4.81682142857142
1970,"home_production","male","18-24",8.5281501804327
1970,"home_production","male","25-54",11.9851025412439
1970,"home_production","male","55-64",13.7962054967944
1970,"home_production","male","65+",17.0771725371541
1971,"home_production","all","14+",22.5416719447484
1971,"home_production","all","14-17",7.95143103732655
1971,"home_production","all","18-24",18.7955108164841
1971,"home_production","all","25-54",25.7194127652907
1971,"home_production","all","55-64",24.6841684667896
1971,"home_production","all","65+",25.67611652571
1971,"home_production","female","14+",32.5621411790606
1971,"home_production","female","14-17",11.1424295652174
1971,"home_production","female","18-24",28.2372899209959
1971,"home_production","female","25-54",38.42856
1971,"home_production","female","55-64",34.2271
1971,"home_production","female","65+",31.95034
1971,"home_production","male","14+",11.5335889396685
1971,"home_production","male","14-17",4.85155
1971,"home_production","male","18-24",8.73295991384274
1971,"home_production","male","25-54",12.0938144069683
1971,"home_production","male","55-64",13.9511098226224
1971,"home_production","male","65+",17.2032414865305
1972,"home_production","all","14+",22.1479871147212
1972,"home_production","all","14-17",7.8505451273021
1972,"home_production","all","18-24",18.1963361315945
1972,"home_production","all","25-54",25.2808907166615
1972,"home_production","all","55-64",24.5239504645676
1972,"home_production","all","65+",25.1636747746225
1972,"home_production","female","14+",31.7664312976451
1972,"home_production","female","14-17",10.9040052173913
1972,"home_production","female","18-24",27.0632358644226
1972,"home_production","female","25-54",37.5922
1972,"home_production","female","55-64",33.74351
1972,"home_production","female","65+",30.9342
1972,"home_production","male","14+",11.5904043413373
1972,"home_production","male","14-17",4.88637142857142
1972,"home_production","male","18-24",8.79698761199544
1972,"home_production","male","25-54",12.1088772148077
1972,"home_production","male","55-64",14.1391888349959
1972,"home_production","male","65+",17.3152020053667
1973,"home_production","all","14+",21.7068742706545
1973,"home_production","all","14-17",7.75135469919251
1973,"home_production","all","18-24",17.5445694555856
1973,"home_production","all","25-54",24.7774786060305
1973,"home_production","all","55-64",24.3543219608047
1973,"home_production","all","65+",24.6577023200824
1973,"home_production","female","14+",30.9002355576995
1973,"home_production","female","14-17",10.6687269565217
1973,"home_production","female","18-24",25.841797752809
1973,"home_production","female","25-54",36.65
1973,"home_production","female","55-64",33.24088
1973,"home_production","female","65+",29.93172
1973,"home_production","male","14+",11.6232410289921
1973,"home_production","male","14-17",4.92128571428571
1973,"home_production","male","18-24",8.79577268011955
1973,"home_production","male","25-54",12.1008444323633
1973,"home_production","male","55-64",14.3298274467014
1973,"home_production","male","65+",17.4328932776799
1974,"home_production","all","14+",21.3272757529676
1974,"home_production","all","14-17",7.653857757104
1974,"home_production","all","18-24",17.1080056104929
1974,"home_production","all","25-54",24.3492106338026
1974,"home_production","all","55-64",24.1143825912396
1974,"home_production","all","65+",24.1228108968337
1974,"home_production","female","14+",30.1102602209086
1974,"home_production","female","14-17",10.4365947826087
1974,"home_production","female","18-24",24.9147828030698
1974,"home_production","female","25-54",35.77728
1974,"home_production","female","55-64",32.68414
1974,"home_production","female","65+",28.93714
1974,"home_production","male","14+",11.7000183599634
1974,"home_production","male","14-17",4.95629285714285
1974,"home_production","male","18-24",8.91970446784694
1974,"home_production","male","25-54",12.1725819323971
1974,"home_production","male","55-64",14.4329893923211
1974,"home_production","male","65+",17.4800023407559
1975,"home_production","all","14+",21.0904524249422
1975,"home_production","all","14-17",7.55805231547865
1975,"home_production","all","18-24",16.9061601499419
1975,"home_production","all","25-54",24.1125237363389
1975,"home_production","all","55-64",23.9765422519177
1975,"home_production","all","65+",23.5827864318482
1975,"home_production","female","14+",29.4823409919275
1975,"home_production","female","14-17",10.2076086956522
1975,"home_production","female","18-24",24.2760935910478
1975,"home_production","female","25-54",35.169
1975,"home_production","female","55-64",32.1155
1975,"home_production","female","65+",27.9114
1975,"home_production","male","14+",11.8964641753845
1975,"home_production","male","14-17",4.99139285714285
1975,"home_production","male","18-24",9.21645844497652
1975,"home_production","male","25-54",12.3567794256066
1975,"home_production","male","55-64",14.7683059911302
1975,"home_production","male","65+",17.5667238297072
1976,"home_production","all","14+",20.991589638822
1976,"home_production","all","14-17",7.50497957638412
1976,"home_production","all","18-24",16.7169697857301
1976,"home_production","all","25-54",23.8927886097265
1976,"home_production","all","55-64",24.0145940443129
1976,"home_production","all","65+",23.7027368531121
1976,"home_production","female","14+",29.1378180599744
1976,"home_production","female","14-17",10.0639086956522
1976,"home_production","female","18-24",23.7622735674677
1976,"home_production","female","25-54",34.59851
1976,"home_production","female","55-64",32.0348
1976,"home_production","female","65+",27.93254
1976,"home_production","male","14+",12.0714979006276
1976,"home_production","male","14-17",5.02784571428571
1976,"home_production","male","18-24",9.40412245646251
1976,"home_production","male","25-54",12.5348242142657
1976,"home_production","male","55-64",14.9274079909898
1976,"home_production","male","65+",17.7810168772094
1977,"home_production","all","14+",20.888648962165
1977,"home_production","all","14-17",7.45245934968761
1977,"home_production","all","18-24",16.5200785608708
1977,"home_production","all","25-54",23.6739895110781
1977,"home_production","all","55-64",23.9815210978266
1977,"home_production","all","65+",23.7952294480549
1977,"home_production","female","14+",28.8056266492096
1977,"home_production","female","14-17",9.92113478260868
1977,"home_production","female","18-24",23.218331120274
1977,"home_production","female","25-54",34.03904
1977,"home_production","female","55-64",31.95374
1977,"home_production","female","65+",27.95812
1977,"home_production","male","14+",12.2233900203229
1977,"home_production","male","14-17",5.06436142857142
1977,"home_production","male","18-24",9.60326789959208
1977,"home_production","male","25-54",12.7021494149429
1977,"home_production","male","55-64",14.9355067008527
1977,"home_production","male","65+",17.9243425739973
1978,"home_production","all","14+",20.7472176871261
1978,"home_production","all","14-17",7.40049093259818
1978,"home_production","all","18-24",16.2986810679117
1978,"home_production","all","25-54",23.3963295744724
1978,"home_production","all","55-64",23.8955945230538
1978,"home_production","all","65+",23.8545712268067
1978,"home_production","female","14+",28.4147316621629
1978,"home_production","female","14-17",9.77928695652172
1978,"home_production","female","18-24",22.6123539140022
1978,"home_production","female","25-54",33.38721
1978,"home_production","female","55-64",31.784
1978,"home_production","female","65+",27.9652
1978,"home_production","male","14+",12.3587391176683
1978,"home_production","male","14-17",5.10093999999999
1978,"home_production","male","18-24",9.81232858709788
1978,"home_production","male","25-54",12.844161471494
1978,"home_production","male","55-64",14.9316455042881
1978,"home_production","male","65+",18.0145418186849
1979,"home_production","all","14+",20.7045702843253
1979,"home_production","all","14-17",7.34907362594558
1979,"home_production","all","18-24",16.1892650758432
1979,"home_production","all","25-54",23.2218907585302
1979,"home_production","all","55-64",23.8711683996788
1979,"home_production","all","65+",23.946305172851
1979,"home_production","female","14+",28.1555017147944
1979,"home_production","female","14-17",9.63836521739129
1979,"home_production","female","18-24",22.17674291939
1979,"home_production","female","25-54",32.8854
1979,"home_production","female","55-64",31.66712
1979,"home_production","female","65+",27.9856
1979,"home_production","male","14+",12.5554965866958
1979,"home_production","male","14-17",5.13758142857142
1979,"home_production","male","18-24",10.0692456926405
1979,"home_production","male","25-54",13.0391005166148
1979,"home_production","male","55-64",14.9994178655829
1979,"home_production","male","65+",18.1649765002325
1980,"home_production","all","14+",20.7677177032043
1980,"home_production","all","14-17",7.29820673415696
1980,"home_production","all","18-24",16.2116425730029
1980,"home_production","all","25-54",23.171669639823
1980,"home_production","all","55-64",23.9261481236223
1980,"home_production","all","65+",24.0597356124627
1980,"home_production","female","14+",28.0085249920775
1980,"home_production","female","14-17",9.49836956521737
1980,"home_production","female","18-24",21.9312786929517
1980,"home_production","female","25-54",32.49335
1980,"home_production","female","55-64",31.64
1980,"home_production","female","65+",28.0171
1980,"home_production","male","14+",12.850963780478
1980,"home_production","male","14-17",5.17428571428571
1980,"home_production","male","18-24",10.3948472258964
1980,"home_production","male","25-54",13.3722233373919
1980,"home_production","male","55-64",15.1351240184613
1980,"home_production","male","65+",18.3533517752528
1981,"home_production","all","14+",20.8135554263647
1981,"home_production","all","14-17",7.24679555500765
1981,"home_production","all","18-24",16.1992256651183
1981,"home_production","all","25-54",23.0809716325485
1981,"home_production","all","55-64",23.9829577727268
1981,"home_production","all","65+",24.149620537486
1981,"home_production","female","14+",27.8695783914767
1981,"home_production","female","14-17",9.3593
1981,"home_production","female","18-24",21.6602452004042
1981,"home_production","female","25-54",32.10768
1981,"home_production","female","55-64",31.59116
1981,"home_production","female","65+",28.04416
1981,"home_production","male","14+",13.1073192477946
1981,"home_production","male","14-17",5.21105285714285
1981,"home_production","male","18-24",10.6635006294941
1981,"home_production","male","25-54",13.6116139294275
1981,"home_production","male","55-64",15.3251884998802
1981,"home_production","male","65+",18.5311040524238
1982,"home_production","all","14+",20.9683587520017
1982,"home_production","all","14-17",7.23575566965725
1982,"home_production","all","18-24",16.2367143811315
1982,"home_production","all","25-54",23.1734845650978
1982,"home_production","all","55-64",24.042956697308
1982,"home_production","all","65+",24.2443935255152
1982,"home_production","female","14+",27.8436977316949
1982,"home_production","female","14-17",9.3022
1982,"home_production","female","18-24",21.4615510480054
1982,"home_production","female","25-54",31.90516
1982,"home_production","female","55-64",31.54304
1982,"home_production","female","65+",28.07196
1982,"home_production","male","14+",13.4661486281122
1982,"home_production","male","14-17",5.24788285714285
1982,"home_production","male","18-24",10.9576797902707
1982,"home_production","male","25-54",14.0314093572585
1982,"home_production","male","55-64",15.5208732525959
1982,"home_production","male","65+",18.719821860794
1983,"home_production","all","14+",21.0124157985189
1983,"home_production","all","14-17",7.2253641910428
1983,"home_production","all","18-24",16.1583792945284
1983,"home_production","all","25-54",23.1204277513145
1983,"home_production","all","55-64",24.0746048768465
1983,"home_production","all","65+",24.327218170699
1983,"home_production","female","14+",27.7094682999685
1983,"home_production","female","14-17",9.2462
1983,"home_production","female","18-24",21.0988047264531
1983,"home_production","female","25-54",31.5764
1983,"home_production","female","55-64",31.49564
1983,"home_production","female","65+",28.09384
1983,"home_production","male","14+",13.7117657605769
1983,"home_production","male","14-17",5.28477571428571
1983,"home_production","male","18-24",11.1830396666055
1983,"home_production","male","25-54",14.2839693140526
1983,"home_production","male","55-64",15.6548418697709
1983,"home_production","male","65+",18.8879819978474
1984,"home_production","all","14+",20.9124740190831
1984,"home_production","all","14-17",7.21562006699119
1984,"home_production","all","18-24",15.9858625489799
1984,"home_production","all","25-54",22.8638965206549
1984,"home_production","all","55-64",24.0031682088498
1984,"home_production","all","65+",24.4445322579125
1984,"home_production","female","14+",27.4387926964775
1984,"home_production","female","14-17",9.1913
1984,"home_production","female","18-24",20.5638222005977
1984,"home_production","female","25-54",31.08189
1984,"home_production","female","55-64",31.36412
1984,"home_production","female","65+",28.14384
1984,"home_production","male","14+",13.8061819939395
1984,"home_production","male","14-17",5.32173142857142
1984,"home_production","male","18-24",11.3906828989847
1984,"home_production","male","25-54",14.2920542729646
1984,"home_production","male","55-64",15.6639567133688
1984,"home_production","male","65+",19.0999213239192
1985,"home_production","all","14+",20.8751166063705
1985,"home_production","all","14-17",7.20652223958831
1985,"home_production","all","18-24",15.8863643664534
1985,"home_production","all","25-54",22.7376119633611
1985,"home_production","all","55-64",23.9437467646248
1985,"home_production","all","65+",24.5426677209247
1985,"home_production","female","14+",27.2123007019435
1985,"home_production","female","14-17",9.1375
1985,"home_production","female","18-24",20.1387634446898
1985,"home_production","female","25-54",30.6744
1985,"home_production","female","55-64",31.2554
1985,"home_production","female","65+",28.182
1985,"home_production","male","14+",13.9830300025597
1985,"home_production","male","14-17",5.35874999999999
1985,"home_production","male","18-24",11.6320240365266
1985,"home_production","male","25-54",14.4741426954111
1985,"home_production","male","55-64",15.6726674719227
1985,"home_production","male","65+",19.2821705558876
1986,"home_production","all","14+",20.978292357684
1986,"home_production","all","14-17",7.217647054545
1986,"home_production","all","18-24",15.8879913692071
1986,"home_production","all","25-54",22.7706584302574
1986,"home_production","all","55-64",24.0663057664591
1986,"home_production","all","65+",24.6505840258137
1986,"home_production","female","14+",27.2423675369008
1986,"home_production","female","14-17",9.11893333333333
1986,"home_production","female","18-24",20.0827235425553
1986,"home_production","female","25-54",30.5805111111111
1986,"home_production","female","55-64",31.2459666666667
1986,"home_production","female","65+",28.2688444444444
1986,"home_production","male","14+",14.172124517076
1986,"home_production","male","14-17",5.40150476190475
1986,"home_production","male","18-24",11.7052055312091
1986,"home_production","male","25-54",14.6536978705925
1986,"home_production","male","55-64",15.956581993607
1986,"home_production","male","65+",19.4180259124055
1987,"home_production","all","14+",21.0528383096011
1987,"home_production","all","14-17",7.22879165077255
1987,"home_production","all","18-24",15.8691562172507
1987,"home_production","all","25-54",22.7490761224243
1987,"home_production","all","55-64",24.1099901793729
1987,"home_production","all","65+",24.7536064049401
1987,"home_production","female","14+",27.2562370527951
1987,"home_production","female","14-17",9.1004
1987,"home_production","female","18-24",19.9838934596526
1987,"home_production","female","25-54",30.4406666666667
1987,"home_production","female","55-64",31.2116222222222
1987,"home_production","female","65+",28.3704888888889
1987,"home_production","male","14+",14.3176684545022
1987,"home_production","male","14-17",5.44416904761904
1987,"home_production","male","18-24",11.7797321569127
1987,"home_production","male","25-54",14.7684891026319
1987,"home_production","male","55-64",16.1002989632126
1987,"home_production","male","65+",19.5205248120975
1988,"home_production","all","14+",21.1577432439766
1988,"home_production","all","14-17",7.23995606780865
1988,"home_production","all","18-24",15.8727568055922
1988,"home_production","all","25-54",22.7677706405839
1988,"home_production","all","55-64",24.1964216335022
1988,"home_production","all","65+",24.8462079623535
1988,"home_production","female","14+",27.3110121627786
1988,"home_production","female","14-17",9.0819
1988,"home_production","female","18-24",19.9323592744591
1988,"home_production","female","25-54",30.3766333333333
1988,"home_production","female","55-64",31.1522333333333
1988,"home_production","female","65+",28.4366333333333
1988,"home_production","male","14+",14.4826637559593
1988,"home_production","male","14-17",5.48674285714285
1988,"home_production","male","18-24",11.8515386217099
1988,"home_production","male","25-54",14.8855851728397
1988,"home_production","male","55-64",16.3628314273058
1988,"home_production","male","65+",19.6489102769212
1989,"home_production","all","14+",21.2601782794802
1989,"home_production","all","14-17",7.25114034540793
1989,"home_production","all","18-24",15.918173346803
1989,"home_production","all","25-54",22.7912535783142
1989,"home_production","all","55-64",24.2130151361578
1989,"home_production","all","65+",24.9470188647615
1989,"home_production","female","14+",27.3621870858838
1989,"home_production","female","14-17",9.06343333333333
1989,"home_production","female","18-24",19.9637643258211
1989,"home_production","female","25-54",30.3123555555556
1989,"home_production","female","55-64",31.0181111111111
1989,"home_production","female","65+",28.5107777777778
1989,"home_production","male","14+",14.6461437934024
1989,"home_production","male","14-17",5.52922619047618
1989,"home_production","male","18-24",11.9241959531113
1989,"home_production","male","25-54",15.0126356022822
1989,"home_production","male","55-64",16.5605271375836
1989,"home_production","male","65+",19.7858472737092
1990,"home_production","all","14+",21.4308052405259
1990,"home_production","all","14-17",7.26234452354341
1990,"home_production","all","18-24",16.0151071169185
1990,"home_production","all","25-54",22.9375756924055
1990,"home_production","all","55-64",24.3097845926808
1990,"home_production","all","65+",25.0689276546903
1990,"home_production","female","14+",27.4945403646184
1990,"home_production","female","14-17",9.045
1990,"home_production","female","18-24",20.0835689104558
1990,"home_production","female","25-54",30.3851333333333
1990,"home_production","female","55-64",31.0446666666667
1990,"home_production","female","65+",28.5926222222222
1990,"home_production","male","14+",14.8642162169542
1990,"home_production","male","14-17",5.57161904761904
1990,"home_production","male","18-24",12.0119857849774
1990,"home_production","male","25-54",15.2476838930024
1990,"home_production","male","55-64",16.7474878701816
1990,"home_production","male","65+",19.963334028717
1991,"home_production","all","14+",21.6462658106507
1991,"home_production","all","14-17",7.27512587643657
1991,"home_production","all","18-24",16.1498863247097
1991,"home_production","all","25-54",23.1776521944147
1991,"home_production","all","55-64",24.5246917077384
1991,"home_production","all","65+",25.2034347140933
1991,"home_production","female","14+",27.6698739396141
1991,"home_production","female","14-17",9.0266
1991,"home_production","female","18-24",20.2526132139877
1991,"home_production","female","25-54",30.5647333333333
1991,"home_production","female","55-64",31.1457333333333
1991,"home_production","female","65+",28.7022666666667
1991,"home_production","male","14+",15.1268930441189
1991,"home_production","male","14-17",5.61392142857142
1991,"home_production","male","18-24",12.1148272004346
1991,"home_production","male","25-54",15.5499243881065
1991,"home_production","male","55-64",17.1068571390852
1991,"home_production","male","65+",20.155611691015
1992,"home_production","all","14+",21.7822508946535
1992,"home_production","all","14-17",7.28787608988712
1992,"home_production","all","18-24",16.1882387905226
1992,"home_production","all","25-54",23.3410400881953
1992,"home_production","all","55-64",24.6225477843456
1992,"home_production","all","65+",25.3202998954304
1992,"home_production","female","14+",27.7551398185099
1992,"home_production","female","14-17",9.00823333333333
1992,"home_production","female","18-24",20.2453416760887
1992,"home_production","female","25-54",30.6680555555556
1992,"home_production","female","55-64",31.0726
1992,"home_production","female","65+",28.8318111111111
1992,"home_production","male","14+",15.3215678332674
1992,"home_production","male","14-17",5.65613333333332
1992,"home_production","male","18-24",12.1997995841204
1992,"home_production","male","25-54",15.7736992898946
1992,"home_production","male","55-64",17.4124880147241
1992,"home_production","male","65+",20.2758779245526
1993,"home_production","all","14+",21.8709098623803
1993,"home_production","all","14-17",7.30059516555659
1993,"home_production","all","18-24",16.1957390217813
1993,"home_production","all","25-54",23.4418387121862
1993,"home_production","all","55-64",24.6993135696015
1993,"home_production","all","65+",25.4437408316759
1993,"home_production","female","14+",27.7977394135664
1993,"home_production","female","14-17",8.9899
1993,"home_production","female","18-24",20.1846758180092
1993,"home_production","female","25-54",30.7255111111111
1993,"home_production","female","55-64",31.0364555555555
1993,"home_production","female","65+",28.9341555555556
1993,"home_production","male","14+",15.4643123617017
1993,"home_production","male","14-17",5.69825476190475
1993,"home_production","male","18-24",12.2760226559012
1993,"home_production","male","25-54",15.9180328388051
1993,"home_production","male","55-64",17.6313944219601
1993,"home_production","male","65+",20.4510585266131
1994,"home_production","all","14+",21.8957919112361
1994,"home_production","all","14-17",7.31328310510954
1994,"home_production","all","18-24",16.2077953054746
1994,"home_production","all","25-54",23.4804682272996
1994,"home_production","all","55-64",24.7359946262977
1994,"home_production","all","65+",25.4852895226618
1994,"home_production","female","14+",27.7382515703943
1994,"home_production","female","14-17",8.9716
1994,"home_production","female","18-24",20.1370762711865
1994,"home_production","female","25-54",30.6605
1994,"home_production","female","55-64",30.875
1994,"home_production","female","65+",28.978
1994,"home_production","male","14+",15.5860144723354
1994,"home_production","male","14-17",5.74028571428571
1994,"home_production","male","18-24",12.3483759686017
1994,"home_production","male","25-54",16.0625674447969
1994,"home_production","male","55-64",17.904490581277
1994,"home_production","male","65+",20.5106427244871
1995,"home_production","all","14+",21.9615843505792
1995,"home_production","all","14-17",7.32593991021355
1995,"home_production","all","18-24",16.2453910473292
1995,"home_production","all","25-54",23.5422246473105
1995,"home_production","all","55-64",24.7747396782556
1995,"home_production","all","65+",25.6113729655033
1995,"home_production","female","14+",27.7614295170546
1995,"home_production","female","14-17",8.95333333333333
1995,"home_production","female","18-24",20.1440056617127
1995,"home_production","female","25-54",30.6564888888889
1995,"home_production","female","55-64",30.8630555555555
1995,"home_production","female","65+",29.1004444444444
1995,"home_production","male","14+",15.7028270877551
1995,"home_production","male","14-17",5.78222619047618
1995,"home_production","male","18-24",12.4177478552392
1995,"home_production","male","25-54",16.191138983635
1995,"home_production","male","55-64",18.0149475034112
1995,"home_production","male","65+",20.6630791035888
1996,"home_production","all","14+",22.0286158560605
1996,"home_production","all","14-17",7.33856558253922
1996,"home_production","all","18-24",16.2855187391449
1996,"home_production","all","25-54",23.6156580120375
1996,"home_production","all","55-64",24.8148334013582
1996,"home_production","all","65+",25.727835293867
1996,"home_production","female","14+",27.7874736026605
1996,"home_production","female","14-17",8.9351
1996,"home_production","female","18-24",20.1344395201003
1996,"home_production","female","25-54",30.6676444444445
1996,"home_production","female","55-64",30.8634333333333
1996,"home_production","female","65+",29.2222888888889
1996,"home_production","male","14+",15.819700150611
1996,"home_production","male","14-17",5.82407619047618
1996,"home_production","male","18-24",12.5082905499437
1996,"home_production","male","25-54",16.3278568455029
1996,"home_production","male","55-64",18.114343795353
1996,"home_production","male","65+",20.7929846987898
1997,"home_production","all","14+",22.065657571697
1997,"home_production","all","14-17",7.3511601237602
1997,"home_production","all","18-24",16.2573913178131
1997,"home_production","all","25-54",23.6738121014488
1997,"home_production","all","55-64",24.791161481577
1997,"home_production","all","65+",25.8296536207541
1997,"home_production","female","14+",27.7643770187579
1997,"home_production","female","14-17",8.9169
1997,"home_production","female","18-24",19.9999223997217
1997,"home_production","female","25-54",30.6633333333334
1997,"home_production","female","55-64",30.7128333333333
1997,"home_production","female","65+",29.3187333333333
1997,"home_production","male","14+",15.9279513744493
1997,"home_production","male","14-17",5.8658357142857
1997,"home_production","male","18-24",12.5861441662778
1997,"home_production","male","25-54",16.4493251804333
1997,"home_production","male","55-64",18.2461686790688
1997,"home_production","male","65+",20.9233109670118
1998,"home_production","all","14+",22.1529547765427
1998,"home_production","all","14-17",7.36372353555316
1998,"home_production","all","18-24",16.2474154493902
1998,"home_production","all","25-54",23.7830761540416
1998,"home_production","all","55-64",24.8451566106553
1998,"home_production","all","65+",25.9594911710637
1998,"home_production","female","14+",27.8166820661446
1998,"home_production","female","14-17",8.89873333333333
1998,"home_production","female","18-24",19.9066319169526
1998,"home_production","female","25-54",30.7509333333334
1998,"home_production","female","55-64",30.7
1998,"home_production","female","65+",29.4214777777778
1998,"home_production","male","14+",16.0586666473253
1998,"home_production","male","14-17",5.90750476190475
1998,"home_production","male","18-24",12.6594264137354
1998,"home_production","male","25-54",16.579931217633
1998,"home_production","male","55-64",18.3887493974519
1998,"home_production","male","65+",21.1118804917062
1999,"home_production","all","14+",22.2220769997677
1999,"home_production","all","14-17",7.37625581959784
1999,"home_production","all","18-24",16.2863169246098
1999,"home_production","all","25-54",23.8690692028565
1999,"home_production","all","55-64",24.9669737875838
1999,"home_production","all","65+",26.0422873215069
1999,"home_production","female","14+",27.8354408067103
1999,"home_production","female","14-17",8.8806
1999,"home_production","female","18-24",19.9109123327874
1999,"home_production","female","25-54",30.7770888888889
1999,"home_production","female","55-64",30.7373888888889
1999,"home_production","female","65+",29.5002222222222
1999,"home_production","male","14+",16.1885636456232
1999,"home_production","male","14-17",5.94908333333332
1999,"home_production","male","18-24",12.7337834708505
1999,"home_production","male","25-54",16.7265304426105
1999,"home_production","male","55-64",18.6181816448025
1999,"home_production","male","65+",21.2208378681586
2000,"home_production","all","14+",22.3142995513285
2000,"home_production","all","14-17",7.38875697757702
2000,"home_production","all","18-24",16.3051294514917
2000,"home_production","all","25-54",23.9936734893055
2000,"home_production","all","55-64",25.0780635506158
2000,"home_production","all","65+",26.1201850975665
2000,"home_production","female","14+",27.8852309029902
2000,"home_production","female","14-17",8.8625
2000,"home_production","female","18-24",19.8899444951338
2000,"home_production","female","25-54",30.8646
2000,"home_production","female","55-64",30.7242
2000,"home_production","female","65+",29.5797666666667
2000,"home_production","male","14+",16.3318840665472
2000,"home_production","male","14-17",5.99057142857142
2000,"home_production","male","18-24",12.7930699990054
2000,"home_production","male","25-54",16.8883373711952
2000,"home_production","male","55-64",18.8802078766361
2000,"home_production","male","65+",21.3168166666666
2001,"home_production","all","14+",22.4805616251504
2001,"home_production","all","14-17",7.40120467572661
2001,"home_production","all","18-24",16.412602888556
2001,"home_production","all","25-54",24.2281850395184
2001,"home_production","all","55-64",25.1199268132918
2001,"home_production","all","65+",26.231798686214
2001,"home_production","female","14+",28.0250942346365
2001,"home_production","female","14-17",8.84443333333333
2001,"home_production","female","18-24",19.9861266363614
2001,"home_production","female","25-54",31.0904888888889
2001,"home_production","female","55-64",30.6348555555555
2001,"home_production","female","65+",29.6717111111111
2001,"home_production","male","14+",16.5266039156981
2001,"home_production","male","14-17",6.03196904761904
2001,"home_production","male","18-24",12.9116055694828
2001,"home_production","male","25-54",17.1306527704632
2001,"home_production","male","55-64",19.0660999702368
2001,"home_production","male","65+",21.4557393805483
2002,"home_production","all","14+",22.6597621786657
2002,"home_production","all","14-17",7.4136221737973
2002,"home_production","all","18-24",16.5331863486188
2002,"home_production","all","25-54",24.491133065411
2002,"home_production","all","55-64",25.1349547839754
2002,"home_production","all","65+",26.3465824869557
2002,"home_production","female","14+",28.1798776710831
2002,"home_production","female","14-17",8.8264
2002,"home_production","female","18-24",20.1159792636134
2002,"home_production","female","25-54",31.3627222222223
2002,"home_production","female","55-64",30.4943111111111
2002,"home_production","female","65+",29.7640555555556
2002,"home_production","male","14+",16.7311730389442
2002,"home_production","male","14-17",6.07327619047618
2002,"home_production","male","18-24",13.0231079846808
2002,"home_production","male","25-54",17.3836299419326
2002,"home_production","male","55-64",19.2519023075088
2002,"home_production","male","65+",21.6016785373626
2003,"home_production","all","14+",22.7959776937838
2003,"home_production","all","14-17",7.42600947178909
2003,"home_production","all","18-24",16.6442840859387
2003,"home_production","all","25-54",24.6690918702884
2003,"home_production","all","55-64",25.2148405955407
2003,"home_production","all","65+",26.4284906626081
2003,"home_production","female","14+",28.2675577915166
2003,"home_production","female","14-17",8.8084
2003,"home_production","female","18-24",20.2353096179183
2003,"home_production","female","25-54",31.512
2003,"home_production","female","55-64",30.3785
2003,"home_production","female","65+",29.8288
2003,"home_production","male","14+",16.9180055750284
2003,"home_production","male","14-17",6.11449285714285
2003,"home_production","male","18-24",13.1261401900418
2003,"home_production","male","25-54",17.5907323656349
2003,"home_production","male","55-64",19.5466078092222
2003,"home_production","male","65+",21.7074172610146
2004,"home_production","all","14+",22.5590184322811
2004,"home_production","all","14-17",7.40230031127089
2004,"home_production","all","18-24",15.6411069944904
2004,"home_production","all","25-54",24.8317181279315
2004,"home_production","all","55-64",24.458258253983
2004,"home_production","all","65+",25.7488882306352
2004,"home_production","female","14+",27.9429007376274
2004,"home_production","female","14-17",8.7498
2004,"home_production","female","18-24",19.9233845262243
2004,"home_production","female","25-54",31.5684
2004,"home_production","female","55-64",29.9867
2004,"home_production","female","65+",28.3148
2004,"home_production","male","14+",16.7746804536018
2004,"home_production","male","14-17",6.1238857142857
2004,"home_production","male","18-24",11.4457403994497
2004,"home_production","male","25-54",17.8628239434503
2004,"home_production","male","55-64",18.3895979672563
2004,"home_production","male","65+",22.1863130049132
2005,"home_production","all","14+",22.2013935685678
2005,"home_production","all","14-17",7.48326877798928
2005,"home_production","all","18-24",16.5425074266246
2005,"home_production","all","25-54",24.3201644835409
2005,"home_production","all","55-64",24.094790037802
2005,"home_production","all","65+",24.7184400799443
2005,"home_production","female","14+",27.6430509500628
2005,"home_production","female","14-17",8.8235
2005,"home_production","female","18-24",20.8846963037683
2005,"home_production","female","25-54",31.1
2005,"home_production","female","55-64",28.7084
2005,"home_production","female","65+",28.3005
2005,"home_production","male","14+",16.3534014170836
2005,"home_production","male","14-17",6.21175
2005,"home_production","male","18-24",12.2884454165078
2005,"home_production","male","25-54",17.3061443321382
2005,"home_production","male","55-64",19.0303554570795
2005,"home_production","male","65+",19.745019683887
1900,"leisure","all","14+",36.8911973896932
1900,"leisure","all","14-17",49.02
1900,"leisure","all","18-24",37.55
1900,"leisure","all","25-54",32.49
1900,"leisure","all","55-64",37.36
1900,"leisure","all","65+",47.92
1900,"leisure","female","14-17",49.759
1900,"leisure","female","18-24",38.187
1900,"leisure","female","25-54",31.93
1900,"leisure","female","55-64",38.681
1900,"leisure","female","65+",47.924
1900,"leisure","male","14-17",48.293
1900,"leisure","male","18-24",36.916
1900,"leisure","male","25-54",32.994
1900,"leisure","male","55-64",36.102
1900,"leisure","male","65+",47.908
1901,"leisure","all","14+",36.3136682103953
1901,"leisure","all","14-17",48.35
1901,"leisure","all","18-24",37.06
1901,"leisure","all","25-54",31.89
1901,"leisure","all","55-64",36.69
1901,"leisure","all","65+",47.5
1901,"leisure","female","14-17",49.184
1901,"leisure","female","18-24",37.804
1901,"leisure","female","25-54",31.822
1901,"leisure","female","55-64",38.551
1901,"leisure","female","65+",47.868
1901,"leisure","male","14-17",47.513
1901,"leisure","male","18-24",36.303
1901,"leisure","male","25-54",31.941
1901,"leisure","male","55-64",34.93
1901,"leisure","male","65+",47.131
1902,"leisure","all","14+",35.7838706051074
1902,"leisure","all","14-17",47.83
1902,"leisure","all","18-24",36.62
1902,"leisure","all","25-54",31.3
1902,"leisure","all","55-64",36.01
1902,"leisure","all","65+",47.11
1902,"leisure","female","14-17",48.741
1902,"leisure","female","18-24",37.455
1902,"leisure","female","25-54",31.704
1902,"leisure","female","55-64",38.421
1902,"leisure","female","65+",47.813
1902,"leisure","male","14-17",46.919
1902,"leisure","male","18-24",35.779
1902,"leisure","male","25-54",30.944
1902,"leisure","male","55-64",33.76
1902,"leisure","male","65+",46.421
1903,"leisure","all","14+",35.5539527509314
1903,"leisure","all","14-17",47.63
1903,"leisure","all","18-24",36.47
1903,"leisure","all","25-54",31.02
1903,"leisure","all","55-64",35.62
1903,"leisure","all","65+",46.94
1903,"leisure","female","14-17",48.507
1903,"leisure","female","18-24",37.172
1903,"leisure","female","25-54",31.614
1903,"leisure","female","55-64",38.327
1903,"leisure","female","65+",47.813
1903,"leisure","male","14-17",46.776
1903,"leisure","male","18-24",35.767
1903,"leisure","male","25-54",30.482
1903,"leisure","male","55-64",33.101
1903,"leisure","male","65+",46.079
1904,"leisure","all","14+",36.5793565046754
1904,"leisure","all","14-17",48.21
1904,"leisure","all","18-24",37.6
1904,"leisure","all","25-54",32.11
1904,"leisure","all","55-64",36.51
1904,"leisure","all","65+",47.64
1904,"leisure","female","14-17",48.647
1904,"leisure","female","18-24",37.466
1904,"leisure","female","25-54",31.852
1904,"leisure","female","55-64",38.524
1904,"leisure","female","65+",48.003
1904,"leisure","male","14-17",47.767
1904,"leisure","male","18-24",37.756
1904,"leisure","male","25-54",32.341
1904,"leisure","male","55-64",34.632
1904,"leisure","male","65+",47.273
1905,"leisure","all","14+",35.8870751195957
1905,"leisure","all","14-17",47.58
1905,"leisure","all","18-24",37.01
1905,"leisure","all","25-54",31.33
1905,"leisure","all","55-64",35.66
1905,"leisure","all","65+",47.16
1905,"leisure","female","14-17",48.127
1905,"leisure","female","18-24",37.026
1905,"leisure","female","25-54",31.687
1905,"leisure","female","55-64",38.349
1905,"leisure","female","65+",47.936
1905,"leisure","male","14-17",47.041
1905,"leisure","male","18-24",36.999
1905,"leisure","male","25-54",31.011
1905,"leisure","male","55-64",33.183
1905,"leisure","male","65+",46.374
1906,"leisure","all","14+",35.480648819456
1906,"leisure","all","14-17",47.12
1906,"leisure","all","18-24",36.71
1906,"leisure","all","25-54",30.86
1906,"leisure","all","55-64",35.08
1906,"leisure","all","65+",46.86
1906,"leisure","female","14-17",47.684
1906,"leisure","female","18-24",36.767
1906,"leisure","female","25-54",31.619
1906,"leisure","female","55-64",38.25
1906,"leisure","female","65+",47.902
1906,"leisure","male","14-17",46.547
1906,"leisure","male","18-24",36.655
1906,"leisure","male","25-54",30.184
1906,"leisure","male","55-64",32.161
1906,"leisure","male","65+",45.814
1907,"leisure","all","14+",35.3796243262599
1907,"leisure","all","14-17",46.89
1907,"leisure","all","18-24",36.67
1907,"leisure","all","25-54",30.75
1907,"leisure","all","55-64",34.86
1907,"leisure","all","65+",46.82
1907,"leisure","female","14-17",47.34
1907,"leisure","female","18-24",36.479
1907,"leisure","female","25-54",31.555
1907,"leisure","female","55-64",38.191
1907,"leisure","female","65+",47.925
1907,"leisure","male","14-17",46.437
1907,"leisure","male","18-24",36.857
1907,"leisure","male","25-54",30.013
1907,"leisure","male","55-64",31.815
1907,"leisure","male","65+",45.706
1908,"leisure","all","14+",37.0473125761307
1908,"leisure","all","14-17",48.04
1908,"leisure","all","18-24",38.29
1908,"leisure","all","25-54",32.56
1908,"leisure","all","55-64",36.53
1908,"leisure","all","65+",48.03
1908,"leisure","female","14-17",47.854
1908,"leisure","female","18-24",36.825
1908,"leisure","female","25-54",31.87
1908,"leisure","female","55-64",38.53
1908,"leisure","female","65+",48.239
1908,"leisure","male","14-17",48.231
1908,"leisure","male","18-24",39.74
1908,"leisure","male","25-54",33.174
1908,"leisure","male","55-64",34.712
1908,"leisure","male","65+",47.819
1909,"leisure","all","14+",36.2313889726711
1909,"leisure","all","14-17",47.36
1909,"leisure","all","18-24",37.57
1909,"leisure","all","25-54",31.68
1909,"leisure","all","55-64",35.62
1909,"leisure","all","65+",47.47
1909,"leisure","female","14-17",47.279
1909,"leisure","female","18-24",36.352
1909,"leisure","female","25-54",31.722
1909,"leisure","female","55-64",38.352
1909,"leisure","female","65+",48.139
1909,"leisure","male","14-17",47.428
1909,"leisure","male","18-24",38.756
1909,"leisure","male","25-54",31.65
1909,"leisure","male","55-64",33.147
1909,"leisure","male","65+",46.784
1910,"leisure","all","14+",36.109548737124
1910,"leisure","all","14-17",47.41
1910,"leisure","all","18-24",37.46
1910,"leisure","all","25-54",31.55
1910,"leisure","all","55-64",35.47
1910,"leisure","all","65+",47.42
1910,"leisure","female","14-17",47.233
1910,"leisure","female","18-24",36.093
1910,"leisure","female","25-54",31.688
1910,"leisure","female","55-64",38.314
1910,"leisure","female","65+",48.162
1910,"leisure","male","14-17",47.572
1910,"leisure","male","18-24",38.8
1910,"leisure","male","25-54",31.431
1910,"leisure","male","55-64",32.897
1910,"leisure","male","65+",46.662
1911,"leisure","all","14+",35.8795481155944
1911,"leisure","all","14-17",47.23
1911,"leisure","all","18-24",37.15
1911,"leisure","all","25-54",31.33
1911,"leisure","all","55-64",35.35
1911,"leisure","all","65+",47.55
1911,"leisure","female","14-17",46.999
1911,"leisure","female","18-24",35.875
1911,"leisure","female","25-54",31.636
1911,"leisure","female","55-64",38.3
1911,"leisure","female","65+",48.175
1911,"leisure","male","14-17",47.462
1911,"leisure","male","18-24",38.394
1911,"leisure","male","25-54",31.046
1911,"leisure","male","55-64",32.697
1911,"leisure","male","65+",46.91
1912,"leisure","all","14+",35.4635883406224
1912,"leisure","all","14-17",47.17
1912,"leisure","all","18-24",36.67
1912,"leisure","all","25-54",30.86
1912,"leisure","all","55-64",35
1912,"leisure","all","65+",47.54
1912,"leisure","female","14-17",46.963
1912,"leisure","female","18-24",35.769
1912,"leisure","female","25-54",31.622
1912,"leisure","female","55-64",38.288
1912,"leisure","female","65+",48.163
1912,"leisure","male","14-17",47.374
1912,"leisure","male","18-24",37.563
1912,"leisure","male","25-54",30.178
1912,"leisure","male","55-64",32.05
1912,"leisure","male","65+",46.892
1913,"leisure","all","14+",35.8054911279216
1913,"leisure","all","14-17",47.46
1913,"leisure","all","18-24",36.91
1913,"leisure","all","25-54",31.27
1913,"leisure","all","55-64",35.51
1913,"leisure","all","65+",48.04
1913,"leisure","female","14-17",47.07
1913,"leisure","female","18-24",35.974
1913,"leisure","female","25-54",31.825
1913,"leisure","female","55-64",38.456
1913,"leisure","female","65+",48.274
1913,"leisure","male","14-17",47.837
1913,"leisure","male","18-24",37.83
1913,"leisure","male","25-54",30.76
1913,"leisure","male","55-64",32.874
1913,"leisure","male","65+",47.793
1914,"leisure","all","14+",36.6764708036638
1914,"leisure","all","14-17",48.13
1914,"leisure","all","18-24",37.56
1914,"leisure","all","25-54",32.26
1914,"leisure","all","55-64",36.59
1914,"leisure","all","65+",48.95
1914,"leisure","female","14-17",47.408
1914,"leisure","female","18-24",36.175
1914,"leisure","female","25-54",32.061
1914,"leisure","female","55-64",38.712
1914,"leisure","female","65+",48.465
1914,"leisure","male","14-17",48.849
1914,"leisure","male","18-24",38.944
1914,"leisure","male","25-54",32.445
1914,"leisure","male","55-64",34.69
1914,"leisure","male","65+",49.435
1915,"leisure","all","14+",37.2769131059137
1915,"leisure","all","14-17",48.86
1915,"leisure","all","18-24",37.99
1915,"leisure","all","25-54",32.93
1915,"leisure","all","55-64",37.38
1915,"leisure","all","65+",49.62
1915,"leisure","female","14-17",47.9
1915,"leisure","female","18-24",36.444
1915,"leisure","female","25-54",32.302
1915,"leisure","female","55-64",38.959
1915,"leisure","female","65+",48.609
1915,"leisure","male","14-17",49.818
1915,"leisure","male","18-24",39.546
1915,"leisure","male","25-54",33.484
1915,"leisure","male","55-64",35.982
1915,"leisure","male","65+",50.626
1916,"leisure","all","14+",35.7698055618327
1916,"leisure","all","14-17",48.08
1916,"leisure","all","18-24",36.28
1916,"leisure","all","25-54",31.27
1916,"leisure","all","55-64",36.02
1916,"leisure","all","65+",48.93
1916,"leisure","female","14-17",47.391
1916,"leisure","female","18-24",35.714
1916,"leisure","female","25-54",31.991
1916,"leisure","female","55-64",38.7
1916,"leisure","female","65+",48.442
1916,"leisure","male","14-17",48.773
1916,"leisure","male","18-24",36.856
1916,"leisure","male","25-54",30.612
1916,"leisure","male","55-64",33.64
1916,"leisure","male","65+",49.423
1917,"leisure","all","14+",35.1899060091085
1917,"leisure","all","14-17",48.01
1917,"leisure","all","18-24",35.4
1917,"leisure","all","25-54",30.63
1917,"leisure","all","55-64",35.68
1917,"leisure","all","65+",48.9
1917,"leisure","female","14-17",47.355
1917,"leisure","female","18-24",35.341
1917,"leisure","female","25-54",31.931
1917,"leisure","female","55-64",38.688
1917,"leisure","female","65+",48.43
1917,"leisure","male","14-17",48.675
1917,"leisure","male","18-24",35.463
1917,"leisure","male","25-54",29.435
1917,"leisure","male","55-64",33.014
1917,"leisure","male","65+",49.382
1918,"leisure","all","14+",34.4610254633547
1918,"leisure","all","14-17",47.83
1918,"leisure","all","18-24",33.94
1918,"leisure","all","25-54",29.93
1918,"leisure","all","55-64",35.31
1918,"leisure","all","65+",48.88
1918,"leisure","female","14-17",47.187
1918,"leisure","female","18-24",33.896
1918,"leisure","female","25-54",31.839
1918,"leisure","female","55-64",38.731
1918,"leisure","female","65+",48.427
1918,"leisure","male","14-17",48.477
1918,"leisure","male","18-24",33.973
1918,"leisure","male","25-54",28.191
1918,"leisure","male","55-64",32.279
1918,"leisure","male","65+",49.338
1919,"leisure","all","14+",36.6486564004448
1919,"leisure","all","14-17",49.31
1919,"leisure","all","18-24",36.5
1919,"leisure","all","25-54",32.3
1919,"leisure","all","55-64",37.5
1919,"leisure","all","65+",50.38
1919,"leisure","female","14-17",48.152
1919,"leisure","female","18-24",35.966
1919,"leisure","female","25-54",32.7
1919,"leisure","female","55-64",39.3
1919,"leisure","female","65+",48.759
1919,"leisure","male","14-17",50.469
1919,"leisure","male","18-24",37.032
1919,"leisure","male","25-54",31.941
1919,"leisure","male","55-64",35.896
1919,"leisure","male","65+",51.994
1920,"leisure","all","14+",37.01018333921
1920,"leisure","all","14-17",49.75
1920,"leisure","all","18-24",36.97
1920,"leisure","all","25-54",32.72
1920,"leisure","all","55-64",38.07
1920,"leisure","all","65+",50.67
1920,"leisure","female","14-17",48.292
1920,"leisure","female","18-24",36.533
1920,"leisure","female","25-54",32.838
1920,"leisure","female","55-64",39.435
1920,"leisure","female","65+",48.807
1920,"leisure","male","14-17",51.206
1920,"leisure","male","18-24",37.42
1920,"leisure","male","25-54",32.614
1920,"leisure","male","55-64",36.854
1920,"leisure","male","65+",52.515
1921,"leisure","all","14+",39.9983187137308
1921,"leisure","all","14-17",51.81
1921,"leisure","all","18-24",39.8
1921,"leisure","all","25-54",36.03
1921,"leisure","all","55-64",41.01
1921,"leisure","all","65+",52.39
1921,"leisure","female","14-17",49.636
1921,"leisure","female","18-24",37.62
1921,"leisure","female","25-54",33.598
1921,"leisure","female","55-64",40.036
1921,"leisure","female","65+",49.176
1921,"leisure","male","14-17",53.999
1921,"leisure","male","18-24",42.069
1921,"leisure","male","25-54",38.311
1921,"leisure","male","55-64",41.876
1921,"leisure","male","65+",55.587
1922,"leisure","all","14+",38.6747798898939
1922,"leisure","all","14-17",51.23
1922,"leisure","all","18-24",38.26
1922,"leisure","all","25-54",34.54
1922,"leisure","all","55-64",39.67
1922,"leisure","all","65+",51.54
1922,"leisure","female","14-17",49.241
1922,"leisure","female","18-24",36.796
1922,"leisure","female","25-54",33.283
1922,"leisure","female","55-64",39.754
1922,"leisure","female","65+",48.953
1922,"leisure","male","14-17",53.217
1922,"leisure","male","18-24",39.784
1922,"leisure","male","25-54",35.714
1922,"leisure","male","55-64",39.599
1922,"leisure","male","65+",54.1
1923,"leisure","all","14+",37.3620011523
1923,"leisure","all","14-17",50.57
1923,"leisure","all","18-24",36.88
1923,"leisure","all","25-54",33.02
1923,"leisure","all","55-64",38.37
1923,"leisure","all","65+",50.66
1923,"leisure","female","14-17",48.803
1923,"leisure","female","18-24",36.17
1923,"leisure","female","25-54",33.033
1923,"leisure","female","55-64",39.489
1923,"leisure","female","65+",48.728
1923,"leisure","male","14-17",52.347
1923,"leisure","male","18-24",37.61
1923,"leisure","male","25-54",33.005
1923,"leisure","male","55-64",37.354
1923,"leisure","male","65+",52.572
1924,"leisure","all","14+",38.5497424445515
1924,"leisure","all","14-17",51.43
1924,"leisure","all","18-24",38.23
1924,"leisure","all","25-54",34.22
1924,"leisure","all","55-64",39.53
1924,"leisure","all","65+",51.32
1924,"leisure","female","14-17",49.377
1924,"leisure","female","18-24",36.819
1924,"leisure","female","25-54",33.398
1924,"leisure","female","55-64",39.772
1924,"leisure","female","65+",48.871
1924,"leisure","male","14-17",53.479
1924,"leisure","male","18-24",39.721
1924,"leisure","male","25-54",35.004
1924,"leisure","male","55-64",39.309
1924,"leisure","male","65+",53.757
1925,"leisure","all","14+",37.9166779107104
1925,"leisure","all","14-17",51.26
1925,"leisure","all","18-24",37.55
1925,"leisure","all","25-54",33.43
1925,"leisure","all","55-64",38.96
1925,"leisure","all","65+",50.87
1925,"leisure","female","14-17",49.236
1925,"leisure","female","18-24",36.401
1925,"leisure","female","25-54",33.244
1925,"leisure","female","55-64",39.675
1925,"leisure","female","65+",48.76
1925,"leisure","male","14-17",53.248
1925,"leisure","male","18-24",38.757
1925,"leisure","male","25-54",33.612
1925,"leisure","male","55-64",38.31
1925,"leisure","male","65+",52.96
1926,"leisure","all","14+",37.3851396880158
1926,"leisure","all","14-17",51.01
1926,"leisure","all","18-24",37
1926,"leisure","all","25-54",32.8
1926,"leisure","all","55-64",38.41
1926,"leisure","all","65+",50.46
1926,"leisure","female","14-17",49.05
1926,"leisure","female","18-24",36.141
1926,"leisure","female","25-54",33.19
1926,"leisure","female","55-64",39.606
1926,"leisure","female","65+",48.67
1926,"leisure","male","14-17",52.961
1926,"leisure","male","18-24",37.884
1926,"leisure","male","25-54",32.419
1926,"leisure","male","55-64",37.324
1926,"leisure","male","65+",52.234
1927,"leisure","all","14+",37.7922044708088
1927,"leisure","all","14-17",51.33
1927,"leisure","all","18-24",37.47
1927,"leisure","all","25-54",33.21
1927,"leisure","all","55-64",38.78
1927,"leisure","all","65+",50.59
1927,"leisure","female","14-17",49.239
1927,"leisure","female","18-24",36.339
1927,"leisure","female","25-54",33.357
1927,"leisure","female","55-64",39.724
1927,"leisure","female","65+",48.693
1927,"leisure","male","14-17",53.422
1927,"leisure","male","18-24",38.658
1927,"leisure","male","25-54",33.074
1927,"leisure","male","55-64",37.921
1927,"leisure","male","65+",52.479
1928,"leisure","all","14+",37.8131955477834
1928,"leisure","all","14-17",51.51
1928,"leisure","all","18-24",37.52
1928,"leisure","all","25-54",33.17
1928,"leisure","all","55-64",38.67
1928,"leisure","all","65+",50.51
1928,"leisure","female","14-17",49.351
1928,"leisure","female","18-24",36.261
1928,"leisure","female","25-54",33.359
1928,"leisure","female","55-64",39.721
1928,"leisure","female","65+",48.682
1928,"leisure","male","14-17",53.652
1928,"leisure","male","18-24",38.836
1928,"leisure","male","25-54",32.991
1928,"leisure","male","55-64",37.703
1928,"leisure","male","65+",52.327
1929,"leisure","all","14+",37.6906655900843
1929,"leisure","all","14-17",51.47
1929,"leisure","all","18-24",37.52
1929,"leisure","all","25-54",33.02
1929,"leisure","all","55-64",38.28
1929,"leisure","all","65+",50.32
1929,"leisure","female","14-17",49.33
1929,"leisure","female","18-24",36.374
1929,"leisure","female","25-54",33.491
1929,"leisure","female","55-64",39.696
1929,"leisure","female","65+",48.636
1929,"leisure","male","14-17",53.596
1929,"leisure","male","18-24",38.722
1929,"leisure","male","25-54",32.569
1929,"leisure","male","55-64",36.971
1929,"leisure","male","65+",51.987
1930,"leisure","all","14+",39.5309946940007
1930,"leisure","all","14-17",52.61
1930,"leisure","all","18-24",39.26
1930,"leisure","all","25-54",35.08
1930,"leisure","all","55-64",39.97
1930,"leisure","all","65+",51.6
1930,"leisure","female","14-17",50.091
1930,"leisure","female","18-24",37.11
1930,"leisure","female","25-54",34.064
1930,"leisure","female","55-64",40.086
1930,"leisure","female","65+",48.937
1930,"leisure","male","14-17",55.102
1930,"leisure","male","18-24",41.508
1930,"leisure","male","25-54",36.062
1930,"leisure","male","55-64",39.854
1930,"leisure","male","65+",54.23
1931,"leisure","all","14+",41.4252316120261
1931,"leisure","all","14-17",54
1931,"leisure","all","18-24",41.08
1931,"leisure","all","25-54",37.09
1931,"leisure","all","55-64",42.11
1931,"leisure","all","65+",53.15
1931,"leisure","female","14-17",51.061
1931,"leisure","female","18-24",37.767
1931,"leisure","female","25-54",34.481
1931,"leisure","female","55-64",40.547
1931,"leisure","female","65+",49.319
1931,"leisure","male","14-17",56.882
1931,"leisure","male","18-24",44.557
1931,"leisure","male","25-54",39.624
1931,"leisure","male","55-64",43.572
1931,"leisure","male","65+",56.978
1932,"leisure","all","14+",43.8192794468466
1932,"leisure","all","14-17",55.58
1932,"leisure","all","18-24",43.41
1932,"leisure","all","25-54",39.67
1932,"leisure","all","55-64",44.67
1932,"leisure","all","65+",54.84
1932,"leisure","female","14-17",52.162
1932,"leisure","female","18-24",38.718
1932,"leisure","female","25-54",35.124
1932,"leisure","female","55-64",41.121
1932,"leisure","female","65+",49.736
1932,"leisure","male","14-17",58.958
1932,"leisure","male","18-24",48.335
1932,"leisure","male","25-54",44.137
1932,"leisure","male","55-64",47.979
1932,"leisure","male","65+",59.968
1933,"leisure","all","14+",44.1032104332843
1933,"leisure","all","14-17",55.96
1933,"leisure","all","18-24",43.73
1933,"leisure","all","25-54",39.88
1933,"leisure","all","55-64",45
1933,"leisure","all","65+",55.13
1933,"leisure","female","14-17",52.483
1933,"leisure","female","18-24",39.061
1933,"leisure","female","25-54",35.392
1933,"leisure","female","55-64",41.325
1933,"leisure","female","65+",49.845
1933,"leisure","male","14-17",59.396
1933,"leisure","male","18-24",48.616
1933,"leisure","male","25-54",44.285
1933,"leisure","male","55-64",48.432
1933,"leisure","male","65+",60.459
1934,"leisure","all","14+",44.5876936336524
1934,"leisure","all","14-17",56.41
1934,"leisure","all","18-24",44.35
1934,"leisure","all","25-54",40.35
1934,"leisure","all","55-64",45.48
1934,"leisure","all","65+",55.47
1934,"leisure","female","14-17",52.837
1934,"leisure","female","18-24",39.827
1934,"leisure","female","25-54",35.932
1934,"leisure","female","55-64",41.639
1934,"leisure","female","65+",49.984
1934,"leisure","male","14-17",59.943
1934,"leisure","male","18-24",49.092
1934,"leisure","male","25-54",44.701
1934,"leisure","male","55-64",49.075
1934,"leisure","male","65+",61.039
1935,"leisure","all","14+",43.7293043254446
1935,"leisure","all","14-17",56.47
1935,"leisure","all","18-24",43.41
1935,"leisure","all","25-54",39.27
1935,"leisure","all","55-64",44.64
1935,"leisure","all","65+",55.1
1935,"leisure","female","14-17",52.96
1935,"leisure","female","18-24",39.316
1935,"leisure","female","25-54",35.695
1935,"leisure","female","55-64",41.492
1935,"leisure","female","65+",49.918
1935,"leisure","male","14-17",59.941
1935,"leisure","male","18-24",47.681
1935,"leisure","male","25-54",42.793
1935,"leisure","male","55-64",47.602
1935,"leisure","male","65+",60.377
1936,"leisure","all","14+",42.1478283869947
1936,"leisure","all","14-17",56.15
1936,"leisure","all","18-24",41.72
1936,"leisure","all","25-54",37.35
1936,"leisure","all","55-64",43.04
1936,"leisure","all","65+",54.34
1936,"leisure","female","14-17",52.855
1936,"leisure","female","18-24",38.473
1936,"leisure","female","25-54",35.229
1936,"leisure","female","55-64",41.15
1936,"leisure","female","65+",49.752
1936,"leisure","male","14-17",59.421
1936,"leisure","male","18-24",45.1
1936,"leisure","male","25-54",39.447
1936,"leisure","male","55-64",44.834
1936,"leisure","male","65+",59.024
1937,"leisure","all","14+",41.3264100944728
1937,"leisure","all","14-17",56.16
1937,"leisure","all","18-24",40.8
1937,"leisure","all","25-54",36.33
1937,"leisure","all","55-64",42.17
1937,"leisure","all","65+",54.06
1937,"leisure","female","14-17",52.959
1937,"leisure","female","18-24",37.88
1937,"leisure","female","25-54",34.895
1937,"leisure","female","55-64",40.923
1937,"leisure","female","65+",49.71
1937,"leisure","male","14-17",59.346
1937,"leisure","male","18-24",43.849
1937,"leisure","male","25-54",37.765
1937,"leisure","male","55-64",43.346
1937,"leisure","male","65+",58.542
1938,"leisure","all","14+",42.9512482483983
1938,"leisure","all","14-17",57.02
1938,"leisure","all","18-24",42.53
1938,"leisure","all","25-54",38.19
1938,"leisure","all","55-64",43.64
1938,"leisure","all","65+",55.08
1938,"leisure","female","14-17",53.569
1938,"leisure","female","18-24",38.763
1938,"leisure","female","25-54",35.511
1938,"leisure","female","55-64",41.318
1938,"leisure","female","65+",49.959
1938,"leisure","male","14-17",60.447
1938,"leisure","male","18-24",46.46
1938,"leisure","male","25-54",40.866
1938,"leisure","male","55-64",45.86
1938,"leisure","male","65+",60.384
1939,"leisure","all","14+",42.1535028001941
1939,"leisure","all","14-17",57.02
1939,"leisure","all","18-24",41.74
1939,"leisure","all","25-54",37.2
1939,"leisure","all","55-64",42.74
1939,"leisure","all","65+",54.81
1939,"leisure","female","14-17",53.695
1939,"leisure","female","18-24",38.264
1939,"leisure","female","25-54",35.207
1939,"leisure","female","55-64",41.1
1939,"leisure","female","65+",49.906
1939,"leisure","male","14-17",60.349
1939,"leisure","male","18-24",45.36
1939,"leisure","male","25-54",39.204
1939,"leisure","male","55-64",44.314
1939,"leisure","male","65+",59.902
1940,"leisure","all","14+",41.5828568894697
1940,"leisure","all","14-17",57.18
1940,"leisure","all","18-24",41.34
1940,"leisure","all","25-54",36.41
1940,"leisure","all","55-64",42.03
1940,"leisure","all","65+",54.61
1940,"leisure","female","14-17",53.943
1940,"leisure","female","18-24",38.094
1940,"leisure","female","25-54",35.027
1940,"leisure","female","55-64",40.935
1940,"leisure","female","65+",49.885
1940,"leisure","male","14-17",60.395
1940,"leisure","male","18-24",44.716
1940,"leisure","male","25-54",37.809
1940,"leisure","male","55-64",43.079
1940,"leisure","male","65+",59.538
1941,"leisure","all","14+",39.7523837692012
1941,"leisure","all","14-17",56.81
1941,"leisure","all","18-24",39.87
1941,"leisure","all","25-54",34.14
1941,"leisure","all","55-64",40.15
1941,"leisure","all","65+",53.79
1941,"leisure","female","14-17",53.927
1941,"leisure","female","18-24",37.058
1941,"leisure","female","25-54",34.25
1941,"leisure","female","55-64",40.455
1941,"leisure","female","65+",49.777
1941,"leisure","male","14-17",59.684
1941,"leisure","male","18-24",42.809
1941,"leisure","male","25-54",34.033
1941,"leisure","male","55-64",39.854
1941,"leisure","male","65+",57.987
1942,"leisure","all","14+",37.6877750402929
1942,"leisure","all","14-17",56.28
1942,"leisure","all","18-24",38.21
1942,"leisure","all","25-54",31.55
1942,"leisure","all","55-64",38.01
1942,"leisure","all","65+",52.93
1942,"leisure","female","14-17",53.791
1942,"leisure","female","18-24",36.198
1942,"leisure","female","25-54",33.835
1942,"leisure","female","55-64",40.286
1942,"leisure","female","65+",49.895
1942,"leisure","male","14-17",58.752
1942,"leisure","male","18-24",40.323
1942,"leisure","male","25-54",29.251
1942,"leisure","male","55-64",35.807
1942,"leisure","male","65+",56.124
1943,"leisure","all","14+",35.0577065169802
1943,"leisure","all","14-17",55.57
1943,"leisure","all","18-24",35.88
1943,"leisure","all","25-54",28.34
1943,"leisure","all","55-64",35.24
1943,"leisure","all","65+",51.79
1943,"leisure","female","14-17",53.577
1943,"leisure","female","18-24",35.234
1943,"leisure","female","25-54",33.505
1943,"leisure","female","55-64",40.18
1943,"leisure","female","65+",50.103
1943,"leisure","male","14-17",57.557
1943,"leisure","male","18-24",36.555
1943,"leisure","male","25-54",23.102
1943,"leisure","male","55-64",30.428
1943,"leisure","male","65+",53.586
1944,"leisure","all","14+",34.6211775588872
1944,"leisure","all","14-17",55.35
1944,"leisure","all","18-24",35.81
1944,"leisure","all","25-54",27.93
1944,"leisure","all","55-64",34.75
1944,"leisure","all","65+",51.69
1944,"leisure","female","14-17",53.474
1944,"leisure","female","18-24",35.227
1944,"leisure","female","25-54",33.276
1944,"leisure","female","55-64",39.912
1944,"leisure","female","65+",50.085
1944,"leisure","male","14-17",57.209
1944,"leisure","male","18-24",36.43
1944,"leisure","male","25-54",22.499
1944,"leisure","male","55-64",29.716
1944,"leisure","male","65+",53.413
1945,"leisure","all","14+",36.5661095939096
1945,"leisure","all","14-17",55.74
1945,"leisure","all","18-24",38.09
1945,"leisure","all","25-54",30.41
1945,"leisure","all","55-64",36.73
1945,"leisure","all","65+",52.75
1945,"leisure","female","14-17",53.711
1945,"leisure","female","18-24",36.229
1945,"leisure","female","25-54",33.968
1945,"leisure","female","55-64",40.203
1945,"leisure","female","65+",50.231
1945,"leisure","male","14-17",57.741
1945,"leisure","male","18-24",39.294
1945,"leisure","male","25-54",26.786
1945,"leisure","male","55-64",33.336
1945,"leisure","male","65+",55.455
1946,"leisure","all","14+",39.4791660405236
1946,"leisure","all","14-17",56.31
1946,"leisure","all","18-24",40.51
1946,"leisure","all","25-54",34.11
1946,"leisure","all","55-64",39.74
1946,"leisure","all","65+",54.16
1946,"leisure","female","14-17",53.916
1946,"leisure","female","18-24",37.419
1946,"leisure","female","25-54",34.33
1946,"leisure","female","55-64",40.19
1946,"leisure","female","65+",50.095
1946,"leisure","male","14-17",58.668
1946,"leisure","male","18-24",43.057
1946,"leisure","male","25-54",33.885
1946,"leisure","male","55-64",39.289
1946,"leisure","male","65+",58.546
1947,"leisure","all","14+",39.7139370025963
1947,"leisure","all","14-17",56.04
1947,"leisure","all","18-24",40.08
1947,"leisure","all","25-54",34.55
1947,"leisure","all","55-64",40.07
1947,"leisure","all","65+",54.41
1947,"leisure","female","14-17",53.68
1947,"leisure","female","18-24",37.098
1947,"leisure","female","25-54",34.236
1947,"leisure","female","55-64",40.05
1947,"leisure","female","65+",50.081
1947,"leisure","male","14-17",58.364
1947,"leisure","male","18-24",43.01
1947,"leisure","male","25-54",34.867
1947,"leisure","male","55-64",40.097
1947,"leisure","male","65+",59.111
1948,"leisure","all","14+",39.7188529390444
1948,"leisure","all","14-17",55.18
1948,"leisure","all","18-24",40.06
1948,"leisure","all","25-54",34.68
1948,"leisure","all","55-64",40.43
1948,"leisure","all","65+",54.27
1948,"leisure","female","14-17",52.939
1948,"leisure","female","18-24",36.97
1948,"leisure","female","25-54",34.419
1948,"leisure","female","55-64",40.225
1948,"leisure","female","65+",49.7
1948,"leisure","male","14-17",57.378
1948,"leisure","male","18-24",43.037
1948,"leisure","male","25-54",34.965
1948,"leisure","male","55-64",40.635
1948,"leisure","male","65+",59.269
1949,"leisure","all","14+",40.4924648811468
1949,"leisure","all","14-17",55.29
1949,"leisure","all","18-24",40.93
1949,"leisure","all","25-54",35.67
1949,"leisure","all","55-64",41.18
1949,"leisure","all","65+",54.72
1949,"leisure","female","14-17",53.022
1949,"leisure","female","18-24",36.851
1949,"leisure","female","25-54",34.76
1949,"leisure","female","55-64",40.545
1949,"leisure","female","65+",49.831
1949,"leisure","male","14-17",57.513
1949,"leisure","male","18-24",44.393
1949,"leisure","male","25-54",36.617
1949,"leisure","male","55-64",41.801
1949,"leisure","male","65+",60.106
1950,"leisure","all","14+",40.3853988203005
1950,"leisure","all","14-17",54.91
1950,"leisure","all","18-24",40.17
1950,"leisure","all","25-54",35.55
1950,"leisure","all","55-64",41.31
1950,"leisure","all","65+",54.87
1950,"leisure","female","14-17",52.753
1950,"leisure","female","18-24",36.763
1950,"leisure","female","25-54",34.955
1950,"leisure","female","55-64",40.736
1950,"leisure","female","65+",49.875
1950,"leisure","male","14-17",57.011
1950,"leisure","male","18-24",43.825
1950,"leisure","male","25-54",36.158
1950,"leisure","male","55-64",41.878
1950,"leisure","male","65+",60.386
1951,"leisure","all","14+",39.2429139839726
1951,"leisure","all","14-17",54.39
1951,"leisure","all","18-24",38.47
1951,"leisure","all","25-54",34.16
1951,"leisure","all","55-64",40.57
1951,"leisure","all","65+",54.68
1951,"leisure","female","14-17",52.473
1951,"leisure","female","18-24",36.193
1951,"leisure","female","25-54",34.599
1951,"leisure","female","55-64",40.121
1951,"leisure","female","65+",49.621
1951,"leisure","male","14-17",56.267
1951,"leisure","male","18-24",40.732
1951,"leisure","male","25-54",33.703
1951,"leisure","male","55-64",41.015
1951,"leisure","male","65+",60.319
1952,"leisure","all","14+",38.9132768820523
1952,"leisure","all","14-17",54.3
1952,"leisure","all","18-24",36.72
1952,"leisure","all","25-54",33.86
1952,"leisure","all","55-64",40.46
1952,"leisure","all","65+",54.77
1952,"leisure","female","14-17",52.413
1952,"leisure","female","18-24",35.014
1952,"leisure","female","25-54",34.389
1952,"leisure","female","55-64",39.87
1952,"leisure","female","65+",49.565
1952,"leisure","male","14-17",56.139
1952,"leisure","male","18-24",38.859
1952,"leisure","male","25-54",33.31
1952,"leisure","male","55-64",41.05
1952,"leisure","male","65+",60.639
1953,"leisure","all","14+",38.8807355350602
1953,"leisure","all","14-17",54.06
1953,"leisure","all","18-24",35.85
1953,"leisure","all","25-54",33.87
1953,"leisure","all","55-64",40.36
1953,"leisure","all","65+",55.02
1953,"leisure","female","14-17",52.178
1953,"leisure","female","18-24",34.506
1953,"leisure","female","25-54",34.127
1953,"leisure","female","55-64",39.555
1953,"leisure","female","65+",49.611
1953,"leisure","male","14-17",55.911
1953,"leisure","male","18-24",38.099
1953,"leisure","male","25-54",33.613
1953,"leisure","male","55-64",41.169
1953,"leisure","male","65+",61.159
1954,"leisure","all","14+",39.7419518901671
1954,"leisure","all","14-17",54.22
1954,"leisure","all","18-24",36.42
1954,"leisure","all","25-54",34.93
1954,"leisure","all","55-64",41.18
1954,"leisure","all","65+",55.51
1954,"leisure","female","14-17",52.206
1954,"leisure","female","18-24",34.519
1954,"leisure","female","25-54",34.297
1954,"leisure","female","55-64",39.661
1954,"leisure","female","65+",49.641
1954,"leisure","male","14-17",56.19
1954,"leisure","male","18-24",38.685
1954,"leisure","male","25-54",35.576
1954,"leisure","male","55-64",42.749
1954,"leisure","male","65+",62.228
1955,"leisure","all","14+",39.298178968948
1955,"leisure","all","14-17",54.37
1955,"leisure","all","18-24",35.99
1955,"leisure","all","25-54",34.33
1955,"leisure","all","55-64",40.53
1955,"leisure","all","65+",55.48
1955,"leisure","female","14-17",52.377
1955,"leisure","female","18-24",34.014
1955,"leisure","female","25-54",34.004
1955,"leisure","female","55-64",39.468
1955,"leisure","female","65+",49.649
1955,"leisure","male","14-17",56.326
1955,"leisure","male","18-24",37.373
1955,"leisure","male","25-54",34.671
1955,"leisure","male","55-64",41.644
1955,"leisure","male","65+",62.22
1956,"leisure","all","14+",39.1826345339164
1956,"leisure","all","14-17",54.34
1956,"leisure","all","18-24",35.42
1956,"leisure","all","25-54",34.1
1956,"leisure","all","55-64",40.37
1956,"leisure","all","65+",55.56
1956,"leisure","female","14-17",52.306
1956,"leisure","female","18-24",33.602
1956,"leisure","female","25-54",33.863
1956,"leisure","female","55-64",39.381
1956,"leisure","female","65+",49.581
1956,"leisure","male","14-17",56.341
1956,"leisure","male","18-24",36.933
1956,"leisure","male","25-54",34.348
1956,"leisure","male","55-64",41.395
1956,"leisure","male","65+",62.542
1957,"leisure","all","14+",39.530816925935
1957,"leisure","all","14-17",54.61
1957,"leisure","all","18-24",35.26
1957,"leisure","all","25-54",34.44
1957,"leisure","all","55-64",40.33
1957,"leisure","all","65+",55.72
1957,"leisure","female","14-17",52.411
1957,"leisure","female","18-24",33.523
1957,"leisure","female","25-54",33.915
1957,"leisure","female","55-64",39.089
1957,"leisure","female","65+",49.543
1957,"leisure","male","14-17",56.762
1957,"leisure","male","18-24",37.111
1957,"leisure","male","25-54",34.996
1957,"leisure","male","55-64",41.638
1957,"leisure","male","65+",62.987
1958,"leisure","all","14+",40.3360694829585
1958,"leisure","all","14-17",54.97
1958,"leisure","all","18-24",36.37
1958,"leisure","all","25-54",35.24
1958,"leisure","all","55-64",40.93
1958,"leisure","all","65+",56.04
1958,"leisure","female","14-17",52.637
1958,"leisure","female","18-24",33.904
1958,"leisure","female","25-54",34.088
1958,"leisure","female","55-64",39.189
1958,"leisure","female","65+",49.622
1958,"leisure","male","14-17",57.261
1958,"leisure","male","18-24",38.956
1958,"leisure","male","25-54",36.466
1958,"leisure","male","55-64",42.778
1958,"leisure","male","65+",63.655
1959,"leisure","all","14+",40.0898590160519
1959,"leisure","all","14-17",54.63
1959,"leisure","all","18-24",36.62
1959,"leisure","all","25-54",34.75
1959,"leisure","all","55-64",40.56
1959,"leisure","all","65+",56
1959,"leisure","female","14-17",52.323
1959,"leisure","female","18-24",33.638
1959,"leisure","female","25-54",33.717
1959,"leisure","female","55-64",38.942
1959,"leisure","female","65+",49.534
1959,"leisure","male","14-17",56.902
1959,"leisure","male","18-24",39.769
1959,"leisure","male","25-54",35.846
1959,"leisure","male","55-64",42.297
1959,"leisure","male","65+",63.739
1960,"leisure","all","14+",39.8122164674428
1960,"leisure","all","14-17",54.47
1960,"leisure","all","18-24",37.05
1960,"leisure","all","25-54",34.21
1960,"leisure","all","55-64",40.07
1960,"leisure","all","65+",56
1960,"leisure","female","14-17",52.219
1960,"leisure","female","18-24",33.898
1960,"leisure","female","25-54",33.329
1960,"leisure","female","55-64",38.567
1960,"leisure","female","65+",49.517
1960,"leisure","male","14-17",56.675
1960,"leisure","male","18-24",40.381
1960,"leisure","male","25-54",35.14
1960,"leisure","male","55-64",41.69
1960,"leisure","male","65+",63.832
1961,"leisure","all","14+",39.9016404769515
1961,"leisure","all","14-17",54.61
1961,"leisure","all","18-24",37.8
1961,"leisure","all","25-54",34.01
1961,"leisure","all","55-64",39.68
1961,"leisure","all","65+",56.08
1961,"leisure","female","14-17",52.252
1961,"leisure","female","18-24",34.326
1961,"leisure","female","25-54",32.847
1961,"leisure","female","55-64",38.25
1961,"leisure","female","65+",49.564
1961,"leisure","male","14-17",56.909
1961,"leisure","male","18-24",41.464
1961,"leisure","male","25-54",35.233
1961,"leisure","male","55-64",41.234
1961,"leisure","male","65+",64.032
1962,"leisure","all","14+",39.7150329452146
1962,"leisure","all","14-17",54.78
1962,"leisure","all","18-24",37.85
1962,"leisure","all","25-54",33.52
1962,"leisure","all","55-64",39.18
1962,"leisure","all","65+",56.04
1962,"leisure","female","14-17",52.406
1962,"leisure","female","18-24",34.577
1962,"leisure","female","25-54",32.324
1962,"leisure","female","55-64",37.972
1962,"leisure","female","65+",49.517
1962,"leisure","male","14-17",57.1
1962,"leisure","male","18-24",41.316
1962,"leisure","male","25-54",34.791
1962,"leisure","male","55-64",40.496
1962,"leisure","male","65+",64.094
1963,"leisure","all","14+",39.7032076120866
1963,"leisure","all","14-17",54.73
1963,"leisure","all","18-24",37.77
1963,"leisure","all","25-54",33.22
1963,"leisure","all","55-64",38.91
1963,"leisure","all","65+",56.63
1963,"leisure","female","14-17",52.053
1963,"leisure","female","18-24",34.123
1963,"leisure","female","25-54",32.296
1963,"leisure","female","55-64",36.992
1963,"leisure","female","65+",49.838
1963,"leisure","male","14-17",57.357
1963,"leisure","male","18-24",41.663
1963,"leisure","male","25-54",34.203
1963,"leisure","male","55-64",40.999
1963,"leisure","male","65+",65.108
1964,"leisure","all","14+",39.5861757474567
1964,"leisure","all","14-17",54.6
1964,"leisure","all","18-24",37.61
1964,"leisure","all","25-54",32.78
1964,"leisure","all","55-64",39.24
1964,"leisure","all","65+",56.47
1964,"leisure","female","14-17",52.141
1964,"leisure","female","18-24",34.133
1964,"leisure","female","25-54",31.527
1964,"leisure","female","55-64",37.877
1964,"leisure","female","65+",49.591
1964,"leisure","male","14-17",57.02
1964,"leisure","male","18-24",41.323
1964,"leisure","male","25-54",34.106
1964,"leisure","male","55-64",40.726
1964,"leisure","male","65+",65.13
1965,"leisure","all","14+",38.9947181635666
1965,"leisure","all","14-17",54.61
1965,"leisure","all","18-24",36.95
1965,"leisure","all","25-54",32.04
1965,"leisure","all","55-64",38.43
1965,"leisure","all","65+",56.25
1965,"leisure","female","14-17",52.405
1965,"leisure","female","18-24",34.148
1965,"leisure","female","25-54",30.976
1965,"leisure","female","55-64",37.22
1965,"leisure","female","65+",49.57
1965,"leisure","male","14-17",56.77
1965,"leisure","male","18-24",39.929
1965,"leisure","male","25-54",33.163
1965,"leisure","male","55-64",39.752
1965,"leisure","male","65+",64.775
1966,"leisure","all","14+",39.172307294668
1966,"leisure","all","14-17",54.05
1966,"leisure","all","18-24",37.03
1966,"leisure","all","25-54",32.14
1966,"leisure","all","55-64",38.81
1966,"leisure","all","65+",56.92
1966,"leisure","female","14-17",51.942
1966,"leisure","female","18-24",34.626
1966,"leisure","female","25-54",31.728
1966,"leisure","female","55-64",37.908
1966,"leisure","female","65+",50.824
1966,"leisure","male","14-17",56.103
1966,"leisure","male","18-24",39.59
1966,"leisure","male","25-54",32.589
1966,"leisure","male","55-64",39.8
1966,"leisure","male","65+",64.774
1967,"leisure","all","14+",39.8494661243942
1967,"leisure","all","14-17",53.91
1967,"leisure","all","18-24",37.67
1967,"leisure","all","25-54",32.67
1967,"leisure","all","55-64",40
1967,"leisure","all","65+",58.04
1967,"leisure","female","14-17",51.876
1967,"leisure","female","18-24",35.048
1967,"leisure","female","25-54",32.356
1967,"leisure","female","55-64",39.872
1967,"leisure","female","65+",52.549
1967,"leisure","male","14-17",55.897
1967,"leisure","male","18-24",40.452
1967,"leisure","male","25-54",33.008
1967,"leisure","male","55-64",40.139
1967,"leisure","male","65+",65.172
1968,"leisure","all","14+",40.3324885416611
1968,"leisure","all","14-17",53.96
1968,"leisure","all","18-24",38.13
1968,"leisure","all","25-54",33.28
1968,"leisure","all","55-64",40.22
1968,"leisure","all","65+",58.33
1968,"leisure","female","14-17",51.865
1968,"leisure","female","18-24",35.836
1968,"leisure","female","25-54",33.139
1968,"leisure","female","55-64",39.58
1968,"leisure","female","65+",53.03
1968,"leisure","male","14-17",56
1968,"leisure","male","18-24",40.573
1968,"leisure","male","25-54",33.451
1968,"leisure","male","55-64",40.926
1968,"leisure","male","65+",65.295
1969,"leisure","all","14+",40.685689939602
1969,"leisure","all","14-17",53.88
1969,"leisure","all","18-24",38.64
1969,"leisure","all","25-54",33.6
1969,"leisure","all","55-64",40.46
1969,"leisure","all","65+",58.78
1969,"leisure","female","14-17",51.958
1969,"leisure","female","18-24",36.539
1969,"leisure","female","25-54",33.687
1969,"leisure","female","55-64",40.037
1969,"leisure","female","65+",53.915
1969,"leisure","male","14-17",55.75
1969,"leisure","male","18-24",40.912
1969,"leisure","male","25-54",33.522
1969,"leisure","male","55-64",40.926
1969,"leisure","male","65+",65.221
1970,"leisure","all","14+",41.7404319231556
1970,"leisure","all","14-17",53.93
1970,"leisure","all","18-24",39.93
1970,"leisure","all","25-54",34.84
1970,"leisure","all","55-64",41.33
1970,"leisure","all","65+",59.52
1970,"leisure","female","14-17",51.9
1970,"leisure","female","18-24",37.67
1970,"leisure","female","25-54",34.735
1970,"leisure","female","55-64",40.73
1970,"leisure","female","65+",55.091
1970,"leisure","male","14-17",55.908
1970,"leisure","male","18-24",42.342
1970,"leisure","male","25-54",34.944
1970,"leisure","male","55-64",41.978
1970,"leisure","male","65+",65.461
1971,"leisure","all","14+",42.3191333825227
1971,"leisure","all","14-17",54.17
1971,"leisure","all","18-24",41.34
1971,"leisure","all","25-54",35.17
1971,"leisure","all","55-64",41.4
1971,"leisure","all","65+",60.46
1971,"leisure","female","14-17",52.096
1971,"leisure","female","18-24",39.363
1971,"leisure","female","25-54",35.124
1971,"leisure","female","55-64",40.952
1971,"leisure","female","65+",56.355
1971,"leisure","male","14-17",56.175
1971,"leisure","male","18-24",43.451
1971,"leisure","male","25-54",35.218
1971,"leisure","male","55-64",41.894
1971,"leisure","male","65+",66.012
1972,"leisure","all","14+",42.5349259686097
1972,"leisure","all","14-17",54.39
1972,"leisure","all","18-24",40.73
1972,"leisure","all","25-54",35.52
1972,"leisure","all","55-64",41.91
1972,"leisure","all","65+",61
1972,"leisure","female","14-17",52.435
1972,"leisure","female","18-24",39.19
1972,"leisure","female","25-54",35.546
1972,"leisure","female","55-64",41.717
1972,"leisure","female","65+",57.21
1972,"leisure","male","14-17",56.278
1972,"leisure","male","18-24",42.38
1972,"leisure","male","25-54",35.495
1972,"leisure","male","55-64",42.133
1972,"leisure","male","65+",66.145
1973,"leisure","all","14+",42.7921864061356
1973,"leisure","all","14-17",54.16
1973,"leisure","all","18-24",40.06
1973,"leisure","all","25-54",35.86
1973,"leisure","all","55-64",42.82
1973,"leisure","all","65+",61.89
1973,"leisure","female","14-17",52.577
1973,"leisure","female","18-24",39.398
1973,"leisure","female","25-54",36.145
1973,"leisure","female","55-64",42.602
1973,"leisure","female","65+",58.65
1973,"leisure","male","14-17",55.687
1973,"leisure","male","18-24",40.741
1973,"leisure","male","25-54",35.56
1973,"leisure","male","55-64",43.065
1973,"leisure","male","65+",66.332
1974,"leisure","all","14+",43.4951789108474
1974,"leisure","all","14-17",53.93
1974,"leisure","all","18-24",40.74
1974,"leisure","all","25-54",36.64
1974,"leisure","all","55-64",43.87
1974,"leisure","all","65+",62.77
1974,"leisure","female","14-17",52.4
1974,"leisure","female","18-24",39.778
1974,"leisure","female","25-54",36.773
1974,"leisure","female","55-64",43.954
1974,"leisure","female","65+",59.816
1974,"leisure","male","14-17",55.394
1974,"leisure","male","18-24",41.754
1974,"leisure","male","25-54",36.502
1974,"leisure","male","55-64",43.779
1974,"leisure","male","65+",66.854
1975,"leisure","all","14+",44.5341611309798
1975,"leisure","all","14-17",54.22
1975,"leisure","all","18-24",42.61
1975,"leisure","all","25-54",37.55
1975,"leisure","all","55-64",45.21
1975,"leisure","all","65+",63.5
1975,"leisure","female","14-17",52.597
1975,"leisure","female","18-24",40.914
1975,"leisure","female","25-54",37.295
1975,"leisure","female","55-64",44.448
1975,"leisure","female","65+",60.945
1975,"leisure","male","14-17",55.793
1975,"leisure","male","18-24",44.391
1975,"leisure","male","25-54",37.819
1975,"leisure","male","55-64",46.057
1975,"leisure","male","65+",67.05
1976,"leisure","all","14+",44.4924651639283
1976,"leisure","all","14-17",54.22
1976,"leisure","all","18-24",42.99
1976,"leisure","all","25-54",37.27
1976,"leisure","all","55-64",45.49
1976,"leisure","all","65+",63.52
1976,"leisure","female","14-17",52.373
1976,"leisure","female","18-24",41.434
1976,"leisure","female","25-54",37.15
1976,"leisure","female","55-64",44.967
1976,"leisure","female","65+",60.848
1976,"leisure","male","14-17",56.006
1976,"leisure","male","18-24",44.607
1976,"leisure","male","25-54",37.396
1976,"leisure","male","55-64",46.084
1976,"leisure","male","65+",67.269
1977,"leisure","all","14+",44.2366574145931
1977,"leisure","all","14-17",54.05
1977,"leisure","all","18-24",42.45
1977,"leisure","all","25-54",36.92
1977,"leisure","all","55-64",45.47
1977,"leisure","all","65+",63.73
1977,"leisure","female","14-17",52.436
1977,"leisure","female","18-24",41.314
1977,"leisure","female","25-54",37.017
1977,"leisure","female","55-64",45.234
1977,"leisure","female","65+",60.928
1977,"leisure","male","14-17",55.602
1977,"leisure","male","18-24",43.637
1977,"leisure","male","25-54",36.819
1977,"leisure","male","55-64",45.744
1977,"leisure","male","65+",67.69
1978,"leisure","all","14+",43.8144617881992
1978,"leisure","all","14-17",53.55
1978,"leisure","all","18-24",42.52
1978,"leisure","all","25-54",36.32
1978,"leisure","all","55-64",44.91
1978,"leisure","all","65+",63.66
1978,"leisure","female","14-17",52.18
1978,"leisure","female","18-24",41.242
1978,"leisure","female","25-54",36.391
1978,"leisure","female","55-64",44.711
1978,"leisure","female","65+",60.907
1978,"leisure","male","14-17",54.88
1978,"leisure","male","18-24",43.834
1978,"leisure","male","25-54",36.239
1978,"leisure","male","55-64",45.149
1978,"leisure","male","65+",67.556
1979,"leisure","all","14+",43.8061796649075
1979,"leisure","all","14-17",53.29
1979,"leisure","all","18-24",42.04
1979,"leisure","all","25-54",36.53
1979,"leisure","all","55-64",45.36
1979,"leisure","all","65+",63.48
1979,"leisure","female","14-17",51.836
1979,"leisure","female","18-24",40.759
1979,"leisure","female","25-54",36.638
1979,"leisure","female","55-64",44.964
1979,"leisure","female","65+",60.865
1979,"leisure","male","14-17",54.697
1979,"leisure","male","18-24",43.343
1979,"leisure","male","25-54",36.402
1979,"leisure","male","55-64",45.805
1979,"leisure","male","65+",67.23
1980,"leisure","all","14+",44.3449932511626
1980,"leisure","all","14-17",54.04
1980,"leisure","all","18-24",43.11
1980,"leisure","all","25-54",37.05
1980,"leisure","all","55-64",46.22
1980,"leisure","all","65+",63.38
1980,"leisure","female","14-17",52.702
1980,"leisure","female","18-24",41.581
1980,"leisure","female","25-54",36.466
1980,"leisure","female","55-64",45.577
1980,"leisure","female","65+",60.857
1980,"leisure","male","14-17",55.316
1980,"leisure","male","18-24",44.662
1980,"leisure","male","25-54",37.656
1980,"leisure","male","55-64",46.952
1980,"leisure","male","65+",67.007
1981,"leisure","all","14+",44.6302639625183
1981,"leisure","all","14-17",54.43
1981,"leisure","all","18-24",43.57
1981,"leisure","all","25-54",37.48
1981,"leisure","all","55-64",46.4
1981,"leisure","all","65+",63.36
1981,"leisure","female","14-17",52.897
1981,"leisure","female","18-24",42.049
1981,"leisure","female","25-54",36.835
1981,"leisure","female","55-64",45.308
1981,"leisure","female","65+",60.804
1981,"leisure","male","14-17",55.903
1981,"leisure","male","18-24",45.118
1981,"leisure","male","25-54",38.142
1981,"leisure","male","55-64",47.642
1981,"leisure","male","65+",67.058
1982,"leisure","all","14+",44.6131088699936
1982,"leisure","all","14-17",54.87
1982,"leisure","all","18-24",44.1
1982,"leisure","all","25-54",37.34
1982,"leisure","all","55-64",46.28
1982,"leisure","all","65+",63.31
1982,"leisure","female","14-17",53.056
1982,"leisure","female","18-24",42.37
1982,"leisure","female","25-54",36.551
1982,"leisure","female","55-64",45.413
1982,"leisure","female","65+",60.873
1982,"leisure","male","14-17",56.633
1982,"leisure","male","18-24",45.863
1982,"leisure","male","25-54",38.151
1982,"leisure","male","55-64",47.276
1982,"leisure","male","65+",66.835
1983,"leisure","all","14+",44.3489618285138
1983,"leisure","all","14-17",55.27
1983,"leisure","all","18-24",44.33
1983,"leisure","all","25-54",36.83
1983,"leisure","all","55-64",46.13
1983,"leisure","all","65+",63.17
1983,"leisure","female","14-17",53.502
1983,"leisure","female","18-24",42.279
1983,"leisure","female","25-54",36.034
1983,"leisure","female","55-64",45.024
1983,"leisure","female","65+",60.842
1983,"leisure","male","14-17",56.966
1983,"leisure","male","18-24",46.391
1983,"leisure","male","25-54",37.648
1983,"leisure","male","55-64",47.377
1983,"leisure","male","65+",66.533
1984,"leisure","all","14+",43.5051640807082
1984,"leisure","all","14-17",54.78
1984,"leisure","all","18-24",43.02
1984,"leisure","all","25-54",35.7
1984,"leisure","all","55-64",45.96
1984,"leisure","all","65+",63.3
1984,"leisure","female","14-17",53.309
1984,"leisure","female","18-24",41.917
1984,"leisure","female","25-54",35.544
1984,"leisure","female","55-64",44.735
1984,"leisure","female","65+",60.803
1984,"leisure","male","14-17",56.2
1984,"leisure","male","18-24",44.124
1984,"leisure","male","25-54",35.867
1984,"leisure","male","55-64",47.356
1984,"leisure","male","65+",66.917
1985,"leisure","all","14+",43.2263036943606
1985,"leisure","all","14-17",54.33
1985,"leisure","all","18-24",42.65
1985,"leisure","all","25-54",35.4
1985,"leisure","all","55-64",45.8
1985,"leisure","all","65+",63.31
1985,"leisure","female","14-17",52.688
1985,"leisure","female","18-24",41.435
1985,"leisure","female","25-54",35.272
1985,"leisure","female","55-64",44.78
1985,"leisure","female","65+",60.939
1985,"leisure","male","14-17",55.896
1985,"leisure","male","18-24",43.862
1985,"leisure","male","25-54",35.544
1985,"leisure","male","55-64",46.939
1985,"leisure","male","65+",66.748
1986,"leisure","all","14+",42.7670607424065
1986,"leisure","all","14-17",54
1986,"leisure","all","18-24",42
1986,"leisure","all","25-54",34.8
1986,"leisure","all","55-64",45.96
1986,"leisure","all","65+",63.2
1986,"leisure","female","14-17",52.433
1986,"leisure","female","18-24",40.648
1986,"leisure","female","25-54",34.537
1986,"leisure","female","55-64",44.933
1986,"leisure","female","65+",60.772
1986,"leisure","male","14-17",55.504
1986,"leisure","male","18-24",43.353
1986,"leisure","male","25-54",35.089
1986,"leisure","male","55-64",47.111
1986,"leisure","male","65+",66.696
1987,"leisure","all","14+",42.4155426382995
1987,"leisure","all","14-17",53.8
1987,"leisure","all","18-24",41.69
1987,"leisure","all","25-54",34.46
1987,"leisure","all","55-64",45.6
1987,"leisure","all","65+",63.04
1987,"leisure","female","14-17",52.189
1987,"leisure","female","18-24",40.352
1987,"leisure","female","25-54",34.127
1987,"leisure","female","55-64",45.039
1987,"leisure","female","65+",60.661
1987,"leisure","male","14-17",55.321
1987,"leisure","male","18-24",43.019
1987,"leisure","male","25-54",34.804
1987,"leisure","male","55-64",46.234
1987,"leisure","male","65+",66.497
1988,"leisure","all","14+",41.715854783877
1988,"leisure","all","14-17",53.4
1988,"leisure","all","18-24",41.25
1988,"leisure","all","25-54",33.59
1988,"leisure","all","55-64",45.3
1988,"leisure","all","65+",62.71
1988,"leisure","female","14-17",51.813
1988,"leisure","female","18-24",39.841
1988,"leisure","female","25-54",33.296
1988,"leisure","female","55-64",44.417
1988,"leisure","female","65+",60.371
1988,"leisure","male","14-17",54.919
1988,"leisure","male","18-24",42.663
1988,"leisure","male","25-54",33.881
1988,"leisure","male","55-64",46.315
1988,"leisure","male","65+",66.092
1989,"leisure","all","14+",41.3302617212988
1989,"leisure","all","14-17",53.24
1989,"leisure","all","18-24",41.09
1989,"leisure","all","25-54",33.25
1989,"leisure","all","55-64",44.62
1989,"leisure","all","65+",62.46
1989,"leisure","female","14-17",51.723
1989,"leisure","female","18-24",40.086
1989,"leisure","female","25-54",33.069
1989,"leisure","female","55-64",43.733
1989,"leisure","female","65+",60.103
1989,"leisure","male","14-17",54.703
1989,"leisure","male","18-24",42.087
1989,"leisure","male","25-54",33.453
1989,"leisure","male","55-64",45.609
1989,"leisure","male","65+",65.875
1990,"leisure","all","14+",41.4034762883525
1990,"leisure","all","14-17",53.46
1990,"leisure","all","18-24",41.36
1990,"leisure","all","25-54",33.34
1990,"leisure","all","55-64",44.87
1990,"leisure","all","65+",62.35
1990,"leisure","female","14-17",51.722
1990,"leisure","female","18-24",39.625
1990,"leisure","female","25-54",32.835
1990,"leisure","female","55-64",43.834
1990,"leisure","female","65+",59.957
1990,"leisure","male","14-17",55.103
1990,"leisure","male","18-24",43.053
1990,"leisure","male","25-54",33.862
1990,"leisure","male","55-64",46.046
1990,"leisure","male","65+",65.815
1991,"leisure","all","14+",41.7407957585723
1991,"leisure","all","14-17",54.01
1991,"leisure","all","18-24",42.26
1991,"leisure","all","25-54",33.79
1991,"leisure","all","55-64",44.49
1991,"leisure","all","65+",62.35
1991,"leisure","female","14-17",52.369
1991,"leisure","female","18-24",40.203
1991,"leisure","female","25-54",32.764
1991,"leisure","female","55-64",43.592
1991,"leisure","female","65+",59.968
1991,"leisure","male","14-17",55.58
1991,"leisure","male","18-24",44.284
1991,"leisure","male","25-54",34.849
1991,"leisure","male","55-64",45.499
1991,"leisure","male","65+",65.78
1992,"leisure","all","14+",41.9854374967172
1992,"leisure","all","14-17",54.44
1992,"leisure","all","18-24",42.81
1992,"leisure","all","25-54",34.04
1992,"leisure","all","55-64",44.81
1992,"leisure","all","65+",62.28
1992,"leisure","female","14-17",52.829
1992,"leisure","female","18-24",40.236
1992,"leisure","female","25-54",32.676
1992,"leisure","female","55-64",43.705
1992,"leisure","female","65+",59.981
1992,"leisure","male","14-17",55.959
1992,"leisure","male","18-24",45.327
1992,"leisure","male","25-54",35.443
1992,"leisure","male","55-64",46.046
1992,"leisure","male","65+",65.572
1993,"leisure","all","14+",41.5818110188845
1993,"leisure","all","14-17",54.3
1993,"leisure","all","18-24",42.46
1993,"leisure","all","25-54",33.52
1993,"leisure","all","55-64",43.88
1993,"leisure","all","65+",62.46
1993,"leisure","female","14-17",52.86
1993,"leisure","female","18-24",40.449
1993,"leisure","female","25-54",32.242
1993,"leisure","female","55-64",43.042
1993,"leisure","female","65+",59.958
1993,"leisure","male","14-17",55.677
1993,"leisure","male","18-24",44.433
1993,"leisure","male","25-54",34.842
1993,"leisure","male","55-64",44.814
1993,"leisure","male","65+",66.051
1994,"leisure","all","14+",41.1540430557796
1994,"leisure","all","14-17",53.91
1994,"leisure","all","18-24",41.23
1994,"leisure","all","25-54",33.01
1994,"leisure","all","55-64",44.64
1994,"leisure","all","65+",62.14
1994,"leisure","female","14-17",52.418
1994,"leisure","female","18-24",39.466
1994,"leisure","female","25-54",32.18
1994,"leisure","female","55-64",43.015
1994,"leisure","female","65+",59.787
1994,"leisure","male","14-17",55.318
1994,"leisure","male","18-24",42.955
1994,"leisure","male","25-54",33.866
1994,"leisure","male","55-64",46.458
1994,"leisure","male","65+",65.507
1995,"leisure","all","14+",40.9959966495795
1995,"leisure","all","14-17",53.46
1995,"leisure","all","18-24",40.81
1995,"leisure","all","25-54",33.04
1995,"leisure","all","55-64",43.99
1995,"leisure","all","65+",62.02
1995,"leisure","female","14-17",52.174
1995,"leisure","female","18-24",39.532
1995,"leisure","female","25-54",32.389
1995,"leisure","female","55-64",42.903
1995,"leisure","female","65+",59.7
1995,"leisure","male","14-17",54.684
1995,"leisure","male","18-24",42.071
1995,"leisure","male","25-54",33.703
1995,"leisure","male","55-64",45.204
1995,"leisure","male","65+",65.302
1996,"leisure","all","14+",40.8975017466881
1996,"leisure","all","14-17",53.41
1996,"leisure","all","18-24",41.07
1996,"leisure","all","25-54",32.96
1996,"leisure","all","55-64",43.66
1996,"leisure","all","65+",61.75
1996,"leisure","female","14-17",51.81
1996,"leisure","female","18-24",39.465
1996,"leisure","female","25-54",31.928
1996,"leisure","female","55-64",42.639
1996,"leisure","female","65+",59.591
1996,"leisure","male","14-17",54.93
1996,"leisure","male","18-24",42.652
1996,"leisure","male","25-54",34.014
1996,"leisure","male","55-64",44.796
1996,"leisure","male","65+",64.809
1997,"leisure","all","14+",40.458345387005
1997,"leisure","all","14-17",53.39
1997,"leisure","all","18-24",41.11
1997,"leisure","all","25-54",32.33
1997,"leisure","all","55-64",42.9
1997,"leisure","all","65+",61.7
1997,"leisure","female","14-17",51.852
1997,"leisure","female","18-24",39.133
1997,"leisure","female","25-54",31.498
1997,"leisure","female","55-64",41.623
1997,"leisure","female","65+",59.469
1997,"leisure","male","14-17",54.847
1997,"leisure","male","18-24",43.045
1997,"leisure","male","25-54",33.19
1997,"leisure","male","55-64",44.315
1997,"leisure","male","65+",64.833
1998,"leisure","all","14+",40.4598781201712
1998,"leisure","all","14-17",52.96
1998,"leisure","all","18-24",41.42
1998,"leisure","all","25-54",32.35
1998,"leisure","all","55-64",42.76
1998,"leisure","all","65+",61.69
1998,"leisure","female","14-17",51.586
1998,"leisure","female","18-24",39.487
1998,"leisure","female","25-54",31.529
1998,"leisure","female","55-64",41.336
1998,"leisure","female","65+",59.182
1998,"leisure","male","14-17",54.268
1998,"leisure","male","18-24",43.316
1998,"leisure","male","25-54",33.192
1998,"leisure","male","55-64",44.318
1998,"leisure","male","65+",65.204
1999,"leisure","all","14+",40.1171526607621
1999,"leisure","all","14-17",53.32
1999,"leisure","all","18-24",41.18
1999,"leisure","all","25-54",31.89
1999,"leisure","all","55-64",42.3
1999,"leisure","all","65+",61.44
1999,"leisure","female","14-17",52.123
1999,"leisure","female","18-24",39.146
1999,"leisure","female","25-54",30.85
1999,"leisure","female","55-64",41.824
1999,"leisure","female","65+",59.036
1999,"leisure","male","14-17",54.448
1999,"leisure","male","18-24",43.191
1999,"leisure","male","25-54",32.954
1999,"leisure","male","55-64",42.823
1999,"leisure","male","65+",64.797
2000,"leisure","all","14+",39.9376755136236
2000,"leisure","all","14-17",52.95
2000,"leisure","all","18-24",41.5
2000,"leisure","all","25-54",31.68
2000,"leisure","all","55-64",42.32
2000,"leisure","all","65+",60.89
2000,"leisure","female","14-17",51.747
2000,"leisure","female","18-24",39.617
2000,"leisure","female","25-54",30.693
2000,"leisure","female","55-64",40.964
2000,"leisure","female","65+",58.802
2000,"leisure","male","14-17",54.089
2000,"leisure","male","18-24",43.351
2000,"leisure","male","25-54",32.706
2000,"leisure","male","55-64",43.806
2000,"leisure","male","65+",63.784
2001,"leisure","all","14+",40.3788112782175
2001,"leisure","all","14-17",53.36
2001,"leisure","all","18-24",41.72
2001,"leisure","all","25-54",32.33
2001,"leisure","all","55-64",42.61
2001,"leisure","all","65+",60.92
2001,"leisure","female","14-17",52.086
2001,"leisure","female","18-24",39.066
2001,"leisure","female","25-54",30.947
2001,"leisure","female","55-64",41.34
2001,"leisure","female","65+",58.888
2001,"leisure","male","14-17",54.566
2001,"leisure","male","18-24",44.309
2001,"leisure","male","25-54",33.764
2001,"leisure","male","55-64",44.001
2001,"leisure","male","65+",63.743
2002,"leisure","all","14+",40.5943956621736
2002,"leisure","all","14-17",53.79
2002,"leisure","all","18-24",42.54
2002,"leisure","all","25-54",32.61
2002,"leisure","all","55-64",41.98
2002,"leisure","all","65+",60.69
2002,"leisure","female","14-17",52.36
2002,"leisure","female","18-24",40.069
2002,"leisure","female","25-54",31.161
2002,"leisure","female","55-64",40.941
2002,"leisure","female","65+",58.6
2002,"leisure","male","14-17",55.142
2002,"leisure","male","18-24",44.958
2002,"leisure","male","25-54",34.119
2002,"leisure","male","55-64",43.117
2002,"leisure","male","65+",63.603
2003,"leisure","all","14+",40.2590897479577
2003,"leisure","all","14-17",54.04
2003,"leisure","all","18-24",42.82
2003,"leisure","all","25-54",32.19
2003,"leisure","all","55-64",40.9
2003,"leisure","all","65+",60.25
2003,"leisure","female","14-17",52.567
2003,"leisure","female","18-24",40.653
2003,"leisure","female","25-54",30.868
2003,"leisure","female","55-64",39.907
2003,"leisure","female","65+",58.189
2003,"leisure","male","14-17",55.432
2003,"leisure","male","18-24",44.936
2003,"leisure","male","25-54",33.568
2003,"leisure","male","55-64",41.981
2003,"leisure","male","65+",63.119
2004,"leisure","all","14+",40.4326574075516
2004,"leisure","all","14-17",54.18
2004,"leisure","all","18-24",43.78
2004,"leisure","all","25-54",31.97
2004,"leisure","all","55-64",41.41
2004,"leisure","all","65+",60.74
2004,"leisure","female","14-17",52.649
2004,"leisure","female","18-24",41.149
2004,"leisure","female","25-54",30.72
2004,"leisure","female","55-64",40.176
2004,"leisure","female","65+",59.456
2004,"leisure","male","14-17",55.62
2004,"leisure","male","18-24",46.363
2004,"leisure","male","25-54",33.265
2004,"leisure","male","55-64",42.767
2004,"leisure","male","65+",62.529
2005,"leisure","all","14+",40.5852089817235
2005,"leisure","all","14-17",53.96
2005,"leisure","all","18-24",42.59
2005,"leisure","all","25-54",32.21
2005,"leisure","all","55-64",41.45
2005,"leisure","all","65+",61.72
2005,"leisure","female","14-17",52.612
2005,"leisure","female","18-24",39.727
2005,"leisure","female","25-54",31.179
2005,"leisure","female","55-64",40.983
2005,"leisure","female","65+",59.477
2005,"leisure","male","14-17",55.255
2005,"leisure","male","18-24",45.402
2005,"leisure","male","25-54",33.265
2005,"leisure","male","55-64",41.973
2005,"leisure","male","65+",64.826
1900,"school","all","14+",0.838799676867853
1900,"school","all","14-17",6.25315384615385
1900,"school","all","18-24",0.880105648571165
1900,"school","female","18-24",0.801262710179345
1900,"school","male","18-24",0.958700030419638
1901,"school","all","14+",0.881814907782637
1901,"school","all","14-17",6.65198153846154
1901,"school","all","18-24",0.986130983324273
1901,"school","female","18-24",0.921170807045017
1901,"school","male","18-24",1.05179722255641
1902,"school","all","14+",0.91370742339253
1902,"school","all","14-17",6.96019153846154
1902,"school","all","18-24",1.08730717886469
1902,"school","female","18-24",1.03453975387342
1902,"school","male","18-24",1.14059678624466
1903,"school","all","14+",0.940389726613208
1903,"school","all","14-17",7.22396769230769
1903,"school","all","18-24",1.18554969159038
1903,"school","female","18-24",1.14462283855937
1903,"school","male","18-24",1.2268382977656
1904,"school","all","14+",0.990082430094555
1904,"school","all","14-17",7.68688307692308
1904,"school","all","18-24",1.30621679875593
1904,"school","female","18-24",1.27948680122275
1904,"school","male","18-24",1.33314561944089
1905,"school","all","14+",1.02434963203565
1905,"school","all","14-17",7.99076923076923
1905,"school","all","18-24",1.41680695673986
1905,"school","female","18-24",1.40149212430853
1905,"school","male","18-24",1.43219432038437
1906,"school","all","14+",1.06342998944983
1906,"school","all","14-17",8.33721
1906,"school","all","18-24",1.5333858993855
1906,"school","female","18-24",1.53030841426522
1906,"school","male","18-24",1.53641433634425
1907,"school","all","14+",1.11381924779058
1907,"school","all","14-17",8.78568923076923
1907,"school","all","18-24",1.66451871778459
1907,"school","female","18-24",1.67544156561798
1907,"school","male","18-24",1.65343950007269
1908,"school","all","14+",1.16779937690518
1908,"school","all","14-17",9.27044461538461
1908,"school","all","18-24",1.80272048149409
1908,"school","female","18-24",1.8286787093286
1908,"school","male","18-24",1.77651898795759
1909,"school","all","14+",1.19917811417197
1909,"school","all","14-17",9.56501538461538
1909,"school","all","18-24",1.91624787025163
1909,"school","female","18-24",1.95535040688472
1909,"school","male","18-24",1.87748247331154
1910,"school","all","14+",1.20841258698395
1910,"school","all","14-17",9.7223
1910,"school","all","18-24",2.00317355865184
1910,"school","female","18-24",2.05425242010346
1910,"school","male","18-24",1.95169264338487
1911,"school","all","14+",1.23042596854231
1911,"school","all","14-17",10.0122938461538
1911,"school","all","18-24",1.98335096231298
1911,"school","female","18-24",2.02862838350167
1911,"school","male","18-24",1.93816320762711
1912,"school","all","14+",1.21664520617229
1912,"school","all","14-17",9.97183384615384
1912,"school","all","18-24",1.92174428520176
1912,"school","female","18-24",1.95709924875695
1912,"school","male","18-24",1.88687463422369
1913,"school","all","14+",1.22606316576766
1913,"school","all","14-17",10.1203792307692
1913,"school","all","18-24",1.89475208663676
1913,"school","female","18-24",1.92288379764062
1913,"school","male","18-24",1.86747525278959
1914,"school","all","14+",1.24819419234287
1914,"school","all","14-17",10.3700584615385
1914,"school","all","18-24",1.88536380577052
1914,"school","female","18-24",1.90767692718952
1914,"school","male","18-24",1.86424392908432
1915,"school","all","14+",1.24031746979677
1915,"school","all","14-17",10.302075
1915,"school","all","18-24",1.84319434558433
1915,"school","female","18-24",1.85692031933885
1915,"school","male","18-24",1.83094729759503
1916,"school","all","14+",1.21903911682709
1916,"school","all","14-17",10.2130861538462
1916,"school","all","18-24",1.79506626948925
1916,"school","female","18-24",1.80211984967449
1916,"school","male","18-24",1.7897332553404
1917,"school","all","14+",1.20035369241484
1917,"school","all","14-17",10.1244823076923
1917,"school","all","18-24",1.75205973713818
1917,"school","female","18-24",1.75334056747253
1917,"school","male","18-24",1.75269332059252
1918,"school","all","14+",1.22972451503427
1918,"school","all","14-17",10.1414653846154
1918,"school","all","18-24",1.74719752386823
1918,"school","female","18-24",1.74579695631007
1918,"school","male","18-24",1.75021937521642
1919,"school","all","14+",1.22913467824995
1919,"school","all","14-17",10.1579584615385
1919,"school","all","18-24",1.73814759748897
1919,"school","female","18-24",1.72966434147269
1919,"school","male","18-24",1.74873493173527
1920,"school","all","14+",1.27320624357359
1920,"school","all","14-17",10.5078076923077
1920,"school","all","18-24",1.48470086624666
1920,"school","female","18-24",1.42258701136511
1920,"school","male","18-24",1.55060258166807
1921,"school","all","14+",1.3485947498181
1921,"school","all","14-17",11.0723684615385
1921,"school","all","18-24",1.59199451148507
1921,"school","female","18-24",1.51244084218008
1921,"school","male","18-24",1.6762904355601
1922,"school","all","14+",1.40154038663364
1922,"school","all","14-17",11.326455
1922,"school","all","18-24",1.68798062422489
1922,"school","female","18-24",1.59004480484626
1922,"school","male","18-24",1.79162049473429
1923,"school","all","14+",1.44864849094108
1923,"school","all","14-17",11.5830480769231
1923,"school","all","18-24",1.78291959913378
1923,"school","female","18-24",1.66656111436275
1923,"school","male","18-24",1.90594917503187
1924,"school","all","14+",1.49854289427858
1924,"school","all","14-17",11.9087015384615
1924,"school","all","18-24",1.87941158963738
1924,"school","female","18-24",1.74475327390898
1924,"school","male","18-24",2.02171422505385
1925,"school","all","14+",1.54629301194453
1925,"school","all","14-17",12.2388403846154
1925,"school","all","18-24",1.97713597291118
1925,"school","female","18-24",1.82400021292956
1925,"school","male","18-24",2.13889946134213
1926,"school","all","14+",1.59568294463304
1926,"school","all","14-17",12.6237219230769
1926,"school","all","18-24",2.07824544673143
1926,"school","female","18-24",1.90655333628188
1926,"school","male","18-24",2.25955990266374
1927,"school","all","14+",1.64497876248055
1927,"school","all","14-17",13.01454
1927,"school","all","18-24",2.18028001652731
1927,"school","female","18-24",1.98997344317579
1927,"school","male","18-24",2.3812059681979
1928,"school","all","14+",1.67549099738157
1928,"school","all","14-17",13.32198
1928,"school","all","18-24",2.27734964658877
1928,"school","female","18-24",2.0685065589244
1928,"school","male","18-24",2.49779373916724
1929,"school","all","14+",1.70045067511422
1929,"school","all","14-17",13.63285
1929,"school","all","18-24",2.37597072643383
1929,"school","female","18-24",2.14845788165118
1929,"school","male","18-24",2.61607106847611
1930,"school","all","14+",1.72204565331853
1930,"school","all","14-17",13.9133211538461
1930,"school","all","18-24",2.47359538345738
1930,"school","female","18-24",2.22733790667159
1930,"school","male","18-24",2.73342534302938
1931,"school","all","14+",1.73135996728976
1931,"school","all","14-17",14.1389518846154
1931,"school","all","18-24",2.49223508767139
1931,"school","female","18-24",2.23490502415096
1931,"school","male","18-24",2.76294978565769
1932,"school","all","14+",1.72000550923047
1932,"school","all","14-17",14.3170868076923
1932,"school","all","18-24",2.5080204180813
1932,"school","female","18-24",2.23947458814976
1932,"school","male","18-24",2.78975146190601
1933,"school","all","14+",1.71225048348986
1933,"school","all","14-17",14.4960528461538
1933,"school","all","18-24",2.52569414963322
1933,"school","female","18-24",2.24556859824826
1933,"school","male","18-24",2.8188146219862
1934,"school","all","14+",1.73401788735006
1934,"school","all","14-17",14.6557804615385
1934,"school","all","18-24",2.54011373266844
1934,"school","female","18-24",2.2487146324853
1934,"school","male","18-24",2.84431596027993
1935,"school","all","14+",1.76183882590865
1935,"school","all","14-17",14.8159698076923
1935,"school","all","18-24",2.55445374191843
1935,"school","female","18-24",2.25177057198002
1935,"school","male","18-24",2.86974725079656
1936,"school","all","14+",1.80709429986881
1936,"school","all","14-17",15.1427244437607
1936,"school","all","18-24",2.57973717140452
1936,"school","female","18-24",2.2658737084892
1936,"school","male","18-24",2.90600069986416
1937,"school","all","14+",1.84469885051462
1937,"school","all","14-17",15.4737283964103
1937,"school","all","18-24",2.60344336173899
1937,"school","female","18-24",2.27878044840589
1937,"school","male","18-24",2.94030158223452
1938,"school","all","14+",1.87364586337949
1938,"school","all","14-17",15.7775525025641
1938,"school","all","18-24",2.62401491123637
1938,"school","female","18-24",2.28848105186842
1938,"school","male","18-24",2.97150895493516
1939,"school","all","14+",1.8931017177485
1939,"school","all","14-17",16.0849498955556
1939,"school","all","18-24",2.6435899680276
1939,"school","female","18-24",2.29728073538508
1939,"school","male","18-24",3.0016158482272
1940,"school","all","14+",1.86827178339277
1940,"school","all","14-17",16.2861019444444
1940,"school","all","18-24",2.6257573803805
1940,"school","female","18-24",2.28283071204525
1940,"school","male","18-24",2.98212933317953
1941,"school","all","14+",1.80919141458189
1941,"school","all","14-17",16.1763477333333
1941,"school","all","18-24",2.44299532359307
1941,"school","female","18-24",2.13627692677712
1941,"school","male","18-24",2.76228973517587
1942,"school","all","14+",1.7390124368034
1942,"school","all","14-17",16.0879888675214
1942,"school","all","18-24",2.25342856430259
1942,"school","female","18-24",2.08446526130466
1942,"school","male","18-24",2.42962322618795
1943,"school","all","14+",1.67386096755726
1943,"school","all","14-17",15.999407374359
1943,"school","all","18-24",2.06367210403546
1943,"school","female","18-24",2.03095256146652
1943,"school","male","18-24",2.09785084599341
1944,"school","all","14+",1.70224997865329
1944,"school","all","14-17",16.1486433461539
1944,"school","all","18-24",1.87970090739272
1944,"school","female","18-24",1.73662287716538
1944,"school","male","18-24",2.02941749773776
1945,"school","all","14+",1.71368493701961
1945,"school","all","14-17",16.2977517948718
1945,"school","all","18-24",1.67461047216127
1945,"school","female","18-24",1.75390256607071
1945,"school","male","18-24",2.27780402377904
1946,"school","all","14+",1.76945640100723
1946,"school","all","14-17",16.6773916474359
1946,"school","all","18-24",2.20524159854871
1946,"school","female","18-24",1.56122978179297
1946,"school","male","18-24",3.51668707343326
1947,"school","all","14+",1.80840327409572
1947,"school","all","14-17",17.061517
1947,"school","all","18-24",2.77625306270718
1947,"school","female","18-24",1.62324407157821
1947,"school","male","18-24",4.17157054171179
1948,"school","all","14+",1.82452485537177
1948,"school","all","14-17",17.8020221367521
1948,"school","all","18-24",2.84046329302097
1948,"school","female","18-24",1.6665027038514
1948,"school","male","18-24",4.32388798945382
1949,"school","all","14+",1.79893625407403
1949,"school","all","14-17",17.9614084102564
1949,"school","all","18-24",2.66082578990009
1949,"school","female","18-24",1.74731148033678
1949,"school","male","18-24",4.39235369001076
1950,"school","all","14+",1.76566894687372
1950,"school","all","14-17",18.3577171153846
1950,"school","all","18-24",2.88335190465273
1950,"school","female","18-24",1.75622226586307
1950,"school","male","18-24",4.01741669330099
1951,"school","all","14+",1.74844223946462
1951,"school","all","14-17",18.61904
1951,"school","all","18-24",2.62807983086801
1951,"school","female","18-24",1.77114397788046
1951,"school","male","18-24",3.66356178138658
1952,"school","all","14+",1.78540062282547
1952,"school","all","14-17",18.837963948718
1952,"school","all","18-24",2.94366919378303
1952,"school","female","18-24",1.92324063056843
1952,"school","male","18-24",3.72175369296496
1953,"school","all","14+",1.8339544557779
1953,"school","all","14-17",19.2143102307692
1953,"school","all","18-24",3.33634920656641
1953,"school","female","18-24",2.09842743168706
1953,"school","male","18-24",3.90758089295233
1954,"school","all","14+",1.90441094903743
1954,"school","all","14-17",19.5054643333333
1954,"school","all","18-24",3.42463916729761
1954,"school","female","18-24",2.32561649079452
1954,"school","male","18-24",4.35282452941671
1955,"school","all","14+",1.96649541134304
1955,"school","all","14-17",19.483239957265
1955,"school","all","18-24",3.32006782213588
1955,"school","female","18-24",2.45472459349753
1955,"school","male","18-24",4.88948012523119
1956,"school","all","14+",2.07118696009258
1956,"school","all","14-17",19.753713
1956,"school","all","18-24",3.83396434402303
1956,"school","female","18-24",2.69528420411497
1956,"school","male","18-24",5.408781431504
1957,"school","all","14+",2.24510519918484
1957,"school","all","14-17",20.0232306837607
1957,"school","all","18-24",4.55601190496389
1957,"school","female","18-24",3.07477728330273
1957,"school","male","18-24",6.1224096989994
1958,"school","all","14+",2.34000958078846
1958,"school","all","14-17",20.1820412991453
1958,"school","all","18-24",4.72519777381282
1958,"school","female","18-24",3.24750432961596
1958,"school","male","18-24",6.28790348825545
1959,"school","all","14+",2.43437570916194
1959,"school","all","14-17",20.6376212307692
1959,"school","all","18-24",4.84244405212294
1959,"school","female","18-24",3.38286805442162
1959,"school","male","18-24",6.38604237868363
1960,"school","all","14+",2.4899873717229
1960,"school","all","14-17",20.8456971153846
1960,"school","all","18-24",5.06855467159617
1960,"school","female","18-24",3.63028519804551
1960,"school","male","18-24",6.58967184470164
1961,"school","all","14+",2.66162550685224
1961,"school","all","14-17",21.2877396410257
1961,"school","all","18-24",5.15042460464069
1961,"school","female","18-24",3.76645856405486
1961,"school","male","18-24",6.61598771311464
1962,"school","all","14+",2.79987748663388
1962,"school","all","14-17",21.5380846153846
1962,"school","all","18-24",5.27803258638742
1962,"school","female","18-24",3.88053873255126
1962,"school","male","18-24",6.75982752653556
1963,"school","all","14+",2.94957995104673
1963,"school","all","14-17",21.8607515897436
1963,"school","all","18-24",5.41954815953049
1963,"school","female","18-24",4.00270622525705
1963,"school","male","18-24",6.9238020935646
1964,"school","all","14+",3.11646350700721
1964,"school","all","14-17",21.9799431923077
1964,"school","all","18-24",5.83118062795882
1964,"school","female","18-24",4.35294995470579
1964,"school","male","18-24",7.40265019647616
1965,"school","all","14+",3.15480630837237
1965,"school","all","14-17",22.0758538461539
1965,"school","all","18-24",6.08349504329959
1965,"school","female","18-24",4.56520068332237
1965,"school","male","18-24",7.6996620332601
1966,"school","all","14+",3.22064492394705
1966,"school","all","14-17",22.2262526538462
1966,"school","all","18-24",6.19948703634173
1966,"school","female","18-24",4.7649975495722
1966,"school","male","18-24",7.72844872453515
1967,"school","all","14+",3.28573150725786
1967,"school","all","14-17",22.2581226666667
1967,"school","all","18-24",6.36370368374968
1967,"school","female","18-24",4.95586420549065
1967,"school","male","18-24",7.86623614257733
1968,"school","all","14+",3.37889751524262
1968,"school","all","14-17",22.3263782307692
1968,"school","all","18-24",6.69530109366217
1968,"school","female","18-24",5.23555197191573
1968,"school","male","18-24",8.25529521722741
1969,"school","all","14+",3.42362929934546
1969,"school","all","14-17",22.2280835897436
1969,"school","all","18-24",6.79713306145075
1969,"school","female","18-24",5.35324644652476
1969,"school","male","18-24",8.34222522762083
1970,"school","all","14+",3.48156061181967
1970,"school","all","14-17",22.3115363390574
1970,"school","all","18-24",6.88453549747478
1970,"school","female","18-24",5.48606037364542
1970,"school","male","18-24",8.38303004667663
1971,"school","all","14+",3.54243445746908
1971,"school","all","14-17",22.4484975976453
1971,"school","all","18-24",6.8777805373687
1971,"school","female","18-24",5.57443088332988
1971,"school","male","18-24",8.2668219555733
1972,"school","all","14+",3.48475537124778
1972,"school","all","14-17",22.0717091426492
1972,"school","all","18-24",6.82624976560615
1972,"school","female","18-24",5.72380478522935
1972,"school","male","18-24",7.99489550498221
1973,"school","all","14+",3.45097844222324
1973,"school","all","14-17",21.8814604376134
1973,"school","all","18-24",6.76875070223558
1973,"school","female","18-24",5.81118413894794
1973,"school","male","18-24",7.77843188263513
1974,"school","all","14+",3.46806925003873
1974,"school","all","14-17",22.0384630882468
1974,"school","all","18-24",6.83296912893334
1974,"school","female","18-24",6.00797057637644
1974,"school","male","18-24",7.6982860739342
1975,"school","all","14+",3.53339108302382
1975,"school","all","14-17",22.3681078327265
1975,"school","all","18-24",7.11368672274259
1975,"school","female","18-24",6.27262645757101
1975,"school","male","18-24",7.9912390923469
1976,"school","all","14+",3.44057112210136
1976,"school","all","14-17",22.4236265049115
1976,"school","all","18-24",6.71810824422315
1976,"school","female","18-24",6.22987970923092
1976,"school","male","18-24",7.22487712868844
1977,"school","all","14+",3.37651355345947
1977,"school","all","14-17",22.4550562582991
1977,"school","all","18-24",6.57953556209566
1977,"school","female","18-24",6.30804386025533
1977,"school","male","18-24",6.85988579987548
1978,"school","all","14+",3.29176928826152
1978,"school","all","14-17",22.5136482587433
1978,"school","all","18-24",6.33299025870403
1978,"school","female","18-24",6.23648303361987
1978,"school","male","18-24",6.43213696682475
1979,"school","all","14+",3.20215220132775
1979,"school","all","14-17",22.5200934200858
1979,"school","all","18-24",6.25228565074267
1979,"school","female","18-24",6.29362799622964
1979,"school","male","18-24",6.21002813224513
1980,"school","all","14+",3.1233151275672
1980,"school","all","14-17",22.5166949310751
1980,"school","all","18-24",6.33289609866509
1980,"school","female","18-24",6.46118519611887
1980,"school","male","18-24",6.20242775950782
1981,"school","all","14+",3.0370825062365
1981,"school","all","14-17",22.6307953209924
1981,"school","all","18-24",6.37746877308931
1981,"school","female","18-24",6.55049934412008
1981,"school","male","18-24",6.20207118335458
1982,"school","all","14+",2.94255186488976
1982,"school","all","14-17",22.7448957109097
1982,"school","all","18-24",6.41048656867646
1982,"school","female","18-24",6.56440060020628
1982,"school","male","18-24",6.25497596647597
1983,"school","all","14+",2.87861721736862
1983,"school","all","14-17",22.858996100827
1983,"school","all","18-24",6.4811566143186
1983,"school","female","18-24",6.67447373877874
1983,"school","male","18-24",6.28647330954338
1984,"school","all","14+",2.82008737526174
1984,"school","all","14-17",22.9730964907443
1984,"school","all","18-24",6.3914689251934
1984,"school","female","18-24",6.64734646656099
1984,"school","male","18-24",6.13462890027801
1985,"school","all","14+",2.80700970503143
1985,"school","all","14-17",23.0871968806616
1985,"school","all","18-24",6.46883901559429
1985,"school","female","18-24",6.7900184061011
1985,"school","male","18-24",6.14751300431571
1986,"school","all","14+",2.78401638771538
1986,"school","all","14-17",23.2012972705789
1986,"school","all","18-24",6.67395996086594
1986,"school","female","18-24",7.07581963780623
1986,"school","male","18-24",6.27324475519725
1987,"school","all","14+",2.7378218835076
1987,"school","all","14-17",23.3153976604962
1987,"school","all","18-24",6.88538338575907
1987,"school","female","18-24",7.39519840982564
1987,"school","male","18-24",6.37870465928889
1988,"school","all","14+",2.68117550355656
1988,"school","all","14-17",23.4294980504135
1988,"school","all","18-24",7.10532610778313
1988,"school","female","18-24",7.71398612177483
1988,"school","male","18-24",6.50242108571857
1989,"school","all","14+",2.6309595828448
1989,"school","all","14-17",23.5435984403308
1989,"school","all","18-24",7.35305992924921
1989,"school","female","18-24",8.03409375285402
1989,"school","male","18-24",6.68071472432757
1990,"school","all","14+",2.60035045766425
1990,"school","all","14-17",23.6576988302481
1990,"school","all","18-24",7.54657174958611
1990,"school","female","18-24",8.29690878503014
1990,"school","male","18-24",6.80828530493946
1991,"school","all","14+",2.62405988820365
1991,"school","all","14-17",23.7717992201654
1991,"school","all","18-24",7.8713143721108
1991,"school","female","18-24",8.68632708381039
1991,"school","male","18-24",7.06974396113898
1992,"school","all","14+",2.63130130663188
1992,"school","all","14-17",23.8858996100827
1992,"school","all","18-24",7.96023667763537
1992,"school","female","18-24",8.8262570368608
1992,"school","male","18-24",7.10887311804565
1993,"school","all","14+",2.62648550437825
1993,"school","all","14-17",24
1993,"school","all","18-24",7.8685816478489
1993,"school","female","18-24",8.74324116028402
1993,"school","male","18-24",7.00910019186128
1994,"school","all","14+",2.64630702838712
1994,"school","all","14-17",24
1994,"school","all","18-24",7.87029942812709
1994,"school","female","18-24",8.79525074747013
1994,"school","male","18-24",6.96179351096576
1995,"school","all","14+",2.64590306381754
1995,"school","all","14-17",24
1995,"school","all","18-24",7.85138522647022
1995,"school","female","18-24",8.79982318752099
1995,"school","male","18-24",6.92021288351993
1996,"school","all","14+",2.6643646833344
1996,"school","all","14-17",24
1996,"school","all","18-24",7.94536649214382
1996,"school","female","18-24",8.94851945178039
1996,"school","male","18-24",6.960898935428
1997,"school","all","14+",2.66826193265852
1997,"school","all","14-17",24
1997,"school","all","18-24",7.90078820617029
1997,"school","female","18-24",8.91828771103401
1997,"school","male","18-24",6.902668998296
1998,"school","all","14+",2.64011864654726
1998,"school","all","14-17",24
1998,"school","all","18-24",7.7046817465933
1998,"school","female","18-24",8.72970026442465
1998,"school","male","18-24",6.6996154336479
1999,"school","all","14+",2.63763519051016
1999,"school","all","14-17",24
1999,"school","all","18-24",7.61606382326095
1999,"school","female","18-24",8.63470218614322
1999,"school","male","18-24",6.61767739556268
2000,"school","all","14+",2.63732731965375
2000,"school","all","14-17",24
2000,"school","all","18-24",7.60494782789907
2000,"school","female","18-24",8.62146046485488
2000,"school","male","18-24",6.60906581676879
2001,"school","all","14+",2.64600813243613
2001,"school","all","14-17",24
2001,"school","all","18-24",7.72881431721487
2001,"school","female","18-24",8.79250749334299
2001,"school","male","18-24",6.6867093192481
2002,"school","all","14+",2.66945767646946
2002,"school","all","14-17",24
2002,"school","all","18-24",7.9142070785793
2002,"school","female","18-24",9.05877014108997
2002,"school","male","18-24",6.79287348850007
2003,"school","all","14+",2.67486952828885
2003,"school","all","14-17",24
2003,"school","all","18-24",7.98063248579582
2003,"school","female","18-24",9.2032880734555
2003,"school","male","18-24",6.78279129692024
2004,"school","all","14+",2.68952279438532
2004,"school","all","14-17",24
2004,"school","all","18-24",8.01200359953861
2004,"school","female","18-24",9.26551923173699
2004,"school","male","18-24",6.78392868596404
2005,"school","all","14+",2.69620301801557
2005,"school","all","14-17",24
2005,"school","all","18-24",8.05361919168739
2005,"school","female","18-24",9.33549373894011
2005,"school","male","18-24",6.79776092124046
1900,"work","all","10-13",5.22459215177077
1900,"work","all","14+",27.6525285094656
1900,"work","all","14-17",20.6945724851912
1900,"work","all","18-24",29.4404254196161
1900,"work","all","25-54",29.5723798033471
1900,"work","all","55-64",26.8107332006187
1900,"work","all","65+",19.3180455043923
1900,"work","female","10-13",2.77062344258189
1900,"work","female","14+",9.58851886948157
1900,"work","female","14-17",12.1593922850699
1900,"work","female","18-24",14.9327470874619
1900,"work","female","25-54",7.89515737184874
1900,"work","female","55-64",6.48510064436317
1900,"work","female","65+",4.75590934958039
1900,"work","male","10-13",7.66862588468108
1900,"work","male","14+",44.8076694642633
1900,"work","male","14-17",29.1194146455503
1900,"work","male","18-24",44.2818553421605
1900,"work","male","25-54",49.356080656118
1900,"work","male","55-64",46.0788088059363
1900,"work","male","65+",33.6194045085573
1901,"work","all","10-13",5.19910950194119
1901,"work","all","14+",28.2433632058539
1901,"work","all","14-17",20.9659905227628
1901,"work","all","18-24",29.9389880994621
1901,"work","all","25-54",30.260633790563
1901,"work","all","55-64",27.5365862356561
1901,"work","all","65+",19.6585334945098
1901,"work","female","10-13",2.77026349786654
1901,"work","female","14+",9.86743746821021
1901,"work","female","14-17",12.4058031898088
1901,"work","female","18-24",15.3380710789769
1901,"work","female","25-54",8.17878704693249
1901,"work","female","55-64",6.68905562844766
1901,"work","female","65+",4.81973027244695
1901,"work","male","10-13",7.61127982075887
1901,"work","male","14+",45.6640085941826
1901,"work","male","14-17",29.4161640265448
1901,"work","male","18-24",44.8150415350861
1901,"work","male","25-54",50.3909036191263
1901,"work","male","55-64",47.1975271715727
1901,"work","male","65+",34.2926748334
1902,"work","all","10-13",5.15942667501043
1902,"work","all","14+",28.797016728428
1902,"work","all","14-17",21.1922991605892
1902,"work","all","18-24",30.3880180822049
1902,"work","all","25-54",30.9205894861741
1902,"work","all","55-64",28.2561671505245
1902,"work","all","65+",19.9547287217007
1902,"work","female","10-13",2.76292582118624
1902,"work","female","14+",10.136349911232
1902,"work","female","14-17",12.6300636187125
1902,"work","female","18-24",15.7246257240168
1902,"work","female","25-54",8.46035911755358
1902,"work","female","55-64",6.89293187980873
1902,"work","female","65+",4.87201625978787
1902,"work","male","10-13",7.5327304282352
1902,"work","male","14+",46.4565953740071
1902,"work","male","14-17",29.6451420143777
1902,"work","male","18-24",45.2669930839823
1902,"work","male","25-54",51.364009134643
1902,"work","male","55-64",48.2996976433475
1902,"work","male","65+",34.8920272854552
1903,"work","all","10-13",5.05634030515747
1903,"work","all","14+",29.0363858828816
1903,"work","all","14-17",21.1708378428019
1903,"work","all","18-24",30.4928190915408
1903,"work","all","25-54",31.2516991823583
1903,"work","all","55-64",28.6781391495459
1903,"work","all","65+",20.0322662953968
1903,"work","female","10-13",2.72207859547036
1903,"work","female","14+",10.2966778795706
1903,"work","female","14-17",12.7101136641944
1903,"work","female","18-24",15.9377228282021
1903,"work","female","25-54",8.65517207064991
1903,"work","female","55-64",7.02534117185221
1903,"work","female","65+",4.87050735246142
1903,"work","male","10-13",7.36144660472788
1903,"work","male","14+",46.7398832167889
1903,"work","male","14-17",29.5241058718918
1903,"work","male","18-24",45.2019082223881
1903,"work","male","25-54",51.7844914422317
1903,"work","male","55-64",48.8888142575233
1903,"work","male","65+",35.1113378016858
1904,"work","all","10-13",4.7380947705964
1904,"work","all","14+",28.0325626285725
1904,"work","all","14-17",20.2421901977547
1904,"work","all","18-24",29.2914570072804
1904,"work","all","25-54",30.2484162382248
1904,"work","all","55-64",27.8682282969031
1904,"work","all","65+",19.2751075860483
1904,"work","female","10-13",2.56507354171511
1904,"work","female","14+",10.0141736719354
1904,"work","female","14-17",12.2439339080038
1904,"work","female","18-24",15.4641831695098
1904,"work","female","25-54",8.47958108022698
1904,"work","female","55-64",6.85553809427547
1904,"work","female","65+",4.66672236078462
1904,"work","male","10-13",6.87787400482407
1904,"work","male","14+",45.0249795048553
1904,"work","male","14-17",28.1394684326821
1904,"work","male","18-24",43.2082946736032
1904,"work","male","25-54",49.9866565590275
1904,"work","male","55-64",47.3806017962558
1904,"work","male","65+",33.8655299221748
1905,"work","all","10-13",4.71045580242087
1905,"work","all","14+",28.7609025932115
1905,"work","all","14-17",20.5672081513181
1905,"work","all","18-24",29.8950362243478
1905,"work","all","25-54",31.121905083621
1905,"work","all","55-64",28.7640522972627
1905,"work","all","65+",19.6773593185398
1905,"work","female","10-13",2.56532513094635
1905,"work","female","14+",10.3496884188937
1905,"work","female","14-17",12.5360686455865
1905,"work","female","18-24",15.9422313391768
1905,"work","female","25-54",8.82887467408065
1905,"work","female","55-64",7.10539677612191
1905,"work","female","65+",4.74397839139074
1905,"work","male","10-13",6.81675588137866
1905,"work","male","14+",46.0937583398583
1905,"work","male","14-17",28.4975612501952
1905,"work","male","18-24",43.8812436357765
1905,"work","male","25-54",51.2928860434754
1905,"work","male","55-64",48.7729699761873
1905,"work","male","65+",34.6560115470527
1906,"work","all","10-13",4.63166775851591
1906,"work","all","14+",29.2515775835136
1906,"work","all","14-17",20.7020891208671
1906,"work","all","18-24",30.2658919672747
1906,"work","all","25-54",31.7346682660025
1906,"work","all","55-64",29.4424141698549
1906,"work","all","65+",19.9173892406236
1906,"work","female","10-13",2.53846632620622
1906,"work","female","14+",10.6029424764378
1906,"work","female","14-17",12.717319877886
1906,"work","female","18-24",16.3032555971378
1906,"work","female","25-54",9.10880623899207
1906,"work","female","55-64",7.30311949071652
1906,"work","female","65+",4.7814388574909
1906,"work","male","10-13",6.68111574400653
1906,"work","male","14+",46.7774369499938
1906,"work","male","14-17",28.5872570066246
1906,"work","male","18-24",44.2052074223694
1906,"work","male","25-54",52.1627220332721
1906,"work","male","55-64",49.7904047161411
1906,"work","male","65+",35.1642913772786
1907,"work","all","10-13",4.47442467718719
1907,"work","all","14+",29.3125661291048
1907,"work","all","14-17",20.5252649138363
1907,"work","all","18-24",30.1959819922938
1907,"work","all","25-54",31.8745168197818
1907,"work","all","55-64",29.6762791898564
1907,"work","all","65+",19.8569869699399
1907,"work","female","10-13",2.46899265776237
1907,"work","female","14+",10.7019377872649
1907,"work","female","14-17",12.7098661025562
1907,"work","female","18-24",16.4303876244711
1907,"work","female","25-54",9.25191634498269
1907,"work","female","55-64",7.39149192328708
1907,"work","female","65+",4.74656366315529
1907,"work","male","10-13",6.43232731301987
1907,"work","male","14+",46.7722396863766
1907,"work","male","14-17",28.243765252116
1907,"work","male","18-24",43.8829003406348
1907,"work","male","25-54",52.2681999092094
1907,"work","male","55-64",50.052978263975
1907,"work","male","65+",35.143707477575
1908,"work","all","10-13",4.03800545490426
1908,"work","all","14+",27.513575622071
1908,"work","all","14-17",19.0518979705956
1908,"work","all","18-24",28.2325852052725
1908,"work","all","25-54",29.9840948090734
1908,"work","all","55-64",27.9877094246899
1908,"work","all","65+",18.546638009207
1908,"work","female","10-13",2.2444991267334
1908,"work","female","14+",10.1173687724565
1908,"work","female","14-17",11.8943100575792
1908,"work","female","18-24",15.5179439213252
1908,"work","female","25-54",8.79854681147408
1908,"work","female","55-64",6.99953063322155
1908,"work","female","65+",4.41428375527321
1908,"work","male","10-13",5.78399324158848
1908,"work","male","14+",43.8053601477405
1908,"work","male","14-17",26.1212835637658
1908,"work","male","18-24",40.823364427177
1908,"work","male","25-54",49.0566009710264
1908,"work","male","55-64",47.0805086301517
1908,"work","male","65+",32.9057147197559
1909,"work","all","10-13",3.98929994820559
1909,"work","all","14+",28.3837516499131
1909,"work","all","14-17",19.435073662705
1909,"work","all","18-24",29.027097522395
1909,"work","all","25-54",30.9793965175443
1909,"work","all","55-64",28.9869021092028
1909,"work","all","65+",19.0368219287631
1909,"work","female","10-13",2.23497797301996
1909,"work","female","14+",10.511962469979
1909,"work","female","14-17",12.2353612518999
1909,"work","female","18-24",16.1168157710299
1909,"work","female","25-54",9.18276696610261
1909,"work","female","55-64",7.27903458238322
1909,"work","female","65+",4.51136318193551
1909,"work","male","10-13",5.69224484533193
1909,"work","male","14+",45.0914264814815
1909,"work","male","14-17",26.5466080346199
1909,"work","male","18-24",41.7598732151299
1909,"work","male","25-54",50.5987052300161
1909,"work","male","55-64",48.6333214577039
1909,"work","male","65+",33.8594348907862
1910,"work","all","10-13",3.82111042516003
1910,"work","all","14+",28.5031582365966
1910,"work","all","14-17",19.2979928624021
1910,"work","all","18-24",29.0966173565839
1910,"work","all","25-54",31.1362292756183
1910,"work","all","55-64",29.1826367433049
1910,"work","all","65+",19.0008782230333
1910,"work","female","10-13",2.15915494649589
1910,"work","female","14+",10.6312805200889
1910,"work","female","14-17",12.2533840977656
1910,"work","female","18-24",16.3199034750749
1910,"work","female","25-54",9.31758896244197
1910,"work","female","55-64",7.3579817642758
1910,"work","female","65+",4.48326469418227
1910,"work","male","10-13",5.42976031275782
1910,"work","male","14+",45.1810249033769
1910,"work","male","14-17",26.2568547348118
1910,"work","male","18-24",41.6466968445555
1910,"work","male","25-54",50.7861011558163
1910,"work","male","55-64",48.8337376369608
1910,"work","male","65+",33.8801520377645
1911,"work","all","10-13",3.61945193326009
1911,"work","all","14+",28.6277580815885
1911,"work","all","14-17",19.2244238225154
1911,"work","all","18-24",29.2937674618344
1911,"work","all","25-54",31.2930384119989
1911,"work","all","55-64",29.2707688569812
1911,"work","all","65+",18.8719554063529
1911,"work","female","10-13",2.05983681806898
1911,"work","female","14+",10.7288560691381
1911,"work","female","14-17",12.3042418665269
1911,"work","female","18-24",16.5152796134359
1911,"work","female","25-54",9.43889759972822
1911,"work","female","55-64",7.39747042950391
1911,"work","female","65+",4.45104370213915
1911,"work","male","10-13",5.13128706330851
1911,"work","male","14+",45.3742082769368
1911,"work","male","14-17",26.0716238475862
1911,"work","male","18-24",41.9194200264414
1911,"work","male","25-54",51.039512787466
1911,"work","male","55-64",48.9284151762086
1911,"work","male","65+",33.5977933391361
1912,"work","all","10-13",3.45365146214063
1912,"work","all","14+",29.1100988292621
1912,"work","all","14-17",19.3742160671125
1912,"work","all","18-24",29.9030514274262
1912,"work","all","25-54",31.8372099298097
1912,"work","all","55-64",29.7041637268079
1912,"work","all","65+",18.9474077857321
1912,"work","female","10-13",1.9813682430907
1912,"work","female","14+",10.9616080803742
1912,"work","female","14-17",12.5017892756302
1912,"work","female","18-24",16.9461868327465
1912,"work","female","25-54",9.67786736296803
1912,"work","female","55-64",7.52443052740111
1912,"work","female","65+",4.46693942350371
1912,"work","male","10-13",4.88294405062533
1912,"work","male","14+",46.133324224199
1912,"work","male","14-17",26.1853987167124
1912,"work","male","18-24",42.7802454239306
1912,"work","male","25-54",51.9243969288649
1912,"work","male","55-64",49.5993720578711
1912,"work","male","65+",33.6798147309524
1913,"work","all","10-13",3.19146107699088
1913,"work","all","14+",28.8104564938568
1913,"work","all","14-17",19.0187453071438
1913,"work","all","18-24",29.7340939419709
1913,"work","all","25-54",31.5186600204685
1913,"work","all","55-64",29.2937755107961
1913,"work","all","65+",18.5183457938735
1913,"work","female","10-13",1.84777172582483
1913,"work","female","14+",10.9003374575388
1913,"work","female","14-17",12.3756686069131
1913,"work","female","18-24",16.9381996460072
1913,"work","female","25-54",9.65425934875306
1913,"work","female","55-64",7.43757524892931
1913,"work","female","65+",4.36383863042402
1913,"work","male","10-13",4.4978406498486
1913,"work","male","14+",45.6518108129431
1913,"work","male","14-17",25.6135407672267
1913,"work","male","18-24",42.5261054043509
1913,"work","male","25-54",51.4021391486414
1913,"work","male","55-64",48.8614379823812
1913,"work","male","65+",32.8663876464698
1914,"work","all","10-13",2.862851653388
1914,"work","all","14+",27.8255664773984
1914,"work","all","14-17",18.2143366318838
1914,"work","all","18-24",28.8846374790279
1914,"work","all","25-54",30.4431713419589
1914,"work","all","55-64",28.2067660126318
1914,"work","all","65+",17.6325570835096
1914,"work","female","10-13",1.67494034372223
1914,"work","female","14+",10.5774903641355
1914,"work","female","14-17",11.9545921280246
1914,"work","female","18-24",16.5403959941247
1914,"work","female","25-54",9.39468784668079
1914,"work","female","55-64",7.17797257731106
1914,"work","female","65+",4.15316154116229
1914,"work","male","10-13",4.01947832450282
1914,"work","male","14+",44.0840110033293
1914,"work","male","14-17",24.4389316845239
1914,"work","male","18-24",41.2977146738973
1914,"work","male","25-54",49.6457535685841
1914,"work","male","55-64",46.9976806074677
1914,"work","male","65+",31.2463158710104
1915,"work","all","10-13",2.58774986802483
1915,"work","all","14+",27.2640415131858
1915,"work","all","14-17",17.674197692471
1915,"work","all","18-24",28.4867781361177
1915,"work","all","25-54",29.8390487491935
1915,"work","all","55-64",27.5029008098672
1915,"work","all","65+",17.0343864166761
1915,"work","female","10-13",1.53234062724681
1915,"work","female","14+",10.4128429363873
1915,"work","female","14-17",11.7029481277983
1915,"work","female","18-24",16.398316339689
1915,"work","female","25-54",9.27594474608363
1915,"work","female","55-64",7.01475437504663
1915,"work","female","65+",4.01030793560964
1915,"work","male","10-13",3.61687153612552
1915,"work","male","14+",43.1864232046242
1915,"work","male","14-17",23.6218413491484
1915,"work","male","18-24",40.7141454174658
1915,"work","male","25-54",48.6580971864931
1915,"work","male","55-64",45.7755979666644
1915,"work","male","65+",30.1403011431522
1916,"work","all","10-13",2.5105181873467
1916,"work","all","14+",28.8397734831409
1916,"work","all","14-17",18.5261264456422
1916,"work","all","18-24",30.3431397369994
1916,"work","all","25-54",31.5711762247624
1916,"work","all","55-64",28.9320760101735
1916,"work","all","65+",17.7588198424137
1916,"work","female","10-13",1.50757185373797
1916,"work","female","14+",11.0664207423021
1916,"work","female","14-17",12.3787812742293
1916,"work","female","18-24",17.5591709811155
1916,"work","female","25-54",9.88528915776263
1916,"work","female","55-64",7.39592074967633
1916,"work","female","65+",4.17872283527524
1916,"work","male","10-13",3.48991377776252
1916,"work","male","14+",45.6725970890035
1916,"work","male","14-17",24.6594425283889
1916,"work","male","18-24",43.3500620035392
1916,"work","male","25-54",51.4795626313067
1916,"work","male","55-64",48.1024998248229
1916,"work","male","65+",31.3744841150987
1917,"work","all","10-13",2.33280684085669
1917,"work","all","14+",29.4920591802168
1917,"work","all","14-17",18.7312560558965
1917,"work","all","18-24",31.3379602391779
1917,"work","all","25-54",32.2972126945333
1917,"work","all","55-64",29.3617341508497
1917,"work","all","65+",17.8467178232836
1917,"work","female","10-13",1.42408262378074
1917,"work","female","14+",11.3728631530992
1917,"work","female","14-17",12.6329728197969
1917,"work","female","18-24",18.2417950695504
1917,"work","female","25-54",10.1871583377657
1917,"work","female","55-64",7.52257414522753
1917,"work","female","65+",4.19716903939056
1917,"work","male","10-13",3.22148632789017
1917,"work","male","14+",46.6822266558998
1917,"work","male","14-17",24.8258698891641
1917,"work","male","18-24",44.7249856678823
1917,"work","male","25-54",52.6466653713818
1917,"work","male","55-64",48.7643434572186
1917,"work","male","65+",31.4822720953943
1918,"work","all","10-13",2.15808670843287
1918,"work","all","14+",30.5663381650958
1918,"work","all","14-17",18.9365437116009
1918,"work","all","18-24",33.4722437043559
1918,"work","all","25-54",33.4355235190157
1918,"work","all","55-64",29.9626087162172
1918,"work","all","65+",18.0109572175464
1918,"work","female","10-13",1.34342975941812
1918,"work","female","14+",11.963924297372
1918,"work","female","14-17",12.894273723931
1918,"work","female","18-24",20.1936521744604
1918,"work","female","25-54",10.7069596703801
1918,"work","female","55-64",7.69361008753885
1918,"work","female","65+",4.23344380330449
1918,"work","male","10-13",2.95593151058531
1918,"work","male","14+",47.9063480884516
1918,"work","male","14-17",24.9853882804729
1918,"work","male","18-24",46.3198913080362
1918,"work","male","25-54",54.0913544423378
1918,"work","male","55-64",49.7087692043311
1918,"work","male","65+",31.724408723278
1919,"work","all","10-13",1.81016272866816
1919,"work","all","14+",28.4297499704728
1919,"work","all","14-17",17.6318349132992
1919,"work","all","18-24",30.7882956728194
1919,"work","all","25-54",31.1558821792434
1919,"work","all","55-64",27.9628142187952
1919,"work","all","65+",16.6392449200194
1919,"work","female","10-13",1.1537305943419
1919,"work","female","14+",11.1119622952188
1919,"work","female","14-17",12.1246153974325
1919,"work","female","18-24",18.306066150473
1919,"work","female","25-54",10.0032473798649
1919,"work","female","55-64",7.19599843529404
1919,"work","female","65+",3.90876571873022
1919,"work","male","10-13",2.45397921279343
1919,"work","male","14+",44.7980566698213
1919,"work","male","14-17",23.1544050713155
1919,"work","male","18-24",43.4254823277233
1919,"work","male","25-54",50.5921869665099
1919,"work","male","55-64",46.3411732117914
1919,"work","male","65+",29.2646403529189
1920,"work","all","10-13",1.58033276325694
1920,"work","all","14+",27.8194487419036
1920,"work","all","14-17",16.9378405334251
1920,"work","all","18-24",30.1898288643677
1920,"work","all","25-54",30.5161620329069
1920,"work","all","55-64",27.337362980105
1920,"work","all","65+",16.312896192013
1920,"work","female","10-13",1.0368365796127
1920,"work","female","14+",10.8733838359111
1920,"work","female","14-17",11.7658825844595
1920,"work","female","18-24",17.8469070678514
1920,"work","female","25-54",9.8194226996886
1920,"work","female","55-64",7.05050939017831
1920,"work","female","65+",3.82980002527924
1920,"work","male","10-13",2.11415342491373
1920,"work","male","14+",44.0159258311485
1920,"work","male","14-17",22.1330525173224
1920,"work","male","18-24",43.0461295698314
1920,"work","male","25-54",49.7560164199196
1920,"work","male","55-64",45.2559361848124
1920,"work","male","65+",28.6481961428657
1921,"work","all","10-13",1.33779801510439
1921,"work","all","14+",24.6385854949088
1921,"work","all","14-17",14.5529949265423
1921,"work","all","18-24",26.9295733798757
1921,"work","all","25-54",27.0563321614664
1921,"work","all","55-64",24.3002742649371
1921,"work","all","65+",14.5501670254722
1921,"work","female","10-13",0.87569320524435
1921,"work","female","14+",9.71041822870672
1921,"work","female","14-17",10.0736954630038
1921,"work","female","18-24",16.0906215130113
1921,"work","female","25-54",8.82398564615883
1921,"work","female","55-64",6.33650342802575
1921,"work","female","65+",3.44354113741217
1921,"work","male","10-13",1.79193726785698
1921,"work","male","14+",38.9484814003293
1921,"work","male","14-17",19.0435573297885
1921,"work","male","18-24",38.2286414513403
1921,"work","male","25-54",44.0859322776068
1921,"work","male","55-64",40.2377416272375
1921,"work","male","65+",25.5337923749486
1922,"work","all","10-13",1.34832279015749
1922,"work","all","14+",26.0135764931706
1922,"work","all","14-17",14.8787469983843
1922,"work","all","18-24",28.5651029504888
1922,"work","all","25-54",28.6573812197327
1922,"work","all","55-64",25.6673315045803
1922,"work","all","65+",15.3963987028906
1922,"work","female","10-13",0.880382896457437
1922,"work","female","14+",10.3367817035085
1922,"work","female","14-17",10.2605560809214
1922,"work","female","18-24",17.2497245865483
1922,"work","female","25-54",9.47058943298789
1922,"work","female","55-64",6.764075261993
1922,"work","female","65+",3.67204938412148
1922,"work","male","10-13",1.80846150573317
1922,"work","male","14+",41.0853960912283
1922,"work","male","14-17",19.4994398937291
1922,"work","male","18-24",40.3705539393743
1922,"work","male","25-54",46.6619557509954
1922,"work","male","55-64",42.5130038366872
1922,"work","male","65+",26.9999188826446
1923,"work","all","10-13",1.36368742110666
1923,"work","all","14+",27.4809382351571
1923,"work","all","14-17",15.2747788839323
1923,"work","all","18-24",30.2019149074211
1923,"work","all","25-54",30.3908737966558
1923,"work","all","55-64",27.0734793279353
1923,"work","all","65+",16.3077123060461
1923,"work","female","10-13",0.888000080947426
1923,"work","female","14+",11.0081119631323
1923,"work","female","14-17",10.4915010643657
1923,"work","female","18-24",18.4309021134214
1923,"work","female","25-54",10.1736821905439
1923,"work","female","55-64",7.20750777217517
1923,"work","female","65+",3.91834085999033
1923,"work","male","10-13",1.83171444534247
1923,"work","male","14+",43.3665691413933
1923,"work","male","14-17",20.0512552894669
1923,"work","male","18-24",42.4928909928834
1923,"work","male","25-54",49.4538469901392
1923,"work","male","55-64",44.8557960820623
1923,"work","male","65+",28.5789682635115
1924,"work","all","10-13",1.25227516452136
1924,"work","all","14+",26.3216248036464
1924,"work","all","14-17",14.2189532944903
1924,"work","all","18-24",28.8243346865483
1924,"work","all","25-54",29.2463783076687
1924,"work","all","55-64",25.9501760150399
1924,"work","all","65+",15.6644508972825
1924,"work","female","10-13",0.813031673666079
1924,"work","female","14+",10.6277229070066
1924,"work","female","14-17",9.72455151242272
1924,"work","female","18-24",17.7746298780477
1924,"work","female","25-54",9.91526916861868
1924,"work","female","55-64",6.97634079665259
1924,"work","female","65+",3.79069846856322
1924,"work","male","10-13",1.68469517934944
1924,"work","male","14+",41.5030468211175
1924,"work","male","14-17",18.6981790040966
1924,"work","male","18-24",40.3717061409331
1924,"work","male","25-54",47.5607009165342
1924,"work","male","55-64",43.009325270979
1924,"work","male","65+",27.4342147770141
1925,"work","all","10-13",1.22091715697029
1925,"work","all","14+",26.8029954221501
1925,"work","all","14-17",14.0999856282721
1925,"work","all","18-24",29.3304612124914
1925,"work","all","25-54",29.8969024930555
1925,"work","all","55-64",26.3557298807052
1925,"work","all","65+",15.9962940566685
1925,"work","female","10-13",0.790085452495956
1925,"work","female","14+",10.9085216126348
1925,"work","female","14-17",9.5991109196742
1925,"work","female","18-24",18.2748336964496
1925,"work","female","25-54",10.2636674495191
1925,"work","female","55-64",7.15237097065822
1925,"work","female","65+",3.89762652096804
1925,"work","male","10-13",1.64530184726033
1925,"work","male","14+",42.2227127941655
1925,"work","male","14-17",18.5769042775214
1925,"work","male","18-24",40.8936245048184
1925,"work","male","25-54",48.5816365921305
1925,"work","male","55-64",43.697766059129
1925,"work","male","65+",27.9984322138091
1926,"work","all","10-13",1.18692146859441
1926,"work","all","14+",27.2618274011309
1926,"work","all","14-17",13.9928606693872
1926,"work","all","18-24",29.8270948227367
1926,"work","all","25-54",30.4915061635335
1926,"work","all","55-64",26.803545701666
1926,"work","all","65+",16.3277028236998
1926,"work","female","10-13",0.765310910900607
1926,"work","female","14+",11.1830893737475
1926,"work","female","14-17",9.47958311965987
1926,"work","female","18-24",18.7760198526863
1926,"work","female","25-54",10.5975605319561
1926,"work","female","55-64",7.34013135473036
1926,"work","female","65+",4.00470843509589
1926,"work","male","10-13",1.60246412992816
1926,"work","male","14+",42.9045994646438
1926,"work","male","14-17",18.4733736573324
1926,"work","male","18-24",41.395126554287
1926,"work","male","25-54",49.5091841707342
1926,"work","male","55-64",44.4582123022962
1926,"work","male","65+",28.5620261507917
1927,"work","all","10-13",1.10656810907244
1927,"work","all","14+",26.6877070610033
1927,"work","all","14-17",13.3575385621992
1927,"work","all","18-24",29.1292463914452
1927,"work","all","25-54",29.9347967387099
1927,"work","all","55-64",26.2711329885392
1927,"work","all","65+",16.0777654253242
1927,"work","female","10-13",0.710626746016782
1927,"work","female","14+",11.0334655806214
1927,"work","female","14-17",9.00175312538235
1927,"work","female","18-24",18.5244486668747
1927,"work","female","25-54",10.5313030086135
1927,"work","female","55-64",7.25743579331819
1927,"work","female","65+",3.96853786715944
1927,"work","male","10-13",1.49703803159858
1927,"work","male","14+",41.9601601422904
1927,"work","male","14-17",17.6733034779808
1927,"work","male","18-24",40.2393960580943
1927,"work","male","25-54",48.564363014578
1927,"work","male","55-64",43.594075081146
1927,"work","male","65+",28.1093847193719
1928,"work","all","10-13",1.0411016271766
1928,"work","all","14+",26.4954545910933
1928,"work","all","14-17",12.9404773402075
1928,"work","all","18-24",28.8318242041838
1928,"work","all","25-54",29.7917254728083
1928,"work","all","55-64",26.183141690493
1928,"work","all","65+",16.0409385655849
1928,"work","female","10-13",0.665560287432677
1928,"work","female","14+",11.0391842455034
1928,"work","female","14-17",8.67166388885111
1928,"work","female","18-24",18.5215649115255
1928,"work","female","25-54",10.6073516229581
1928,"work","female","55-64",7.29427188520058
1928,"work","female","65+",3.98375978925026
1928,"work","male","10-13",1.41166929610935
1928,"work","male","14+",41.6163832780061
1928,"work","male","14-17",17.1618748952523
1928,"work","male","18-24",39.6424435066366
1928,"work","male","25-54",48.2890880916928
1928,"work","male","55-64",43.4682717634639
1928,"work","male","65+",28.0303703324128
1929,"work","all","10-13",0.989239384043851
1929,"work","all","14+",26.6024287834331
1929,"work","all","14-17",12.721219582947
1929,"work","all","18-24",28.8356889156913
1929,"work","all","25-54",29.9560105613918
1929,"work","all","55-64",26.4835074987785
1929,"work","all","65+",16.1638421267998
1929,"work","female","10-13",0.629163656973749
1929,"work","female","14+",11.1688007433447
1929,"work","female","14-17",8.47325217231358
1929,"work","female","18-24",18.7107877162226
1929,"work","female","25-54",10.7919754470901
1929,"work","female","55-64",7.4380791697358
1929,"work","female","65+",4.03804424477134
1929,"work","male","10-13",1.34475376452307
1929,"work","male","14+",41.7434270396277
1929,"work","male","14-17",16.9138848798008
1929,"work","male","18-24",39.4608651450361
1929,"work","male","25-54",48.5126566477186
1929,"work","male","55-64",43.9886664039364
1929,"work","male","65+",28.2311338876074
1930,"work","all","10-13",0.851792352365984
1930,"work","all","14+",24.4792594471481
1930,"work","all","14-17",11.4516327269468
1930,"work","all","18-24",26.4983833211441
1930,"work","all","25-54",27.6113485315311
1930,"work","all","55-64",24.5255005906776
1930,"work","all","65+",14.8334953686819
1930,"work","female","10-13",0.538567867796731
1930,"work","female","14+",10.3550843982734
1930,"work","female","14-17",7.57805827178481
1930,"work","female","18-24",17.3661908246321
1930,"work","female","25-54",10.0620235546577
1930,"work","female","55-64",6.94230247438317
1930,"work","female","65+",3.72685408469378
1930,"work","male","10-13",1.1612299445306
1930,"work","male","14+",38.3751995699824
1930,"work","male","14-17",15.2674100150091
1930,"work","male","18-24",36.0898642123483
1930,"work","male","25-54",44.6796126981227
1930,"work","male","55-64",40.7577563923464
1930,"work","male","65+",25.8954063374868
1931,"work","all","10-13",0.699878598723631
1931,"work","all","14+",22.3032299463453
1931,"work","all","14-17",10.0189283207985
1931,"work","all","18-24",24.1780929423645
1931,"work","all","25-54",25.3149521823676
1931,"work","all","55-64",22.1338267379146
1931,"work","all","65+",13.1634574935084
1931,"work","female","10-13",0.442573008458226
1931,"work","female","14+",9.50726969697526
1931,"work","female","14-17",6.55427284111213
1931,"work","female","18-24",15.8983719751021
1931,"work","female","25-54",9.38743634021951
1931,"work","female","55-64",6.33328620095953
1931,"work","female","65+",3.30832994114413
1931,"work","male","10-13",0.954008784562567
1931,"work","male","14+",34.923594069169
1931,"work","male","14-17",13.4362737569561
1931,"work","male","18-24",32.8650709524637
1931,"work","male","25-54",40.8590041412692
1931,"work","male","55-64",36.7839592979662
1931,"work","male","65+",23.023394357738
1932,"work","all","10-13",0.548189643980603
1932,"work","all","14+",19.6514063101836
1932,"work","all","14-17",8.44785260516016
1932,"work","all","18-24",21.3476350372933
1932,"work","all","25-54",22.4419069720778
1932,"work","all","55-64",19.3207135831235
1932,"work","all","65+",11.3077850278584
1932,"work","female","10-13",0.346695845080774
1932,"work","female","14+",8.44045652792354
1932,"work","female","14-17",5.45595099387244
1932,"work","female","18-24",14.0841502355711
1932,"work","female","25-54",8.46353732631195
1932,"work","female","55-64",5.58639473021866
1932,"work","female","65+",2.84293202751416
1932,"work","male","10-13",0.747146179770596
1932,"work","male","14+",30.7364994611614
1932,"work","male","14-17",11.4027086063949
1932,"work","male","18-24",28.9603531602523
1932,"work","male","25-54",36.1315440447491
1932,"work","male","55-64",32.110839882778
1932,"work","male","65+",19.8151691009334
1933,"work","all","10-13",0.478583679538476
1933,"work","all","14+",19.4798809832767
1933,"work","all","14-17",7.97064987953546
1933,"work","all","18-24",21.2142889978783
1933,"work","all","25-54",22.3820277157184
1933,"work","all","55-64",18.9968033497028
1933,"work","all","65+",10.9426902769151
1933,"work","female","10-13",0.302713219303745
1933,"work","female","14+",8.42950007659594
1933,"work","female","14-17",5.07373468307144
1933,"work","female","18-24",14.0431490878831
1933,"work","female","25-54",8.58006630736415
1933,"work","female","55-64",5.54855478957662
1933,"work","female","65+",2.75215795312197
1933,"work","male","10-13",0.652195283425593
1933,"work","male","14+",30.4341299000364
1933,"work","male","14-17",10.8354048015017
1933,"work","male","18-24",28.7222825443163
1933,"work","male","25-54",35.9463073582858
1933,"work","male","55-64",31.575658568944
1933,"work","male","65+",19.2117050232645
1934,"work","all","10-13",0.408658849935744
1934,"work","all","14+",19.2697700836488
1934,"work","all","14-17",7.45249111593798
1934,"work","all","18-24",21.048301061694
1934,"work","all","25-54",22.2761903819621
1934,"work","all","55-64",18.6770127652627
1934,"work","all","65+",10.5811740168803
1934,"work","female","10-13",0.258517647771353
1934,"work","female","14+",8.4003980220909
1934,"work","female","14-17",4.66638635621889
1934,"work","female","18-24",13.9801917024041
1934,"work","female","25-54",8.67618050115988
1934,"work","female","55-64",5.50881903009389
1934,"work","female","65+",2.66227998651923
1934,"work","male","10-13",0.556833834914258
1934,"work","male","14+",30.0721351168507
1934,"work","male","14-17",10.2112536586313
1934,"work","male","18-24",28.4405947480764
1934,"work","male","25-54",35.688288913588
1934,"work","male","55-64",31.0484159158996
1934,"work","male","65+",18.6122085194287
1935,"work","all","10-13",0.359610817622646
1935,"work","all","14+",20.1022321944995
1935,"work","all","14-17",7.28722400447728
1935,"work","all","18-24",22.0417143810067
1935,"work","all","25-54",23.3812884870967
1935,"work","all","55-64",19.412957335426
1935,"work","all","65+",10.7989293681657
1935,"work","female","10-13",0.227519126837852
1935,"work","female","14+",8.82756786678606
1935,"work","female","14-17",4.47734054765531
1935,"work","female","18-24",14.6894806914673
1935,"work","female","25-54",9.24825689055035
1935,"work","female","55-64",5.78043920499761
1935,"work","female","65+",2.71820110282808
1935,"work","male","10-13",0.489939344293115
1935,"work","male","14+",31.3360369947245
1935,"work","male","14-17",10.0731713044893
1935,"work","male","18-24",29.7230154840438
1935,"work","male","25-54",37.366689226174
1935,"work","male","55-64",32.2775478649542
1935,"work","male","65+",19.0312657883549
1936,"work","all","10-13",0.316590829269647
1936,"work","all","14+",21.7280088480124
1936,"work","all","14-17",7.34097532753739
1936,"work","all","18-24",23.9204074925136
1936,"work","all","25-54",25.4206485997612
1936,"work","all","55-64",20.9599695747113
1936,"work","all","65+",11.4177011200009
1936,"work","female","10-13",0.200326990179268
1936,"work","female","14+",9.61064438288363
1936,"work","female","14-17",4.41218611314552
1936,"work","female","18-24",15.9955658464586
1936,"work","female","25-54",10.2068972970541
1936,"work","female","55-64",6.29867649142101
1936,"work","female","65+",2.87521975887739
1936,"work","male","10-13",0.431273410347151
1936,"work","male","14+",33.8325387481487
1936,"work","male","14-17",10.2486308904616
1936,"work","male","18-24",32.1911574319572
1936,"work","male","25-54",40.5265766334974
1936,"work","male","55-64",34.857228674628
1936,"work","male","65+",20.1599393707473
1937,"work","all","10-13",0.250277033045041
1937,"work","all","14+",22.4351283611756
1937,"work","all","14-17",7.0630859370159
1937,"work","all","18-24",24.7712686536621
1937,"work","all","25-54",26.3803396163556
1937,"work","all","55-64",21.6649778190819
1937,"work","all","65+",11.5198388402802
1937,"work","female","10-13",0.158386512945505
1937,"work","female","14+",9.99437075194589
1937,"work","female","14-17",4.13646095726624
1937,"work","female","18-24",16.6208888852276
1937,"work","female","25-54",10.7478058423606
1937,"work","female","55-64",6.56875048856426
1937,"work","female","65+",2.90229018093739
1937,"work","male","10-13",0.340894548500683
1937,"work","male","14+",34.8951743846573
1937,"work","male","14-17",9.9724276316113
1937,"work","male","18-24",33.2683588237877
1937,"work","male","25-54",41.9546515335266
1937,"work","male","55-64",36.038799779745
1937,"work","male","65+",20.3789203650749
1938,"work","all","10-13",0.15730087209271
1938,"work","all","14+",20.6666499885
1938,"work","all","14-17",6.04500284030562
1938,"work","all","18-24",22.8512379889136
1938,"work","all","25-54",24.4154401345736
1938,"work","all","55-64",20.0136342656165
1938,"work","all","65+",10.3616457494859
1938,"work","female","10-13",0.0995599081789764
1938,"work","female","14+",9.2714436934587
1938,"work","female","14-17",3.43189504556839
1938,"work","female","18-24",15.3849370849625
1938,"work","female","25-54",10.0891636710487
1938,"work","female","55-64",6.12064644182905
1938,"work","female","65+",2.61177571056066
1938,"work","male","10-13",0.214227301006504
1938,"work","male","14+",32.1099374040751
1938,"work","male","14-17",8.64612274248558
1938,"work","male","18-24",30.6268615373948
1938,"work","male","25-54",38.736975334957
1938,"work","male","55-64",33.3015388343659
1938,"work","male","65+",18.3648907904417
1939,"work","all","10-13",0.0835839576251059
1939,"work","all","14+",21.3833728471601
1939,"work","all","14-17",5.80270170052382
1939,"work","all","18-24",23.626592206864
1939,"work","all","25-54",25.373587321254
1939,"work","all","55-64",20.7631610066302
1939,"work","all","65+",10.4657231177061
1939,"work","female","10-13",0.0529093637379285
1939,"work","female","14+",9.6596021335109
1939,"work","female","14-17",3.17157149600788
1939,"work","female","18-24",15.9614423954937
1939,"work","female","25-54",10.6302929324572
1939,"work","female","55-64",6.40319817264708
1939,"work","female","65+",2.63936731126766
1939,"work","male","10-13",0.113818056633889
1939,"work","male","14+",33.1886751888608
1939,"work","male","14-17",8.42524926234455
1939,"work","male","18-24",31.6007901262123
1939,"work","male","25-54",40.1628161710922
1939,"work","male","55-64",34.5600549812496
1939,"work","male","65+",18.5846462276621
1940,"work","all","10-13",0
1940,"work","all","14+",21.9909060975533
1940,"work","all","14-17",5.52173672936139
1940,"work","all","18-24",24.168411702693
1940,"work","all","25-54",26.2193443542651
1940,"work","all","55-64",21.3879216490384
1940,"work","all","65+",10.5196682514899
1940,"work","female","10-13",0
1940,"work","female","14+",10.001878948223
1940,"work","female","14-17",2.87782922799136
1940,"work","female","18-24",16.3835991537276
1940,"work","female","25-54",11.1320835361589
1940,"work","female","55-64",6.64957131663757
1940,"work","female","65+",2.65440342569445
1940,"work","male","10-13",0
1940,"work","male","14+",34.0972485750604
1940,"work","male","14-17",8.16054532522206
1940,"work","male","18-24",32.2584469971687
1940,"work","male","25-54",41.4071304600599
1940,"work","male","55-64",35.6129881753233
1940,"work","male","65+",18.7160044032043
1941,"work","all","10-13",0
1941,"work","all","14+",23.8368457089683
1941,"work","all","14-17",6.02448493105106
1941,"work","all","18-24",25.8944649038976
1941,"work","all","25-54",28.4612241033536
1941,"work","all","55-64",23.2565389562795
1941,"work","all","65+",11.3245006130532
1941,"work","female","10-13",0
1941,"work","female","14+",10.9125654415675
1941,"work","female","14-17",3.15376481187372
1941,"work","female","18-24",17.5801783590202
1941,"work","female","25-54",12.2010833014026
1941,"work","female","55-64",7.44668403960737
1941,"work","female","65+",2.92508668192293
1941,"work","male","10-13",0
1941,"work","male","14+",36.9189581981734
1941,"work","male","14-17",8.88399024522916
1941,"work","male","18-24",34.5496523906474
1941,"work","male","25-54",44.8742471867629
1941,"work","male","55-64",38.5619325275046
1941,"work","male","65+",20.129715182154
1942,"work","all","10-13",0
1942,"work","all","14+",26.1829711528699
1942,"work","all","14-17",6.65636451896236
1942,"work","all","18-24",28.1495804738826
1942,"work","all","25-54",31.3158916339497
1942,"work","all","55-64",25.6343811284403
1942,"work","all","65+",12.3077152010974
1942,"work","female","10-13",0
1942,"work","female","14+",12.0644502502954
1942,"work","female","14-17",3.50034733503811
1942,"work","female","18-24",19.141611209234
1942,"work","female","25-54",13.5529497464713
1942,"work","female","55-64",8.43744392074428
1942,"work","female","65+",3.25086798841119
1942,"work","male","10-13",0
1942,"work","male","14+",40.5085155568633
1942,"work","male","14-17",9.79383797936381
1942,"work","male","18-24",37.5430764028646
1942,"work","male","25-54",49.2940263218459
1942,"work","male","55-64",42.3325963488197
1942,"work","male","65+",21.8587359895713
1943,"work","all","10-13",0
1943,"work","all","14+",29.1831034971466
1943,"work","all","14-17",7.44377965719545
1943,"work","all","18-24",31.1686625464086
1943,"work","all","25-54",34.9182025623681
1943,"work","all","55-64",28.705498331595
1943,"work","all","65+",13.6022468716587
1943,"work","female","10-13",0
1943,"work","female","14+",13.5332467289404
1943,"work","female","14-17",3.93259237430048
1943,"work","female","18-24",21.2300903792944
1943,"work","female","25-54",15.2534703675011
1943,"work","female","55-64",9.69571318384779
1943,"work","female","65+",3.67039178034518
1943,"work","male","10-13",0
1943,"work","male","14+",45.1011787147099
1943,"work","male","14-17",10.9274540623266
1943,"work","male","18-24",41.5504670234846
1943,"work","male","25-54",54.8751279105126
1943,"work","male","55-64",47.2190494222358
1943,"work","male","65+",24.1384031850149
1944,"work","all","10-13",0
1944,"work","all","14+",29.4784436527082
1944,"work","all","14-17",7.55164554665792
1944,"work","all","18-24",31.353140541504
1944,"work","all","25-54",35.2506928208853
1944,"work","all","55-64",29.1321865506343
1944,"work","all","65+",13.6319357231197
1944,"work","female","10-13",0
1944,"work","female","14+",13.7571259382572
1944,"work","female","14-17",4.00855052036672
1944,"work","female","18-24",21.3934405347526
1944,"work","female","25-54",15.5403554762624
1944,"work","female","55-64",10.0818322028434
1944,"work","female","65+",3.7544321100816
1944,"work","male","10-13",0
1944,"work","male","14+",45.5085846324471
1944,"work","male","14-17",11.060064340113
1944,"work","male","18-24",41.7749524961483
1944,"work","male","25-54",55.3083026452551
1944,"work","male","55-64",47.7402202683555
1944,"work","male","65+",24.1727813068916
1945,"work","all","10-13",0
1945,"work","all","14+",27.3338494004529
1945,"work","all","14-17",7.11358475840814
1945,"work","all","18-24",29.0471328561515
1945,"work","all","25-54",32.6480537940669
1945,"work","all","55-64",27.0328140857499
1945,"work","all","65+",12.4420261113575
1945,"work","female","10-13",0
1945,"work","female","14+",12.8364422062598
1945,"work","female","14-17",3.79442493461861
1945,"work","female","18-24",19.856816073735
1945,"work","female","25-54",14.5235217746278
1945,"work","female","55-64",9.57182192466317
1945,"work","female","65+",3.49456244568961
1945,"work","male","10-13",0
1945,"work","male","14+",42.1529915203589
1945,"work","male","14-17",10.3938129220641
1945,"work","male","18-24",38.6804357378281
1945,"work","male","25-54",51.1410107487176
1945,"work","male","55-64",44.1385859378281
1945,"work","male","65+",22.0471287905689
1946,"work","all","10-13",0
1946,"work","all","14+",23.7176795303587
1946,"work","all","14-17",6.27227779287129
1946,"work","all","18-24",25.1797091823069
1946,"work","all","25-54",28.2930497560413
1946,"work","all","55-64",23.4821353878706
1946,"work","all","65+",10.6400228363219
1946,"work","female","10-13",0
1946,"work","female","14+",11.2073184237577
1946,"work","female","14-17",3.36239186354594
1946,"work","female","18-24",17.2467336696747
1946,"work","female","25-54",12.6982870794407
1946,"work","female","55-64",8.4960310287429
1946,"work","female","65+",3.0451731074874
1946,"work","male","10-13",0
1946,"work","male","14+",36.5383334826748
1946,"work","male","14-17",9.14240599673623
1946,"work","male","18-24",33.5093876994171
1946,"work","male","25-54",44.2475206744576
1946,"work","male","55-64",38.2062896785642
1946,"work","male","65+",18.8415080872497
1947,"work","all","10-13",0
1947,"work","all","14+",23.2369411310125
1947,"work","all","14-17",6.19204401528067
1947,"work","all","18-24",24.7620112283527
1947,"work","all","25-54",27.6885862590738
1947,"work","all","55-64",23.0244761047859
1947,"work","all","65+",10.2771917458514
1947,"work","female","10-13",0
1947,"work","female","14+",11.0476122783808
1947,"work","female","14-17",3.33640891733309
1947,"work","female","18-24",16.995630479593
1947,"work","female","25-54",12.5356303470581
1947,"work","female","55-64",8.50214238776739
1947,"work","female","65+",2.99491958737737
1947,"work","male","10-13",0
1947,"work","male","14+",35.7606457422174
1947,"work","male","14-17",9.00316580107498
1947,"work","male","18-24",32.9308031353243
1947,"work","male","25-54",43.233145078979
1947,"work","male","55-64",37.3344049907079
1947,"work","male","65+",18.1877834940306
1948,"work","all","10-13",0
1948,"work","all","14+",23.1885309786291
1948,"work","all","14-17",6.28658027819401
1948,"work","all","18-24",24.6109640344956
1948,"work","all","25-54",27.6181882180071
1948,"work","all","55-64",22.9834717427766
1948,"work","all","65+",10.1272349712495
1948,"work","female","10-13",0
1948,"work","female","14+",11.0913072496169
1948,"work","female","14-17",3.40519047945257
1948,"work","female","18-24",16.9286825404455
1948,"work","female","25-54",12.611364804109
1948,"work","female","55-64",8.65248530768356
1948,"work","female","65+",3.00286279337231
1948,"work","male","10-13",0
1948,"work","male","14+",35.650484323289
1948,"work","male","14-17",9.11753384442981
1948,"work","male","18-24",32.705203275148
1948,"work","male","25-54",43.0543436297189
1948,"work","male","55-64",37.1455926953646
1948,"work","male","65+",17.9121691690907
1949,"work","all","10-13",0
1949,"work","all","14+",22.2330174242216
1949,"work","all","14-17",6.08912263439984
1949,"work","all","18-24",23.5579751486379
1949,"work","all","25-54",26.4882006061154
1949,"work","all","55-64",22.0268172115771
1949,"work","all","65+",9.58248506688495
1949,"work","female","10-13",0
1949,"work","female","14+",10.6981403875139
1949,"work","female","14-17",3.31608748498027
1949,"work","female","18-24",16.2415083194383
1949,"work","female","25-54",12.1979575993462
1949,"work","female","55-64",8.44553478339494
1949,"work","female","65+",2.88912796745824
1949,"work","male","10-13",0
1949,"work","male","14+",34.1469487587943
1949,"work","male","14-17",8.80832821320953
1949,"work","male","18-24",31.2800415502295
1949,"work","male","25-54",41.2264103616282
1949,"work","male","55-64",35.4865342011027
1949,"work","male","65+",16.939746854381
1950,"work","all","10-13",0
1950,"work","all","14+",22.2940835419227
1950,"work","all","14-17",6.09714664487205
1950,"work","all","18-24",23.9435733511489
1950,"work","all","25-54",26.588117436967
1950,"work","all","55-64",21.92067759873
1950,"work","all","65+",9.30213893661798
1950,"work","female","10-13",0
1950,"work","female","14+",10.6295998494596
1950,"work","female","14-17",3.30857218657139
1950,"work","female","18-24",16.1096736197656
1950,"work","female","25-54",12.1495035901088
1950,"work","female","55-64",8.5410497135049
1950,"work","female","65+",2.84642907356275
1950,"work","male","10-13",0
1950,"work","male","14+",34.3742556791642
1950,"work","male","14-17",8.8262940556745
1950,"work","male","18-24",32.2259709636433
1950,"work","male","25-54",41.5188608620803
1950,"work","male","55-64",35.2182996145903
1950,"work","male","65+",16.440158235351
1951,"work","all","10-13",0
1951,"work","all","14+",23.4219991771248
1951,"work","all","14-17",6.35807380280652
1951,"work","all","18-24",26.0480673824786
1951,"work","all","25-54",27.9640517911813
1951,"work","all","55-64",22.6033182272638
1951,"work","all","65+",9.28630183933827
1951,"work","female","10-13",0
1951,"work","female","14+",11.1104449175963
1951,"work","female","14-17",3.4496541747859
1951,"work","female","18-24",16.9006361127902
1951,"work","female","25-54",12.7110395053955
1951,"work","female","55-64",9.18697899692361
1951,"work","female","65+",2.99146857239417
1951,"work","male","10-13",0
1951,"work","male","14+",36.2115397090524
1951,"work","male","14-17",9.20608108725783
1951,"work","male","18-24",35.7195104305567
1951,"work","male","25-54",43.768324848697
1951,"work","male","55-64",36.0487315737737
1951,"work","male","65+",16.3058866035753
1952,"work","all","10-13",0
1952,"work","all","14+",23.5761931556466
1952,"work","all","14-17",6.27791976031672
1952,"work","all","18-24",26.9864115995347
1952,"work","all","25-54",28.1650823112677
1952,"work","all","55-64",22.6790584530084
1952,"work","all","65+",9.01048274841834
1952,"work","female","10-13",0
1952,"work","female","14+",11.268933362079
1952,"work","female","14-17",3.42898548764619
1952,"work","female","18-24",17.2381307535975
1952,"work","female","25-54",12.9136963006863
1952,"work","female","55-64",9.59503765110929
1952,"work","female","65+",3.05423478476512
1952,"work","male","10-13",0
1952,"work","male","14+",36.4005467070286
1952,"work","male","14-17",9.0692144847757
1952,"work","male","18-24",37.2934595079483
1952,"work","male","25-54",43.9989331250297
1952,"work","male","55-64",35.9008264957455
1952,"work","male","65+",15.7097606793394
1953,"work","all","10-13",0
1953,"work","all","14+",23.4202827201731
1953,"work","all","14-17",6.17346565942967
1953,"work","all","18-24",27.239310733918
1953,"work","all","25-54",28.0000886371271
1953,"work","all","55-64",22.6595525945511
1953,"work","all","65+",8.67277837694363
1953,"work","female","10-13",0
1953,"work","female","14+",11.3486497256808
1953,"work","female","14-17",3.41002433533542
1953,"work","female","18-24",17.3425141981953
1953,"work","female","25-54",13.0302864399179
1953,"work","female","55-64",9.95487311564605
1953,"work","female","65+",3.09024447579456
1953,"work","male","10-13",0
1953,"work","male","14+",36.0393564778241
1953,"work","male","14-17",8.88248873789884
1953,"work","male","18-24",37.7037298376462
1953,"work","male","25-54",43.5721268194321
1953,"work","male","55-64",35.6050377129782
1953,"work","male","65+",15.0063664471696
1954,"work","all","10-13",0
1954,"work","all","14+",22.3061241237276
1954,"work","all","14-17",5.78676251305977
1954,"work","all","18-24",26.2635729702067
1954,"work","all","25-54",26.7342422257811
1954,"work","all","55-64",21.7369203219952
1954,"work","all","65+",7.99386023981655
1954,"work","female","10-13",0
1954,"work","female","14+",10.9577770097934
1954,"work","female","14-17",3.23376144503986
1954,"work","female","18-24",16.6790786905898
1954,"work","female","25-54",12.626473404535
1954,"work","female","55-64",9.89020966300073
1954,"work","female","65+",2.9900905937512
1954,"work","male","10-13",0
1954,"work","male","14+",34.2077477651854
1954,"work","male","14-17",8.29086789757669
1954,"work","male","18-24",36.3981117774711
1954,"work","male","25-54",41.4383386055734
1954,"work","male","55-64",33.9087806884814
1954,"work","male","65+",13.7206969405365
1955,"work","all","10-13",0
1955,"work","all","14+",22.7207311264246
1955,"work","all","14-17",5.72839768344963
1955,"work","all","18-24",26.8689351095338
1955,"work","all","25-54",27.3564482602157
1955,"work","all","55-64",22.3807245422147
1955,"work","all","65+",7.93187030850683
1955,"work","female","10-13",0
1955,"work","female","14+",11.3604688477365
1955,"work","female","14-17",3.25345857896463
1955,"work","female","18-24",17.2145603884744
1955,"work","female","25-54",13.1563615069254
1955,"work","female","55-64",10.5239826550162
1955,"work","female","65+",3.11135287185497
1955,"work","male","10-13",0
1955,"work","male","14+",34.6734616895285
1955,"work","male","14-17",8.15727303642418
1955,"work","male","18-24",37.0777029455462
1955,"work","male","25-54",42.1860303881657
1955,"work","male","55-64",34.6643760937124
1955,"work","male","65+",13.49791494793
1956,"work","all","10-13",0
1956,"work","all","14+",22.7564166834147
1956,"work","all","14-17",5.53923015602914
1956,"work","all","18-24",26.8471903003213
1956,"work","all","25-54",27.5682222398701
1956,"work","all","55-64",22.6580632998763
1956,"work","all","65+",7.75841313478878
1956,"work","female","10-13",0
1956,"work","female","14+",11.5547478684792
1956,"work","female","14-17",3.19280144460703
1956,"work","female","18-24",17.2830609698814
1956,"work","female","25-54",13.4682234451738
1956,"work","female","55-64",10.9857999371413
1956,"work","female","65+",3.1873394403666
1956,"work","male","10-13",0
1956,"work","male","14+",34.5802769828078
1956,"work","male","14-17",7.84325488122861
1956,"work","male","18-24",36.9608675359255
1956,"work","male","25-54",42.3226705057935
1956,"work","male","55-64",34.8512899829967
1956,"work","male","65+",13.0837116163918
1957,"work","all","10-13",0
1957,"work","all","14+",22.2107637716446
1957,"work","all","14-17",5.0800387383229
1957,"work","all","18-24",26.1149598275868
1957,"work","all","25-54",27.1619275260201
1957,"work","all","55-64",22.4622918864632
1957,"work","all","65+",7.38268655849687
1957,"work","female","10-13",0
1957,"work","female","14+",11.4258695057149
1957,"work","female","14-17",2.96527542402989
1957,"work","female","18-24",16.7975291545984
1957,"work","female","25-54",13.4501432857305
1957,"work","female","55-64",11.2065479078337
1957,"work","female","65+",3.17282834646202
1957,"work","male","10-13",0
1957,"work","male","14+",33.629998543512
1957,"work","male","14-17",7.15772781442511
1957,"work","male","18-24",35.9680935842636
1957,"work","male","25-54",41.5387978065597
1957,"work","male","55-64",34.3182826457142
1957,"work","male","65+",12.3315306768691
1958,"work","all","10-13",0
1958,"work","all","14+",21.1830086412689
1958,"work","all","14-17",4.6449391978188
1958,"work","all","18-24",24.5762248919053
1958,"work","all","25-54",26.1542304266118
1958,"work","all","55-64",21.6875117284446
1958,"work","all","65+",6.86457199936824
1958,"work","female","10-13",0
1958,"work","female","14+",11.0389720457809
1958,"work","female","14-17",2.74666288318997
1958,"work","female","18-24",15.8054915971507
1958,"work","female","25-54",13.1246570459953
1958,"work","female","55-64",11.1141457655505
1958,"work","female","65+",3.08324175848103
1958,"work","male","10-13",0
1958,"work","male","14+",31.9585601898504
1958,"work","male","14-17",6.51096305152042
1958,"work","male","18-24",33.8515418349365
1958,"work","male","25-54",39.8434415073001
1958,"work","male","55-64",32.917407874854
1958,"work","male","65+",11.3502704422027
1959,"work","all","10-13",0
1959,"work","all","14+",21.3082266469343
1959,"work","all","14-17",4.5504443698498
1959,"work","all","18-24",24.0814306059263
1959,"work","all","25-54",26.5907273222587
1959,"work","all","55-64",22.0315476657533
1959,"work","all","65+",6.73117648495379
1959,"work","female","10-13",0
1959,"work","female","14+",11.2557247030675
1959,"work","female","14-17",2.72984370021861
1959,"work","female","18-24",15.5381246538672
1959,"work","female","25-54",13.5269284101816
1959,"work","female","55-64",11.5791719212909
1959,"work","female","65+",3.15699193631935
1959,"work","male","10-13",0
1959,"work","male","14+",32.0229233054616
1959,"work","male","14-17",6.341097187385
1959,"work","male","18-24",33.1165427149656
1959,"work","male","25-54",40.3441520835065
1959,"work","male","55-64",33.2252871891188
1959,"work","male","65+",11.0102616227294
1960,"work","all","10-13",0
1960,"work","all","14+",21.4421651586208
1960,"work","all","14-17",4.54442447997465
1960,"work","all","18-24",23.5032898733366
1960,"work","all","25-54",26.9938486922744
1960,"work","all","55-64",22.3541456447435
1960,"work","all","65+",6.60323498915099
1960,"work","female","10-13",0
1960,"work","female","14+",11.4707190089047
1960,"work","female","14-17",2.76411166494756
1960,"work","female","18-24",15.1894643068123
1960,"work","female","25-54",13.9093213034557
1960,"work","female","55-64",12.0311276894872
1960,"work","female","65+",3.23121924377503
1960,"work","male","10-13",0
1960,"work","male","14+",32.1083631531265
1960,"work","male","14-17",6.29641558481573
1960,"work","male","18-24",32.2960113181041
1960,"work","male","25-54",40.7980763927998
1960,"work","male","55-64",33.5012887124458
1960,"work","male","65+",10.6779020146014
1961,"work","all","10-13",0
1961,"work","all","14+",21.0905797455317
1961,"work","all","14-17",4.01402833615879
1961,"work","all","18-24",22.7169088289787
1961,"work","all","25-54",26.8858409057924
1961,"work","all","55-64",22.5979875301688
1961,"work","all","65+",6.31782909551839
1961,"work","female","10-13",0
1961,"work","female","14+",11.4238252277811
1961,"work","female","14-17",2.38510811215042
1961,"work","female","18-24",14.7664721142346
1961,"work","female","25-54",14.0339304446035
1961,"work","female","55-64",12.3965323402773
1961,"work","female","65+",3.1555959536714
1961,"work","male","10-13",0
1961,"work","male","14+",31.4574599468205
1961,"work","male","14-17",5.61507477425302
1961,"work","male","18-24",31.1360942740591
1961,"work","male","25-54",40.4681676483536
1961,"work","male","55-64",33.6565711959268
1961,"work","male","65+",10.1799878690989
1962,"work","all","10-13",0
1962,"work","all","14+",21.1326174214725
1962,"work","all","14-17",3.64491702821431
1962,"work","all","18-24",22.7239511963964
1962,"work","all","25-54",27.2002788298065
1962,"work","all","55-64",23.0597897338081
1962,"work","all","65+",6.1447326648224
1962,"work","female","10-13",0
1962,"work","female","14+",11.5651695905124
1962,"work","female","14-17",2.10256059822069
1962,"work","female","18-24",14.7464854238982
1962,"work","female","25-54",14.3634316068681
1962,"work","female","55-64",12.8762721968797
1962,"work","female","65+",3.13370754979508
1962,"work","male","10-13",0
1962,"work","male","14+",31.4201940084993
1962,"work","male","14-17",5.15902733445382
1962,"work","male","18-24",31.182642005264
1962,"work","male","25-54",40.7906201294936
1962,"work","male","55-64",34.1418566858447
1962,"work","male","65+",9.86143232701354
1963,"work","all","10-13",0
1963,"work","all","14+",20.9741243662485
1963,"work","all","14-17",3.40238165587404
1963,"work","all","18-24",22.6814061670195
1963,"work","all","25-54",27.3096763041645
1963,"work","all","55-64",23.3132683411997
1963,"work","all","65+",5.4025592835671
1963,"work","female","10-13",0
1963,"work","female","14+",11.6060034962009
1963,"work","female","14-17",2.21430526740649
1963,"work","female","18-24",15.1715383757381
1963,"work","female","25-54",14.2418859660804
1963,"work","female","55-64",13.9803519284913
1963,"work","female","65+",2.82472887636726
1963,"work","male","10-13",0
1963,"work","male","14+",31.073489016593
1963,"work","male","14-17",4.56727430564985
1963,"work","male","18-24",30.654594915773
1963,"work","male","25-54",41.1692234716013
1963,"work","male","55-64",33.5092963804398
1963,"work","male","65+",8.61827701492284
1964,"work","all","10-13",0
1964,"work","all","14+",20.9133629708126
1964,"work","all","14-17",3.43150588524951
1964,"work","all","18-24",22.6113001426551
1964,"work","all","25-54",27.5318626800185
1964,"work","all","55-64",22.9647335382267
1964,"work","all","65+",5.43783912071971
1964,"work","female","10-13",0
1964,"work","female","14+",11.7395648216056
1964,"work","female","14-17",2.11423733632014
1964,"work","female","18-24",15.2183044197014
1964,"work","female","25-54",14.7278519834564
1964,"work","female","55-64",13.3262105644834
1964,"work","female","65+",3.08986369311485
1964,"work","male","10-13",0
1964,"work","male","14+",30.828990043124
1964,"work","male","14-17",4.72149116371619
1964,"work","male","18-24",30.4706065479497
1964,"work","male","25-54",41.1360458835285
1964,"work","male","55-64",33.535828582217
1964,"work","male","65+",8.39770292218397
1965,"work","all","10-13",0
1965,"work","all","14+",21.3595700199956
1965,"work","all","14-17",3.36183333068869
1965,"work","all","18-24",23.1290270358373
1965,"work","all","25-54",28.0834360256277
1965,"work","all","55-64",23.7079461176892
1965,"work","all","65+",5.49773036574151
1965,"work","female","10-13",0
1965,"work","female","14+",12.0692052080016
1965,"work","female","14-17",1.86912831742431
1965,"work","female","18-24",15.3451983427404
1965,"work","female","25-54",15.1357628149192
1965,"work","female","55-64",14.1989710587038
1965,"work","female","65+",3.10063772325997
1965,"work","male","10-13",0
1965,"work","male","14+",31.4325392435688
1965,"work","male","14-17",4.82183526802429
1965,"work","male","18-24",31.4146186318433
1965,"work","male","25-54",41.8651280022694
1965,"work","male","55-64",34.1778871645014
1965,"work","male","65+",8.55118998748904
1966,"work","all","10-13",0
1966,"work","all","14+",21.5977591599846
1966,"work","all","14-17",3.76163036740645
1966,"work","all","18-24",23.6809808943673
1966,"work","all","25-54",28.4310708333153
1966,"work","all","55-64",23.7642369927567
1966,"work","all","65+",5.31059868273766
1966,"work","female","10-13",0
1966,"work","female","14+",12.2940302476402
1966,"work","female","14-17",2.25319920607655
1966,"work","female","18-24",16.1843380054429
1966,"work","female","25-54",15.3242594244683
1966,"work","female","55-64",14.324440753273
1966,"work","female","65+",2.86219861657197
1966,"work","male","10-13",0
1966,"work","male","14+",31.7140306208797
1966,"work","male","14-17",5.23521153680785
1966,"work","male","18-24",31.6713355626651
1966,"work","male","25-54",42.4075186395343
1966,"work","male","55-64",34.1989236898003
1966,"work","male","65+",8.46192927150114
1967,"work","all","10-13",0
1967,"work","all","14+",21.3237668559726
1967,"work","all","14-17",3.89428722797351
1967,"work","all","18-24",23.4544474645488
1967,"work","all","25-54",28.3436295825663
1967,"work","all","55-64",23.0027383152561
1967,"work","all","65+",4.76138281917124
1967,"work","female","10-13",0
1967,"work","female","14+",12.2315254661616
1967,"work","female","14-17",2.37937629421491
1967,"work","female","18-24",16.6578861992743
1967,"work","female","25-54",15.5410610353316
1967,"work","female","55-64",13.1786637596764
1967,"work","female","65+",2.20630699544132
1967,"work","male","10-13",0
1967,"work","male","14+",31.237883709095
1967,"work","male","14-17",5.37239095407929
1967,"work","male","18-24",30.7081536343133
1967,"work","male","25-54",42.0205671375456
1967,"work","male","55-64",33.905084675758
1967,"work","male","65+",8.08411301785518
1968,"work","all","10-13",0
1968,"work","all","14+",21.1810776784362
1968,"work","all","14-17",3.81437518947099
1968,"work","all","18-24",23.18487069027
1968,"work","all","25-54",28.1632486195138
1968,"work","all","55-64",23.0989293707006
1968,"work","all","65+",4.96716100408461
1968,"work","female","10-13",0
1968,"work","female","14+",12.4267107952568
1968,"work","female","14-17",2.42256895641437
1968,"work","female","18-24",16.7012359523571
1968,"work","female","25-54",15.6148082321467
1968,"work","female","55-64",13.9967226992
1968,"work","female","65+",2.69635872182029
1968,"work","male","10-13",0
1968,"work","male","14+",30.7525069807165
1968,"work","male","14-17",5.17070700662512
1968,"work","male","18-24",30.1137545236692
1968,"work","male","25-54",41.5929768120421
1968,"work","male","55-64",33.2401878702081
1968,"work","male","65+",7.95066230042107
1969,"work","all","10-13",0
1969,"work","all","14+",21.2343569947532
1969,"work","all","14-17",4.10222031779054
1969,"work","all","18-24",23.1909671129433
1969,"work","all","25-54",28.26422824896
1969,"work","all","55-64",23.1551895414641
1969,"work","all","65+",5.05721931418416
1969,"work","female","10-13",0
1969,"work","female","14+",12.709075150298
1969,"work","female","14-17",2.69335744072811
1969,"work","female","18-24",17.16316172652
1969,"work","female","25-54",15.934142074041
1969,"work","female","55-64",14.2257953884044
1969,"work","female","65+",2.84553983473368
1969,"work","male","10-13",0
1969,"work","male","14+",30.580973120176
1969,"work","male","14-17",5.47349789788582
1969,"work","male","18-24",29.641276150705
1969,"work","male","25-54",41.484371534122
1969,"work","male","55-64",33.1434378740714
1969,"work","male","65+",7.99284761594485
1970,"work","all","10-13",0
1970,"work","all","14+",20.5142936609953
1970,"work","all","14-17",4.06496117910531
1970,"work","all","18-24",22.2122892346267
1970,"work","all","25-54",27.4193862844658
1970,"work","all","55-64",22.5366994816157
1970,"work","all","65+",4.82768965285573
1970,"work","female","10-13",0
1970,"work","female","14+",12.4667459698191
1970,"work","female","14-17",2.89042528785204
1970,"work","female","18-24",16.7132235132565
1970,"work","female","25-54",15.6501345927035
1970,"work","female","55-64",14.0954981525282
1970,"work","female","65+",2.68995680484298
1970,"work","male","10-13",0
1970,"work","male","14+",29.362574153057
1970,"work","male","14-17",5.20676774254252
1970,"work","male","18-24",28.1046500415976
1970,"work","male","25-54",40.0614009812109
1970,"work","male","55-64",32.0164990238536
1970,"work","male","65+",7.69411766537233
1971,"work","all","10-13",0
1971,"work","all","14+",20.2204697904664
1971,"work","all","14-17",3.80904752608398
1971,"work","all","18-24",21.1811041251373
1971,"work","all","25-54",27.3736851294872
1971,"work","all","55-64",22.6512206667936
1971,"work","all","65+",4.41976341798751
1971,"work","female","10-13",0
1971,"work","female","14+",12.3854933156053
1971,"work","female","14-17",2.79372053594993
1971,"work","female","18-24",15.6996730134578
1971,"work","female","25-54",15.8607770667277
1971,"work","female","55-64",14.3779632423328
1971,"work","female","65+",2.45263445589525
1971,"work","male","10-13",0
1971,"work","male","14+",28.827654414447
1971,"work","male","14-17",4.79538232250983
1971,"work","male","18-24",27.0229247153097
1971,"work","male","25-54",39.7167840252991
1971,"work","male","55-64",31.9562604028543
1971,"work","male","65+",7.0762256798206
1972,"work","all","10-13",0
1972,"work","all","14+",20.4398690984514
1972,"work","all","14-17",4.076511111844
1972,"work","all","18-24",22.3292916641226
1972,"work","all","25-54",27.4528690610253
1972,"work","all","55-64",22.3320471651086
1972,"work","all","65+",4.39950164954663
1972,"work","female","10-13",0
1972,"work","female","14+",12.7482324616576
1972,"work","female","14-17",3.07869933949839
1972,"work","female","18-24",16.7796196880559
1972,"work","female","25-54",16.2432036379961
1972,"work","female","55-64",14.1266956060458
1972,"work","female","65+",2.59630898004131
1972,"work","male","10-13",0
1972,"work","male","14+",28.8825161255783
1972,"work","male","14-17",5.04514581628001
1972,"work","male","18-24",28.2122160959145
1972,"work","male","25-54",39.4462209381673
1972,"work","male","55-64",31.5744214564424
1972,"work","male","65+",6.85201819034524
1973,"work","all","10-13",0
1973,"work","all","14+",20.6407845788766
1973,"work","all","14-17",4.56693107829311
1973,"work","all","18-24",23.5951558170099
1973,"work","all","25-54",27.5990541459528
1973,"work","all","55-64",21.6578919944574
1973,"work","all","65+",4.05063512054307
1973,"work","female","10-13",0
1973,"work","female","14+",12.945882940579
1973,"work","female","14-17",3.34745487763824
1973,"work","female","18-24",17.6076344242569
1973,"work","female","25-54",16.5495113816016
1973,"work","female","55-64",13.7768426999348
1973,"work","female","65+",2.20298922954474
1973,"work","male","10-13",0
1973,"work","male","14+",29.0808577771207
1973,"work","male","14-17",5.74991407425291
1973,"work","male","18-24",29.9085421645304
1973,"work","male","25-54",39.3969702550886
1973,"work","male","55-64",30.5481209300998
1973,"work","male","65+",6.58170148220366
1974,"work","all","10-13",0
1974,"work","all","14+",20.3296992374021
1974,"work","all","14-17",4.70534509005801
1974,"work","all","18-24",23.303957154855
1974,"work","all","25-54",27.2817808312317
1974,"work","all","55-64",20.9243120795675
1974,"work","all","65+",3.73090393570685
1974,"work","female","10-13",0
1974,"work","female","14+",13.0036732535706
1974,"work","female","14-17",3.55648632651268
1974,"work","female","18-24",17.9118214353833
1974,"work","female","25-54",16.7725857453024
1974,"work","female","55-64",13.0582735846514
1974,"work","female","65+",2.03950745894721
1974,"work","male","10-13",0
1974,"work","male","14+",28.3599464512073
1974,"work","male","14-17",5.81904036458385
1974,"work","male","18-24",28.9596112082375
1974,"work","male","25-54",38.4793473152524
1974,"work","male","55-64",29.8107026685548
1974,"work","male","65+",6.06469183154249
1975,"work","all","10-13",0
1975,"work","all","14+",19.5351420479562
1975,"work","all","14-17",4.19441460584225
1975,"work","all","18-24",21.5034474266054
1975,"work","all","25-54",26.6725997252405
1975,"work","all","55-64",19.8335272460094
1975,"work","all","65+",3.56000398596553
1975,"work","female","10-13",0
1975,"work","female","14+",12.8864620520444
1975,"work","female","14-17",3.26305244013214
1975,"work","female","18-24",17.1928616723987
1975,"work","female","25-54",16.8520911128978
1975,"work","female","55-64",13.1210366477109
1975,"work","female","65+",1.94737969166146
1975,"work","male","10-13",0
1975,"work","male","14+",26.8193090822633
1975,"work","male","14-17",5.09663715511272
1975,"work","male","18-24",26.0010618064916
1975,"work","male","25-54",37.114207475757
1975,"work","male","55-64",27.4278902149057
1975,"work","male","65+",5.80128714869632
1976,"work","all","10-13",0
1976,"work","all","14+",19.7557426935801
1976,"work","all","14-17",4.19397596266341
1976,"work","all","18-24",21.7334038815056
1976,"work","all","25-54",27.1234956154829
1976,"work","all","55-64",19.5419701784218
1976,"work","all","65+",3.43144288786197
1976,"work","female","10-13",0
1976,"work","female","14+",13.1896325143068
1976,"work","female","14-17",3.54742936677288
1976,"work","female","18-24",17.2262731302955
1976,"work","female","25-54",17.497544100169
1976,"work","female","55-64",12.732218160248
1976,"work","female","65+",2.01649321983721
1976,"work","male","10-13",0
1976,"work","male","14+",26.9456062669649
1976,"work","male","14-17",4.8198559270772
1976,"work","male","18-24",26.4116917307938
1976,"work","male","25-54",37.3359054660418
1976,"work","male","55-64",27.2576677438013
1976,"work","male","65+",5.41237094126415
1977,"work","all","10-13",0
1977,"work","all","14+",20.1459351949422
1977,"work","all","14-17",4.36271686916122
1977,"work","all","18-24",22.5350392773564
1977,"work","all","25-54",27.6425868450899
1977,"work","all","55-64",19.5864687864692
1977,"work","all","65+",3.15520116879044
1977,"work","female","10-13",0
1977,"work","female","14+",13.5445463837592
1977,"work","female","14-17",3.57712297456201
1977,"work","female","18-24",17.7528919574458
1977,"work","female","25-54",18.1336301013727
1977,"work","female","55-64",12.5634639453825
1977,"work","female","65+",1.92066235615992
1977,"work","male","10-13",0
1977,"work","male","14+",27.3712526193753
1977,"work","male","14-17",5.12266899632847
1977,"work","male","18-24",27.4732238669669
1977,"work","male","25-54",37.7082158533268
1977,"work","male","55-64",27.5554174169651
1977,"work","male","65+",4.8962600845
1978,"work","all","10-13",0
1978,"work","all","14+",20.7430675523518
1978,"work","all","14-17",4.80735399797131
1978,"work","all","18-24",22.9228147012212
1978,"work","all","25-54",28.4398392144969
1978,"work","all","55-64",20.174542422747
1978,"work","all","65+",3.17199649387438
1978,"work","female","10-13",0
1978,"work","female","14+",14.3127171322847
1978,"work","female","14-17",3.89218906688098
1978,"work","female","18-24",18.437114672141
1978,"work","female","25-54",19.2850232693905
1978,"work","female","55-64",13.1911773398604
1978,"work","female","65+",1.92721665314369
1978,"work","male","10-13",0
1978,"work","male","14+",27.7780580625601
1978,"work","male","14-17",5.692031939924
1978,"work","male","18-24",27.5311991109118
1978,"work","male","25-54",38.1089727332768
1978,"work","male","55-64",28.1100534414651
1978,"work","male","65+",4.94047311329366
1979,"work","all","10-13",0
1979,"work","all","14+",20.8789842084606
1979,"work","all","14-17",5.0802749190231
1979,"work","all","18-24",23.5413268285794
1979,"work","all","25-54",28.4112370103823
1979,"work","all","55-64",19.7876540507064
1979,"work","all","65+",3.2454407515645
1979,"work","female","10-13",0
1979,"work","female","14+",14.5999512979185
1979,"work","female","14-17",4.32044765244144
1979,"work","female","18-24",19.2198751501717
1979,"work","female","25-54",19.5230275522638
1979,"work","female","55-64",13.0562957006665
1979,"work","female","65+",1.95057652563976
1979,"work","male","10-13",0
1979,"work","male","14+",27.7463410502566
1979,"work","male","14-17",5.81428017972311
1979,"work","male","18-24",27.9584401317933
1979,"work","male","25-54",37.7770657457481
1979,"work","male","55-64",27.4479032542414
1979,"work","male","65+",5.09874336918268
1980,"work","all","10-13",0
1980,"work","all","14+",20.4105840048265
1980,"work","all","14-17",4.45185738614893
1980,"work","all","18-24",22.4697550663507
1980,"work","all","25-54",27.9825551401733
1980,"work","all","55-64",18.9561474393221
1980,"work","all","65+",3.23828325109434
1980,"work","female","10-13",0
1980,"work","female","14+",14.6395573648744
1980,"work","female","14-17",3.6577752453184
1980,"work","female","18-24",18.5252421613079
1980,"work","female","25-54",20.0369388190369
1980,"work","female","55-64",12.528959073035
1980,"work","female","65+",1.92921401248958
1980,"work","male","10-13",0
1980,"work","male","14+",26.7203495764148
1980,"work","male","14-17",5.21842235425243
1980,"work","male","18-24",26.4812732523816
1980,"work","male","25-54",36.3354097189821
1980,"work","male","55-64",26.280836681731
1980,"work","male","65+",5.1259162344223
1981,"work","all","10-13",0
1981,"work","all","14+",20.1958089584153
1981,"work","all","14-17",4.03043592238646
1981,"work","all","18-24",22.0122762198863
1981,"work","all","25-54",27.6763284508123
1981,"work","all","55-64",18.7411602099772
1981,"work","all","65+",3.17454951096648
1981,"work","female","10-13",0
1981,"work","female","14+",14.6773137712032
1981,"work","female","14-17",3.50041823986119
1981,"work","female","18-24",18.2580814152021
1981,"work","female","25-54",20.0506007613032
1981,"work","female","55-64",12.8211266736039
1981,"work","female","65+",1.96216455856226
1981,"work","male","10-13",0
1981,"work","male","14+",26.222842158635
1981,"work","male","14-17",4.54119443439705
1981,"work","male","18-24",25.8178275523102
1981,"work","male","25-54",35.6760045563276
1981,"work","male","55-64",25.4778744710285
1981,"work","male","65+",4.92361506978025
1982,"work","all","10-13",0
1982,"work","all","14+",20.1652048423872
1982,"work","all","14-17",3.51944836248469
1982,"work","all","18-24",21.4614214031743
1982,"work","all","25-54",27.7178141079061
1982,"work","all","55-64",18.7982089725545
1982,"work","all","65+",3.12877907725969
1982,"work","female","10-13",0
1982,"work","female","14+",14.876695384582
1982,"work","female","14-17",3.29897726786279
1982,"work","female","18-24",18.1393544475234
1982,"work","female","25-54",20.4901375162789
1982,"work","female","55-64",12.7734971460153
1982,"work","female","65+",1.86935851962909
1982,"work","male","10-13",0
1982,"work","male","14+",25.9359074763549
1982,"work","male","14-17",3.73153658015831
1982,"work","male","18-24",24.8179486001344
1982,"work","male","25-54",35.2852006273909
1982,"work","male","55-64",25.6438791930015
1982,"work","male","65+",4.94658137358427
1983,"work","all","10-13",0
1983,"work","all","14+",20.4292213035107
1983,"work","all","14-17",3.05269134928845
1983,"work","all","18-24",21.2606386300297
1983,"work","all","25-54",28.2287527733862
1983,"work","all","55-64",18.9087345586985
1983,"work","all","65+",3.18587242629067
1983,"work","female","10-13",0
1983,"work","female","14+",15.3349314507234
1983,"work","female","14-17",2.81791465352297
1983,"work","female","18-24",18.4393270852899
1983,"work","female","25-54",21.2550030869609
1983,"work","female","55-64",13.1576673520012
1983,"work","female","65+",1.88396723173303
1983,"work","male","10-13",0
1983,"work","male","14+",25.9826534671813
1983,"work","male","14-17",3.2781450691771
1983,"work","male","18-24",24.101888503078
1983,"work","male","25-54",35.5162943408914
1983,"work","male","55-64",25.4337842471278
1983,"work","male","65+",5.06590449448888
1984,"work","all","10-13",0
1984,"work","all","14+",21.3456961703826
1984,"work","all","14-17",3.39558123502311
1984,"work","all","18-24",22.6961110752699
1984,"work","all","25-54",29.4865249767405
1984,"work","all","55-64",19.1264741966586
1984,"work","all","65+",2.95751081762675
1984,"work","female","10-13",0
1984,"work","female","14+",15.9736892143716
1984,"work","female","14-17",2.9428168374284
1984,"work","female","18-24",19.2755950569096
1984,"work","female","25-54",22.1586872282578
1984,"work","female","55-64",13.5545942627366
1984,"work","female","65+",1.86877385734196
1984,"work","male","10-13",0
1984,"work","male","14+",27.1950919926103
1984,"work","male","14-17",3.82960161158264
1984,"work","male","18-24",26.1294933669852
1984,"work","male","25-54",37.129883340864
1984,"work","male","55-64",25.4388488072715
1984,"work","male","65+",4.53047415776162
1985,"work","all","10-13",0
1985,"work","all","14+",21.6462445670312
1985,"work","all","14-17",3.69449427919079
1985,"work","all","18-24",23.0415699594871
1985,"work","all","25-54",29.8727667785954
1985,"work","all","55-64",19.3262146950371
1985,"work","all","65+",2.86268382352279
1985,"work","female","10-13",0
1985,"work","female","14+",16.3967232021091
1985,"work","female","14-17",3.42563585161419
1985,"work","female","18-24",19.9553775708344
1985,"work","female","25-54",22.7822609370052
1985,"work","female","55-64",13.5970029239893
1985,"work","female","65+",1.71329507387769
1985,"work","male","10-13",0
1985,"work","male","14+",27.3554294434506
1985,"work","male","14-17",3.95176764040727
1985,"work","male","18-24",26.1291712178345
1985,"work","male","25-54",37.2551205526562
1985,"work","male","55-64",25.8072065196702
1985,"work","male","65+",4.52407547324866
1986,"work","all","10-13",0
1986,"work","all","14+",21.9929353394751
1986,"work","all","14-17",3.86968899217428
1986,"work","all","18-24",23.4234940692689
1986,"work","all","25-54",30.3866890677941
1986,"work","all","55-64",19.0654570492108
1986,"work","all","65+",2.86682425246649
1986,"work","female","10-13",0
1986,"work","female","14+",16.8619860720145
1986,"work","female","14-17",3.56681060736273
1986,"work","female","18-24",20.4411255764847
1986,"work","female","25-54",23.5329886313621
1986,"work","female","55-64",13.4653588529169
1986,"work","female","65+",1.77922825358791
1986,"work","male","10-13",0
1986,"work","male","14+",27.5679211090157
1986,"work","male","14-17",4.15900378412313
1986,"work","male","18-24",26.3973689627766
1986,"work","male","25-54",37.5098984807782
1986,"work","male","55-64",25.3909994535155
1986,"work","male","65+",4.43965445527316
1987,"work","all","10-13",0
1987,"work","all","14+",22.29092270931
1987,"work","all","14-17",3.93383478763281
1987,"work","all","18-24",23.517439977546
1987,"work","all","25-54",30.720283961273
1987,"work","all","55-64",19.357186711016
1987,"work","all","65+",2.91330209030918
1987,"work","female","10-13",0
1987,"work","female","14+",17.1587578406314
1987,"work","female","14-17",3.68967156424552
1987,"work","female","18-24",20.4821214406122
1987,"work","female","25-54",24.029902313236
1987,"work","female","55-64",13.4100116540865
1987,"work","female","65+",1.79274831769074
1987,"work","male","10-13",0
1987,"work","male","14+",27.8630252442943
1987,"work","male","14-17",4.16665016671339
1987,"work","male","18-24",26.5340857375268
1987,"work","male","25-54",37.6620436182206
1987,"work","male","55-64",26.0648048369679
1987,"work","male","65+",4.53457382012161
1988,"work","all","10-13",0
1988,"work","all","14+",22.8882808347583
1988,"work","all","14-17",4.16884604828722
1988,"work","all","18-24",23.6913318415226
1988,"work","all","25-54",31.4953620954255
1988,"work","all","55-64",19.5463444317847
1988,"work","all","65+",3.12942855256018
1988,"work","female","10-13",0
1988,"work","female","14+",17.7838779287974
1988,"work","female","14-17",3.94474426918182
1988,"work","female","18-24",20.6810733378369
1988,"work","female","25-54",24.8401700576255
1988,"work","female","55-64",14.034429273418
1988,"work","female","65+",1.98692521089098
1988,"work","male","10-13",0
1988,"work","male","14+",28.42554354206
1988,"work","male","14-17",4.38215232368174
1988,"work","male","18-24",26.6731277996343
1988,"work","male","25-54",38.3896195007249
1988,"work","male","55-64",25.7538276796441
1988,"work","male","65+",4.78325208590809
1989,"work","all","10-13",0
1989,"work","all","14+",23.1959131437197
1989,"work","all","14-17",4.18835385356593
1989,"work","all","18-24",23.5495805813115
1989,"work","all","25-54",31.7777632829393
1989,"work","all","55-64",20.1554227428317
1989,"work","all","65+",3.26297292639385
1989,"work","female","10-13",0
1989,"work","female","14+",18.018465471912
1989,"work","female","14-17",3.92999136997865
1989,"work","female","18-24",20.1068451812322
1989,"work","female","25-54",25.1114664681444
1989,"work","female","55-64",14.771860101267
1989,"work","female","65+",2.16754215932405
1989,"work","male","10-13",0
1989,"work","male","14+",28.8078057024067
1989,"work","male","14-17",4.43383183121983
1989,"work","male","18-24",26.9483936179462
1989,"work","male","25-54",38.6723083102557
1989,"work","male","55-64",26.2093635918332
1989,"work","male","65+",4.84941754651548
1990,"work","all","10-13",0
1990,"work","all","14+",23.0048481524463
1990,"work","all","14-17",3.86703273746247
1990,"work","all","18-24",23.0252439159102
1990,"work","all","25-54",31.5633783737023
1990,"work","all","55-64",19.8322099316079
1990,"work","all","65+",3.25693221748502
1990,"work","female","10-13",0
1990,"work","female","14+",18.1146958950262
1990,"work","female","14-17",3.82093624066149
1990,"work","female","18-24",20.1456438699566
1990,"work","female","25-54",25.2482908638102
1990,"work","female","55-64",14.6576882238272
1990,"work","female","65+",2.22517417972079
1990,"work","male","10-13",0
1990,"work","male","14+",28.300531419099
1990,"work","male","14-17",3.91075207780702
1990,"work","male","18-24",25.8585969019764
1990,"work","male","25-54",38.0839508883692
1990,"work","male","55-64",25.6424480503121
1990,"work","male","65+",4.75187939868903
1991,"work","all","10-13",0
1991,"work","all","14+",22.4786114125027
1991,"work","all","14-17",3.23855550607975
1991,"work","all","18-24",21.7563440463512
1991,"work","all","25-54",30.9391316893247
1991,"work","all","55-64",19.9834635319304
1991,"work","all","65+",3.13196184801012
1991,"work","female","10-13",0
1991,"work","female","14+",17.9052393274258
1991,"work","female","14-17",3.13885542008814
1991,"work","female","18-24",19.081288486598
1991,"work","female","25-54",25.1595617371991
1991,"work","female","55-64",14.7803374669361
1991,"work","female","65+",2.1176282904655
1991,"work","male","10-13",0
1991,"work","male","14+",27.4283885577955
1991,"work","male","14-17",3.33311712367582
1991,"work","male","18-24",24.3872789429766
1991,"work","male","25-54",36.9069809119455
1991,"work","male","55-64",25.8127469849713
1991,"work","male","65+",4.59535773391109
1992,"work","all","10-13",0
1992,"work","all","14+",22.1253456103038
1992,"work","all","14-17",2.72169691491546
1992,"work","all","18-24",21.1344873506946
1992,"work","all","25-54",30.564704770244
1992,"work","all","55-64",19.6078565827168
1992,"work","all","65+",3.0900913800004
1992,"work","female","10-13",0
1992,"work","female","14+",17.8230961068785
1992,"work","female","14-17",2.61677764439048
1992,"work","female","18-24",18.9082345278314
1992,"work","female","25-54",25.1359694951586
1992,"work","female","55-64",14.7450204528708
1992,"work","female","65+",1.98574832451292
1992,"work","male","10-13",0
1992,"work","male","14+",26.7789559939555
1992,"work","male","14-17",2.82121186179886
1992,"work","male","18-24",23.3230623739362
1992,"work","male","25-54",36.1715019871097
1992,"work","male","55-64",25.0436791115594
1992,"work","male","65+",4.67652298460729
1993,"work","all","10-13",0
1993,"work","all","14+",22.4164955126537
1993,"work","all","14-17",2.72414091503055
1993,"work","all","18-24",21.5376448950104
1993,"work","all","25-54",30.9393952174451
1993,"work","all","55-64",20.3852247338766
1993,"work","all","65+",2.81217366922259
1993,"work","female","10-13",0
1993,"work","female","14+",18.0549355534555
1993,"work","female","14-17",2.50418579242368
1993,"work","female","18-24",18.8725459317439
1993,"work","female","25-54",25.4831108637879
1993,"work","female","55-64",15.384533812515
1993,"work","female","65+",1.9210365414033
1993,"work","male","10-13",0
1993,"work","male","14+",27.1311218440789
1993,"work","male","14-17",2.9327728757976
1993,"work","male","18-24",24.1564961219549
1993,"work","male","25-54",36.5755663710164
1993,"work","male","55-64",25.9625779307699
1993,"work","male","65+",4.08685445113906
1994,"work","all","10-13",0
1994,"work","all","14+",22.7629339106895
1994,"work","all","14-17",3.07164850975498
1994,"work","all","18-24",22.6410366932984
1994,"work","all","25-54",31.3725710019319
1994,"work","all","55-64",19.6542926375457
1994,"work","all","65+",3.06541337320761
1994,"work","female","10-13",0
1994,"work","female","14+",18.2745859346127
1994,"work","female","14-17",2.91604002103017
1994,"work","female","18-24",19.7370215941299
1994,"work","female","25-54",25.5989696017329
1994,"work","female","55-64",15.5518654315618
1994,"work","female","65+",2.03454735195981
1994,"work","male","10-13",0
1994,"work","male","14+",27.610293750147
1994,"work","male","14-17",3.21925102620304
1994,"work","male","18-24",25.4934191332675
1994,"work","male","25-54",37.3374474398374
1994,"work","male","55-64",24.2194862391243
1994,"work","male","65+",4.53366972746905
1995,"work","all","10-13",0
1995,"work","all","14+",22.8472051178564
1995,"work","all","14-17",3.46668473480385
1995,"work","all","18-24",23.0092339767286
1995,"work","all","25-54",31.2904212865598
1995,"work","all","55-64",20.2133594774313
1995,"work","all","65+",3.06629546827286
1995,"work","female","10-13",0
1995,"work","female","14+",18.1901025845228
1995,"work","female","14-17",3.15534176396001
1995,"work","female","18-24",19.6844796887258
1995,"work","female","25-54",25.4069647260767
1995,"work","female","55-64",15.6663856260304
1995,"work","female","65+",1.9967863041706
1995,"work","male","10-13",0
1995,"work","male","14+",27.8728003941824
1995,"work","male","14-17",3.76201861584784
1995,"work","male","18-24",26.273463549176
1995,"work","male","25-54",37.3697278326756
1995,"work","male","55-64",25.2618160423285
1995,"work","male","65+",4.58310177732406
1996,"work","all","10-13",0
1996,"work","all","14+",22.8573465868941
1996,"work","all","14-17",3.49829248077455
1996,"work","all","18-24",22.6428669159536
1996,"work","all","25-54",31.2970941425628
1996,"work","all","55-64",20.4782998716274
1996,"work","all","65+",3.20355483347181
1996,"work","female","10-13",0
1996,"work","female","14+",18.4575474492439
1996,"work","female","14-17",3.50031832127356
1996,"work","female","18-24",19.6045796795717
1996,"work","female","25-54",25.8189364776585
1996,"work","female","55-64",15.9053276038398
1996,"work","female","65+",1.99460134602113
1996,"work","male","10-13",0
1996,"work","male","14+",27.6009878183205
1996,"work","male","14-17",3.49637074710429
1996,"work","male","18-24",25.6245609671632
1996,"work","male","25-54",36.958438531611
1996,"work","male","55-64",25.5441255988144
1996,"work","male","65+",4.91083314601415
1997,"work","all","10-13",0
1997,"work","all","14+",23.2190081048851
1997,"work","all","14-17",3.50668599924959
1997,"work","all","18-24",22.6782579935755
1997,"work","all","25-54",31.8153055704074
1997,"work","all","55-64",21.1885687594277
1997,"work","all","65+",3.1590769743268
1997,"work","female","10-13",0
1997,"work","female","14+",18.8500048878454
1997,"work","female","14-17",3.48071424361694
1997,"work","female","18-24",20.0534910848869
1997,"work","female","25-54",26.2232609924247
1997,"work","female","55-64",16.9739441332505
1997,"work","female","65+",2.01304339147829
1997,"work","male","10-13",0
1997,"work","male","14+",27.9245666887926
1997,"work","male","14-17",3.53132386099374
1997,"work","male","18-24",25.2530310084339
1997,"work","male","25-54",37.5953370740073
1997,"work","male","55-64",25.8468288815962
1997,"work","male","65+",4.77062899186274
1998,"work","all","10-13",0
1998,"work","all","14+",23.1663969018947
1998,"work","all","14-17",3.88723990677908
1998,"work","all","18-24",22.5955058688601
1998,"work","all","25-54",31.6991696685269
1998,"work","all","55-64",21.2686009660533
1998,"work","all","65+",3.04534212879786
1998,"work","female","10-13",0
1998,"work","female","14+",18.8659953553328
1998,"work","female","14-17",3.74475725437958
1998,"work","female","18-24",20.0038827677394
1998,"work","female","25-54",26.1091044763088
1998,"work","female","55-64",17.2356045115431
1998,"work","female","65+",2.17510607249317
1998,"work","male","10-13",0
1998,"work","male","14+",27.7937230005962
1998,"work","male","14-17",4.02240902012508
1998,"work","male","18-24",25.1366824715019
1998,"work","male","25-54",37.4779979004243
1998,"work","male","55-64",25.715973110475
1998,"work","male","65+",4.26388110059032
1999,"work","all","10-13",0
1999,"work","all","14+",23.4176105726446
1999,"work","all","14-17",3.55160903710406
1999,"work","all","18-24",22.8663768350597
1999,"work","all","25-54",32.0366292561823
1999,"work","all","55-64",21.5773511392934
1999,"work","all","65+",3.19686690039207
1999,"work","female","10-13",0
1999,"work","female","14+",19.1696001714849
1999,"work","female","14-17",3.27092037741257
1999,"work","female","18-24",20.4114861891747
1999,"work","female","25-54",26.6978228255574
1999,"work","female","55-64",16.7649100791459
1999,"work","female","65+",2.23954461067979
1999,"work","male","10-13",0
1999,"work","male","14+",27.983576434326
1999,"work","male","14-17",3.81789858542476
1999,"work","male","18-24",25.2724608700256
1999,"work","male","25-54",37.5566818323627
1999,"work","male","55-64",26.872150118894
1999,"work","male","65+",4.5316754387068
2000,"work","all","10-13",0
2000,"work","all","14+",23.4972408031171
2000,"work","all","14-17",3.87427069790648
2000,"work","all","18-24",22.5689180028373
2000,"work","all","25-54",32.1141878820052
2000,"work","all","55-64",21.4581618067697
2000,"work","all","65+",3.6305990139928
2000,"work","female","10-13",0
2000,"work","female","14+",19.30191565554
2000,"work","female","14-17",3.62644639873357
2000,"work","female","18-24",20.0085324421114
2000,"work","female","25-54",26.7707912384747
2000,"work","female","55-64",17.5609159108169
2000,"work","female","65+",2.3822295982449
2000,"work","male","10-13",0
2000,"work","male","14+",28.0024488945658
2000,"work","male","14-17",4.10938926913902
2000,"work","male","18-24",25.0773392745302
2000,"work","male","25-54",37.6398806842165
2000,"work","male","55-64",25.7362319181926
2000,"work","male","65+",5.36386591981225
2001,"work","all","10-13",0
2001,"work","all","14+",22.9363801372294
2001,"work","all","14-17",3.49369974014929
2001,"work","all","18-24",22.1535570283704
2001,"work","all","25-54",31.3103265900164
2001,"work","all","55-64",21.157240261419
2001,"work","all","65+",3.49820124777001
2001,"work","female","10-13",0
2001,"work","female","14+",19.0298986615183
2001,"work","female","14-17",3.34316720701683
2001,"work","female","18-24",20.2533404388522
2001,"work","female","25-54",26.3340742819775
2001,"work","female","55-64",17.2969415425234
2001,"work","female","65+",2.21878845529779
2001,"work","male","10-13",0
2001,"work","male","14+",27.1313280503049
2001,"work","male","14-17",3.63651460629535
2001,"work","male","18-24",24.0152077840558
2001,"work","male","25-54",36.4571565920872
2001,"work","male","55-64",25.3947528565624
2001,"work","male","65+",5.27456954396507
2002,"work","all","10-13",0
2002,"work","all","14+",22.5540351954948
2002,"work","all","14-17",3.08893163019166
2002,"work","all","18-24",21.1125014208203
2002,"work","all","25-54",30.814408566223
2002,"work","all","55-64",21.7162790482228
2002,"work","all","65+",3.60230006777823
2002,"work","female","10-13",0
2002,"work","female","14+",18.6812257566107
2002,"work","female","14-17",3.10184844475324
2002,"work","female","18-24",18.9460406376743
2002,"work","female","25-54",25.8899032586428
2002,"work","female","55-64",17.790245209965
2002,"work","female","65+",2.3986255348013
2002,"work","male","10-13",0
2002,"work","male","14+",26.7134267087446
2002,"work","male","14-17",3.07667704904393
2002,"work","male","18-24",23.2349928127775
2002,"work","male","25-54",35.9079809635946
2002,"work","male","55-64",26.0259501514311
2002,"work","male","65+",5.27351149531602
2003,"work","all","10-13",0
2003,"work","all","14+",22.7296146155825
2003,"work","all","14-17",2.85121075144996
2003,"work","all","18-24",20.6908631338076
2003,"work","all","25-54",31.034687970767
2003,"work","all","55-64",22.6219222358421
2003,"work","all","65+",3.92474739054801
2003,"work","female","10-13",0
2003,"work","female","14+",18.7997703617647
2003,"work","female","14-17",2.93100113870569
2003,"work","female","18-24",18.1670570307207
2003,"work","female","25-54",26.0221558266411
2003,"work","female","55-64",18.8278131294185
2003,"work","female","65+",2.71339760730355
2003,"work","male","10-13",0
2003,"work","male","14+",26.9513364969566
2003,"work","male","14-17",2.77551114526821
2003,"work","male","18-24",23.1634473460138
2003,"work","male","25-54",36.2196917545677
2003,"work","male","55-64",26.7867774184529
2003,"work","male","65+",5.60661532497775
2004,"work","all","10-13",0
2004,"work","all","14+",22.7725900784941
2004,"work","all","14-17",2.74775279408116
2004,"work","all","18-24",20.6921189646453
2004,"work","all","25-54",31.0902046758295
2004,"work","all","55-64",22.8464046941885
2004,"work","all","65+",4.10069193633063
2004,"work","female","10-13",0
2004,"work","female","14+",18.8383824462469
2004,"work","female","14-17",2.90587936586742
2004,"work","female","18-24",17.9417769286845
2004,"work","female","25-54",26.0980132593997
2004,"work","female","55-64",18.9427312469235
2004,"work","female","65+",2.9438193263612
2004,"work","male","10-13",0
2004,"work","male","14+",26.9994212312282
2004,"work","male","14-17",2.59773322878283
2004,"work","male","18-24",23.3866414511255
2004,"work","male","25-54",36.2544761065497
2004,"work","male","55-64",27.1315304330704
2004,"work","male","65+",5.70692241892193
2005,"work","all","10-13",0
2005,"work","all","14+",22.9523401180833
2005,"work","all","14-17",2.86757240794844
2005,"work","all","18-24",20.9145472162717
2005,"work","all","25-54",31.3406755157903
2005,"work","all","55-64",23.1393876735778
2005,"work","all","65+",4.14935790180603
2005,"work","female","10-13",0
2005,"work","female","14+",18.9089342331213
2005,"work","female","14-17",2.88148102672467
2005,"work","female","18-24",18.2924367708334
2005,"work","female","25-54",26.111075634345
2005,"work","female","55-64",19.3729682400089
2005,"work","female","65+",2.93140209476127
2005,"work","male","10-13",0
2005,"work","male","14+",27.2976764510755
2005,"work","male","14-17",2.85437687149217
2005,"work","male","18-24",23.4834406356678
2005,"work","male","25-54",36.7509128088902
2005,"work","male","55-64",27.2738474526148
2005,"work","male","65+",5.84039780271272
