"date","price","dividend","earnings","cpi","gs10","real_price","real_dividend","real_tr_price","real_earnings","real_tr_earnings","cape","tr_cape","ecy","bond_return","real_bond_return","stock_real_return_10y","bond_real_return_10y","excess_return_10y"
1871-01-01,4.44,0.26,0.4,12.46406116,5.32,109.05001849333,6.38581189375358,109.05001849333,9.82432599039012,9.82432599039012,,,,1.00417693570978,1,0.130609445964257,0.0925036763520992,0.0381057696121576
1871-02-01,4.5,0.26,0.4,12.84464132,5.32333333333333,107.248907593474,6.19660354984517,107.765291222628,9.53323623053104,9.57913699756693,,,,1.00417975234114,0.974423686137471,0.130858481713951,0.0946346343445095,0.0362238473694418
1871-03-01,4.61,0.26,0.4,13.0349719,5.32666666666667,108.266269066526,6.10612363498843,109.298844726899,9.39403636152066,9.48363077890664,,,,1.00418256896423,0.964208985788574,0.130950872929352,0.0961859956344644,0.0347648772948872
1871-04-01,4.74,0.26,0.4,12.55922645,5.33,115.536124440212,6.33742454735339,117.171190990929,9.74988391900522,9.88786421864382,,,,1.00418538557904,1.00491900838009,0.122056037619699,0.0909719062390226,0.0310841313806762
1871-05-01,4.86,0.26,0.4,12.27381157,5.33333333333333,121.215780567829,6.48479484519249,123.479272880482,9.9766074541423,10.1629031177351,,,,1.00418820218557,1.03259114675392,0.122638098902247,0.0894884371904101,0.0331496617118372
1871-06-01,4.82,0.26,0.4,12.08348099,5.33666666666667,122.111711949654,6.586938818861,124.951095741042,10.1337520290169,10.3693855386757,,,,1.00419101878384,1.05324862377365,0.123092799941121,0.0877249110195437,0.0353678889215769
1871-07-01,4.73,0.26,0.4,12.08348099,5.34,119.831617743125,6.586938818861,123.179659044851,10.1337520290169,10.4168844858225,,,,1.00419383537384,1.05766280853994,0.120021815665607,0.0865808561499855,0.033440959515622
1871-08-01,4.79,0.26,0.4,11.8932314,5.34333333333333,123.292877745572,6.69230651646112,127.310898967454,10.295856179171,10.6313903104346,,,,1.00419665195557,1.07908828704199,0.111933010280066,0.0826686109451895,0.0292643993348769
1871-09-01,4.84,0.26,0.4,12.17864628,5.34666666666667,121.66024580525,6.53546774986883,126.187431932396,10.054565769029,10.4287133828426,,,,1.00419946852904,1.05822154534782,0.110028205440536,0.0810479047842332,0.0289803006563032
1871-10-01,4.59,0.26,0.4,12.36889587,5.35,113.60150815143,6.43494381685663,118.385014772243,9.89991356439481,10.31677688647,,,,1.00420228509425,1.04632034564527,0.114765257679102,0.0816526521247267,0.0331126055543749
1871-11-01,4.64,0.26,0.4,12.36889587,5.35333333333333,114.83899734698,6.43494381685663,120.233437297736,9.89991356439481,10.3649514911841,,,,1.00420510165119,1.05071728203758,0.115269919346064,0.0825932502290196,0.0326766691170441
1871-12-01,4.74,0.26,0.4,12.65439174,5.35666666666667,114.667253852535,6.28976497925297,120.602394669178,9.67656150654302,10.1774172716606,,,,1.00420791819988,1.03133072799969,0.112135173955724,0.0849991777472159,0.0271359962085085
1872-01-01,4.86,0.2633,0.4025,12.65439174,5.36,117.570222304498,6.36959661168194,124.213893593932,9.73704001595892,10.287261763695,,,,1.00305999988575,1.03567048334013,0.107684464010011,0.0849309891814114,0.0227534748286
1872-02-01,4.88,0.2667,0.405,12.65439174,5.37833333333333,118.054050379825,6.45184738448756,125.293097638583,9.79751852537481,10.3983001113988,,,,1.00307644830038,1.03883963490083,0.10375207603566,0.0839098290029967,0.0198422470326629
1872-03-01,5.04,0.27,0.4075,12.84464132,5.39666666666667,120.118776504691,6.43493445560845,128.053559225162,9.71198440985349,10.35353678259,,,,1.0030928953451,1.02660136613487,0.101665922925352,0.0855145884981554,0.0161513344271966
1872-04-01,5.18,0.2733,0.41,13.13013719,5.415,120.771049613077,6.37195518518417,129.31499277659,9.55909852149839,10.2353565711201,,,,1.00310934102175,1.00738553318489,0.100078667932763,0.086885497930643,0.0131931700021199
1872-05-01,5.18,0.2767,0.4125,13.13013719,5.43333333333333,120.771049613077,6.45122575828928,129.890627565864,9.61738570760508,10.3436069248878,,,,1.00312578533219,1.01051783834794,0.0977606637227217,0.0858766808572906,0.0118839828654311
1872-06-01,5.13,0.28,0.415,13.0349719,5.45166666666667,120.478516336502,6.57582545306446,130.165369267621,9.74631272507768,10.5299470265229,,,,1.00314222827825,1.02107711591673,0.0964717056225486,0.0840863420054729,0.0123853636170757
1872-07-01,5.1,0.2833,0.4175,12.84464132,5.47,121.548761939271,6.75191456027361,131.929565144374,9.95031531561677,10.800116362309,,,,1.0031586698618,1.03946333205989,0.102500401470314,0.0834525206698147,0.0190478808004992
1872-08-01,5.04,0.2867,0.42,12.93980661,5.48833333333333,119.235367768761,6.78269443240157,130.032094071898,9.93628064739678,10.8360078393249,,,,1.00317511008466,1.03507781501533,0.106841717944851,0.0832492176826727,0.023592500262178
1872-09-01,4.95,0.29,0.4225,13.0349719,5.50666666666667,116.251199973818,6.81067636210247,127.396659210013,9.92245090685619,10.8737552558041,,,,1.00319154894868,1.03078344541586,0.113703060848039,0.0869931171352329,0.0267099437128062
1872-10-01,4.97,0.2933,0.425,12.74947603,5.525,119.334604137453,7.0424224131821,131.418815370369,10.2046693678909,11.2380274713092,,,,1.00320798645569,1.05722898810543,0.10870071962282,0.0855723327022044,0.0231283869206154
1872-11-01,4.95,0.2967,0.4275,13.13013719,5.54333333333333,115.408628491261,6.91752324714286,127.730117143166,9.96710882424527,11.031237389637,,,,1.00322442260753,1.02987168121781,0.108552457836064,0.0897661676855337,0.0187862901505307
1872-12-01,5.07,0.3,0.43,12.93980661,5.56166666666667,119.945102100718,7.09734331956913,133.405513242949,10.1728587580491,11.3144715373704,,,,1.00324085740603,1.0483895674211,0.105862474834387,0.0891780202856411,0.0166844545487461
1873-01-01,5.11,0.3025,0.4325,12.93980661,5.58,120.891414543328,7.15648784723221,135.121322153413,10.2320032857122,11.4363937047654,,,,1.00534722157875,1.05178724851508,0.10438833573956,0.0891469811249552,0.0152413546146051
1873-02-01,5.15,0.305,0.435,13.22522149,5.57083333333333,119.208334332403,7.05991106240444,133.897706336447,10.0690534824457,11.3098062633698,,,,1.00533987202957,1.03459128288355,0.102369554955617,0.0902477189710196,0.0121218359845978
1873-03-01,5.11,0.3075,0.4375,13.22522149,5.56166666666667,118.282444357006,7.11777918586678,133.523962738663,10.126921605908,11.4318461248855,,,,1.00533252264955,1.04011586793705,0.105590904832944,0.0910368868526235,0.0145540179803201
1873-04-01,5.04,0.31,0.44,13.22522149,5.5525,116.66213690006,7.17564730932911,132.369890653675,10.1847897293703,11.5561015650033,,,,1.00532517343882,1.04566230936099,0.110409163058183,0.0918381333221061,0.018571029736077
1873-05-01,5.05,0.3125,0.4425,12.93980661,5.54333333333333,119.471945879414,7.39306595788451,136.257062022565,10.4685813963645,11.9393564247495,,,,1.00531782439748,1.07441776398846,0.106884735600519,0.0902695189996179,0.0166152166009015
1873-06-01,4.98,0.315,0.445,12.55922645,5.53416666666667,121.386054791615,7.67803358621661,139.169821547436,10.8467458598933,12.4358575479134,,,,1.00531047552566,1.11286236983908,0.109286588727363,0.0899955425433214,0.0192910461840414
1873-07-01,4.97,0.3175,0.4475,12.55922645,5.525,121.14230769364,7.73897036071039,139.629761971726,10.9076826343871,12.5722974813577,,,,1.00530312682346,1.11877219821753,0.109957881139774,0.0919589237834864,0.017998957356288
1873-08-01,4.97,0.32,0.45,12.55922645,5.51583333333333,121.14230769364,7.79990713520417,140.378949158697,10.9686194088809,12.7103676300631,,,,1.005295778291,1.12470518907124,0.104772841158715,0.0917183137461555,0.0130545274125597
1873-09-01,4.59,0.3225,0.4525,12.55922645,5.50666666666667,111.879917970585,7.86084390969796,130.404841226773,11.0295561833747,12.8558149575413,,,,1.0052884299284,1.1306613783953,0.115852859028846,0.0925987633302559,0.0232540956985905
1873-10-01,4.19,0.325,0.455,12.27381157,5.4975,104.504963082141,8.10599355649062,122.596099167405,11.3483909790869,13.3129415563649,,,,1.00528108173577,1.16307221612055,0.120249190335659,0.0898512573985164,0.0303979329371422
1873-11-01,4.04,0.3275,0.4575,11.8932314,5.48833333333333,103.988147409627,8.42973224669622,122.813901634348,11.7758855049268,13.9077623756718,,,,1.00527373371322,1.20662904140564,0.123429980342914,0.0873120173712854,0.0361179629716284
1873-12-01,4.42,0.33,0.46,12.17864628,5.47916666666667,111.10295174777,8.2950167594489,132.033146183297,11.5627506343833,13.7410061638726,,,,1.00526638586087,1.18456517573235,0.112271081289678,0.0885284553282208,0.023742625961457
1874-01-01,4.66,0.33,0.46,12.36889587,5.47,115.3339930252,8.16742869062572,137.870092518293,11.384900599054,13.6094941112478,,,,1.00710914566031,1.17248745673691,0.104687798141983,0.0899804526465668,0.0147073454954163
1874-02-01,4.8,0.33,0.46,12.36889587,5.43666666666667,118.798962772738,8.16742869062572,142.825723526193,11.384900599054,13.6874651712602,,,,1.00708522973316,1.18082284085175,0.104296740652008,0.0896120503688496,0.0146846902831588
1874-03-01,4.73,0.33,0.46,12.36889587,5.40333333333333,117.066477898969,8.16742869062572,141.561120765805,11.384900599054,13.7670434571396,,,,1.00706132203586,1.18918924195334,0.10542636932176,0.0892456350907074,0.0161807342310529
1874-04-01,4.6,0.33,0.46,12.17864628,5.37,115.627506343833,8.2950167594489,140.656949857461,11.5627506343833,14.0656949857461,,,,1.00703742258871,1.21629467277813,0.103902723998503,0.089461596274409,0.0144411277240941
1874-05-01,4.48,0.33,0.46,12.08348099,5.33666666666667,113.49802272499,8.36034542393897,138.914011522862,11.6538148333695,14.2634922545795,,,,1.00701353141202,1.23450077810109,0.098946329803004,0.0905633627315954,0.00838296707140862
1874-06-01,4.46,0.33,0.46,11.79806612,5.30333333333333,115.724783715655,8.56259610452158,142.512755711852,11.9357400244846,14.6986250285766,,,,1.00698964852618,1.2732330745821,0.0922267271312596,0.087599342363323,0.00462738476793656
1874-07-01,4.46,0.33,0.46,11.8932314,5.27,114.798796397756,8.49408134781604,142.244111792891,11.8402346060466,14.6709173598049,,,,1.00696577395162,1.27187337156166,0.0942624000137937,0.0892910819350292,0.0049713180787645
1874-08-01,4.47,0.33,0.46,11.79806612,5.23666666666667,115.984256324883,8.56259610452158,144.597123694326,11.9357400244846,14.8802409170895,,,,1.00694190770884,1.29106357161932,0.0997511576898422,0.0880595934591231,0.0116915642307192
1874-09-01,4.54,0.33,0.46,11.79806612,5.20333333333333,117.800564589479,8.56259610452158,147.751087801753,11.9357400244846,14.9703745349794,,,,1.00691804981839,1.30002601577975,0.095678558811523,0.0888944957666433,0.00678406304487966
1874-10-01,4.53,0.33,0.46,11.60773554,5.17,119.468398484895,8.70299591611819,150.752607358961,12.1314488527708,15.3082117847952,,,,1.00689420030087,1.33048349128911,0.0916951802633048,0.0879741523028825,0.00372102796042229
1874-11-01,4.57,0.33,0.46,11.51265124,5.13666666666667,121.518722823745,8.77487495226165,154.262556588405,12.2316438728496,15.5275221073668,,,,1.00687035917692,1.35072048362887,0.0900509027579262,0.0891733104119115,0.000877592346014699
1874-12-01,4.54,0.33,0.46,11.51265124,5.10333333333333,120.721006918994,8.77487495226165,154.1781678813,12.2316438728496,15.6215764813652,,,,1.00684652646727,1.36000041849903,0.0917539609100748,0.0900691107993006,0.00168485011077424
1875-01-01,4.54,0.3275,0.4517,11.51265124,5.07,120.721006918994,8.70839862686572,155.104991485946,12.0109424725351,15.4319217300004,,,,1.00734319268884,1.36931169735979,0.0892083982740628,0.0897211292829476,-0.000512731008884826
1875-02-01,4.53,0.325,0.4433,11.51265124,5.03,120.45510161741,8.6419223014698,155.688628109562,11.7875820192048,15.2354898103684,,,,1.00731556823593,1.37936681700458,0.091463780582804,0.0881121174728867,0.0033516631099173
1875-03-01,4.59,0.3225,0.435,11.51265124,4.99,122.050533426912,8.57544597607388,158.674378565858,11.5668806188903,15.0377679033002,,,,1.00728795844534,1.38945766907676,0.0927561252995353,0.0902541770867007,0.00250194821283456
1875-04-01,4.65,0.32,0.4267,11.60773554,4.95,122.633124272575,8.43926876714491,160.346092283634,11.2532374466898,14.7139091564359,,,,1.00726036336053,1.38811934281609,0.0906952748410592,0.0895296229590257,0.00116565188203355
1875-05-01,4.47,0.3175,0.4183,11.32232066,4.91,120.857725734116,8.58441340505189,158.960073699949,11.30979567664,14.8753912368431,,,,1.00723278302511,1.43344358342461,0.0935165790382042,0.0889925868342112,0.00452399220399302
1875-06-01,4.38,0.315,0.41,11.13207107,4.87,120.448247371816,8.6623739548224,159.37094460267,11.2748359411974,14.918284768743,,,,1.00720521748283,1.46848642980393,0.0959144440650688,0.0893836040613971,0.00653084000367166
1875-07-01,4.39,0.3125,0.4017,11.13207107,4.83,120.723243370382,8.59362495518096,160.682358863336,11.0465892623878,14.7029848645563,,,,1.00717766677758,1.47906719390125,0.0982600602668247,0.0877254448287126,0.0105346154381121
1875-08-01,4.41,0.31,0.3933,11.22715537,4.79,120.24615590583,8.45267762603342,160.984897751159,10.7239939042547,14.3572245545421,,,,1.00715013095338,1.47706711442419,0.104571793388803,0.0882983621547966,0.0162734312340067
1875-09-01,4.37,0.3075,0.385,11.13207107,4.75,120.173251373251,8.45612695589806,161.830711614879,10.5873459447829,14.2573967898692,,,,1.00712261005443,1.50033487707413,0.104408191455892,0.0883254073668409,0.0160827840890507
1875-10-01,4.3,0.305,0.3767,11.13207107,4.71,118.24827938329,8.38737795625661,160.179692722546,10.3590992659733,14.0324861043216,,,,1.00709510412502,1.51102117735459,0.112271830269034,0.0879767277365813,0.0242951025324529
1875-11-01,4.37,0.3025,0.3683,11.03690579,4.67,121.209440440462,8.39035600302972,165.138030595741,10.2154317881516,13.9176971781262,,,,1.00706761320961,1.53486318990603,0.114995037593376,0.0853960787434627,0.0295989588499135
1875-12-01,4.37,0.3,0.36,10.9417405,4.63,122.263654032007,8.39338586032085,167.527253383995,10.072063032385,13.80087213232,,,,1.00704013735281,1.55915476041404,0.110353208861482,0.081565062593568,0.0287881462679136
1876-01-01,4.46,0.3,0.3533,10.84657521,4.59,125.876474699704,8.46702744616842,173.444390003115,9.97133598910434,13.7394401318611,,,,1.00475352529383,1.58390738648618,0.109535182079151,0.0828249702169059,0.0267102118622455
1876-02-01,4.52,0.3,0.3467,10.84657521,4.57833333333333,127.569880188938,8.46702744616842,176.749944521111,9.78506138528864,13.5573464082897,,,,1.00474430256816,1.59143653031092,0.109966211808318,0.0825015431114164,0.0274646686969013
1876-03-01,4.51,0.3,0.34,10.84657521,4.56666666666667,127.287645940732,8.46702744616842,177.336504071513,9.59596443899088,13.3690490874311,,,,1.00473508021788,1.59898678672874,0.10901821433351,0.0834771509396248,0.0255410633938851
1876-04-01,4.34,0.3,0.3333,10.75149091,4.555,123.572940824818,8.54190835194595,173.152907662443,9.49006017901195,13.2976645446756,,,,1.00472585824331,1.62076623566189,0.111928381922991,0.0835172308588839,0.0284111510641074
1876-05-01,4.18,0.3,0.3267,10.37091074,4.54333333333333,123.384819528396,8.85536982261213,173.923335254951,9.6434977368246,13.593481729137,,,,1.00471663664479,1.68818390755481,0.112414102493129,0.0819717346779147,0.0304423678152146
1876-06-01,4.15,0.3,0.32,10.08541488,4.53166666666667,125.966967161593,9.10604581891032,178.632789943338,9.71311554017101,13.7740946462333,,,,1.00470741542264,1.74416062436824,0.116236667505724,0.0799998176030119,0.0362368499027117
1876-07-01,4.1,0.3,0.3133,10.08541488,4.52,124.449292858441,9.10604581891032,177.556688799101,9.50974718354868,13.5679294148191,,,,1.00469819457718,1.75237111299095,0.117593640955151,0.0783308239463563,0.0392628170087943
1876-08-01,3.93,0.3,0.3067,10.18058017,4.50833333333333,118.174117281176,9.02092498329591,169.676191901306,9.22239230792286,13.2416509048678,,,,1.00468897410874,1.74414644601554,0.122517918654125,0.0776951850706702,0.0448227335834552
1876-09-01,3.69,0.3,0.3,10.27574545,4.49666666666667,109.929783731651,8.93738079119116,158.908221532339,8.93738079119116,12.9193676042552,,,,1.00467975401765,1.73609615137835,0.133198531753542,0.0783914207057821,0.0548071110477601
1876-10-01,3.67,0.3,0.2933,10.46599504,4.485,107.346498895341,8.77491816583165,156.23101581301,8.57894499346141,12.4857103373177,,,,1.00467053430424,1.71251442255624,0.138351540004681,0.0800663118999938,0.0582852281046873
1876-11-01,3.6,0.3,0.2867,10.56116033,4.47333333333333,104.35018175697,8.69584847974749,152.924860166586,8.31033253047868,12.1787659471556,,,,1.00466131496882,1.70500945522802,0.143949054082382,0.0807411445388997,0.0632079095434819
1876-12-01,3.58,0.3,0.28,10.75149091,4.46166666666667,101.933439666555,8.54190835194595,150.426310601819,7.97244779514956,11.7651863040529,,,,1.00465209601174,1.68263305091903,0.14180043980962,0.0810443702133368,0.0607560695962834
1877-01-01,3.55,0.2908,0.2817,10.9417405,4.45,99.3217326804634,8.13598869393768,147.572678365119,7.88138932284128,11.7102038015364,,,,1.00444253316108,1.66106792198699,0.140394291144626,0.0800370700332196,0.0603572211114063
1877-02-01,3.34,0.2817,0.2833,10.65632562,4.44083333333333,95.9491936020626,8.09248138853324,143.563731704091,8.13844507409112,12.1771273029249,,,,1.00443520535389,1.71313431398715,0.141751178082801,0.0756382373901012,0.0661129406926995
1877-03-01,3.17,0.2725,0.285,10.18058017,4.43166666666667,95.3211073234935,8.19400685982712,143.645647697913,8.56987873413112,12.914514067478,,,,1.00442787773061,1.801143415069,0.144719270442955,0.0704662460385059,0.0742530244044493
1877-04-01,2.94,0.2633,0.2867,10.46599504,4.4225,85.9941980251502,7.70145317687825,130.557466674212,8.38589679381312,12.7315733658151,,,,1.00442055029138,1.75978275006458,0.158712903536029,0.0731608306140485,0.0855520729219801
1877-05-01,2.94,0.2542,0.2883,10.65632562,4.41333333333333,84.458272212594,7.30248054300728,129.149498006677,8.28208159145947,12.6645579167772,,,,1.00441322303632,1.73599187442541,0.162335570573794,0.0748289099685031,0.0875066606052912
1877-06-01,2.73,0.245,0.29,10.08541488,4.40416666666667,82.865016952084,7.43660408544343,127.66081047588,8.80251095827998,13.5610384754598,,,,1.00440589596555,1.84235714862551,0.162057076779695,0.0699280558285926,0.0921290209511025
1877-07-01,2.85,0.2358,0.2917,10.18058017,4.395,85.6987873413112,7.09044703687059,132.936769603373,8.77134605875806,13.6061949801067,,,,1.00439856907921,1.83317665213832,0.156293308737833,0.0719535476124142,0.0843397611254191
1877-08-01,3.05,0.2267,0.2933,9.8,4.38583333333333,95.274375,7.08154125,148.705924575779,9.16195875,14.300146779697,,,,1.00439124237742,1.91274403021591,0.139559891893811,0.0663393644506509,0.0732205274431597
1877-09-01,3.24,0.2175,0.295,9.704834711,4.37666666666667,102.201957017957,6.86077952203878,160.410985556056,9.3054250988572,14.605321215752,,,,1.0043839158603,1.93998202119548,0.13127468006042,0.0663180287047538,0.0649566513556665
1877-10-01,3.31,0.2083,0.2967,9.704834711,4.3675,104.410023990567,6.57057643421002,164.736058502517,9.35904958247774,14.7665222228691,,,,1.00437658952798,1.9484867391469,0.123530343046491,0.0647863194055616,0.0587440236409296
1877-11-01,3.26,0.1992,0.2983,9.514585124,4.35833333333333,104.889034781208,6.40917046883946,166.334520668254,9.59766842798599,15.2201188697362,,,,1.00436926338059,1.99614609256736,0.123692240549149,0.0611707005987732,0.0625215399503758
1877-12-01,3.25,0.19,0.3,9.514585124,4.34916666666667,104.567289275744,6.11316460381273,166.632154013008,9.65236516391484,15.3814296012007,,,,1.00436193741825,2.00486778059192,0.120687409055778,0.0584554306463563,0.0622319784094221
1878-01-01,3.25,0.1892,0.3008,9.229089256,4.34,107.802010296215,6.27573549170581,172.620197493836,9.97749067603123,15.976663201891,,,,1.00442172861027,2.07590269222345,0.116739978924576,0.0537830763528895,0.0629569025716863
1878-02-01,3.18,0.1883,0.3017,9.134004959,4.33,106.578160880107,6.31090179047931,171.502605145971,10.1115192256379,16.2711748341319,,,,1.00441376815637,2.10678731321482,0.118544600935931,0.0539131360189384,0.0646314649169928
1878-03-01,3.24,0.1875,0.3025,8.94367438,4.32,110.899956534419,6.41782155870482,179.3177331841,10.3540854480438,16.7418562617871,,,,1.00440580794325,2.16111867190481,0.109724635592951,0.0517122841104474,0.0580123514825037
1878-04-01,3.33,0.1867,0.3033,8.848509091,4.31,115.20636578617,6.4591677153988,187.151242307246,10.4931203432269,17.0459374750113,,,,1.00439784797107,2.19398527591316,0.107142242253897,0.0518188227144183,0.0553234195394789
1878-05-01,3.34,0.1858,0.3042,8.563094215,4.3,119.403783764161,6.64228234232969,194.869084971637,10.8750392278616,17.7482561821473,,,,1.00438988824002,2.27708300125582,0.105903382865702,0.0496173997238853,0.0562859831418163
1878-06-01,3.41,0.185,0.305,8.372844628,4.29,124.676238647623,6.7639601612347,204.393733047763,11.1513937793329,18.2815509030991,,,,1.00438192875027,2.33904664817127,0.0989209435079292,0.0485161200255033,0.0504048234824259
1878-07-01,3.48,0.1842,0.3058,8.467928926,4.28,125.806877845777,6.659088189423,207.157038721097,11.0550986336892,18.2036271381929,,,,1.00437396950201,2.322916513007,0.0993836177164569,0.0484727886746092,0.0509108290418476
1878-08-01,3.45,0.1833,0.3067,8.563094215,4.27,123.33624370849,6.55290825268585,203.988008250872,10.9644133175055,18.134238298708,,,,1.00436601049541,2.30714840852493,0.103827602995406,0.0496581283649129,0.0541694746304935
1878-09-01,3.52,0.1825,0.3075,8.563094215,4.26,125.838718218517,6.52430854399983,209.026117874942,10.9930130261915,18.260094104132,,,,1.00435805173065,2.31722144269102,0.104235621329543,0.0496704511052914,0.0545651702242518
1878-10-01,3.48,0.1817,0.3083,8.467928926,4.25,125.806877845777,6.56870968522345,209.882482718496,11.1454771378888,18.5938992592277,,,,1.00435009320793,2.35347517901386,0.102277619246036,0.0472842548763064,0.05499336436973
1878-11-01,3.47,0.1808,0.3092,8.372844628,4.24,126.869955456673,6.61039998460127,212.575011437713,11.3049539559663,18.9418425177351,,,,1.0043421349274,2.39055598248844,0.0977228105293924,0.0449043884329987,0.0528184220963936
1878-12-01,3.45,0.18,0.31,8.18251405,4.23,129.072784787947,6.73423224980591,217.206215042774,11.5978444302213,19.5170801922492,,,,1.00433417688926,2.45678342827335,0.0936579450651724,0.0425148420798547,0.0511431029853178
1879-01-01,3.58,0.1817,0.3158,8.277679339,4.22,132.396581833816,6.71968126234758,223.741900225338,11.6790057383014,19.7367855003246,,,,1.00486633820061,2.43906445254984,0.0967632432451229,0.0473999370532325,0.0493633061918903
1879-02-01,3.71,0.1833,0.3217,8.372844628,4.20333333333333,135.644822692869,6.70180485164498,230.175025485076,11.7619782911849,19.9588425063474,,,,1.00485349382127,2.42307658743878,0.096609408759285,0.049668133462528,0.0469412752967571
1879-03-01,3.65,0.185,0.3275,8.277679339,4.18666666666667,134.985341813807,6.84172280426143,230.023429444273,12.1116984778142,20.6390885323286,,,,1.00484065056771,2.46282935695414,0.0961109712476935,0.0495555040870455,0.0465554671606481
1879-04-01,3.77,0.1867,0.3333,8.18251405,4.17,141.044753232046,6.98489533910424,241.340935276093,12.4695533825573,21.3365871956291,,,,1.00482780844132,2.50353320968591,0.0910457803507627,0.0481588138339275,0.0428869665168352
1879-05-01,3.94,0.1883,0.3392,8.18251405,4.15333333333333,147.404861467974,7.04475518132474,253.228203314902,12.6902865507454,21.8007630874149,,,,1.00481496744349,2.51561978844875,0.0917891406454241,0.0505671100866898,0.0412220305587343
1879-06-01,3.96,0.19,0.345,8.087381157,4.13666666666667,149.895853362955,7.19197276236402,258.537098304209,13.0591084369241,22.5240653825636,,,,1.00480212757562,2.55746645368257,0.0917331852305767,0.0491575524913941,0.0425756327391826
1879-07-01,4.04,0.1917,0.3508,8.18251405,4.12,151.146101606755,7.1719573460433,261.724335503753,13.124270406844,22.7259645779001,,,,1.00478928883912,2.53987090936817,0.0885417107364515,0.0502044585247676,0.0383372522116838
1879-08-01,4.07,0.1933,0.3567,8.18251405,4.10333333333333,152.268473648389,7.23181718826379,264.711383251984,13.3450035750321,23.1996438343937,,,,1.00477645123539,2.55203508476721,0.0891113868937272,0.0500248689875902,0.039086517906137
1879-09-01,4.22,0.195,0.3625,8.467928926,4.08666666666667,152.558915088844,7.04952332756506,266.23757296478,13.1048831089351,22.8699336966191,,,,1.00476361476584,2.47779655165644,0.0901045515576382,0.0521443945279971,0.0379601570296411
1879-10-01,4.68,0.1967,0.3683,8.94367438,4.07,160.188826105272,6.73272266985194,280.53201325759,12.6063129603786,22.0769103595663,,,,1.00475077943188,2.35716926101545,0.0828000898350307,0.057732581236855,0.0250675085981757
1879-11-01,4.93,0.1983,0.3742,9.419419835,4.05333333333333,160.223092444844,6.44467327217292,281.532546439437,12.1613552115336,21.3690626526648,,,,1.00473794523491,2.24874880459364,0.0817795715430025,0.0630503238603335,0.018729247682669
1879-12-01,4.92,0.2,0.38,9.704834711,4.03666666666667,155.195564360601,6.30876277888624,273.622309571092,11.9866492798839,21.1334304140275,,,,1.00472511217634,2.19295520768191,0.0833000772847068,0.0647432862239474,0.0185567910607594
1880-01-01,5.11,0.205,0.3892,9.990330579,4.02,156.582558768199,6.28168777837196,276.99061958143,11.9260140650847,21.0968197927774,,,,1.0055306639798,2.14035248912979,0.0862370320447055,0.070297515736478,0.0159395163082274
1880-02-01,5.2,0.21,0.3983,9.990330579,3.99333333333333,159.340372914801,6.43489967540542,282.817721656773,12.2048597176856,21.6627497184409,,,,1.00551115315544,2.1521900595455,0.0831355000880811,0.0698624871855944,0.0132730129024867
1880-03-01,5.3,0.215,0.4075,10.08541488,3.96666666666667,160.873476134082,6.5259995035524,286.504134845036,12.3690455706865,22.028383952708,,,,1.00549164701835,2.14364864726301,0.081292342077649,0.0704448230149954,0.0108475190626536
1880-04-01,5.18,0.22,0.4167,9.704834711,3.94,163.396955973154,6.93963905677486,292.028188300723,13.1443072498095,23.4919200897512,,,,1.00547214557785,2.23994676331367,0.0818241996053255,0.065909053785044,0.0159151458202815
1880-05-01,4.77,0.225,0.4258,9.419419835,3.91333333333333,155.023154353327,7.31241294119469,278.151347424999,13.8383352460476,24.8295269881687,,,,1.00545264884329,2.3204474050599,0.0906559524396584,0.0609922090326318,0.0296637434070266
1880-06-01,4.79,0.23,0.435,9.229089256,3.88666666666667,158.88357825196,7.62906534403984,286.218647745434,14.4288844550319,25.9927164445227,,,,1.00543315682401,2.38121527623043,0.087122143613428,0.0584127805267105,0.0287093630867175
1880-07-01,5.01,0.235,0.4442,9.229089256,3.86,166.180945102781,7.7949145906494,300.5345595803,14.7340470687935,26.6461978773592,,,,1.0054136695294,2.39415279225791,0.0814083818232942,0.0580007567390755,0.0234076250842188
1880-08-01,5.19,0.24,0.4533,9.229089256,3.83333333333333,172.151517980725,7.96076383725896,312.531947188296,15.0358926976229,27.2968654451743,,,,1.00539418696886,2.40711394427809,0.0710900039785793,0.0537532639060225,0.0173367400725568
1880-09-01,5.18,0.245,0.4625,9.324254545,3.80666666666667,170.06619052998,8.04367117371526,309.963050695126,15.1844812973196,27.6752723834934,,,,1.00537470915181,2.39539833764492,0.0692795846262324,0.0531842675751,0.0160953170511324
1880-10-01,5.33,0.25,0.4717,9.324254545,3.78,174.990887166948,8.20782772828088,320.185448602543,15.4865293577204,28.336111839741,,,,1.00535523608768,2.40827290701248,0.0612892570633712,0.0527851227049858,0.00850413435838537
1880-11-01,5.61,0.255,0.4808,9.419419835,3.75333333333333,182.322829333788,8.28740133335399,334.86453661798,15.6258139650063,28.6992636730704,,,,1.00533576778593,2.39670846960867,0.0514909165915689,0.0559702567366873,-0.00447934014511842
1880-12-01,5.84,0.26,0.49,9.514585124,3.72666666666667,187.899375190876,8.36538314205953,346.387101461691,15.7655297677276,29.0633013212721,,,,1.00531630425606,2.38539685949279,0.0458820432579268,0.0566389431636865,-0.0107568999057597
1881-01-01,6.19,0.265,0.4858,9.419419835,3.7,201.172604915534,8.61239746407375,372.1789781827,15.7883120303661,29.2091353152109,18.4739523014049,24.135057421965,-0.0104887448134371,1.00363619311341,2.42230636727715,0.045353276058498,0.0564679655022104,-0.0111146894437124
1881-02-01,6.17,0.27,0.4817,9.514585124,3.69333333333333,198.516976871182,8.68712864752336,368.605239218587,15.4984809981926,28.7774949321869,18.1472581649902,23.6555032661501,-0.011392839551264,1.00363081023755,2.40679823096905,0.0467740190306327,0.0561987487665201,-0.00942472973588737
1881-03-01,6.24,0.275,0.4775,9.514585124,3.68666666666667,200.769195409429,8.84800140025527,374.15622303448,15.3633478858978,28.6313455927827,18.270119140205,23.7677128914692,-0.0131231180772923,1.00362542743647,2.41553685862577,0.0424225810986771,0.0548845138032303,-0.0124619327045532
1881-04-01,6.22,0.28,0.4733,9.609669421,3.68,198.145530983505,8.91973451372693,370.651971020113,15.0775369476677,28.204112199971,17.9501082782229,23.3088501171415,-0.00750350172198175,1.00362004471022,2.40030667417616,0.0459707330404271,0.0546353605591448,-0.00866462751871766
1881-05-01,6.5,0.285,0.4692,9.514585124,3.67333333333333,209.134578551488,9.1697469057191,392.637549916495,15.0962991163628,28.3423905262799,18.8697186931526,24.4566860477379,-0.00888108998627421,1.00361466205882,2.43307026566583,0.0411574173359128,0.0547855231437808,-0.013628105807868
1881-06-01,6.58,0.29,0.465,9.514585124,3.66666666666667,211.708542595199,9.33061965845101,398.929818344644,14.961166004068,28.1918488647811,19.0287107311158,24.6163306708713,-0.0077324654335102,1.00360927948232,2.44186499244158,0.0402793516152118,0.0572813687715419,-0.0170020171563301
1881-07-01,6.35,0.295,0.4608,9.609669421,3.66,202.28683629345,9.39757743410516,382.651849335995,14.6793345140192,27.7678696337049,18.1163671873897,23.3974554345105,-0.00404787214069569,1.00360389698075,2.42642976569386,0.0445672684994198,0.0595840111331403,-0.0150167426337204
1881-08-01,6.2,0.3,0.4567,9.8,3.65333333333333,193.6725,9.37125,367.833957129941,14.26616625,27.0951239066522,17.2862435539734,22.2943005799432,0.00214360522337984,1.00359851455415,2.38787965966761,0.0525571109860987,0.0616158338775539,-0.00905872289145515
1881-09-01,6.25,0.305,0.4525,10.18058017,3.64666666666667,187.935937151998,9.17127373301751,358.390297755084,13.6065618498047,25.9474575574681,16.7248366487729,21.5427840226504,0.00556405062191975,1.00359313220255,2.30688525660807,0.0652507750753615,0.0669447017139531,-0.00169392663859158
1881-10-01,6.15,0.31,0.4483,10.27574545,3.64,183.216306219419,9.23529348423087,350.857677908475,13.35542602897,25.5755279685154,16.2619894111814,20.9273193065166,0.00672403574765373,1.003587749926,2.29373301124188,0.0678826008767264,0.0678901159792216,-7.51510249519249e-06
1881-11-01,6.19,0.315,0.4442,10.18058017,3.63333333333333,186.131752155339,9.47197123246071,357.952294306362,13.3569829252668,25.6869804734872,16.4786423166449,21.1897746504572,0.00506930736565844,1.00358236772453,2.32348046637702,0.0658473434837681,0.0681925469483566,-0.00234520346458855
1881-12-01,6.01,0.32,0.44,10.18058017,3.62666666666667,180.719197165361,9.62231998218231,349.085409256231,13.2306899755007,25.5570016759969,15.9587542061051,20.5098558943848,0.0048775071089471,1.00357698559818,2.33180402780835,0.0720994492776843,0.0681456219756382,0.00395382730204608
1882-01-01,5.92,0.32,0.4392,10.18058017,3.62,178.012919670373,9.62231998218231,345.40674992408,13.2066341755452,25.6254467173405,15.6787641600287,20.1420537753833,0.00606317813555437,1.00294732395502,2.3401448572336,0.0783248136708798,0.0708414890056162,0.00748332466526369
1882-02-01,5.79,0.32,0.4383,10.27574545,3.62083333333333,172.491449269989,9.53320617727057,336.23466098066,13.0575133359303,25.4527896213857,15.153861528363,19.4621296726517,0.00917492236964538,1.00294802110966,2.32530570029513,0.0817909365931333,0.0717326769639954,0.0100582596291379
1882-03-01,5.78,0.32,0.4375,10.27574545,3.62166666666667,172.19353657695,9.53320617727057,337.202521259822,13.0336803204871,25.5235472406872,15.0916702994867,19.3774405880998,0.00797812806574857,1.00294871826416,2.33216075058601,0.0858670232554339,0.074452106489965,0.0114149167654689
1882-04-01,5.78,0.32,0.4367,10.37091074,3.6225,170.613458582327,9.44572781078627,335.649737381799,12.8904666717824,25.3595571478601,14.9169971683753,19.149099336903,0.00749817273575878,1.0029494154185,2.3175742173299,0.0880008115342212,0.076783745334905,0.0112170661993163
1882-05-01,5.71,0.32,0.4358,10.46599504,3.62333333333333,167.015942422996,9.35991271022043,330.106792479489,12.7470311222315,25.1944903962454,14.5671032021918,18.6984205002592,0.00999183477567307,1.00295011257271,2.30329228102582,0.0901857226711402,0.0776640596763802,0.01252166299476
1882-06-01,5.68,0.32,0.435,10.56116033,3.62416666666667,164.641397883219,9.27557171173065,326.94127124177,12.6089802956339,25.0386360898186,14.3274048901317,18.3901978187234,0.0127292762531832,1.00295080972676,2.28927134629335,0.0910242694594914,0.0785381300822405,0.0124861393772508
1882-07-01,6,0.32,0.4342,10.46599504,3.625,175.498363316633,9.35991271022043,350.049687125582,12.7002315586803,25.331929024988,15.2405597612178,19.5570241292171,0.00909314191866271,1.00295150688067,2.31690388047716,0.0810885983856928,0.0745920020030304,0.00649659638266242
1882-08-01,6.18,0.32,0.4333,10.56116033,3.62583333333333,179.134478682798,9.27557171173065,358.844053817923,12.5597038209153,25.1597295338683,15.525429331463,19.9136297688327,0.00804451405034075,1.00295220403443,2.30280328861104,0.0789184753392194,0.0740609272707002,0.00485754806851912
1882-09-01,6.24,0.32,0.4325,10.27574545,3.62666666666667,185.897520456776,9.53320617727057,373.98326771354,12.8847239739673,25.9211159112349,16.0811066244623,20.6171947059818,0.00241378287971158,1.00295290118805,2.3737521789893,0.0721445329243653,0.0710245455723306,0.00111998735203467
1882-10-01,6.07,0.32,0.4317,10.18058017,3.6275,182.523382162021,9.62231998218231,368.808432458434,12.9811110509628,26.2297529311871,15.7555810305266,20.1923266792722,0.0049450109153501,1.00295359834152,2.40301634346527,0.0761543603164079,0.0699318765312233,0.00622248378518453
1882-11-01,5.81,0.32,0.4308,10.08541488,3.62833333333333,176.35375402623,9.71311554017101,357.977559092287,13.0762817959552,26.5433274452594,15.1926703131653,19.4661858057017,0.00350086184931676,1.00295429549484,2.4328555595557,0.0765999197106584,0.0660948657828688,0.0105050539277896
1882-12-01,5.84,0.32,0.43,9.990330579,3.62916666666667,178.951495735084,9.8055614101416,364.909350750284,13.1762231448778,26.8683254833257,15.382128332082,19.7046140632928,0.00318151431011164,1.00295499264802,2.46326636716714,0.0724130946224379,0.0636526588614434,0.0087604357609945
1883-01-01,5.81,0.3208,0.4275,9.990330579,3.63,178.032224352883,9.83007531366695,364.705234789248,13.099617196361,26.83502373019,15.2702591190986,19.5567134666502,0.00364944496655306,1.00309431561627,2.47054530117222,0.0708380113508109,0.0596516857243528,0.0111863256264582
1883-02-01,5.68,0.3217,0.425,10.08541488,3.62916666666667,172.407800838035,9.76471646647817,354.850353532306,12.9002315767896,26.551302861132,14.7575901461762,18.8982221884684,0.00473053755565311,1.0030936238807,2.45482581663091,0.0709537107922715,0.0594261275098036,0.0115275832824679
1883-03-01,5.75,0.3225,0.4225,9.990330579,3.62833333333333,176.193681588482,9.88216735865833,364.337426216084,12.9464052993276,26.7708804480514,15.0512541214016,19.2731052361501,0.00249527956489354,1.00309293214528,2.48585653568264,0.0671627095305329,0.0610160580277777,0.00614665150275528
1883-04-01,5.87,0.3233,0.42,9.895165289,3.6275,181.600647641289,10.0019573053541,377.241600890789,12.9935727443512,26.9917329427822,15.4820672220367,19.8216928204582,-0.000275395005081697,1.00309224041001,2.51752642301356,0.0651664382100778,0.0613416148950816,0.00382482331499623
1883-05-01,5.77,0.3242,0.4175,9.8,3.62666666666667,180.240375,10.1271975,376.169001490633,13.04165625,27.2184676121905,15.3354976373371,19.6326429195036,0.00153158561851222,1.00309154867488,2.54983387016245,0.0573966028540105,0.0616732354239762,-0.00427663256996569
1883-06-01,5.82,0.325,0.415,9.514585124,3.62583333333333,187.255884179948,10.4567289275744,392.629289720345,13.3524384767489,27.9967620676878,15.9033883885838,20.3564480233455,-0.0007597696898064,1.0030908569399,2.6344422136164,0.0508843977464186,0.0612618623187922,-0.0103774645723735
1883-07-01,5.73,0.3258,0.4125,9.324254545,3.625,188.123411532198,10.6964410954956,396.317262768417,13.5429157516634,28.5306930003441,15.948783127017,20.4104340172346,-0.00289378431023089,1.00309016520507,2.6965264444908,0.0428860116945327,0.0619125159568936,-0.019026504262361
1883-08-01,5.47,0.3267,0.41,9.324254545,3.62416666666667,179.587270694786,10.7259892753174,380.217306251677,13.4608374743806,28.4989205782793,15.1968108766298,19.4480855081763,0.000217120554103584,1.00308947347038,2.70485915668412,0.0494305697839381,0.0662360704976779,-0.0168055007137398
1883-09-01,5.53,0.3275,0.4075,9.229089256,3.62333333333333,183.429266750175,10.8631256529263,390.268069212747,13.5167135986793,28.7584517548272,15.4946924257935,19.8287366187245,-0.00203484841159571,1.00308878173584,2.74119293480508,0.0501664238439721,0.0608993504447031,-0.010732926600731
1883-10-01,5.38,0.3283,0.405,9.229089256,3.6225,178.453789351888,10.8896615323838,381.6128926386,13.4337889753745,28.7273645945415,15.0480562702238,19.2593081864397,0.00212061348440895,1.00308809000145,2.74965988147654,0.0547190409335934,0.0595508582900521,-0.00483181735645877
1883-11-01,5.46,0.3292,0.4025,9.134004959,3.62166666666667,182.992691322448,11.0331857112363,393.285217880205,13.4898458346677,28.9921795232203,15.4082181424489,19.7205445439332,0.00263258818912703,1.00308739826721,2.78686322164082,0.0564246779141842,0.061280485508864,-0.00485580759467985
1883-12-01,5.34,0.33,0.4,9.229089256,3.62083333333333,177.126995379012,10.9460502762311,382.639174155344,13.2679397287649,28.6621104236213,14.8964039418872,19.0665392730124,0.0035706001324259,1.00308670653311,2.76666658952487,0.0574753534465029,0.0638441000932859,-0.006368746646783
1884-01-01,5.18,0.3283,0.3925,9.229089256,3.62,171.819819487506,10.8896615323838,373.134698913411,13.0191658588506,28.2732373211417,14.4328217219707,18.4784504406665,0.00422864218896597,1.00371039200186,2.77520647736169,0.0613613036366094,0.0667996441471947,-0.00543834051058534
1884-02-01,5.32,0.3267,0.385,9.229089256,3.61166666666667,176.463598392574,10.8365897734688,385.18053868673,12.7703919889362,27.8749074049608,14.8059602288167,18.9602488316449,0.00256582272618332,1.00370371881955,2.78550358127881,0.0614275895798708,0.0684025156002177,-0.00697492602034688
1884-03-01,5.3,0.325,0.3775,9.229089256,3.60333333333333,175.800201406135,10.7802010296215,385.693388714744,12.5216181190219,27.4715574037388,14.7360234540145,18.8756424519925,0.00296970084624661,1.0036970457842,2.7958203033147,0.0679130971063544,0.0715689221977975,-0.00365582509144313
1884-04-01,5.06,0.3233,0.37,9.038839669,3.595,171.372123715452,10.9495271931236,377.980369852963,12.5311631965844,27.638880799525,14.3534536825795,18.395357641018,0.00434440547857426,1.00369037289592,2.86522059048621,0.0719492383129086,0.0694473760075331,0.00250186230537541
1884-05-01,4.65,0.3217,0.3625,8.848509091,3.58666666666667,160.873754025733,11.1296960580814,356.870691333637,12.5412335127588,27.8205646469771,13.4650503138049,17.2729189488799,0.00772107952616527,1.0036837001548,2.93765238169894,0.0745216664540815,0.0672808639556319,0.00724080249844961
1884-06-01,4.46,0.32,0.355,8.848509091,3.57833333333333,154.300417839736,11.0708819974698,344.33544841224,12.2817597159431,27.4078664094945,12.9068764836669,16.5755624574753,0.0133359591392863,1.00367702756092,2.94847381223215,0.0773657660777236,0.0673870271988859,0.00997873887883771
1884-07-01,4.46,0.3183,0.3475,8.753424793,3.57,155.976510027462,11.131686803081,350.145915410127,12.1528783037092,27.2815483419326,13.0439315859917,16.7697685306328,0.0107765828752254,1.00367035511438,2.99146107035674,0.0737890696962098,0.0663396152621616,0.00744945443404821
1884-08-01,4.74,0.3167,0.34,8.753424793,3.56166666666667,165.76875729376,11.0757311044164,374.200128548924,11.8905859662191,26.8413594317794,13.8598133417693,17.8320626306001,0.00712640070692025,1.00366368281527,3.00244079479579,0.0680225168042654,0.0634010765924453,0.00462144021182009
1884-09-01,4.59,0.315,0.3325,8.658259504,3.55333333333333,162.287261585409,11.1373610891947,368.436219869146,11.7561033719278,26.6895518750525,13.5691547443357,17.4743881003412,0.00769484394003873,1.00365701066368,3.04656233417269,0.0703073053317707,0.0608575589756575,0.00944974635611318
1884-10-01,4.44,0.3133,0.325,8.563094215,3.545,158.728383207448,11.2003609141652,362.475586848819,11.6186316536983,26.532559848168,13.2732513191342,17.1124216791548,0.00992654007789545,1.0036503386597,3.09168519941875,0.0721160216198158,0.0627772943813234,0.00933872723849238
1884-11-01,4.35,0.3117,0.3175,8.372844628,3.53666666666667,159.044468656059,11.39635882301,365.366154182992,11.6084181145514,26.6675296443908,13.3044376021197,17.1730516385728,0.00845266083106601,1.00364366680343,3.17347727344694,0.071702733072093,0.0604931704216169,0.011209562650476
1884-12-01,4.34,0.31,0.31,8.277679339,3.52833333333333,160.50311875943,11.4645084828165,370.911793926711,11.4645084828165,26.4936995661937,13.4322927469448,17.3579700099637,0.00671391540782627,1.00363699509495,3.22165754877226,0.0710733939650909,0.0609069899599195,0.0101664040051714
1885-01-01,4.24,0.3042,0.3067,8.277679339,3.52,156.804890216586,11.2500112273315,364.531940144078,11.3424669409026,26.3683835005162,13.129817425636,16.9873791772571,0.00851231582248362,1.00397902338101,3.23337470147476,0.0721160623069612,0.0610062961172693,0.0111097661896919
1885-02-01,4.37,0.2983,0.3033,8.372844628,3.5075,159.775707592409,10.9064287356557,373.551235538011,11.0892384697432,25.9263363246404,13.384817593598,17.3340645908712,0.0082929509633673,1.00396922128585,3.20934378643535,0.0684175776290887,0.0620002664353512,0.00641731119373756
1885-03-01,4.38,0.2925,0.3,8.18251405,3.495,163.866318078611,10.9431274059346,385.247032057888,11.2237204163432,26.3867830176635,13.7341940934525,17.8031896691718,0.00429261319883188,1.00395941969075,3.29703010580109,0.0655622375678031,0.0593441885082009,0.00621804905960222
1885-04-01,4.37,0.2867,0.2967,8.277679339,3.4825,161.612587322284,10.6028212323338,382.025802866178,10.9726440866182,25.9375413524931,13.5485485410301,17.5775056866459,0.00573793747218472,1.00394961859617,3.27202966677514,0.0668170859263306,0.0558517116981216,0.010965374228209
1885-05-01,4.32,0.2808,0.2933,8.087381157,3.47,163.522749123224,10.6289786930096,388.634878247472,11.1021347957967,26.3857893032369,13.7113718725619,17.8049750545918,0.00514482141086928,1.00393981800259,3.36224873293272,0.0696113531437532,0.0517357311496205,0.0178756219941327
1885-06-01,4.3,0.275,0.29,7.897091074,3.4575,166.687738265281,10.6602623309191,398.268222788702,11.2417311853329,26.8599499090055,13.9787843686984,18.1664860277388,0.0032111125845226,1.00393001791047,3.45683207705159,0.0679850775488553,0.0475997610948737,0.0203853164539816
1885-07-01,4.46,0.2692,0.2867,7.992232066,3.445,170.831957671535,10.3112024675285,410.223088867296,10.981507234177,26.3701703090255,14.3266587770893,18.6272389815824,0.00275691417916081,1.00392021832028,3.42910500462634,0.0671065727901712,0.0500764196801597,0.0170301531100114
1885-08-01,4.71,0.2633,0.2833,7.992232066,3.4325,180.407740052227,10.0852140033442,435.235813192794,10.8512765937995,26.178833519643,15.1304107967072,19.6761396761218,-0.00164842179822079,1.00391041923249,3.44254784488763,0.0642021125097139,0.0513211395271418,0.0128809729825721
1885-09-01,4.65,0.2575,0.28,7.897091074,3.42,180.255344868269,9.98188200076974,436.874942065985,10.8540852823904,26.3064481244034,15.1162850287242,19.6626718545226,-0.00179704606606811,1.00390062064756,3.49764627099021,0.0648248761704007,0.0498605200969415,0.0149643560734591
1885-10-01,4.92,0.2517,0.2767,7.897091074,3.4075,190.721784247717,9.75704737706308,464.212509005265,10.7261621344194,26.1072360247473,15.991023962169,20.7990746396801,-0.00529078381250803,1.00389082256597,3.5112892622527,0.0571920904796226,0.0496603056292748,0.00753178485034778
1885-11-01,5.24,0.2458,0.2733,7.992232066,3.395,200.708398699293,9.41490923669583,490.429342375009,10.4682452985719,25.579072379979,16.824034498619,21.8750996623949,-0.00627333245919755,1.00388102498819,3.48298940367888,0.0481676245129024,0.0507197750805939,-0.00255215056769154
1885-12-01,5.2,0.24,0.27,8.18251405,3.3825,194.544487216615,8.97897633307455,477.196212700647,10.1013483747089,24.7774956594567,16.3044759522785,21.1929877725117,-0.00113255262712793,1.00387122791469,3.41519672004862,0.0465309136501042,0.0544720307343869,-0.00794111708428269
1886-01-01,5.2,0.2383,0.275,7.992232066,3.37,199.176273518382,9.12763576527509,490.423231806831,10.5333606187606,25.9358439897843,16.6923174707977,21.692296410859,-0.00386855912792627,1.00175647501181,3.51004274798438,0.0443238289387808,0.0532925810738392,-0.00896875213505832
1886-02-01,5.3,0.2367,0.28,7.992232066,3.3825,203.006586470659,9.06635075803866,501.714755158383,10.7248762663744,26.5056851781787,17.006648259461,22.0924225811977,-0.00510082408817202,1.00176751076736,3.51620805036158,0.0481357977100929,0.0550860507604731,-0.00695025305038022
1886-03-01,5.19,0.235,0.285,7.897091074,3.395,201.188223627165,9.10967871914908,499.096969241322,11.0479082338617,27.4070590045813,16.8432661015701,21.8732235595916,-0.00581629727496972,1.00177854601911,3.56485972803561,0.0473957575525459,0.0540974122470319,-0.00670165469448603
1886-04-01,5.12,0.2333,0.29,7.801941983,3.4075,200.89521345009,9.15407290974724,500.262496435507,11.3788304493215,28.3351804621674,16.8017161312463,21.8124738072082,-0.0061157463251583,1.00178958076752,3.61475279697428,0.0500040356101221,0.0546303681115439,-0.00462633250142175
1886-05-01,5.02,0.2317,0.295,7.611651901,3.42,201.895734327801,9.31857403261983,504.687693113006,11.8643907622911,29.6579421251667,16.8631955150978,21.8858396957642,-0.00535820712311898,1.00180061501306,3.71175165300299,0.0505277380725491,0.0538583078066577,-0.00333056973410861
1886-06-01,5.25,0.23,0.3,7.51650281,3.4325,213.818768598318,9.36729843383109,536.443549844436,12.2182153484753,30.6539171339678,17.8314940553769,23.1286669895765,-0.00721543808205418,1.0018116487562,3.76550561178602,0.0441629142989992,0.0543840638947239,-0.0102211495957247
1886-07-01,5.33,0.2283,0.305,7.611651901,3.445,214.36339919665,9.18183190180021,539.729626106209,12.2665734999959,30.8850911749331,17.8458450415322,23.1300674018733,-0.00616328674031334,1.00182268199741,3.72517158705766,0.0369492476017419,0.0559758240394543,-0.0190265764377124
1886-08-01,5.37,0.2267,0.31,7.706792893,3.4575,213.305936441232,9.00492659054514,538.956522241131,12.313750520816,31.1129463491156,17.7239127996193,22.9549738392198,-0.00560813044916794,1.00183371473716,3.6858900200018,0.0314492943165259,0.0575508370804643,-0.0261015427639384
1886-09-01,5.51,0.225,0.315,7.706792893,3.47,218.866985063536,8.93739957156002,554.88936170217,12.512359400184,31.7223500791622,18.1471439258,23.4846135980959,-0.00795345627047928,1.00184474697592,3.69264889085102,0.0341152797016169,0.0578108634280843,-0.0236955837264674
1886-10-01,5.65,0.2233,0.32,7.706792893,3.4825,224.42803368584,8.8698725525749,570.862152417955,12.710968279552,32.3320157121674,18.5623813428666,24.0014612887279,-0.0110920025990453,1.00185577871415,3.69946089372553,0.0307753452568673,0.0549145229828694,-0.024139177726002
1886-11-01,5.79,0.2217,0.325,7.706792893,3.495,229.989082308144,8.80631771117714,586.874078011661,12.90957715892,32.9419819263886,18.9683126349428,24.5042793626295,-0.0132473918810821,1.00186680995232,3.70632627450593,0.0321003151920334,0.0521146621252511,-0.0200143469332177
1886-12-01,5.64,0.22,0.33,7.801941983,3.5075,221.298633566114,8.63221620293353,566.533849746922,12.9483243044003,33.1482571660433,18.1940575568864,23.4853248417397,-0.0116704752760213,1.0018778406909,3.66796015736891,0.0322662955890272,0.0536579564751007,-0.0213916608860736
1887-01-01,5.58,0.2225,0.3325,7.992232066,3.52,213.731462737033,8.52244631881539,548.979724662474,12.7357905663196,32.7125015143858,17.512222096305,22.5907543815106,-0.00902028867565479,1.00188887093036,3.58735215303833,0.0388951161506879,0.0595165303409484,-0.0206214141902605
1887-02-01,5.54,0.225,0.335,8.087381157,3.5325,209.702784755246,8.51680985016792,540.454854971709,12.6805835546945,32.680934371033,17.1253665969723,22.0809229618874,-0.00413997181161084,1.00189990067115,3.55184281260231,0.0399042289135227,0.0609082150402067,-0.021003986126684
1887-03-01,5.67,0.2275,0.3375,8.087381157,3.545,214.623608224231,8.61144107072534,554.986489346889,12.7752147752519,33.0349100801719,17.4732137115138,22.5174382331297,-0.000974360439279648,1.00191092991375,3.5585909611458,0.037767384509684,0.0610437212472013,-0.0232763367375173
1887-04-01,5.8,0.23,0.34,8.087381157,3.5575,219.544431693217,8.70607229128276,569.587103925533,12.8698459958093,33.3895888508071,17.8229836391007,22.953677448902,-0.00492078400087255,1.00192195865862,3.56539117906426,0.0337298024572836,0.0627510831901321,-0.0290212807328485
1887-05-01,5.9,0.2325,0.3425,8.087381157,3.57,223.329680515514,8.80070351184018,581.310286775724,12.9644772163667,33.745554783167,18.0754454274583,23.2647100446836,-0.00758421115046577,1.00193298690623,3.57224371351224,0.0340656060337856,0.0644832396406381,-0.0304176336068525
1887-06-01,5.73,0.235,0.345,7.992232066,3.5825,219.476932165448,9.00123543784996,573.234335199207,13.2145796853542,34.5141091873868,17.707695663273,22.7813320538529,-0.00234592620362181,1.00194401465703,3.62175928277389,0.0406022028508679,0.0633553891760563,-0.0227531863251884
1887-07-01,5.59,0.2375,0.3475,7.897091074,3.595,216.694059744865,9.20659019488471,567.969802188507,13.4706951272524,35.3076039822015,17.4314605356131,22.4165559534233,-0.00366137849707004,1.00195504191149,3.67251836610294,0.0464583612348877,0.0622122568320813,-0.0157538955971936
1887-08-01,5.45,0.24,0.35,7.992232066,3.6075,208.752055899074,9.19275108546379,549.161174300375,13.406095332968,35.2672313770883,16.7398496148207,21.520614675737,0.003477957623553,1.00196606867008,3.63589449206244,0.0522689823636764,0.0588957684251179,-0.00662678606144151
1887-09-01,5.38,0.2425,0.3525,7.897091074,3.62,208.553495783073,9.40041314635597,550.699619765457,13.6645180787236,36.0820847522906,16.6766296673802,21.4341401362397,0.00336217848707265,1.00197709493325,3.68693283295944,0.0542619794976773,0.0547363573563981,-0.000474377858720842
1887-10-01,5.2,0.245,0.355,7.992232066,3.6325,199.176273518382,9.38426673307762,528.003412375718,13.5976109805819,36.0463868064192,15.8806668125173,20.4086013876496,0.00741650254144309,1.00198812070147,3.65024555199059,0.0570830669148841,0.0576236501523564,-0.000540583237472303
1887-11-01,5.3,0.2475,0.3575,8.087381157,3.645,200.618187581733,9.36849083518471,533.895438498545,13.5322645397112,36.0127583515528,15.9507122010668,20.4958572795052,0.0101223848621893,1.0019991459752,3.61447168607524,0.0524649194539684,0.058999124724487,-0.00653420527051862
1887-12-01,5.27,0.25,0.36,8.277679339,3.6575,194.89664420788,9.24557135711004,520.719372181499,13.3136227542385,35.5709628055673,15.45551345447,19.8579468750582,0.0142970282550891,1.00201017075491,3.53843719511686,0.057678975826847,0.0615867991257399,-0.00390782329889294
1888-01-01,5.31,0.2483,0.3517,8.372844628,3.67,194.143937600845,9.0783313947815,520.729581046398,12.8588366957094,34.4897539838076,15.3586625142599,19.7317341002746,0.0187204155751647,1.00458166903721,3.50525153220326,0.0608651571844303,0.0629214398886933,-0.00205628270426295
1888-02-01,5.28,0.2467,0.3433,8.277679339,3.65166666666667,195.266467062164,9.12352981519619,525.779658649037,12.6960185875835,34.1856357602679,15.4181783188205,19.8073027273744,0.0185459735962289,1.00456770118539,3.56179459500558,0.0584537816264172,0.0601986963697514,-0.00174491474333416
1888-03-01,5.08,0.245,0.335,8.277679339,3.63333333333333,187.870009976476,9.06065992996784,507.896843554519,12.3890656185275,33.4931973603866,14.8089723669466,19.0266114931917,0.0234847757246896,1.00455373489503,3.5780638083993,0.0575742623238247,0.0601950912474543,-0.00262082892362958
1888-04-01,5.1,0.2433,0.3267,8.18251405,3.615,190.803247077834,9.10243725765432,517.877362148534,12.2226315333977,33.1746145517502,15.0201086818445,19.2995716165677,0.0226329960426275,1.00453977016826,3.6361609028815,0.0540462285891412,0.0589660972311836,-0.00491986864204241
1888-05-01,5.17,0.2417,0.3183,8.087381157,3.59666666666667,195.697364112747,9.14894640349149,533.230289753841,12.0484470013709,32.8292458856185,15.3879169572291,19.7726858396942,0.0233200271608485,1.00452580700722,3.69563503865501,0.0508393472112307,0.0505507109882244,0.000288636223006344
1888-06-01,5.01,0.24,0.31,7.992232066,3.57833333333333,191.898678909057,9.19275108546379,524.967090900341,11.8739701520574,32.4829936485241,15.0776288184347,19.3759836761142,0.0258985373347212,1.00451184541407,3.75655715301931,0.0640645343251285,0.0564692858246789,0.00759524850044957
1888-07-01,5.14,0.2383,0.3017,8.087381157,3.56,194.561789466058,9.0202479435334,534.308773303902,11.4200956968696,31.3620538727213,15.2796425154982,19.6350095815465,0.0252590129213168,1.00449788539094,3.72911036752281,0.0644510041617286,0.0592174983874547,0.00523350577427384
1888-08-01,5.25,0.2367,0.2933,8.087381157,3.54166666666667,198.725563170585,8.95968396237665,547.793832762433,11.1021347957967,30.6034154569946,15.6029116700888,20.0497718855866,0.0229745751912111,1.00448392693999,3.7458834785661,0.0660324563334067,0.0592130193452247,0.00681943698818199
1888-09-01,5.38,0.235,0.285,8.087381157,3.52333333333333,203.646386639571,8.8953347323976,563.401609426061,10.787959143546,29.8456242911575,15.9878288217614,20.5429025493491,0.0216148865045283,1.00446997006338,3.76267974640971,0.0631677833077842,0.0592083651064723,0.00395941820131185
1888-10-01,5.35,0.2333,0.2767,8.18251405,3.505,200.156347424787,8.72831324377622,555.758467513126,10.3520114640072,28.7436201796041,15.7159418743297,20.1931305653496,0.0251568771409909,1.00445601476325,3.73555698043281,0.0627109749586259,0.0604429437158731,0.00226803124275277
1888-11-01,5.24,0.2317,0.2683,8.277679339,3.48666666666667,193.787175645026,8.56879553376958,540.05637862831,9.9223471804505,27.6521233561022,15.2237490169463,19.5624857738495,0.0296777255990026,1.00444206104177,3.70906504946717,0.0695596155555498,0.0616648495080681,0.00789476604748174
1888-12-01,5.14,0.23,0.26,8.277679339,3.46833333333333,190.088947102182,8.50592564854124,531.725356248071,9.61539421139444,26.8966133510697,14.9467483010892,19.2102019016919,0.033377840719047,1.0044281089011,3.72554094282479,0.0764793906732402,0.060154745703598,0.0163246449696421
1889-01-01,5.24,0.2292,0.2633,7.992232066,3.45,200.708398699293,8.77907728661792,563.476999932722,10.0852140033442,28.3136439088331,15.8022860710282,20.3121986536557,0.0252788755597694,1.00308472891108,3.87568713538479,0.07842938386042,0.0564355693275598,0.0219938145328602
1889-02-01,5.3,0.2283,0.2667,7.897091074,3.4475,205.452328559533,8.8499559641776,578.865780896754,10.3385162314769,29.1289629745593,16.192720447849,20.8133076874895,0.0214483016164297,1.00308267024876,3.93447934109004,0.0768202418351587,0.0521541499057592,0.0246660919293995
1889-03-01,5.19,0.2275,0.27,7.801941983,3.445,203.641827696477,8.92649630076081,575.860541696411,10.5940835217821,29.9580628628191,16.0650453607693,20.6485190033211,0.0218954299545478,1.00308061159045,3.99473915863571,0.0791919281115536,0.0507903279474835,0.0284016001640701
1889-04-01,5.18,0.2267,0.2733,7.801941983,3.4425,203.249454232708,8.89510642365924,576.84712358143,10.7235667648261,30.4348105935917,16.0501045339675,20.6264588171422,0.0231285367606985,1.00307855293616,4.00704539838863,0.0791613666987541,0.0492732211830533,0.0298881455157007
1889-05-01,5.32,0.2258,0.2767,7.611651901,3.44,213.961216458945,9.08128621737401,609.396249349453,11.1283963522914,31.6954778562018,16.9154210760684,21.7314104138174,0.0175118181723821,1.00307649428589,4.11986519039358,0.0689883867098873,0.0465978347458831,0.0223905519640042
1889-06-01,5.41,0.225,0.28,7.611651901,3.4375,217.580861098288,9.04911159835763,621.853362529294,11.2611166557339,32.1846472288729,17.2193029439477,22.1106233839953,0.0176552251317845,1.00307443563963,4.13253993211044,0.0632685179954369,0.045106915051927,0.0181616029435099
1889-07-01,5.3,0.2242,0.2833,7.611651901,3.435,213.156850983535,9.01693697934125,611.356952876497,11.3938369591765,32.6787593867758,16.8892144911075,21.675368705171,0.0176535496029279,1.00307237699739,4.14524516015991,0.0675852120095948,0.0436372586448501,0.0239479533647446
1889-08-01,5.37,0.2233,0.2867,7.611651901,3.4325,215.972130147469,8.98074053294781,621.577956775767,11.5305790899961,33.1855493868924,17.1318539753457,21.9731353896282,0.0168399635039651,1.00307031835917,4.15798091603852,0.0673907050490812,0.0421884124757914,0.0252022925732898
1889-09-01,5.5,0.2225,0.29,7.706792893,3.43,218.4697673048,8.83809513187602,630.885978567609,11.519315003344,33.2648970517467,17.3507880263486,22.2367647386193,0.0139601013292114,1.00306825972497,4.11925902352574,0.0608672394455645,0.0394183285409526,0.0214489109046119
1889-10-01,5.4,0.2217,0.2933,7.706792893,3.4275,214.49758971744,8.80631771117714,621.534527767114,11.6503968637269,33.7585327766842,17.0532144029555,21.8404708101685,0.00959075925798419,1.00306620109479,4.13189798008434,0.0609229609474491,0.0380439205362983,0.0228790404111507
1889-11-01,5.35,0.2208,0.2967,7.706792893,3.425,212.51150092376,8.7705681128909,617.89739978981,11.7854509016971,34.2673193490909,16.9060211702494,21.6386436771663,0.00503339183681535,1.00306414246863,4.14456721019444,0.0625202223495844,0.036687601738395,0.0258326206111894
1889-12-01,5.32,0.22,0.3,7.801941983,3.4225,208.742682725484,8.63221620293353,609.030784910362,11.7712039130912,34.3438412543437,16.6103380766034,21.2481559881276,0.0043897649033884,1.0030620838465,4.10656653797827,0.0556037788770942,0.0366202424975894,0.0189835363795048
1890-01-01,5.38,0.22,0.2992,7.611651901,3.42,216.374312885173,8.84802022950524,633.448203356806,12.0333075121271,35.2281974803636,17.2200719821819,22.0154863267416,-0.00295555899989167,1.00145109434802,4.2221190609681,0.0531638304371649,0.0339817391097668,0.0191820913273981
1890-02-01,5.32,0.22,0.2983,7.611651901,3.43666666666667,213.961216458945,8.84802022950524,628.54231578434,11.9971110657337,35.2432655636219,17.0268149826714,21.7559395595254,-0.00246310208004125,1.00146607981551,4.22824575407412,0.0549226249187247,0.0329017389378912,0.0220208859808335
1890-03-01,5.28,0.22,0.2975,7.611651901,3.45333333333333,212.352485508126,8.84802022950524,625.982462994491,11.9649364467173,35.2707921857692,16.9011222885899,21.5827899322356,-0.00311440400357885,1.00148106409399,4.23444469982919,0.0565263286778119,0.0330573810663375,0.0234689476114744
1890-04-01,5.39,0.22,0.2967,7.611651901,3.47,216.776495622878,8.84802022950524,641.197314525607,11.9327618277009,35.2955924340905,17.2578545426032,22.0235764613445,-0.000757033008033002,1.00149604718493,4.24071618383209,0.0556638492430162,0.033211150243813,0.0224526989992031
1890-05-01,5.62,0.22,0.2958,7.706792893,3.48666666666667,223.236380409632,8.73879069219202,662.458851780855,11.7497013034109,34.8674961488927,17.7864304878586,22.6772423294768,0.00148883742251664,1.0015110290898,4.19463018428673,0.0500217153425937,0.0371437164272777,0.012877998915316
1890-06-01,5.58,0.22,0.295,7.706792893,3.50333333333333,221.647509374688,8.73879069219202,659.904888236029,11.717923882712,34.8874448081772,17.6843608444502,22.525314186078,0.0036494746472916,1.00152600981009,4.20096839251615,0.0489196225261981,0.038567883928621,0.0103517385975771
1890-07-01,5.54,0.22,0.2942,7.706792893,3.52,220.058638339744,8.73879069219202,657.342533532604,11.6861464620131,34.9079735316412,17.5892954408649,22.381223142942,0.00378843003073259,1.00154098934727,4.20737911149501,0.0484315602387126,0.0374429746838956,0.0109885855548171
1890-08-01,5.41,0.22,0.2933,7.992232066,3.53666666666667,207.219930718163,8.42668849500847,621.08934699532,11.2343078890272,33.6719973149219,16.5967911339791,21.0974179134709,0.010599942338933,1.0015559677028,4.06336632389474,0.0575230243411167,0.0426487529392785,0.0148742714018382
1890-09-01,5.32,0.22,0.2925,8.087381157,3.55333333333333,201.375237346193,8.32754740905307,605.651332916102,11.0718528052183,33.2994388868346,16.1697020006153,20.5359537437097,0.0121801075833063,1.00157094487816,4.02180837281249,0.0567859625292064,0.0427489532074623,0.0140370093217441
1890-10-01,5.08,0.22,0.2917,8.087381157,3.57,192.29064017268,8.32754740905307,580.415860711264,11.0415708146399,33.3282099546212,15.4828491633444,19.6490633910743,0.0147569777651597,1.00158592087482,4.02812641207671,0.0668029576056117,0.0441731541542547,0.022629803451357
1890-11-01,4.71,0.22,0.2908,7.897091074,3.58666666666667,182.581220285924,8.52820986473531,553.25380570879,11.2727428575683,34.1584302972646,14.7450434932928,18.7031945944536,0.0144792931887674,1.00160089569424,4.13173127567512,0.080435404955262,0.0418315566626479,0.0386038482926141
1890-12-01,4.6,0.22,0.29,7.897091074,3.60333333333333,178.317115353557,8.52820986473531,542.486304182257,11.2417311853329,34.2002235245336,14.4429912313384,18.3110293773003,0.014743783055441,1.00161586933788,4.1383457464841,0.0906559520730736,0.0432664694588534,0.0473894826142203
1891-01-01,4.84,0.22,0.2942,7.801941983,3.62,189.908756464538,8.63221620293353,579.93949417955,11.5436273041048,35.2516940470297,15.4289800864691,19.5469767277373,0.00994938082518875,1.00315536835292,4.19558378931256,0.0855487699081645,0.0408467666279824,0.0447020032801821
1891-02-01,4.9,0.22,0.2983,7.897091074,3.61833333333333,189.946492441832,8.52820986473531,582.225004343829,11.5634772847752,35.4444324072988,15.4765223324325,19.5907605967742,0.00997004711581925,1.00315399030746,4.1581118777175,0.0895847089347255,0.0432858544114212,0.0462988545233043
1891-03-01,4.81,0.22,0.3025,7.992232066,3.61666666666667,184.238053004503,8.42668849500847,566.879926141766,11.5866966806366,35.6509724860466,15.0516233576574,19.0388365165137,0.0129868880347878,1.00315261226318,4.12157147899153,0.0967254048650035,0.0444179389713999,0.0523074658936036
1891-04-01,4.97,0.22,0.3067,8.087381157,3.615,188.126866468153,8.32754740905307,580.980615630372,11.6093581379844,35.8524657573109,15.4089451254741,19.4741528831595,0.0116487527044393,1.00315123422008,4.0859214985901,0.104617073567599,0.0468533152987516,0.0577637582688473
1891-05-01,4.95,0.22,0.3108,7.992232066,3.61333333333333,189.600491137691,8.42668849500847,587.700155200899,11.9046126556756,36.9004461083716,15.5664952307133,19.6573920230248,0.0108227411096112,1.00314985617815,4.14759417910988,0.0980242921853491,0.0454984092897712,0.0525258828955779
1891-06-01,4.85,0.22,0.315,7.801941983,3.61166666666667,190.301129928307,8.63221620293353,592.101665034341,12.3597641087457,38.456087522849,15.6582113956382,19.7574839042735,0.00809788793625774,1.0031484781374,4.26213734809538,0.108009885516615,0.0428663968563414,0.0651434886602731
1891-07-01,4.77,0.22,0.3192,7.706792893,3.61,189.472870917072,8.73879069219202,591.790443394626,12.6791908588531,39.6015743252756,15.617919238646,19.6908976364116,0.0061039371490866,1.00314710009782,4.32834318468384,0.0993794318550614,0.0401634861141684,0.059215945740893
1891-08-01,4.93,0.22,0.3233,7.706792893,3.60833333333333,195.828355056848,8.73879069219202,613.915383102252,12.8420501399349,40.259400275245,16.163998509963,20.3602634944365,0.0020408967091835,1.00314572205941,4.34196491394374,0.095855168065712,0.0387584702306214,0.0570966978350906
1891-09-01,5.33,0.22,0.3275,7.611651901,3.60666666666667,214.36339919665,8.84802022950524,674.333651086016,13.1714846598317,41.4341971352102,17.7112614132565,22.282941160981,-0.00826683321118616,1.00314434402218,4.41006615812009,0.0840998616835682,0.0360839769297128,0.0480158847538554
1891-10-01,5.33,0.22,0.3317,7.611651901,3.605,214.36339919665,8.84802022950524,676.653122681371,13.3404014096677,42.1099138449176,17.7165685898264,22.2646373117537,-0.00917042300038792,1.00314296598613,4.42393292328181,0.0828628979901165,0.0359720167658446,0.0468908812242719
1891-11-01,5.25,0.22,0.3358,7.51650281,3.60333333333333,213.818768598318,8.96002458888191,677.290870186578,13.6762557133934,43.3208141349815,17.671739174764,22.185040648628,-0.00932832816519737,1.00314158795125,4.49401440640471,0.084106484081105,0.0333052775160183,0.0508012065650867
1891-12-01,5.41,0.22,0.34,7.51650281,3.60166666666667,220.335150117505,8.96002458888191,700.297258475456,13.847310728272,44.0112879633373,18.2063030002099,22.8287442336827,-0.0109731544644674,1.00314020991755,4.50813274791664,0.0778098192836361,0.0319585109125309,0.0458513083711052
1892-01-01,5.51,0.2217,0.3425,7.326212727,3.6,230.236629463899,9.26378598042585,734.221014312466,14.3114420311044,45.6389650457386,19.0163884042253,23.8152221994576,-0.0157807154230909,1.00195945267441,4.63975057505251,0.0766373167458767,0.0304399619438551,0.0461973548020216
1892-02-01,5.52,0.2233,0.345,7.326212727,3.6125,230.654481785975,9.33064235195801,738.033144896456,14.4159051116234,46.1270715560285,19.0364250409784,23.8100682297831,-0.0168609614241313,1.00197047923477,4.64884194672537,0.0773560026439772,0.030423648145838,0.0469323544981393
1892-03-01,5.58,0.225,0.3475,7.135922645,3.625,239.379199436375,9.65238707404738,768.523683025484,14.9075755921398,47.8605698658344,19.738054849323,24.65669245592,-0.0213941004124338,1.00198150529991,4.78221501458044,0.0734855343525147,0.0276989267617285,0.0457866075907862
1892-04-01,5.57,0.2267,0.35,7.040773554,3.6375,242.179380138036,9.85674425086048,780.150703983823,15.2177348381172,49.0220370546388,19.9432652416387,24.8811336486721,-0.0242210727496689,1.00199253087028,4.85644596367083,0.0745334459765146,0.0250752766502222,0.0494581693262923
1892-05-01,5.57,0.2283,0.3525,7.040773554,3.65,242.179380138036,9.92631103869187,782.81540185515,15.3264329441037,49.5408310868834,19.9114652134898,24.8100913908356,-0.0251435802252815,1.00200355594634,4.86612258217328,0.0729853438341077,0.0238459174936707,0.049139426340437
1892-06-01,5.54,0.23,0.355,7.040773554,3.6625,240.875002866198,10.0002257507627,781.292870403307,15.4351310500903,50.0647958471433,19.7692843971367,24.6036320028086,-0.0257769788288357,1.00201458052856,4.87587213100843,0.0716492212580204,0.0226321574135573,0.0490170638444631
1892-07-01,5.54,0.2317,0.3575,7.231071736,3.675,234.535959802017,9.80902200110603,763.383141898344,15.1347663590652,49.2616377669057,19.2118864345056,23.8827885779331,-0.0209981017550706,1.0020256046174,4.75711943954239,0.0768790240735671,0.0253456719855465,0.0515333520880206
1892-08-01,5.62,0.2333,0.36,7.326212727,3.6875,234.833005006735,9.74849467403405,766.994154655046,15.0426835947375,49.1312981629567,19.2043038031738,23.8469850149353,-0.0207150909452441,1.00203662821331,4.70485257900629,0.0808110498855545,0.0278704991876249,0.0529405506979297
1892-09-01,5.48,0.235,0.3625,7.326212727,3.7,228.983072497671,9.81952956878698,750.560190338964,15.1471466752565,49.6492826638457,18.6942718095882,23.191984913722,-0.0167745114325599,1.00204765131675,4.71443461450814,0.0824666444973348,0.0266512643246777,0.0558153801726571
1892-10-01,5.59,0.2367,0.365,7.326212727,3.7125,233.579448040507,9.89056446353991,768.327785355702,15.2516097557755,50.16809331929,19.0402149153247,23.5968212797773,-0.0169715206768571,1.00205867392819,4.72408813275428,0.069575564911897,0.0197322444606167,0.0498433204512803
1892-11-01,5.57,0.2383,0.3675,7.51650281,3.725,226.851531636692,9.70533572513891,748.857585572427,14.9673138018823,49.4084672707122,18.4633126908,22.8588072242663,-0.0120595268925307,1.00206969604808,4.61397082035011,0.0720258833682075,0.0257277221072787,0.0462981612609288
1892-12-01,5.51,0.24,0.37,7.611651901,3.7375,221.602688475336,9.6523857049148,734.185959575389,14.880761295077,49.3010535468047,18.0130092512757,22.2813620928374,-0.00868689299892435,1.00208071767688,4.56572424239706,0.0708144196038882,0.0258531181318116,0.0449613014720767
1893-01-01,5.61,0.2408,0.3608,7.897091074,3.75,217.469351550751,9.33451334285574,723.069071808706,13.9862641781659,46.503265794756,17.6566437080988,21.8201897448935,-0.0041021548362558,1.00346968908532,4.40985343178558,0.0769510590631066,0.0284804738376991,0.0484705852254075
1893-02-01,5.51,0.2417,0.3517,7.992232066,3.74583333333333,211.050243670439,9.25786640565249,704.291167664216,13.4712106531567,44.9544834242296,17.1251938548725,21.1489207307971,-0.00205838175900198,1.00346628408111,4.37247640669011,0.0795045564440955,0.029566725037911,0.0499378314061845
1893-03-01,5.31,0.2425,0.3425,7.801941983,3.74166666666667,208.350309261714,9.51505649641537,697.927316037581,13.4387911341124,45.0169690664542,16.8995890315823,20.8617504506818,-0.00266498395991181,1.00346287909508,4.49464741624339,0.0801542257036867,0.0303921259505464,0.0497620997531403
1893-04-01,5.31,0.2433,0.3333,7.706792893,3.7375,210.922629888816,9.6643080700469,709.241793510668,13.2392678986709,44.5179453440877,17.1025415782549,21.1040348015106,-0.00358879916346658,1.00345947412725,4.56589551198108,0.0743192069222161,0.0289846645156306,0.0453345424065854
1893-05-01,4.84,0.2442,0.3242,7.611651901,3.73333333333333,194.656445049115,9.82130245475081,657.297699439652,13.0387643563891,44.0280814376725,15.7809873107763,19.47376764017,0.00108046064154043,1.0034560691776,4.63895944518879,0.0832960949099391,0.0299301855875547,0.0533659093223844
1893-06-01,4.61,0.245,0.315,7.421361818,3.72916666666667,190.160217168919,10.1061286781746,644.959043093921,12.9935940147959,44.0698695389556,15.4165038635977,19.0292358190108,0.0030336802960417,1.00345266424616,4.77434999809437,0.0796234325752392,0.0271844825289647,0.0524389500462745
1893-07-01,4.18,0.2458,0.3058,7.231071736,3.725,176.960345121378,10.4059456533097,603.130668575968,12.946046300985,44.1237699642418,14.3498541827609,17.7250598712009,0.00733439077194609,1.00344925933292,4.91690796282107,0.0822339316131449,0.0243798124738468,0.0578541191392981
1893-08-01,4.08,0.2467,0.2967,6.945632562,3.72083333333333,179.825262688579,10.8732579179589,615.983374395263,13.0769988822798,44.7946733291849,14.5880565358078,18.0339127407816,0.00231973974563328,1.00344585443789,5.13663091445223,0.0768982678491621,0.0201241752190466,0.0567740926301155
1893-09-01,4.37,0.2475,0.2875,7.231071736,3.71666666666667,185.003997172349,10.4779151716605,636.713866218343,12.171315603444,41.8890701459436,15.0120690791388,18.5670145519423,0.00534430035669883,1.00344244956108,4.95086904325073,0.0699576617531719,0.0229196414243316,0.0470380203288403
1893-10-01,4.5,0.2483,0.2783,7.326212727,3.7125,188.033544934219,10.3752731571481,650.116072639085,11.6288301233762,40.2060673367683,15.2717941535202,18.8975335706308,0.00552956201636992,1.00343904470249,4.90339695928762,0.0659359281154017,0.0253058202980427,0.040630107817359
1893-11-01,4.57,0.2492,0.2692,7.135922645,3.70833333333333,196.050706348429,10.6905549282338,680.915154932454,11.5485448903714,40.1099255378155,15.9424114005717,19.7379177344303,0.00125837849718082,1.00343563986213,5.0514660734074,0.0630839642918561,0.0236720938817911,0.039411870410065
1893-12-01,4.41,0.25,0.26,7.040773554,3.70416666666667,191.743458960277,10.8698105986551,669.101450363609,11.3046030226013,39.4481580713239,15.6126943354649,19.34352062821,0.000307498923191402,1.00343223504001,5.13732119541528,0.0702386122161502,0.0221646198532737,0.0480739923628766
1894-01-01,4.32,0.2467,0.2517,6.850483471,3.7,193.047805399194,11.0242809240697,676.858882951301,11.2477158840225,39.436430749732,15.7398693519482,19.5170703277729,-0.00283142245934664,1.00474294897609,5.29814600106685,0.0687557679071265,0.0168672888338963,0.0518884790732301
1894-02-01,4.38,0.2433,0.2433,6.755342479,3.68,198.485636245416,11.0254692462351,699.146288238592,11.0254692462351,38.8361397096916,16.2027365964499,20.1057907442532,-0.0058029214438804,1.00472783844696,5.39824685385143,0.0604471613921302,0.0128919901881894,0.0475551712039408
1894-03-01,4.51,0.24,0.235,6.565052397,3.66,210.300686348048,11.1911673444638,744.048632403269,10.9580180247874,38.769718096401,17.1876220881219,21.3410166455758,-0.0119050716554212,1.00471272994099,5.58097851816815,0.0551926746456013,0.0108963851433406,0.0442962895022607
1894-04-01,4.57,0.2367,0.2267,6.565052397,3.64,213.098478184164,11.0372887934774,757.201465489378,10.5709901541247,37.5618319970333,17.4348490780524,21.659778276889,-0.01051478338785,1.00469762346121,5.60728016273073,0.0575712525866692,0.0118077355199899,0.0457635170666792
1894-05-01,4.4,0.2333,0.2183,6.565052397,3.62,205.171401315169,10.8787472560975,732.255515677204,10.1792992970685,36.3298588800758,16.808751920918,20.8967694396787,-0.00611495482330063,1.00468251901064,5.63362105357674,0.0617793994255909,0.0139204297383602,0.0478589696872307
1894-06-01,4.34,0.23,0.21,6.565052397,3.6,202.373609479053,10.7248687051111,725.459962596108,9.7922714264058,35.1029014159407,16.6063196952925,20.6610310275666,-0.00518973312755001,1.00466741659232,5.66000059125887,0.0633813756850177,0.0136793160759723,0.0497020596090454
1894-07-01,4.25,0.2267,0.2017,6.565052397,3.58,198.176921724879,10.5709901541247,713.573730144433,9.40524355574309,33.8653697341487,16.2896797149169,20.2854652682213,-0.00277002067333549,1.00465231620929,5.68641817193107,0.0699055022658559,0.0134403626481856,0.0564651396176703
1894-08-01,4.41,0.2233,0.1933,6.755342479,3.56,199.845126904631,10.1191421400916,722.616745231125,8.75965148087646,31.6738813726024,16.4577770729984,20.5105495506022,-0.000416775789368683,1.00463721786457,5.55194824378769,0.0712875187825728,0.0149151679232156,0.0563723508593572
1894-09-01,4.48,0.22,0.185,6.850483471,3.54,200.197724117682,9.83113823792189,726.8540501709,8.2670935182525,30.0151784110751,16.5223154448772,20.6072650650556,0.00197686235302739,1.00462212156122,5.50022962232201,0.0744523834894788,0.0149259541051856,0.0595264293842932
1894-10-01,4.34,0.2167,0.1767,6.660193388,3.52,199.482698564548,9.96034580159851,727.271590322002,8.12179558441374,29.6103433202529,16.5029042057084,20.6029148441373,0.000577249777694459,1.0046070273023,5.68352717411933,0.08090851314593,0.0118385824921772,0.0690699306537528
1894-11-01,4.34,0.2133,0.1683,6.660193388,3.5,199.482698564548,9.80406903313781,730.250219934438,7.73570003880494,28.3182285748769,16.5427844474445,20.672276347819,0.00282466366892329,1.00459193509085,5.70971133898385,0.0840646133798013,0.00931235849179468,0.0747522548880066
1894-12-01,4.3,0.21,0.16,6.565052397,3.48,200.508414921643,9.7922714264058,736.992309859709,7.46077822964251,27.4229696691985,16.6724663337677,20.855013611175,0.00226550907785652,1.00457684492993,5.81905527974076,0.0844636764629392,0.00763407019737716,0.076829606265562
1895-01-01,4.25,0.2083,0.1675,6.565052397,3.46,198.176921724879,9.71300065771585,731.397738391258,7.81050220915701,28.8256755718908,16.5244439351627,20.6921670831082,0.00300278915190428,1.00190571038622,5.84568819339483,0.0879699961320524,0.00740907998672546,0.0805609161453269
1895-02-01,4.19,0.2067,0.175,6.565052397,3.47166666666667,195.379129888763,9.63839287541942,724.036435271332,8.1602261886715,30.2401852440294,16.3312376932114,20.4720463854237,0.00248578781928843,1.0019159687965,5.85682838209955,0.0940833419345786,0.00754407368291066,0.0865392682516679
1895-03-01,4.19,0.205,0.1825,6.565052397,3.48333333333333,195.379129888763,9.55912210672947,726.988453354678,8.50995016818599,31.6647715363314,16.3646254271748,20.5346419902035,0.00449094401972351,1.00192622679987,5.86804988252613,0.0982633510963371,0.00881625175887257,0.0894470993374645
1895-04-01,4.37,0.2033,0.19,6.850483471,3.495,195.282154998721,9.08486547167964,729.444616745636,8.49052847820527,31.7149833367668,16.3875438236863,20.5784533979595,0.00732555580903518,1.00193648439667,5.63438495654643,0.0968744568386031,0.013251792109497,0.0836226647291061
1895-05-01,4.61,0.2017,0.1975,6.945632562,3.50666666666667,203.18491691038,8.8898910500702,761.731322093004,8.70477680906726,32.6338256211211,17.0803695533824,21.4601497686764,0.00837611140796565,1.00194674158726,5.56796023962559,0.0882179180363742,0.0159428964017845,0.0722750216345898
1895-06-01,4.7,0.2,0.205,7.040773554,3.51833333333333,204.352439254717,8.69584847892411,768.825008183105,8.91324469089721,33.5338567399014,17.2074135397834,21.6282732100676,0.011519126998026,1.00195699837199,5.50341407745279,0.0888190555468318,0.0174568014171173,0.0713622541297145
1895-07-01,4.72,0.1983,0.2125,6.945632562,3.53,208.033147031886,8.74003666449639,785.412935536813,9.3658990983635,35.360222203723,17.5460146487405,22.0604031473842,0.0077553380580636,1.00196725475122,5.58971732115309,0.0901901063326567,0.016202722618998,0.0739873837136586
1895-08-01,4.79,0.1967,0.22,6.850483471,3.54166666666667,214.050691634754,8.78993132454198,810.897181327931,9.83113823792189,37.2437118772745,18.0740725472418,22.7283696447251,0.00461432625276693,1.00197751072529,5.67850426069559,0.0897639433690665,0.0137701344293175,0.0759938089397489
1895-09-01,4.82,0.195,0.2275,6.850483471,3.55333333333333,215.391301394471,8.71396343815804,818.726825302131,10.166290677851,38.6432267129118,18.2003359466055,22.8886695644204,0.00529377476585647,1.00198776629457,5.68973356377474,0.0906369055337011,0.0150559574717624,0.0755809480619387
1895-10-01,4.75,0.1933,0.235,6.850483471,3.565,212.263211955132,8.6379955517741,809.572768629882,10.5014431177802,40.0525475006362,17.9447066224665,22.5678925207399,0.00595980732627058,1.0019980214594,5.7010434243779,0.0937096776966522,0.0151809063999453,0.0785287712967069
1895-11-01,4.59,0.1917,0.2425,6.850483471,3.57666666666667,205.113293236643,8.56649636458921,785.025670103162,10.8365955577094,41.4746677559949,17.3429989919217,21.8129465560514,0.00659660714755658,1.00200827622013,5.71243423148077,0.0955636964387183,0.0141445525140707,0.0814191439246477
1895-12-01,4.32,0.19,0.25,6.755342479,3.58833333333333,195.766654926985,8.61010750836279,751.999590008647,11.3290888267931,43.5184947921671,16.548415156668,20.8186480776281,0.00556134762595424,1.00201853057713,5.8045208143314,0.102043455637792,0.0117060164204459,0.0903374392173457
1896-01-01,4.27,0.1892,0.2467,6.660193388,3.6,196.265235684475,8.69634252728398,756.698567098585,11.3392584644871,43.7183926237051,16.5762248285682,20.8585521560944,0.0062604116349687,1.00438929645251,5.89932955435594,0.105421795998884,0.0103921432098946,0.0950296527889893
1896-02-01,4.45,0.1883,0.2433,6.565052397,3.58333333333333,207.502894511932,8.78040337901053,802.846306178884,11.3450458954501,43.8949452344545,17.5154033526373,22.0405920312703,0.0017805233819333,1.00437649490701,6.01109202616832,0.0984340114189468,0.00861665548872281,0.089817355930224
1896-03-01,4.38,0.1875,0.24,6.565052397,3.56666666666667,204.238804036464,8.74309948786232,793.036245976979,11.1911673444638,43.4540408754509,17.2323627122986,21.6850076992226,0.00405986995445476,1.00436369454051,6.03739953980642,0.0973936552830836,0.00829710369431313,0.0890965515887705
1896-04-01,4.42,0.1867,0.2367,6.469903306,3.55,209.135049784313,8.83382665039167,814.906212176745,11.1996077565491,43.6398869733564,17.64369937813,22.2018427652172,0.00263045740660166,1.00435089535448,6.15292086374847,0.0932556914238896,0.0065102640645871,0.0867454273593025
1896-05-01,4.4,0.1858,0.2333,6.374754215,3.53333333333333,211.296146419349,8.92246000107158,826.224281923273,11.2034979453714,43.8086647665227,17.8282668942328,22.432252972028,0.00318021272136577,1.00433809735038,6.27192917964566,0.0879572783379488,0.00358577133019122,0.0843715070077575
1896-06-01,4.32,0.185,0.23,6.279613223,3.51666666666667,210.597492717586,9.01864262795218,826.431134446564,11.212366510427,43.9998057691458,17.7775786164305,22.3662604006029,0.00326536726331282,1.00432530052969,6.39457421765561,0.0896996365690601,0.00176962350440668,0.0879300130646534
1896-07-01,4.04,0.1842,0.2267,6.279613223,3.5,196.947655226631,8.97964309226374,775.802662286545,11.0514934257122,43.5332830545445,16.6371001033946,20.9330615312485,0.0060532997371382,1.00431250489388,6.42223267290639,0.0978346958893361,0.00486526279883237,0.0929694330905038
1896-08-01,3.81,0.1833,0.2233,6.279613223,3.48333333333333,185.735288716204,8.93576861461424,734.568942816377,10.8857453990363,43.0522952574533,15.7033705462269,19.7642650400917,0.00857616671363478,1.00429971044443,6.44992858273796,0.109584332818521,0.00228234281529582,0.107301990003225
1896-09-01,4.01,0.1825,0.22,6.279613223,3.46666666666667,195.485172638315,8.8967690789258,776.061162738146,10.7248723143215,42.5769216464818,16.544339943032,20.8249039016778,0.00550586938979181,1.00428691718282,6.47766140803101,0.10597480400939,0.000864253375003843,0.105110550634386
1896-10-01,4.1,0.1817,0.2167,6.469903306,3.45,193.994050704905,8.59724853977593,772.985724389201,10.2532953140861,40.8551235305219,16.4388668047259,20.6921517908356,0.00898947990452726,1.00427412511052,6.31409560897495,0.101002572511411,0.00135652991722246,0.0996460425941885
1896-11-01,4.38,0.1808,0.2133,6.660193388,3.43333333333333,201.321248781733,8.31024698167518,804.940972574473,9.80406903313781,39.1995227055103,17.0894252423711,21.5066751698362,0.00969302008022036,1.00426133422901,6.15991015022717,0.0979610733867669,0.00288599808102319,0.0950750753057437
1896-12-01,4.22,0.18,0.21,6.660193388,3.41666666666667,193.967047912994,8.27347597733148,778.293383299747,9.65238864022007,38.7302394533049,16.5014041805901,20.7657641210973,0.010736338168095,1.00424854453979,6.18615958619799,0.0998561308797541,0.00152423326237217,0.0983318976173819
1897-01-01,4.22,0.18,0.2183,6.469903306,3.4,199.671925359683,8.51681198216658,804.032033020864,10.3290003094831,41.5924627508187,17.0265212823806,21.4259089461932,0.0038227047514218,1.00318373265932,6.39515949176234,0.0946774075814976,-0.000591657512256649,0.0952690650937542
1897-02-01,4.18,0.18,0.2267,6.469903306,3.39583333333333,197.779300474757,8.51681198216658,799.268810076428,10.7264515353176,43.3479041254369,16.8940258832541,21.2570603623779,0.00316693280238817,1.00318032920235,6.41551996989783,0.0899182303632777,-0.00286633241998702,0.0927845627832647
1897-03-01,4.19,0.18,0.235,6.469903306,3.39166666666667,198.252456695989,8.51681198216658,804.049125926168,11.1191711989397,45.0958340316586,16.958030716721,21.333760247196,0.00298518865083706,1.00317692576405,6.43592343540638,0.0796413435571226,-0.00195869632266632,0.0816000398797889
1897-04-01,4.06,0.18,0.2433,6.374754215,3.3875,194.968716923308,8.64393326260972,793.652739354324,11.6837164599608,47.5605200701741,16.6968574347347,21.0019068205023,0.0025014578482112,1.00317352234442,6.55273716661612,0.0820072695885026,-0.00358251291688083,0.0855897825053834
1897-05-01,4.08,0.18,0.2517,6.279613223,3.38333333333333,198.897632011054,8.77489552989942,812.622684567495,12.270228915976,50.1316494376565,17.0477551292294,21.436906305372,-0.000156886830770239,1.00317011894346,6.67312651941711,0.073860583095227,-0.00731647066922869,0.0811770537644557
1897-06-01,4.27,0.18,0.26,6.279613223,3.37916666666667,208.160021737058,8.77489552989942,853.45299102248,12.6748490987436,51.9666926617903,17.8504972806906,22.4331969841339,-0.00159851600580957,1.00316671556118,6.69428112420842,0.0644999105497139,-0.00848586800421713,0.0729857785539311
1897-07-01,4.46,0.18,0.2683,6.279613223,3.375,217.422411463063,8.77489552989942,894.426729467353,13.0794692815112,53.8059846448634,18.6519757558203,23.4206663179642,-0.00279434876924443,1.0031633121976,6.71548000841539,0.0639659845200011,-0.00862592565349452,0.0725919101734956
1897-08-01,4.75,0.18,0.2767,6.565052397,3.37083333333333,221.491853692512,8.39337550834783,914.044867384996,12.902483350888,53.245518906406,19.0063960105194,23.8381463874775,-0.000573213902045427,1.0031599088527,6.44381999240307,0.0539187403502899,-0.00434808742882231,0.0582668277791122
1897-09-01,4.98,0.18,0.285,6.755342479,3.36666666666667,225.675449429719,8.15694395529106,934.114733912169,12.9151612625442,53.4583733262989,19.3723702933978,24.2667489111082,0.00245846122309111,1.0031565055265,6.28209344725189,0.0510136924021449,-0.00163650996701104,0.052650202369156
1897-10-01,4.82,0.18,0.2933,6.660193388,3.3625,221.545301170765,8.27347597733148,919.873038448789,13.4811694675074,55.974846924695,19.0280312239024,23.8072170977423,0.000862089073376343,1.00315310221901,6.39195366452548,0.0400801070973762,-0.00420911528829349,0.0442892223856697
1897-11-01,4.65,0.18,0.3017,6.660193388,3.35833333333333,213.73146274773,8.27347597733148,890.292058996598,13.8672650131162,57.763680472962,18.3584480980502,22.9430216583203,0.00165912712660844,1.00314969893023,6.41210814780893,0.0421241945394566,-0.000184666149205981,0.0423088606886626
1897-12-01,4.75,0.18,0.31,6.660193388,3.35416666666667,218.327838290692,8.27347597733148,912.310034649202,14.248764183182,59.5402338402637,18.7487576625255,23.4011219036543,-0.00171157182916267,1.00314629566017,6.43230435798261,0.0476169556943731,0.00183504295489922,0.0457819127394739
1898-01-01,4.88,0.1817,0.3133,6.660193388,3.35,224.303126496542,8.35161436156184,940.186708111457,14.4004445760997,60.3607573055982,19.2490000218138,23.9932402007538,-0.00417390142453492,1.0045491757318,6.45254228926902,0.0505403287547588,0.00280013374314314,0.0477401950116156
1898-02-01,4.87,0.1833,0.3167,6.755342479,3.32916666666667,220.69065034593,8.30648792780473,927.946138955518,14.3516897257816,60.3450805353619,18.9181318880021,23.5512900113251,-0.000550105213422698,1.00453354217337,6.39059844391183,0.0497457861221193,0.00527707223202278,0.0444687138900965
1898-03-01,4.65,0.185,0.32,6.755342479,3.30833333333333,210.721052178352,8.38352573182692,888.964144240668,14.5012336982952,61.1760271305406,18.0421749234687,22.4377841467147,0.00222457662286763,1.00451791096254,6.41957049147035,0.0590469362411379,0.00522085573437003,0.0538260805067678
1898-04-01,4.57,0.1867,0.3233,6.755342479,3.2875,207.095743753779,8.46056353584912,876.644503152114,14.6507776708089,62.0173233849187,17.7050894264118,21.9987396229164,0.00462186823544943,1.00450228210299,6.44857353936858,0.0654479855874457,0.00405516650599669,0.061392819081449
1898-05-01,4.87,0.1883,0.3267,7.231071736,3.26666666666667,206.171502569643,7.97168253262091,875.544190915993,13.8308480265919,58.7351719039538,17.5956352745128,21.8394026132573,0.0130362336621403,1.00448665559836,6.05144772768941,0.0716814521383689,0.010856566499063,0.0608248856393059
1898-06-01,5.06,0.19,0.33,6.755342479,3.24583333333333,229.300757854293,8.61010750836279,976.813743911778,14.9543972513669,63.7052441681595,19.544817480548,24.2349468437978,0.00203304459725297,1.00447103145234,6.5066696275821,0.0606393362388515,0.00394702583233086,0.0566923104065207
1898-07-01,5.08,0.1917,0.3333,6.660193388,3.225,233.495877582466,8.81125191585803,997.812787484941,15.3197196846921,65.4667326906951,19.8589430141673,24.5971565000822,-0.00112322742759043,1.00445540966861,6.62913257491574,0.0615059676171232,0.00137594233353822,0.060130025283585
1898-08-01,5.27,0.1933,0.3367,6.660193388,3.20416666666667,242.228991114094,8.88479392454542,1038.2965533525,15.4759964531528,66.3367076876257,20.5449151791533,25.4170535625702,-0.00259619718488335,1.00443979025084,6.65866807628449,0.0621880298455677,0.00132408448294408,0.0608639453626236
1898-09-01,5.26,0.195,0.34,6.660193388,3.18333333333333,241.769353559798,8.96293230877578,1039.52792972033,15.6276768460706,67.1938205522647,20.4427328626913,25.2630430918106,-0.00214456926944966,1.00442417320273,6.68823116589316,0.0613420486556655,0.00127305678341094,0.0600689918722546
1898-10-01,5.15,0.1967,0.3433,6.660193388,3.1625,236.71334046254,9.04107069300613,1021.02821927269,15.7793572389883,68.0619393546244,19.9471998257737,24.6271812298034,-0.00186731581479021,1.00440855852798,6.71782105899099,0.0638293415728266,0.000141726686575305,0.0636876148862513
1898-11-01,5.32,0.1983,0.3467,6.660193388,3.14166666666667,244.527178885575,9.11461270169352,1058.0082753115,15.935634007449,68.949524257612,20.5274163248113,25.3190436855038,-0.0042081023515612,1.00439294623029,6.74743696631006,0.0662836489721599,-0.000976868066469239,0.0672605170386291
1898-12-01,5.65,0.2,0.35,6.755342479,3.12083333333333,256.037407485525,9.06327106143451,1111.07804783051,15.8607243575104,68.8278436709165,21.4036319854482,26.3718584606314,-0.00460507118020311,1.00437733631337,6.68162285666011,0.0627234255768023,-0.000665522715369349,0.0633889482921717
1899-01-01,6.08,0.2008,0.3608,6.755342479,3.1,275.523440267609,9.09952414568025,1198.92859648552,16.3501409948279,71.1469469756539,22.9328074164872,28.2229495760876,-0.00406742927646486,1.00222807504544,6.71087056702281,0.0565252931207116,0.000345087580399861,0.0561802055403118
1899-02-01,6.31,0.2017,0.3717,6.945632562,3.10416666666667,278.112109697288,8.8898910500702,1213.41674742292,16.382610328761,71.478130747559,23.0481175499802,28.3259930695927,-0.000410259887039341,1.00223161733449,6.5415549514419,0.0514798358298993,0.00205391820526968,0.0494259176246297
1899-03-01,6.4,0.2025,0.3825,6.945632562,3.10833333333333,282.078843433066,8.92515090549934,1233.96887339452,16.8586183770543,73.7489209489693,23.2796822455087,28.5703896846671,0.000313937681457932,1.00223515960448,6.55615319886607,0.0515399495251621,0.00204191551614197,0.0494980340090201
1899-04-01,6.48,0.2033,0.3933,7.040773554,3.1125,281.745490717141,8.83932997882636,1235.73294742642,17.1003860338043,75.0021247257425,23.1524215256865,28.3715178875059,0.00185407326429014,1.0022387018554,6.48201684487118,0.0542034181579476,0.00130699804472156,0.052896420113226
1899-05-01,6.21,0.2042,0.4042,7.040773554,3.11666666666667,270.006095270594,8.87846129698151,1187.48914493417,17.5743097759056,77.2919665672131,22.0912693608342,27.0333638846591,0.00633417907836156,1.00224224408728,6.49652814800854,0.061171919402222,0.000269830340435817,0.0609020890617862
1899-06-01,6.07,0.205,0.415,7.135922645,3.12083333333333,260.399953508745,8.79439711190983,1148.46440317499,17.8032917143541,78.5193949452421,21.2120919250468,25.9207431909313,0.00950150406462329,1.0022457863001,6.42427719735881,0.0658860161768597,0.000587129924949803,0.0652988862519099
1899-07-01,6.28,0.2058,0.4258,7.231071736,3.125,265.863867790012,8.7125452215262,1175.76451707892,18.0262475963356,79.7198298363379,21.5614256345231,26.3076396383757,0.0100129590058261,1.00224932849389,6.35398191514737,0.0652716359720986,0.00190434540257556,0.0633672905695231
1899-08-01,6.44,0.2067,0.4367,7.326212727,3.12916666666667,269.096895416971,8.63700749731178,1193.24540476367,18.2476109050607,80.9146379286169,21.7262373730555,26.4666298547146,0.0109207746768277,1.00225287066864,6.28557327276553,0.0655416342852086,0.00219860434891106,0.0633430299362976
1899-09-01,6.37,0.2075,0.4475,7.611651901,3.13333333333333,256.190403917947,8.34529180737426,1139.09844074212,17.9976775122891,80.0230066298431,20.5911405141138,25.0446838284201,0.0159898218823927,1.00225641282437,6.06349199305966,0.0699180370145198,0.00502905178719448,0.0648889852273253
1899-10-01,6.34,0.2083,0.4583,7.706792893,3.1375,251.836059038624,8.2740459144709,1122.80347158899,18.2044898828709,81.1641689320555,20.1537134606866,24.4767232962824,0.018243647300443,1.00225995496107,6.00215052467414,0.070157410592572,0.00429984567292951,0.0658575649196425
1899-11-01,6.46,0.2092,0.4692,7.801941983,3.14166666666667,253.47325759523,8.20845286206225,1133.15263358143,18.4101629200746,82.3026649653879,20.1964575208023,24.4914141481826,0.0193247742894887,1.00226349707876,5.94235007027588,0.0680010728453269,0.00455562747909277,0.0634454453662341
1899-12-01,6.02,0.21,0.48,7.897091074,3.14583333333333,233.362833571394,8.1405639617928,1046.28164886187,18.6070033412407,83.4244504075912,18.5126496436002,22.4198551091105,0.0237717005478369,1.00226703917743,5.88404135319845,0.0771675511023306,0.00480657220797998,0.0723609788943507
1900-01-01,6.1,0.2175,0.48,7.897091074,3.15,236.464000794934,8.43129838899968,1063.33586593738,18.6070033412407,83.672330434417,18.6742753624448,22.587334824329,0.0257378115670352,1.0029795584768,5.89738070546778,0.0745278426898179,0.00576422846913593,0.068763614220682
1900-02-01,6.21,0.225,0.48,7.992232066,3.14583333333333,237.862434336376,8.6182041426223,1072.85391095444,18.3855021709276,82.9259061607297,18.7037974172514,22.5957491048534,0.0268976529630893,1.00297615615004,5.84453962237842,0.0700808913247457,0.00694933493282535,0.0631315563919204
1900-03-01,6.26,0.2325,0.48,7.992232066,3.14166666666667,239.777590812514,8.90547761404304,1084.83929582923,18.3855021709276,83.1825658143822,18.7757934212384,22.658551692872,0.0267343071474914,1.0029727538423,5.86193388491972,0.0698642241876029,0.00501432407559421,0.0648499001120086
1900-04-01,6.34,0.24,0.48,7.992232066,3.1375,242.841841174335,9.19275108546379,1102.16899704056,18.3855021709276,83.4449713847745,18.9364020333227,22.8301229572264,0.0263242499179316,1.00296935155358,5.87935997139942,0.0649775014996945,0.00405254866253202,0.0609249528371625
1900-05-01,6.04,0.2475,0.48,7.801941983,3.13333333333333,236.993572116902,9.71124322830022,1079.29885154236,18.8339262609459,85.772094162307,18.4031970169504,22.1721156941517,0.0242328586516377,1.00296594928389,6.04064178832344,0.0678751388012648,0.00350976660516533,0.0643653721960995
1900-06-01,5.86,0.255,0.48,7.706792893,3.12916666666667,232.769606619296,10.129052847768,1063.9064586076,19.066452419328,87.145921524172,17.992711584304,21.6670913260677,0.0242863931112911,1.00296254703323,6.13335778863339,0.0656115362169216,0.00322229617530323,0.0623892400416184
1900-07-01,5.86,0.2625,0.48,7.801941983,3.125,229.930849769048,10.2998034239548,1054.85457752554,18.8339262609459,86.4044705140376,17.6895454689528,21.2938897099571,0.0265083722450727,1.00295914480161,6.07650678861387,0.0614717729799905,0.00443823474032401,0.0570335382396665
1900-08-01,5.94,0.27,0.48,7.706792893,3.12083333333333,235.947348689184,10.724879485872,1086.55670500791,19.066452419328,87.8025620208411,18.0696146667842,21.7454698434879,0.0205030005968179,1.00295574258904,6.16973141209958,0.0623627296190052,0.00416146737588208,0.0582012622431232
1900-09-01,5.8,0.2775,0.48,7.801941983,3.11666666666667,227.57660898643,10.8883636196093,1052.18725201977,18.8339262609459,87.0775656843944,17.3418741512247,20.8692259539247,0.0229104466516024,1.00295234039552,6.11250178998334,0.0680054154383336,0.00636177612781252,0.0616436393105211
1900-10-01,6.01,0.285,0.48,7.706792893,3.1125,238.727873000336,11.320706123976,1108.10619341849,19.066452419328,88.5009938171171,18.1023987845561,21.78469252513,0.0193076134800888,1.00294893822106,6.20623653656133,0.0709150779564365,0.00811917905094695,0.0627958989054895
1900-11-01,6.48,0.2925,0.48,7.706792893,3.10833333333333,257.397107660928,11.618619443028,1199.25760762336,19.066452419328,88.8338968609894,19.4195846037608,23.3654764918472,0.0179748125893105,1.00294553606567,6.22453834469296,0.0649842505332328,0.0101666337976727,0.0548176167355601
1900-12-01,6.87,0.3,0.48,7.611651901,3.10416666666667,276.299540803186,12.0654821311435,1292.01190752603,19.3047714098296,90.2715743249629,20.7440511608708,24.9511399170866,0.0134902674456145,1.00294213392934,6.32090503936354,0.0545452515759519,0.00890091890448597,0.0456443326714659
1901-01-01,7.07,0.3017,0.4817,7.706792893,3.1,280.832955426353,11.9840597810651,1317.88064880434,19.1339794383132,89.7911044595546,20.9785818345362,25.2231079288443,0.0154413628921573,1.00201498734052,6.26124031519296,0.0554325567513385,0.010144103392991,0.0452884533583475
1901-02-01,7.25,0.3033,0.4833,7.611651901,3.10666666666667,291.582484835968,12.1982024345861,1373.09583777925,19.4374917132722,91.5334094343048,21.6791498482062,26.0532513608088,0.0113859460362587,1.00202072222323,6.35227600479613,0.0566605634538417,0.0121751462551711,0.0444854171986706
1901-03-01,7.51,0.305,0.485,7.611651901,3.11333333333333,302.039236016292,12.2665734999959,1427.15162219757,19.505862778682,92.1662499022397,22.3475839506838,26.840868787785,0.0087471301208264,1.00202645702788,6.36511219008711,0.0506823844705884,0.0112146845657428,0.0394676999048456
1901-04-01,8.14,0.3067,0.4867,7.51650281,3.12,331.520909788631,12.4910888245913,1571.37253732462,19.8220180336765,93.9541786137458,24.4097169948272,29.2938049892542,0.0024736219890211,1.00203219175451,6.45874808837945,0.0439510397384857,0.0132992884497272,0.0306517512887585
1901-05-01,7.73,0.3083,0.4883,7.51650281,3.12666666666667,314.822682145714,12.5562526397832,1497.1843848842,19.8871818488684,94.5763434849877,23.0640126848636,27.6611020453511,0.00597280542636509,1.00203792640316,6.47187350298912,0.0516848399483949,0.0134090819047867,0.0382757580436082
1901-06-01,8.5,0.31,0.49,7.51650281,3.13333333333333,346.182768206801,12.6254891934245,1651.32529557463,19.9564184025097,95.1940464507727,25.2384662059603,30.2403881109842,0.0045684933621028,1.00204366097387,6.48506270487879,0.0439200550451817,0.0135185201183905,0.0304015349267912
1901-07-01,7.93,0.3117,0.4917,7.611651901,3.14,318.930910999893,12.5360359342581,1526.31447558412,19.7753252129442,94.6391964243018,23.1448485537081,27.7111506007699,0.0105647383378574,1.00204939546669,6.41708408601071,0.051025249768653,0.0138075670831099,0.037217682685543
1901-08-01,8.04,0.3133,0.4933,7.706792893,3.14666666666667,319.363078023745,12.4448323811989,1533.34583156489,19.5947520384469,94.0795396406668,23.0771777138444,27.6089094728204,0.0118661885203904,1.00205512988163,6.35085344637982,0.0425426495865149,0.0119579664270191,0.0305846831594958
1901-09-01,8,0.315,0.495,7.801941983,3.15333333333333,313.898771015765,12.3597641087457,1512.05546716038,19.4224864566004,93.5584320305488,22.5904683168602,27.007461920877,0.0152054206935735,1.00206086421876,6.2862938551084,0.037557171030512,0.0122599194070239,0.0252972516234882
1901-10-01,7.91,0.3167,0.4967,7.801941983,3.16,310.367409841838,12.4264675975866,1500.03305113868,19.4891899454413,94.1929730089232,22.2529016184089,26.5864550066479,0.0158102566507971,1.0020665984781,6.299249053183,0.0394487829111811,0.0123677667411046,0.0270810161700765
1901-11-01,8.08,0.3183,0.4983,7.897091074,3.16666666666667,313.217889577551,12.3387690906602,1518.77920086705,19.3163953436255,93.6643163108976,22.3750747776528,26.7132152490284,0.0179774896214205,1.00207233265969,6.23621293119743,0.0437817290043021,0.014753651561354,0.0290280774429481
1901-12-01,7.95,0.32,0.5,7.992232066,3.17333333333333,304.509879705988,12.257001447285,1481.50726305503,19.1515647613829,93.1765574248446,21.6802151410297,25.8667843384353,0.0205474496415332,1.00207806676358,6.17474557602054,0.048385624474673,0.0171418553833096,0.0312437690913634
1902-01-01,8.12,0.3208,0.5108,7.897091074,3.18,314.768473189322,12.4356805663959,1536.45942649153,19.8009527223036,96.6531373216594,22.3402907960336,26.6356995084128,0.0204939743032923,1.00180083499403,6.26212256166239,0.0440433817230586,0.0149680511029811,0.0290753306200775
1902-02-01,8.19,0.3217,0.5217,7.897091074,3.19,317.481994509919,12.4705686976607,1554.77741618524,20.223486756511,99.0387518954629,22.4599574524604,26.7560703894658,0.0201554814301438,1.00180956958075,6.27339961110833,0.0412616280078912,0.013770618676437,0.0274910093314542
1902-03-01,8.2,0.3225,0.5325,7.897091074,3.2,317.869640412862,12.5015803698961,1561.77771132832,20.6421443316889,101.420320888089,22.4106522882173,26.6741360556312,0.0228084652273202,1.00181830390573,6.28475176421249,0.0420610714106295,0.0115594865734872,0.0305015848371424
1902-04-01,8.48,0.3233,0.5433,7.992232066,3.21,324.810538353054,12.3834017747102,1600.95042509742,20.8100902697186,102.570326173989,22.8231086984979,27.1363188795185,0.0244711149451351,1.00182703796917,6.22122848253464,0.0399985235495661,0.00961210473193197,0.0303864188176342
1902-05-01,8.46,0.3242,0.5542,8.087381157,3.22,320.232050366314,12.2717766818864,1583.42413584509,20.9778489731692,103.727382515999,22.4279544933298,26.6377644853248,0.0263423826563986,1.00183577177127,6.15926761366076,0.0414639690507144,0.0106694216745538,0.0307945473761606
1902-06-01,8.41,0.325,0.565,8.18251405,3.23,314.638295671487,12.1590304510385,1560.77531708455,21.138006784113,104.855892289271,21.9637422955146,26.0587916266176,0.0283712120835324,1.00184450531221,6.0988332719279,0.044424332978287,0.012713833691679,0.031710499286608
1902-07-01,8.6,0.3258,0.5758,8.18251405,3.24,321.746651935171,12.1889603721487,1601.07524099714,21.5420607191014,107.197572530948,22.3856865894014,26.5294000031678,0.0247093358963878,1.00185323859219,6.11008260229623,0.0423038584455071,0.0125807609523096,0.0297230974931975
1902-08-01,8.83,0.3267,0.5867,8.087381157,3.25,334.237471008812,12.3664079024438,1668.36017927937,22.2080548404156,110.852425502062,23.1686718340929,27.4248985319493,0.0205953724747784,1.00186197161141,6.19341292090467,0.0397743947254563,0.0102710604261524,0.0295033342993039
1902-09-01,8.85,0.3275,0.5975,8.18251405,3.26,331.099752282124,12.252561454508,1657.79472363296,22.3539098292168,111.924559024937,22.8565663819545,27.022746801513,0.0222664997885541,1.00187070437007,6.1328039274506,0.0403678816700506,0.010339344178423,0.0300285374916276
1902-10-01,8.57,0.3283,0.6083,8.753424793,3.27,299.712710972052,11.4814099197345,1505.43242376861,21.2736571860326,106.85583936738,20.6044254018598,24.3333352595232,0.0337912354989395,1.00187943686835,5.74353818285334,0.0506577421903092,0.017051199726382,0.0336065424639271
1902-11-01,8.24,0.3292,0.6192,8.467928926,3.28,297.887549841724,11.901041432997,1501.24628519619,22.3849479201451,112.8120994895,20.4085412550722,24.0817907337872,0.0281888989837707,1.00188816910646,5.94833988820935,0.0501995970102687,0.013562018219297,0.0366375787909716
1902-12-01,8.05,0.33,0.63,8.563094215,3.29,287.784568653143,11.797379832986,1455.28543431383,22.522270590246,113.891903554995,19.6332321268238,23.1483279292375,0.0298818220714873,1.00189690108458,5.89334012184395,0.0510898036602496,0.015566176169387,0.0355236274908626
1903-01-01,8.46,0.3317,0.6217,8.658259504,3.3,299.117697824087,11.7278180104314,1517.53760712984,21.9812615528646,111.519282547591,20.3181320538285,23.9336217995285,0.0254615154674946,1.00204630535288,5.83962102594639,0.0452286507792112,0.0155804718612178,0.0296481789179934
1903-02-01,8.41,0.3333,0.6133,8.658259504,3.30833333333333,297.349862730564,11.7843887334241,1513.55093179669,21.6842652571528,110.375836679062,20.1070515175528,23.6685010521734,0.0246869476278978,1.00205352631835,5.85157067371056,0.0421967923685511,0.0159446434418549,0.0262521489266963
1903-03-01,8.08,0.335,0.605,8.372844628,3.31666666666667,295.420530285278,12.2482521838574,1508.92580732032,22.1199778245784,112.982687305543,19.8845603848728,23.3967095693093,0.0242107044571606,1.00206074713368,6.06346592694887,0.040994966820622,0.0129054374470381,0.0280895293735839
1903-04-01,7.75,0.3367,0.5967,8.372844628,3.325,283.355087835508,12.3104074934472,1452.53873143682,21.8165136659932,111.836111103013,18.9800226018263,22.3263267418285,0.0277605817057182,1.00206796779894,6.07596119697798,0.0453228631931728,0.0132635677775601,0.0320592954156127
1903-05-01,7.6,0.3383,0.5883,8.18251405,3.33333333333333,284.334250547361,12.6566153894963,1462.96483833244,22.009715736449,113.245028209339,18.9548587230399,22.2943455324151,0.0266817246427537,1.00207518831424,6.23014915048012,0.0432435197099703,0.0123289831720588,0.0309145365379115
1903-06-01,7.18,0.34,0.58,8.18251405,3.34166666666667,268.62104196448,12.7202164718556,1387.57081705873,21.6991928049302,112.087893300009,17.8185517229685,20.9611545916538,0.0325161246080779,1.00208240867966,6.24307788319316,0.042822850768603,0.0116437072259019,0.0311791435427011
1903-07-01,6.85,0.3417,0.5717,8.18251405,3.35,256.274949506503,12.7838175542149,1329.29960666686,21.3886698734113,110.943151114079,16.9181784147667,19.9104045655508,0.0380459524443538,1.00208962889531,6.25607852276493,0.0481605338681053,0.0109668881036569,0.0371936457644484
1903-08-01,6.63,0.3433,0.5633,8.18251405,3.35833333333333,248.044221201184,12.8436773964354,1292.15845816769,21.0744057017537,109.784745020491,16.2991187909035,19.1940174492661,0.0442933462477049,1.00209684896127,6.26915140521741,0.0544094727600963,0.0113141924532669,0.0430952803068294
1903-09-01,6.47,0.345,0.555,8.277679339,3.36666666666667,239.275386722008,12.7588884728119,1252.0170345098,20.5251684127843,107.398679158105,15.6543591151969,18.4493262014992,0.0438226185556059,1.00210406887763,6.21007172303417,0.0581708250992694,0.0118121439665027,0.0463586811327668
1903-10-01,6.26,0.3467,0.5467,8.18251405,3.375,234.201632687695,12.9708795611539,1231.12431739934,20.4533598387161,107.5168792847,15.2529438257788,17.9966850851698,0.0429265110725216,1.0021112886445,6.29551525415122,0.0570597158212736,0.0109849667387736,0.0460747490825
1903-11-01,6.28,0.3483,0.5383,8.087381157,3.38333333333333,237.713626040242,13.1840216480599,1255.36111636923,20.3759944104239,107.605237092604,15.4078775342979,18.2017333181042,0.0436635306827503,1.00211850826196,6.38301820190432,0.0517621945010964,0.00913804951029462,0.0426241449908018
1903-12-01,6.57,0.35,0.53,8.087381157,3.39166666666667,248.690847624903,13.248370878039,1319.1619799002,20.0618187581733,106.416415425739,16.0428941400501,18.9720731717952,0.0423713950434658,1.0021257277301,6.39654067870129,0.0479927933574105,0.0104795692797621,0.0375132240776483
1904-01-01,6.68,0.3467,0.5267,8.277679339,3.4,247.04166666198,12.8217583580402,1316.08169439796,19.4785697351594,103.76949527536,15.8618339140336,18.777066213619,0.0481489554392365,1.00227298033552,6.26277329806567,0.0529594991790303,0.0131677002369357,0.0397917989420946
1904-02-01,6.5,0.3433,0.5233,8.467928926,3.40666666666667,234.984110918835,12.4107761966825,1257.35639659043,18.9180284990502,101.226861897811,15.0214983803314,17.8030355061204,0.0553570231091606,1.00227871174393,6.13598244419539,0.0607126747871845,0.0165598635409627,0.0441528112462217
1904-03-01,6.48,0.34,0.52,8.372844628,3.41333333333333,236.921415377302,12.4310619179449,1273.26557901681,19.0122123450921,102.175632884065,15.0819301762589,17.8965473238072,0.0567927220660921,1.00228444307601,6.21980524779575,0.0578552517973396,0.0154787093720754,0.0423765424252642
1904-04-01,6.64,0.3367,0.5167,8.277679339,3.42,245.562375244843,12.4519355037558,1325.28052732841,19.108746880875,103.128380793763,15.5654906116915,18.4903270587397,0.0534956482419627,1.0022901743318,6.305684095536,0.0526308367769464,0.0154149922830733,0.0372158444938731
1904-05-01,6.5,0.3333,0.5133,8.087381157,3.42666666666667,246.041173449295,12.6162343247154,1333.53863041968,19.4296822048497,105.308519845296,15.5258208962546,18.4647832837709,0.0512155871344385,1.00229590551135,6.46883940136595,0.052042026397904,0.0120940475982241,0.0399479787996799
1904-06-01,6.51,0.33,0.51,8.087381157,3.43333333333333,246.419698331525,12.4913211135796,1341.23212251826,19.3047689937139,105.073484252582,15.4744336386527,18.4246643760789,0.0513628083135553,1.00230163661468,6.48369124539957,0.0514048190766332,0.0121599529164644,0.0392448661601688
1904-07-01,6.78,0.3267,0.5067,8.087381157,3.44,256.639870151727,12.3664079024438,1402.46833106134,19.1798557825781,104.81278810454,16.0364016296241,19.1127809709771,0.0490315500476062,1.00230736764184,6.49861434656828,0.0402334991380255,0.0112090513604182,0.0290244477776074
1904-08-01,7.01,0.3233,0.5033,8.18251405,3.44666666666667,262.260933728552,12.0954293686792,1438.69413274432,18.8296616184851,103.294544509303,16.304651978851,19.4497534279537,0.0462169579479007,1.00231309859287,6.43787944443591,0.0360247472800435,0.0104552722789841,0.0255694750010593
1904-09-01,7.32,0.32,0.5,8.277679339,3.45333333333333,270.710329336182,11.8343313371009,1490.45528380321,18.4911427142201,101.807054904591,16.7426000491637,19.9882353767121,0.0442990892280698,1.0023188294678,6.37858587435719,0.0328555524956096,0.011690229927998,0.0211653225676116
1904-10-01,7.75,0.3167,0.4967,8.277679339,3.46,286.612712070411,11.712289795187,1583.38306673587,18.3691011723062,101.479531515833,17.6331973708214,21.0654604766133,0.0440906924906588,1.00232456026667,6.39337672724555,0.0281179122456039,0.0127534073517315,0.0153645048938724
1904-11-01,8.17,0.3133,0.4933,8.467928926,3.46666666666667,295.356951724136,11.3262341462879,1636.90463422487,17.8334864486556,98.8353801790854,18.0762002237701,21.6053654638267,0.0449590901317153,1.00233029098952,6.26426414688728,0.0241678158054781,0.0141237892992239,0.0100440265062542
1904-12-01,8.25,0.31,0.49,8.467928926,3.47333333333333,298.249063858522,11.2069345207445,1658.10892722227,17.7141868231122,98.4816211319896,18.1596791187032,21.7167982300782,0.0461129478955936,1.00233602163638,6.27886170518474,0.0198562552235337,0.0151895216704603,0.00466673355307345
1905-01-01,8.43,0.3117,0.505,8.467928926,3.48,304.75631616089,11.2683919036002,1699.50638010526,18.2564578483095,101.809101062059,18.4598520324559,22.0876898016654,0.0451508440653342,1.00324908264452,6.29352926197992,0.0196063689808488,0.0152556199397422,0.00435074904110655
1905-02-01,8.8,0.3133,0.52,8.467928926,3.47583333333333,318.132334782423,11.3262341462879,1779.36268374854,18.7987288735068,105.144158585141,19.1689963758298,22.9441841721809,0.0431884676563596,1.00324567883032,6.31397745867777,0.0150613567919,0.0164247752748836,-0.0013634184829836
1905-03-01,9.05,0.315,0.535,8.372844628,3.47166666666667,330.885618698238,11.5170132475077,1856.06178071965,19.5606415473544,109.722989246962,19.8315060742184,23.7420933246707,0.0403296918235847,1.00324227503468,6.40640657050218,0.0148490640264132,0.0164560995317147,-0.0016070355053015
1905-04-01,8.94,0.3167,0.55,8.372844628,3.4675,326.863804548315,11.5791685570975,1838.91457275836,20.1090707496167,113.132328301689,19.4829275247113,23.3286397900563,0.036922139219511,1.00323887125759,6.42717790258771,0.0226068826571413,0.0155915625418919,0.00701532011524941
1905-05-01,8.5,0.3183,0.565,8.277679339,3.46333333333333,314.349426141741,11.7714614518725,1774.02828110254,20.8949912670687,117.920703390934,18.6294875098451,22.3134294294861,0.0367447857108643,1.00323546749907,6.52212481431146,0.0233015470760809,0.0135777294602673,0.00972381761581365
1905-06-01,8.6,0.32,0.58,8.277679339,3.45916666666667,318.047654684585,11.8343313371009,1800.4647809778,21.4497255484953,121.426694531061,18.7358623861835,22.4452965425369,0.0350980496875417,1.00323206375912,6.54322693717306,0.0233896081355576,0.0137321814165718,0.00965742671898573
1905-07-01,8.87,0.3217,0.595,8.277679339,3.455,328.032871750264,11.8972012223292,1862.60349619493,22.0044598299219,124.943526520404,19.2058833095481,23.0098417544848,0.0352171558664945,1.00322866003775,6.56437506382441,0.0199926292114556,0.013885764849201,0.0061068643622546
1905-08-01,9.2,0.3233,0.61,8.372844628,3.45083333333333,336.369910720861,11.8204774060929,1915.53519290928,22.3027875586658,127.008311703767,19.5733084308037,23.4474985177437,0.0368518004888577,1.00322525633496,6.51071798394742,0.021809669392638,0.0151982927031664,0.00661137668947154
1905-09-01,9.23,0.325,0.625,8.277679339,3.44666666666667,341.346494504503,12.0192427642431,1949.57934456681,23.1139283927751,132.01376926915,19.7434924196978,23.6476924250986,0.0352874766114822,1.00322185265075,6.60680934804502,0.024156587650628,0.0141903248661219,0.00996626278450607
1905-10-01,9.36,0.3267,0.64,8.277679339,3.4425,346.1541916102,12.0821126494714,1982.78872836416,23.6686626742017,135.575297665926,19.8973948143295,23.8256456015549,0.0349373786853821,1.00321844898514,6.62809551425604,0.0273466813017307,0.0133424338362325,0.0140042474654982
1905-11-01,9.31,0.3283,0.655,8.372844628,3.43833333333333,340.391724870784,12.0032871401803,1955.51064692838,23.9480751654526,137.5788908419,19.443525693265,23.275233759234,0.0373178187790799,1.00321504533813,6.57385067401371,0.0316997530113889,0.0136621517541862,0.0180376012572028
1905-12-01,9.54,0.33,0.67,8.467928926,3.43416666666667,344.884372025491,11.9299625543409,1987.03173266384,24.22143912548,139.550446633624,19.5779608090961,23.4270969723622,0.0395886106206984,1.00321164170973,6.52093242204215,0.0306576563873528,0.0149567358409932,0.0157009205463596
1906-01-01,9.87,0.3358,0.6775,8.467928926,3.43,356.814334579832,12.1396406840838,2061.59402229676,24.4925746380786,141.512659585214,20.1324022608079,24.0789974734075,0.0396755669241759,1.00118069938062,6.54187532059509,0.0246439259310323,0.0141248358279804,0.0105190901030519
1906-02-01,9.8,0.3417,0.685,8.467928926,3.45,354.283736462244,12.3529339539948,2052.92049729414,24.7637101506773,143.494953127193,19.8667525636759,23.7516133176967,0.0416145817529528,1.00119894357945,6.5495993087342,0.0240567351479999,0.0142232255388157,0.00983350960918417
1906-03-01,9.56,0.3475,0.6925,8.467928926,3.47,345.607400059087,12.5626120837377,2008.71113369382,25.0348456632759,145.505487456378,19.2594530208541,23.0190773364088,0.043001783462785,1.00121718572622,6.5574519087734,0.025402069708234,0.0133509425758609,0.0120511271323731
1906-04-01,9.43,0.3533,0.7,8.467928926,3.49,340.907717840711,12.7722902134807,1987.58219606282,25.3059811758746,147.540565985576,18.8762049961159,22.5571151230581,0.0453546414847521,1.00123542582398,6.56543354563714,0.0248351542595497,0.0124880979367252,0.0123470563228245
1906-05-01,9.18,0.3592,0.7075,8.563094215,3.51,328.181657172156,12.841269200026,1919.6248949262,25.2928673692048,147.944946967352,18.0540444609264,21.5738721186332,0.0502406402910344,1.0012536638758,6.50049006884637,0.0301322117233067,0.012765694718925,0.0173665170043817
1906-06-01,9.3,0.365,0.715,8.563094215,3.53,332.47161347506,13.0486170879997,1951.07844372197,25.5609896381363,150.002267447442,18.1726663764975,21.7155763267516,0.0512290054120751,1.00127189988472,6.50863949842067,0.0289486952738947,0.0119202029254113,0.0170284923484834
1906-07-01,9.06,0.3708,0.7225,8.277679339,3.55,335.059505981668,13.7130314368656,1972.97138432858,26.719701222048,157.33684604607,18.1952001435137,21.7454495047262,0.0474700962429746,1.0012901338538,6.74162155089599,0.0268324274060965,0.00859108273246756,0.0182413446736289
1906-08-01,9.73,0.3767,0.73,8.467928926,3.57,351.753138344657,13.6182330127885,2077.9530079745,26.3905232262692,155.899865963144,18.9672514775493,22.6656094523164,0.0473716342919441,1.00130836578607,6.5986592243811,0.0218250457497946,0.0100492902159039,0.0117757555338907
1906-09-01,10.03,0.3825,0.7375,8.563094215,3.59,358.568847651059,13.6742357155065,2124.94787489237,26.3653564449308,156.246167271498,19.2009936820014,22.9428764223247,0.047681945197023,1.00132659568458,6.53386304524113,0.0222371346091381,0.00943629608967211,0.012800838519466
1906-10-01,9.73,0.3883,0.745,8.753424793,3.61,340.280592503858,13.5797486196555,2023.27451150591,26.0543721906859,154.916702062888,18.0953809088691,21.6239630859739,0.0498526245063331,1.00134482355236,6.40027295718757,0.0290245657226191,0.00994687787199733,0.0190776878506218
1906-11-01,9.93,0.3942,0.7525,8.848509091,3.63,343.543306983985,13.6379427606331,2049.43177428685,26.0338709471751,155.306889239764,18.141851654008,21.6832477827706,0.0476386254271034,1.00136304939245,6.34001165816249,0.028702266216476,0.00935984031680825,0.0193424258996677
1906-12-01,9.84,0.4,0.76,8.94367438,3.65,336.807275400829,13.6913526585703,2016.05389782007,26.0135700512836,155.711479912932,17.6600036677687,21.1139636219001,0.05004375945683,1.00138127320785,6.28110047419105,0.0257774882235779,0.00965872460750261,0.0161187636160753
1907-01-01,9.56,0.4033,0.7517,8.848509091,3.67,330.742599674411,13.9527709674362,1986.71193976911,26.0061937421815,156.214577941887,17.218913853706,20.5963898147531,0.0531797293214333,1.0016757521839,6.35742263205855,0.0244741703107374,0.00780619459994303,0.0166679757107944
1907-02-01,9.26,0.4067,0.7433,9.038839669,3.68666666666667,313.617760001004,13.774119113651,1890.74096545718,25.1740908216789,151.76973646051,16.2170712887661,19.4092521509812,0.058799011605751,1.00169071997055,6.23398370799894,0.0215552450069294,0.00735533381258469,0.0141999111943447
1907-03-01,8.35,0.41,0.735,8.94367438,3.70333333333333,285.806986747655,14.0336364750345,1730.12568655998,25.1578605101229,152.292500553483,14.6875452559786,17.5972547657505,0.0639599861306817,1.00170568659017,6.31096856743512,0.0343635446095194,0.00624670788907045,0.028116836720449
1907-04-01,8.39,0.4133,0.7267,8.94367438,3.72,287.176122013512,14.1465901344678,1745.55005058996,24.8737649424576,151.190848839538,14.6697099056027,17.59427766958,0.0654075495452478,1.0017206520442,6.32173310189156,0.0274205072833786,0.00130757219068145,0.0261129350926972
1907-05-01,8.1,0.4167,0.7183,9.134004959,3.73666666666667,271.472673939896,13.9657608926858,1657.17341311516,24.0739286038305,146.95650156057,13.7901071534242,16.5593439317807,0.0733295082211956,1.00173561633409,6.20065431095937,0.0281993541065269,0.00179889260079857,0.0264004615057283
1907-06-01,7.84,0.42,0.71,9.229089256,3.75333333333333,260.051618683793,13.9313367152032,1594.54175984817,23.5505930185578,144.403654271964,13.1442699526732,15.8060561112549,0.0778015755574024,1.00175057946129,6.1474220715976,0.0332375072197726,0.00124402417960767,0.0319934830401649
1907-07-01,8.14,0.4233,0.7017,9.229089256,3.77,270.002573480366,14.0407972179655,1662.73180940596,23.2752832691859,143.334018508619,13.5850073579618,16.3570980507672,0.0751666906208552,1.00176554142725,6.15818362241603,0.0282480819508391,0.0027594135998712,0.0254886683509679
1907-08-01,7.53,0.4267,0.6933,9.229089256,3.78666666666667,249.768965394,14.15357470566,1545.39244431814,22.9966565348818,142.286929833435,12.5134716044466,15.092007281741,0.0766938793947507,1.00178050223339,6.16905615071799,0.0317451764317711,0.00116898270461552,0.0305761937271556
1907-09-01,7.45,0.43,0.685,9.229089256,3.80333333333333,247.115377448247,14.2630352084223,1536.32805747121,22.7213467855099,141.25969387487,12.3285696577366,14.8955479323714,0.0747736532991325,1.00179546188118,6.18004016897227,0.0256279954236376,-0.00114824182655648,0.0267762372501941
1907-10-01,6.64,0.4333,0.6767,9.324254545,3.82,217.99990446314,14.2258070186564,1362.68598674533,22.2169480949107,138.874940847977,10.8318401530506,13.1189263706092,0.0883399314815622,1.00181042037203,6.12794816666007,0.0314419327102933,-0.00164881408246698,0.0330907467927603
1907-11-01,6.25,0.4367,0.6683,8.94367438,3.83666666666667,213.927385290161,14.9475342649941,1345.01549650369,22.8748274543063,143.819817010146,10.5911775591898,12.8632566249267,0.0859701704449005,1.0018253777074,6.40027698960322,0.0246617965767033,-0.00583375634984429,0.0304955529265476
1907-12-01,6.57,0.44,0.66,8.753424793,3.85333333333333,229.768087641351,15.3878171327541,1452.67225028968,23.0817256991312,145.930545691201,11.3333062358112,13.7982140880416,0.0774087028930902,1.00184033388871,6.55131939229559,0.012644818624588,-0.00945883661364644,0.0221036552382344
1908-01-01,6.85,0.4367,0.6533,8.658259504,3.87,242.193407812647,15.4402717068296,1539.36425296102,23.0985333319711,146.812652037874,11.902968628267,14.5223523585954,0.0718963826040649,1.00397925024978,6.63551586116331,0.0113038369935405,-0.0127127321325256,0.0240165691260661
1908-02-01,6.6,0.4333,0.6467,8.563094215,3.86083333333333,235.94759665972,15.4903172170692,1507.87093071965,23.1192895090668,147.748504681272,11.5548462951448,14.1292145757245,0.0719316167294562,1.00397193433024,6.73595697754525,0.0164844962707962,-0.0144761434995159,0.030960639770312
1908-03-01,6.87,0.43,0.64,8.563094215,3.85166666666667,245.599998341254,15.3723434187393,1577.74323268608,22.8797669488213,146.980446713113,11.9846626644643,14.683723501046,0.0689194888603646,1.00396461860274,6.76271175631142,0.0113087886733563,-0.0137453549896355,0.0250541436629917
1908-04-01,7.24,0.4267,0.6333,8.658259504,3.8425,255.982521542126,15.086704688125,1652.5173967517,22.391399294562,144.549622563929,12.4488891583704,15.277960676657,0.0670319877769843,1.0039573030674,6.71489782854781,0.00499111267843544,-0.0140249114599827,0.0190160241384182
1908-05-01,7.63,0.4233,0.6267,8.658259504,3.83333333333333,269.771635271605,14.9664919017655,1749.58567519142,22.1580450622169,143.704501001633,13.0784513554383,16.0731795537107,0.0563041712722462,1.00394998772435,6.74147071432199,0.00103512549828144,-0.0160545720476768,0.0170896975459582
1908-06-01,7.64,0.42,0.62,8.658259504,3.82416666666667,270.12520229031,14.849814785593,1759.90433251561,21.9211551596848,142.819461539225,13.05168412923,16.0634824937065,0.0635053334462763,1.00394267257372,6.76809944088762,-8.67904129583374e-05,-0.0173717945601525,0.0172850041471941
1908-07-01,7.92,0.4167,0.6133,8.753424793,3.815,276.980708389574,14.5729622709514,1812.48101319967,21.4485187443593,140.352854216586,13.3454871048344,16.4444187480896,0.0644882284368703,1.00393535761565,6.72091246107458,-0.0042185548874093,-0.0189045440619454,0.0146859891745361
1908-08-01,8.26,0.4133,0.6067,8.753424793,3.80583333333333,288.871294355793,14.4540564112893,1898.17146918252,21.217701487368,139.42138381998,13.8842328952086,17.1249175525108,0.0616723425733962,1.00392804285027,6.74736165511239,-0.00917568024236814,-0.0208025871654395,0.0116269069230713
1908-09-01,8.17,0.41,0.6,8.753424793,3.79666666666667,285.723786305911,14.3386477827936,1885.34081054297,20.9833869992101,138.458321459704,13.7014422688251,16.9162136898568,0.0627248816999166,1.0039207282777,6.77386558081992,-0.0102840279997923,-0.0226596116037151,0.0123755836039228
1908-10-01,8.27,0.4067,0.5933,8.848509091,3.7875,286.113106622111,14.0703990886593,1895.64665984046,20.5261071534339,135.996029417575,13.6908103591787,16.9185324182248,0.0639841557378429,1.00391341389809,6.72734807865749,-0.00796331616879042,-0.0234227191241622,0.0154594029553717
1908-11-01,8.83,0.4033,0.5867,8.94367438,3.77833333333333,302.236609937939,13.8043063180035,2010.09489159898,20.081791511958,133.558626602619,14.4350140912563,17.8497888042628,0.061411293814186,1.00390609971156,6.68181240559747,-0.0125253451214408,-0.024161052631,0.0116357075095592
1908-12-01,9.03,0.4,0.58,9.038839669,3.76916666666667,305.828118013938,13.5472034557669,2041.48928734677,19.643445010862,131.125557769781,14.5824829089624,18.0423109986916,0.0604315993348001,1.00389878571824,6.63728807696436,-0.0166393661105509,-0.0242872033420747,0.00764783723152374
1909-01-01,9.06,0.4033,0.595,8.94367438,3.76,310.109137716617,13.8043063180035,2077.74527722402,20.3658870796233,136.452366440209,14.7644184564414,18.2788689750625,0.0585891126323558,1.00210055537263,6.7340649435135,-0.0184034106637031,-0.0252881207519284,0.00688471008822533
1909-02-01,8.8,0.4067,0.61,9.038839669,3.7725,298.038476026872,13.774119113651,2004.56189870579,20.6594852700446,138.952586160288,14.1671575167014,17.5510129422144,0.0595525764684143,1.00211157562882,6.67716178889236,-0.0121049314607081,-0.0226076818229316,0.0105027503622235
1909-03-01,8.92,0.41,0.625,9.038839669,3.785,302.102637063602,13.8858835421611,2039.67969712062,21.1675053996358,142.914776984348,14.3360583805862,17.7709992248369,0.0585959670728283,1.00212259539564,6.69126112099544,-0.0115025684898393,-0.0239471800861882,0.0124446115963489
1909-04-01,9.32,0.4133,0.64,9.229089256,3.7975,309.142995680223,13.7090987247464,2094.92667395677,21.2287035660239,143.857625679435,14.6451986030861,18.1611445219219,0.0577405599034848,1.00213361467357,6.56723669789108,-0.0121575884768013,-0.023821721065581,0.0116641325887797
1909-05-01,9.63,0.4167,0.655,9.324254545,3.81,316.165524093379,13.6808072574986,2150.24100961169,21.5045086480959,146.25211436092,14.9535097865828,18.5484051520768,0.0572622768879747,1.00214463346306,6.51407905243528,-0.00879261451054747,-0.0241180358988604,0.0153254213883129
1909-06-01,9.8,0.42,0.67,9.419419835,3.8225,318.496208105369,13.6498374902301,2173.82802907957,21.7747407582242,148.618855049317,15.040444676081,18.6593732272626,0.0564145792080549,1.00215565176456,6.46209586384201,-0.00676267129882813,-0.0232596614191056,0.0164969901202775
1909-07-01,9.94,0.4233,0.685,9.419419835,3.835,323.046153935446,13.7570862133676,2212.70738701803,22.2622349543038,152.485368220055,15.2315032404977,18.8983390790138,0.0540946264647907,1.00216666957853,6.47602589219365,-0.00776043000064619,-0.0262333875515071,0.0184729575508609
1909-08-01,10.18,0.4267,0.7,9.514585124,3.8475,327.536924562177,13.7288807181415,2251.30329919856,22.522185382468,154.804745524459,15.4175807062548,19.1289116478157,0.0528672983358277,1.00217768690541,6.42514346865868,-0.0175316667463072,-0.0270461554146894,0.00951448866838212
1909-09-01,10.19,0.43,0.715,9.609669421,3.86,324.614623910276,13.6981637175092,2239.06317795609,22.7771792046956,157.107965872287,15.2544464368212,18.9258907854768,0.0505373940589074,1.00218870374567,6.37542244059838,-0.0155194575404742,-0.0267513856230018,0.0112319280825276
1909-10-01,10.23,0.4333,0.73,9.8,3.8725,319.559625,13.53520875,2211.9758391536,22.803375,157.843828209396,14.9888452961218,18.5959614383166,0.0523103042391405,1.00219972009976,6.2652851576515,-0.0105883456518894,-0.0265912438108483,0.0160028981589589
1909-11-01,10.18,0.4367,0.745,9.895165289,3.885,314.939453660702,13.5102219463289,2187.78833320265,23.0481230822419,160.10828175206,14.7456311768246,18.2943409149016,0.0530187524512904,1.00221073596813,6.21867903263547,-0.0141490022644224,-0.027896832418933,0.0137478301545106
1909-12-01,10.3,0.44,0.76,9.990330579,3.8975,315.616507888933,13.4826469389447,2200.2966087939,23.2882083490863,162.351982784792,14.750638489265,18.2997185459458,0.0526095903457118,1.00222175135123,6.17305841292773,-0.0192594749150827,-0.0291616212380605,0.00990214632297781
1910-01-01,10.08,0.4425,0.7575,9.895165289,3.91,311.845745864428,13.6896569985128,2181.96206060646,23.4348365567762,163.971851280694,14.5478850405641,18.0485007866024,0.0524499864021382,1.00277958649583,6.2462737929116,-0.0209980576989494,-0.0322330481846482,0.0112349904856989
1910-02-01,9.72,0.445,0.755,9.895165289,3.91583333333333,300.708397797841,13.7669996934197,2112.06206899891,23.3574938618693,164.054203919154,14.0020379030327,17.3741424859135,0.0538471690331901,1.00278457786738,6.2636358511956,-0.0267217832322397,-0.0331742661105914,0.00645248287835165
1910-03-01,9.96,0.4475,0.7525,10.08541488,3.92166666666667,302.320721187823,13.5831850132079,2131.33668167219,22.8409982624334,161.027194072121,14.0500069650778,17.4357304745636,0.0554923693882248,1.00278956918971,6.16259223161568,-0.0214763843419765,-0.0322628443133006,0.0107864599713241
1910-04-01,9.72,0.45,0.75,10.18058017,3.9275,292.277969458788,13.5313874749439,2068.48569173533,22.5523124582398,159.605377448713,13.5598836208201,16.8322422848029,0.0589683635110626,1.00279456046283,6.12201627911378,-0.02178147673593,-0.0341987236782867,0.0124172469423567
1910-05-01,9.56,0.4525,0.7475,9.990330579,3.93333333333333,292.94114712798,13.8656766815284,2081.35649760528,22.9051786065026,162.74204832217,13.5687922872515,16.8499546645545,0.0593978792756745,1.00279955168676,6.25603426348956,-0.029609238270533,-0.0373752709681793,0.00776603269764631
1910-06-01,9.1,0.455,0.745,9.895165289,3.93916666666667,281.527409460942,14.0763704730471,2008.59593858062,23.0481230822419,164.439997169513,13.0196573023159,16.1769082724045,0.0627246645627964,1.00280454286153,6.33388327905043,-0.0287296720243746,-0.0396286154632582,0.0108989434388836
1910-07-01,8.64,0.4575,0.7425,9.895165289,3.945,267.296353598081,14.1537131679539,1915.47765159285,22.9707803873351,164.611360683761,12.3425812599852,15.3473324996453,0.065622385013548,1.00280953398715,6.35164692618644,-0.0232316196996573,-0.0391104936629603,0.015878873963303
1910-08-01,8.85,0.46,0.74,9.8,3.95083333333333,276.451875,14.36925,1989.66819380393,23.11575,166.367735979086,12.7450551508863,15.8589553108485,0.0632724933747583,1.00281452506366,6.4313445998059,-0.0279087493737046,-0.0376421644212837,0.00973341504757907
1910-09-01,8.91,0.4625,0.7375,9.704834711,3.95666666666667,281.055381799382,14.5890139261744,2031.55032057318,23.263562747143,168.155820586164,12.9371611010708,16.1087204332808,0.0597951059369584,1.00281951609106,6.51268883292119,-0.024558461455944,-0.0370900779788784,0.0125316165229344
1910-10-01,9.32,0.465,0.735,9.419419835,3.9625,302.89639383082,15.112320078469,2198.52655108924,23.8872156079027,173.381653975385,13.9188666564458,17.3398239085832,0.0524897649475845,1.00282450706938,6.72894679887747,-0.0311003842775083,-0.0394203564937176,0.00831997221620928
1910-11-01,9.31,0.4675,0.7325,9.229089256,3.96833333333333,308.811297187004,15.506904557994,2250.83849949167,24.2969146283008,177.093362070639,14.1645231757804,17.6539216910057,0.0491048534764305,1.00282949799865,6.88711510733255,-0.0373670434544239,-0.0408374345259532,0.00347039107152936
1910-12-01,9.05,0.47,0.73,9.229089256,3.97416666666667,300.187136363307,15.5898291812988,2197.4485780483,24.213990004996,177.25275822931,13.7414784177816,17.1363163858122,0.0524855483848744,1.00283448887887,6.90660218574519,-0.0415170803134316,-0.0388187053031049,-0.00269837501032666
1911-01-01,9.27,0.47,0.7183,9.229089256,3.98,307.484503214127,15.5898291812988,2260.37735408633,23.8259027679296,175.148765203906,14.0492151814012,17.5279751257179,0.0495676227036416,1.00311212620537,6.92617887283149,-0.037519546179585,-0.0367544148725761,-0.000765131307008837
1911-02-01,9.43,0.47,0.7067,8.94367438,3.9825,322.773638925795,16.0873393738201,2382.6258052027,24.1891973095291,178.55796994027,14.7214884699283,18.3745927851967,0.0443602788410517,1.00311423336356,7.16945347432957,-0.0396093093760025,-0.036089686175194,-0.00351962320080845
1911-03-01,9.32,0.47,0.695,9.038839669,3.985,315.649840519369,15.9179640605261,2339.83172832133,23.538266004395,174.483159998211,14.3706232219795,17.9442119555145,0.0470699764010383,1.00311634051789,7.11606226809574,-0.03924859711391,-0.0339457969189637,-0.00530280019494633
1911-04-01,9.28,0.47,0.6833,8.753424793,3.9875,324.54305225445,16.4369864827146,2415.90843667353,23.8965805609338,177.886878747739,14.7529354203294,18.4306863969983,0.0432591607083098,1.00311844766837,7.37098831733173,-0.0402784291286424,-0.0353894253017389,-0.00488900382690349
1911-05-01,9.48,0.47,0.6717,8.753424793,3.99,331.53751458752,16.4369864827146,2478.17188147645,23.4909017456158,175.589457045119,15.047660591685,18.8053428325808,0.0419065528920549,1.00312055481499,7.39397435866349,-0.0371495469202143,-0.0326413708718631,-0.00450817604835119
1911-06-01,9.67,0.47,0.66,8.753424793,3.9925,338.182253803937,16.4369864827146,2538.07846264786,23.0817256991312,173.229760635738,15.3283556847193,19.1617718740426,0.0406646098153202,1.00312266195775,7.41704766095031,-0.0463021029459663,-0.0315064043628934,-0.0147956985830728
1911-07-01,9.63,0.47,0.6483,8.848509091,3.995,333.164355111358,16.2603579337838,2510.58840817992,22.428914996749,169.015001560025,15.0831105787003,18.8616274297917,0.041520123743291,1.00312476909666,7.36025760925668,-0.0455117966983288,-0.030425216669318,-0.0150865800290109
1911-08-01,9.17,0.47,0.6367,9.134004959,3.9975,307.333879015907,15.7521181175001,2325.83243867274,21.3390927774731,161.489368997048,13.8997906656544,17.3925993727719,0.0491038964593988,1.00312687623172,7.15248288731481,-0.0387826834686456,-0.0267597464460605,-0.0120229370225851
1911-09-01,8.67,0.47,0.625,9.229089256,4,287.58259362098,15.5898291812988,2186.19092064088,20.7311558261952,157.597384705946,12.9979539832524,16.2799703592732,0.0538758478559208,1.00312898336293,7.10092769872092,-0.0287606877787256,-0.0240642803890123,-0.00469640738971333
1911-10-01,8.72,0.47,0.6133,9.229089256,4.0025,289.241086087076,15.5898291812988,2208.67481419226,20.3430685891288,155.341773342215,13.0664728506192,16.3822984621207,0.0534474098488133,1.00313109049028,7.12314638335156,-0.0278764945272758,-0.0234886038216432,-0.00438789070563261
1911-11-01,9.07,0.47,0.6017,9.134004959,4.005,303.982364522822,15.7521181175001,2331.26447265355,20.1660627048933,154.655108400842,13.7279975864131,17.2264671533668,0.0474511949429152,1.00313319761378,7.21983318618412,-0.0269511410177729,-0.0233683939120263,-0.00358274710574658
1911-12-01,9.11,0.47,0.59,9.038839669,4.0075,308.537558705092,15.9179640605261,2376.37162130551,19.9821250972562,153.903321248106,13.9292584195782,17.4940764429961,0.0440984354291736,1.00313530473343,7.31870642398994,-0.0243566342056999,-0.0232603623644178,-0.00109627184128214
1912-01-01,9.12,0.4708,0.5992,9.134004959,4.01,305.658121769364,15.7789302334448,2364.32156360784,20.0822748425661,155.340074661603,13.7949526318458,17.3407661464803,0.0470476408238356,1.00035069075466,7.26516165170113,-0.0211911348023913,-0.0193807150367193,-0.00181041976567198
1912-02-01,9.04,0.4717,0.6083,9.229089256,4.04666666666667,299.855437870087,15.646217925146,2329.52227083642,20.1772193425193,156.753141299756,13.5316343696866,17.0244704421364,0.0491429307028479,1.00038634441734,7.1928326359837,-0.0170983685301486,-0.0180873307162412,0.000988962186092679
1912-03-01,9.3,0.4725,0.6175,9.419419835,4.08333333333333,302.246401569381,15.3560671765089,2358.03877294495,20.0685110719454,156.56870347242,13.6397691739442,17.1725137770438,0.0502658813034487,1.0004219860003,7.05021565865469,-0.012995211417227,-0.0146336485421015,0.00163843712487444
1912-04-01,9.59,0.4733,0.6267,9.704834711,4.12,302.505175247595,14.9296871162343,2369.76407424078,19.76850816764,154.862476050751,13.6543926905532,17.2003370514404,0.051641620629539,1.00045761553646,6.84575954542991,-0.00717273809394903,-0.0114148696058431,0.00424213151189412
1912-05-01,9.58,0.4742,0.6358,9.704834711,4.15666666666667,302.189737108651,14.9580765487393,2377.05787364203,20.0555568740794,157.759227146305,13.6455006856124,17.1988787231554,0.0501167007252554,1.00049323305864,6.84889227135679,-0.0032084820167706,-0.0111448978108318,0.00793641579406124
1912-06-01,9.58,0.475,0.645,9.609669421,4.19333333333333,305.182345148229,15.1316924786439,2410.5170230568,20.5472455762638,162.294726500171,13.7854174045025,17.3843325783457,0.0468140577436883,1.00052883859954,6.92012892811751,-0.00506367702435073,-0.0118521902053615,0.00678851318101081
1912-07-01,9.59,0.4758,0.6542,9.609669421,4.23,305.500907095147,15.1571774343974,2423.00994270135,20.8403225674291,165.290209021399,13.8028766450158,17.4143154649525,0.0463556347922768,1.00056443219179,6.92378855940847,-0.00499253148154011,-0.0121784567715058,0.00718592528996564
1912-08-01,9.81,0.4767,0.6633,9.704834711,4.26666666666667,309.44481430437,15.0369360834754,2464.22863161002,20.9230117561762,166.618027660237,13.9847617634263,17.6491500437476,0.0472388737582407,1.00060001386792,6.85976380384979,-0.00133756994525214,-0.00975858992355316,0.00842101997830103
1912-09-01,9.86,0.4775,0.6725,9.8,4.30333333333333,308.00175,14.91590625,2462.63538003175,21.00721875,167.963721406831,13.9262850013159,17.5792292659694,0.0469752925861451,1.00063558366035,6.79722637963405,0.00175571451781309,-0.00853355968052916,0.0102892741983422
1912-10-01,9.84,0.4783,0.6817,9.8,4.34,307.377,14.94089625,2467.59520095012,21.29460375,170.9511837894,13.9050927011785,17.5561097650148,0.039873848016868,1.00067114160143,6.80154658565665,0.0035927814022958,-0.00887378703770969,0.0124665684400055
1912-11-01,9.73,0.4792,0.6908,9.8,4.37666666666667,303.940875,14.96901,2450.02445192439,21.578865,173.944182054406,13.7495410186065,17.3651099454777,0.0436799188297432,1.00070668772338,6.80611138652432,-0.000913048862129728,-0.00921344500882837,0.00830039614669864
1912-12-01,9.38,0.48,0.7,9.704834711,4.41333333333333,295.880974329765,15.141030669327,2395.2255404314,22.0806697261018,178.74817465906,13.3889994525796,16.9156323102258,0.0431497614251091,1.00074222205836,6.87770885029288,0.00101098742329531,-0.0105186020106588,0.0115295894339541
1913-01-01,9.3,0.48,0.6942,9.8,4.45,290.50875,14.994,2361.85112481316,21.6850725,176.300758155409,13.1480887917616,16.6165107117189,0.0440205827925228,1.00564529333532,6.81597639782405,0.00485432829498778,-0.00871878380704849,0.0135731121020363
1913-02-01,8.97,0.48,0.6883,9.8,4.42583333333333,280.200375,14.994,2288.20200371684,21.50077125,175.581877275173,12.6829605162368,16.0374509418486,0.0470515125028968,1.0056273197322,6.85445458395637,0.0127317901394621,-0.00871876123578752,0.0214505513752496
1913-03-01,8.8,0.48,0.6825,9.8,4.40166666666667,274.89,14.994,2255.03965583689,21.31959375,174.893700580531,12.4434535151837,15.7450599390321,0.052210253654174,1.00560934950674,6.89302679149016,0.0163002555224967,-0.00871879079540538,0.0250190463179021
1913-04-01,8.79,0.48,0.6767,9.8,4.3775,274.577625,14.994,2262.72729102724,21.13841625,174.196536727888,12.4330670817952,15.7420291698804,0.0525190550488228,1.00559138266499,6.93169218792296,0.01221896292005,-0.00930699704594573,0.0215259599659957
1913-05-01,8.55,0.48,0.6708,9.7,4.35333333333333,269.834033505155,15.1485773195876,2234.03948738908,21.1701368041237,175.274115571999,12.2214010611541,15.4864554085297,0.0554485291804662,1.00557341921305,7.04231024003336,0.0091185593105978,-0.0103227139315183,0.0194412732421161
1913-06-01,8.12,0.48,0.665,9.8,4.32916666666667,253.6485,14.994,2110.37944272372,20.7729375,172.83279918858,11.4919628527612,14.5770059512267,0.0619276367469053,1.00555545915699,7.00929917103318,0.0108780475289407,-0.00989162507784469,0.0207696726067854
1913-07-01,8.23,0.48,0.6592,9.9,4.305,254.487810606061,14.8425454545454,2127.653534296,20.3837624242424,170.419102042275,11.5340227954599,14.6451161500148,0.0628862275516777,1.00553750250292,6.97704471249597,0.00597526250725555,-0.0100446905743777,0.0160199530816333
1913-08-01,8.45,0.48,0.6533,9.9,4.28083333333333,261.290643939394,14.8425454545454,2194.86980633937,20.2013228030303,169.693307039232,11.8468405435646,15.0564150652118,0.0608385661290377,1.00551954925696,7.01568011505441,0.00447222652526036,-0.00946757664829057,0.0139398031735509
1913-09-01,8.53,0.48,0.6475,10,4.25666666666667,261.1267575,14.69412,2203.77915951776,19.821755625,167.285698216618,11.843316826626,15.0659355739766,0.0609511612218233,1.00550159942524,6.98385947195036,0.00463553997924615,-0.00904988313687449,0.0136854231161206
1913-10-01,8.26,0.48,0.6417,10,4.2325,252.861315,14.69412,2144.3572126609,19.644201675,166.590075467857,11.4714902403123,14.6098574014117,0.0651087219603514,1.0054836530139,7.02228186920723,0.00585735723079805,-0.00962457519690685,0.0154819324277049
1913-11-01,8.05,0.48,0.6358,10.1,4.20833333333333,243.99271039604,14.5486336633663,2079.42965627342,19.2708776732673,164.236195709148,11.072537845038,14.120136915549,0.0707020157401893,1.00546571002909,6.99088081816215,0.0124679045871261,-0.00863907376763151,0.0211069783547576
1913-12-01,8.04,0.48,0.63,10,4.18416666666667,246.12651,14.69412,2108.05087439952,19.2860325,165.18309090444,11.1740408700368,14.2687611402694,0.0691064028581347,1.00544777047696,7.09938185501774,0.0149798154884961,-0.00962551672205936,0.0246053322105555
1914-01-01,8.37,0.475,0.6208,10,4.16,256.2287175,14.54105625,2204.95391780709,19.0043952,163.540668121223,11.6360921050461,14.875360055451,0.0634215274293066,1.00292587829023,7.13805765789219,0.0141971893230697,-0.00962606507759001,0.0238232544006597
1914-02-01,8.48,0.47,0.6117,9.9,4.16666666666667,262.218303030303,14.5333257575758,2266.91888033479,18.9149688636364,163.52291027132,11.9102338797982,15.2421781703694,0.0580423272236773,1.00293160123757,7.23125529881595,0.01294033842773,-0.00986797977792153,0.0228083182056515
1914-03-01,8.32,0.465,0.6025,9.9,4.17333333333333,257.270787878788,14.3787159090909,2234.50568290076,18.6304867424242,161.8136627341,11.6855260188368,14.9719801690534,0.0607378616946649,1.0029373241128,7.25245445579915,0.0135474883953595,-0.0091129440450386,0.0226604324403981
1914-04-01,8.12,0.46,0.5933,9.8,4.18,253.6485,14.36925,2213.44483104012,18.53320875,161.728672199027,11.5226625362002,14.7816426259676,0.0620107761978201,1.00294304691593,7.3479792780588,0.0132765233993828,-0.00936201677253301,0.0226385401719158
1914-05-01,8.17,0.455,0.5842,9.9,4.18666666666667,252.632492424242,14.0694962121212,2214.81008422309,18.0646146969697,158.371120098302,11.4790086941645,14.7426816557803,0.0656777188335126,1.00294876964702,7.29516427403557,0.0133910202993717,-0.00818174210832467,0.0215727624076963
1914-06-01,8.13,0.45,0.575,9.9,4.19333333333333,251.395613636364,13.9148863636364,2214.13235775913,17.7801325757576,156.596076963284,11.4287151688319,14.6949176107659,0.0659944152460062,1.0029544923061,7.3166760330169,0.015848515590267,-0.00800951288756901,0.023858028477836
1914-07-01,7.68,0.445,0.5658,10,4.2,235.10592,13.62267375,2080.66143624827,17.32069395,153.286229248603,10.6943451830401,13.7698496992573,0.0729622912812102,1.0029602148932,7.26491016510206,0.0267358096973365,-0.00742375905368364,0.0341595687510201
1914-08-01,7.68,0.44,0.5567,10.2,4.20666666666667,230.496,13.2055,2049.60308794371,16.70795875,148.569536335711,10.4920462650764,13.5281400670514,0.0755271024765648,1.00296593740836,7.1435449611476,0.0328625206198216,-0.00470364066801732,0.037566161287839
1914-09-01,7.68,0.435,0.5475,10.2,4.21333333333333,230.496,13.0554375,2059.27732126896,16.43184375,146.803949660776,10.5004973018021,13.5582300153082,0.074202323100275,1.00297165985161,7.16473226837615,0.0312773778941724,-0.00512000465875262,0.036397382552925
1914-10-01,7.68,0.43,0.5383,10.1,4.22,232.778138613861,13.033150990099,2089.3695093318,16.315686460396,146.446302978295,10.6127594661262,13.7224778932129,0.0721227474188786,1.00297738222299,7.25717216229475,0.0283508057833215,-0.00651392470028633,0.0348647304836078
1914-11-01,7.68,0.425,0.5292,10.2,4.22666666666667,230.496,12.7553125,2078.42625337967,15.882615,143.216559021943,10.5169176429921,13.6170923032072,0.0716026520103211,1.00298310452253,7.20741895397716,0.0349880661597211,-0.00537112835999454,0.0403591945197156
1914-12-01,7.35,0.42,0.52,10.1,4.23333333333333,222.775952970297,12.7300544554455,2018.37889836441,15.7610198019802,142.796874442108,10.1722179919979,13.19171932771,0.0737548259355874,1.00298882675027,7.30049289783725,0.043359350795322,-0.00676500818124193,0.050124358976564
1915-01-01,7.48,0.4208,0.55,10.1,4.24,226.716207920792,12.7543021782178,2063.70775235398,16.6703094059406,151.743217084851,10.3598341977573,13.4555030127061,0.0719078236313948,1.00481428243742,7.32231280630048,0.0457255578552516,-0.0066053778011641,0.0523309356564157
1915-02-01,7.38,0.4217,0.58,10,4.22416666666667,225.922095,12.909396675,2066.27168392059,17.755395,162.389915538475,10.3297862096607,13.4357672530181,0.071334717986857,1.00480202936926,7.43114013312761,0.0475442963973745,-0.00705369658820354,0.054597992985578
1915-03-01,7.57,0.4225,0.61,9.9,4.20833333333333,234.079310606061,13.0645321969697,2150.8344460162,18.8624015151515,173.316910445163,10.7070131886828,13.9423810874424,0.0682086390079309,1.00478977726475,7.54224715787271,0.0404453685560875,-0.00866172525368558,0.0491070938097731
1915-04-01,8.14,0.4233,0.64,10,4.1925,249.187785,12.958377075,2299.58077211342,19.59216,180.802419429065,11.4011237890002,14.8555679693563,0.0637034237298532,1.00477752612504,7.5025891134163,0.0334838336988836,-0.0071251634677616,0.0406089971666452
1915-05-01,7.95,0.4242,0.67,10.1,4.17666666666667,240.961745049505,12.857355,2233.5560024565,20.3074678217822,188.236795175579,11.0269298764713,14.3766662022602,0.069016953859027,1.00476527595124,7.46379497911985,0.0396414792824547,-0.00674837097022918,0.0463898502526838
1915-06-01,8.04,0.425,0.7,10.1,4.16083333333333,243.689613861386,12.8816027227723,2268.79187021014,21.2167574257426,197.531630490932,11.1542621890963,14.5485952634204,0.0681400421357146,1.00475302674451,7.49936202183886,0.0391248204834049,-0.00792494851351455,0.0470497689969195
1915-07-01,8.01,0.4258,0.73,10.1,4.145,242.780324257426,12.9058504455446,2270.33920131565,22.126047029703,206.909814851489,11.1136293939496,14.499550030039,0.0686261535737384,1.00474077850599,7.53500669009545,0.0411731189262998,-0.00908712843959225,0.0502602473658921
1915-08-01,8.35,0.4267,0.76,10.1,4.12916666666667,253.085606435644,12.9331291336634,2376.78674270734,23.0353366336634,216.330290354201,11.5848316416046,15.1134488570433,0.0639592408594778,1.00472853123681,7.57072848785433,0.038253007101227,-0.00912251669933062,0.0473755238005577
1915-09-01,8.66,0.4275,0.79,10.1,4.11333333333333,262.481599009901,12.9573768564356,2475.1672119227,23.9446262376238,225.794699471008,12.0115707578259,15.6648837141578,0.0622162719613681,1.00471628493811,7.60652691399455,0.0368558504434997,-0.00915784313907764,0.0460136935825773
1915-10-01,9.14,0.4283,0.82,10.2,4.0975,274.31425,12.85435375,2596.84880582871,24.61025,232.977682798637,12.5490761332201,16.3540967211949,0.0598142127157833,1.00470403961105,7.56747595777793,0.0356775321226468,-0.0082164544190062,0.043893986541653
1915-11-01,9.46,0.4292,0.85,10.3,4.08166666666667,281.161762135922,12.7563032038835,2671.73543533562,25.2629490291262,240.060794929733,12.8577144535593,16.7401368722885,0.0578887195687494,1.00469179525677,7.52925741526969,0.0345853809403134,-0.008950721615964,0.0435361025562774
1915-12-01,9.48,0.43,0.88,10.3,4.06583333333333,281.756184466019,12.7800800970874,2687.50413461041,26.1545825242718,249.472957643161,12.878444602186,16.7493130309431,0.0567696487121606,1.0046795518764,7.56458314949763,0.0366434302759437,-0.0084336202922336,0.0450770505681773
1916-01-01,9.33,0.4408,0.9342,10.4,4.05,274.631689903846,12.9750963461538,2629.86130699857,27.4984913942308,263.324376527124,12.5435636925162,16.2970277668207,0.0599867915853108,1.00215246235828,7.52690525868477,0.0408825656606464,-0.00751025736560174,0.0483928230262481
1916-02-01,9.2,0.4517,0.9883,10.4,4.065,270.805096153846,13.2959415144231,2603.82812294582,29.0909431009615,279.713405859495,12.3546523264588,16.0348356121369,0.0610557997676715,1.00216581513975,7.54310663892844,0.0425039610032332,-0.00718703784255681,0.04969099884579
1916-03-01,9.17,0.4625,1.042,10.5,4.08,267.35135,13.4841875,2581.42423949321,30.37951,293.330867781017,12.1770527957485,15.7865132432519,0.063063591449977,1.00217916709398,7.4874489124069,0.037131876005486,-0.00535916371323319,0.0424910397187191
1916-04-01,9.07,0.4733,1.097,10.6,4.095,261.941172169811,13.6688816745283,2540.18437922182,31.681308254717,307.230679603785,11.9064817765932,15.4181617270893,0.0657487226445875,1.00219251822192,7.43297507587683,0.0357559823277869,-0.00465617901083348,0.0404121613386204
1916-05-01,9.27,0.4842,1.151,10.7,4.11,265.21513317757,13.8529846261682,2583.12872602429,32.9301637850467,320.731517114774,12.0262566719052,15.5531938934721,0.0645796202955151,1.00220586852448,7.37965264460205,0.0357940065156646,-0.00284828344174648,0.038642289957411
1916-06-01,9.36,0.495,1.205,10.8,4.125,265.3105,14.03084375,2595.44564914932,34.1558923611111,334.135898207792,11.9959612229466,15.4930355111582,0.06559125517043,1.00221921800257,7.32745034375814,0.0411719119160725,-0.0010460409510723,0.0422179528671448
1916-07-01,9.23,0.5058,1.259,10.8,4.14,261.625631944444,14.33697125,2571.08561706836,35.6865298611111,350.703877777797,11.7911652752545,15.2083206647328,0.0703645009627443,1.00223256665713,7.34371155347395,0.0481024741340006,0.000398637929482915,0.0477038362045177
1916-08-01,9.3,0.5167,1.313,10.9,4.155,261.191353211009,14.5115669036697,2578.70199213625,36.8757254587156,364.068356524182,11.7320826388742,15.1093561858585,0.069255463374403,1.00224591448906,7.29258296270643,0.0529149482664912,0.00220111509619647,0.0507138331702948
1916-09-01,9.68,0.5275,1.368,11.1,4.17,266.965243243243,14.5479510135135,2647.67585885131,37.7281459459459,374.175679226094,11.9445524175045,15.3573963264063,0.0683081137699124,1.00225926149929,7.17726848079739,0.0515648731039819,0.00375292428497653,0.0478119488190054
1916-10-01,9.98,0.5383,1.422,11.3,4.185,270.367473451327,14.5830471902655,2693.47058905359,38.5233013274336,383.779075915251,12.0457417633708,15.4601656850937,0.0670314889123584,1.00227260768873,7.06616550967449,0.0472292531593632,0.00527439409808039,0.0419548590612828
1916-11-01,10.21,0.5492,1.476,11.5,4.2,271.787980434783,14.6195846086957,2719.75905287924,39.2907991304348,393.179663276176,12.0532304032305,15.4420142905552,0.067521613279591,1.00228595305829,6.95905501640697,0.0474278844896938,0.00676648986152872,0.0406613946281651
1916-12-01,9.8,0.56,1.53,11.6,4.215,258.624956896552,14.7785689655172,2600.36179273646,40.377161637931,405.974851314978,11.4135591888495,14.5997933226427,0.0718120503464031,1.0022992976089,6.91483409735366,0.0549581542355235,0.00793275076176925,0.0470254034737543
1917-01-01,9.57,0.5708,1.509,11.7,4.23,250.396596153846,14.9348356410256,2530.14280158304,39.4825980769231,398.953551472184,10.9923614273834,14.0411359887013,0.0770000617564159,1.00123640454211,6.87149632160444,0.0588018100188539,0.0102368261644241,0.0485649838544298
1917-02-01,9.03,0.5817,1.488,12,4.25833333333333,230.36094375,14.8395305625,2340.18727443433,37.95981,385.625544225723,10.0631877387357,12.8427995502128,0.0855316697341377,1.00126301921034,6.7079924640959,0.0702211342724595,0.0135418945692527,0.0566792397032068
1917-03-01,9.31,0.5925,1.468,12,4.28666666666667,237.50391875,15.1150453125,2425.54709542179,37.4495975,382.460057581009,10.3271570801079,13.1703930397845,0.0837977454129414,1.00128962838862,6.71646478744084,0.0690927175942,0.0142871551198893,0.0548055624743107
1917-04-01,9.17,0.6033,1.447,12.6,4.315,222.792791666667,14.65767625,2287.78182652961,35.1560708333333,361.005485603963,9.64453119728123,12.2943032514613,0.0954048914354855,1.0013162320885,6.40488241057321,0.078422141814086,0.0194069207356935,0.0590152210783925
1917-05-01,8.86,0.6142,1.426,12.8,4.34333333333333,211.89762890625,14.6893367578125,2188.47315775121,34.104516796875,352.230555638062,9.13898881337358,11.651154264224,0.100307844082997,1.0013428303215,6.31310471103873,0.0867154882331329,0.0205816228412536,0.0661338653918793
1917-06-01,9.04,0.625,1.405,13,4.37166666666667,212.876353846154,14.7176682692308,2211.24837762525,33.0853182692308,343.673005593304,9.14822025953958,11.6661616464331,0.100446706475422,1.00136942309913,6.22432702962957,0.0861872262239252,0.0211513009283935,0.0650359252955317
1917-07-01,8.79,0.6358,1.384,12.8,4.4,210.223494140625,15.2059269140625,2196.85445882541,33.1000359375,345.898358477174,9.00347237722881,11.4895626939803,0.100317541232772,1.00139601043284,6.33023906007235,0.0915956406481464,0.0214746298079347,0.0701210108402117
1917-08-01,8.53,0.6467,1.363,13,4.42833333333333,200.866736538461,15.2286657115385,2112.33724275386,32.0962909615385,337.528213584234,8.57268046675378,10.9508581282881,0.107218790043035,1.00142259233408,6.24155189153731,0.102647611183316,0.0238013005234488,0.0788463106598674
1917-09-01,8.12,0.6575,1.343,13.3,4.45666666666667,186.898894736842,15.1337467105263,1978.71219279413,30.911972368421,327.267299867304,7.95082326421707,10.1723125976945,0.118422644215168,1.00144916881427,6.10944390829646,0.115786144214764,0.0256910023348746,0.090095141879889
1917-10-01,7.68,0.6683,1.322,13.5,4.485,174.152533333333,15.1544450555556,1857.1356385061,29.9778188888889,319.678816940764,7.38713371110815,9.47182473090487,0.128220855847603,1.0014757398848,6.02765607908268,0.120925343789236,0.0267744828317258,0.0941508609575101
1917-11-01,7.04,0.6792,1.301,13.5,4.51333333333333,159.639822222222,15.4016146666667,1716.06103804979,29.5016205555555,317.130029900963,6.75301360477431,8.68556699965807,0.144982436671728,1.00150230555703,6.03655133157045,0.133438645855912,0.0275070788404135,0.105931567015498
1917-12-01,6.8,0.69,1.28,13.7,4.54166666666667,151.946496350365,15.4181003649635,1647.17252481915,28.6016934306569,310.05600467184,6.41259389811982,8.27639964293867,0.156339999236684,1.00152886584231,5.95736284879168,0.141151263045089,0.0291573057561092,0.11199395728898
1918-01-01,7.21,0.68,1.256,14,4.57,157.6556625,14.86905,1722.49490988266,27.46401,300.062913566244,6.64064602865535,8.59579307344454,0.154115449095283,1.00427289927042,5.83861791041797,0.136933737320903,0.0315245901473362,0.105409147173566
1918-02-01,7.43,0.67,1.232,14.1,4.56416666666667,161.313994680851,14.5464840425532,1775.70884981018,26.7481617021277,294.437860426129,6.78434355163028,8.80523116008342,0.152892356643488,1.00426816312394,5.82198016402749,0.133858178204595,0.0331102603893583,0.100747917815236
1918-03-01,7.28,0.66,1.208,14,4.55833333333333,159.1863,14.431725,1765.5260933315,26.41443,292.960923179183,6.68635576045589,8.70198991891961,0.154362917593181,1.00426342702441,5.88859239167957,0.140870572803471,0.0320284152204147,0.108842157583056
1918-04-01,7.21,0.65,1.183,14.2,4.5525,155.435160211268,14.0128785211268,1736.87375356296,25.5034389084507,284.982198400136,6.52072773054716,8.50974322267618,0.158549154043526,1.00425869097186,5.83040645483467,0.150136075560162,0.0331488087979313,0.11698726676223
1918-05-01,7.44,0.64,1.159,14.5,4.54666666666667,157.075075862069,13.5118344827586,1767.78067536262,24.4690877586207,275.384113272214,6.58236323162108,8.61179302421406,0.159370490954082,1.0042539549663,5.73409353304547,0.151324973552889,0.0343652221420259,0.116959751410864
1918-06-01,7.45,0.63,1.135,14.7,4.54083333333333,155.14625,13.11975,1758.37750068728,23.636375,267.887042051015,6.49629131864106,8.52043771079953,0.162885048519672,1.00424921900775,5.68013935892925,0.147241082458852,0.0360470554973786,0.111194026961474
1918-07-01,7.51,0.62,1.111,15.1,4.535,152.252816225166,12.5694735099338,1737.45578608068,22.5236855960265,257.032407235104,6.37132409384899,8.37675418758618,0.167642093308609,1.00424448309624,5.55316887889936,0.149865431863535,0.0384939021861643,0.111371529677371
1918-08-01,7.58,0.61,1.087,15.4,4.52916666666667,150.678340909091,12.1258295454545,1731.01973530549,21.6078306818182,248.234624310959,6.30307376091459,8.3067830935781,0.171479497924576,1.00423974723178,5.46810143351167,0.15436100616056,0.0402026162474878,0.114158389913072
1918-09-01,7.54,0.6,1.063,15.7,4.52333333333333,147.019194267516,11.6991401273885,1700.18295532089,20.7269765923567,239.694228316459,6.14917056243168,8.12345557165798,0.177552057588117,1.0042350114144,5.38635579248302,0.163344667463964,0.0406664507985508,0.122678216665413
1918-10-01,7.86,0.59,1.038,16,4.5175,150.385134375,11.2884515625,1749.98654353533,19.8600215625,231.105093153903,6.29051532119132,8.32784812232669,0.174817951806313,1.00423027564411,5.3077451881697,0.163374440766729,0.0429108252673642,0.120463615499364
1918-11-01,8.06,0.58,1.014,16.3,4.51166666666667,151.373475460123,10.8928803680982,1772.05066876877,19.0437598159509,222.935406716071,6.33332749535416,8.40116026148226,0.174637974117247,1.00422553992094,5.23209660207543,0.169898219524143,0.0445202518768666,0.125377967647277
1918-12-01,7.9,0.57,0.99,16.5,4.50583333333333,146.570136363636,10.5753136363636,1726.13711442702,18.36765,216.313385225664,6.13458041128343,8.15469271100374,0.179982835115025,1.0042208042449,5.19051770137846,0.174473570053863,0.0460772661599738,0.128396303893889
1919-01-01,7.85,0.5667,0.985,16.5,4.5,145.642477272727,10.5140881363636,1725.53078145328,18.2748840909091,216.515645825666,6.09846763995011,8.12458056455063,0.182131133296804,1.00062717342388,5.21242586052569,0.183255515766024,0.0457524711083237,0.137503044657701
1919-02-01,7.88,0.5633,0.98,16.2,4.53916666666667,148.906462962963,10.6445444907407,1774.71102069824,18.5188240740741,220.712791914248,6.23969277136498,8.32997519543046,0.17495652068251,1.00066544683103,5.31228189911969,0.180892517152943,0.0443066711103421,0.136585846042601
1919-03-01,8.12,0.56,0.975,16.4,4.57833333333333,151.570445121951,10.4531341463415,1816.84310417216,18.1996532012195,218.155421991116,6.35607400486915,8.5005462473324,0.172931907454706,1.00070370604699,5.25098990441798,0.181215618674495,0.0466686638995764,0.134546954774919
1919-04-01,8.39,0.5567,0.97,16.7,4.6175,153.796989520958,10.2048610329341,1853.72585165875,17.7810583832335,214.316338034444,6.45613955581928,8.64774222753176,0.169814974654537,1.00074195111291,5.16028951780651,0.179187569486964,0.0496482743110742,0.12953929517589
1919-05-01,8.97,0.5533,0.965,16.9,4.65666666666667,162.483057692308,10.0225056656805,1968.48646776518,17.4800613905325,211.771398148651,6.82900226148203,9.15802248053966,0.161140958364489,1.00078018206986,5.10300437550091,0.173525925064012,0.0507350299359275,0.122790895128084
1919-06-01,9.21,0.55,0.96,16.9,4.69583333333333,166.830430473373,9.96272928994083,2031.21322904756,17.3894911242603,211.72255156196,7.02161521478413,9.42590415064967,0.155655269328977,1.00081839895873,5.10698564801707,0.171717525096915,0.0505691172402398,0.121148407856675
1919-07-01,9.51,0.5467,0.955,17.4,4.735,167.314512931034,9.61838530172414,2046.86599279568,16.8018254310345,205.547531348041,7.05283716544631,9.47541850809657,0.157728821173816,1.00085660182031,4.96429263654233,0.179799258319882,0.0528573855448953,0.126941872774986
1919-08-01,8.87,0.5433,0.95,17.7,4.77416666666667,153.409656779661,9.39655766949152,1886.33845979691,16.4305720338983,202.031740339015,6.47913110170528,8.71446095048172,0.170640963555553,1.00089479069525,4.88433243053858,0.196380774111638,0.0550988229200631,0.141281951191575
1919-09-01,9.01,0.54,0.945,17.8,4.81333333333333,154.955549157303,9.28701404494382,1914.86304761828,16.2522745786517,200.837467258521,6.55848167206126,8.83018354582364,0.167923414326749,1.00093296562409,4.86123826279629,0.19956546211141,0.0561279293312815,0.143437532780129
1919-10-01,9.47,0.5367,0.94,18.1,4.8525,160.167261049724,9.07727233425414,1988.61447091535,15.8983342541436,197.391510312612,6.7947041999493,9.15489591225995,0.16192257750459,1.00097112664722,4.78512544925692,0.182091742354719,0.0583239592749072,0.123767783079812
1919-11-01,9.19,0.5333,0.935,18.5,4.89166666666667,152.070904054054,8.82474571621621,1897.22179490135,15.4718493243243,193.025285988331,6.46702257413313,8.72092413914351,0.170285577039037,1.00100927380492,4.68620976534307,0.152145092798307,0.0610643305526699,0.0910807622456375
1919-12-01,8.92,0.53,0.93,18.9,4.93083333333333,144.479222222222,8.58452777777778,1811.43368915414,15.0634166666667,188.860238891631,6.16071703379918,8.31609771338298,0.178841058929507,1.00104740713733,4.59166029264108,0.163132208491805,0.0643728535390804,0.0987593549527241
1920-01-01,8.83,0.5283,0.9192,19.3,4.97,140.057296632124,8.37964550518135,1764.74812518986,14.5799169948186,183.70968025759,5.98966777113944,8.09356131018485,0.186342096152156,1.003360333897,4.50120601112082,0.168967471188322,0.0676413968930747,0.101326074295247
1920-02-01,8.1,0.5267,0.9083,19.5,4.98,127.160653846154,8.26858226923077,1610.93015491847,14.2592619615385,180.642945643512,5.45534764990777,7.38254588083851,0.203697033250464,1.00336902460768,4.47001021685986,0.187978807264693,0.0692661431700514,0.118712664094641
1920-03-01,8.67,0.525,0.8975,19.7,4.99,134.72717893401,8.15822017766497,1715.39908146711,13.9466716370558,177.574472389473,5.79882272755716,7.85632731146935,0.191793839984951,1.00337771508927,4.43953608781231,0.186015849614965,0.0708852526484081,0.115130596966557
1920-04-01,8.6,0.5233,0.8867,20.3,5,129.689482758621,7.89145422413793,1659.630255354,13.3715888793103,171.115598537488,5.59985872550619,7.59611536758155,0.200027023546817,1.00338640534192,4.32287054404707,0.196964343819903,0.07336446569155,0.123599878128353
1920-05-01,8.06,0.5217,0.8758,20.6,5.01,119.776099514563,7.75275324029126,1541.03678796087,13.0148769174757,167.44913385808,5.18895046204749,7.05021877196048,0.217667378919492,1.00339509536582,4.27434192134866,0.199584563980278,0.0754688776729462,0.124115686307332
1920-06-01,7.92,0.52,0.865,20.9,5.02,116.006210526316,7.61656937799043,1500.69969369746,12.669870215311,163.902176142462,5.04363968045162,6.86444533501682,0.225706092273008,1.00340378516112,4.22729122621214,0.191176195729819,0.0775577799731424,0.113618415756676
1920-07-01,7.91,0.5183,0.8542,20.8,5.03,116.416756009615,7.62816746394231,1514.23406559557,12.5718322355769,163.521964454075,5.08059291954079,6.92649575893295,0.223647267504615,1.00341247472801,4.26207270975082,0.189419844116462,0.0782246078074396,0.111195236309023
1920-08-01,7.6,0.5167,0.8433,20.3,5.04,114.609310344828,7.7919250862069,1499.17040416684,12.7171093965517,166.348737083408,5.02070107792286,6.85787548381892,0.224316434733718,1.00342116406664,4.38195231740713,0.190257973972885,0.0761468765089339,0.114111097463951
1920-09-01,7.87,0.515,0.8325,20,5.05,120.46117125,7.882783125,1584.30955716642,12.7425571875,167.590559890857,5.29716277010806,7.24734527149325,0.213269712720052,1.00342985317719,4.46289785064543,0.183392462113338,0.0737889580792492,0.109603504034089
1920-10-01,7.88,0.5133,0.8217,19.9,5.06,121.220336683417,7.89624350502512,1602.94843362674,12.6404505904523,167.150092374504,5.35117739342416,7.33276589108362,0.213937563059473,1.00343854205982,4.50070847740494,0.165868685354222,0.0737911899026791,0.0920774954515431
1920-11-01,7.48,0.5117,0.8108,19.8,5.07,115.648166666667,7.9113859469697,1537.98321321553,12.5357665151515,166.710800705234,5.12640793094793,7.03725105084502,0.223689380630151,1.0034472307147,4.53899336468632,0.163194794702397,0.0737941039115013,0.089400690790896
1920-12-01,6.81,0.51,0.8,19.4,5.08,107.460220360825,8.04768170103093,1438.01197266577,12.6238144329897,168.929453470282,4.78424104508325,6.58242498086689,0.235340060853937,1.00345591914201,4.64855043175942,0.165733585080883,0.0734756584992047,0.0922579265816785
1921-01-01,7.11,0.5058,0.7575,19,5.09,114.556132894737,8.14943628947368,1542.05595647152,12.2048200657895,164.29077173378,5.12218414688737,7.06092271623709,0.21920796290222,1.00937506086388,4.76281787662501,0.163116736420593,0.0724715386906554,0.0906451977299378
1921-02-01,7.06,0.5017,0.715,18.4,5.02416666666667,117.45979076087,8.34696558423913,1590.50580169219,11.8957153532609,161.078137140214,5.27485719120505,7.28578840171689,0.214143178432591,1.00933568239272,4.96423489662703,0.170104993570065,0.0694339059527205,0.100671087617345
1921-03-01,6.88,0.4975,0.6725,18.3,4.95833333333333,115.090557377049,8.32231864754098,1567.81530124466,11.2497674180328,153.249388094046,5.19234815868418,7.18664314963399,0.216092057817175,1.00929636944224,5.03795963233796,0.175290848423681,0.0685864002662915,0.10670444815739
1921-04-01,6.91,0.4933,0.63,18.1,4.8925,116.869669889503,8.34324285911602,1601.52245521208,10.6552665745856,146.01434830443,5.29708592273967,7.34711124516934,0.215208581809444,1.00925712233254,5.14097993942373,0.162422238435748,0.067159652991353,0.0952625854443951
1921-05-01,7.12,0.4892,0.5875,17.7,4.82666666666667,123.142813559322,8.46087983050847,1697.14838806393,10.1610116525424,140.038578369039,5.60946922533078,7.79530122320064,0.202953423197836,1.00921794138539,5.30582645284411,0.146129280226735,0.0652301750974102,0.0808991051293246
1921-06-01,6.55,0.485,0.545,17.6,4.76083333333333,113.928132102273,8.43589985795454,1579.84068483707,9.47951633522727,131.452392860489,5.21611096098932,7.26637410349085,0.21644775043781,1.00917882692432,5.38515988219027,0.152744187392712,0.0651046100882458,0.0876395773044665
1921-07-01,6.53,0.4808,0.5025,17.7,4.695,112.938563559322,8.31559898305085,1575.7277073258,8.69090783898305,121.256228626526,5.19777936190547,7.25908047219528,0.217231371348732,1.00913977927452,5.4038854381736,0.157408031630188,0.064791523394093,0.0926165082360955
1921-08-01,6.45,0.4767,0.46,17.7,4.62916666666667,111.554936440678,8.24468809322034,1566.00911109111,7.95585593220339,111.684370713475,5.16129482321573,7.22756020201514,0.215851578718591,1.00910079876293,5.45327575830327,0.155204383010004,0.0638825562581635,0.0913218267518405
1921-09-01,6.61,0.4725,0.4175,17.5,4.56333333333333,115.62873,8.2654425,1632.86625422093,7.3033275,103.134895784756,5.37752442545826,7.55058757893037,0.20640123633623,1.00906188571823,5.56579526556209,0.13342049673951,0.0624797883820811,0.0709407083574292
1921-10-01,6.7,0.4683,0.375,17.5,4.4975,117.2031,8.1919719,1664.73926003801,6.559875,93.1757048528734,5.47925767805335,7.7141620987325,0.203606869919635,1.00902304047084,5.61623186618968,0.116641707896881,0.0622969979711432,0.0543447099257379
1921-11-01,7.06,0.4642,0.3325,17.4,4.43166666666667,124.210353448276,8.16691870689655,1773.93630719339,5.84985021551724,83.5458671588955,5.83819699320089,8.2399460787631,0.193537708261114,1.00898426335292,5.69947578667865,0.113320028891178,0.0622373752749599,0.0510826536162181
1921-12-01,7.31,0.46,0.29,17.3,4.36583333333333,129.35214017341,8.1398063583815,1857.0573463955,5.13161705202312,73.6725896654851,6.11415884941727,8.64985279407794,0.186967523203809,1.00894555469843,5.78392231094128,0.0870527916664059,0.0614710449569791,0.0255817467094268
1922-01-01,7.3,0.4642,0.3233,16.9,4.3,132.232588757396,8.40854352071006,1908.47064723479,5.85627341715976,84.5217205823298,6.28708729034713,8.91709647318322,0.179519561821601,1.00318033603649,5.97378489853095,0.0853864718841659,0.0603205063320329,0.025065965552133
1922-02-01,7.46,0.4683,0.3567,16.9,4.305,135.130837278106,8.48281113905325,1960.50261580546,6.46128279585799,93.7414588549341,6.46130587269698,9.18553786904006,0.174080106815289,1.00318459602838,5.99278354191796,0.0839167541216994,0.0620738804297369,0.0218428736919625
1922-03-01,7.74,0.4725,0.39,16.7,4.31,141.881847305389,8.66139184131736,2068.91924292798,7.14908532934132,104.247868829705,6.82138724903604,9.71740914582812,0.162432573087819,1.00318885599015,6.08386655738188,0.0800614707828651,0.0618215958733863,0.0182398749094788
1922-04-01,8.21,0.4767,0.4233,16.7,4.315,150.497411676647,8.73838199101796,2205.16987097727,7.75950723053892,113.696517221033,7.27325339020986,10.3786122400776,0.150118600193637,1.00319311592181,6.10326713169665,0.0459165675809807,0.0628365601489729,-0.0169199925679921
1922-05-01,8.53,0.4808,0.4567,16.7,4.32,156.363327844311,8.81353904191617,2301.88219313032,8.37176223053892,123.243798077681,7.59346725891938,10.8513080071155,0.144270692526603,1.00319737582338,6.12275557114995,0.0304579504626066,0.0646292223405747,-0.0341712718779681
1922-06-01,8.45,0.485,0.49,16.7,4.325,154.896848802395,8.89052919161676,2291.2003443443,8.98218413173653,132.862505174995,7.55798735175513,10.8156176895352,0.145879817977085,1.00320163569487,6.14233232178562,0.018087288159286,0.0656580984669288,-0.0475708103076429
1922-07-01,8.51,0.4892,0.5233,16.8,4.33,155.06815625,8.91414125,2304.72228915852,9.5355071875,141.722817146493,7.60209504577403,10.8920587925354,0.145693274640917,1.00320589553628,6.12531927367179,0.0235674957789835,0.0665405675205464,-0.0429730717415628
1922-08-01,8.83,0.4933,0.5567,16.6,4.335,162.837700301205,9.09715034638554,2431.46553714461,10.2663360993976,153.295228145912,8.02003068989577,11.5017195585333,0.136482435794044,1.00321015534762,6.21899202675566,0.0619361257656736,0.0662937158303729,-0.00435759006469927
1922-09-01,9.06,0.4975,0.59,16.6,4.34,167.079225903614,9.17460429216867,2506.2154332115,10.8804352409639,163.208289800749,8.2650830022843,11.8615433088827,0.131706424988638,1.00321441512892,6.23895595726718,0.0699861536956039,0.0673274784051221,0.0026586752904818
1922-10-01,9.26,0.5017,0.6233,16.7,4.345,169.744949101796,9.19665669161677,2557.69765759522,11.4257048353293,172.161225699687,8.4321519987619,12.1074718190975,0.129892486619515,1.00321867488018,6.22153144658498,0.0535392621091393,0.0690072644945672,-0.0154680023854279
1922-11-01,8.8,0.5058,0.6567,16.8,4.35,160.3525,9.216624375,2427.74621985153,11.9663053125,181.17056165642,7.99825377226984,11.4917671554102,0.136905980432102,1.0032229346014,6.20440441134471,0.059457509838696,0.0706891184775646,-0.0112316086388686
1922-12-01,8.78,0.51,0.69,16.9,4.355,159.041387573964,9.23816715976331,2419.55143366026,12.4986967455621,190.14698054961,7.96467986494,11.4497132763958,0.139040513368286,1.00322719429261,6.1875700270327,0.0577540578375404,0.072373180407453,-0.0146191225699126
1923-01-01,8.9,0.5117,0.7142,16.8,4.36,162.1746875,9.3241334375,2479.04034306498,13.014063125,198.936023934495,8.15420048306916,11.7259536141151,0.134414869887852,1.00564552231862,6.24448815174307,0.0615393895111982,0.0736179858261683,-0.0120785963149701
1923-02-01,9.28,0.5133,0.7383,16.8,4.335,169.099,9.3532884375,2596.80172295704,13.4532103125,206.596843971894,8.53336057906597,12.2720200833508,0.129215815504828,1.00562701985812,6.27974154897209,0.045695857243911,0.0751310865432577,-0.0294352292993467
1923-03-01,9.43,0.515,0.7625,16.8,4.31,171.83228125,9.384265625,2650.78516394703,13.8941796875,214.339733564115,8.70073750097853,12.5118538518557,0.127211475524069,1.00560852116242,6.31507777937203,0.0447124476282359,0.0758161274554456,-0.0311036798272097
1923-04-01,9.1,0.5167,0.7867,16.9,4.285,164.837884615385,9.35953131656805,2554.91764817131,14.2503256952663,220.874034485316,8.37280966846381,12.0406719765518,0.132589435861243,1.00559002623852,6.31291912717346,0.0597930096565156,0.076290179974069,-0.0164971703175534
1923-05-01,8.67,0.5183,0.8108,16.9,4.26,157.048841715976,9.38851380177515,2446.3172704468,14.6868743786982,228.774399409258,8.00049786759821,11.5077706601929,0.139481083596842,1.00557153509344,6.34820851073601,0.0921223132957831,0.0761262722090976,0.0159960410866855
1923-06-01,8.34,0.52,0.835,17,4.235,150.18255,9.3639,2351.5174277865,15.0362625,235.433699304763,7.67182528267308,11.0386697856871,0.14462548934004,1.0055530477342,6.3460273197209,0.11346615187144,0.0757473033187803,0.0377188485526598
1923-07-01,8.06,0.5217,0.8592,17.2,4.21,143.452770348837,9.28527422965116,2258.25989695393,15.2921365116279,240.731625739803,7.34598511949065,10.5749963587497,0.150820314479165,1.00553456416785,6.30706633197369,0.123605120332959,0.0735094208188072,0.0500956995141522
1923-08-01,8.1,0.5233,0.8833,17.1,4.185,145.007763157895,9.3682175877193,2295.0285634747,15.8130070614035,250.271448162617,7.44178317421737,10.7177691722758,0.148701901943856,1.00551608440145,6.37906075784451,0.115619871475987,0.0719068166508761,0.0437130548251108
1923-09-01,8.15,0.525,0.9075,17.2,4.16,145.054600290698,9.34400799418604,2308.09376968634,16.151785247093,257.00553325035,7.45818386718979,10.7450888485074,0.148210855277651,1.00549760844207,6.37695605471593,0.114441292508256,0.0723713615165449,0.0420699309917112
1923-10-01,8.03,0.5267,0.9317,17.3,4.135,142.092706647399,9.32007828034682,2273.32276826015,16.4866469219653,263.767723933746,7.31740039562148,10.5465071027799,0.151652707602962,1.0054791362968,6.37495039705791,0.105193700764874,0.0728331502801323,0.0323605504847413
1923-11-01,8.27,0.5283,0.9558,17.3,4.11,146.339562138728,9.34839065028902,2353.73129867797,16.9131019942196,272.031000638017,7.54632791191624,10.8786718118555,0.146706362114953,1.00546066797273,6.40987961916873,0.104400853088358,0.0726737850523187,0.0317270680360398
1923-12-01,8.55,0.53,0.98,17.3,4.085,151.294226878613,9.3784725433526,2445.99263233231,17.3413265895954,280.35938943692,7.80973914493874,11.2583506170181,0.143537402336896,1.00544220347699,6.44488184351421,0.102686265002951,0.0725151117826042,0.0301711532203468
1924-01-01,8.83,0.5317,0.9758,17.3,4.06,156.248891618497,9.40855443641618,2538.77108776358,17.2670066184971,280.558644104156,8.07224944603738,11.633992739691,0.139623358929356,1.00474307877717,6.47995620189177,0.105097928388076,0.0723571298944843,0.0327407984935915
1924-02-01,8.87,0.5333,0.9717,17.2,4.04333333333333,157.869239825581,9.49173231104651,2577.9509143457,17.2944239389535,282.412052251377,8.16206622085036,11.7609797095388,0.138876196502811,1.00473024526307,6.54854400012196,0.11083473751218,0.0709487230755983,0.0398860144365818
1924-03-01,8.7,0.535,0.9675,17.1,4.02666666666667,155.749078947368,9.57767324561403,2556.36275450798,17.3203717105263,284.28516838925,8.05807704411609,11.6100152198388,0.14000792613364,1.00471741288822,6.61799694578751,0.106316298258573,0.0703453101037408,0.0359709881548325
1924-04-01,8.5,0.5367,0.9633,17,4.01,153.06375,9.66462525,2525.50660048328,17.34662475,286.214177440652,7.92362034832798,11.4169590928151,0.142733348583621,1.00470458165404,6.68832980969657,0.109877927769653,0.0697378315491726,0.0401400962204805
1924-05-01,8.47,0.5383,0.9592,17,3.99333333333333,152.523525,9.69343725,2529.92128506039,17.272794,286.505371502943,7.8996983306653,11.3835317227758,0.14221000739146,1.00469175156195,6.71979560341545,0.0982660733953844,0.0697571929003529,0.0285088804950315
1924-06-01,8.63,0.54,0.955,17,3.97666666666667,155.404725,9.72405,2591.15314615099,17.1971625,286.73826820095,8.05167694639665,11.6032993371306,0.139987291792762,1.00467892261336,6.75132321493375,0.096672880962744,0.0689747744213138,0.0276981065414301
1924-07-01,9.03,0.5417,0.9508,17.1,3.96,161.656802631579,9.69761793859649,2708.87216484681,17.0214050877193,285.226539793615,8.37771213997184,12.0718232874575,0.134878878113648,1.00466609480969,6.74324598096497,0.0869609888301532,0.0696197917611401,0.0173411970690132
1924-08-01,9.34,0.5433,0.9467,17,3.94333333333333,168.19005,9.78347475,2832.01110376228,17.04770025,287.051917765712,8.71741830854833,12.5590427808035,0.127689307422726,1.00465326815236,6.81456184489623,0.0782755245326634,0.0690097428321244,0.00926578170053904
1924-09-01,9.25,0.545,0.9425,17.1,3.92666666666667,165.595285087719,9.7566951754386,2802.01043515064,16.8728168859649,285.502144338322,8.58167037520905,12.3627308761007,0.130287975144218,1.0046404426428,6.80623515114171,0.0756426517519462,0.0680697638451793,0.00757288790676691
1924-10-01,9.13,0.5467,0.9383,17.2,3.91,162.496748546512,9.73022699127907,2763.30090755186,16.6999670494186,283.987430619486,8.41949103587243,12.1300825362617,0.134352017234744,1.00462761828244,6.79806433279393,0.0792314551311788,0.069497356889956,0.00973409824122284
1924-11-01,9.64,0.5483,0.9342,17.2,3.89333333333333,171.573784883721,9.75870396802325,2931.48746689677,16.6269947965116,284.086679623959,8.88832736125097,12.8039508149566,0.127215175876196,1.0046147950727,6.82952317958555,0.0762705001106792,0.0695122438984881,0.00675825621219106
1924-12-01,10.16,0.55,0.93,17.3,3.87666666666667,179.783549132948,9.73237716763006,3085.61561354153,16.4565650289017,282.44316147575,9.31063968041638,13.4083915943481,0.123928919192219,1.00460197301501,6.82138083858158,0.0726963219434404,0.0709425319934895,0.0017537899499509
1925-01-01,10.58,0.5542,0.9567,17.3,3.86,187.215546242775,9.80669713872832,3227.196575363,16.9290277023121,291.82031792531,9.692618852255,13.9530656954814,0.119862870853239,1.00445180740101,6.85277264912581,0.0667448156951205,0.0693704949873772,-0.00262567929225677
1925-02-01,10.67,0.5583,0.9833,17.2,3.845,189.905838662791,9.93668507267442,3287.8454141777,17.5008820203488,302.993289199713,9.83080472281958,14.143902484636,0.119001028491139,1.00444017326368,6.92329894215242,0.0611610345140126,0.0678492859982791,-0.00668825148426655
1925-03-01,10.39,0.5625,1.01,17.3,3.83,183.853452312139,9.95356755780347,3197.42080405897,17.8721835260116,310.817614254048,9.51853753881003,13.685923349948,0.124162501345325,1.00442853996912,6.9138428283817,0.0576394464468919,0.0683499389608637,-0.0107104925139718
1925-04-01,10.28,0.5667,1.037,17.2,3.815,182.964575581395,10.0861892005814,3196.5797518484,18.4566405523256,322.456537224396,9.47656678790307,13.6155454520142,0.123103403704484,1.00441690751828,6.98483583127862,0.0649982908553008,0.0668363891057762,-0.00183809825047532
1925-05-01,10.61,0.5708,1.063,17.3,3.8,187.746403179191,10.1004379768786,3294.82863151429,18.8100307803468,330.103943006568,9.72900769402133,13.963817337115,0.120076985272663,1.00440527591209,6.97513409994348,0.0702421504175543,0.0673370905451776,0.00290505987237677
1925-06-01,10.8,0.575,1.09,17.5,3.785,188.9244,10.058475,3330.21169873773,19.06737,336.104699224456,9.79638618045061,14.0434113280408,0.120733727931262,1.0043936451515,6.92579450171838,0.0742581580383161,0.0692241757935845,0.00503398224473162
1925-07-01,11.1,0.5792,1.117,17.7,3.77,191.978262711864,10.0174603389831,3398.75780129039,19.3188936440678,342.019140904628,9.9639938917878,14.2630123844958,0.120367901162568,1.00438201523747,6.87762258418901,0.0779286075885568,0.0703221664022309,0.00760644118632592
1925-08-01,11.25,0.5833,1.143,17.7,3.755,194.572563559322,10.0883712288136,3459.57056005778,19.7685724576271,351.49236890187,10.1109184584889,14.4499404511054,0.119059522310408,1.00437038617093,6.90776043115048,0.0834296452002741,0.0702047010312605,0.0132249441690135
1925-09-01,11.51,0.5875,1.17,17.7,3.74,199.069351694915,10.1610116525424,3554.5806182164,20.2355466101695,361.325744857792,10.3592476113485,14.7772583769912,0.116838646065995,1.00435875795284,6.93795001181089,0.083099150693537,0.0700875107346732,0.0130116399588638
1925-10-01,11.89,0.5917,1.197,17.7,3.725,205.641580508475,10.2336520762712,3687.16194583634,20.7025207627119,371.197043664095,10.7184959970229,15.2567961001514,0.112711639795245,1.00434713058414,6.96819085660127,0.0823273868444034,0.0699705953859968,0.0123567914584066
1925-11-01,12.26,0.5958,1.223,18,3.71,208.506841666667,10.13282025,3753.67635232309,20.7996629166667,374.449117364693,10.8863174403079,15.4583451720362,0.112168706885457,1.00433550406579,6.8818411173203,0.0896673781750115,0.070874478450492,0.0187928997245195
1925-12-01,12.46,0.6,1.25,17.9,3.695,213.092103351955,10.2612569832402,3851.61738230387,21.3776187150838,386.39821251042,11.1473652391372,15.7888669742474,0.109578652155422,1.00432387839873,6.95029009018782,0.0871902934964088,0.070161643644489,0.0170286498519199
1926-01-01,12.65,0.6075,1.249,17.9,3.68,216.341501396648,10.3895226955307,3925.99903821212,21.3605166201117,387.634213338098,11.3409661885062,16.0188508360703,0.10717666605596,1.00542091275448,6.98034229937372,0.091277021951107,0.0700455063626413,0.0212315155884657
1926-02-01,12.67,0.615,1.248,17.9,3.65166666666667,216.683543296089,10.5177884078212,3948.11187864474,21.3434145251397,388.890578101708,11.389435672748,16.0412733151966,0.107084753332911,1.0054004313264,7.01818212597505,0.0970773550878816,0.0696798595669286,0.0273974955209531
1926-03-01,11.81,0.6225,1.248,17.8,3.62333333333333,203.110436797753,10.7058634129213,3717.05688776431,21.4633213483146,392.793141060953,10.7123520627325,15.046869401753,0.111316989162465,1.00537995566629,7.0957242542038,0.107157259912728,0.0694953858324889,0.0376618740802395
1926-04-01,11.48,0.63,1.247,17.9,3.595,196.33205027933,10.7743198324022,3609.43931775896,21.3263124301676,392.070629725211,10.3955876859547,14.5623667282574,0.114036219395915,1.00535948578636,7.09404475211103,0.110885129299813,0.0697338568888304,0.0411512724109826
1926-05-01,11.56,0.6375,1.246,17.8,3.56666666666667,198.810893258427,10.9638360252809,3671.80818907913,21.428925,395.767560864411,10.5751584638061,14.7718600419003,0.111107465496153,1.00533902169885,7.17213296606108,0.103297693264957,0.0687766018270874,0.03452109143787
1926-06-01,12.11,0.645,1.245,17.7,3.53833333333333,209.446555084746,11.1554936440678,3885.40570497537,21.5326970338983,399.449224004487,11.19797974023,15.5919497530852,0.104560956413678,1.00531856341602,7.25116200478937,0.101203518314466,0.0670429145574993,0.0341606037569671
1926-07-01,12.62,0.6525,1.244,17.5,3.51,220.76166,11.4141825,4112.95540448909,21.761292,405.429201520161,11.8696940584813,16.4691247433604,0.0985973902995363,1.00529811095018,7.37303894426316,0.100812648350273,0.0647097785894317,0.0361028697608414
1926-08-01,13.12,0.66,1.243,17.4,3.48166666666667,230.827172413793,11.6117327586207,4318.51139610323,21.868763362069,409.139456200939,12.4888082195219,17.2606937955943,0.093136770867251,1.00527766431363,7.45470041069093,0.0971731074824169,0.0629882494652902,0.0341848580171267
1926-09-01,13.32,0.6675,1.242,17.5,3.45333333333333,233.00676,11.6765775,4377.49359089528,21.726306,408.171699691587,12.6926148233447,17.4702137783749,0.0908304118401954,1.00525722351873,7.45122070949142,0.0972691070337774,0.0632508610669331,0.0340182459668443
1926-10-01,13.02,0.675,1.242,17.6,3.425,226.464775568182,11.7406853693182,4272.97045599162,21.6028610795454,407.605937507035,12.4265175215833,17.033811722275,0.0915290187875893,1.00523678857787,7.44783438859949,0.105901687704578,0.0635124511849541,0.0423892365196241
1926-11-01,13.19,0.6825,1.241,17.7,3.39666666666667,228.125521186441,11.8040688559322,4322.8657214115,21.4635156779661,406.722999262447,12.6152512123445,17.2190852743766,0.0893674771651526,1.00521635950344,7.4445386078383,0.108017365376847,0.0637730578183613,0.0442443075584857
1926-12-01,13.49,0.69,1.24,17.7,3.36833333333333,233.314122881356,11.9337838983051,4440.03209710556,21.446220338983,408.127487057887,13.0090527289931,17.6778419035448,0.0863476605032291,1.00519593630789,7.48337199755403,0.103520827860426,0.0634334305318092,0.0400873973286167
1927-01-01,13.4,0.6967,1.229,17.5,3.34,234.4062,12.1873731,4480.14204839786,21.498897,410.902580409028,13.1859306286778,17.8362644537376,0.0835210825431001,1.00285360056024,7.60822375178521,0.105501861108043,0.061133377478449,0.0443684836295941
1927-02-01,13.66,0.7033,1.218,17.4,3.33916666666667,240.327681034483,12.3735328017241,4613.02537182274,21.428925,411.322467267943,13.6339661322162,18.3580196360375,0.0778098448613142,1.00285290887628,7.67378478210058,0.10586716757743,0.0605518989843319,0.0453152685930984
1927-03-01,13.87,0.71,1.208,17.3,3.33833333333333,245.432856936416,12.5636141618497,4731.11412082553,21.3758393063584,412.053774906795,14.0332575076045,18.8119347631877,0.0751332249626946,1.00285221719247,7.74016107516009,0.102554541859551,0.0592176430815405,0.0433368987780103
1927-04-01,14.21,0.7167,1.197,17.3,3.3375,251.449235549133,12.6821722109827,4867.46196451313,21.1811917630058,410.017731986081,14.4882222091571,19.3351234640582,0.0678553772785578,1.00285152550881,7.76223769565112,0.0923293768025168,0.0584994623189345,0.0338299144835823
1927-05-01,14.7,0.7233,1.186,17.4,3.33666666666667,258.624956896552,12.7254034913793,5026.89475059977,20.8659318965517,405.571236340906,15.0023470557371,19.9360966829584,0.0644682565036949,1.0028508338253,7.73963414482244,0.0835430636705234,0.0583960319183907,0.0251470317521327
1927-06-01,14.89,0.73,1.175,17.6,3.33583333333333,258.990822443182,12.6973338068182,5054.57259372063,20.4374893465909,398.866541143166,15.1203334817475,20.0105880311365,0.0635362900685514,1.00285014214193,7.67349743568747,0.0792945740129771,0.0596297042325182,0.0196648697804589
1927-07-01,15.22,0.7367,1.164,17.3,3.335,269.321419075144,13.0360768352601,5277.39027168599,20.597249132948,403.605931421977,15.8208025944778,20.8547286750805,0.0604424349692263,1.00284945045872,7.82881368186399,0.0805691080786259,0.0571002687594322,0.0234688393191937
1927-08-01,16.03,0.7433,1.153,17.2,3.33416666666667,285.303710755814,13.2293355087209,5612.168030868,20.5212213662791,403.669977516582,16.8628618527638,22.1356083805545,0.0543518218760826,1.00284875877566,7.89676755382546,0.0754639923135649,0.0565094143382112,0.0189545779753537
1927-09-01,16.94,0.75,1.143,17.3,3.33333333333333,299.757216763006,13.2714234104046,5918.23587800018,20.2256492774566,399.32370770686,17.8187237135164,23.2921696915167,0.0494303991460756,1.00284806709275,7.87348744986896,0.0533067193201635,0.0564167839006857,-0.00311006458052221
1927-10-01,16.68,0.7567,1.132,17.4,3.3325,293.460155172414,13.3130275431034,5815.81401453761,19.9158810344828,394.694332401474,17.5372378522611,22.8351069772887,0.0493993386573785,1.00284737540999,7.85053286767678,0.0392414576144478,0.0570461167457168,-0.0178046591312691
1927-11-01,17.06,0.7633,1.121,17.3,3.33166666666667,301.88064450867,13.5067699855491,6004.99837486826,19.8363541907514,394.584008102422,18.1313014349524,23.5201868156448,0.0469483740927516,1.00284668372738,7.9183942951098,0.0277351393914298,0.057182879262307,-0.0294477398708772
1927-12-01,17.46,0.77,1.11,17.3,3.33083333333333,308.95873699422,13.6253280346821,6168.38173237127,19.6417066473988,392.147979549376,18.6466240214025,24.099196924913,0.0439260426899995,1.00284599204492,7.94093545929665,0.0246468723316564,0.0579335129526031,-0.0332866406209467
1928-01-01,17.53,0.7767,1.133,17.3,3.33,310.197403179191,13.743886083815,6215.97825178099,20.0486969653179,401.751475143631,18.8061285717008,24.2204173577655,0.0412646378284927,1.00087897685221,7.963535298443,0.0285585817777574,0.059432226320381,-0.0308736445426236
1928-02-01,17.32,0.7833,1.155,17.1,3.3525,310.06598245614,14.0227877631579,6236.76137318918,20.6770328947368,415.904121595468,18.868850519584,24.2214217731268,0.0389500269274983,1.00089973596961,8.0637576939319,0.0270669626461761,0.0592359207147164,-0.0321689580685403
1928-03-01,18.25,0.79,1.177,17.1,3.375,326.715021929824,14.1427324561403,6595.35114613766,21.0708811403509,425.354975287892,19.9434177990645,25.5137629486994,0.0365953529425906,1.0009204921444,8.07101294677934,0.0150157547800422,0.0595192349982883,-0.044503480218246
1928-04-01,19.4,0.7967,1.2,17.1,3.3975,347.302543859649,14.2626771491228,7034.94184054326,21.4826315789474,435.151041683088,21.2579092494875,27.0986391894648,0.0318237153032271,1.00094124538153,8.07844225079419,0.0042388390079835,0.0590503705108225,-0.054811531502839
1928-05-01,20,0.8033,1.222,17.2,3.42,355.962209302326,14.2972221366279,7234.48521031534,21.7492909883721,442.027046350267,21.83273217874,27.7335936964139,0.028825490853709,1.00096199568593,8.03903415162912,0.00367933106035756,0.0606937661608955,-0.0570144351005379
1928-06-01,19.02,0.81,1.245,17.1,3.4425,340.499710526316,14.5007763157895,6944.78849991981,22.2882302631579,454.587890767622,20.9134215768667,26.4820541040532,0.028629212973395,1.00098274306253,8.09382478866636,0.0106967734391334,0.0603483748482063,-0.0496516014090729
1928-07-01,19.16,0.8167,1.268,17.1,3.465,343.00601754386,14.6207210087719,7020.75701309782,22.6999807017544,464.630474562006,21.0819054352968,26.6138453912273,0.0253000928230069,1.00100348751624,8.10177893882672,0.0285712064380932,0.0606178128737356,-0.0320466064356424
1928-08-01,19.78,0.8233,1.29,17.1,3.4875,354.105377192982,14.7388754824561,7273.0822628644,23.0938289473684,474.331451925939,21.7621315025792,27.3907181375415,0.0216024903605491,1.00102422905198,8.10990897285119,0.0260061917541119,0.0608837762271173,-0.0348775844730054
1928-09-01,21.17,0.83,1.312,17.3,3.51,374.608044797688,14.6870419075144,7719.33151597969,23.2161433526012,478.401650872242,23.0046494461592,28.866481380789,0.0181212945616278,1.00104496767464,8.02436317633727,0.0156513642914848,0.062380885312701,-0.0467295210212162
1928-10-01,21.6,0.8367,1.335,17.2,3.5325,384.439186046512,14.8916790261628,7947.48818160148,23.7604774709302,491.198922335091,23.578344239585,29.5002301820032,0.0143450798478437,1.00106570338912,8.0794504019107,0.0245849849683208,0.0627805091524458,-0.038195524184125
1928-11-01,23.06,0.8433,1.357,17.2,3.555,410.424427325581,15.0091465552326,8510.53644443019,24.1520359011628,500.8151758496,25.1219845711096,31.3380799433278,0.0096446681414625,1.00108643620029,8.08806069958623,0.0180364154390509,0.0630363666588047,-0.0449999512197539
1928-12-01,23.15,0.85,1.38,17.1,3.5775,414.43576754386,15.2168640350877,8620.01002134785,24.7050263157895,513.849409479915,25.3015910274261,31.4728254314359,0.00732640099395859,1.00110716611303,8.14419784901466,0.0140795839875187,0.0626689220203995,-0.0485893380328808
1929-01-01,24.86,0.86,1.399,17.1,3.6,445.04851754386,15.3958859649123,9283.42187972228,25.0451679824561,522.425873279624,27.0831996208328,33.5909376991064,0.00450145398491136,1.00515433623562,8.15321482889088,0.00541467106099924,0.062917657053549,-0.0575029859925498
1929-02-01,24.99,0.87,1.418,17.1,3.57416666666667,447.375802631579,15.5749078947368,9359.04106438212,25.3853096491228,531.05723206458,27.1316727982474,33.5550395325403,0.00653699064771014,1.00513542313714,8.1952392395202,0.00486083102803625,0.0634592733425277,-0.0585984423144914
1929-03-01,25.43,0.88,1.438,17,3.54833333333333,457.930725,15.8466,9607.47433435608,25.894785,543.277549854662,27.6757484378619,34.1292909556102,0.00424904837806839,1.00511651443511,8.28578011520007,0.0025007798988006,0.0626162576297919,-0.0601154777309914
1929-04-01,25.28,0.89,1.457,16.9,3.5225,457.923266272189,16.1215073964497,9635.50387494333,26.392175591716,555.33738709622,27.5684544728983,33.9025631381153,0.002239541981342,1.00509761013803,8.37745356739742,-0.0100756212356589,0.0625381031666112,-0.0726137244022701
1929-05-01,25.66,0.9,1.476,17,3.49666666666667,462.07245,16.20675,9751.22812394399,26.57907,560.904626303247,27.6985868750081,33.9700715231848,0.00172640444946093,1.00507871025441,8.37062821516507,-0.007277053560236,0.0629475528514438,-0.0702246064116798
1929-06-01,26.15,0.91,1.495,17.1,3.47083333333333,468.142346491228,16.2909956140351,9907.97204276287,26.7637785087719,566.440466689503,27.9354678302887,34.1697863931139,0.00226563045191379,1.00505981479275,8.36394056016334,-0.00672465693974644,0.0633544465341602,-0.0700791034739067
1929-07-01,28.48,0.92,1.514,17.3,3.445,503.960184971098,16.279612716763,10694.7490576817,26.7905800578035,568.534061563558,29.9332894068422,36.5109519684204,-0.00161858299411807,1.00504092376161,8.30907834744129,-0.011518120437314,0.0643756759926863,-0.0758937964300004
1929-08-01,30.1,0.93,1.533,17.3,3.41916666666667,532.626459537572,16.4565650289017,11332.190649164,27.126789450867,577.151105155096,31.480313247173,38.2916955584372,-0.00470898532082388,1.00502203716955,8.35096377791998,-0.0182714451016543,0.0641607231804957,-0.0824321682821501
1929-09-01,31.3,0.94,1.552,17.3,3.39333333333333,553.86073699422,16.6335173410405,11813.4636407425,27.4629988439306,585.766631643208,32.5637885987767,39.5006886979719,-0.00606951631086497,1.00500315502514,8.39290262841423,-0.0141564236001608,0.0616610918029366,-0.0758175154030973
1929-10-01,27.99,0.95,1.572,17.3,3.3675,495.2895216763,16.8104696531792,10594.0600588693,27.8169034682081,594.993298054396,28.9610671643548,35.0474581900864,-0.00365622704195699,1.00498427733697,8.43489362137506,-0.00126355535491862,0.062204364033595,-0.0634679193885136
1929-11-01,20.58,0.96,1.591,17.3,3.34166666666667,364.167858381503,16.9874219653179,7819.69563473525,28.1531128612717,604.525546883566,21.171036000097,25.5887707639627,0.00713369227228507,1.00496540411368,8.47693547049187,0.0280823330319901,0.0619927385413768,-0.0339104055093866
1929-12-01,21.4,0.97,1.61,17.2,3.31583333333333,380.879563953488,17.2641671511628,8209.43485037279,28.6549578488372,617.62570603272,22.0073731764183,26.5660244283452,0.00290000804849368,1.00494653536387,8.56855610679927,0.0210708562647517,0.0611667679813379,-0.0400959117165862
1930-01-01,21.71,0.9708,1.557,17.1,3.29,388.656609649123,17.3794489473684,8408.27663210636,27.8737144736842,603.025643306753,22.3107242943368,26.8984698963285,-0.000108226354970403,1.00238958412779,8.66129715138599,0.0192116846785033,0.0610991911513741,-0.0418875064728708
1930-02-01,23.07,0.9717,1.503,17,3.29416666666667,415.433025,17.49788775,9019.10915533892,27.0652725,587.590856544187,23.6971177493359,28.5335909916813,-0.00436886221440107,1.00239312555354,8.7330646028179,0.0111351669967634,0.0598631070188886,-0.0487279400221252
1930-03-01,23.94,0.9725,1.45,16.9,3.29833333333333,433.650434911243,17.6159167899408,9446.48201096839,26.2653772189349,572.155343187308,24.5866077926689,29.5684294993843,-0.00752437220519681,1.00239666696049,8.80576252597359,0.00632052445862397,0.0593818784583784,-0.0530613539997544
1930-04-01,25.46,0.9733,1.397,17,3.3025,458.47095,17.52669975,10018.979274034,25.1564775,549.74524924688,25.8434368620183,31.040920119317,-0.0119147696952419,1.00240020834865,8.77494425898693,0.0018327063012249,0.060148981425598,-0.0583162751243731
1930-05-01,23.94,0.9742,1.343,16.9,3.30666666666667,433.650434911243,17.6467106804734,9508.71199567126,24.3271735207101,533.42523852074,24.3097606339082,29.174802108989,-0.0115339833143081,1.00240374971803,8.84805332596199,-0.00722917655658306,0.0596634880811155,-0.0668926646376986
1930-06-01,21.52,0.975,1.29,16.8,3.31083333333333,392.13475,17.766328125,8630.85565710095,23.50621875,517.370064947037,21.8668993333895,26.2358466815719,-0.00897743806947188,1.00240729106864,8.92211541398067,-0.00669332461272276,0.0584188480650483,-0.065112172677771
1930-07-01,21.06,0.9758,1.237,16.6,3.315,388.376213855422,17.9951334036145,8581.13652432551,22.8120311746988,504.029718926432,21.5487975925466,25.8532257988001,-0.00904626453973735,1.00241083240047,9.05134768179913,-0.00162312785333285,0.0580401560609547,-0.0596632839142875
1930-08-01,20.79,0.9767,1.183,16.5,3.31916666666667,385.72065,18.1208926818182,8555.82704053638,21.9484140909091,486.846723855437,21.3006022411181,25.5584738719705,-0.00675737940121292,1.00241437371353,9.12815786687077,0.00129255543732687,0.0575343607105601,-0.0562418052732332
1930-09-01,20.78,0.9775,1.13,16.6,3.32333333333333,383.212617469879,18.026483810241,8533.51641391071,20.8387996987952,464.04588776319,21.0725817884473,25.2900515518612,-0.00423874082229148,1.00241791500784,9.09507498470355,0.00622523907172745,0.0583048958145624,-0.052079656742835
1930-10-01,17.92,0.9783,1.077,16.5,3.3275,332.473018181818,18.1505777727273,7437.31073131081,19.9817768181818,446.985695179785,18.2148701546586,21.8811182076358,0.00306369070810379,1.00242145628339,9.1723210490853,0.0216413462940539,0.0577948490264837,-0.0361535027324298
1930-11-01,16.62,0.9792,1.023,16.4,3.33166666666667,310.234088414634,18.2780517073171,6973.9061037402,19.0956361280488,429.260285446825,16.9397113777752,20.3779383854978,0.00705252068275301,1.00242499754019,9.25059563951995,0.031128960962346,0.0572791034738871,-0.0261501425115411
1930-12-01,15.51,0.98,0.97,16.1,3.33583333333333,294.909163043478,18.633847826087,6664.3161239547,18.4437065217391,416.788306913995,16.0550018565313,19.3496035787339,0.0104549220605884,1.00242853877825,9.44581765860459,0.0313075544028516,0.0547028214029786,-0.023395267000127
1931-01-01,15.98,0.9667,0.94,15.9,3.34,307.667764150943,18.6121669339623,6987.68280782465,18.0981037735849,411.040165166156,16.7054787315476,20.1675408744177,0.00880630995435808,1.00039752938545,9.58786105714472,0.0271721121093045,0.0535077874392957,-0.0263356753299913
1931-02-01,17.2,0.9533,0.91,15.7,3.36833333333333,335.375350318471,18.5879838057325,7652.15194814104,17.7436958598726,404.852225163276,18.1614924369761,21.9550071674625,0.00563447473488468,1.00042432253324,9.71385942466055,0.011904383362799,0.0519019159801606,-0.0399975326173616
1931-03-01,17.53,0.94,0.88,15.6,3.39666666666667,344.000966346154,18.4461442307692,7884.03317999732,17.2687307692308,395.775767164726,18.5795610327913,22.4892259163786,0.00401963728569704,1.0004511098146,9.78027598559983,0.00935835522667894,0.0502163614089968,-0.0408580061823178
1931-04-01,15.86,0.9267,0.85,15.5,3.425,313.237558064516,18.3024744677419,7213.93344818833,16.7876370967742,386.623167147546,16.8723153316097,20.4598125848027,0.00963111435178712,1.00047789124193,9.84781498320956,0.0150312818087712,0.0485361338729509,-0.0335048520641796
1931-05-01,14.33,0.9133,0.82,15.3,3.45333333333333,286.719416666667,18.2736108333333,6638.28497244227,16.4068333333333,379.859991444708,15.4015399991101,18.7207269101222,0.0159297035387006,1.0005046668276,9.98131229411787,0.0211619155377036,0.0461793120852338,-0.0250173965475302
1931-06-01,13.87,0.9,0.79,15.1,3.48166666666667,281.191286423841,18.2460099337748,6545.49814122563,16.0159420529801,372.81496262208,15.0624760746432,18.3556045840137,0.0163698249959318,1.00053143658398,10.1186190615449,0.0246118293972808,0.0423877779311719,-0.0177759485338911
1931-07-01,14.33,0.8867,0.76,15.1,3.51,290.517024834437,17.9763744536424,6797.45105483648,15.4077417218543,360.506824959925,15.5167500955163,18.9552422881875,0.0135850278387573,1.00055820052337,10.1239964658935,0.0264378591486494,0.0421257866510032,-0.0156879275023538
1931-08-01,13.9,0.8733,0.73,15.1,3.53833333333333,281.799486754967,17.7047116390728,6628.00098832818,14.7995413907285,348.089260538099,15.0062766028865,18.3805259912089,0.0154939919740942,1.00058495865808,10.1296476860194,0.027723308433182,0.0404585806924946,-0.0127352722593126
1931-09-01,11.83,0.86,0.7,15,3.56666666666667,241.432555,17.55131,5712.96068241837,14.28595,338.045010793986,12.8177452611069,15.7568865128346,0.0270533108243604,1.00061171100038,10.2031435985442,0.0426136143806217,0.0381244541917909,0.00448916018883083
1931-10-01,10.25,0.8467,0.67,14.9,3.595,210.591065436242,17.3958492785235,5017.46872462843,13.7654647651007,327.971126390346,11.1459264076609,13.7643373887964,0.0378135664670667,1.00063845756249,10.2779043359616,0.0511704249603451,0.0358108360529967,0.0153595889073483
1931-11-01,10.39,0.8333,0.64,14.7,3.62333333333333,216.37175,17.3534725,5189.65209523593,13.328,319.67058141973,11.4156002956447,14.1606764783029,0.0346451908628951,1.00066519835663,10.4243910538436,0.0425947830361573,0.0334853315010437,0.00910945153511356
1931-12-01,8.44,0.82,0.61,14.6,3.65166666666667,176.966856164384,17.1934623287671,4278.89541894469,12.7902585616438,309.256659426097,9.30603286796831,11.6131990885679,0.0541151648941842,1.00069193339498,10.5027727754883,0.0558054583439229,0.0318609404144117,0.0239445179295112
1932-01-01,8.3,0.7933,0.5933,14.3,3.68,177.682395104895,16.9825836188811,4330.41509196688,12.7010801223776,309.546418561922,9.31240645517784,11.6907356132444,0.0540169821185257,1.00562894061286,10.730530344251,0.0559082188101856,0.0281531480682617,0.0277550707419238
1932-02-01,8.23,0.7667,0.5767,14.1,3.64916666666667,178.682930851064,16.6459542021277,4388.60727263048,12.5208318617021,307.522456151397,9.3369322510084,11.7881588532634,0.0526590801126532,1.00560695341785,10.9439947255984,0.0511814324156021,0.0256811196398392,0.0255003127757629
1932-03-01,8.26,0.74,0.56,14,3.61833333333333,180.615225,16.181025,4469.18441796332,12.2451,302.995553760225,9.41306502801221,11.9474239331565,0.0525714392926687,1.00558497365908,11.0839668884745,0.0428435702613013,0.0232928305441478,0.0195507397171535
1932-04-01,6.28,0.7133,0.5433,13.9,3.5875,138.307964028777,15.7094061690647,3454.71697539984,11.9654007733813,298.877027505531,7.19223319611548,9.19474821358461,0.0849792576527613,1.00556300135369,11.226056670661,0.0656122610494614,0.0215554975835248,0.0440567634659366
1932-05-01,5.51,0.6867,0.5267,13.7,3.55666666666667,123.121352189781,15.3443616240876,3107.31897479948,11.7691499452555,297.028113253519,6.39085728988144,8.23631866493341,0.101300332606201,1.00554103651884,11.4533029652349,0.0776211777499951,0.0184537115499737,0.0591674662000214
1932-06-01,4.77,0.66,0.51,13.6,3.52583333333333,107.36971875,14.8561875,2741.02637626351,11.47978125,293.065713185407,5.56505937152896,7.2376339262946,0.124109760986028,1.00551907917177,11.6014482391622,0.0973277646723076,0.0173468254730753,0.0799809391992323
1932-07-01,5.01,0.6333,0.4933,13.6,3.495,112.77196875,14.2551871875,2909.2662079848,11.1038746875,286.455293492795,5.8387636718512,7.6548840141456,0.11540991841757,1.00549712932972,11.6654775505013,0.0948147183178467,0.0163663861457068,0.0784483321721399
1932-08-01,7.53,0.6067,0.4767,13.5,3.46416666666667,170.751116666667,13.7575966111111,4434.57567645169,10.8097021666667,280.738675294093,8.83465320518121,11.6313779279955,0.058089853396923,1.00547518701001,11.8164901462471,0.0490198764743708,0.0146438597889385,0.0343760166854323
1932-09-01,8.26,0.58,0.46,13.4,3.43333333333333,188.702473880597,13.2502947761194,4929.46714941243,10.5088544776119,274.522383623452,9.76116856406371,12.8935050250727,0.046926287026325,1.00545325222998,11.9698532189998,0.0396791268681782,0.0135369222097714,0.0261422046584068
1932-10-01,7.12,0.5533,0.4433,13.3,3.4025,163.881789473684,12.7353643421053,4308.8011914033,10.2034827631579,268.271287661388,8.47860660768908,11.242814157262,0.0614115953302767,1.00543132500703,12.1256175308248,0.0605869356595095,0.0112087600581874,0.0493781756013221
1932-11-01,7.05,0.5267,0.4267,13.2,3.37166666666667,163.499914772727,12.2149510795455,4325.52398179219,9.89580335227273,261.801572061096,8.4633095671229,11.2629110769932,0.0606126861655715,1.00540940535858,12.2838353649436,0.0617954718359961,0.00949591517587445,0.0522995566601216
1932-12-01,6.82,0.5,0.41,13.1,3.34083333333333,159.373248091603,11.6842557251908,4242.10935116502,9.58108969465649,255.024169204935,8.25707399910068,11.0264223443038,0.0625514314534691,1.00538749330211,12.4445605839112,0.0643420659043394,0.00778602554563079,0.0565560403587086
1933-01-01,7.09,0.495,0.4125,12.9,3.31,168.251470930233,11.7467529069767,4504.4807141273,9.78896075581395,262.07310219711,8.72804616281353,11.6919679931757,0.0554038505740373,1.00409624698105,12.7055839516459,0.0646613079987253,0.00589563123476977,0.0587656767639555
1933-02-01,6.25,0.49,0.415,12.7,3.29416666666667,150.653297244094,11.811218503937,4059.68806895239,10.0033789370079,269.563287778439,7.8260517513166,10.5230795256371,0.0672467476285075,1.00408405248724,12.9585367074015,0.0825167361980605,0.00411375242974299,0.0784029837683176
1933-03-01,6.23,0.485,0.4175,12.6,3.27833333333333,151.363041666667,11.7834791666667,4105.27471439545,10.1435104166667,275.112711598732,7.87468132294317,10.6267905039046,0.0658475903793263,1.0040718590263,13.1147256074364,0.0836647404458222,0.00134693619671267,0.0823178042491095
1933-04-01,6.89,0.48,0.42,12.6,3.2625,167.398291666667,11.662,4566.54153623763,10.20425,278.366828043513,8.72310164606811,11.8053355958353,0.0530783083784547,1.00405966659943,13.1681269212785,0.0749355716515321,-1.79582475944295e-05,0.0749535298991265
1933-05-01,8.87,0.475,0.4225,12.6,3.24666666666667,215.504041666667,11.5405208333333,5905.07726592703,10.2649895833333,281.273409791902,11.2496512519324,15.2468081425328,0.0274901631625868,1.00404747520787,13.2215851263179,0.0515369464457962,-0.000797329999828178,0.0523342764456244
1933-06-01,10.39,0.47,0.425,12.7,3.23083333333333,250.446041338583,11.3291279527559,6888.40061449552,10.2444242125984,281.768071334032,13.0988755172695,17.7656641235799,0.0152940454672098,1.00403528485284,13.1705708244488,0.0376997660468159,-0.000212445857162291,0.0379122119039782
1933-07-01,11.23,0.465,0.4275,13.1,3.215,262.428383587786,10.8663578244275,7242.87547621666,9.99003864503817,275.719435982424,13.7543044938745,18.661295964763,0.0136921834565045,1.00402309553558,12.8199401857542,0.0356261839539105,0.0032628797449481,0.0323633042089624
1933-08-01,10.67,0.46,0.43,13.2,3.19916666666667,247.4530625,10.6680795454545,6854.10113652628,9.97233522727273,276.219633430769,12.9995270503677,17.6463611394824,0.0193802198008609,1.00401090725731,12.774004544807,0.0371296479508896,0.00440128486615232,0.0327283630847373
1933-09-01,10.58,0.455,0.4325,13.2,3.18333333333333,245.365829545455,10.5521221590909,6820.64430108167,10.0303139204545,278.821234425125,12.922920614886,17.5504536405235,0.019426539845217,1.00399872001926,12.8252398923407,0.0396594000798685,0.00362030717784334,0.0360390929020251
1933-10-01,9.55,0.45,0.435,13.2,3.1675,221.478607954545,10.4361647727273,6180.80597699626,10.0882926136364,281.534094240144,11.6962535681437,15.8966255596017,0.0271360423541037,1.00398653382266,12.8765244358499,0.049427041432105,0.00341939852385797,0.046007642908247
1933-11-01,9.78,0.445,0.4375,13.2,3.15166666666667,226.812647727273,10.3202073863636,6353.66359616095,10.1462713068182,284.225748805768,12.0117661933899,16.3349838814935,0.0250486169548332,1.00397434866876,12.9278571360318,0.0420511628845084,0.00321981759138223,0.0388313452931262
1933-12-01,9.97,0.44,0.44,13.2,3.13583333333333,231.219028409091,10.20425,6500.91960316127,10.20425,286.901166037208,12.2818016226011,16.7092068852912,0.0233765258739835,1.00396216455879,12.9792369478303,0.0414946976329467,0.00302156351465133,0.0384731341182953
1934-01-01,10.54,0.4408,0.4442,13.2,3.12,244.438170454545,10.2228031818182,6896.53892317712,10.3016542045455,290.649202056478,13.0251198283324,17.7235773246896,0.0188883054694697,1.00494600020472,13.0306628204651,0.0390967480921325,0.00282463543310629,0.0362721126590262
1934-02-01,11.32,0.4417,0.4483,13.3,3.0925,260.553631578947,10.1666553947368,7375.1212953405,10.3185682894737,292.073045644978,13.9269229042743,18.9494024412469,0.0154916381406975,1.00492614113676,12.996652989101,0.0318990286245573,0.00337447850102057,0.0285245501235367
1934-03-01,10.74,0.4425,0.4525,13.3,3.065,247.203710526316,10.1850690789474,7021.26857859741,10.4152401315789,295.821604452079,13.2545376297401,18.0364935619716,0.0199775836861146,1.00490628756743,13.0606763360308,0.0402997647153485,0.00316848000547787,0.0371312847098706
1934-04-01,10.92,0.4433,0.4567,13.3,3.0375,251.346789473684,10.2034827631579,7163.0940634722,10.5119119736842,299.577386335875,13.5183892844901,18.3962769479127,0.0193521563598138,1.00488643950807,13.1247557699605,0.0362632125253934,0.00238917546717632,0.0338740370582171
1934-05-01,9.81,0.4442,0.4608,13.3,3.01,225.797802631579,10.2241981578947,6459.25884870987,10.6062821052632,303.407388122886,12.181583235024,16.5839425761023,0.02774498195574,1.00486659697004,13.1888890950885,0.0493231694700871,0.00218588266277164,0.0471372868073154
1934-06-01,9.94,0.445,0.465,13.4,2.9825,227.082638059701,10.1661744402985,6520.24813705542,10.6230811567164,305.021668383377,12.2877264839524,16.7344789821417,0.0280420452426935,1.00484675996472,13.1541705647163,0.0530096856771347,0.00216351859812036,0.0508461670790143
1934-07-01,9.47,0.4458,0.4692,13.4,2.955,216.345330223881,10.1844507089552,6236.31560122802,10.7190315671642,308.984084487453,11.7415242293182,15.9994982324514,0.0315302913516257,1.00482692850353,13.2179256719785,0.0602604038954879,0.0013952474012906,0.0588651564941973
1934-08-01,9.1,0.4467,0.4733,13.4,2.9275,207.892555970149,10.205011511194,6017.17199782795,10.8126974440298,312.95906665626,11.3150259818291,15.4294402358254,0.0355880814558927,1.00480710259791,13.2817276541622,0.0629337284379714,0.00119590385056889,0.0617378245874025
1934-09-01,8.88,0.4475,0.4775,13.6,2.9,199.88325,10.0729453125,5809.64900901711,10.7482265625,312.399482185323,10.9099540832888,14.8890600368847,0.0400187816418114,1.00478728225931,13.1493158363545,0.0653591078549132,0.00248193393757212,0.062877173917341
1934-10-01,8.95,0.4483,0.4817,13.5,2.8725,202.951194444444,10.1657006111111,5923.4418177767,10.9230827222222,318.806918840563,11.1083526053517,15.1719746360312,0.0373663772721222,1.00476746749923,13.3101339548006,0.0663216186556028,0.0015454486364046,0.0647761700191982
1934-11-01,9.2,0.4492,0.4858,13.5,2.845,208.620222222222,10.1861091111111,6113.67585425599,11.0160547777778,322.828666304082,11.4488086902057,15.6476001355714,0.0349643601718449,1.00474765832918,13.3735895858405,0.0626539558495993,0.00134981895159081,0.0613041368980085
1934-12-01,9.26,0.45,0.49,13.4,2.8175,211.547809701492,10.280401119403,6224.57549433613,11.1942145522388,329.378184905475,11.6393375664759,15.9182878270374,0.0325188803998998,1.00472785476069,13.5373595572902,0.0628726620659756,-0.000152060946986832,0.0630247230129625
1935-01-01,9.26,0.45,0.57,13.6,2.79,208.4368125,10.12921875,6157.87443483284,12.83034375,379.048426334203,11.4959079682016,15.7319755832728,0.0353110251625386,1.0033352317262,13.4013421943685,0.0675677495931235,0.00113722530447169,0.0664305242886518
1935-02-01,8.98,0.45,0.65,13.7,2.77833333333333,200.658755474453,10.0552828467153,5952.84170940888,14.5242974452555,430.884978966122,11.0878121590556,15.1799731393108,0.0399112900601265,1.00332607095259,13.3478925075907,0.0751244594148337,0.00186745498983076,0.0732570044250029
1935-03-01,8.41,0.45,0.73,13.7,2.76666666666667,187.922063868613,10.0552828467153,5599.84747664048,16.3119032846715,486.074751242277,10.39827240479,14.241120748641,0.0454421528249763,1.00331691060833,13.3922885451384,0.0820589902070088,0.00186374063864925,0.0801952495683596
1935-04-01,9.04,0.446667,0.756667,13.8,2.755,200.535695652174,9.90848203206521,6000.32331703521,16.7852592059783,502.239672934854,11.1042102071495,15.2031144504171,0.0407226121866109,1.00330775069379,13.339342108438,0.0776884431691696,0.00258868170333759,0.075099761465832
1935-05-01,9.75,0.443333,0.783333,13.8,2.74333333333333,216.285733695652,9.83452340271739,6496.10960020493,17.3767951418478,521.909438098187,11.9855766834801,16.3970528984657,0.0336500431994861,1.00329859120934,13.3834653265519,0.0729327386731304,0.00202297196904211,0.0709097667040883
1935-06-01,10.12,0.44,0.81,13.7,2.73166666666667,226.132138686131,9.83183211678832,6816.45303225846,18.0995091240876,545.585667601714,12.5395193244439,17.1365051020376,0.0282479192322572,1.00328943215538,13.5256236733777,0.0689051025371128,0.000178125540650553,0.0687269769964622
1935-07-01,10.65,0.44,0.793333,13.7,2.72,237.975027372263,9.83183211678832,7198.13847872879,17.7270837925182,536.199135562944,13.202137936511,18.0169895097972,0.023253755404173,1.00328027353226,13.5701152948105,0.0612829318971977,0.000173466808653711,0.061109465088544
1935-08-01,11.37,0.44,0.776667,13.7,2.70833333333333,254.063479927007,9.83183211678832,7709.55551618464,17.3546808060219,526.627735627843,14.105056846669,19.2192265404215,0.0185216737530494,1.00327111534038,13.6146289848418,0.0547678787068131,0.000168570554724745,0.0545993081520884
1935-09-01,11.61,0.44,0.76,13.7,2.69666666666667,259.426297445255,9.83183211678832,7897.15244020789,16.9822554744526,516.953992640655,14.4188917027074,19.6155214899138,0.0170952390524968,1.0032619575801,13.6591640065676,0.059557952849232,0.00016343682892983,0.0593945160203022
1935-10-01,11.92,0.45,0.76,13.7,2.685,266.353270072993,10.0552828467153,8133.52285131661,16.9822554744526,518.580316023543,14.8262326271141,20.137764924493,0.0153064653824363,1.0032528002518,13.7037196201366,0.0611121793845191,0.000158065681574282,0.0609541137029448
1935-11-01,13.04,0.46,0.76,13.8,2.67333333333333,289.268304347826,10.20425,8859.23697491789,16.8591956521739,516.335897311166,16.1296051632511,21.8680601707491,0.00904403308302829,1.00324364335588,13.6486697560809,0.0558155468986008,0.000880108544131231,0.0549354383544696
1935-12-01,13.04,0.47,0.76,13.8,2.66166666666667,289.268304347826,10.4260815217391,8885.84639067845,16.8591956521739,517.886752830952,16.1591927146153,21.8699130755419,0.00958982964150878,1.00323448689269,13.6929411730518,0.0570341868567323,0.000322963071365034,0.0567112237853673
1936-01-01,13.76,0.48,0.77,13.8,2.65,305.240173913043,10.6479130434783,9403.7331435094,17.081027173913,526.226345966732,17.0873598459972,23.0822907046927,0.00634500835520251,1.00199055260478,13.7372308117984,0.0554998922680912,0.000316878890940231,0.0551830133771509
1936-02-01,14.55,0.49,0.78,13.8,2.6525,322.764864130435,10.8697445652174,9971.53364884363,17.3028586956522,534.556443030793,18.1045364595178,24.4068164253286,0.00303199183235343,1.00199266192039,13.7645754923732,0.050524761402349,0.000807145723151548,0.0497176156791974
1936-03-01,14.86,0.5,0.79,13.7,2.655,332.047784671533,11.1725364963504,10287.0850284654,17.6526076642336,546.890792226627,18.660478203926,25.1045858227816,0.00119866412916217,1.00199477123174,13.8926751972072,0.0432743810126526,-0.0010795426547715,0.0443539236674241
1936-04-01,14.88,0.516667,0.82,13.7,2.6575,332.494686131387,11.5449618279197,10330.7363169761,18.3229598540146,569.301329295728,18.7189996651515,25.1323518264247,0.000460531320098587,1.00199688053884,13.9203879060226,0.0491138821599246,-0.00168420796169044,0.0507980901216151
1936-05-01,14.09,0.533333,0.85,13.7,2.66,314.842078467153,11.9173648144161,9813.11950642063,18.9933120437956,591.990885767036,17.7501925193286,23.7876374093014,0.00389688653563578,1.00199898984167,13.9481852577252,0.0544938816195031,-0.00228534450811158,0.0567792261276147
1936-06-01,14.69,0.55,0.88,13.8,2.6625,325.870505434783,12.2007336956522,10188.5475427929,19.5211739130435,610.341854163225,18.3930010658313,24.6001886426027,0.00316109416997465,1.00200109914025,13.8747916866379,0.0490573252334048,-0.00269244105096633,0.0517497662843711
1936-07-01,15.56,0.57,0.9,13.9,2.665,342.686611510791,12.5534298561151,10747.0213167238,19.8212050359712,621.6143435123,19.3604645123191,25.8389771306103,0.00223364293597873,1.00200320843457,13.8025381281204,0.0348543385746942,-0.00771982943865801,0.0425741680133522
1936-08-01,15.87,0.59,0.92,14,2.6675,347.0173875,12.9010875,10916.55511754,20.11695,632.843774929856,19.6230601629838,26.1333908036412,0.00277880182028176,1.00200531772464,13.7314004354249,0.0294864600796076,-0.00905146246944932,0.038537922549057
1936-09-01,16.05,0.61,0.94,14,2.67,350.9533125,13.3384125,11075.3392893295,20.554275,648.649154639857,19.8620242432876,26.3957102119817,0.00158010412922709,1.00200742701045,13.7589362561022,0.0111192670302722,-0.0100861558778588,0.021205422908131
1936-10-01,16.89,0.646667,0.966667,14,2.6725,369.3209625,14.14018228875,11692.1693852207,21.13738228875,669.179058798292,20.9130918525331,27.7333372740084,-0.00153236367773709,1.002009536292,13.7865563163777,0.00181180046610585,-0.0120650449980463,0.0138768454641521
1936-11-01,17.36,0.683333,0.993333,14,2.675,379.5981,14.94193021125,12056.9487443837,21.72046771125,689.894301100513,21.4997653410242,28.4514749418104,-0.00341576390750731,1.0020116455693,13.8142609016372,-0.00364020448549629,-0.0144671847155414,0.0108269802300451
1936-12-01,17.06,0.72,1.02,14,2.6775,373.038225,15.7437,11890.262817042,22.303575,710.906686599229,21.1256635481554,27.9027610773904,-0.00261710820255789,1.00201375484235,13.8420502983732,0.000152259473878535,-0.0154457247497821,0.0155979842236607
1937-01-01,17.59,0.73,1.05,14.1,2.68,381.899484042553,15.8491542553191,12214.8057412052,22.7967287234043,729.138489384051,21.6187415829535,28.4956379266387,-0.00191478179655866,1.00310372910145,13.7715565332379,-0.00162191339040429,-0.0148024516687755,0.0131805382783712
1937-02-01,18.11,0.74,1.08,14.1,2.67,393.189292553191,16.0662659574468,12618.7253170703,23.4480638297872,752.524756622637,22.2442215528052,29.2569284366977,-0.0025544665829975,1.00309581117798,13.8142997140224,-0.000693334505234455,-0.0150614349164696,0.0143681004112352
1937-03-01,18.09,0.75,1.11,14.2,2.66,389.989188380282,16.1687059859155,12559.2657530486,23.9296848591549,770.634880369482,22.0421970160506,28.9283619862808,-0.000785240987423538,1.00308789352707,13.7594812044121,-0.0057877751376485,-0.016436775195656,0.0106490000580075
1937-04-01,17.01,0.78,1.13,14.3,2.65,364.141872377622,16.6978636363636,11771.6869066205,24.1904947552447,782.010946765497,20.5565794574329,26.9289468682097,0.0032817335242659,1.0030799761489,13.7054517515033,-0.00267105856369443,-0.0160006865626385,0.0133296279989441
1937-05-01,16.25,0.81,1.15,14.4,2.64,345.456380208333,17.219671875,11214.0259231193,24.4476822916667,793.607988405368,19.4741746865721,25.4726024669142,0.0062037965103382,1.0030720590437,13.652194325619,0.000814991026652612,-0.015567038605831,0.0163820296324836
1937-06-01,15.64,0.84,1.17,14.4,2.63,332.488479166667,17.8574375,10841.3752155203,24.872859375,811.023593488411,18.711659960365,24.4465634972049,0.00727554693227652,1.00306414221165,13.6941346726633,0.00762072074464748,-0.0162653756398001,0.0238860963844476
1937-07-01,16.57,0.816667,1.18667,14.5,2.62,349.829839655172,17.2416708305172,11453.6705594524,25.0532634775862,820.261149232676,19.6467232796076,25.6287560894536,0.00719823778265993,1.00305622565298,13.6413637560158,0.00770673297218627,-0.0167224846347765,0.0244292176069628
1937-08-01,16.74,0.793333,1.20333,14.5,2.61,353.418920689655,16.7490377901724,11616.8774733894,25.4049934189655,835.061957589825,19.806982577381,25.7935519644511,0.00745614226221807,1.00304830936788,13.6830548418685,0.00335986581685521,-0.018286541991185,0.0216464078080402
1937-09-01,14.37,0.77,1.22,14.6,2.6,301.304943493151,16.1450804794521,9948.11546111623,25.5805171232877,844.586002961851,16.8478828627058,21.9134005336697,0.0165292955135799,1.00304039335655,13.6307597862192,0.0145840598641236,-0.0200108881046837,0.0345949479688072
1937-10-01,12.28,0.78,1.19,14.6,2.59,257.482582191781,16.3547568493151,8546.24115292135,24.9514880136986,828.178092180489,14.3616595747534,18.6727748715837,0.0263379831975706,1.00303247761922,13.672202657718,0.0331978721483133,-0.020251145661065,0.0534490178093783
1937-11-01,11.2,0.79,1.16,14.5,2.58,236.457103448276,16.6786706896552,7894.50587131968,24.4902,817.64525095811,13.1581191664861,17.1137180434607,0.0326978686222994,1.00302456215607,13.8082402946021,0.0402215891194639,-0.021586717669969,0.0618083067894329
1937-12-01,11.02,0.8,1.13,14.4,2.57,234.272572916667,17.0070833333333,7868.88919180171,24.0225052083333,806.882467035929,13.0084830337061,16.9288060011971,0.032992381382444,1.00301664696732,13.9461847601921,0.0380551287995965,-0.0237594620540633,0.0618145908536598
1938-01-01,11.31,0.793333,1.07667,14.2,2.56,243.824086267606,17.1028907012324,8237.58306725693,23.2111475651408,784.187317508711,13.5114619185624,17.5912020474222,0.0288584668126536,1.00359279636436,14.1852731589174,0.031103047120272,-0.0265972434076549,0.0577002905279269
1938-02-01,11.04,0.786667,1.02333,14.1,2.54333333333333,239.691319148936,17.079461137766,8146.04348179677,22.2176918138298,755.080677194483,13.2630762364609,17.278131157698,0.0308584581417809,1.00358007127832,14.3372041833938,0.0284424627309892,-0.0265189950263505,0.0549614577573396
1938-03-01,10.31,0.78,0.97,14.1,2.52666666666667,223.842164893617,16.9347127659574,7655.3624206197,21.059835106383,720.242633171785,12.3772862346977,16.1406099953783,0.0364209897841921,1.00356734746677,14.3885323963021,0.0372646585119134,-0.0261621543400955,0.0634268128520089
1938-04-01,9.89,0.766667,0.903333,14.2,2.51,213.211336267606,16.5280177494718,7338.89457000989,19.4743009125,670.320085804929,11.7895177206842,15.3936101431984,0.0413090731768316,1.00355462493131,14.3381721268762,0.0481048935993442,-0.0271819755811216,0.0752868691804658
1938-05-01,9.98,0.753333,0.836667,14.1,2.49333333333333,216.677478723404,16.3557409898936,7505.11654283311,18.1650196484043,629.186707669594,11.9922759305457,15.6778212703159,0.0387763907442732,1.00354190367355,14.4911895818459,0.0507640826315834,-0.0283341947096895,0.0790982773412728
1938-06-01,10.21,0.74,0.77,14.1,2.47666666666667,221.67104787234,16.0662659574468,7724.45445114904,16.7176010638298,582.549454200271,12.2889663077881,16.0836060525989,0.0375016444404331,1.00352918369507,14.5425159794599,0.0515746846938421,-0.029200565630217,0.0807752503240591
1938-07-01,12.24,0.713333,0.72,14.1,2.46,265.744723404255,15.487294181383,9305.23978168277,15.6320425531915,547.367045981339,14.7703280174921,19.3321421142036,0.0239978053360534,1.0035164649975,14.5938391897399,0.0288687893273103,-0.0304573313583988,0.0593261206857091
1938-08-01,12.31,0.686667,0.67,14.1,2.44333333333333,267.264505319149,14.9083441164894,9401.95820830166,14.5464840425532,511.723151873445,14.9035885126044,19.5051404652623,0.0235591026493968,1.00350374758242,14.6451579144298,0.0248029919040724,-0.0309098654622874,0.0557128573663598
1938-09-01,11.75,0.66,0.62,14.1,2.42666666666667,255.10625,14.3293723404255,9016.25642965078,13.4609255319149,475.751403096467,14.28233050864,18.6928864700977,0.0255044946727041,1.00349103145146,14.6964708510667,0.0284086213781669,-0.0309655320342292,0.0593741534123962
1938-10-01,13.06,0.61,0.626667,14,2.41,285.573225,13.3384125,10132.3401719783,13.70285728875,486.18707645889,16.0611476433334,21.0077606853396,0.0177872749323877,1.00347831660621,14.8531179551262,0.0200995222507261,-0.0313141040244881,0.0514136262752142
1938-11-01,13.07,0.56,0.633333,14,2.39333333333333,285.7918875,12.2451,10176.3038735923,13.84861771125,493.113164588661,16.1495718007155,21.1007394676508,0.017613036620319,1.00346560304829,14.9047818019635,0.0151796107811148,-0.0305713803803935,0.0457509911615084
1938-12-01,12.69,0.51,0.64,14,2.37666666666667,277.4827125,11.1517875,9913.52632521143,13.9944,499.972958875911,15.756484438994,20.5586017941866,0.0198958690071016,1.00345289077932,14.9564358592106,0.0181105870859128,-0.0302243740651825,0.0483349611510954
1939-01-01,12.5,0.513333,0.663333,14,2.36,273.328125,11.22466771125,9798.51516279757,14.50460521125,519.97427667872,15.5996344109193,20.3249665243512,0.0207006681615409,1.00307158056833,15.0080787986804,0.0213818826899883,-0.0298751692547404,0.0512570519447287
1939-02-01,12.4,0.516667,0.686667,13.9,2.3475,273.092158273381,11.3788472692446,9824.04928499307,15.1228526649281,544.020197611156,15.6646969289548,20.3787953168051,0.0198570140834351,1.00306182693047,15.1624807558568,0.0185278023133049,-0.0298768781063402,0.0484046804196451
1939-03-01,12.39,0.52,0.71,13.9,2.335,272.87192266187,11.4522517985612,9850.45801963014,15.6367284172662,564.47338127017,15.7292237432142,20.4289992101811,0.0202947824477049,1.00305207383808,15.2089056477677,0.0197723708428403,-0.0299939605398092,0.0497663313826495
1939-04-01,10.83,0.523333,0.726667,13.8,2.3225,240.243538043478,11.6091755766304,8707.52294407847,16.1197646407609,584.253885060449,13.9169945798124,18.0520377606404,0.0285690364677982,1.00304232129169,15.3658701794302,0.0324280610991803,-0.0312163345017714,0.0636443956009517
1939-05-01,11.23,0.526667,0.743333,13.8,2.31,249.116798913043,11.6831342059783,9064.41795114191,16.4894690548913,599.989402393248,14.5029294996578,18.7825529498014,0.0252130622379637,1.00303256929181,15.4126180934425,0.0285398931944711,-0.0309250005413059,0.059464893735777
1939-06-01,11.43,0.53,0.76,13.8,2.2975,253.553429347826,11.7570706521739,9261.49976026069,16.8591956521739,615.812757462653,14.8338289214898,19.1779866448477,0.0232257148276565,1.00302281783895,15.4593579257791,0.0207527260705695,-0.0314451162150233,0.0521978422855929
1939-07-01,11.71,0.54,0.776667,13.8,2.285,259.764711956522,11.978902173913,9524.84074207037,17.2289222494565,631.736078959997,15.2709525985703,19.7065031497029,0.0202835603672908,1.00301306693363,15.5060887486959,0.0249622474954037,-0.0307438097296876,0.0557060572250913
1939-08-01,11.54,0.55,0.793333,13.8,2.2725,255.993576086956,12.2007336956522,9423.84435219217,17.598626663587,647.855000992866,15.120082343334,19.4763226948888,0.0210619667005671,1.00300331657635,15.5528096319744,0.0298263132313603,-0.0312637144458232,0.0610900276771835
1939-09-01,12.77,0.56,0.81,14.1,2.26,277.251643617021,12.1582553191489,10243.7119766721,17.5860478723404,649.757768293221,16.452835577061,21.1450003397248,0.0179343735115274,1.00299356676765,15.2676149696967,0.0227410051069485,-0.0296961091962515,0.0524371143032001
1939-10-01,12.9,0.58,0.84,14,2.2475,282.074625,12.682425,10460.9568248629,18.36765,681.178583944564,16.8212048062656,21.569692820968,0.0160312616715604,1.00298381750802,15.4227004487376,0.024637494911377,-0.0296813687281678,0.0543188636395449
1939-11-01,12.67,0.6,0.87,14,2.235,277.0453875,13.11975,10314.9899854463,19.0236375,708.290551486838,16.5992385099466,21.2372701838707,0.0169512152556566,1.002974068798,15.4687189723576,0.027644050803828,-0.0301988126802536,0.0578428634840816
1939-12-01,12.37,0.62,0.9,14,2.2225,270.4855125,13.557075,10112.8150962287,19.679625,735.774744268866,16.2804129012838,20.7840151299076,0.018823727111642,1.00296432063809,15.5147240067982,0.0338597044710311,-0.0294881077911223,0.0633478122621535
1940-01-01,12.3,0.623333,0.93,13.9,2.21,270.889802158273,13.7280124429856,10170.702032098,20.4819118705036,769.004299987899,16.3784803426137,20.8607731845939,0.0184499261584295,1.00377155541447,15.6726622105843,0.0364006961891563,-0.0298786582069966,0.066279354396153
1940-02-01,12.22,0.626667,0.96,14,2.18833333333333,267.205575,13.70285728875,10075.2491828828,20.9916,791.508937444152,16.2161198477311,20.6065336231949,0.0205553672115352,1.00375551348402,15.6194027208566,0.039971189749723,-0.0295395177350344,0.0695107074847574
1940-03-01,12.15,0.63,0.99,14,2.16666666666667,265.6749375,13.7757375,10060.820634544,21.6475875,819.770570222106,16.1729063053079,20.5057546570898,0.0215156051760696,1.00373947443049,15.6780615983871,0.0411046034255218,-0.0303043615365016,0.0714089649620234
1940-04-01,12.27,0.636667,1.00667,14,2.145,268.2988875,13.92151978875,10204.1194974019,22.0120978875,837.178563524821,16.3709887071288,20.7107202999956,0.0204053330247275,1.00372343825857,15.7366893088539,0.0431059313744113,-0.030653668957569,0.0737596003319804
1940-05-01,10.58,0.643333,1.02333,14,2.12333333333333,231.344925,14.06728021125,8843.2467956993,22.3763896125,855.345911478541,14.1387476948007,17.8617982893577,0.0308447546487374,1.00370740497296,15.7952838998897,0.061770599522881,-0.0314090819269381,0.0931796814498191
1940-06-01,9.67,0.65,1.04,14.1,2.10166666666667,209.947015957447,14.1122606382979,8070.2575448246,22.5796170212766,867.949105131084,12.8437655982688,16.2126477511482,0.0394743005712911,1.00369137457838,15.7414048081966,0.0733769569352605,-0.0314696766258554,0.104846633561116
1940-07-01,9.99,0.656667,1.05333,14,2.08,218.4438375,14.35884478875,8442.86664857877,23.0323771125,890.202675370117,13.3698847632101,16.8622303133372,0.0371046910999348,1.00367534707955,15.9123658885174,0.0598250006582826,-0.0337083729054292,0.0935333735637117
1940-08-01,10.2,0.663333,1.06667,14,2.05833333333333,223.03575,14.50460521125,8667.06131004874,23.3240728875,906.362185057812,13.6493993923916,17.1994502352306,0.036383899673062,1.00365932248121,15.9708493560146,0.0630079979701772,-0.0348408545581742,0.0978488525283514
1940-09-01,10.63,0.67,1.08,14,2.03666666666667,232.4382375,14.6503875,9079.87967146691,23.61555,922.508941221473,14.2148425986206,17.8945272956281,0.0330920668145891,1.00364330078808,16.029291844107,0.0619258780845129,-0.0355677191860454,0.0974935972705583
1940-10-01,10.73,0.67,1.07,14,2.015,234.6248625,14.6503875,9212.98860048575,23.3968875,918.723001166798,14.328290323105,18.0211674404157,0.033345933452265,1.00362728200492,16.087691375715,0.0644361299504121,-0.0366815018355722,0.101117631785984
1940-11-01,10.98,0.67,1.06,14,1.99333333333333,240.091425,14.6503875,9475.58310315569,23.178225,914.764853310112,14.6366892487636,18.3933813301644,0.0326902441740558,1.00361126613648,16.1460459691428,0.0614373380191651,-0.0373954038871649,0.09883274190633
1940-12-01,10.53,0.67,1.05,14.1,1.97166666666667,228.618622340425,14.5464840425532,9070.63266885103,22.7967287234043,904.479041053522,13.9084261223538,17.4701151119482,0.0390053322239096,1.00359525318753,16.0894291443013,0.0650251677878961,-0.038191801895767,0.103216969683663
1941-01-01,10.55,0.673333,1.05333,14.1,1.95,229.052845744681,14.6188473728723,9136.19541139092,22.8690269202128,912.173337694824,13.9041582679508,17.4597240311524,0.0404783843875347,0.997803543060566,16.1472747157179,0.0707991392729965,-0.0400328524558057,0.110831991728802
1941-02-01,9.89,0.676667,1.05667,14.1,1.9925,214.723473404255,14.6912324143617,8613.47419719047,22.9415422287234,920.283092006598,13.0029433034024,16.3304484960851,0.0462896330682669,0.997846791527813,16.1118079221156,0.0804174273613429,-0.0408200392301848,0.121237466591528
1941-03-01,9.95,0.68,1.06,14.2,2.035,214.504832746479,14.6596267605634,8653.70860008254,22.8517711267606,921.902624732412,12.9557198220633,16.2742013637862,0.0474771593388512,0.997890018065785,15.963896715156,0.0782947712963598,-0.0401784580787395,0.118473229375099
1941-04-01,9.64,0.683333,1.07,14.3,2.0775,206.368468531468,14.6284631438811,8374.64486320439,22.9060437062937,929.55083025194,12.4293703892208,15.6205963507431,0.0516539285354611,0.997933222744584,15.8188130893091,0.0839067375465266,-0.0391715401197046,0.123078277666231
1941-05-01,9.43,0.686667,1.08,14.4,2.12,200.470994791667,14.5977536140625,8184.68529761112,22.9595625,937.376470988336,12.0372065124816,15.1385247447447,0.0558316308743399,0.997976405634069,15.6764932989431,0.0866624505098086,-0.0385436754752149,0.125206125985023
1941-06-01,9.76,0.69,1.09,14.7,2.1625,203.252,14.36925,8347.11428927709,22.69925,932.208460585248,12.1643065906284,15.30741537917,0.0579016030301187,0.99801956680386,15.3254894061314,0.0832863915480491,-0.0362318396014468,0.119518231149496
1941-07-01,10.26,0.693333,1.12333,14.7,2.205,213.6645,14.438659725,8824.14652567727,23.39334725,966.123637104196,12.7449962779196,16.0450594609343,0.0537310405783363,0.998062706323335,15.2951382981644,0.0797999146220281,-0.0359077925031117,0.11570770712514
1941-08-01,10.21,0.696667,1.15667,14.9,2.2475,209.769246644295,14.3133508082215,8712.53684025171,23.7643285520134,987.025463958271,12.4631737203878,15.6980621338445,0.0564289200360893,0.998105824261635,15.0606009875704,0.0864220532196416,-0.0342828740708816,0.120704927290523
1941-09-01,10.24,0.7,1.19,15.1,2.29,207.599046357616,14.1913410596026,8671.5184278619,24.1252798013245,1007.72528605036,12.2797292720931,15.4756898067191,0.0591996951627336,0.998148920687662,14.8329732504874,0.0894525846103003,-0.0334198673297526,0.122872451940053
1941-10-01,9.83,0.703333,1.18,15.3,2.3325,196.681916666667,14.0725211083333,8264.489033457,23.6098333333333,992.074980618439,11.5778149565741,14.6038336890362,0.0656997571585894,0.99819199567008,14.6119800805556,0.0943011300739882,-0.0322021720939846,0.126503302167973
1941-11-01,9.37,0.706667,1.17,15.4,2.375,186.260693181818,14.0474157170455,7875.78259275859,23.2577386363636,983.422159394616,10.911668685917,13.7821872798539,0.0725578502192993,0.998235049277315,14.4908501186175,0.0962337727263429,-0.0319959160132747,0.128229688739618
1941-12-01,8.76,0.71,1.16,15.5,2.4175,173.011412903226,14.022614516129,7364.96523197535,22.9101870967742,975.26936861774,10.0865933099179,12.764729919113,0.0809662774390674,0.998278081577561,14.3719501307301,0.107100761689995,-0.0314268025729393,0.138527564262935
1942-01-01,8.93,0.703333,1.12,15.7,2.46,174.122202229299,13.7139855386943,7460.90019590876,21.8383949044586,935.74560127859,10.1016864319293,12.8077997233002,0.0837772442504196,1.00197673818349,14.1644358903198,0.109837718493475,-0.0298786307942213,0.139716349287696
1942-02-01,8.65,0.696667,1.08,15.8,2.46083333333333,167.595118670886,13.4980333571203,7229.4212201831,20.9251708860759,902.632938473728,9.68025559174936,12.3002434646646,0.0901432771846803,1.00197743555157,14.1026097318981,0.112693063815353,-0.028607319473923,0.141300383289276
1942-03-01,8.18,0.69,1.04,16,2.46166666666667,156.507684375,13.2017484375,6798.60726416099,19.8982875,864.370605712399,9.00342661776097,11.4704653790202,0.0998948472016022,1.00197813291949,13.95386552458,0.12038844714628,-0.0274642702836474,0.147852717429928
1942-04-01,7.84,0.68,1.02,16.1,2.4625,149.070782608696,12.9296086956522,6522.35695152946,19.3944130434783,848.571950326537,8.54425570758826,10.9182061508312,0.107214212321226,1.00197883028725,13.8946267084008,0.124850823954924,-0.0273060014059056,0.152156825360829
1942-05-01,7.93,0.67,1,16.3,2.46333333333333,148.931967791411,12.5831549079755,6562.16300270987,18.7808282208589,827.511097441345,8.50611625969605,10.9012483868251,0.11045791687742,1.00197952765485,13.7512982359901,0.124686423248221,-0.0261820891941046,0.150868512442326
1942-06-01,8.33,0.66,0.98,16.3,2.46416666666667,156.444299079755,12.3953466257669,6938.68055204568,18.4052116564417,816.315359064198,8.90545692851805,11.4426972439872,0.105923537618165,1.00198022502229,13.7785193111383,0.121586005188835,-0.0266268512269708,0.148212856415806
1942-07-01,8.64,0.646667,0.966667,16.4,2.465,161.276926829268,12.0708873196646,7197.6336086716,18.0441068318598,805.29107495298,9.15048890099474,11.7849972276822,0.103531271980837,1.00198092238957,13.7216221488737,0.120347833906329,-0.0268390012577659,0.147186835164095
1942-08-01,8.59,0.633333,0.953333,16.5,2.46583333333333,159.371831818182,11.7503423004545,7156.31159324591,17.6873604822727,794.21979046844,9.0128230475643,11.6349718055406,0.106564460546315,1.00198161975669,13.6654775348798,0.121976233620545,-0.0263218982403367,0.148298131860881
1942-09-01,8.68,0.62,0.94,16.5,2.46666666666667,161.041618181818,11.5029727272727,7274.33380617294,17.4399909090909,787.773476705364,9.0778298393715,11.7451458092003,0.106520437500873,1.00198231712365,13.6925573151476,0.118894334149014,-0.0263955505598966,0.145289884708911
1942-10-01,9.32,0.61,0.97,16.7,2.4675,170.844808383233,11.1819026946108,7759.24004658794,17.7810583832335,807.560391114839,9.59917674935299,12.4421528696097,0.102526156616569,1.00198301449045,13.5553925178844,0.109888174391317,-0.0252945386362762,0.135182713027594
1942-11-01,9.47,0.6,1,16.8,2.46833333333333,172.56115625,10.933125,7878.57027620285,18.221875,831.950398754261,9.66133415217166,12.5431118010928,0.103231393335445,1.00198371185709,13.5014261942326,0.112189324042667,-0.0247842046884553,0.136973528731122
1942-12-01,9.52,0.59,1.03,16.9,2.46916666666667,172.445786982249,10.6872914201183,7913.96508902559,18.657474852071,856.23781950592,9.61751410328318,12.5048725026211,0.105082580549355,1.00198440922357,13.4481605587075,0.116599910483541,-0.0242760508282466,0.140875961311787
1943-01-01,10.09,0.59,1.04333,16.9,2.47,182.770797337278,10.6872914201183,8428.67762939201,18.8989351819527,871.545315269928,10.1505342204321,13.2135657705384,0.101193652358146,1.00198510658989,13.4748472125603,0.111095447596688,-0.0239796504222912,0.135075098018979
1943-02-01,10.69,0.59,1.05667,16.9,2.47083333333333,193.639229289941,10.6872914201183,8970.95875536627,19.1405766523669,886.748642472674,10.7089829952213,13.9526018005909,0.0976544490529049,1.00198580395605,13.5015962205598,0.103747604369083,-0.0233301194654036,0.127077723834486
1943-03-01,11.07,0.59,1.07,17.2,2.47166666666667,197.025082848837,10.5008851744186,9168.35988848523,19.0439781976744,886.191967541029,10.8505417440368,14.1464598722186,0.09905521660068,1.00198650132205,13.292447143566,0.101982239402254,-0.0216982972812052,0.123680536683459
1943-04-01,11.44,0.59,1.08,17.4,2.4725,201.270034482759,10.3801853448276,9406.14695865992,19.0010172413793,887.992894698664,11.0392271429397,14.4002105026075,0.0986649542606926,1.00198719868789,13.1657623475349,0.0941471686503947,-0.0210285643488387,0.115175732999233
1943-05-01,11.89,0.59,1.09,17.5,2.47333333333333,207.99177,10.32087,9760.47491714511,19.06737,894.778608888828,11.3622158006137,14.8273444891878,0.0966736074485306,1.00198789605357,13.1165429027216,0.0907887748742415,-0.0226514442141621,0.113440219088404
1943-06-01,12.1,0.59,1.1,17.5,2.47416666666667,211.6653,10.32087,9973.22426528305,19.2423,906.656751389368,11.5167447864512,15.0337756208025,0.0946677678575638,1.00198859341909,13.1426172265945,0.0846042099857693,-0.0234623264962687,0.108066536482038
1943-07-01,12.35,0.593333,1.09333,17.4,2.475,217.280150862069,10.4388245952586,10278.7721991819,19.2355390560345,909.966802310243,11.7742133417817,15.373683748423,0.0889738776253,1.00198929078446,13.2444350346332,0.0833879005871654,-0.0224669676541527,0.105854868241318
1943-08-01,11.74,0.596667,1.08667,17.3,2.47583333333333,207.742014450867,10.5581605226879,9869.17846906994,19.2288769031792,913.504273167311,11.210545904159,14.6452911049063,0.0918615000478279,1.00198998814966,13.3474917901246,0.0883708027948138,-0.0235174230966507,0.111888225891465
1943-09-01,11.99,0.6,1.08,17.4,2.47666666666667,210.946478448276,10.5561206896552,10063.2033213863,19.0010172413793,906.443668648644,11.3362819396103,14.8164476188329,0.0914561326053924,1.0019906855147,13.2971907662433,0.0817081593622844,-0.0222385961430899,0.103946755505374
1943-10-01,11.88,0.603333,1.03333,17.4,2.4775,209.011189655172,10.6147599400862,10013.0784552845,18.179926987069,870.943969713734,11.187335503326,14.6299870138741,0.092622244629766,1.00199138287958,13.3236612912878,0.0855963122407963,-0.0207935210826833,0.10638983332348
1943-11-01,11.33,0.606667,0.986667,17.4,2.47833333333333,199.334745689655,10.6734167840517,9592.120868741,17.3589598875,835.324723848021,10.6310336730014,13.9150695602182,0.0972913524513699,1.0019920802443,13.3501938022766,0.0935957326035324,-0.0205782905158857,0.114174023119418
1943-12-01,11.48,0.61,0.94,17.4,2.47916666666667,201.973775862069,10.7320560344828,9762.14890120397,16.5379224137931,799.339718391266,10.7373603160411,14.0680011778748,0.0963515486684957,1.00199277760886,13.3767884596076,0.093668303002425,-0.0197889365673515,0.113457239569776
1944-01-01,11.85,0.613333,0.936667,17.4,2.48,208.48338362069,10.7906952849138,10120.2455126541,16.4792831633621,799.940928573938,11.0524127639775,14.4948464722858,0.0936884371787429,1.00287216084451,13.4034454241284,0.0929890319933446,-0.0188317917172979,0.111820823710643
1944-02-01,11.77,0.616667,0.933333,17.4,2.47083333333333,207.075900862069,10.8493521288793,10095.8108132687,16.4206263193966,800.573780270226,10.9479188877247,14.3724841095477,0.09386811511962,1.00286487559942,13.4419422752571,0.0961468412607849,-0.0188246243240063,0.114971465584791
1944-03-01,12.1,0.62,0.93,17.4,2.46166666666667,212.881767241379,10.9079913793103,10423.1884224784,16.3619870689655,801.121093628505,11.2246931961807,14.749564229991,0.0917075155626756,1.00285759056741,13.4804517676903,0.0954460510398332,-0.0180424651392791,0.113488516179112
1944-04-01,11.89,0.623333,0.926667,17.5,2.4525,207.99177,10.903964169,10228.253034573,16.210185831,797.155976012506,10.9382751882394,14.3879839483434,0.094720823089111,1.00285030574862,13.4417221030517,0.102713879952949,-0.0165067893641596,0.119220669317109
1944-05-01,12.1,0.626667,0.923333,17.5,2.44333333333333,211.6653,10.962285831,10453.8270904431,16.151864169,797.715994123975,11.1037369367926,14.620020758909,0.0934501682890462,1.00284302114322,13.4800351208335,0.104669318713055,-0.0176606810409233,0.122329999753979
1944-06-01,12.67,0.63,0.92,17.6,2.43416666666667,220.377012784091,10.9579730113636,10929.1851299204,16.0021193181818,793.595131770066,11.5327852725325,15.197274767915,0.0900071508203613,1.00283573675133,13.4415502869109,0.101103560930258,-0.0172724935542047,0.118376054484463
1944-07-01,13,0.633333,0.913333,17.7,2.425,224.839406779661,10.9537089241525,11195.758257258,15.7964038394068,786.573498182784,11.7387747501807,15.480309849363,0.089159659602391,1.00282845257312,13.4035106744044,0.103255930482719,-0.0161058892331991,0.119361819715918
1944-08-01,12.81,0.636667,0.906667,17.7,2.41583333333333,221.553292372881,11.011371584322,11077.8200585133,15.6811131097458,784.0666572203,11.5417116742092,15.2334079304163,0.0907058213851166,1.00282116860872,13.4414218686603,0.10704310601687,-0.0167170850135009,0.123760191030371
1944-09-01,12.6,0.64,0.9,17.7,2.40666666666667,217.921271186441,11.0690169491525,10942.338002112,15.5658050847458,781.595571579427,11.3285605846965,14.9663057296684,0.0909055027843642,1.00281388485829,13.4793423860927,0.111822195256857,-0.016608058386365,0.128430253643222
1944-10-01,12.91,0.64,0.91,17.7,2.3975,223.282826271186,11.0690169491525,11257.871029157,15.7387584745763,793.544743341044,11.5831051862791,15.3159666132772,0.0898153323390613,1.00280660132198,13.5172717035327,0.111641848129227,-0.0171224085673578,0.128764256696585
1944-11-01,12.82,0.64,0.92,17.7,2.38833333333333,221.726245762712,11.0690169491525,11225.8966988392,15.9117118644068,805.602571211553,11.4784591980555,15.1907069865651,0.0906940701465481,1.00279931799992,13.5552092961653,0.116658224303145,-0.0176306363523352,0.13428886065548
1944-12-01,13.1,0.64,0.93,17.8,2.37916666666667,225.296081460674,11.0068314606742,11453.0750497097,15.9943019662921,813.080900475576,11.6386835933551,15.4142059586682,0.0909300412662582,1.00279203489227,13.5167886002512,0.120248931108197,-0.0170398569028019,0.137288788010999
1945-01-01,13.49,0.643333,0.94,17.8,2.37,232.003369382022,11.0641529751404,11840.9155863738,16.1662837078652,825.08974434332,11.960463439807,15.8501973748366,0.0871870888293627,1.0033004196152,13.5545279456545,0.118924049742643,-0.0179680724656905,0.136892122208334
1945-02-01,13.94,0.646667,0.95,17.8,2.355,239.742547752809,11.1214916877809,12283.2066261929,16.3382654494382,837.090838944279,12.3417535481863,16.3608416233425,0.0840017390419674,1.00328887398422,13.5992635755611,0.118892793980524,-0.0184202678058786,0.137313061786403
1945-03-01,13.93,0.65,0.96,17.8,2.34,239.570566011236,11.1788132022472,12322.1240073017,16.5102471910112,849.191604236155,12.3233103113893,16.3390093798183,0.0842730033207119,1.00327732929548,13.6439898397393,0.11805149893228,-0.0187819296560381,0.136833428588318
1945-04-01,14.28,0.65,0.973333,17.8,2.325,245.589926966292,11.1788132022472,12679.639569849,16.7395504470506,864.251514106435,12.6318672365631,16.745879992646,0.0816945395530841,1.00326578555003,13.6887056873482,0.119033703562026,-0.0194798759007871,0.138513579462813
1945-05-01,14.82,0.65,0.986667,17.9,2.31,253.453047486033,11.1163617318436,13133.4346031739,16.8740727398045,874.38100672131,13.0365606287854,17.2763700531244,0.0799618571963016,1.00325424274896,13.656687103326,0.115018692316497,-0.0191105646386834,0.134129256955181
1945-06-01,15.09,0.65,1,18.1,2.295,255.219004143646,10.9935290055249,13272.4148843156,16.9131215469613,879.55035681349,13.1302233614061,17.3919920466751,0.0814532593658243,1.00324270089331,13.5497355846238,0.120508821055559,-0.0182832853283118,0.138792106383871
1945-07-01,14.78,0.653333,0.996667,18.1,2.28,249.975936464088,11.0499004396409,13047.6408798091,16.8567501128453,879.847976505863,12.8670284430092,17.0353258565117,0.0831611146972417,1.00323115998416,13.5936733243081,0.130303739557827,-0.019756951347774,0.150060690905601
1945-08-01,14.83,0.656667,0.993333,18.1,2.265,250.821592541436,11.1062887868784,13140.0886680449,16.8003617656077,880.140505522254,12.9153785622567,17.0921210544762,0.0830201688597082,1.00321962002257,13.6375966575913,0.129171128463144,-0.0204254605184178,0.149596588981562
1945-09-01,15.84,0.66,0.99,18.1,2.25,267.903845303867,11.1626602209945,14083.7295602544,16.7439903314917,880.233097515903,13.7982649517198,18.2496407854947,0.0782159726628807,1.00320808100963,13.6815045368499,0.126238504086306,-0.0208629294456832,0.147101433531989
1945-10-01,16.5,0.66,0.98,18.1,2.235,279.066505524862,11.1626602209945,14719.4534640159,16.5748591160221,874.246326953674,14.3746626753913,18.9988805447087,0.0754599425179666,1.00319654294639,13.7253959117377,0.115864610506313,-0.0201796756715448,0.136044286177858
1945-11-01,17.04,0.66,0.97,18.1,2.22,288.199591160221,11.1626602209945,15250.2458768092,16.4057279005525,868.118456602404,14.8477026618768,19.6089759582729,0.0726460347368093,1.00318500583393,13.7692697292257,0.119537747809637,-0.0203417199180709,0.139879467727708
1945-12-01,17.33,0.66,0.96,18.2,2.205,291.493932692308,11.1013269230769,15473.5205937121,16.1473846153846,857.159825156585,15.02034747474,19.8213512488513,0.0725881746980294,1.00317346967333,13.7372286427981,0.11970545428266,-0.020101999645484,0.139807453928144
1946-01-01,18.02,0.666667,0.94,18.2,2.19,303.099865384615,11.2134671451923,16139.2083993939,15.8109807692308,841.889894308006,15.6231631777617,20.5994823821925,0.0701693432545408,1.0013797839041,13.7808233212916,0.112313882230193,-0.0196673439103577,0.131981226140551
1946-02-01,18.07,0.673333,0.92,18.1,2.195,305.620106353591,11.3881628705801,16323.9363667427,15.5600718232044,831.102460287952,15.7616665258019,20.7655417490592,0.0689906157939248,1.00138405766403,13.8760800777248,0.112105292875718,-0.0196007066185048,0.131705999494223
1946-03-01,17.53,0.68,0.9,18.3,2.2,293.246725409836,11.3752295081967,15713.6746865198,15.0554508196721,806.748843004439,15.1348734151425,19.9265915004295,0.0734462336994621,1.00138833138869,13.7434243303785,0.124151507205683,-0.0194399628525055,0.143591470058189
1946-04-01,18.66,0.68,0.88,18.4,2.205,310.453214673913,11.3134076086957,16686.2065194242,14.6408804347826,786.916491805645,16.0408423862159,21.1019169555085,0.070225649072409,1.0013926050781,13.6877085362548,0.118654812511178,-0.0210094651787349,0.139664277689913
1946-05-01,18.7,0.68,0.86,18.5,2.21,309.436986486486,11.2522540540541,16681.9851410284,14.2307918918919,767.192899533926,16.0137231708322,21.0483071217076,0.07083960614331,1.00139687873226,13.6326794594339,0.115057273934464,-0.0198055553928846,0.134862829327349
1946-06-01,18.58,0.68,0.84,18.7,2.215,304.163045454545,11.1319090909091,16447.6737499362,13.7511818181818,743.597736810895,15.7731868801287,20.7145079266114,0.0721005726828523,1.0014011523512,13.5057149304566,0.115523854055577,-0.01877614543594,0.134299999491517
1946-07-01,18.05,0.683333,0.856667,19.8,2.22,279.070776515151,10.5650011594697,15138.4133008927,13.244915507197,718.480836965977,14.5081361119091,19.0389740404984,0.0827394455897486,1.00140542593493,12.7732696894258,0.13029463379336,-0.0146924302606926,0.144987064054053
1946-08-01,17.7,0.686667,0.873333,20.2,2.225,268.240433168317,10.4063194080446,14597.9544061515,13.2352102949257,720.275441547318,13.9849393099428,18.3406410217437,0.0865983814771122,1.00140969948345,12.5379300576059,0.134505104419257,-0.0140856098516838,0.148590714270941
1946-09-01,15.09,0.69,0.89,20.4,2.23,226.4443125,10.3543125,12370.3190157778,13.3555625,729.594693442162,11.8412675401496,15.5276608546947,0.100515830189922,1.00141397299679,12.4325106067088,0.14941584499991,-0.0137549455695222,0.163170790569432
1946-10-01,14.75,0.696667,0.946667,20.8,2.235,217.085606971154,10.2533138001202,11905.7436789893,13.9327308674279,764.12031534629,11.3876029617651,14.9318664792996,0.105848470690306,1.00141824647495,12.2106650363546,0.152292334271668,-0.0117278668604723,0.164020201132141
1946-11-01,14.69,0.703333,1.00333,21.3,2.24,211.12736971831,10.1084306552817,11625.1713539548,14.4200424683099,794.0015775741,11.1100436567433,14.5655271619519,0.110466598502889,1.00142251991796,11.9409409199617,0.154211065233372,-0.010490420533101,0.164701485766473
1946-12-01,15.13,0.71,1.06,21.5,2.245,215.428329069767,10.109326744186,11908.379277998,15.0927976744186,834.294913065293,11.3727794258627,14.904166173963,0.109312300618398,1.00142679332581,11.8466906146664,0.153076904533464,-0.0106037149051769,0.163680619438641
1947-01-01,15.21,0.713333,1.13,21.5,2.25,216.567408139535,10.1567836259302,12018.1318888285,16.0894918604651,892.865814225919,11.4692963347356,15.0221970259344,0.10777967416385,1.0004699429526,11.8635933937683,0.149854859612296,-0.0093790957708183,0.159233955383115
1947-02-01,15.8,0.716667,1.2,21.5,2.26583333333333,224.96811627907,10.2042547461628,12531.5078054364,17.0861860465116,951.760086488844,11.9495653142094,15.637228584439,0.104117086204828,1.00048420592578,11.8691686058762,0.139982227084087,-0.00850387713175704,0.148486104215844
1947-03-01,15.16,0.72,1.27,21.9,2.28166666666667,211.912917808219,10.0644657534247,11851.0065868244,17.7525993150685,992.795406679877,11.2879030965013,14.7575025760391,0.110050420016446,1.00049846778593,11.6580222897013,0.147794816960473,-0.00738863598704642,0.155183452947519
1947-04-01,14.6,0.733333,1.32667,21.9,2.2975,204.085,10.2508400893836,11461.0108191786,18.544756640411,1041.43693311504,10.9008251263927,14.2390327027546,0.112305276635729,1.00051272853436,11.6638334382604,0.154236809021819,-0.00809466342678111,0.1623314724486
1947-05-01,14.34,0.746667,1.38333,21.9,2.31333333333333,200.450609589041,10.4372284037671,11305.7551388674,19.3367741815068,1090.62693558225,10.7336742736885,14.0085192896386,0.11284855290399,1.00052698817241,11.6698138184842,0.16011769024362,-0.00920604780641088,0.169323738050031
1947-06-01,14.84,0.76,1.44,22,2.32916666666667,206.496913636364,10.5753136363636,11696.4824378375,20.0374363636364,1134.96864625916,11.0827158550521,14.4483430036758,0.110231264512627,1.0005412467014,11.6228911101938,0.158009588325756,-0.0105062359980284,0.168515824323784
1947-07-01,15.77,0.77,1.47667,22.2,2.345,217.460841216216,10.6179358108108,12367.6244850722,20.362580875,1158.07863337803,11.6964465533544,15.226610589449,0.105560573640607,1.00055550412264,11.5244145566078,0.153396787967688,-0.0111103577038709,0.164507145671559
1947-08-01,15.46,0.78,1.51333,22.5,2.36083333333333,210.343606666667,10.61242,12013.1434281761,20.5898635366667,1175.92822407255,11.3374723553298,14.7391007646482,0.109510922378022,1.00056976043745,11.3770721975196,0.150591017113687,-0.00951326661976926,0.160104283733457
1947-09-01,15.06,0.79,1.55,23,2.37666666666667,200.446963043478,10.5148141304348,11497.9698502178,20.6303315217391,1183.38999122427,10.8274630172288,14.0580329328189,0.11508689211784,1.00058401564716,11.1360858291703,0.151251423135413,-0.00698465054656483,0.158236073681978
1947-10-01,15.45,0.806667,1.57,23,2.3925,205.637820652174,10.7366500888043,11847.0487111307,20.8965293478261,1203.87485284629,11.1326620427548,14.4350057941219,0.112396595473384,1.00059826975307,11.1425894775426,0.140860847429613,-0.00712472664612285,0.147985574075736
1947-11-01,15.27,0.823333,1.59,23.1,2.40833333333333,202.362204545454,10.9110334613636,11710.7195990496,21.0711136363636,1219.38730599141,10.9754073248391,14.2146709106859,0.114699192124017,1.0006125227565,11.1009905753832,0.139709043035373,-0.0047445522646159,0.144453595299989
1947-12-01,15.03,0.84,1.61,23.4,2.42416666666667,196.628048076923,10.9891923076923,11431.878895954,21.0626185897436,1224.57252311949,10.6809125319692,13.8200490877768,0.119131970892438,1.00062677465876,10.9653826182594,0.142824108133088,0.0010061381415678,0.14181796999152
1948-01-01,14.83,0.843333,1.64333,23.7,2.44,191.555731012658,10.8931402091772,11189.7532519923,21.2265191803797,1239.94991312181,10.4193426573203,13.4706592080363,0.124133256419619,1.0029871827678,10.8333661328131,0.147105857361388,0.0028021021673601,0.144303755194028
1948-02-01,14.1,0.846667,1.67667,23.5,2.42916666666667,183.6765,11.0292788103191,10783.1766659906,21.841480656383,1282.25736316074,9.99976116914418,12.9221239253631,0.128120500847859,1.00297865030383,10.9582016529951,0.152163332510577,0.00225261589318615,0.149910716617391
1948-03-01,14.3,0.85,1.71,23.4,2.41833333333333,187.077916666667,11.120016025641,11037.267426698,22.3708557692308,1319.84106990585,10.1866806094897,13.1573483848697,0.125945156896441,1.00297011819273,11.0378117152324,0.151429567348155,0.00168165864111791,0.149747908707037
1948-04-01,15.4,0.85,1.76,23.8,2.4075,198.0825,10.933125,11740.2713775773,22.638,1341.74530029454,10.7794844820246,13.9125191014347,0.1216950031055,1.00296158643479,10.8845348950592,0.144963502369598,0.00384332843333413,0.141120173936264
1948-05-01,16.15,0.85,1.81,23.9,2.39666666666667,206.860214435146,10.887379707113,12314.2972619412,23.1837144351464,1380.11628756121,11.2410326979844,14.4966348796513,0.119180671685039,1.00295305503029,10.8710935224139,0.143498739590044,0.00386287677398611,0.139635862816058
1948-06-01,16.82,0.85,1.86,24.1,2.38583333333333,213.654130705394,10.7970280082988,12772.2979581436,23.6264377593361,1412.39442343324,11.5838957565238,14.9258474933371,0.117534811393686,1.00294452397952,10.8127135016521,0.142406320347483,0.00421690015849752,0.138189420188985
1948-07-01,16.42,0.856667,1.93,24.4,2.375,206.00875204918,10.7479232394467,12368.7980862795,24.2141834016393,1453.82340478193,11.1346217391809,14.3384387054341,0.122432428193532,1.00293599328278,10.7112171426139,0.149154137617457,0.00309113448418952,0.146063003133267
1948-08-01,15.94,0.863333,2,24.5,2.36416666666667,199.1703,10.787345835,12012.1891719578,24.99,1507.17555482532,10.7235566624781,13.8041636364917,0.126415581550588,1.00292746294034,10.6988175911166,0.157510227634188,0.000941104009369864,0.156569123624818
1948-09-01,15.76,0.87,2.07,24.5,2.35333333333333,196.9212,10.87065,11931.1784858859,25.86465,1567.10275798121,10.5530136893992,13.5815951725697,0.128030933014922,1.0029189329525,10.7301379831201,0.161659145099918,-0.00088674457823168,0.162545889678149
1948-10-01,16.19,0.89,2.14333,24.4,2.3425,203.12312397541,11.1661260245902,12363.3226572065,26.8906661711066,1636.73133729898,10.8254098091695,13.9293119622193,0.126074855282114,1.00291040331955,10.8055628747281,0.162484024277433,-0.00160305064092969,0.164087074918363
1948-11-01,15.29,0.91,2.21667,24.2,2.33166666666667,193.416920454545,11.5114059917355,11830.931326049,28.0406465051653,1715.1910099747,10.2480962056356,13.1870353409985,0.130517324049946,1.00290187404178,10.9265734986461,0.17103568028838,-0.00225102438623048,0.17328670467461
1948-12-01,15.19,0.93,2.29,24.1,2.32083333333333,192.949241701245,11.813218879668,11862.5402801575,29.088463692946,1788.36189872026,10.1596529389009,13.0738620087786,0.131037834235212,1.00289334511947,11.0037510844509,0.173637126933573,-0.00328462593710976,0.176921752870683
1949-01-01,15.36,0.946667,2.32,24,2.31,195.9216,12.0750334184375,12107.1457205441,29.592325,1828.68346820718,10.248285758039,13.1873994426007,0.129855984407621,1.00185120931111,11.0815703536717,0.175729485632002,-0.00531598526172761,0.181045470893729
1949-02-01,14.77,0.963333,2.35,23.8,2.31083333333333,189.979125,12.3908707125,11803.7340276919,30.226875,1878.04840657252,9.87251714057006,12.7059818454288,0.133435034127656,1.00185190670817,11.1953794889669,0.177625493094185,-0.0051700894513409,0.182795582545526
1949-03-01,14.91,0.98,2.38,23.8,2.31166666666667,191.779875,12.60525,11980.883274553,30.61275,1912.44146166574,9.90133249124092,12.7441669531133,0.133131917839259,1.00185260410507,11.216112287343,0.179132492060447,-0.0052699832649985,0.184402475325446
1949-04-01,14.89,0.993333,2.38667,23.9,2.3125,190.721275104602,12.7232865254184,11980.9878516344,30.5700970889121,1920.39383988317,9.78363986754406,12.5937985608256,0.135543585437208,1.00185330150181,11.1898750214069,0.18098824982689,-0.00610340353468541,0.187091653361576
1949-05-01,14.78,1.00667,2.39333,23.8,2.31333333333333,190.10775,12.948292875,12010.2302184072,30.784207125,1944.82031722737,9.69229508639582,12.4784882369729,0.136055674454912,1.00185399889838,11.257716650537,0.182769575757833,-0.00789007185556823,0.190659647613401
1949-06-01,13.97,1.02,2.4,23.9,2.31416666666667,178.937287656904,13.0648556485356,11373.3081007615,30.7408368200837,1953.89688202058,9.06771894341954,11.6807248741685,0.143596788926698,1.0018546962948,11.2313976981744,0.188101160295003,-0.00788261536424084,0.195983775659244
1949-07-01,14.76,1.02667,2.39667,23.7,2.315,190.651556962025,13.2612624651899,12188.1114202749,30.9572403132911,1979.05697815924,9.60503809336393,12.3758228877532,0.136531754303321,1.00185539369105,11.3471840448907,0.184399295868948,-0.00935835557804987,0.193757651446998
1949-08-01,15.29,1.03333,2.39333,23.8,2.31583333333333,196.667625,13.291207125,12643.5184905769,30.784207125,1979.07862060512,9.85134863807923,12.6935299920026,0.134364881371676,1.00185609108714,11.3204718346351,0.179687138155614,-0.00899980829353619,0.18868694644915
1949-09-01,15.49,1.04,2.39,23.9,2.31666666666667,198.406484309623,13.3210292887029,12826.6736481386,30.61275,1979.06714132029,9.88404836173829,12.7355683656099,0.132193992406473,1.00185678848307,11.2940297549761,0.173154873088702,-0.0107151193860083,0.183869992474711
1949-10-01,15.89,1.07333,2.36667,23.7,2.3175,205.247509493671,13.8639590537975,13343.625690638,30.5697371487342,1987.41086301211,10.1698508447721,13.1047112417621,0.129206845426649,1.00185748587883,11.4104856146214,0.168338025044264,-0.010509855823986,0.17884788086825
1949-11-01,16.11,1.10667,2.34333,23.8,2.31833333333333,207.214875,14.234542875,13548.6472116481,30.141082125,1970.7604885457,10.2158610116507,13.165319750818,0.129199559808897,1.00185818327444,11.3836481598047,0.167337248201664,-0.0099038389287962,0.17724108713046
1949-12-01,16.54,1.14,2.32,23.6,2.31916666666667,214.548680084746,14.7875148305085,14108.7375025124,30.0938898305085,1978.97648160997,10.5293309041311,13.57082998011,0.125387521709924,1.00185888066988,11.5014519208954,0.166584191076197,-0.011805852437215,0.178390043513412
1950-01-01,16.88,1.15,2.33667,23.5,2.32,219.890731914894,14.9807074468085,14542.1256083744,30.4391040606383,2013.04198135784,10.7457332997479,13.8496822966138,0.123774513318352,1.00009122091804,11.5718650741321,0.16172211936589,-0.0119205997950224,0.173642719160913
1950-02-01,17.21,1.16,2.35333,23.5,2.34083333333333,224.189543617021,15.1109744680851,14909.6990834676,30.6561289180851,2038.7822280126,10.9115640667317,14.0609249255886,0.121396651696623,1.00011042256479,11.5729206702876,0.154186790139614,-0.0100840698403896,0.164270859980004
1950-03-01,17.35,1.17,2.37,23.6,2.36166666666667,225.055598516949,15.1766599576271,15051.4061267883,30.7424650423729,2056.01340175725,10.9109465229763,14.0567770002207,0.121640802334931,1.00012962169121,11.5251553675401,0.151852608576704,-0.00740696791330497,0.159259576490009
1950-04-01,17.84,1.18,2.42667,23.6,2.3825,231.41163559322,15.306375,15561.7948263806,31.4775601875,2116.77918449177,11.1780216009561,14.3949408861274,0.119242661233059,1.00014881830127,11.5266492776704,0.149434011323088,-0.00764565283182317,0.157079664154911
1950-05-01,18.44,1.19,2.48333,23.7,2.40333333333333,238.185278481013,15.3709588607595,16103.4415311023,32.0766077879747,2168.66374498006,11.4615431045862,14.7504783769617,0.117266939859235,1.0001680123989,11.4797217651996,0.144791182569577,-0.00744578790906092,0.152236970478638
1950-06-01,18.74,1.2,2.54,23.8,2.42416666666667,241.04325,15.435,16383.6277346685,32.67075,2220.61976766585,11.5541261440443,14.8581738526044,0.116053125757841,1.00018720398804,11.4334082717973,0.146908413282523,-0.00542637085699882,0.152334784139522
1950-07-01,17.38,1.24333,2.6,24.1,2.445,220.767466804979,15.7932574512448,15094.9448406395,33.0262033195021,2258.16205901396,10.539745658931,13.5509507149858,0.126246558310633,1.0002063930726,11.2931974233966,0.153777856849592,-0.00183475944487932,0.155612616294472
1950-08-01,18.43,1.28667,2.66,24.3,2.46583333333333,232.178182098765,16.2092621574074,15967.5097491121,33.5102530864198,2304.58903595432,11.0406116702615,14.1890591349645,0.122606909145407,1.00022557965651,11.2025609503213,0.149011379834653,0.000112972015206658,0.148898407819446
1950-09-01,19.08,1.33,2.72,24.4,2.48666666666667,239.381668032787,16.6864579918033,16558.5435937244,34.1256885245902,2360.54709512214,11.3373911022773,14.5634722207447,0.120461646637526,1.00024476374368,11.1591655282865,0.141689096599287,0.000817588785297918,0.140871507813989
1950-10-01,19.87,1.37667,2.76,24.6,2.5075,247.266399390244,17.1315668871951,17202.6996490675,34.3460121951219,2389.50432971446,11.6624440391053,14.9722125639864,0.118658235816299,1.00026394533801,11.0711497582515,0.134657541157627,0.000512081436661704,0.134145459720965
1950-11-01,19.83,1.42333,2.8,24.7,2.52833333333333,245.769567813765,17.6405042338057,17200.8358588241,34.7027125506073,2428.76149292524,11.5421733887163,14.8125795715931,0.11977266934561,1.0002831244434,11.029237637278,0.13862491592141,0.000887733098050347,0.13773718282336
1950-12-01,19.75,1.47,2.84,25,2.54916666666667,241.840725,18.000297,17030.8485767639,34.776084,2448.9929092663,11.3066657888908,14.508560511396,0.12189353128628,1.00030230106375,10.8999719606366,0.142786488582351,0.00313427730282934,0.139652211279522
1951-01-01,21.21,1.48667,2.83667,25.4,2.57,255.62851476378,17.9177389931102,18106.958833398,34.1882950954724,2421.66274936044,11.8957598394371,15.2579975354252,0.118987591563344,1.0013403358269,10.7315620410976,0.141823906944395,0.00501852498528343,0.136805381959111
1951-02-01,22,1.50333,2.83333,25.7,2.57916666666667,262.0546692607,17.9070293608949,18667.8441035231,33.7494252752918,2404.18921517433,12.1415073706827,15.5656388661477,0.118440551457275,1.00134832564122,10.6205068805358,0.143229319892447,0.00688203708132051,0.136347282811126
1951-03-01,21.63,1.52,2.83,25.8,2.58833333333333,256.648752906977,18.0354186046512,18389.810750041,33.579101744186,2406.06400474415,11.8416264872831,15.177316546375,0.120096636801555,1.00135631524446,10.5936065234395,0.148776838350035,0.00778614207021056,0.140990696279824
1951-04-01,21.92,1.53333,2.79333,25.8,2.5975,260.089720930233,18.1935844796512,18745.0048859922,33.1439972703488,2388.73104462539,11.951097197084,15.3141437573327,0.118486760671271,1.00136430463679,10.6079747934611,0.149884974908776,0.00763070531289389,0.142254269595882
1951-05-01,21.93,1.54667,2.75667,25.9,2.60666666666667,259.203709459459,18.2810123716216,18790.9435828163,32.5827218310811,2362.08073171192,11.8638754062692,15.2006672393837,0.118681444067088,1.00137229381835,10.5814339926099,0.151047716053645,0.00878165137718545,0.14226606467646
1951-06-01,21.55,1.56,2.72,25.9,2.61583333333333,254.712263513514,18.4385675675676,18576.7285396926,32.1492972972973,2344.71933308417,11.6156648570252,14.8844291874281,0.118206588828786,1.00138028278928,10.5959548290672,0.151117312300231,0.00754012670130511,0.143577185598926
1951-07-01,21.93,1.54667,2.65,25.9,2.625,259.203709459459,18.2810123716216,19015.4058439133,31.3219256756757,2297.80325975241,11.7781900924578,15.0935627005833,0.116926972135592,1.00138827154972,10.6105802431537,0.147634730716083,0.00672261962918119,0.140912111086902
1951-08-01,22.89,1.53333,2.58,25.9,2.63416666666667,270.55052027027,18.1233389797297,19958.6128950021,30.494554054054,2249.59463823091,12.2569890841451,15.7039087349904,0.112089566213211,1.00139626009982,10.6253106098313,0.146786590416902,0.00626015615533149,0.140526434261571
1951-09-01,23.48,1.52,2.51,26.1,2.64333333333333,275.397459770115,17.8281149425287,20425.7723229053,29.4398477011494,2183.50462225265,12.44495315715,15.9395255550279,0.110169634726078,1.00140424843973,10.5586126189071,0.143134270355595,0.00738782989189346,0.135746440463702
1951-10-01,23.36,1.48333,2.48667,26.2,2.6525,272.944213740458,17.3316070448473,20350.9405146754,29.0548881841603,2166.35587541216,12.3094579041187,15.7606218403018,0.109977014250321,1.00141223656959,10.5330828947594,0.145083357095561,0.00845895327220636,0.136624403823355
1951-11-01,22.71,1.44667,2.46333,26.4,2.66166666666667,263.339224431818,16.7752072130682,19739.0158527364,28.5641308551136,2141.07045004496,11.852030617771,15.1717436235301,0.113135750359643,1.00142022448954,10.468049326132,0.153954181570996,0.00924778928876702,0.144706392282229
1951-12-01,23.41,1.41,2.44,26.5,2.67083333333333,270.431878301887,16.2882933962264,20372.4000906371,28.1868339622641,2123.3941145303,12.1470725681068,15.5433213343704,0.110710670663551,1.00142821219974,10.4433581314026,0.151648842804551,0.00882813550380268,0.142820707300749
1952-01-01,24.19,1.41333,2.42667,26.5,2.68,279.442423584906,16.3267614933962,21153.6851150869,28.0328460537736,2122.0757775208,12.5270597481723,16.0224500865219,0.106769996438525,1.00114650571914,10.4582734628921,0.143258828031197,0.00886099253356809,0.134397835497629
1952-02-01,23.75,1.41667,2.41333,26.3,2.6925,276.445936311787,16.4897964039924,21030.8747782568,28.0907482728137,2137.0290959415,12.3641193504611,15.8110363511587,0.106230680164043,1.00115757002882,10.5498857121895,0.145710035760957,0.00831558400139798,0.137394451759559
1952-03-01,23.81,1.42,2.4,26.3,2.705,277.144326045627,16.5285570342205,21188.7908204515,27.9355893536122,2135.78739895353,12.3623390873904,15.8075103723309,0.104794523794561,1.00116863380798,10.5620979436974,0.145243973332577,0.00944103710533839,0.135802936227238
1952-04-01,23.74,1.43,2.38,26.4,2.7175,275.282835227273,16.58190625,21152.1184923615,27.5978579545455,2120.55779325276,12.2427286832669,15.6563986137722,0.105203893962163,1.00117969705711,10.534386467042,0.141645769363721,0.0104450450306612,0.13120072433306
1952-05-01,23.73,1.44,2.36,26.4,2.73,275.166877840909,16.6978636363636,21250.1274659993,27.3659431818182,2113.37129455365,12.2004787619458,15.6064970436272,0.104065379691255,1.00119075977671,10.5468138517556,0.132642276140817,0.0103999125925922,0.122242363548224
1952-06-01,24.38,1.45,2.34,26.5,2.7425,281.6373,16.7503726415094,21857.6118881641,27.0316358490566,2097.90040271961,12.4478815817894,15.9273025556327,0.102708162119251,1.00120182196727,10.5195258845063,0.115850999765105,0.0106557722506511,0.105195227514454
1952-07-01,25.08,1.45,2.34667,26.7,2.755,287.553471910112,16.6249016853933,22424.2808279722,26.9056262331461,2098.18130345206,12.6691128896225,16.2140435243705,0.101327588071915,1.00121288362929,10.4532758339958,0.115618901594987,0.0104624548934154,0.105156446701571
1952-08-01,25.18,1.45,2.35333,26.7,2.7675,288.700016853933,16.6249016853933,22621.7301374955,26.9819861264045,2114.23336713551,12.6783782363286,16.2303715378819,0.100506831828928,1.00122394476327,10.4659544411273,0.117966985521381,0.0109240945727422,0.107042890948639
1952-09-01,24.78,1.45,2.36,26.7,2.78,284.113837078652,16.6249016853933,22370.9266030746,27.0584606741573,2130.56443838806,12.4346780204255,15.9247462046267,0.101927647357311,1.0012350053697,10.4787641912581,0.118180799939065,0.0108020921322574,0.107378707806807
1952-10-01,24.26,1.43667,2.37333,26.7,2.7925,278.151803370786,16.472067244382,22009.5634645209,27.2112951151685,2153.17218702602,12.1311835586869,15.5436957513438,0.102551098446021,1.00124606544907,10.4917055213022,0.116765040644663,0.0114245215763145,0.105340519068349
1952-11-01,25.03,1.42333,2.38667,26.7,2.805,286.980199438202,16.3191181488764,22815.7438656549,27.3642442106742,2175.53541397693,12.4734697655153,15.9864403608815,0.0995385524208568,1.00125712500189,10.5047788730541,0.120521819353511,0.0117119987198013,0.10880982063371
1952-12-01,26.04,1.41,2.4,26.7,2.8175,298.560303370786,16.1662837078652,23843.5006059076,27.5170786516854,2197.55765953065,12.9339643061614,16.5765194524172,0.0959377827396683,1.00126818402864,10.5179846932148,0.120652013565478,0.0124117348296076,0.10824027873587
1953-01-01,26.18,1.41,2.41,26.6,2.83,301.293907894737,16.2270592105263,24169.8038396812,27.7356118421053,2224.95138478349,13.0107734479952,16.673801176942,0.0949636274455318,1.00488120869214,10.5709148748951,0.123687089331095,0.0124778302869957,0.111209259044099
1953-02-01,25.86,1.41,2.42,26.5,2.80083333333333,298.734232075472,16.2882933962264,24073.3538606822,27.9557943396226,2252.80418959207,12.8593468806879,16.4790486218649,0.0957663075522876,1.00486040903134,10.6625986738869,0.12591828189514,0.0111788542480551,0.114739427647085
1953-03-01,25.99,1.41,2.43,26.6,2.77166666666667,299.107282894737,16.2270592105263,24212.3867918355,27.9657828947368,2263.79761077954,12.8348193400925,16.4460638274511,0.0947610263844257,0.99727096991141,10.6741434780694,0.124779658298864,0.0109844519991236,0.11379520629974
1953-04-01,24.71,1.41333,2.45667,26.6,2.83,284.376335526316,16.2653826907895,23129.6557141835,28.272715993421,2299.55205598394,12.1639014540068,15.5890683801961,0.0972681974762963,0.983552510121993,10.6450134193478,0.135442310278144,0.0112608126808498,0.124181497597294
1953-05-01,24.84,1.41667,2.48333,26.7,3.05,284.801764044944,16.242758255618,23274.3494195012,28.4724945533708,2326.80717165579,12.1419707918678,15.5632033871073,0.0950102952363667,0.997427359791393,10.4307164491482,0.137286110844579,0.0139851707888834,0.123300940055695
1953-06-01,23.95,1.42,2.51,26.8,3.11,273.572896455224,16.2201884328358,22467.1737305805,28.6708964552239,2354.59733042827,11.6244078854701,14.9045222124771,0.0984672659239362,1.01806608863628,10.3650615134998,0.141183082826151,0.0141278852874356,0.127055197538716
1953-07-01,24.29,1.42,2.52333,26.8,2.93,277.456603544776,16.2201884328358,22897.1300824184,28.8231606184701,2378.63381024573,11.75020164531,15.0691292072302,0.0999444923265426,1.00072391842536,10.5523176335231,0.137251752530586,0.0120719955911794,0.125179756939406
1953-08-01,24.39,1.42,2.53667,26.9,2.95,277.563186802974,16.1598903345725,23017.0589033396,28.86782325,2393.87793392105,11.715076201734,15.0270190467341,0.100990823964566,1.00935548927068,10.5207003062619,0.140057507521652,0.012879277687621,0.127178229834031
1953-09-01,23.27,1.42,2.55,26.9,2.87,264.817357806691,16.1598903345725,22071.7772031273,29.0195213754647,2418.6949663934,11.1393493572629,14.2947479541971,0.105600371567836,1.02067870140431,10.6191266050973,0.148119305781441,0.0116140311469599,0.136505274634481
1953-10-01,23.97,1.43,2.53667,27,2.66,271.773191666667,16.2134194444444,22764.1381516106,28.7609053861111,2409.05741865023,11.3919347654214,14.6237988988797,0.106097575592592,1.00047670540549,10.7985729594374,0.144780187873252,0.00968877318528127,0.135091414687971
1953-11-01,24.5,1.44,2.52333,26.9,2.68,278.81500929368,16.3874944237918,23468.3583644699,28.7160113224907,2417.07806987011,11.6440702685058,14.9530685133748,0.103609143766099,1.01009687354232,10.8438832280128,0.140950408561723,0.00952940438005556,0.131421004181667
1953-12-01,24.83,1.45,2.51,26.9,2.59,282.570476765799,16.5012964684015,23900.2080881154,28.564313197026,2416.00975840393,11.7544491840273,15.101395257016,0.103702690839371,1.01182002229719,10.9533725456738,0.141201696182927,0.00845277114150744,0.13274892504142
1954-01-01,25.46,1.45667,2.52333,26.9,2.48,289.740005576208,16.5772024321561,24623.4605020699,28.7160113224907,2440.42091864446,12.0026505549278,15.4270613910024,0.103043452298371,1.00294542265046,11.0828416533931,0.141540112849223,0.00728834895090147,0.134251763898321
1954-02-01,26.02,1.46333,2.53667,26.9,2.47,296.112920074349,16.6529945938662,25282.998021808,28.86782325,2464.82023797001,12.2150524854328,15.7057553654446,0.101694727280134,1.01088810791565,11.1154853062306,0.140202560386028,0.00750439257315572,0.132698167812872
1954-03-01,26.57,1.47,2.55,26.9,2.37,302.372032527881,16.7289005576208,25936.4498346315,29.0195213754647,2489.19635221341,12.42010529519,15.9740584036131,0.101343136845601,1.00906599746829,11.2365119097796,0.139632519874092,0.00619170447345452,0.133440815400637
1954-04-01,27.63,1.46333,2.57333,26.8,2.29,315.608314365672,16.7151326333955,27191.2939305936,29.3942940139925,2532.47095224084,12.9078681840609,16.6030592918695,0.0981135056027299,0.994844513667479,11.3806894941954,0.136168652420853,0.00518145802307979,0.130987194397774
1954-05-01,28.73,1.45667,2.59667,26.9,2.37,326.953274163569,16.5772024321561,28287.7387518087,29.550635517658,2556.6976186794,13.3120422380259,17.1213708976893,0.0953500616531829,1.00109244593925,11.2799272243654,0.133061543768367,0.00667328282100432,0.126388260947363
1954-06-01,28.96,1.45,2.62,26.9,2.38,329.570721189591,16.5012964684015,28633.1714590402,29.8161356877323,2590.43194829715,13.357885903659,17.1780435037373,0.0943975891955168,1.00907092574748,11.2922499350567,0.130926152660166,0.00683363537452086,0.124092517285645
1954-07-01,30.13,1.45667,2.62333,26.9,2.3,342.885560408922,16.5772024321561,29909.9866327113,29.8540317685874,2604.17408673052,13.8330095642453,17.7842896551012,0.0920353330943635,0.996616259861102,11.3946810957396,0.130023897036734,0.00578727663066192,0.124236620406072
1954-08-01,30.73,1.46333,2.62667,26.9,2.36,349.713683085502,16.6529945938662,30626.6590646583,29.892041651487,2617.83685536498,14.0421123473206,18.0478773012725,0.0903588413773152,1.00020155854516,11.356124455946,0.126326877896956,0.00680319977250621,0.11952367812445
1954-09-01,31.45,1.47,2.63,26.8,2.38,359.242905783582,16.7913218283582,31583.7375119348,30.0416166044776,2641.18377285814,14.356474143297,18.4457641533583,0.0882111827709122,0.99758112711172,11.4007955193471,0.124693945309031,0.00635342002485917,0.118340525284172
1954-10-01,32.18,1.49333,2.67667,26.8,2.43,367.581453358209,17.057812670709,32441.8151042592,30.5747125158582,2698.44727268855,14.6192319357306,18.7769654741047,0.0864592435217184,0.997633323198245,11.3732184441605,0.123875923709397,0.00703020325676285,0.116845720452634
1954-11-01,33.44,1.51667,2.72333,26.8,2.48,381.974014925373,17.3244177397388,33839.4838739158,31.1076942005597,2755.8636847593,15.1173116974344,19.4076074575887,0.0837055244929716,0.999435441226484,11.3463017119074,0.119832197978696,0.0076220588080993,0.112210139170597
1954-12-01,34.97,1.54,2.77,26.7,2.51,400.946766853933,17.6567921348315,35650.6529594833,31.7592949438202,2823.91503282152,15.7890620023271,20.2575291924425,0.0796147286705767,0.993362743470211,11.3823675785445,0.11233940716169,0.00740566111824292,0.104933746043447
1955-01-01,35.6,1.54667,2.83333,26.7,2.61,408.17,17.7332666825843,36424.3130771711,32.4854018567416,2898.93536435228,15.9907810629698,20.5019278650485,0.0778157762263657,0.998690092558401,11.3068198850093,0.113047572236655,0.00834589263767294,0.104701679598982
1955-02-01,36.79,1.55333,2.89667,26.7,2.65,421.813884831461,17.8096265758427,37774.308791062,33.2116234241573,2974.16980282157,16.4377282159871,21.0569613014739,0.0757154012596608,0.999598391441562,11.2920089975011,0.110082654985454,0.0086667566750176,0.101415898310436
1955-03-01,36.5,1.56,2.96,26.7,2.68,418.488904494382,17.8861011235955,37610.0280243708,33.9377303370786,3050.01871101746,16.2192829455378,20.7592971524646,0.0762347507740216,0.996163757398514,11.2874740300458,0.11058503395113,0.00873775720765968,0.10184727674347
1955-04-01,37.76,1.56333,3.04667,26.7,2.75,432.935370786517,17.9242810702247,39042.5862637311,34.9314408398876,3150.15562214305,16.6852666280635,21.3340477460911,0.0738128587751296,1.00142499735638,11.2441725413086,0.107801311382075,0.0092384967241903,0.0985628146578847
1955-05-01,37.6,1.56667,3.13333,26.7,2.76,431.100898876404,17.9625756713483,39012.1419730254,35.9250366882022,3251.00837256222,16.5180578272578,21.0978037942416,0.0737363048465312,1.00056831162123,11.2601954574546,0.109794518968875,0.00936595663600825,0.100428562332866
1955-06-01,39.78,1.57,3.22,26.7,2.78,456.095578651685,18.0007556179775,41409.7631984509,36.9187471910112,3351.92150575696,17.3700919634053,22.1571216723705,0.0694109087191407,0.991985673512147,11.2665947573904,0.0974238093116002,0.00902129840766075,0.0884025109039395
1955-07-01,42.69,1.58667,3.29333,26.8,2.9,487.633693097015,18.1240044934701,44410.2930789259,37.6186149095149,3426.04241053219,18.4540319066329,23.5035102014631,0.0652181135241678,0.996410252276303,11.1345979744618,0.089887472059403,0.0106465147023163,0.0792409573570867
1955-08-01,42.43,1.60333,3.36667,26.8,2.97,484.663799440298,18.3143061408582,44278.8107661204,38.4563533740671,3513.36657652544,18.2223264630477,23.1736966544826,0.0652071483085897,1.002475,11.0946275767287,0.0925003962319433,0.0109553954259431,0.0815450008060001
1955-09-01,44.34,1.62,3.44,26.9,2.97,504.598265799256,18.4359312267658,46240.3792263679,39.1479033457249,3587.43582631271,18.8439606542613,23.925531307723,0.0637842341852683,1.01023061282946,11.0807407324719,0.0916265211398988,0.0111139109139202,0.0805126102259786
1955-10-01,42.11,1.62667,3.5,26.9,2.88,479.220409851301,18.5118371905204,44056.1687497076,39.8307156133829,3661.75707964798,17.7723257893861,22.5323663033238,0.0678840897830857,1.00153867470642,11.1941035007694,0.0992846403702556,0.00963978357249928,0.0896448567977564
1955-11-01,44.95,1.63333,3.56,26.9,2.89,511.540190520446,18.5876293522305,47169.8244393577,40.5135278810409,3735.80812022499,18.8355592882739,23.8415837449978,0.0646079042363475,0.996399067648558,11.2113275846872,0.0929743851958298,0.00904142849409983,0.08393295670173
1955-12-01,45.37,1.64,3.62,26.8,2.96,518.246443097015,18.7331753731343,47932.1682004892,41.3500578358209,3824.43131773795,18.9423690358136,23.9377657453876,0.0626482580860027,1.00763216324393,11.2126390254419,0.090650756171307,0.00771938884651013,0.0829313673247969
1956-01-01,44.15,1.67,3.64333,26.8,2.9,504.310788246269,19.0758554104478,46790.2972476563,41.6165486781716,3861.21163468411,18.2925853854189,23.0824590842175,0.0651235090414385,1.00759691848301,11.2982157168793,0.095431683360476,0.00742021913641011,0.0880114642240659
1956-02-01,44.43,1.7,3.66667,26.8,2.84,507.509135261194,19.4185354477612,47237.1807963032,41.8831537472015,3898.33791830702,18.2661168151278,23.017216418743,0.0663755869398115,0.992065068349909,11.3840473406839,0.0932352904909846,0.00466411724388993,0.0885711732470946
1956-03-01,47.49,1.73,3.69,26.8,2.96,542.462499067164,19.7612154850746,50643.7934484486,42.1496445895522,3935.05154400454,19.3712100993,24.3735866353987,0.0609101413215961,0.983776203198209,11.2937157031341,0.0810457649921639,0.00523994938320382,0.07580581560896
1956-04-01,48.05,1.75333,3.66,26.9,3.18,546.818824349442,19.9532538875465,51205.7306834764,41.6515483271375,3900.37407495367,19.3705936345785,24.3386691141703,0.0585325702721473,1.01204400587091,11.0691858222567,0.0827161027774519,0.00798931481062004,0.0747267879668319
1956-05-01,46.54,1.77667,3.63,27,3.07,527.673105555555,20.1439831638889,49570.0641718729,41.1571416666667,3866.33719260633,18.5445065917544,23.2741964706644,0.0617547005683712,1.00855620501885,11.161012408837,0.0806724805012646,0.00731721067383861,0.073355269827426
1956-06-01,46.27,1.8,3.6,27.2,3,520.754390625,20.2584375,49078.7054061459,40.516875,3818.52905688621,18.1581638469587,22.7674165585581,0.0632518186984928,0.993123770728664,11.1737398757012,0.0808103622610794,0.00705421406888918,0.0737561481921902
1956-07-01,48.78,1.81333,3.55333,27.4,3.11,544.996330291971,20.259495604927,51522.5103738468,39.6997091085766,3753.10540768145,18.8567975968968,23.6203116752017,0.0549508158853903,0.984033100142062,11.0159073596765,0.0752615181359213,0.00692305862769449,0.0683384595082268
1956-08-01,48.49,1.82667,3.50667,27.3,3.33,543.74075,20.4832937884615,51565.18083445,39.3219091730769,3729.05903643516,18.6709371101864,23.3689472992273,0.0508377938633424,0.998567071200787,10.8797244937199,0.0681488480859513,0.00641644034294564,0.0617324077430057
1956-09-01,46.84,1.84,3.46,27.4,3.38,523.321609489051,20.5574671532847,49791.2118728452,38.6569762773723,3678.0015602059,17.836640796312,22.3114732104499,0.0522046393801916,1.00618936106211,10.8244844968035,0.0683891737753417,0.00767621389452522,0.0607129598808165
1956-10-01,46.24,1.80667,3.44333,27.5,3.34,514.739476363636,20.1116861972727,49134.1282869852,38.33083653,3658.84554399708,17.4189529486361,21.7772690044131,0.052325543255801,0.990224726279989,10.851875753703,0.0685515585428971,0.0085637097374629,0.0599878488054342
1956-11-01,45.76,1.77333,3.42667,27.5,3.49,509.39616,19.7405483481818,48781.1122200556,38.1453789245454,3652.90152559218,17.1203397366283,21.3920874153723,0.0493870934627005,0.994575162263686,10.745795697835,0.0748746032336782,0.00880039289165047,0.0660742103420278
1956-12-01,46.44,1.74,3.41,27.6,3.59,515.092793478261,19.2993423913043,49480.6497520226,37.8222744565217,3633.26907093878,17.1975227255609,21.4744987955612,0.047538713978887,1.01389115871122,10.6487786683056,0.0741103334326316,0.0126519819338791,0.0614583514987526
1957-01-01,45.43,1.73667,3.40667,27.6,3.46,503.890301630435,19.2624074429348,48558.7183800199,37.7853395081522,3641.2839344852,16.717780078533,20.8631863887554,0.0505073585016137,1.01300141651967,10.7967025428676,0.080497704535242,0.0137288336334609,0.0667688709017811
1957-02-01,43.47,1.73333,3.40333,27.7,3.34,480.410195848375,19.1559559413357,46449.8305560675,37.612018215704,3636.62530081392,15.8437331422297,19.7626324379089,0.0553781200410443,0.99690055018396,10.8975909445052,0.0892887419465871,0.0127708808039413,0.0765178611426458
1957-03-01,44.03,1.73,3.4,27.8,3.41,484.848698741007,19.0503803956835,47032.4749049072,37.4400539568345,3631.85134400828,15.9004171088692,19.82183674227,0.0529331753754174,0.99697822718204,10.8247359391625,0.090433685779457,0.0142553176013887,0.0761783681780683
1957-04-01,45.05,1.73,3.40667,27.9,3.48,494.302647849462,18.9820994623656,48102.9955682137,37.3790455349462,3637.53677940881,16.1237043602118,20.0868311887451,0.0517300320093493,0.992904885936143,10.7533449493997,0.0898010847352884,0.0145999546082087,0.0752011301270796
1957-05-01,46.78,1.73,3.41333,28,3.6,511.4515875,18.91430625,49925.2292498218,37.31836355625,3642.82348771471,16.5981107891143,20.6611066934018,0.0491239821275134,0.986496788645217,10.6389164234856,0.0876420804480036,0.0136802444727606,0.073961835975243
1957-06-01,47.55,1.73,3.42,28.1,3.8,518.020022241993,18.8469955516014,50719.7175937881,37.2582224199288,3647.97968813366,16.7299188724729,20.8067637251206,0.0465477799547515,0.992504499542018,10.4579072177984,0.0845181270211914,0.014176390525994,0.0703417364951975
1957-07-01,48.51,1.74,3.43667,28.3,3.93,524.743640459364,18.8219734982332,51531.6047104398,37.1752365874558,3650.73428077153,16.8688823839798,20.959760285686,0.0445547860323506,1.003275,10.3061664714405,0.0846108763607438,0.0146764406238924,0.0699344357368514
1957-08-01,45.84,1.75,3.45333,28.3,3.93,495.861646643109,18.9301457597173,48850.2120307874,37.3554515750883,3680.10258970941,15.8689427294522,19.702677805273,0.0469158412533762,1.0040955493531,10.3399191666345,0.0920987377732856,0.0135386123741281,0.0785601253991575
1957-09-01,43.98,1.76,3.47,28.3,3.92,475.741606007067,19.0383180212014,47024.3678638426,37.5357747349823,3710.19910158104,15.1572744889622,18.8079619276668,0.0477281812315534,0.999173473797698,10.3822668158885,0.097739940487745,0.0131118084651503,0.0846281320225948
1957-10-01,41.24,1.77,3.43667,28.3,3.97,446.102406360424,19.1464902826855,44252.4107540879,37.1752365874558,3687.70447299349,14.1494514894835,17.5514676533826,0.0519273770758174,1.02401470114748,10.3736856003259,0.104209026415048,0.0119454382104429,0.0922635882046052
1957-11-01,40.35,1.78,3.40333,28.4,3.72,434.938191021127,19.1868644366197,43303.5523311589,36.6849614286972,3652.44804845609,13.7362422352985,17.0352785528339,0.0564705711372622,1.0463665008076,10.5854023113656,0.103047071877971,0.00799677696094059,0.09505029491703
1957-12-01,40.33,1.79,3.37,28.4,3.21,434.722608274648,19.2946558098592,43442.1737812071,36.3256927816901,3630.05518578398,13.6732460579514,16.9545776130382,0.0605895590904975,1.01291330374393,11.0762103761842,0.105752049987781,0.00399875773451619,0.101753292253265
1958-01-01,41.12,1.78333,3.29333,28.6,3.09,440.138559440559,19.0883340760489,44142.3534201848,35.2510097753496,3535.39243164633,13.7884315523076,17.0941088542122,0.0605954349597356,1.00599424058388,11.1407846154175,0.103317929016322,0.00458665949384374,0.0987312695224778
1958-02-01,41.26,1.77667,3.21667,28.6,3.05,441.637085664336,19.0170470428322,44451.5815913848,34.4304596302447,3465.48882592244,13.7849063903377,17.0872819888114,0.0618778872084659,1.00854523162662,11.2075651586955,0.0974416528376973,0.00392566736721123,0.0935159854704861
1958-03-01,42.11,1.77,3.14,28.8,2.98,447.605174479167,18.8140859375,45210.0866794928,33.3764010416667,3371.16295829037,13.9255899238929,17.2581553370672,0.0629912500770447,1.01110068092162,11.2248410072876,0.0935477011039461,0.00257593447313487,0.0909717666308112
1958-04-01,42.34,1.75667,3.07,28.9,2.88,448.492676470588,18.6077853088235,45456.3506053938,32.5194264705882,3295.96117993762,13.9135017652628,17.2396653902411,0.0626779425735847,0.998959605982665,11.3101729518449,0.100733070256508,0.00275694352468903,0.0979761267318193
1958-05-01,43.7,1.74333,3,28.9,2.92,462.898676470588,18.4664793970588,47072.4210304862,31.7779411764706,3231.51631788235,14.3238249684092,17.7429870458012,0.0597916460423296,0.998143037340216,11.2984059155707,0.0993502218418632,0.00130393347646107,0.0980462883654021
1958-06-01,44.75,1.73,2.93,28.9,2.97,474.020955882353,18.3252794117647,48358.7440536877,31.0364558823529,3166.28201290067,14.6355555519563,18.1224510082622,0.0569556792307074,0.982953433690599,11.2774251976704,0.0989384530605317,0.00252348380605061,0.0964149692544811
1958-07-01,45.98,1.73,2.91333,29,3.2,485.370429310345,18.2620887931034,49671.8517958881,30.7534630887931,3147.24871667061,14.9574571019011,18.513137401048,0.0522775645346414,0.974267296302305,11.0469590494417,0.0954232696794082,0.00616174875614672,0.0892615209232615
1958-08-01,47.7,1.73,2.89667,28.9,3.54,505.269264705882,18.3252794117647,51864.5404147197,30.6834029558823,3149.56935603996,15.5445668911659,19.2292333097693,0.0455851637070029,0.984762476095586,10.7999320705326,0.0882634773886071,0.00922584940257254,0.0790376279860345
1958-09-01,48.96,1.73,2.88,28.9,3.76,518.616,18.3252794117647,53391.3005579552,30.5068235294118,3140.66473870325,15.9319231840928,19.6953502983887,0.0418210663362213,0.999832691062377,10.6353678474418,0.0885487535109308,0.0106356726932548,0.077913080817676
1958-10-01,50.95,1.73667,2.88333,28.9,3.8,539.695367647059,18.3959323676471,55719.2337811033,30.5420970441176,3153.22744530066,16.5598033103516,20.4551482754066,0.0394570906866444,1.00813154468373,10.6335884553461,0.0862065901684501,0.00961559945889356,0.0765909907095566
1958-11-01,52.5,1.74333,2.88667,29,3.74,554.196336206896,18.4028018818965,57374.6714208411,30.4720369112069,3154.69986191237,16.9888835793863,20.9656108814296,0.0397210334314463,0.993242460958626,10.6830902448293,0.0846440199512495,0.00841414288606579,0.0762298770651837
1958-12-01,53.49,1.75,2.89,28.9,3.86,566.60069117647,18.5371323529412,58818.7913017676,30.61275,3177.90814847838,17.35835736537,21.3995104655989,0.0373380632107479,0.990148923107148,10.6476147583773,0.0830293572729752,0.00644663900867259,0.0765827182643026
1959-01-01,55.62,1.75667,2.96333,29,4.02,587.13143275862,18.5436205318966,61110.5043255056,31.2812691232759,3255.85384363359,17.9803393429934,22.1400104542214,0.0345207004870247,1.00826412140808,10.5063700649889,0.074217664652789,0.00793853118465115,0.0662791334681379
1959-02-01,54.77,1.76333,3.03667,28.9,3.96,580.159279411765,18.6783323382353,60546.8288069303,32.1663735441176,3356.96071997701,17.7591692636114,21.8416823311788,0.0363142502096778,1.00084637202042,10.629850640144,0.0743556179869467,0.0055859953236328,0.0687696226633139
1959-03-01,56.16,1.77,3.11,28.9,3.99,594.883058823529,18.7489852941176,62246.4955823668,32.9431323529412,3447.05486576141,18.2008718454856,22.3554315283867,0.0346477330187193,0.992756738243497,10.6388474483071,0.0684260018526757,0.00436657382402883,0.0640594280286468
1959-04-01,57.1,1.77667,3.20667,29,4.12,602.75449137931,18.7547429456896,63233.6708516791,33.8499955318965,3551.12986532318,18.4307530487834,22.606141738484,0.0325871431180292,0.988122982411616,10.5253675345844,0.0685581119692198,0.00637371624701744,0.0621843957222024
1959-05-01,57.96,1.78333,3.30333,29,4.31,611.832755172414,18.8250467094828,64350.6264638058,34.8703501577586,3667.55270732719,18.6927214395942,22.8942291684669,0.0303543247260546,1.00117759875241,10.4003575592519,0.0700849894494397,0.00670486961091443,0.0633801198385253
1959-06-01,57.46,1.79,3.4,29.1,4.34,604.47031443299,18.8305231958763,63741.3128776311,35.7674742268041,3771.67531820302,18.4485913970665,22.5622148204171,0.0306856984249297,0.998801915582466,10.3768228595468,0.0650728483266179,0.00507397360327588,0.059998874723342
1959-07-01,59.74,1.79667,3.41,29.2,4.4,626.303316780822,18.835962172089,66209.1208266297,35.7498210616438,3779.26183493149,19.0905339757965,23.3107429079751,0.0294706357736433,1.0012626276101,10.3288960615911,0.055911077489659,0.00445136922278522,0.0514597082668737
1959-08-01,59.4,1.80333,3.42,29.2,4.43,622.738818493151,18.9057844032534,65998.8536701846,35.8546592465753,3799.93399919245,18.9588036407502,23.1146265713648,0.0291047562008024,0.983887629990348,10.3419376109403,0.0553754965214999,0.00455767788347106,0.0508178186380288
1959-09-01,57.05,1.81,3.43,29.3,4.68,596.060541808873,18.9109479522184,63338.4650407345,35.8367687713311,3808.07949324661,18.1232905567586,22.0656218227845,0.0289574265324198,1.01586481962659,10.140576483879,0.0601053809621486,0.00343762106643974,0.0566677598957088
1959-10-01,57,1.81667,3.41667,29.4,4.53,593.5125,18.916076375,63235.2102270572,35.576076375,3790.41834607859,18.0219624415154,21.9132935126573,0.0319737364786137,1.003775,10.2664159384581,0.0611270114268965,0.00268210070165997,0.0584449107252365
1959-11-01,57.23,1.82333,3.40333,29.4,4.53,595.907375,18.985423625,63658.9351336215,35.437173625,3785.64325892553,18.0717891305702,21.9458633959012,0.0313906122648077,0.991106245803658,10.3051716586258,0.0609044182644192,0.00207663103647993,0.0588277872279392
1959-12-01,59.06,1.83,3.39,29.4,4.69,614.96225,19.054875,65864.139377941,35.298375,3780.55253117541,18.6247289779001,22.5883156915098,0.0290100768681577,1.00153621667521,10.2135199949429,0.0512989000776598,-0.000550153962840749,0.0518490540405006
1960-01-01,58.03,1.86667,3.39,29.3,4.72,606.299618600682,19.5030382397611,65110.416918628,35.4188472696246,3803.62421771754,18.3382849943756,22.2154412755459,0.029634527949424,1.02231328817908,10.26412215479,0.0516096993662005,-0.00163619313985053,0.0532458925060511
1960-02-01,55.78,1.90333,3.39,29.4,4.49,580.80925,19.818423625,62550.368508062,35.298375,3801.46556547742,17.545275108946,21.233856769802,0.0347475776181963,1.02313490820238,10.4574574891435,0.0518574610393268,0.00040165797472036,0.0514558030646064
1960-03-01,55.02,1.94,3.39,29.4,4.25,572.89575,20.20025,61879.4117047157,35.298375,3812.63550852392,17.2860207205222,20.901862083864,0.0375682345212508,1.00112088041586,10.6993898081851,0.0545390317248742,-0.000613864628477123,0.0551528963533513
1960-04-01,55.73,1.94333,3.34667,29.5,4.28,578.321544915254,20.1663306635593,62646.9772763955,34.7290752686441,3762.04484912246,17.4297669475972,21.057013645324,0.0371382962148633,0.997936448322471,10.6750727733448,0.0494884347322757,-0.00283412327496546,0.0523225580072412
1960-05-01,55.22,1.94667,3.30333,29.5,4.35,573.029171186441,20.2009905228813,62256.035070407,34.2793272737288,3724.23448622107,17.2561705787279,20.8296179604862,0.0365831838569286,1.01986121515037,10.6530442090156,0.0374777730182829,-0.00586819260422733,0.0433459656225103
1960-06-01,57.26,1.95,3.26,29.6,4.15,592.191238175675,20.167183277027,64520.4603135358,33.7153935810811,3673.36186905566,17.8233638172647,21.4940254760156,0.0366545617602494,1.02399121832883,10.827921792422,0.0329648614534537,-0.00687259651265981,0.0398374579661135
1960-07-01,55.84,1.95,3.26333,29.6,3.9,577.505391891892,20.167183277027,63103.511678463,33.7498329248311,3687.81487760886,17.3768064728981,20.9375492390498,0.0393169606014447,1.01150160567739,11.0876968281915,0.0352688907579652,-0.00650291634565603,0.0417718071036213
1960-08-01,56.51,1.95,3.26667,29.6,3.8,584.434629222973,20.167183277027,64044.3009598441,33.7843756900338,3702.20485960881,17.5821130395777,21.1660318712012,0.0388017051247868,1.00316666666667,11.2152231449799,0.0370556454559889,-0.00750588691526821,0.0445615323712572
1960-09-01,54.81,1.95,3.27,29.6,3.8,566.852982263513,20.167183277027,62301.8109098395,33.8188150337838,3716.96627759852,17.0520154678177,20.511204667641,0.0401510388440626,0.995771377505339,11.2507380182723,0.0457793660541415,-0.00674231693229788,0.0525216829864393
1960-10-01,53.73,1.95,3.27,29.8,3.89,551.954046140939,20.0318330536913,60847.7670855465,33.5918431208054,3703.186271538,16.605104536251,19.9582276294836,0.0406836845293837,0.999960999859082,11.1279738816925,0.0502964133508956,-0.00513121752577916,0.0554276308766748
1960-11-01,55.47,1.95,3.27,29.8,3.93,569.828604865772,20.0318330536913,63002.2967129474,33.5918431208054,3714.03479811318,17.146088452419,20.5909817516015,0.0379701285161348,1.01068757556991,11.127539889143,0.0463327085172034,-0.00159655330802111,0.0479292618252245
1960-12-01,56.8,1.95,3.27,29.8,3.84,583.491342281879,20.0318330536913,64697.4639717192,33.5918431208054,3724.66033780848,17.5620908339571,21.0712509479423,0.0362592261595422,1.0032,11.2464663126154,0.0502673350774372,0.000631609240801634,0.0496357258366356
1961-01-01,59.72,1.94667,3.21,29.8,3.84,613.487728187919,19.9976248464765,68208.2382524688,32.9754790268456,3666.24991276666,18.4704169864772,22.1380239120723,0.0318448486517559,1.00815559559156,11.2824550048158,0.0489482021718561,0.00194008464295337,0.0470081175289028
1961-02-01,62.17,1.94333,3.15,29.8,3.78,638.655928691275,19.9633139119127,71191.428306423,32.3591149328859,3607.09344000696,19.2340144982984,23.0287432802901,0.0291030546893694,1.00645991867804,11.3744701451151,0.0484602606051281,0.00235192244261428,0.0461083381625138
1961-03-01,64.12,1.94,3.09,29.8,3.74,658.687761744966,19.929105704698,73609.516871761,31.7427508389262,3547.30828343327,19.8442252727256,23.7339781271826,0.0275102577726529,0.999812936272291,11.4479482972583,0.0476230297217599,0.0050133359248512,0.0426096937969087
1961-04-01,65.83,1.94,3.07,29.8,3.78,676.254138422819,19.929105704698,75758.1831081664,31.5372961409396,3533.00352638722,20.3828429757548,24.3521002175228,0.0257786334590422,1.00895049828155,11.4458068013752,0.0481268619524073,0.00427539470498584,0.0438514672474215
1961-05-01,66.5,1.94,3.05,29.8,3.71,683.136870805369,19.929105704698,76715.2779831214,31.331841442953,3518.5202683988,20.5986068432973,24.5843982700641,0.025572348486321,0.989116265183567,11.5482524754818,0.0451258875796443,-0.000808794222476927,0.0459346818021212
1961-06-01,65.62,1.94,3.03,29.8,3.88,674.09686409396,19.929105704698,75886.59916581,31.1263867449664,3504.0596688876,20.3324145515923,24.2439648532698,0.0245079262153135,0.999951135920928,11.4225643579455,0.0438050706320896,-0.000871991785231008,0.0446770624173206
1961-07-01,65.44,1.94667,3.03667,30,3.92,667.76612,19.8643073475,75360.2666791957,30.9869398475,3497.00887861726,20.1466437368273,24.001732449097,0.0252400093104584,0.993474980387101,11.3458594968251,0.0437901171458126,-0.00142149641153688,0.0452116135573495
1961-08-01,67.79,1.95333,3.04333,29.9,4.04,694.059639632107,19.9989307550167,78515.6834005372,31.1587626948161,3524.84340999199,20.9416884752152,24.9273717886888,0.0218168151884077,1.00827620962682,11.3095259609529,0.0376745334360105,0.000290668455689147,0.0373838649803213
1961-09-01,67.26,1.96,3.05,30,3.98,686.337855,20.00033,77830.6996631193,31.1229625,3529.34335373943,20.7052430441473,24.626812599567,0.0225205738094319,1.00823996278528,11.3651155486905,0.0411377900502481,0.00354610468721606,0.037591685363032
1961-10-01,68,1.98,3.09667,30,3.92,693.889,20.204415,78877.9310516879,31.5991948475,3592.04298161515,20.9241901410108,24.8699166530282,0.0222275046650634,1.00162709806957,11.4587636778621,0.0375383699755401,0.00454658363660121,0.0329917863389388
1961-11-01,71.08,2,3.14333,30,3.94,725.31809,20.4085,82643.9656028812,32.0753251525,3654.71660661937,21.8579577219597,25.9600881103724,0.0192153216486475,0.993500756643783,11.477408210122,0.028104043479765,0.00577774777951334,0.0223262957002517
1961-12-01,71.74,2.02,3.19,30,4.06,732.052895,20.612585,83607.0600247681,32.5515575,3717.68220628673,22.0414801983823,26.1589674543886,0.0172515331809286,1.00175442018633,11.4028137410658,0.0335381753213908,0.0055258212275946,0.0280123540937962
1962-01-01,69.07,2.02667,3.25,30,4.08,704.8075475,20.6806473475,80692.221391215,33.1638125,3796.86867701533,21.1979314000152,25.1424599160829,0.0188569437164826,1.00666389542652,11.422819067674,0.04171058260243,0.0056955120254536,0.0360150705769764
1962-02-01,70.22,2.03333,3.31,30.1,4.04,714.161895348837,20.6796754011628,81960.483235043,33.6638546511628,3863.4178226715,21.4516877548734,25.4270571207174,0.0198034789240561,1.01238850038752,11.4607370824755,0.0417319828251386,0.00440052636967514,0.0373314564554634
1962-03-01,70.29,2.04,3.37,30.1,3.93,714.873819767442,20.747511627907,82240.6102070796,34.2740755813953,3942.96281687094,21.4431585685262,25.4005938657596,0.0209220209583108,1.01068757556991,11.6027184282631,0.0438205075226736,0.00350327174608434,0.0403172357765893
1962-04-01,68.05,2.04667,3.40333,30.2,3.84,689.800542218543,20.746422861755,79555.0195670087,34.4984405488411,3978.72130408505,20.658336447649,24.4573710489109,0.0235452279329793,1.00073260099967,11.6878931484858,0.0483498633188744,0.00214423481255044,0.0462056285063239
1962-05-01,62.99,2.05333,3.43667,30.2,3.87,638.508980960265,20.8139330985099,73839.5798415847,34.8363971995033,4028.61198371454,19.0893674981167,22.5927390119822,0.0272238021492557,0.999941270990609,11.6964557106905,0.0551185985515315,0.00278817533377129,0.0523304232177602
1962-06-01,55.63,2.06,3.47,30.2,3.91,563.903073675497,20.8815447019868,65413.1071777557,35.1742524834437,4080.23515920928,16.8275712447925,19.9172226410667,0.0334817835731625,0.995087189337341,11.6957687894332,0.0682748649849383,0.00321236254695378,0.0650625024379845
1962-07-01,56.97,2.06667,3.49,30.3,4.01,575.580319306931,20.8800171757426,66969.5161797944,35.2602301980198,4102.5734854745,17.1413256613228,20.2890716639021,0.0309672893216078,1.00579643814675,11.5998994288072,0.0647182822451888,0.00406794125230059,0.0606503409928882
1962-08-01,58.52,2.07333,3.51,30.3,3.98,591.240306930693,20.9473046064356,68994.6798740271,35.4622945544554,4138.26600064653,17.5712626310455,20.7973714533483,0.0298398507919585,1.00331666666667,11.6671375283547,0.0652470935552145,0.00301774214817097,0.0622293514070436
1962-09-01,58,2.08,3.53,30.4,3.98,584.059046052632,20.9455657894737,68360.3505264246,35.5470419407895,4160.55236824619,17.3214611474655,20.5019253084559,0.0309943329762545,1.00741750017615,11.667327503127,0.0646807842201798,0.000797214579910221,0.0638835696402695
1962-10-01,56.17,2.09667,3.57667,30.4,3.93,565.630976151316,21.1134324152961,66409.3962140366,36.0170080731908,4228.67180268574,16.7398209679013,19.8162786713771,0.033500278187629,1.0040955493531,11.7538699069366,0.0677086021527855,0.000635575128119736,0.0670730270246658
1962-11-01,60.04,2.11333,3.62333,30.4,3.92,604.6018125,21.2811983412829,71193.0846145482,36.4868735057566,4296.40305257213,17.8543864894972,21.1346348680911,0.0298711280918092,1.00820376952069,11.8020084612304,0.0655014461569863,0.00198596539607299,0.0635154807609133
1962-12-01,62.64,2.13,3.67,30.4,3.86,630.783769736842,21.4490649671053,74486.535522558,36.9568396381579,4364.07384048193,18.5858361184399,21.9969284481504,0.028266895655685,1.00568867986069,11.8988294185275,0.0628718597966837,0.000867795910415525,0.0620040638862682
1963-01-01,65.06,2.13667,3.68333,30.4,3.83,655.15312993421,21.5162317574013,77575.9381106674,37.0910725189145,4391.91177560966,19.2592316932541,22.7877753960637,0.0270658418209621,0.995806722488754,11.9665180498065,0.0593553936842162,-0.000135892805841253,0.0594912864900574
1963-02-01,65.92,2.14333,3.69667,30.4,3.92,663.813315789474,21.5832978478618,78814.3520320897,37.2254060995066,4419.76108504953,19.4691913096714,23.0293975022102,0.0259876756110333,1.00244649996477,11.9163391187803,0.0533693062376708,-0.0011864075961453,0.0545557138338161
1963-03-01,65.67,2.15,3.71,30.5,3.93,659.127636885246,21.5794795081967,78471.5332254034,37.2371483606557,4433.21742448982,19.2880646066048,22.8088753979348,0.0263211009520383,1.00000044570483,11.9063268930244,0.0514264223292693,-0.00198179133133858,0.0534082136606079
1963-04-01,68.76,2.16667,3.75333,30.5,3.97,690.14186557377,21.7467957516393,82379.6424189614,37.67205015,4496.77113554916,20.150077238227,23.8196564016447,0.02370316876971,1.00658900014092,11.9063321997318,0.0438872787977969,-0.00182737392014243,0.0457146527179393
1963-05-01,70.14,2.18333,3.79667,30.5,3.93,703.992880327869,21.9140116254098,84250.968799537,38.1070523090164,4560.49509141914,20.5075858649526,24.2324473499641,0.0228576784055509,0.998367744040837,11.9847830242736,0.0381264124453937,-0.00390372081834101,0.0420301332637347
1963-06-01,70.11,2.2,3.84,30.6,3.99,701.392125,22.0091666666667,84159.2183146335,38.416,4609.49077632567,20.384149993841,24.0771531733932,0.0225058370926698,1.00087479808259,11.926118762035,0.0354508587126445,-0.00388191725657339,0.0393327759692179
1963-07-01,69.07,2.20333,3.88,30.7,4.02,688.737017100977,21.9706809307818,82860.433115525,38.6897296416938,4654.67613273834,19.9692318859496,23.5788265120483,0.0235558256296666,1.00498499014623,11.8976704319394,0.0380775797658754,-0.00492693797628996,0.0430045177421654
1963-08-01,70.98,2.20667,3.92,30.7,4,707.782734527687,22.003986007329,85372.3856744639,39.0885928338762,4714.8457571696,20.4726379005277,24.1632142310572,0.022147006613098,0.996817680745307,11.9569802018056,0.031430477529298,-0.00849727649272025,0.0399277540220182
1963-09-01,72.85,2.21,3.96,30.7,4.08,726.429588762215,22.0371913680782,87843.0690910079,39.4874560260586,4774.99730405479,20.9603600907051,24.7271368169503,0.0202104267145887,1.00096003644384,11.9189292734814,0.0302991558658354,-0.00563940296868271,0.0359385588345181
1963-10-01,73.03,2.23333,3.98,30.8,4.11,725.860107954545,22.1975236875,87997.8901643552,39.5580340909091,4795.72234498335,20.8913445954115,24.6345542065668,0.0200215726228756,1.00261205678796,11.8916369063193,0.0334915360195573,-0.00358641335766152,0.0370779493772189
1963-11-01,72.62,2.25667,4,30.8,4.12,721.785034090909,22.4295047215909,87730.4573504301,39.7568181818182,4832.30280090499,20.7203993353397,24.4237017916345,0.0206925235710104,1.00262076785027,11.9226985372204,0.0258233365244942,-0.0035091369210144,0.0293324734455086
1963-12-01,74.17,2.28,4.02,30.9,4.13,734.805070388349,22.5880485436893,89541.7889747499,39.8262961165048,4853.14806092078,21.0385993767371,24.7890685536293,0.020191207824954,1.00019743863749,11.9152592555613,0.0158805221746099,-0.00361036627001088,0.0194908884446208
1964-01-01,76.45,2.29667,4.07333,30.9,4.17,757.393118932039,22.753198881068,92525.375427981,40.3546384975728,4929.84156300926,21.6272161969809,25.4718385790723,0.0184975625015437,1.00509862151504,11.9176117881141,0.0133926730124199,-0.00571292742445062,0.0191056004368705
1964-02-01,77.39,2.31333,4.12667,30.9,4.15,766.705735436893,22.9182501480582,93896.3455190715,40.8830799490291,5006.83850837559,21.8326708267103,25.7024724786952,0.0182624431049849,0.997794095108531,11.9783751799848,0.00808392390920165,-0.00670086804774828,0.0147847919569499
1964-03-01,78.8,2.33,4.18,30.9,4.22,780.674660194175,23.0834004854369,95842.6614203961,41.4114223300971,5084.03965402609,22.1672455859826,26.0839914102524,0.0168711303426404,1.0027078650726,11.9519520235834,0.00925395438851306,-0.00892037453455363,0.0181743289230667
1964-04-01,79.94,2.34667,4.23,30.9,4.23,791.968684466019,23.2485508228155,97467.0678359063,41.9067742718447,5157.43929129201,22.4221921697372,26.3708884034475,0.0166359081419299,1.00595478462254,11.9843162970175,0.00218086399417383,-0.0110901872130239,0.0132710512071977
1964-05-01,80.72,2.36333,4.28,30.9,4.2,799.696174757281,23.4136020898058,98658.209734385,42.4021262135922,5231.13401465768,22.5743307695638,26.5361129093941,0.0162576282415979,1.00593317102188,12.0556803194147,-0.0030149969916432,-0.0127671324616797,0.0097521354700365
1964-06-01,80.24,2.38,4.33,31,4.17,792.376470967742,23.5026919354839,97996.8071969801,42.7590991935484,5288.2125518809,22.3002880360828,26.2011517953562,0.0174296620172814,1.00185439153812,12.0880887043654,-0.00270486794236691,-0.0129466352054081,0.0102417672630412
1964-07-01,83.22,2.4,4.37667,31.1,4.19,819.161754019292,23.6239871382637,101552.93899152,43.0809982451768,5340.82794395597,22.9843518457384,26.9897151533315,0.0162217689668262,1.00349166666667,12.0715642240159,-0.018945039250054,-0.0148351505901706,-0.00410988865988338
1964-08-01,82,2.42,4.42333,31,4.19,809.756612903226,23.8976951612903,100633.853572745,43.6807404701613,5428.49687224305,22.6504072929388,26.5843222762942,0.0165365083749596,1.00268173845915,12.1527905995361,-0.0229906801013304,-0.017589435600864,-0.00540124450046642
1964-09-01,83.41,2.44,4.47,31.1,4.2,821.031986334405,24.0177202572347,102283.85626432,43.9996760450161,5481.46310396249,22.8922219842317,26.8540446177039,0.016674819662363,1.00431030423094,12.1461999154231,-0.0359631492826032,-0.0180518898642591,-0.0179112594183441
1964-10-01,84.85,2.46,4.49667,31.1,4.19,835.206378617363,24.2145868167202,104301.083737702,44.26219760209,5527.49032658591,23.2121546806753,27.2145407097143,0.0161727382471456,1.00673890969674,12.1985537323084,-0.0365286421433367,-0.0178516201730303,-0.0186770219703064
1964-11-01,85.44,2.48,4.52333,31.2,4.15,838.318384615385,24.3332115384615,104942.94181387,44.3819136081731,5555.84687494067,23.2250197930958,27.2146095650603,0.0168747669841811,1.00102629184091,12.2413972783017,-0.0343272727812611,-0.0168411208527636,-0.0174861519284976
1964-12-01,83.96,2.5,4.55,31.2,4.18,823.796951923077,24.5294471153846,103380.998450028,44.64359375,5602.47192648436,22.7529847727873,26.6483070341138,0.0178476602539032,1.00267302910239,12.2539605244498,-0.039680556761409,-0.0153788854250289,-0.0243016713363802
1965-01-01,86.12,2.51667,4.59333,31.2,4.19,844.990394230769,24.69300946875,106298.867412623,45.0687381274038,5669.59796391575,23.2693350819225,27.2378702227791,0.0167723964823475,1.00187256181264,12.2867157175512,-0.0347559375579608,-0.0158918834076737,-0.0188640541502871
1965-02-01,86.75,2.53333,4.63667,31.2,4.21,851.171814903846,24.8564737043269,107337.059806397,45.4939806225961,5737.0204621617,23.3720682727513,27.3421321278151,0.0163834974829707,1.00350833333333,12.3097233522067,-0.0264890220948198,-0.0154636660179664,-0.0110253560768534
1965-03-01,86.83,2.55,4.68,31.3,4.21,849.234850638977,24.9400998402556,107354.888208299,45.7724185303514,5786.25909034708,23.2535282000348,27.1872238820615,0.0169266847444027,1.00431826154085,12.3134437989451,-0.0221380649323537,-0.0175876572866177,-0.004550407645736
1965-04-01,87.97,2.57,4.73333,31.4,4.2,857.644464171974,25.0556584394904,108681.926389502,46.1465757826433,5847.75972078231,23.4205519547713,27.3652699838709,0.0170441420063457,1.00269044757299,12.3272323408529,-0.0222651252965739,-0.0207914079645328,-0.00147371733204105
1965-05-01,89.28,2.59,4.78667,31.4,4.21,870.416025477707,25.2506441082802,110567.006598846,46.6666025613057,5927.95445202169,23.708808308862,27.6832233044136,0.0164250168940264,1.00350833333333,12.360398113186,-0.0181372001150912,-0.0198184779262205,0.00168127781112926
1965-06-01,85.04,2.61,4.84,31.6,4.21,823.831727848101,25.2845814873418,104917.160825342,46.8878829113924,5971.29654744419,22.3853429864578,26.1227383770423,0.019564194009379,1.00431826154085,12.3252576838878,-0.0108932144798304,-0.0182870818908956,0.00739386741106518
1965-07-01,84.91,2.62667,4.88667,31.6,4.2,822.572342563291,25.4460734311709,105026.826853032,47.3400022286392,6044.41695887301,22.3007817121744,26.0086898401447,0.01945347062065,0.999459741346727,12.3784813701251,-0.0116709277278282,-0.0204976065169344,0.00882667878910626
1965-08-01,86.49,2.64333,4.93333,31.6,4.25,837.878717563291,25.6074684992089,107253.625030866,47.7920246700949,6117.67286360879,22.6659718459644,26.4173866398845,0.0182309926586958,1.00031544703994,12.3717937884505,-0.0210502768674981,-0.0222147108310548,0.0011644339635567
1965-09-01,89.38,2.66,4.98,31.6,4.29,865.875821202531,25.768960443038,111112.308461179,48.2441439873418,6190.86256586116,23.3741468316486,27.2222929417535,0.0161157469856558,0.998749098562118,12.3756964341798,-0.0258761315240096,-0.0222977334930992,-0.00357839803091042
1965-10-01,91.39,2.68,5.05,31.7,4.35,882.55495977918,25.880810725552,113529.395597533,48.7679455835962,6273.37178868085,23.7757455233127,27.667414224244,0.0151142421636239,0.99561893894703,12.3212244411296,-0.0237788032011569,-0.0198213685844187,-0.00395743461673814
1965-11-01,92.15,2.7,5.12,31.7,4.45,889.894294164038,26.0739511041009,114753.013659286,49.4439369085173,6375.85925052136,23.9254611566737,27.8180713692987,0.0138510501597456,0.990204342964329,12.2672444046057,-0.0235618366991486,-0.0188440077244042,-0.00471782897474438
1965-12-01,91.73,2.72,5.19,31.8,4.62,883.052691037736,26.1844905660377,114152.157115374,49.9623183962264,6458.6252635865,23.6941115491063,27.5256119121098,0.0132581721519263,1.00464471834902,12.1088803249988,-0.0245608214208238,-0.0169331795341379,-0.00762764188668597
1966-01-01,93.32,2.74,5.24,31.8,4.61,898.359066037736,26.3770235849057,116414.957424485,50.4436509433962,6536.80215285364,24.0584833884217,27.9234382746052,0.01271897308905,0.986533803844446,12.1651226636304,-0.0177341607901368,-0.0151723253423415,-0.00256183544779531
1966-02-01,92.69,2.76,5.29,32,4.83,886.71743671875,26.403496875,115191.490113147,50.60670234375,6574.20415037812,23.7000271455794,27.4829944034608,0.0117856163746189,1.00088388364156,11.9262965809882,-0.0130168977055533,-0.013276141473607,0.000259243768053752
1966-03-01,88.88,2.78,5.34,32.1,4.87,847.620317757009,26.511976635514,110399.479668967,50.9258831775701,6632.91203231641,22.61111258229,26.2003007597452,0.0137352579083526,1.01353372619349,11.8996516281026,-0.00819908869336972,-0.0121873419480564,0.00398825325468666
1966-04-01,91.6,2.79667,5.38,32.3,4.75,868.151052631579,26.5058079078947,113361.22407058,50.9896578947368,6658.11556222402,23.1136964626158,26.7604089483114,0.0142268473638457,1.0015927472648,11.986019008874,-0.010094733642359,-0.0114649867189276,0.00137025307656857
1966-05-01,86.78,2.81333,5.42,32.3,4.78,822.468868421053,26.66370525,107686.287145791,51.3687631578947,6725.73952904111,21.8521779767631,25.2836016102721,0.016046646835389,1.00162100312871,12.0051097078663,-0.0060843084754334,-0.0140189001375954,0.00793459166216204
1966-06-01,86.06,2.83,5.46,32.4,4.81,813.127550925926,26.7389143518519,106754.968494384,51.5881527777778,6772.97383197001,21.5552533832263,24.9254885708724,0.0159404666727736,0.987630336015512,11.9874571578057,-0.00485358437553796,-0.0134799289320997,0.00862634455656175
1966-07-01,85.84,2.85,5.47667,32.5,5.02,808.553372307692,26.8450269230769,106448.133123096,51.5864398592308,6791.48761918993,21.3817020074334,24.7117933451028,0.0137851891438652,0.988726961275129,11.8027481058407,-0.0024684475548129,-0.0116197503561316,0.00915130280131871
1966-08-01,80.65,2.87,5.49333,32.7,5.22,755.020883027523,26.8680711009174,99695.2139819057,51.4268923417431,6790.56056817386,19.9139038640098,23.0088666656322,0.0162288731249066,1.00744691423544,11.5983209863904,0.00300321573258922,-0.00935970950528786,0.0123629252378771
1966-09-01,77.81,2.89,5.51,32.7,5.18,728.433662844036,27.0553050458716,96482.2632440512,51.5829518348624,6832.24868878964,19.161676250615,22.1369985006881,0.0182279810908122,1.01758110918732,11.6846926880512,0.00837259612159347,-0.00857522952768197,0.0169478256492754
1966-10-01,77.13,2.88333,5.52333,32.9,5.01,717.678239361702,26.8287721755319,95353.8156538913,51.3934104734042,6828.34941806829,18.8254093713157,21.7469315665799,0.021110043424481,0.992550976626327,11.8178421658011,0.00585973462479461,-0.00835337518485435,0.014213109809649
1966-11-01,80.99,2.87667,5.53667,32.9,5.16,753.594718085106,26.7668022925532,100422.196095965,51.5175363351064,6865.10137620254,19.711251211929,22.7657191802914,0.017222795263778,1.02946352649982,11.7298107832817,0.000129340791830801,-0.00634079836233326,0.00647013915416406
1966-12-01,81.33,2.87,5.55,32.9,4.84,756.758345744681,26.7047393617021,101140.324118835,51.6415691489362,6901.86645591457,19.736473752792,22.7902190811352,0.0199884848035661,1.02472459318729,12.0754123741327,0.00279830914476076,-0.00603302762158242,0.00883133676634318
1967-01-01,84.45,2.88,5.51667,32.9,4.58,785.789281914894,26.7977872340425,105318.751378632,51.3314405904255,6879.91469707466,20.4322421253843,23.5869858392679,0.0208631273059864,0.999846733487985,12.3739720326519,-0.0023003099633071,-0.0107974328258174,0.00849712286251025
1967-02-01,87.36,2.89,5.48333,32.9,4.63,812.866212765957,26.890835106383,109248.198773171,51.0212189840425,6857.18779508803,21.0744431636784,24.3200195448243,0.018503704565099,1.0110339143297,12.3720755171187,-0.00933588052318435,-0.0124471134649962,0.00311123294181181
1967-03-01,89.42,2.9,5.45,33,4.54,829.512759090909,26.9021136363636,111786.774565289,50.5574204545454,6813.2176401345,21.4438986020191,24.7373455830708,0.0185283217665798,0.999806078308982,12.4706831265205,-0.0123251214475457,-0.01377168175998,0.00144656031243429
1967-04-01,90.96,2.9,5.41,33.1,4.59,841.249468277945,26.8208383685801,113669.639051631,50.0347364048338,6760.6942311931,21.6860255667462,25.0072948029465,0.0174501853176735,0.983389010386437,12.4305963168729,-0.0159759493259649,-0.0130506027998282,-0.00292534652613674
1967-05-01,92.59,2.9,5.37,33.2,4.85,853.74533810241,26.7400527108434,115659.174166581,49.5152010542169,6707.95728776907,21.9484773896584,25.3001290342927,0.0142416986644146,0.990783287885573,12.1872921966757,-0.0181037099513581,-0.01160589847041,-0.00649781148094808
1967-06-01,91.43,2.9,5.33,33.3,5.02,840.517637387387,26.6597522522523,114168.154374227,48.998786036036,6655.54263168139,21.5520976097935,24.8352079347131,0.0133229367744811,0.993334244851239,12.038704275588,-0.0165935175269929,-0.00919297698823085,-0.00740054053876205
1967-07-01,93.01,2.90667,5.32,33.4,5.16,852.482598053892,26.6410664797904,116094.920516461,48.7604281437126,6640.41476344018,21.8041962456664,25.1174006949741,0.0109701751184916,0.995051474927369,11.9226534564451,-0.0174668251695804,-0.00846909505273263,-0.00899773011684779
1967-08-01,94.49,2.91333,5.31,33.5,5.28,863.462312686567,26.6224008828358,117892.31739073,48.5234932835821,6625.12652497384,22.030627049126,25.3695247539693,0.00960279200218973,1.00285998101666,11.8282400146242,-0.0213502055625495,-0.00788624282947159,-0.0134639627330779
1967-09-01,95.81,2.92,5.3,33.6,5.3,872.918921875,26.6039375,119486.166022333,48.28796875,6609.7138077274,22.2191454886648,25.5774287107021,0.00932084732388695,0.990669324032179,11.8267647810607,-0.0241328787929649,-0.00717234204675143,-0.0169605367462135
1967-10-01,95.66,2.92,5.31,33.7,5.48,868.966072700296,26.5249940652819,119247.659748939,48.2355200296736,6619.32963900132,22.0681991941839,25.3950230558305,0.00813105703356019,0.984195899942874,11.6816462667756,-0.0264164141012712,-0.00691066362363357,-0.0195057504776376
1967-11-01,92.66,2.92,5.32,33.8,5.75,839.224087278106,26.4465177514793,115468.622628252,48.1833816568047,6629.53887742608,21.2631029683363,24.4629653605624,0.00708937782619758,1.00857255270606,11.4630134835378,-0.022791959816528,-0.00530796746170936,-0.0174839923548187
1967-12-01,95.3,2.92,5.33,33.9,5.7,860.588517699115,26.3685044247788,118710.485323113,48.1315508849557,6639.31675521712,21.7515978087236,25.0182840162064,0.00683384058863793,1.01770421805666,11.5271766977255,-0.0258815124930902,-0.00631284525280262,-0.0195686672402876
1968-01-01,95.04,2.93,5.36667,34.1,5.53,853.206967741935,26.3036239002932,117994.629020203,48.1784536781525,6662.86022436713,21.5115358963322,24.7366829899269,0.0089313505399881,1.00232539809892,11.6624513249933,-0.0292678669783917,-0.00931202707434087,-0.0199558399040508
1968-02-01,90.75,2.94,5.40333,34.2,5.56,812.312006578947,26.3162236842105,112642.327031383,48.3657282039474,6706.81724428082,20.4249923762142,23.4862900747309,0.0114023575313542,0.991046694274677,11.6553911344808,-0.0263206376922615,-0.00970009047706588,-0.0166205472151956
1968-03-01,89.09,2.95,5.44,34.3,5.74,795.12825,26.32875,110563.724217605,48.552,6751.22527493287,19.9347113082957,22.9237902606356,0.0103943693232842,1.01236562956632,11.5173603620189,-0.0250148949914358,-0.00871054341231381,-0.016304351579122
1968-04-01,95.67,2.96333,5.48333,34.4,5.64,851.372614098837,26.3708373422965,118690.158990813,48.796456528343,6802.73136300924,21.2773560156717,24.4658073049876,0.0081724569389256,0.987440698389178,11.6258850651926,-0.0280887777353899,-0.010493246848305,-0.0175955308870849
1968-05-01,97.87,2.97667,5.52667,34.5,5.87,868.426041304348,26.4127694326087,121374.434475828,49.03958465,6853.95367103837,21.6302271427799,24.8693137487858,0.00540115608320529,1.01622408882118,11.4465970766642,-0.0259576464920556,-0.0105419482269162,-0.0154156982651393
1968-06-01,100.5,2.99,5.57,34.7,5.72,886.622874639769,26.3781332853026,124224.916637543,49.1391981268011,6884.90334001111,22.0046234313465,25.2969030180349,0.00670308704969697,1.02155374958387,11.5652626832738,-0.0286096205249908,-0.0126685935596257,-0.0159410269653651
1968-07-01,100.3,3.00333,5.6,34.9,5.5,879.787628939828,26.3438941138968,123574.816307882,49.1207449856733,6899.49123952284,21.753537415671,25.0067146752748,0.0096611769330873,1.0107099146729,11.7468323732958,-0.0288994651085006,-0.0154431548062424,-0.0134563103022582
1968-08-01,98.11,3.01667,5.63,35,5.42,858.119115,26.385304155,120840.100234228,49.242795,6934.35699030378,21.1377667936179,24.2995580603934,0.0124438837963787,1.00145892996569,11.8387181172744,-0.0202599536456709,-0.0144545472413774,-0.0058054064042935
1968-09-01,101.3,3.03,5.66,35.1,5.46,883.496175213675,26.426391025641,124723.804046413,49.3641495726496,6968.77325669002,21.6802756332929,24.9224603421865,0.011150936161089,0.995426521203079,11.8222122286663,-0.0236989169817403,-0.0144382375454956,-0.00926067943624476
1968-10-01,103.8,3.04333,5.69333,35.3,5.58,900.170949008498,26.3922664185552,127388.278748293,49.3735093364023,6987.12436460521,22.0046069279569,25.2936451181192,0.00985058948928794,0.99557587350546,11.7014685571919,-0.0293677123627971,-0.0150637637870135,-0.0143039485757837
1968-11-01,105.4,3.05667,5.72667,35.4,5.7,911.46436440678,26.433071904661,129298.198241919,49.5223494470339,7025.1244110631,22.1955292271582,25.5110363614966,0.00819587932479406,0.980164079378579,11.6167910236819,-0.0366432281728827,-0.0151841248135036,-0.0214591033593791
1968-12-01,106.5,3.07,5.76,35.5,6.03,918.3825,26.4735612676056,130592.545186476,49.6702647887324,7063.03342980376,22.2778729954349,25.6034819250147,0.00536970089058741,1.0042803063247,11.3542870219364,-0.0361943724978894,-0.0139368818149388,-0.0222574906829506
1969-01-01,102,3.08,5.78,35.6,6.04,877.106882022472,26.4851882022472,125037.063317276,49.7027233146067,7085.43358797897,21.1949680728472,24.3596714743407,0.00749766217486102,0.993937747882324,11.3708562674537,-0.0288721016447752,-0.0147884674621652,-0.0140836341826099
1969-02-01,101.5,3.09,5.8,35.8,6.19,867.931319832402,26.4227367318436,124042.923471923,49.5960754189944,7088.16705553846,20.8957299019872,24.0166744269946,0.0075981495746427,0.997061476841743,11.2387840338215,-0.0302551301555654,-0.0140401400796157,-0.0162149900759496
1969-03-01,99.3,3.1,5.82,36.1,6.3,842.062624653739,26.2879570637119,120658.908797726,49.3535193905817,7071.851452193,20.2022876164817,23.2216771044076,0.00899373953594051,1.01487478429941,11.1126359589666,-0.0262945360144824,-0.013303355333954,-0.0129911806805284
1969-04-01,101.3,3.11,5.82667,36.3,6.17,854.289690082644,26.2274524793388,122724.098453769,49.1378490475207,7058.96172495184,20.4286080819322,23.4826218680824,0.0099570996914372,0.994110352163324,11.2157966443232,-0.0267142145027811,-0.0149734244322764,-0.0117407900705047
1969-05-01,104.6,3.12,5.83333,36.4,6.32,879.696057692307,26.2395,126688.00575708,49.0588661971154,7065.13331379493,20.9722582719721,24.1062595918103,0.00746956438786827,0.98708467973815,11.1191083992653,-0.0328777911861952,-0.0150617747338561,-0.0178160164523391
1969-06-01,99.14,3.13,5.84,36.6,6.57,829.220774590164,26.179756147541,119733.075724212,48.8465737704918,7053.06800715555,19.7133415837576,22.660788139262,0.00822301040327394,0.994638161265728,10.9155261349387,-0.0261559920870978,-0.0114152510351587,-0.0147407410519391
1969-07-01,94.71,3.13667,5.85667,36.8,6.72,787.862378396739,26.0929604735054,114075.211225391,48.7197756908967,7054.17450456562,18.6817082071928,21.4788157800671,0.0097308502568546,1.00777025094341,10.7979934156029,-0.0211221864763698,-0.0109592316541782,-0.0101629548221915
1969-08-01,94.18,3.14333,5.87333,37,6.69,779.218593243243,26.0070203939189,113137.468870848,48.5942656641892,7055.57114082838,18.4295155902077,21.1933492892697,0.0113181819725678,0.972272360921935,10.8230754717808,-0.0164423305545108,-0.0119105860022176,-0.00453174455229322
1969-09-01,94.51,3.15,5.89,37.1,7.16,779.841240566038,25.9919575471698,113542.36180097,48.6008349056604,7076.12433613071,18.398046344677,21.1616486293704,0.00663729658091331,1.01022929598738,10.4946133215965,-0.0163463100109653,-0.0111069749160491,-0.00523933509491625
1969-10-01,95.52,3.15333,5.85333,37.3,7.1,783.949029490616,25.879920363941,114454.445302999,48.0392836347185,7013.60592886726,18.4486620318154,21.2239129180137,0.007289815133966,1.00307990740078,10.54511882578,-0.0212596026719445,-0.0176683683691585,-0.00359123430278596
1969-11-01,96.21,3.15667,5.81667,37.5,7.14,785.400714,25.769159878,114979.906319077,47.483803878,6951.46213168055,18.4377600846911,21.2156814393389,0.0074696523355253,0.970579260510899,10.5211829656121,-0.0229257783031014,-0.0196185852457972,-0.0033071930573042
1969-12-01,91.11,3.16,5.78,37.7,7.65,739.821658488063,25.6594933687003,108620.330968733,46.9341366047745,6890.85186038059,17.3269299137427,19.9451447524721,0.00639192188665617,0.996724303108052,10.157468815448,-0.0141370359892348,-0.0147714646294426,0.000634428640207796
1970-01-01,90.31,3.16333,5.73,37.8,7.79,731.385569444444,25.6185794861111,107695.190122171,46.4050416666667,6833.0576835349,17.0905413951402,19.6815965388798,0.00641124337426516,1.04532620308363,10.0974124390477,-0.0114776213984287,-0.0171996570727386,0.00572203567430996
1970-02-01,87.16,3.16667,5.68,38,7.24,702.159813157895,25.5106518532895,103704.783930758,45.7580052631579,6758.18233968226,16.3725867871599,18.8653008672281,0.0146688816937859,1.01812673523238,10.4995367016376,-0.00485491164492313,-0.0307953245496435,0.0259404129047204
1970-03-01,88.65,3.17,5.63,38.2,7.07,710.424159031413,25.4037742146597,105238.043538183,45.1177441099476,6683.47642549318,16.5316908139436,19.0587957329825,0.0163197793328026,0.983445015694792,10.6338911752003,-0.0168829742417587,-0.0343353225967363,0.0174523483549777
1970-04-01,85.95,3.17333,5.59333,38.5,7.39,683.419704545454,25.2323007681818,101549.243319747,44.4746007681818,6608.47503359675,15.8730678193541,18.311411111344,0.0160842521965371,0.970498948808821,10.3763575546758,-0.0156181912689616,-0.0250135089943201,0.00939531772535851
1970-05-01,76.06,3.17667,5.55667,38.6,7.91,603.213928756477,25.1934208659326,89943.4349811433,44.0686397778497,6570.94381878345,13.9838360607892,16.1495701461536,0.0196620321403036,1.01140655623401,10.0441553839942,0.000329113467161246,-0.0143476372635841,0.0146767507307454
1970-06-01,75.59,3.18,5.52,38.8,7.84,596.396333118557,25.089831185567,89238.6394135031,43.5521597938144,6516.69916076911,13.7996917977252,15.955062559858,0.021499547604048,1.03310728424412,10.1063600473739,0.00668458017734519,-0.0127555332157169,0.0194401133930621
1970-07-01,75.72,3.18333,5.46667,39,7.46,594.358315384615,24.9873039634615,89245.2616669651,42.9102056519231,6443.13780503101,13.7264997443598,15.8889353325004,0.0262143262541406,1.00133640305162,10.3874108273555,0.0115743139559907,-0.0175510107881467,0.0291253247441374
1970-08-01,77.92,3.18667,5.41333,39,7.53,611.627046153846,25.0135210365385,92151.2201389718,42.491517425,6402.0144316594,14.1004565168155,16.3395083291686,0.0235822314931708,1.0160954098002,10.4012925948836,0.0110893055109327,-0.0226392345063846,0.0337285400173173
1970-09-01,82.58,3.19,5.36,39.2,7.39,644.8981875,24.91190625,97476.8209344638,41.85825,6326.90433771768,14.8426611452422,17.2151255412523,0.0219618527275963,1.01037814824441,10.5147836939885,0.00739950405437662,-0.0259825145424316,0.0333820185968082
1970-10-01,84.37,3.17333,5.28333,39.4,7.33,655.532415609137,24.6559284156091,99394.7555269414,41.0500661059645,6224.19454448448,15.0641854040896,17.486678518763,0.0214019346116501,1.04132119195279,10.5699792125525,0.00777861855123585,-0.0278461649421434,0.0356247834933793
1970-11-01,84.28,3.15667,5.20667,39.6,6.84,651.525901515151,24.4026135208333,99095.6060613712,40.2501229905303,6121.95205519173,14.9507619087917,17.3698489853078,0.0273263452286598,1.03869077646346,10.9511537396398,0.0118102797955617,-0.0362803504825591,0.0480906302781208
1970-12-01,90.05,3.14,5.13,39.8,6.39,692.632697864322,24.1517675879397,105653.975254994,39.4581425879397,6018.93273801352,15.8738406872057,18.4545155480062,0.0284552874211245,1.0163958032214,11.3177022685299,0.00315557515298415,-0.0401870951087212,0.0433426702617054
1971-01-01,93.49,3.13,5.16,39.8,6.24,719.091959170854,24.0748511306533,109996.093560633,39.688891959799,6071.02195713839,16.4617939434919,19.1490027482598,0.0277052817049827,1.01485068061262,11.5032650878431,-0.00167091234300165,-0.040063139342521,0.0383922269995194
1971-02-01,97.11,3.12,5.19,39.9,6.11,745.063697368421,23.9377894736842,114274.00495944,39.8195921052632,6107.32247697963,17.0345347815021,19.8245742326876,0.0272211759431781,1.03609493218968,11.6448380166883,-0.00958636707148319,-0.044520392764296,0.0349340256928128
1971-03-01,99.6,3.11,5.22,40,5.7,762.257475,23.801413125,117215.308821387,39.94963875,6143.21196834981,17.4029026071889,20.2616031581517,0.0303363393714742,0.994977157563582,12.0349947611223,-0.00875342805645962,-0.0469064464454547,0.0381530183889951
1971-04-01,103,3.10667,5.25333,40.1,5.83,786.31253117207,23.7166364195761,121218.265403001,40.1044583435162,6182.51990475287,17.9241104479596,20.8754853347123,0.0276226143011826,0.963803144845474,11.9446831707871,-0.0114716032578184,-0.0486959502765631,0.0372243470187448
1971-05-01,101.6,3.10333,5.28667,40.3,6.39,771.775533498759,23.5735646296526,119280.078362571,40.1586866110422,6206.63791217572,17.5641532796994,20.4638911472646,0.0236786141754116,0.995849332459887,11.4551900865488,-0.0122610234541203,-0.0465065387697249,0.0342455153156046
1971-06-01,99.72,3.1,5.32,40.6,6.52,751.897396551724,23.3742672413793,116508.902974268,40.1132586206896,6215.67753533,17.0831668800707,19.9119390631136,0.0247462987950417,0.990268478088003,11.3233504693571,-0.00996683584788149,-0.0419374978917916,0.0319706620439101
1971-07-01,99,3.09667,5.35667,40.7,6.73,744.634459459459,23.2917898138821,115684.249110757,40.2905158581081,6259.41764327391,16.8894147086934,19.6949416901505,0.0228817391519167,1.01651268059881,11.1856062817587,-0.0123612564954273,-0.0448901315150965,0.0325288750196692
1971-08-01,97.24,3.09333,5.39333,40.8,6.58,729.603875,23.20964165625,113649.623001645,40.46682915625,6303.47512570404,16.5194494430516,19.2730188708827,0.0263051657084271,1.03810330920287,11.3424422171974,-0.0105667923166085,-0.0490766599719946,0.0385098676553861
1971-09-01,99.4,3.09,5.43,40.8,6.14,745.810625,23.18465625,116475.085399901,40.74196875,6362.77377989402,16.856792547836,19.6749104943883,0.0291493536373799,1.02083268481494,11.7746268001149,-0.0224577441579947,-0.0541973526794552,0.0317396085214605
1971-10-01,97.29,3.08333,5.52,40.9,5.93,728.194241442543,23.0780465666259,114024.237605173,41.3159853300733,6469.4602896552,16.4288627091595,19.1843973447517,0.0330470461041714,1.01397088364433,11.9905353220894,-0.0189054545665327,-0.0541098709345277,0.035204416367995
1971-11-01,92.78,3.07667,5.61,40.9,5.81,694.437883863081,23.0281979321516,109038.99007367,41.9896155256724,6593.10987619409,15.6387126543266,18.2719221826492,0.037322442309907,0.995861084867653,12.1580536959075,-0.0118648291712324,-0.0459066088945221,0.0340417797232897
1971-12-01,99.17,3.07,5.7,41.1,5.93,738.653629562044,22.8664580291971,116280.844717168,42.4556386861314,6683.4810415232,16.6035572129253,19.4058294010671,0.0329099016947901,1.00344624801102,12.048814136948,-0.0173583700374462,-0.0459896039965342,0.028631233959088
1972-01-01,103.3,3.07,5.73667,41.1,5.95,769.415346715328,22.8664580291971,121423.412074117,42.7287699616788,6743.13693459078,17.2629967970352,20.1808217270519,0.0304092139454324,0.995294667571563,12.0903373387025,-0.0267148735960108,-0.0499178932246266,0.0232030196286158
1972-02-01,105.2,3.07,5.77333,41.3,6.08,779.772711864407,22.7557245762712,123357.196082594,42.7935854618644,6769.78898155439,17.4641476054862,20.4188986054609,0.0285995637987667,1.00581035894656,11.9751749250525,-0.0304334393855732,-0.0473722100817314,0.0169387706961582
1972-03-01,107.7,3.07,5.81,41.4,6.07,796.375163043478,22.700759057971,126282.908010824,42.9613713768116,6812.47628173525,17.8056438496149,20.8197152404297,0.0278510060760884,0.996181864972526,12.0156613787284,-0.0352874539234623,-0.0436055402341734,0.00831808631071107
1972-04-01,108.8,3.07,5.86333,41.5,6.19,802.570409638554,22.6460584337349,127564.554291038,43.2512422789157,6874.56873264038,17.9151616784983,20.9484282762121,0.0262143352604341,1.00960850451528,11.9409411082216,-0.0315226165651263,-0.0423646179706347,0.0108420014055084
1972-05-01,107.7,3.07,5.91667,41.6,6.13,792.546436298077,22.5916207932692,126270.529273631,43.5397931592548,6936.87142467425,17.6626462003726,20.6540751962293,0.0278608277190406,1.00659305342758,12.0266957051257,-0.0308969149421381,-0.0415774270225443,0.0106805120804062
1972-06-01,108,3.07,5.97,41.7,6.11,792.848201438849,22.5374442446043,126617.834216962,43.8268866906475,6999.15250254871,17.6408573157403,20.6291059588156,0.0283786967244542,1.00509166666667,12.0769572053386,-0.0375913440646756,-0.045548115657706,0.00795677159303043
1972-07-01,107.2,3.07333,6.02667,41.9,6.11,783.218806682577,22.4541964099045,125378.84803541,44.0317284110978,7048.66550456685,17.3986900311382,20.3466111672932,0.0293204527287235,0.997701224574197,12.0805089548652,-0.0369041667214333,-0.0431811122579292,0.00627694553649594
1972-08-01,111,3.07667,6.08333,42,6.21,809.05125,22.4250784625,129813.297894767,44.3398715375,7114.38855389347,17.9434046880298,20.9826409007406,0.0268219065251014,0.980425513461676,12.0240415811348,-0.03968234265176,-0.0372470633481834,-0.00243527930357657
1972-09-01,109.4,3.08,6.14,42.1,6.55,795.495213776722,22.396026128266,127937.670607987,44.6466235154394,7180.41405423253,17.6138545529121,20.5969018784486,0.0243698975161608,1.01056970258449,11.7606755326576,-0.0274370415822575,-0.0304107030494082,0.00297366146715072
1972-10-01,109.6,3.10333,6.23333,42.3,6.48,793.181418439716,22.458975285461,127866.550334504,45.1109628741135,7272.21171712202,17.5331838541586,20.5023879384575,0.0258208501372248,1.02013471181836,11.8287886051348,-0.0193714234420521,-0.0222825548038912,0.00291113136183907
1972-11-01,115.1,3.12667,6.32667,42.4,6.28,831.020642688679,22.5745205288915,134269.770068055,45.6784827930424,7380.36947173292,18.3388947149681,21.4418950931275,0.0255591437147356,0.999360456003434,12.0384980485981,-0.0196464527480458,-0.0207989281502068,0.00115247540216101
1972-12-01,117.5,3.15,6.42,42.5,6.36,846.3525,22.68945,137052.46936575,46.24326,7488.31364534564,18.6457194420737,21.7968163491006,0.0241054124070635,0.997991541094541,12.0024911373271,-0.0199361000495764,-0.0191871307220977,-0.000748969327478699
1973-01-01,118.4,3.15667,6.54667,42.6,6.46,850.833239436619,22.6841196109155,138084.158433498,47.0449699630282,7635.06264773506,18.7125304673024,21.8703385327109,0.0231569808941731,0.992332922896222,11.9502663533421,-0.0170929714051177,-0.0176235367149267,0.000530565309808995
1973-02-01,114.2,3.16333,6.67333,42.9,6.64,814.912832167832,22.5730140926573,132559.819445261,47.6198095472028,7746.19457004067,17.8898895991938,20.9058826789869,0.0245404424460053,1.00047390085115,11.7757151681934,-0.0110896569389608,-0.0169802195076448,0.00589056256868403
1973-03-01,112.4,3.17,6.8,43.3,6.71,794.658914549653,22.4116437644342,129568.969448294,48.0754503464203,7838.69210185407,17.4121420582903,20.3452544413237,0.0259950098735119,1.0084879014747,11.6724615493145,-0.00506317565420422,-0.013986529408438,0.00892335375423381
1973-04-01,110.3,3.18667,6.94333,43.6,6.67,774.446404816514,22.3744798262615,126577.336826876,48.7510150131881,7967.98023671941,16.9357400660508,19.7873255229584,0.028725870505723,0.992628713279005,11.6905394438326,0.000659908404376353,-0.0133201973330003,0.0139801057373766
1973-05-01,107.2,3.20333,7.08667,43.9,6.85,747.536856492027,22.3377540905467,122483.421710495,49.4174161828018,8097.01110198803,16.3143387596686,19.0611457290069,0.029885823859599,1.00212469579921,11.525064225038,0.00769973855935024,-0.0115383857000909,0.0192381242594412
1973-06-01,104.8,3.22,7.23,44.2,6.9,725.840769230769,22.3015961538461,119233.040585905,50.0747019230769,8225.71453660391,15.808323047682,18.4706016781037,0.0317147663098105,0.989431462657055,11.4711608596736,0.0118665240778284,-0.0133512400603214,0.0252177641381498
1973-07-01,105.8,3.23667,7.38333,44.3,7.13,731.11262979684,22.3664491066591,120405.219083925,51.0212269655756,8402.56584327898,15.8895185739888,18.5655165828225,0.0289874919477448,0.987010587626031,11.3243068639965,0.0111858986483295,-0.0147084961704516,0.0258943948187811
1973-08-01,103.8,3.25333,7.53667,45.1,7.4,704.568392461197,22.082788904102,116336.774627825,51.157027614745,8446.93525273881,15.2785010947061,17.852222658614,0.0306626418683665,1.02819994181188,10.9789453927379,0.0118959062608102,-0.0137275632925381,0.0256234695533483
1973-09-01,105.6,3.27,7.69,45.2,7.09,715.200530973451,22.1468346238938,118397.066185712,52.0823113938053,8621.90756598602,15.4753086018056,18.0820837279354,0.0331604561310764,1.02751494780542,11.263576343584,0.0129162795818476,-0.0146342665511741,0.0275505461330217
1973-10-01,109.8,3.30667,7.84667,45.6,6.79,737.122796052631,22.1987416759868,122332.401668443,52.6772252286184,8742.27674134537,15.9135163089334,18.5920780710811,0.0349589961349518,1.00999114911771,11.4719711898434,0.00996292906679219,-0.0151512888432678,0.02511421791006
1973-11-01,102,3.34333,8.00333,45.9,6.73,680.283333333333,22.2981536944444,113207.745013998,53.3777648055555,8882.73472453807,14.6518451597106,17.1197429771395,0.0416523287602511,1.00488651711926,11.5108600224224,0.0164549750036298,-0.0155972695618748,0.0320522445655046
1973-12-01,94.78,3.38,8.16,46.2,6.74,628.025204545454,22.3963409090909,104821.918057848,54.0692727272727,9024.55002481576,13.4933296862059,15.7711022106452,0.0477529280537835,0.987769478090497,11.4919969458302,0.0240770502202341,-0.0153766352722504,0.0394536854924845
1974-01-01,96.11,3.4,8.22667,46.6,6.99,631.371545600858,22.335482832618,105691.109129412,54.0431313395923,9046.77844908607,13.5307218925139,15.8191415184646,0.045945965557319,1.00796949723757,11.2540065393454,0.0242294438662571,-0.0120159770172329,0.03624542088349
1974-02-01,93.45,3.42,8.29333,47.2,6.96,606.093535487288,22.1812722457627,101769.017078735,53.7884826181144,9031.61094071256,12.9573212802054,15.1542921463387,0.0508503679227041,0.988124684107606,11.1994957966768,0.0222301865028163,-0.0120366196685873,0.0342668061714035
1974-03-01,97.44,3.44,8.36,47.8,7.21,624.038987447699,22.0309330543933,105090.500902651,53.5402907949791,9016.38534016996,13.3103642391402,15.5711221422643,0.0476220163978608,0.985074655154589,10.9275882264283,0.0192050133382453,-0.0115493153486871,0.0307543286869324
1974-04-01,92.46,3.46,8.48667,48,7.51,589.678096875,22.066690625,99613.6744443059,54.1250639671875,9143.28771897315,12.5504110485409,14.6883099965563,0.0496075047546469,1.00138869967763,10.7196381613043,0.024697271508143,-0.0108464363540056,0.0355437078621487
1974-05-01,89.67,3.48,8.61333,48.6,7.58,564.824134259259,21.9202407407407,95723.7019733299,54.2546744768518,9194.82361902466,11.9954369473297,14.0459300804447,0.053892868651376,1.00910417236108,10.6019995252969,0.0282305605523798,-0.0132707568672152,0.0415013174195951
1974-06-01,89.79,3.5,8.74,49,7.54,560.963025,21.86625,95378.155232332,54.60315,9283.94115971246,11.888498820079,13.9277225934197,0.0555624536192131,0.987687426683729,10.6111870832343,0.0263903108821162,-0.0133447680120553,0.0397350788941715
1974-07-01,79.31,3.53,8.86333,49.4,7.81,491.477166497976,21.8751027327935,83873.7147154008,54.9252845055668,9373.35029439482,10.3941418053271,12.188506545696,0.0654696604756188,0.990824376437081,10.3956734241026,0.0383215556718377,-0.00952037063792099,0.0478419263097587
1974-08-01,76.03,3.56,8.98667,50,8.04,465.4974765,21.796278,79750.0876610183,55.0213364085,9426.38064291258,9.82419572314119,11.5329424349545,0.0703541005574878,1.0067,10.176683198423,0.0523983758513105,-0.00321272735301659,0.0556111032043271
1974-09-01,68.12,3.59,9.11,50.6,8.04,412.122634387352,21.7193226284585,70915.8718209382,55.1150499011858,9483.9047605512,8.68042130564633,10.2062226450775,0.0846802108203166,1.01630476368705,10.1233863397751,0.0658078802193771,-0.00100041897190384,0.066808299191281
1974-10-01,69.44,3.59333,9.03667,51.1,7.9,415.997917808219,21.5267540034246,71891.3941034679,54.13646175,9355.68554655797,8.74498383380958,10.2971906943896,0.0862625431637185,1.02182139156075,10.1877760380616,0.0636121589678544,0.00114493903487123,0.0624672199329832
1974-11-01,71.74,3.59667,8.96333,51.5,7.68,426.43857961165,21.3794096199029,74003.6082717455,53.2800350402912,9246.14945818768,8.9489845127556,10.5515150103352,0.0863379636251036,1.02390579811942,10.32923243967,0.061895250998548,0.00416119565417006,0.0577340553443779
1974-12-01,67.07,3.6,8.89,51.9,7.43,395.60638583815,21.2342774566474,68960.1094020411,52.4368684971098,9140.5303799634,8.28906005592308,9.78948323119963,0.0985481576756123,1.00130500911284,10.4946491470658,0.0686608257196788,0.00393936031915065,0.0647214654005281
1975-01-01,72.56,3.62333,8.74333,52.1,7.5,426.345708253359,21.2898455772553,74627.694549739,51.3737764793666,8992.4829187923,8.92099550840425,10.5498895182302,0.0897071037620605,1.01396603627158,10.4680056244843,0.0649319145396332,0.00566814043956354,0.0592637741000697
1975-02-01,80.1,3.64667,8.59667,52.5,7.39,467.0631,21.26373277,82065.0479124979,50.12718277,8807.56723393175,9.76224671616647,11.5560487335425,0.0819527956867836,0.982659756894337,10.53333205895,0.0603150453600441,0.00474984436928194,0.0555652009907621
1975-03-01,83.78,3.67,8.45,52.7,7.73,486.667209677419,21.3185564516129,85821.7235372936,49.0849596774193,8655.92699797244,10.163796767444,12.0416594813629,0.0745692363572816,0.972624397697678,10.3113999965388,0.0546784902624928,0.00542391598362357,0.0492545742788693
1975-04-01,84.72,3.68333,8.28667,52.9,8.23,490.266952741021,21.3150964948015,86769.7588094073,47.9542073804348,8487.1619125726,10.2330761366059,12.1339646037304,0.0689661421114676,1.01844081069822,9.9912019361534,0.0541020549315854,0.0116339400283823,0.0424681149032031
1975-05-01,90.1,3.69667,8.12333,53.2,8.06,518.460296052631,21.2716606282895,92073.2796562131,46.7438854243421,8301.2390103186,10.8181391193358,12.8361325143095,0.0659771095385016,1.02046156704148,10.1180674549705,0.0503077420472253,0.0144039853514268,0.0359037566957985
1975-06-01,92.4,3.71,7.96,53.6,7.86,527.727257462686,21.1890489738806,94032.577805992,45.4622182835821,8100.64198415256,11.0113546092477,13.0732368515214,0.0664754488553649,0.992923556041309,10.2480459931386,0.050408871619805,0.0179796905140568,0.0324291811057482
1975-07-01,92.49,3.71,7.89333,54.2,8.06,522.393588099631,20.9544838560886,93393.3492459027,44.5823870770295,7970.42410426166,10.9027670482386,12.9524120309351,0.0665541753783771,0.983888359971988,10.0628820677313,0.0532700790039369,0.0195639159866305,0.0337061630173063
1975-08-01,85.71,3.71,7.82667,54.3,8.4,483.207882596685,20.9158936464088,86699.3534175931,44.1244736726519,7917.01351549263,10.089769593328,11.9973388547769,0.0707391989374969,1.00498832866387,9.88251910413027,0.0589635231432151,0.0219687781900451,0.03699474495317
1975-09-01,84.67,3.71,7.76,54.6,8.43,474.721894230769,20.8009711538461,85487.7758963477,43.5082307692308,7834.94910777911,9.91890535655942,11.8051875900818,0.0727282599801489,1.02671523495947,9.87724593790227,0.0581467708071863,0.0223651282996069,0.0357816425075794
1975-10-01,88.57,3.7,7.82667,54.9,8.14,493.874547814208,20.631543715847,89246.3901738373,43.6422389877049,7886.44060722442,10.3275997775011,12.3009496531881,0.0718836622684196,1.0129178826625,10.0857029337007,0.0547808384312207,0.0215484270526574,0.0332324113785634
1975-11-01,90.07,3.69,7.89333,55.3,8.05,498.605857594937,20.4269525316456,90408.9761704375,43.6955764841772,7923.03634812256,10.4358594579479,12.4381455171099,0.0725464061339957,1.01012378989303,10.1420938237994,0.0597010097401354,0.0244784801536153,0.0352225295865201
1975-12-01,88.7,3.68,7.96,55.5,8,489.252418918919,20.2981837837838,89019.6891494651,43.905854054054,7988.68912773103,10.2503684162568,12.2253271518847,0.0748291172799385,1.02462835799879,10.2078521597533,0.0665407472416304,0.0277360808672436,0.0388046663743868
1976-01-01,96.86,3.68333,8.19333,55.6,7.74,533.300533273381,20.2800108736511,97341.7589959011,45.1115760714928,8234.08170796909,11.1850513626222,13.3448529485679,0.0694670364721566,1.00300332253859,10.440443187795,0.0575552004614768,0.0263922456385328,0.031162954822944
1976-02-01,100.6,3.68667,8.42667,55.8,7.79,551.907284946236,20.2256464233871,101045.637916763,46.2300254556451,8463.99846584543,11.5860929944497,13.8258192148164,0.0655891153116163,1.01063847427355,10.4342658756458,0.0597593855455822,0.0307829171314016,0.0289764684141807
1976-03-01,101.1,3.69,8.66,55.9,7.73,553.658144007156,20.2077008050089,101674.502610289,47.4251189624329,8709.21060934819,11.6317544035665,13.8819523757625,0.0657097419502065,1.01827823639891,10.5264060178136,0.065965076576072,0.0374117243960979,0.0285533521799741
1976-04-01,101.9,3.71333,8.85667,56.1,7.56,556.049772727273,20.2629666590909,102423.797555331,48.3292378863636,8902.19602644131,11.6891641322064,13.9512980030119,0.0667085077351528,0.982974145331447,10.6805969285025,0.068264915193053,0.040195100538251,0.028069814654802
1976-05-01,101.2,3.73667,9.05333,56.5,7.9,548.320407079646,20.2459724853982,101310.830280791,49.0526244172566,9063.24485282601,11.5320535856094,13.7646371535578,0.0652250914201697,1.0093323134083,10.4244231992834,0.0696634064035666,0.0400899348970609,0.0295734715065057
1976-06-01,101.8,3.76,9.25,56.8,7.86,548.658089788732,20.2647781690141,101685.242220948,49.8535101232394,9239.57259866174,11.5438416314171,13.77903985335,0.065769695495819,1.00861441945863,10.4661347865829,0.0719846534420483,0.0391268189130993,0.032857834528949
1976-07-01,104.2,3.79,9.35,57.1,7.83,558.642478108581,20.3191457968476,103849.513082294,50.1277079684763,9318.55035815206,11.7574904886899,14.0332259187038,0.0647268448300167,1.0106646066851,10.500832319214,0.0677854120560915,0.0430366147257144,0.024748797330377
1976-08-01,103.3,3.82,9.45,57.4,7.77,550.922835365854,20.3729451219512,102730.065262634,50.3990396341463,9397.86173022163,11.5979860025093,13.8425628259212,0.0664018845110224,1.0189914585181,10.5573518676858,0.0711628335415959,0.0438695155699962,0.0272933179715997
1976-09-01,105.5,3.85,9.55,57.6,7.59,560.702278645833,20.4616471354167,104871.584242755,50.7555143229167,9493.11497173758,11.8059909495398,14.0898748271386,0.0670507991951081,1.01894020100407,10.7204977271248,0.0658168442116924,0.0403689855303002,0.0254478586813922
1976-10-01,101.9,3.91667,9.67,57.9,7.41,538.763251295337,20.7081242733161,101090.957424471,51.1269935233161,9593.22432085016,11.3456961363167,13.5415916899302,0.0721916591120819,1.01462943323911,10.8669474244379,0.0695447106717684,0.0396518687397822,0.0298928419319862
1976-11-01,101.2,3.98333,9.79,58,7.29,534.139706896552,21.0242561133621,100552.158584164,51.6722107758621,9727.32838477235,11.248855860508,13.4279731022454,0.0743330535354131,1.03621746505865,11.0069144912857,0.0737416100913519,0.0401734094963999,0.033568200594952
1976-12-01,104.7,4.05,9.91,58.2,6.87,550.713904639175,21.3026868556701,104006.449533854,52.1258337628866,9844.35448787485,11.5975897265829,13.8451671333603,0.0762243142333646,0.981686570386344,11.3663626782146,0.0718394319370819,0.0383876106109413,0.0334518213261406
1977-01-01,103.8,4.09667,9.96667,58.5,7.21,543.180076923077,21.437664024359,102921.018319947,52.1550729987179,9882.27192349578,11.4379613467876,13.6561006267141,0.0745721288198716,0.993382092161654,11.1009840281882,0.0792373673156512,0.0410217667319277,0.0382156005837235
1977-02-01,101,4.14333,10.0233,59.1,7.39,523.162055837563,21.4617132753807,99466.9090613747,51.9189132106599,9871.15514450373,11.0148418542228,13.1541230539429,0.0772119798170131,1.00126313184977,10.9155642340105,0.0893394897560515,0.0417649672676581,0.0475745224883934
1977-03-01,100.6,4.19,10.08,59.5,7.46,517.587,21.55755,98748.4987797161,51.8616,9894.48178627772,10.8957465116627,13.015883122751,0.0778978226697908,1.01253531425115,10.8558773953511,0.0943201595783887,0.0424982383595356,0.0518219212188531
1977-04-01,99.05,4.24667,10.1933,60,7.37,505.36548125,21.66704117375,96761.2818539398,52.0074907625,9957.76652520711,10.6360374091414,12.7109314278839,0.0816057098868885,0.999847836187797,10.900359569724,0.0950215626131854,0.0365672497369407,0.0584543128762447
1977-05-01,98.76,4.30333,10.3067,60.3,7.46,501.378970149254,21.8468931106965,96346.574445442,52.3244494900497,10054.832309,10.548486693557,12.6123129257207,0.0816952548468146,1.01890387650712,10.8444785367736,0.0952949361660973,0.0333049865604342,0.0619899496056631
1977-06-01,99.29,4.36,10.42,60.7,7.28,500.747932042833,21.9887298187809,96577.4308365758,52.551046952224,10135.3291299942,10.5300239590908,12.5965428421523,0.0840441117524304,1.00255015424077,10.976667505024,0.0994754033381056,0.0338636811045601,0.0656117222335455
1977-07-01,100.2,4.40667,10.5167,61,7.33,502.852057377049,22.1148011545082,97338.6792634279,52.777886545082,10216.3841138692,10.5676924477754,12.6479945394357,0.0834107427442011,1.00120027580428,10.9505384229972,0.101705746913123,0.0342139117694393,0.0674918351436835
1977-08-01,97.75,4.45333,10.6133,61.2,7.4,488.953645833333,22.2759277708333,95007.6545469523,53.0886110416667,10315.5472123086,10.268385666711,12.2974884742663,0.085499137405506,1.01038463404655,10.9278530628745,0.110725234066774,0.0324850704080919,0.078240163658682
1977-09-01,96.23,4.5,10.71,61.4,7.34,479.782562296417,22.4360545602606,93588.9309815323,53.3978098534202,10416.0599689516,10.0677428200707,12.0658237591316,0.0880699297567031,0.993561940277546,11.0053695578539,0.108401093609414,0.0275343160553907,0.0808667775540231
1977-10-01,93.74,4.55667,10.77,61.6,7.52,465.850517045454,22.6448375880682,91239.3741930323,53.5226164772727,10482.6974616915,9.76666629955655,11.7150030666727,0.0893616506552814,1.00209269496177,10.8990146549722,0.0970059401393504,0.0284134591834271,0.0685924809559233
1977-11-01,94.28,4.61333,10.83,61.9,7.58,466.263339256866,22.8153017701939,91692.6028299552,53.5599487075929,10532.7841392492,9.7662999836602,11.724729783735,0.088966828403053,0.998700951384615,10.8688900618835,0.0820694448285066,0.03377604918957,0.0482933956389366
1977-12-01,93.82,4.67,10.89,62.1,7.69,462.494074879227,23.0211823671498,91328.6290059465,53.6832282608696,10600.8182676909,9.67826658253592,11.6298173566368,0.0888270474324674,0.98793292468504,10.8198118409651,0.081048218319675,0.0341272788944542,0.0469209394252208
1978-01-01,90.25,4.71333,10.9,62.5,7.96,442.04811,23.0860788732,87671.0680295941,53.388636,10588.5278839067,9.24146226093469,11.11732706342,0.0910679235977685,1.00185789182413,10.6208371671044,0.0897182206371212,0.0387175881872348,0.0510006324498864
1978-02-01,88.98,4.75667,10.91,62.9,8.03,433.05604054054,23.1501986554054,86270.2911325446,53.0977905405405,10577.757656283,9.04526357070474,10.8945040790926,0.093081792692157,1.00600975549726,10.5729029547322,0.094772665217044,0.0428369778839159,0.051935687333128
1978-03-01,88.82,4.8,10.92,63.4,8.04,428.868210567823,23.1768454258675,85820.7822333076,52.7273233438486,10551.260324113,8.9504200776339,10.7937687690458,0.0946846265534384,0.999234510464742,10.5525598924402,0.0983635800094715,0.0421804323199033,0.0561831476895682
1978-04-01,92.71,4.83667,11.0233,63.9,8.15,444.148365023474,23.1711689424883,89264.8910728649,52.8096286502347,10613.673538599,9.26258872086685,11.1824007970067,0.0903450911154029,0.993334390428932,10.4619743342483,0.0925189488884892,0.0408417138959911,0.0516772349924981
1978-05-01,97.41,4.87333,11.1267,64.5,8.35,462.32371744186,23.1296175127907,93305.1538036824,52.8091295232558,10657.8221417455,9.63491072859845,11.6422159372098,0.0848588377750582,0.999591687872428,10.2955669082449,0.0849227002526283,0.0403863778933051,0.0445363223593231
1978-06-01,97.66,4.91,11.23,65.2,8.46,458.53392101227,23.0534666411043,92928.0220928306,52.7271752300613,10685.8661489094,9.54967898104174,11.5494779570507,0.0852190625543068,0.995087990397752,10.1808730087474,0.091242744616042,0.0430449828035193,0.0481977618125227
1978-07-01,97.19,4.94667,11.3433,65.7,8.64,452.854364155251,23.0488846335616,92166.24774192,52.8538214726027,10756.9646878374,9.42552404778736,11.4098846483645,0.0849999675123131,1.02263605246305,10.053765037634,0.091346708577503,0.0437365548197661,0.0476101537577369
1978-08-01,103.9,4.98333,11.4567,66,8.41,481.918897727273,23.1141568875,98473.568565029,53.1395595340909,10858.3458419535,10.0239708540038,12.142389731258,0.0811464757371171,1.00633748850854,10.2346092150657,0.0818158447201311,0.0408755620764854,0.0409402826436458
1978-09-01,103.9,5.02,11.57,66.5,8.42,478.295447368421,23.1091736842105,98126.669557326,53.2615815789474,10927.0988140352,9.94188747300441,12.0510240720505,0.0823704040386537,0.992396432708363,10.2220313022777,0.0835417319112881,0.0429857415918686,0.0405559903194195
1978-10-01,100.6,5.03667,11.8233,67.1,8.64,458.963137108793,22.9785871151267,94553.3254845328,53.9409429321908,11112.6474473288,9.53360835820883,11.5653268204749,0.0848298222704528,0.995984167809622,10.0535982423399,0.0912731891750973,0.0463768016501409,0.0448963875249564
1978-11-01,94.71,5.05333,12.0767,67.4,8.81,430.168182863501,22.9519774417656,89015.1685838527,54.8517801075668,11350.5383426947,8.92841890229315,10.8423316464745,0.0904137097825752,0.994258259289057,9.96865542957662,0.0955532222395816,0.0468470102030605,0.0487062120365211
1978-12-01,96.11,5.07,12.33,67.7,9.01,434.592526218611,22.9256488183161,90326.0385333975,55.7540926883309,11587.9726887607,9.01194181913383,10.9539076425778,0.0875484924436704,1.00164321596417,9.8674973833646,0.0962925419073031,0.0474995321347047,0.0487930097725984
1979-01-01,99.71,5.11333,12.6533,68.3,9.1,446.910293191801,22.9184616336018,93283.1217108307,56.713368898243,11837.7226350783,9.25763691913997,11.2610203412622,0.0843448811379198,1.00758333333333,9.79688564732699,0.096003361516136,0.0486598681056749,0.0473434934104611
1979-02-01,98.23,5.15667,12.9767,69.1,9.1,435.179512662807,22.8451301798119,91231.9380910035,57.4895040412446,12052.2191899168,9.00374037104563,10.9610022115692,0.0880360566011366,1.00628107713893,9.75689587543781,0.101563539880211,0.0489057115990985,0.052657828281113
1979-03-01,100.1,5.2,13.3,69.8,9.12,439.016658309456,22.8060601719198,92434.7911083409,58.3308846704871,12281.5456717376,9.07078502966076,11.0505964840765,0.0872003801346321,1.00370313602817,9.71971657095699,0.0993159807436506,0.0482201755957681,0.0510958051478825
1979-04-01,102.1,5.24667,13.5267,70.6,9.18,442.714132436261,22.7499995810906,93612.4598679882,58.6529016182719,12402.2297835095,9.13306356621741,11.1336017627729,0.0864759502629325,1.00311708625185,9.64516371458217,0.101061798029815,0.0503694381347639,0.0506923598950511
1979-05-01,99.73,5.29333,13.7533,71.5,9.25,426.994343706294,22.6634109031469,90687.8413392732,58.8848020384615,12506.3379955021,8.79438328981495,10.7289505115991,0.0910529655243998,1.0300447693344,9.55344242851244,0.108400152970846,0.0537568048551675,0.0546433481156785
1979-06-01,101.7,5.34,13.98,72.3,8.91,430.610881742739,22.6102468879668,91856.1212205742,59.1931182572614,12626.8296427102,8.85393776469395,10.8091805982903,0.0942924564946974,1.00480164603964,9.73158849637343,0.110417979165823,0.0563502503014781,0.0540677288643445
1979-07-01,102.7,5.39667,14.1967,73.1,8.95,430.086104651163,22.6001244244186,92145.9249959723,59.4528081976744,12737.7609872475,8.82749804554236,10.784338517075,0.0948255014240152,1.00222940776389,9.67130310400746,0.112870901771199,0.0593276236021409,0.0535432781690584
1979-08-01,107.4,5.45333,14.4133,73.8,9.03,445.502621951219,22.6207896961382,95852.7882546231,59.7873644410569,12863.640530264,9.12716579721503,11.1563313758492,0.090746477696884,0.988163692300663,9.60092664419161,0.113407844335259,0.0599911303313441,0.0534167140039148
1979-09-01,108.6,5.51,14.63,74.6,9.33,445.64941689008,22.6107577077748,96289.7764461676,60.0354601206434,12971.6337882821,9.11275899074096,11.1444121050919,0.088786091274876,0.947659237649235,9.38554677775785,0.113055526036194,0.0622004269149021,0.0508550991212917
1979-10-01,104.5,5.55667,14.7067,75.2,10.3,425.403241356383,22.6203390349069,92322.5531088186,59.8686875565159,12992.9195388083,8.68184330689931,10.6248382882777,0.0848152873636967,0.98720293819718,8.82333494392435,0.117534500573903,0.0702950666704005,0.047239433903502
1979-11-01,103.7,5.60333,14.7833,75.9,10.65,418.253250988142,22.5999131037549,91179.5625410902,59.6254897332016,12998.4072026393,8.51878430298355,10.4334692694231,0.0839403396882968,1.02492865414508,8.63008890694025,0.116618604156025,0.0741465204683238,0.0424720836877015
1979-12-01,107.8,5.65,14.86,76.7,10.39,430.254817470665,22.5504612125163,94205.5824888902,59.3097086049544,12986.0385508804,8.74520440466929,10.7179286312894,0.0840555503791804,0.983766445745288,8.7529675164066,0.115814471338104,0.0733798126985534,0.0424346586395501
1980-01-01,110.9,5.7,15.0033,77.8,10.8,436.369405526992,22.4283643958869,95953.6196829797,59.0349964106684,12981.2528601411,8.85093418072911,10.8540818787248,0.0798346984534919,0.917401525643982,8.48912814285506,0.110140208214132,0.0735583805606865,0.0365818276534458
1980-02-01,115.3,5.75,15.1467,78.9,12.41,447.357423954373,22.3096720532319,98778.591540747,58.7683321197718,12976.3199695597,9.05447609219252,11.109252312727,0.0621371652287653,0.991256485338819,7.67936201178943,0.103577827113248,0.0827151765814835,0.0208626505317646
1980-03-01,104.7,5.8,15.29,80.1,12.75,400.144185393258,22.1665355805243,88761.5625682506,58.4355739700374,12962.4096625459,8.0811509007855,9.9248356973565,0.07309897274158,1.08624488591815,7.49817668737667,0.117817571332386,0.0846103833507537,0.0332071879816327
1980-04-01,103,5.84667,15.1733,81,11.47,389.273240740741,22.0966230916667,86758.5900637156,57.3452394537037,12780.719559357,7.84402450471922,9.64444804829732,0.0900006692892111,1.08990455747216,8.05435767948059,0.120420426975912,0.0760571494883973,0.0443632774875151
1980-05-01,107.7,5.89333,15.0567,81.8,10.18,403.055400366748,22.0551391146088,90239.8897262447,56.3480431448655,12615.7376754053,8.10422580717649,9.97441248370867,0.0995870518638713,1.03381531045759,8.69262802606993,0.119988826248588,0.0686235770273536,0.0513652492212344
1980-06-01,114.6,5.94,14.94,82.7,9.78,424.21053808948,21.9878760580411,95386.5418223452,55.3028397823458,12435.2088553738,8.51207796230674,10.4849046257739,0.098297418837549,0.978961383211929,8.8887736978445,0.116674412957488,0.0684082845153802,0.0482661284421078
1980-07-01,119.8,5.98333,14.84,82.7,10.25,443.459183796856,22.1482691000605,100129.742350993,54.9326735187424,12403.3837770345,8.88086552729584,10.9469307343137,0.0881645115496864,0.957565312307295,8.70176619429967,0.111031667428079,0.0710963204507433,0.0399353469773354
1980-08-01,123.5,6.02667,14.74,83.3,11.1,453.8625,22.14801225,102895.470620572,54.1695,12280.8035380343,9.07100598161838,11.1885452578174,0.078083837878666,0.985067152296846,8.2724913881025,0.0979691859901768,0.074303867471424,0.0236653185187528
1980-09-01,126.5,6.07,14.64,84,11.51,461.0134375,22.12135625,104934.593393695,53.35365,12144.2090694364,9.19604013174324,11.3498127263049,0.0728359596255032,0.99557219879023,8.081051537961,0.090057723227128,0.0757201361292663,0.0143375870978617
1980-10-01,130.2,6.1,14.7,84.8,11.75,470.021232311321,22.0209640330189,107402.618406115,53.0669133254717,12126.1020781098,9.35784104675711,11.5561631108897,0.0690295926857678,0.957443615859944,7.96937147225872,0.0843323771458806,0.0785638987783694,0.00576847836751115
1980-11-01,135.7,6.13,14.76,85.5,12.68,485.86551754386,21.9480885964912,111441.069804229,52.8472736842105,12121.3720730318,9.65404366323339,11.9275677448968,0.0567918375749957,1.00161720990379,7.56775416967701,0.0832776648239526,0.0870609917254703,-0.00378332690151773
1980-12-01,133.5,6.16,14.82,86.3,12.84,473.55760428737,21.8510475086906,109035.70939975,52.5702149478563,12104.1888637026,9.38990208492174,11.6080069713455,0.0585675310840925,1.02596408182059,7.50972637109223,0.0905256609547462,0.0909164792420336,-0.000390818287287376
1981-01-01,133,6.2,14.74,87,12.57,467.988017241379,21.8159827586207,108171.913511158,51.8657396551724,11988.375978605,9.25940453087795,11.4542092841312,0.0636416662177889,0.97626896793786,7.64271760535498,0.0899937652835752,0.0890111315403308,0.000982633743244365
1981-02-01,128.4,6.24,14.66,87.9,13.19,447.176006825938,21.7319180887372,103779.971158073,51.0560767918089,11849.0216291071,8.8298993538313,10.9320691500057,0.0635367932448946,1.01486423330795,7.38495197391782,0.106442244113343,0.0951048820394393,0.0113373620739041
1981-03-01,133.2,6.28,14.58,88.5,13.12,460.747830508474,21.7229457627119,107349.819874676,50.4332084745763,11750.4532565523,9.08109688385462,11.2514037696007,0.0615694734984603,0.980621242547478,7.44391193744627,0.10585474086019,0.0928478303044236,0.013006910555766
1981-04-01,134.4,6.31667,14.7233,89.1,13.68,461.768080808081,21.7026531473064,108008.904210971,50.5859373821549,11832.1986560223,9.08556123078874,11.265311096462,0.0563766615313755,0.989031295374809,7.25050222621618,0.107485985565479,0.0968232956773727,0.0106626898881066
1981-05-01,131.7,6.35333,14.8667,89.8,14.1,448.964273385301,21.6584524451559,105436.220831849,50.6804644125835,11901.9640413125,8.81848346654806,10.9432437887098,0.0558188828469302,1.04613021060164,7.11507515093659,0.109632714501331,0.0990792377287557,0.0105534767725755
1981-06-01,132.3,6.39,15.01,90.6,13.47,447.027243377483,21.5911117549669,105403.866316639,50.7171498344371,11958.5187710715,8.76534074430493,10.8862600910119,0.0629637895883288,0.968382101018727,7.37757060635103,0.109724562575812,0.0939640053751054,0.0157605572007065
1981-07-01,129.1,6.43333,15.0967,91.6,14.28,431.452622816594,21.5002099298581,102154.00893706,50.4532208433406,11945.6888204501,8.44531946787551,10.4987178056939,0.060110156642069,0.977856263172325,7.06631270274906,0.113908575399132,0.0993576710325059,0.0145509043666263
1981-08-01,129.6,6.47667,15.1833,92.3,14.94,429.838829902492,21.4808970251896,102195.746767593,50.3578079171181,11972.7521751265,8.39980631656644,10.4521058004802,0.0547113634061077,0.993127410077996,6.85743416107072,0.11648523649206,0.105845213031596,0.0106400234604638
1981-09-01,118.3,6.52,15.27,93.2,15.32,388.571708690987,21.4157864806867,92808.6452213232,50.1562974785408,11979.6112639865,7.58116305192316,9.44639273183471,0.0648202901372531,1.02146635531659,6.74454107231317,0.126459679033234,0.109817605450271,0.0166420735829631
1981-10-01,119.8,6.55667,15.3,93.4,15.15,392.656043897216,21.4901177240364,94211.9057544296,50.1472243040685,12032.0714360832,7.64914171331921,9.54375340001718,0.065314973550944,1.10897087617885,6.87456949237074,0.12481013401317,0.109160935623242,0.0156491983899285
1981-11-01,122.9,6.59333,15.33,93.7,13.39,401.52689167556,21.5410846272679,96771.0370264485,50.0846806296692,12070.7892401583,7.81075256571611,9.7571778791499,0.0805583332980785,0.993323495677421,7.59928850372309,0.121490558666329,0.0993058841799936,0.0221846744863352
1981-12-01,123.8,6.63,15.36,94,13.72,403.176430851064,21.5917587765957,97602.2367066812,50.0225361702128,12109.615151976,7.83256213714189,9.79589996157548,0.0767191767541061,0.965958056435771,7.5244606983459,0.121493266115805,0.103532845627609,0.0179604204881958
1982-01-01,117.3,6.66,15.1767,94.3,14.59,380.792743902439,21.6204575821845,92619.6848013846,49.2683481362672,11983.4711877679,7.38865997337599,9.25382680705699,0.0760357495132022,1.0205727472457,7.2451904835498,0.135254350797194,0.108676732972633,0.0265776178245607
1982-02-01,114.5,6.69,14.9933,94.6,14.43,370.524299682875,21.6489743657505,90560.9096599609,48.5186199339323,11858.5754306087,7.18182345054673,9.00882381069119,0.0813512897304127,1.04266438186398,7.37079497950983,0.13671369118165,0.10459717096094,0.0321165202207105
1982-03-01,110.8,6.72,14.81,94.5,13.86,358.930444444444,21.7690666666667,88170.6088412713,47.9761722222222,11785.2591781519,6.95067379353603,8.73419592115128,0.0913042563014172,1.01101267440318,7.69339794712619,0.138026668794967,0.098458769841764,0.0395678989532025
1982-04-01,116.3,6.75,14.5967,94.9,13.87,375.159412539515,21.7740845626976,92602.9555911871,47.08589335353,11622.5069808932,7.25907262542615,9.13576229951183,0.0852886898148344,1.02512202284225,7.74533833289204,0.13259506168702,0.0987068014995871,0.0338882601874324
1982-05-01,116.4,6.78,14.3833,95.8,13.62,371.954498956159,21.6653909185804,92257.5170127856,45.9616249556367,11400.0648148625,7.19261248446462,9.06629356304789,0.08982571898673,0.975410641274365,7.86532477822744,0.135177728886846,0.0982304024342773,0.0369473264525688
1982-06-01,109.7,6.81,14.17,97,14.3,346.208110824742,21.4920440721649,86315.7572129931,44.719862628866,11149.4464877677,6.69213398819759,8.45149675363992,0.0945160315266276,1.03066513765195,7.57701111686596,0.140824312675002,0.103623321591616,0.0372009910833861
1982-07-01,109.4,6.82333,13.9667,97.5,13.95,343.490753846154,21.4236815853846,86083.3807477542,43.8522149153846,10989.9520465234,6.63865310020876,8.40029695403872,0.0992586435056397,1.06097782819045,7.76931319957164,0.14305152120153,0.104549762573465,0.0385017586280645
1982-08-01,109.7,6.83667,13.7633,97.7,13.06,343.727602354145,21.4216243134596,86590.1169704275,43.1251240609007,10863.8628705477,6.64342275216609,8.4227507585676,0.108014087221002,1.05196074669857,8.22619479927085,0.143127598546292,0.100536597296963,0.0425910012493287
1982-09-01,122.4,6.85,13.56,97.9,12.34,382.737548518897,21.4195441777324,96866.9636562129,42.4013166496425,10731.3400913256,7.3988382003233,9.39384428501223,0.0998093768756104,1.09671128692319,8.63595550662684,0.130485716017458,0.0968377086039787,0.0336480074134793
1982-10-01,132.7,6.85667,13.2533,98.2,10.91,413.677385437882,21.3749006662424,105148.334396534,41.3156781644603,10501.6007555206,7.99984099453459,10.1677669144615,0.103772764016386,1.03117359411545,9.44221561105601,0.11952157206409,0.0859439691611081,0.0335776029029817
1982-11-01,138.1,6.86333,12.9467,98,10.55,431.389875,21.4393270875,110104.607027008,40.442254125,10322.1673844791,8.34747693815542,10.6193996690223,0.101688397650632,1.00940530622372,9.75643394563315,0.117254255053004,0.0806513412027421,0.0366029138502615
1982-12-01,139.4,6.87,12.64,97.6,10.54,437.235384221311,21.5481139856557,112054.883941209,39.6460204918033,10160.5002368499,8.46773840140047,10.7820072395389,0.0993863337317983,1.01370866568381,9.88855765435706,0.118969013436059,0.080662557736507,0.0383064556995525
1983-01-01,144.3,6.88333,12.5667,97.8,10.46,451.678918711656,21.5457730529141,116216.626269458,39.3355056671779,10120.9942989632,8.75678322413474,11.1585442647304,0.096255295626269,0.992879687967373,10.0036173694148,0.114507015370141,0.0808073412859891,0.0336996740841522
1983-02-01,146.8,6.89667,12.4933,97.9,10.72,459.034902962206,21.565478502809,118571.713533248,39.0658089453524,10090.953601396,8.91049343662412,11.3620682668486,0.0910340188550722,1.02183570238395,9.92224304949866,0.113787229480971,0.0845730404224354,0.029214189058536
1983-03-01,151.9,6.91,12.42,97.9,10.51,474.98230081716,21.6071606230848,123156.136449205,38.8366041879469,10069.7775819561,9.23282970519052,11.7793127211263,0.0882085106129322,1.01554745903536,10.1389021957088,0.111545965234569,0.0846489880187227,0.0268969772158463
1983-04-01,157.7,6.92,12.4767,98.6,10.4,489.617715517241,21.4848103448276,127415.116161041,38.7369267672414,10080.6606202059,9.53158128416041,12.1650315906305,0.0859376316392126,1.00990207343018,10.2234372197289,0.105970601341534,0.0840666063975042,0.0219039949440294
1983-05-01,164.1,6.93,12.5333,99.2,10.38,506.406479334677,21.3857215221774,132247.895353873,38.677296328125,10100.5639661103,9.8744565046684,12.6052556483557,0.0824088832454137,0.980173781082412,10.2622228422847,0.102504172836902,0.0834800221509067,0.0190241506859952
1983-06-01,166.4,6.94,12.59,99.5,10.85,511.955939698492,21.3520085427136,134161.807745654,38.7351278894472,10150.8242759482,10.00011790313,12.76736276954,0.0760251033162316,0.97761600247503,10.0284338407109,0.101717557003885,0.0870191427220686,0.0146984142818163
1983-07-01,167,6.96,12.8267,99.9,11.38,511.74466966967,21.3278018018018,134572.201788968,39.3053614039039,10336.0315011171,10.014475995571,12.7868960409034,0.0707717739327203,0.98213867029786,9.76470231774669,0.101448282996342,0.091678594661901,0.00976968833444136
1983-08-01,162.4,6.98,13.0633,100.2,11.85,496.15874251497,21.3250494011976,130940.926128787,39.9105326422156,10532.7623171071,9.72805693566521,12.422837481069,0.0673968529107451,1.02160503385283,9.56157830185225,0.106090673937659,0.0952683719752054,0.010822301962454
1983-09-01,167.2,7,13.3,100.7,11.65,508.287169811321,21.2799652432969,134609.729832998,40.4319339622641,10707.5921458066,9.98420245802878,12.7498844937569,0.0670589047198176,1.01618855378598,9.71965525104248,0.104295358522324,0.0964100469031581,0.00788531161916617
1983-10-01,167.7,7.03,13.5433,101,11.54,508.292888613861,21.3076863861386,135081.487361072,41.0492729777228,10909.058484062,10.0033917994496,12.7735396361706,0.0673346941407564,1.00083330983869,9.84766478192585,0.104816831781166,0.0952637967687986,0.00955303501236782
1983-11-01,165.2,7.06,13.7867,101.2,11.69,499.725918972332,21.3563255928854,133277.733390828,41.7044269194664,11122.6399935795,9.85358164936428,12.5814911995131,0.066858837415098,1.00158990272261,9.83639293207071,0.106235881353213,0.0925419655793229,0.0136939157738905
1983-12-01,164.4,7.09,14.03,101.3,11.83,496.815014807502,21.4259030108588,132977.584073472,42.3985076505429,11348.3911469028,9.81501090360867,12.5310763173235,0.0652596440910509,1.01923479932977,9.84230624092177,0.107463470781697,0.0925852551854933,0.0148782155962039
1984-01-01,166.4,7.12,14.44,101.9,11.67,499.898096172718,21.3898704612365,134279.903448483,43.3805799803729,11652.6550829092,9.89493180920253,12.6307500878503,0.0657430676135771,0.999830404534389,9.97255358169908,0.107987631268387,0.0915380839771289,0.016449547291258
1984-02-01,157.3,7.15,14.85,102.4,11.84,470.252497558594,21.3751135253906,126795.136453254,44.3944665527344,11970.1702246079,9.32452964572798,11.9023993358472,0.0693714441810556,0.982459929061077,9.92217643084556,0.113896717110254,0.0904404146314781,0.0234563024787759
1984-03-01,157.4,7.18,15.26,102.6,12.32,469.634195906433,21.4229576023392,127109.782154832,45.5312441520468,12323.349909039,9.32674706650824,11.904570260566,0.063392502935456,0.992782797329545,9.72913852869116,0.111647390452425,0.0886369512397023,0.0230104392127226
1984-04-01,157.6,7.22333,15.5733,103.1,12.63,467.950475266731,21.4477202189622,127137.819345172,46.2406924903007,12563.168794468,9.30564340459482,11.8765430988687,0.0606097137947415,0.967859509236794,9.61207887447896,0.107696211239933,0.0865366525882574,0.0211595586516753
1984-05-01,156.6,7.26667,15.8867,103.4,13.41,463.632171179884,21.5138058068182,126451.667885062,47.0343883389748,12828.222938631,9.23183181689605,11.7810825425878,0.0526420893537802,1.00301781612318,9.2761502344359,0.109388750121975,0.0893430933950801,0.020045656726895
1984-06-01,153.1,7.31,16.2,103.7,13.56,451.958729508197,21.5794795081967,123758.305598516,47.8231967213115,13095.2615982754,9.01018551229101,11.4977166407815,0.0532353611982679,1.02226120218639,9.27722742958564,0.112629945585579,0.0902257195241833,0.0224042260613959
1984-07-01,151.1,7.33333,16.32,104.1,13.36,444.34068443804,21.5651679113833,122164.375483294,47.9923227665706,13194.7227523981,8.8683022140433,11.3162418636497,0.0565497602854455,1.04710093781955,9.4473087442213,0.113193885342349,0.0870612902004904,0.0261325951418587
1984-08-01,164.4,7.35667,16.44,104.5,12.72,481.601540669856,21.5509951715311,132902.411381165,48.1601540669856,13290.2411381165,9.62306325737317,12.2747116095556,0.0532184875667634,1.02192914313602,9.85442063696528,0.106764695039567,0.0831594251688141,0.023605269870753
1984-09-01,166.1,7.38,16.56,105,12.52,484.26455,21.51639,134132.097448236,48.28068,13372.8328340926,9.68734131362808,12.3515523520665,0.0537589781190694,1.03111986034178,10.0225647822185,0.106350179453239,0.0800233064725364,0.0263268729807022
1984-10-01,164.8,7.43,16.5867,105.3,12.16,479.105527065527,21.6004494301994,133201.722164741,48.2207502777778,13406.4138654727,9.5950707030485,12.2293830281212,0.0576010785184676,1.04484879348231,10.3050226765745,0.106555767339063,0.0755316628531861,0.0310241044858768
1984-11-01,166.3,7.48,16.6133,105.3,11.57,483.466317663818,21.7458091168091,134917.933674023,48.2980816310541,13478.2447835638,9.69197322178309,12.34867935888,0.061621192533612,1.01377211494989,10.7671905104267,0.104584584616028,0.0697554544131127,0.0348291302029149
1984-12-01,164.5,7.53,16.64,105.3,11.5,478.233368945869,21.8911688034188,133966.693281764,48.3757037037037,13551.4028948848,9.59505480113346,12.2221624891462,0.0625326407926833,1.01669857805597,10.9154774958236,0.10422883776672,0.0700918344498078,0.0341370033169122
1985-01-01,171.6,7.57333,16.5567,105.5,11.38,497.928710900474,21.9753988585308,139996.909870276,48.0422860592417,13507.4990538997,9.99700117773045,12.7296278710835,0.0593331569280874,1.00181560113477,11.0767120593294,0.101602663507621,0.06900918216703,0.032593481340591
1985-02-01,180.9,7.61667,16.4733,106,11.51,522.438346698113,21.9969070323113,147403.388168441,47.5748126957547,13422.9974257334,10.4949351726071,13.3573855832248,0.052973907673109,0.98923679386188,11.0444794458313,0.099615297703139,0.0718665785523231,0.0277487191508159
1985-03-01,179.4,7.66,16.39,106.4,11.86,516.158585526316,22.0388782894737,146149.764718307,47.1562944078947,13352.2555392032,10.3732172149247,13.19778610874,0.0505881172645448,1.03532804393221,10.8845317322177,0.102973294212761,0.0757631768812395,0.0272101173315213
1985-04-01,180.6,7.68667,16.13,106.9,11.43,517.180790458372,22.0121709113658,146958.594579239,46.1911746959775,13125.3717085445,10.3971187198168,13.22409059943,0.0547630959334107,1.0446658658983,11.2163525239203,0.105495950208561,0.0738833569205914,0.0316125932879698
1985-05-01,184.9,7.71333,15.87,107.3,10.85,527.520733923579,22.0061736213886,150417.816747395,45.2771987418453,12910.3880572264,10.6081204678601,13.4884552417252,0.0584440115176489,1.05205322675587,11.6736599482886,0.106347561553581,0.0732893602680575,0.0330582012855234
1985-06-01,188.9,7.74,15.61,107.6,10.16,537.430155669145,22.0206956319703,153766.650042362,44.4112479089219,12706.7094079475,10.8100498458612,13.7414262692464,0.0630792195548151,0.999174260561118,12.2470700415085,0.10715651931317,0.0720984319958959,0.0350580873172746
1985-07-01,192.5,7.77333,15.4833,107.8,10.31,546.65625,22.0744905340909,156932.690575598,43.9690530681818,12622.5243012424,10.9975639567934,13.9764190831229,0.0590079751401289,1.00735370380049,12.2142540782695,0.108762085596509,0.072068013756903,0.0366940718396058
1985-08-01,188.3,7.80667,15.3567,108,10.33,533.738965277778,22.1281145409722,153753.802806488,43.5287794375,12539.3044267573,10.7387998088773,13.6461921852295,0.061000120961805,1.00613649860547,12.2812887625255,0.111312213640113,0.0701145593297707,0.0411976543103423
1985-09-01,184.1,7.84,15.23,108.3,10.37,520.388483379501,22.1610304709141,150439.931700061,43.0500630193906,12445.4109711675,10.4712346616975,13.3065831543737,0.06268656154794,1.01671845905964,12.3224239185607,0.117591121513233,0.0723847612523352,0.0452063602608974
1985-10-01,186.2,7.86,15.0233,108.7,10.24,524.387677092916,22.1358063477461,152129.337897105,42.3095241099356,12274.3538240042,10.5525169829437,13.4104398433849,0.063058986698611,1.03766510702623,12.482333058512,0.116995458392757,0.0724690020374761,0.0445264563552805
1985-11-01,197.5,7.88,14.8167,109,9.78,554.680561926605,22.131052293578,161452.59609076,41.6128378830275,12112.3781291036,11.1646111286675,14.1865714640239,0.0619815159154478,1.04180885887782,12.9168324375315,0.113036057962529,0.0702846941150395,0.0427513638474897
1985-12-01,207.3,7.9,14.61,109.3,9.26,580.605953796889,22.126324336688,169535.478693912,40.9196960201281,11948.4483536809,11.6905214744676,14.8512434443325,0.063059967515151,1.01226108620907,13.4199348615244,0.111383293313218,0.0685503123116966,0.0428329810015211
1986-01-01,208.2,7.94,14.58,109.6,9.19,581.530524635036,22.1774849452555,170345.098540946,40.7238955291971,11929.0659785158,11.715007584488,14.8791559728761,0.0636818590232278,1.04013826614797,13.5472940500741,0.110386633987245,0.0679062780662882,0.042480355920957
1986-02-01,219.4,7.98,14.55,109.3,8.7,614.495640439158,22.3503883806038,180547.003527877,40.7516479871912,11973.376943166,12.3882190994181,15.7279619472388,0.0632657065627064,1.0706964086424,14.1297352267959,0.109940559777663,0.0622947700180332,0.0476457897596296
1986-03-01,232.3,8.02,14.52,108.8,7.78,653.6159765625,22.5656484375,192593.586656528,40.854515625,12038.1355068996,13.1890229815327,16.7347405829594,0.0668828032503959,1.04028624895889,15.1981818394314,0.102006550873759,0.0509320909726585,0.0510744599011006
1986-04-01,238,8.04667,14.5833,108.6,7.3,670.887154696132,22.6823846263812,198239.65166355,41.1081875759668,12147.0097147271,13.5525041728695,17.1839143555879,0.0690710338114585,0.977722165462894,15.8395764452027,0.0986214540478656,0.044902987607794,0.0537184664400716
1986-05-01,238.5,8.07333,14.6467,108.9,7.71,670.444524793388,22.6948423285124,198667.698819818,41.173164869146,12200.5290746508,13.5600461992323,17.1807485151673,0.0644657967929348,1.00022367334874,15.4440418828946,0.100733706896386,0.0461713398378532,0.0545623670585327
1986-06-01,245.3,8.1,14.71,109.5,7.8,685.78151369863,22.6450479452055,203771.577609434,41.1245253424658,12219.6490282706,13.8886886264571,17.5823785208216,0.061842005395504,1.04171137044329,15.3628524880993,0.0992715282481849,0.0459672052148969,0.0533043230332879
1986-07-01,240.2,8.14333,14.7567,109.5,7.3,671.523520547945,22.7661849732877,200098.713990531,41.2550838287671,12293.0753236639,13.6199955340838,17.2285492108527,0.0677000621929513,1.01529065571954,16.003658119296,0.0971748687483542,0.0423976149114593,0.0547772538368949
1986-08-01,245,8.18667,14.8033,109.7,7.17,683.69405195989,22.8456227932999,204292.544749556,41.3099108546035,12343.6890926168,13.8876675508661,17.5521787371428,0.0672204782863541,0.986385636768621,16.2187412741178,0.0980155292754699,0.0431165123630746,0.0548990169123953
1986-09-01,238.3,8.23,14.85,110.2,7.45,661.97988430127,22.8623350725953,198373.485624222,41.2522084845735,12361.9230445644,13.4673143129771,17.0077599479284,0.0667820885001379,1.00760879718289,15.9253475343594,0.103108823586631,0.0438388022317258,0.0592700213549051
1986-10-01,237.4,8.24667,14.7267,110.3,7.43,658.881854034451,22.887873711922,198016.669965162,40.8726006731641,12283.6229720975,13.4259188608574,16.942441583197,0.0667536106884136,1.01889557737416,16.0319722046641,0.107421045255168,0.0456503579954348,0.061770687259733
1986-11-01,245.1,8.26333,14.6033,110.4,7.25,679.636324728261,22.9133383566576,204827.956479523,40.493403267663,12203.8518843632,13.8729855961386,17.4916661806426,0.0660659568581457,1.01598342822069,16.3201094657946,0.108926232082243,0.0466649267088675,0.0622613053733752
1986-12-01,248.6,8.28,14.48,110.5,7.11,688.717615384615,22.9387846153846,208140.969861563,40.1151692307692,12123.4161045673,14.0851398147433,17.743316425437,0.0661097020691038,1.00805819079544,16.5659553696385,0.108468873337229,0.0448716255481769,0.0635972477890516
1987-01-01,264.5,8.3,14.6867,111.2,7.08,728.153990557554,22.8494446942446,220634.698276611,40.4316794446942,12251.0231500155,14.9222081037189,18.7779627942622,0.0625522258718736,0.993901862109589,16.5943245805584,0.105217129977743,0.0427757657513701,0.0624413642263728
1987-02-01,280.9,8.32,14.8933,111.6,7.25,770.530598118279,22.8224086021505,234051.321801519,40.8534829368279,12409.3860839678,15.8223181428365,19.8864265599912,0.0563348893561844,1.00604166666667,16.4340149394154,0.103066616700505,0.0452418423610981,0.0578247743394065
1987-03-01,292.5,8.34,15.1,112.1,7.25,798.771576717217,22.7752305976806,243206.12083146,41.2357292595896,12555.256152325,16.4333439760699,20.6272029381292,0.0537424974422631,0.953489099390564,16.4595602302556,0.0978808838023977,0.0433266123761162,0.0545542714262814
1987-04-01,289.3,8.4,14.8733,112.7,8.02,785.826847826087,22.8169565217391,239843.705233922,40.4004094565217,12330.6857278109,16.1965344532209,20.3038410710514,0.0466094315061828,0.967424225099176,15.6104584053317,0.0954715403079727,0.0478133166786017,0.047658223629371
1987-05-01,289.1,8.46,14.6467,113.1,8.61,782.506279840849,22.8986618037135,239412.640376561,39.6441879244032,12129.3847104925,16.1603119526557,20.2334789631424,0.0406939757093296,1.02127483648789,15.0485247133077,0.105441696172419,0.0536831536012614,0.0517585425711575
1987-06-01,301.4,8.52,14.42,113.5,8.4,812.923599118943,22.9797911894273,249304.908287114,38.8930268722467,11927.5938205049,16.8252073078787,21.0387653392981,0.0400205494243486,1.00365008889639,15.314516868422,0.106576408981871,0.0539622209784241,0.052614188003447
1987-07-01,310.1,8.56667,14.9,113.8,8.45,834.183987258348,23.0447563306239,256413.919958237,40.0817201230228,12320.4366571356,17.3060043905122,21.6114534737912,0.0376255172610622,0.98654565265522,15.3298966657386,0.109503450278982,0.0563666117283441,0.0531368385506379
1987-08-01,329.4,8.61333,15.38,114.4,8.76,881.454532342657,23.0487515697115,271534.478114035,41.1559523601398,12678.2036229322,18.3269072458563,22.8520955113774,0.0315180019606286,0.964866307674686,15.0443231057597,0.103342175337784,0.0580826224270894,0.0452595529106945
1987-09-01,318.7,8.66,15.86,115,9.42,848.37247173913,23.0527317391304,261935.247001942,42.2189752173913,13035.1208580195,17.6756204499382,22.0077662342067,0.0271380898068602,1.0014476306327,14.4400260839809,0.108358520217187,0.063422804974393,0.0449357152427936
1987-10-01,280.2,8.71,16.4067,115.3,9.52,743.945581092801,23.1255032523851,230288.414678185,43.5606422745013,13484.2003322648,15.5300555636273,19.3133869633154,0.0338853995584384,1.0513845824387,14.4233038979086,0.124278215163171,0.0652423131126656,0.0590359020505054
1987-11-01,245,8.76,16.9533,115.4,8.86,649.924068457539,23.2381013864818,201783.494199234,44.9728886113518,13962.8412743179,13.5908851431891,16.8873663097685,0.049247979245254,0.998871898911261,15.1512985840907,0.137984406842276,0.0617883323594042,0.0761960744828718
1987-12-01,241,8.81,17.5,115.4,8.99,639.313063258232,23.3707389514731,199093.733948327,46.4231477469671,14457.0138759158,13.389028514427,16.6224946339999,0.0487140144849145,1.02873023123253,15.1342063876622,0.14262186698497,0.0631146543380943,0.0795072126468759
1988-01-01,250.5,8.85667,17.8633,115.7,8.67,662.791173292999,23.4336235559637,207013.38320677,47.2640222191011,14762.2441845808,13.8983366835691,17.2374648017574,0.048770254494574,1.03836369556217,15.5286465382476,0.138231973417451,0.0628491400007949,0.0753828334166557
1988-02-01,258.1,8.90333,18.2267,116,8.21,681.1336875,23.4961565049569,213353.963763741,48.1008112435345,15066.7907451862,14.2982709624695,17.7141261704417,0.050954722160582,0.996085089631903,16.0826818165165,0.14165589311359,0.0591802377336828,0.0824756553799075
1988-03-01,265.7,8.95,18.59,116.5,8.37,698.180916309013,23.5179495708154,219307.613135939,48.8490148068669,15344.1043590407,14.6689468111035,18.152060554951,0.0472029970596288,0.983794836071856,15.95096539753,0.144215439236923,0.0597046568604969,0.0845107823764262
1988-04-01,262.6,9.04333,19.6167,117.1,8.72,686.499415029889,23.6414347102903,216257.143128094,51.2827611379163,16154.8038827147,14.4333164208389,17.8405950930435,0.0445270583083366,0.98314430327257,15.6120718681002,0.149451553863794,0.0623655953929068,0.0870859584708874
1988-05-01,256.1,9.13667,20.6433,117.5,9.09,667.227682978723,23.8041357057447,210811.158611866,53.782824006383,16992.7293657647,14.0318913480278,17.3253179862127,0.0421786850610031,1.01873847270167,15.2966678784875,0.151919479261392,0.0647585393889301,0.0871609398724618
1988-06-01,270.7,9.23,21.67,118,8.92,702.277239406779,23.9453968220339,222515.56007673,56.2184993644068,17812.7528144172,14.7664686478796,18.2082355695148,0.039638410850633,0.998294343809813,15.5172731224976,0.145705495633307,0.0648094846500633,0.0808960109832442
1988-07-01,269.1,9.30667,22.0233,118.5,9.06,695.18067721519,24.0424271765823,220901.841731102,56.8939896265823,18078.7347863121,14.6083157175221,17.9887632010284,0.0386096754950862,0.994604285046994,15.4254439389526,0.151421259773079,0.0661222696872676,0.0852989900858114
1988-08-01,263.7,9.38333,22.3767,119,9.26,678.36825,24.138616425,216198.689240142,57.56406075,18345.8976470227,14.2449463106757,17.5187259338957,0.0383192234521964,1.02605676912504,15.2777495621133,0.145454224145276,0.0684783822981418,0.0769758418471345
1988-09-01,268,9.46,22.73,119.8,8.98,684.82612687813,24.1733401502504,218898.852296976,58.0824547161936,18565.5631071279,14.3694287761402,17.6482920036944,0.0404212369730858,1.0193639789786,15.5711582994091,0.138163177293357,0.0711425954185936,0.0670205818747631
1988-10-01,277.4,9.55,23.0733,120.2,8.8,706.487258735441,24.3221100249584,226470.512017595,58.7634912292013,18837.1379413683,14.8114501532777,18.1655173979412,0.0395454272184853,0.996844372665146,15.8198569899391,0.135478136053301,0.0719692065434103,0.0635089295098905
1988-11-01,271,9.64,23.4167,120.3,8.96,689.613902743142,24.5309152119701,221716.913441712,59.5884940087282,19158.2230516256,14.4455306808729,17.6928715433972,0.0392710022376179,0.997695609401824,15.7568265760427,0.149800218379724,0.0702518313383176,0.079548387041406
1988-12-01,276.5,9.75,23.75,120.5,9.11,702.441939834025,24.7696524896266,226504.878152966,60.3363329875519,19455.6631324881,14.702086748572,17.9815864920142,0.0362684503587928,1.00889557820148,15.6944245491349,0.152040743750422,0.0726858037966331,0.0793549399537885
1989-01-01,285.4,9.81333,24.16,121.1,9.09,721.459855491329,24.8070204754335,233303.864650916,61.0738265895954,19749.8996845344,15.0880724427133,18.4254354967432,0.0343199334997088,1.00237698372621,15.7555844869505,0.15402822616148,0.0718292625016028,0.0821989636598774
1989-02-01,294,9.89667,24.56,121.6,9.17,740.143791118421,24.9148260314556,240017.236321579,61.8296990131579,20050.419469585,15.4670604627348,18.8574357177314,0.0310994244174099,0.99539500079332,15.7280967875419,0.150542876299686,0.0699491085177908,0.0805937677818953
1989-03-01,292.7,10.01,24.96,122.3,9.36,732.653468928863,25.0558975878986,238265.343641258,62.4770433360589,20318.0832842016,15.2989691088824,18.6222769276109,0.0294507277065168,1.01949059191549,15.5660616515162,0.154358892280868,0.0692674909587132,0.0850914013221546
1989-04-01,302.3,10.0867,25.0467,123.1,9.18,751.765582859464,25.0838038525589,245160.56041566,62.2866259484159,20312.4810074857,15.6867426561446,19.0614179597655,0.0291193263023481,1.02871727229351,15.7663212970229,0.155034052016695,0.0680029000346396,0.0870311519820552
1989-05-01,313.9,10.1933,25.1333,123.8,8.86,776.198887318255,25.2055690286753,253813.56836738,62.1485807411147,20322.3082441793,16.1863535385445,19.6335692155598,0.0296122244526344,1.04652704479244,16.1273797614974,0.1509207545663,0.0630995857550911,0.0878211688112085
1989-06-01,323.7,10.37,25.22,124.1,8.28,798.496952054794,25.5805171232877,261801.995484133,62.2122123287671,20397.4245477598,16.6419042358086,20.1499861950196,0.0328016985899481,1.02464502271661,16.8369387458276,0.146655891773321,0.0561408693516183,0.0905150224217028
1989-07-01,331.9,10.4233,24.71,124.4,8.02,816.750138665595,25.6499901185691,268487.458984877,60.8071585610932,19988.9277237611,17.0134076504991,20.562062434198,0.0331833244718732,1.00056465661687,17.2102812582536,0.148493764155573,0.0548931309351937,0.0936006332203796
1989-08-01,346.6,10.5467,24.2,124.6,8.11,851.555308988764,25.9119976264045,280638.672846291,59.4565449438202,19594.5062979811,17.7342514365773,21.3936565394795,0.0290588773721218,1.00133823994712,17.1923587093586,0.138758015456575,0.054073698343591,0.0846843171129843
1989-09-01,347.3,10.73,23.69,125,8.19,850.544646,26.2779846,281027.279947807,58.0172838,19169.410486506,17.7142206789791,21.3320671375065,0.0275245371308188,1.01911532801839,17.1602770386949,0.13737480809722,0.0544446286852629,0.0829301794119568
1989-10-01,347.4,10.7967,23.4267,125.6,8.01,846.725266719745,26.3150221277866,280489.883294764,57.0983845879777,18914.6584599351,17.6408538527979,21.2081286974386,0.0292200805485349,1.01629225972521,17.4047585222691,0.135933940658982,0.0517965144901726,0.0841374261688097
1989-11-01,340.2,10.9233,23.1633,125.9,7.87,827.200758538522,26.5601471068308,274755.312513508,56.321867519857,18707.3478258205,17.2423692669474,20.6973052910681,0.0312062138058682,1.00862185743362,17.6461728664988,0.146055835543745,0.0514412389740602,0.0946145965696847
1989-12-01,348.6,11.06,22.87,126.1,7.84,846.281098334655,26.8498822363204,281836.04470396,55.5205069389373,18489.9321353401,17.6502129049473,21.1548819717516,0.0292305405970291,0.981486991250719,17.7700867623967,0.146314471386897,0.0492899345246125,0.0970245368622844
1990-01-01,339.97,11.14,22.49,127.4,8.21,816.908682692308,26.7681346153846,272797.062229834,54.040875,18046.3156441714,17.0488436068783,20.4061544750247,0.0271104618348835,0.989437057605922,17.263138490784,0.149579481869857,0.0496500275878651,0.0999294542819922
1990-02-01,330.45,11.23,22.08,128,8.47,790.311190429687,26.8579048828125,264662.548833694,52.80699375,17684.2157005537,16.5080935164903,19.7353532620964,0.02545090955106,0.999066599217082,17.000722755146,0.149496055876918,0.0522819293576986,0.0972141265192197
1990-03-01,338.46,11.32,21.67,128.7,8.59,805.065374125874,26.9258997668998,270354.909458175,51.5445448717949,17309.5517578404,16.833748233481,20.1010158922065,0.0220676553691771,0.993951991792527,16.892473552476,0.150549821102289,0.0546505668731048,0.0958992542291843
1990-04-01,338.18,11.4367,21.5333,128.9,8.79,803.151264158262,27.161275246315,270472.220406098,51.1399169569434,17222.069500475,16.8139138987358,20.0557192609099,0.0191294454887781,1.00930848522691,16.7642560538268,0.152061165216084,0.0580400969234605,0.0940210682926237
1990-05-01,350.25,11.5533,21.3967,129.2,8.76,829.885115131579,27.3744802302632,280243.439627812,50.6975099013158,17120.0137178713,17.392413588645,20.723389021046,0.0166654977778076,1.02603539408402,16.8810172476913,0.144544864274152,0.0541926013723104,0.0903522629018414
1990-06-01,360.39,11.66,21.26,129.9,8.48,849.309389722864,27.4784191685912,287576.076364385,50.1021605080831,16964.5866519793,17.817082821653,21.2067583278305,0.017515428083203,1.00773607470746,17.2271850424035,0.144554102325362,0.0546803662409745,0.0898737360843873
1990-07-01,360.03,11.7267,21.42,130.4,8.47,845.207698044478,27.5296422871932,286964.038478591,50.2856675613497,17072.9375446808,17.7471715870702,21.102886533307,0.0182385187961745,0.98853791127221,17.2938896678875,0.145501488443077,0.0549529852449884,0.0905485031980882
1990-08-01,330.75,11.7833,21.58,131.6,8.75,769.389594414894,27.4102748537234,261997.880465395,50.1993271276596,17094.2230096545,16.168334756509,19.2119374948429,0.021142960868163,0.99808648765267,16.939778042071,0.157056454563594,0.0593972815241648,0.0976591730394292
1990-09-01,315.41,11.83,21.74,132.7,8.89,727.623773737754,27.2907937076112,248549.931087366,50.1523123587038,17131.5922191412,15.3012854435226,18.1723670219651,0.0232430186387496,1.01866727009843,16.7672120987162,0.161303222714911,0.060683736154612,0.100619486560299
1990-10-01,307.12,11.9267,21.6067,133.5,8.72,704.253766292135,27.3489951629213,241345.455334825,49.5461052752809,16979.2877369855,14.8181479655008,17.5921647493559,0.0267108638346087,1.02943306475513,16.9778568563554,0.158303544825237,0.0601650184100093,0.0981385264152275
1990-11-01,315.29,12.0133,21.4733,133.8,8.39,721.367260650224,27.4858108800448,247995.135143739,49.1298030325112,16890.0819419647,15.1876075995032,18.0237397540985,0.0277440275367621,1.02809441937241,17.438379846171,0.154197519131953,0.0579342890006775,0.0962632301312754
1990-12-01,328.75,12.09,21.34,133.8,8.08,752.163046524664,27.6612965246637,259374.720978025,48.8248195067264,16836.6739031819,15.8463149747288,18.7964956620192,0.0271335028708899,1.00605289322084,17.9283010027447,0.14522336198856,0.059399968703882,0.0858233932846779
1991-01-01,325.49,12.1067,21.1833,134.6,8.09,740.278157317979,27.5348722455423,256067.611325611,48.1782367812036,16665.2033272722,15.6061901188024,18.503950717934,0.0277832938089167,1.02324270106363,17.9296166034429,0.14649112480056,0.0598381630992761,0.0866529617012834
1991-02-01,362.26,12.1133,21.0267,134.8,7.85,822.68359161721,27.5090077577893,285365.215655003,47.7511209514095,16563.4869431156,17.3546647452051,20.5631412930162,0.0228079814076162,0.988865489485786,18.3191292194901,0.131239838863997,0.0580846043990859,0.0731552344649107
1991-03-01,372.28,12.11,20.94,135,8.11,844.186264444444,27.4607705555555,293617.651946408,47.4837766666667,16515.4013961475,17.8186200833974,21.0980752489814,0.0181525435112166,1.01153171151915,18.088317416388,0.117078155885305,0.0613613402871371,0.0557168155981682
1991-04-01,379.68,12.13,20.3633,135.2,8.04,859.692967455621,27.4654332470414,299807.126887287,46.1077375795118,16079.4944873153,18.155345895198,21.4815318736301,0.0172614179153789,1.00465691603994,18.2698402447084,0.114806604908808,0.0582471304480336,0.0565594744607745
1991-05-01,377.99,12.14,19.8567,135.6,8.07,853.341694137168,27.4069900442478,298388.687041093,44.8280378263274,15675.0565940074,18.035430911004,21.325816065887,0.0168198758599404,0.992552276885497,18.3007770460042,0.122273327511674,0.0560055691061847,0.0662677584054894
1991-06-01,378.29,12.15,19.41,136,8.28,851.507146875,27.348890625,298544.125145008,43.690696875,15318.2517884814,18.0152270446883,21.2890846272589,0.0141649452424473,1.00757518197676,18.1110529907095,0.119315518156239,0.0582911640823516,0.0610243540738875
1991-07-01,380.23,12.1933,18.84,136.2,8.27,854.617175660793,27.4060531993392,300435.250988105,42.3453898678414,14886.2533956182,18.1034523455197,21.3812522649153,0.0130047304938539,1.03227568498244,18.2214512610503,0.115910942632518,0.0587353559953321,0.0571755866371861
1991-08-01,389.4,12.2367,18.33,136.6,7.9,872.66506954612,27.4230628056369,307583.240676308,41.0784558931186,14478.6872151944,18.5122584553377,21.8518491225019,0.0149980508193341,1.02392193112211,18.7544818400539,0.110991402751023,0.0583458214291366,0.0526455813218865
1991-09-01,387.2,12.28,17.82,137.2,7.65,863.94,27.39975,305312.751599753,39.760875,14051.3254997614,18.3572825917743,21.6584129760726,0.0174008773057264,1.01474116619722,19.1191465809549,0.0981340932644539,0.0582497763452459,0.039884316919208
1991-10-01,386.88,12.2533,17.2033,137.4,7.53,861.969484716157,27.3003791539301,305420.36637997,38.3289899617904,13581.0540450386,18.349187992002,21.6395450158591,0.0185535063143097,1.01398091928339,19.3727449452723,0.101914025159171,0.0589629498645265,0.0429510752946443
1991-11-01,385.92,12.2267,16.5867,137.8,7.42,857.334722786647,27.1620399437591,304580.161844312,36.8479318160377,13090.7436009097,18.2888681693013,21.5602967844233,0.0198020849519743,1.02963811010082,19.586573137275,0.107851720372497,0.0577111084730608,0.0501406118994361
1991-12-01,388.51,12.2,15.97,137.9,7.09,862.462618020304,27.0830710659898,307203.721753625,35.4521840101523,12627.8433924619,18.4416523135127,21.7329346730311,0.0223922892410925,1.01018411624422,20.152457723362,0.108952469055153,0.0518750578057032,0.0570774112494499
1992-01-01,416.08,12.24,16.0467,138.1,7.03,922.328241853729,27.1325170166546,329332.847003379,35.5708628113686,12701.1762065207,19.7730682114626,23.291329926002,0.0191605697638294,0.984065501870618,20.3282101571246,0.100688389241661,0.0515763884232876,0.0491120008183736
1992-02-01,412.56,12.28,16.1233,138.6,7.34,911.226272727273,27.1229848484848,326175.761688186,35.6117281439394,12747.3086543221,19.5829829703867,23.058298827242,0.0165969497538058,0.992179138194585,19.9321247808697,0.0975652099875557,0.0547379052233365,0.0428273047642191
1992-03-01,407.36,12.32,16.19,139.3,7.54,895.219658291457,27.0745929648241,321253.771627836,35.5793555276382,12767.8185454013,19.2835618612985,22.6984652632899,0.016023313388901,1.01047555634519,19.6768603051211,0.10393468426541,0.0528993096145427,0.0510353746508672
1992-04-01,407.41,12.32,16.4833,139.5,7.48,894.045912365591,27.035776344086,321641.060324106,36.1719815107527,13013.1957724168,19.301229507881,22.7126895136147,0.0162859346889812,1.01254645391917,19.8544802903038,0.099247300865847,0.0523941193669895,0.0468531814988575
1992-05-01,414.81,12.32,16.7667,139.7,7.39,908.981734251968,26.9970708661417,327823.726546068,36.7412165658554,13250.6980928135,19.6622797956417,23.1303495913258,0.0154028221690633,1.01532935685612,20.0748025334542,0.0940228370768159,0.0520939179799964,0.0419289190968195
1992-06-01,408.27,12.32,17.05,140.2,7.26,891.459874643367,26.900790299572,322312.957722118,37.2287722895863,13460.2981584787,19.3153659676446,22.7168059004716,0.0166950012722171,1.03623245024525,20.3098454168275,0.0891511606171027,0.0531328687831352,0.0360182918339675
1992-07-01,415.05,12.3433,17.38,140.5,6.84,904.328959964413,26.8941179412811,327776.168480615,37.8682985765124,13725.4543023565,19.6207406948244,23.0705436625353,0.0197776113526386,1.02386584238446,21.0007833980745,0.0748956599860078,0.0522290381104364,0.0226666218755713
1992-08-01,417.93,12.3667,17.71,140.9,6.59,908.018921753016,26.868608617814,329925.153074024,38.4777716465578,13980.7490750627,19.7221374983515,23.1846006639555,0.0220979108260922,1.01793819839669,21.4409429541287,0.0750521177233503,0.0533549558178239,0.0216971619055264
1992-09-01,418.48,12.4,18.04,141.3,6.42,906.640029723991,26.8646921443737,330237.569810934,39.0837940552017,14236.0107039506,19.7087664247453,23.1642741668519,0.0239142473868124,0.992997227178568,21.7637698324817,0.0695448776410603,0.0552952387134147,0.0142496389276456
1992-10-01,412.5,12.3867,18.39,141.8,6.59,890.533101198871,26.7412517930183,325182.422289122,39.7015848025388,14497.2236264168,19.370271076907,22.7630520235733,0.0231499418965317,0.985396689960901,21.5351594185511,0.0695463672685392,0.0559694701264908,0.0135768971420485
1992-11-01,422.84,12.3833,18.74,142,6.87,911.570085211267,26.6962582447183,333676.533178578,40.4002066901408,14788.3318318195,19.8336560388012,23.3033315507849,0.0195015702785037,1.01293358172001,21.190786534442,0.0736587144992082,0.0570699398442414,0.0165887746549669
1992-12-01,435.64,12.39,19.09,141.9,6.77,939.826526427061,26.7295258985201,344835.041783107,41.1837489429175,15110.873536956,20.448606721243,24.0201863247311,0.0193367117727539,1.0179889555372,21.4799860545391,0.0692570001637469,0.0563987873135996,0.0128582128501473
1993-01-01,435.23,12.4133,19.34,142.6,6.6,934.332901998597,26.6483344723001,343634.159616742,41.5182738429172,15269.8220411915,20.3234108029957,23.8679502241695,0.021636349599386,1.03057140117652,21.7590500553038,0.0689205544225497,0.0547526096524034,0.0141679447701464
1993-02-01,441.7,12.4467,19.59,143.1,6.26,944.909271488469,26.6266747327044,348340.071269473,41.9080204402516,15449.3592849648,20.5453367929004,24.1229196090426,0.0247622324173216,1.02612432812809,22.3459030101804,0.0596008359866012,0.0527803953683723,0.00682044061822884
1993-03-01,450.16,12.48,19.84,143.6,5.98,959.65428551532,26.6049526462396,354593.133872423,42.2950529247911,15628.0606362824,20.8552001486909,24.4802506979344,0.0272014137064186,1.00573037102614,22.8498360124836,0.0584589498500141,0.0509213337230288,0.00753761612698534
1993-04-01,443.08,12.4933,19.67,144,5.97,941.937310416666,26.5593242760417,348864.503291354,41.8161661458333,15487.4171249908,20.4573620166422,24.0079883012511,0.0277827305362514,0.999762144272872,22.9169385672473,0.0658908204128839,0.0498803325753909,0.0160104878374929
1993-05-01,445.25,12.5067,19.5,144.2,6.04,945.237651699029,26.550934842233,350906.318380532,41.3972694174757,15368.1599290744,20.5176056337649,24.0738560300624,0.0264533735469106,1.01101232056274,22.8797102667903,0.0709717971550787,0.0539261876852233,0.0170456094698554
1993-06-01,448.06,12.52,19.33,144.4,5.96,949.885648545706,26.5423566481994,353452.945864141,40.979533067867,15248.5056544968,20.6083570129602,24.1757611102397,0.0268691716172204,1.01625318788874,23.0996306479568,0.0760336204726313,0.0552232892315523,0.020810331241079
1993-07-01,447.29,12.52,19.69,144.4,5.81,948.253251211911,26.5423566481994,353668.565361238,41.7427318213296,15568.7228687491,20.5645964132971,24.1204242506805,0.0280560842826182,1.0146808528423,23.4750732850386,0.0764915778473942,0.0479738674835177,0.0285177103638765
1993-08-01,454.13,12.52,20.05,144.8,5.68,960.094486015193,26.4690352209945,358907.648902186,42.3885108770718,15845.8995452598,20.8122275466274,24.4051536387975,0.0287534039146165,1.02930651947813,23.7539070847647,0.0743238863252458,0.0426927126109313,0.0316311737143145
1993-09-01,459.24,12.52,20.41,145.1,5.36,968.890372846313,26.4143094417643,363018.635818909,43.0603878359752,16133.6346073163,20.9935010052291,24.6105989363855,0.0312368606311546,1.00677354598864,24.3994999752012,0.0760979634683008,0.0414437753513033,0.0346541881169975
1993-10-01,463.9,12.54,20.9,145.7,5.33,974.691470487303,26.3475555936857,366014.806600771,43.9125926561428,16489.9966759132,21.1091782474751,24.737889343598,0.0313953055309023,0.974977369064927,24.4636121353231,0.0774932393810011,0.0414854001780909,0.0360078392029102
1993-11-01,462.89,12.56,21.39,145.8,5.72,971.902321502057,26.3714773662551,365792.677615372,44.9112978395062,16903.1635468314,21.0379011896064,24.6454076384344,0.0275217786202739,1.00099770360451,23.8351091658366,0.079150376069161,0.0447710928844867,0.0343792831846743
1993-12-01,465.95,12.58,21.89,145.8,5.77,978.327219650205,26.413470164609,369039.233493737,45.9611177983539,17337.2010326814,21.1647320798146,24.7837089473295,0.0266344994756456,1.00631727901658,23.8588895401653,0.081575467808096,0.04540595015714,0.036169517650956
1994-01-01,472.99,12.6233,22.1567,146.2,5.75,990.391561046512,26.4318691569767,374420.951992626,46.3938110755814,17539.3405928561,21.4119749138265,25.0611360051913,0.0259606559122276,0.988356837425002,23.943923027307,0.0846988855046782,0.0459061140534203,0.0387927714512579
1994-02-01,471.58,12.6667,22.4333,146.7,5.97,984.073663599182,26.4323463139059,372865.185686077,46.8128837474438,17737.3861700061,21.263840187313,24.8753269692919,0.0239325170583003,0.967735024027258,23.5844817564759,0.0857409168935148,0.0478803872040052,0.0378605296895096
1994-03-01,463.81,12.71,22.71,147.2,6.48,964.571982167119,26.4326122622283,366310.614044741,47.2293174252717,17936.038560954,20.8333758894604,24.3599404181089,0.0199546784883649,0.970388654356909,22.7460034451593,0.0852579855183391,0.0535007398330722,0.0317572456852668
1994-04-01,447.23,12.7533,23.54,147.4,6.97,928.829049016282,26.4866746658752,353574.92728873,48.8890186567164,18610.4549971529,20.0552500850638,23.4400992394594,0.016553849274837,0.990941497938113,22.0425146063871,0.0898080685186902,0.0523236830342602,0.03748438548443
1994-05-01,450.9,12.7967,24.37,147.5,7.18,935.816201694915,26.5587917237288,357077.213931032,50.5784893220339,19299.1166633383,20.1964924212815,23.593459579735,0.0138743245504507,1.01166683909429,21.8280337356354,0.0852781230578767,0.0500088747298058,0.035269248328071
1994-06-01,454.83,12.84,25.2,148,7.1,940.783586655405,26.558629054054,359817.100335302,52.1244121621622,19935.7802441563,20.2907636906703,23.6900872344319,0.0144947402163953,0.99183211848935,22.0080941838758,0.0871658207274506,0.0491434942531375,0.0380223264743131
1994-07-01,451.4,12.87,25.91,148.4,7.3,931.172193396226,26.5489280660377,356987.246054623,53.4485412735849,20490.7832194845,20.0679518161422,23.4158890761099,0.0129226879446433,1.01031982821518,21.769498196694,0.0857371728216081,0.0527746611856865,0.0329625116359216
1994-08-01,464.24,12.9,26.62,149,7.24,953.802889932886,26.5036560402685,366510.002097121,54.6920406040268,21016.0612093429,20.5355494047556,23.9450209326116,0.0124087449664432,0.990648414384984,21.9055886085687,0.0813150700249781,0.0543038421349757,0.0270112278900023
1994-09-01,466.96,12.92,27.33,149.4,7.46,956.822606425702,26.4736767068273,368518.098941632,56.0004322289156,21568.4419309465,20.5764501008189,23.9753691027534,0.00989518531805646,0.986873306770536,21.6426355861178,0.083467666640533,0.0570063477490363,0.0264613188914966
1994-10-01,463.81,13.0133,28.42,149.5,7.74,949.732413210702,26.6470166939799,366642.580061268,58.1949401337793,22466.0574919498,20.3957592824103,23.7478310338578,0.0072995277900827,0.991395963323612,21.3442526997084,0.0835632992767434,0.0585397106986694,0.0250235885780741
1994-11-01,461.01,13.0967,29.51,149.7,7.96,942.737733967936,26.7819641232465,364803.89035821,60.3461758517034,23351.6904285607,20.2094730203941,23.5137543364518,0.00568994097698412,1.01696439258311,21.1323352839958,0.0891193770790324,0.0591295730127228,0.0299898040663096
1994-12-01,455.19,13.17,30.6,149.7,7.81,930.836183867735,26.9318582164329,361066.907706605,62.5751603206413,24272.6056719658,19.9114841080903,23.1501107852238,0.00793046897732307,1.00857723796298,21.4908325159515,0.0935812392019217,0.0577648089498488,0.0358164302520729
1995-01-01,465.25,13.18,31.25,150.3,7.78,947.610242015968,26.8447135728543,368441.229383615,63.6492639720559,24747.5301842837,20.2191194224573,23.4883726365587,0.00768413220032451,1.02815261453432,21.5886368976671,0.089664153638161,0.0575199029762488,0.0321442506619123
1995-02-01,481.92,13.18,31.9,150.9,7.47,977.660469184891,26.7379751491054,380991.421242036,64.7148260437376,25219.178157414,20.8025717643327,24.1442822439064,0.00931988864862308,1.02532272306644,22.1081573533893,0.0872089988587272,0.0551972074196507,0.0320117914390765
1995-03-01,493.15,13.17,32.55,151.4,7.2,997.138551023778,26.6294529392338,389446.757667039,65.8153905217965,25705.1444024376,21.152737302037,24.5273208220948,0.0111766166018618,1.01596365667819,22.5931348178558,0.0837050012168041,0.0496572814170528,0.0340477197997513
1995-04-01,507.91,13.2433,33.1767,151.9,7.06,1023.60249193548,26.6895215322581,400651.293827422,66.8617526612903,26170.5573426872,21.6427392618797,25.0704448085467,0.0113621816253565,1.03707315002992,22.8782482239456,0.0772831598298425,0.0493681462747009,0.0279150135551416
1995-05-01,523.81,13.3067,33.8033,152.2,6.63,1053.5653467477,26.7644336678712,413252.13943272,67.9902741179369,26668.6127505891,22.19542669802,25.6842177111279,0.0143291727329355,1.03958192905944,23.6796500336815,0.0754908214365984,0.0479277895119488,0.0275630319246496
1995-06-01,539.35,13.36,34.43,152.5,6.17,1082.68765327869,26.8187763934426,425551.738990176,69.1145562295082,27165.5629432312,22.7183567595206,26.2615217839711,0.0178069058689434,0.997037575166566,24.5685095016083,0.0746034625581,0.0455643770192493,0.0290390855388507
1995-07-01,557.37,13.44,34.68,152.5,6.28,1118.86088311475,26.9793678688525,440653.361840407,69.6164045901639,27417.798928226,23.3764126915121,26.9927593595364,0.0152755274177297,0.989906047085695,24.4957271389403,0.0722891264589864,0.0442088946716011,0.0280802317873854
1995-08-01,559.11,13.51,34.93,152.9,6.49,1119.4175704709,27.0489373773708,441760.35670706,69.9348173642904,27598.6644126873,23.2840702562305,26.8577261223131,0.0134244830510028,1.0268502039316,24.1850322723756,0.0718060562370286,0.0446974455277434,0.0271086107092853
1995-09-01,578.77,13.58,35.18,153.2,6.2,1156.51052986292,27.1358449738903,457290.897895514,70.2974246083551,27796.0049552745,23.9460070752999,27.5914227707665,0.015053027578776,1.01708176547153,24.7857739789689,0.0671119034729692,0.0417443592655784,0.0253675442073908
1995-10-01,582.92,13.65,34.7733,153.7,6.04,1161.01393819128,27.1869900780742,459967.395702316,69.2587078448276,27438.7295700531,23.9267627640833,27.5403472770917,0.0166422805443883,1.01326553331576,25.1271510838578,0.0634450961532198,0.0382970248809789,0.0251480712722409
1995-11-01,595.53,13.72,34.3667,153.6,5.93,1186.90175830078,27.344201171875,471126.325714597,68.4934372021484,27187.6431043538,24.3475868811148,27.9966512606292,0.0166672683456714,1.02157005647702,25.4770519745136,0.0658897390429147,0.0374221339487748,0.0284676050941399
1995-12-01,614.57,13.79,33.96,153.5,5.71,1225.64676009772,27.5016171009772,487415.389393079,67.7269700325733,26933.6717115852,25.0273806649391,28.7499979015454,0.0173998946314253,1.00930565538791,26.0435488599275,0.064962553366827,0.0365306963782022,0.0284318569886248
1996-01-01,614.42,13.8933,33.9867,154.4,5.65,1218.20504242228,27.5461217341321,485368.84480189,67.3851263228627,26848.2232310608,24.762465194644,28.4199473508372,0.0187486422747624,0.992669377363118,26.1326802242997,0.0661546870657077,0.0361880996375841,0.0299665874281236
1996-02-01,649.54,13.9967,34.0133,154.9,5.81,1283.68015719819,27.661554417366,512374.494701398,67.2201839622337,26830.5991942406,25.9760655505934,29.7843953282164,0.0158803402138387,0.970936687368695,25.8573763799479,0.0601674003922548,0.0362173087024007,0.0239500916898541
1996-03-01,647.07,14.1,34.04,155.7,6.27,1272.22814017341,27.7225289017341,508725.588586717,66.9272967244701,26762.203525881,25.6299303952161,29.3609700493823,0.0128089244896474,0.987723678678342,24.9768792180741,0.0619064776461455,0.0383997829517737,0.0235066946943718
1996-04-01,647.17,14.1567,34.33,156.3,6.51,1267.54020585413,27.7271604558541,507774.963113909,67.2383690019194,26935.6034483992,25.4242038483815,29.1000292250428,0.0113141655571001,0.988823227076354,24.5755515490035,0.0620512836494949,0.0374058999279434,0.0246453837215515
1996-05-01,661.23,14.2133,34.62,156.6,6.74,1292.59697844828,27.7846870737548,518740.216197577,67.6764626436781,27159.6665075089,25.814043827699,29.5199468223431,0.00833294750394321,0.99343767693066,24.2543227872044,0.0584254181691861,0.0377204113275031,0.020705006841683
1996-06-01,668.5,14.27,34.91,156.7,6.91,1305.97468889598,27.8777244735163,525041.224643397,68.1998150925335,27418.383174721,25.9666735583338,29.6680532176083,0.00590178742061943,1.0086290442913,24.0797814687277,0.0540459480031399,0.0387065321136291,0.0153394158895108
1996-07-01,644.07,14.4,35.2733,157,6.87,1255.84419697452,28.0779363057325,505827.935969573,68.7778799092357,27702.300268349,24.8584113323484,28.3792782360958,0.00821698243303164,1.02240052444742,24.2411576059101,0.0584310841389475,0.0383081816262592,0.0201229025126883
1996-08-01,662.68,14.53,35.6367,157.3,6.64,1289.66669866497,28.2773844564526,520400.065098341,69.3539343881119,27985.363976414,25.4125291214549,28.9880005542619,0.00964854594390738,0.991873330639626,24.7369042795341,0.0576172699588211,0.0381322182146495,0.0194850517441716
1996-09-01,674.88,14.66,36,157.8,6.83,1309.24795437262,28.4399819391635,529257.728964392,69.8389733840304,28232.0979177307,25.6801155128768,29.2688868782746,0.00719608725339738,1.02754887134033,24.4581320517851,0.058998295684821,0.041545970350527,0.017452325334294
1996-10-01,701.46,14.74,36.91,158.3,6.53,1356.51418919773,28.5048600758054,549325.143598494,71.3781808275426,28904.8428281305,26.4834677208972,30.1580819956563,0.00924878619917694,1.0298410366578,25.0525452963863,0.0593963145995295,0.0399392233425577,0.0194570912569718
1996-11-01,735.67,14.82,37.82,158.6,6.2,1419.97993647541,28.605356557377,575991.138807514,72.9996346153846,29611.0822375524,27.5856120490128,31.3834045415074,0.0111425123911443,0.997805888037948,25.7513369379528,0.0566370380665642,0.0387079794714593,0.0179290585951049
1996-12-01,743.25,14.9,38.73,158.6,6.3,1434.61074637453,28.7597714375788,582898.042486491,74.7561038776797,30374.222920285,27.723946163894,31.5106812583719,0.00986775735176886,0.98489521843778,25.6948356215384,0.0574681654788967,0.0395084890990989,0.0179596763797978
1997-01-01,766.22,14.9533,39.2333,159.1,6.58,1474.29926492772,28.7719443478944,599998.118126579,75.4895791687618,30722.1244132175,28.3328701299504,32.1705886585224,0.00596422455390427,1.01719771613806,25.2271898787718,0.0548229600836783,0.0398476634346907,0.0149752966489876
1997-02-01,798.39,15.0067,39.7367,159.6,6.42,1531.38555592105,28.7842327960526,624206.821977731,76.2186505592105,31067.4222158124,29.2656348835759,33.194645513976,0.00639235690155873,0.985817741509284,25.5806482001661,0.0517636525158254,0.0385854653809456,0.0131781871348797
1997-03-01,792.16,15.06,40.24,160,6.69,1515.6372525,28.8142509375,618766.414935448,76.99106625,31431.9841155858,28.8024585918717,32.6354855903807,0.00403798584953689,0.991234118964386,25.1548121929437,0.0491009543678802,0.0411084486961129,0.00799250567176735
1997-04-01,763.93,15.0933,40.3433,160.2,6.89,1459.80013155431,28.8419113342697,596951.87152343,77.0923443867041,31525.1507840132,27.5851603381365,31.2258514875058,0.00314649290942176,1.01875163590657,24.9031791278773,0.0565107359687875,0.0408028300406089,0.0157079059281786
1997-05-01,833.09,15.1267,40.4467,160.1,6.71,1592.95289803248,28.9237904700187,652387.293105805,77.3382083338538,31673.5444286482,29.9283622246888,33.8424535121399,0.00167667408968743,1.021648823688,25.3860009183202,0.0500303486217633,0.0380873605669394,0.0119429880548239
1997-06-01,876.29,15.16,40.55,160.3,6.49,1673.46517139738,28.9512969432314,686348.836477782,77.4389901746725,31760.541965758,31.2565606163813,35.3059108555462,0.00222059156432687,1.02535360538449,25.9032191766234,0.0448739432460616,0.0333625472636805,0.0115113959823812
1997-07-01,925.29,15.2167,40.58,160.5,6.22,1764.83934252336,29.0233665373832,724816.663569648,77.3997130841121,31787.9369793863,32.7666376896699,36.9703898127775,0.00330199247376572,0.999294710430358,26.5268626514806,0.0398150587567989,0.0321694799997605,0.00764557875703842
1997-08-01,927.24,15.2733,40.61,160.8,6.3,1765.2590988806,29.0769722994403,725984.212284581,77.3124239738806,31795.6719521126,32.5862834867132,36.7260436562845,0.00231998601638697,1.01190139788322,26.4586980216164,0.0353868380152655,0.0357136210669464,-0.000326783051680879
1997-09-01,937.02,15.33,40.64,161.2,6.21,1779.45155117866,29.1124973635236,732818.769375089,77.1775533498759,31783.4782474265,32.6665813417086,36.7754065980132,0.00286042172095602,1.01858550215714,26.7071577983275,0.03727056549173,0.0360905593275742,0.00118000616415581
1997-10-01,951.16,15.3867,40.3333,161.6,6.03,1801.83312438119,29.147846560953,743036.324519803,76.4055216321163,31507.9555361397,32.9014981797981,36.9980763908736,0.00442871522178448,1.01627600172751,27.1361882824043,0.0386726223029918,0.0345263245706509,0.00414629773234099
1997-11-01,938.92,15.4433,40.0267,161.5,5.88,1779.74756842105,29.2731815526316,734934.695299865,75.8716631842105,31330.689055893,32.3366005328127,36.323017872736,0.00630598914557348,1.01016704323697,27.5949330021691,0.0340917091847768,0.0357013724420223,-0.00160966325724554
1997-12-01,962.37,15.5,39.72,161.3,5.81,1826.4595299132,29.4170877247365,755236.382101315,75.3836596404216,31170.9520216385,33.0307890429054,37.0612921949115,0.00622791943366666,1.02540669731549,27.9100554152414,0.0326183706752461,0.0353715405500248,-0.00275316987477869
1998-01-01,963.36,15.55,39.66,161.6,5.54,1824.94423514851,29.4571944616337,755624.851158608,75.1300535272277,31107.8741041256,32.8599684150522,36.8286335335559,0.00900897850325933,1.00233476452908,28.5660281207081,0.0249932270291007,0.0358351917204727,-0.010841964691372
1998-02-01,1023.74,15.6,39.6,161.9,5.57,1935.73172853613,29.4971525633107,802514.602644026,74.8773872760963,31042.6263159625,34.70967778227,38.8560440806042,0.00701124333731877,0.998578570593898,28.5796667578506,0.0169422733102511,0.035807699768704,-0.0188654264584529
1998-03-01,1076.83,15.64,39.54,162.2,5.65,2032.35065243526,29.5180893958076,843590.622785235,74.6256556720099,30975.7094666087,36.2969277364251,40.5832590117805,0.00469812173564154,1.00546656295663,28.4862578664427,0.0083194071987045,0.0375443133279136,-0.0292249061292091
1998-04-01,1112.2,15.75,39.35,162.5,5.64,2095.23080307692,29.6708192307692,870717.310190622,74.1299515384615,30806.2634022667,37.2769340430288,41.6273977281411,0.00373389618305408,1.0039421129909,28.5891022873205,0.00871010839866959,0.0353786283296293,-0.0266685199309598
1998-05-01,1108.42,15.85,39.16,162.8,5.65,2084.26193826781,29.8041822788698,867191.113617882,73.6360743243243,30637.4876033239,36.956598518969,41.2182193239652,0.00370465979656482,1.01615407168597,28.6489134570787,0.0108289733404225,0.0329028167411214,-0.0220738434006988
1998-06-01,1108.39,15.95,38.97,163,5.5,2081.64821917178,29.9554210122699,867142.253285362,73.1888875766871,30487.9452273392,36.802293460092,40.9943412619805,0.00500629955909039,1.00764107003431,29.075990169147,0.00544999701531146,0.0288205591334403,-0.0233705621181288
1998-07-01,1156.58,16.0167,38.6767,163.2,5.46,2169.491078125,30.043825546875,904777.467763338,72.549028671875,30256.278586386,38.2596450852486,42.5610249557042,0.00406126006592409,1.01377332378172,29.2622572362406,-0.00559217818734692,0.0287269458281101,-0.034319124015457
1998-08-01,1074.62,16.0833,38.3833,163.4,5.34,2013.28478610771,30.1318263203794,840679.462652457,71.9105487805997,30027.4069148425,35.4234010248783,39.3579537376605,0.00704574198849224,1.0461845002816,29.628985748185,0.00423776786773811,0.02920650818302,-0.0249687403152818
1998-09-01,1020.64,16.14,38.09,163.6,4.81,1909.81645232274,30.2010871026895,798525.507239015,71.2738170843521,29800.7491091218,33.5323569808349,37.2148349413504,0.0133725728076678,1.02634266330297,30.9594915343303,0.00455324891559128,0.0268516520047137,-0.0222984030891225
1998-10-01,1032.47,16.1667,37.9633,164,4.53,1927.24060929878,30.177264964939,806862.299719383,70.8634763460366,29667.8407536653,33.7731028790481,37.4400003098908,0.0158680417951298,0.98017336887879,31.6975468812264,-0.017876654765095,0.0247741101367354,-0.0426507649018304
1998-11-01,1144.43,16.1833,37.8367,164,4.83,2136.22862698171,30.2082510411585,895411.549864991,70.6271608490854,29603.7487559542,37.3693918839209,41.3755770005443,0.00993276786939495,1.018303605545,31.069091311765,-0.0348939729743953,0.0315178251100994,-0.0664117980844947
1998-12-01,1190.05,16.2,37.71,163.9,4.65,2222.73966671751,30.2578737034777,932730.006308459,70.433606009762,29556.1098591588,38.8202747800981,42.9273398749331,0.0104984066169053,0.998340061131035,31.6570707957259,-0.0381667681586417,0.0405947082746838,-0.0787614764333255
1999-01-01,1248.77,16.28333333,37.93333333,164.3,4.72,2326.73669004869,30.3394773218477,977431.307794641,70.6782501459499,29690.9980266598,40.5769576772081,44.8110534496352,0.00842239590442174,0.982076022499482,31.5275785436635,-0.0441315106295771,0.0398647906614993,-0.0839963012910764
1999-02-01,1246.58,16.36666667,38.15666667,164.5,5,2319.83233404255,30.4576702189691,975597.117859899,71.0079329849266,29862.1300120272,40.4001592292599,44.5577345353783,0.00543091565481031,0.986399933085846,30.9248345839121,-0.0510363177127088,0.0383960628749731,-0.0894323805876819
1999-03-01,1281.66,16.45,38.38,165,5.23,2377.88710090909,30.5199840909091,1001081.4296965,71.2071118181818,29977.9233741801,41.356103632713,45.551555032015,0.00227998729866216,1.00822947612763,30.4118176286125,-0.0592388358346656,0.0405779166996556,-0.0998167525343212
1999-04-01,1334.76,16.45,39.26,166.2,5.18,2458.52431949458,30.2996231949458,1036092.39435167,72.3138727436823,30475.1321602736,42.7045095168921,46.9725812598806,0.00209134319912849,0.976896625801564,30.4407040174761,-0.051751402296686,0.0394781276326093,-0.0912295299292952
1999-05-01,1332.07,16.45,40.14,166.2,5.54,2453.5695482852,30.2996231949458,1035068.40610644,73.9347644404332,31190.2871629211,42.556676709518,46.7466748008521,-0.00201145925578571,0.977638549150395,29.7374210416965,-0.0458036869681868,0.0386579470734405,-0.0844616340416273
1999-06-01,1322.55,16.45,41.02,166.2,5.9,2436.03444720217,30.2996231949458,1028736.19762433,75.5556561371841,31907.1179362216,42.1806759117469,46.2714325532117,-0.00565123367409677,1.01320091239863,29.0724491626786,-0.0433369527184961,0.0366486665547672,-0.0799856192732633
1999-07-01,1380.99,16.5133333333333,42,166.7,5.79,2536.04688797241,30.3250476904619,1072038.59194887,77.1287042591482,32603.8717600074,43.8280359928054,48.0119978938017,-0.00538163577148927,0.993604318018861,29.367880991442,-0.0459163368629909,0.0374569672900671,-0.083373304153058
1999-08-01,1327.49,16.5766666666667,42.98,167.1,5.94,2431.96406328546,30.3684830939557,1029110.44663271,78.7394371633752,33319.3975067788,41.9307121599405,45.8734551895944,-0.00576784155938046,1.00644743676302,29.1102028474304,-0.0347209201276806,0.038187504413066,-0.0729084245407465
1999-09-01,1318.17,16.64,43.96,167.9,5.92,2403.38348228112,30.3392590827874,1018086.14566473,80.1510714711137,33952.4241663986,41.323451334715,45.1518392470653,-0.00505558370755328,0.990828492437972,29.1582921887535,-0.0302749587804968,0.0399033022761912,-0.070178261056688
1999-10-01,1300.01,16.6566666666667,45.3633333333333,168.2,6.11,2366.04525133769,30.3154799346017,1003339.62059079,82.5622106123662,35011.138110784,40.5528543995399,44.2560411056249,-0.0068050214315522,1.01105188984762,28.8393372027004,-0.026647623354784,0.0413293792056322,-0.0679770025604162
1999-11-01,1391,16.6733333333333,46.7666666666667,168.3,6.03,2530.1446969697,30.3277828282828,1073998.97545087,85.0657323232323,36108.8081130498,43.2082907146139,47.0940975883969,-0.00770491712028447,0.986606610227044,29.1407413264466,-0.0313156393685363,0.0403798936975017,-0.071695533066038
1999-12-01,1428.68,16.69,48.17,168.3,6.28,2598.68233333333,30.3580984848485,1104165.78707561,87.6183106060606,37228.5368056051,44.1979397610406,48.1109686829952,-0.0108865266953008,0.97770689842364,28.7504480195886,-0.0316992645492843,0.0406048183768826,-0.0723040829261669
2000-01-01,1425.59,16.7133333333333,49.0966666666667,168.8,6.66,2585.38094031398,30.3104914099526,1099587.32861119,89.0393354561611,37869.2839762582,43.772578146938,47.5876872729216,-0.0152167421652514,1.0157545650432,28.0262485909015,-0.0303223938877082,0.0420068875572601,-0.0723292814449683
2000-02-01,1388.87,16.7366666666667,50.0233333333333,169.8,6.52,2503.95348012367,30.1740513839811,1066024.89105044,90.1856182273262,38395.3274724392,42.1856358879173,45.8076953218718,-0.0128330715795279,1.02460558129185,28.3001351183435,-0.0301940942691857,0.0416350842033928,-0.0718291784725785
2000-03-01,1442.21,16.76,50.95,171.2,6.26,2578.85596831192,29.9690239485981,1098976.87195692,91.1051175525701,38824.3540304152,43.2207484399659,46.8760093358882,-0.0105171108445779,1.02536857324376,28.7593556753966,-0.027943646299565,0.0395091002226478,-0.0674527465222128
2000-04-01,1461.36,16.74,51.2733333333333,171.3,5.99,2611.57316637478,29.9157872154116,1113981.65482051,91.6297568593111,39085.2033139202,43.5285742885077,47.1554068552447,-0.00808041655994231,0.972074301840401,29.471724703824,-0.0255326189447413,0.0360846769411745,-0.0616172958859158
2000-05-01,1418.48,16.72,51.5966666666667,171.5,6.44,2531.9868,29.8452,1081094.51635261,92.10005,39324.3989308322,41.9660505033243,45.4130381050099,-0.011844161384852,1.0306182214764,28.6152966455716,-0.0285905450788017,0.0430799746043395,-0.0716705196831412
2000-06-01,1461.96,16.7,51.92,172.4,6.1,2595.97540545244,29.6538819605568,1109471.15898033,92.1933863109049,39401.722738145,42.7819715670714,46.2455874858361,-0.00891602477608509,1.00880513165841,29.337488470436,-0.0344988684323143,0.042803225463875,-0.0773020938961894
2000-07-01,1473,16.5833333333333,52.5133333333333,172.8,6.05,2609.52434895833,29.3785554108796,1116308.04336576,93.0311079282407,39797.0511771538,42.7580936182696,46.1707281318404,-0.00855975837078104,1.02158032309753,29.5273001020033,-0.0352650213971152,0.0440659545679467,-0.0793309759650619
2000-08-01,1485.46,16.4666666666667,53.1066666666667,172.8,5.83,2631.59812586805,29.1718721064815,1126790.74596202,94.082240162037,40283.8854960011,42.8695654944195,46.2421135236469,-0.00736233257759885,1.00711665500438,30.1645087784022,-0.0354694716168759,0.0447235226224216,-0.0801929942392975
2000-09-01,1468.05,16.35,53.7,173.7,5.8,2587.27965673575,28.8151101036269,1108842.74553908,94.6404533678756,40560.5091348718,41.8980079248847,45.147501501623,-0.00684292129846657,1.00936221301955,30.2217741072792,-0.0307667117128988,0.0451525959275647,-0.0759193076404635
2000-10-01,1390.14,16.3233333333333,52.4666666666667,174,5.74,2445.74760258621,28.7185127873563,1049211.34921023,92.3074109195402,39599.3368451354,39.3696990442014,42.38264022989,-0.00515024963216466,1.00629432295394,30.4521224549998,-0.0211431941942694,0.0454594241637079,-0.0666026183579772
2000-11-01,1378.04,16.2966666666667,51.2333333333333,174.1,5.72,2423.06685870189,28.6551282309018,1040505.85016772,90.0857682366456,38684.3510035456,38.7821424567848,41.713360280388,-0.00473691335664319,1.04182818556327,30.6261966859012,-0.0179543776189899,0.0430351048294293,-0.0609894824484192
2000-12-01,1330.93,16.27,50,174,5.24,2341.57628491379,28.6246806034483,1006536.74768002,87.9676724137931,37813.2864868933,37.2742380044972,40.0598794735961,0.00104721835257115,1.01056614579929,31.9255724153118,-0.011258910007136,0.0340319544572216,-0.0452908644643576
2001-01-01,1335.63,16.17,48.48,175.1,5.16,2335.08322572816,28.2700266990291,1004758.34411437,84.7576310679611,36470.1934837227,36.9788679970298,39.7128097894472,0.00209648387421718,1.00896235594855,32.0602230968757,-0.0081823413419263,0.0325185102476901,-0.0407008515896164
2001-02-01,1305.75,16.07,46.96,175.8,5.1,2273.75417022184,27.98332721843,979372.593629363,81.7733071672355,35222.1612076086,35.8346626514313,38.4585707436481,0.00381715886790332,1.02072574956868,32.2187568016683,-0.00304056232005534,0.0301513054956497,-0.033191867815705
2001-03-01,1185.85,15.97,45.44,176.2,4.89,2060.27977227582,27.7460622871737,888418.831015299,78.9468422247446,34042.8820519755,32.3258372361787,34.6752246303159,0.00902736874090006,0.984683946768968,32.8118574454947,0.00462476345735618,0.0290370434775991,-0.0244122800202429
2001-04-01,1189.84,15.8766666666667,42.5566666666667,176.9,5.14,2059.03190842284,27.4747556529112,888868.024918582,73.6448048332391,31791.8881926296,32.1739011683607,34.4960996246175,0.00692864253812505,0.985111674175264,32.1814601296899,0.0061390162450452,0.0302344376207413,-0.0240954213756961
2001-05-01,1270.37,15.7833333333333,39.6733333333333,177.7,5.39,2188.49292163759,27.190277855937,945733.487771499,68.3460796285875,29535.0172822521,34.07464321714,36.517428561212,0.00285493551308836,1.01296948131658,31.559609130183,0.000108693496034151,0.0345683965912267,-0.0344597030951925
2001-06-01,1238.71,15.69,36.79,178,5.28,2130.35503103933,26.983935252809,921581.563285985,63.2720827247191,27371.2052968745,33.0685344111128,35.4268593226745,0.00471851585394755,1.00748845990805,31.9150406874063,-0.000926174120177703,0.035285994928147,-0.0362121690483247
2001-07-01,1204.45,15.7066666666667,33.9633333333333,177.5,5.24,2077.26911197183,27.0886907042253,899593.381141234,58.5752694366197,25366.9225523352,32.1630386874443,34.4485939576504,0.00553004555175724,1.02547230682633,32.244609937072,0.00446597851798369,0.0343895900173197,-0.029923611499336
2001-08-01,1178.5,15.7233333333333,31.1366666666667,177.5,4.97,2032.51413380282,27.1174350704225,881190.183811108,53.7002249295775,23281.5655691686,31.4043187607801,33.6313901631831,0.00868012831268847,1.02310987847957,33.0659545348845,-0.00472146721460676,0.0379761838514123,-0.0426976510660191
2001-09-01,1044.64,15.74,28.31,178.3,4.73,1793.56719910264,27.0243794167134,778571.844442492,48.6061106281548,21099.4877815965,27.6673925868625,29.6319101242996,0.0153927219508096,1.01668062034148,33.6783151366486,0.006728987399655,0.0390539593377479,-0.0323249719380929
2001-10-01,1076.59,15.74,27.1033333333333,177.7,4.57,1854.66406992122,27.1156266178953,806074.350089706,46.6914781935847,20293.0565971552,28.5773731133601,30.6102104957196,0.015346369150707,0.997462286424442,34.3557012097933,0.00643920712841028,0.0357900865666316,-0.0293508794382213
2001-11-01,1129.68,15.74,25.8966666666667,177.4,4.65,1949.41439797069,27.1614816798196,848238.494446568,44.688172632469,19444.9309047854,30.0051038110568,32.1430965348524,0.0124097811349909,0.969668775581807,34.3264675481024,0.00316388131018419,0.0374447654063206,-0.0342808840961364
2001-12-01,1144.93,15.74,24.69,176.7,5.09,1983.55720755518,27.2690823429542,864083.664433465,42.774691426146,18633.6506815808,30.4999532550204,32.6779626749301,0.00698928363919964,1.00813762635997,33.4171640439491,0.00310545566205178,0.0409448945951709,-0.0378394389331191
2002-01-01,1140.21,15.7366666666667,24.6933333333333,177.1,5.04,1970.91833300395,27.2017302371541,859565.352194282,42.6838418972332,18615.4601025403,30.277204433096,32.4456778976913,0.00781372690273887,1.01438993092172,33.6130098676577,0.00789050681080261,0.040145010048438,-0.0322545032376353
2002-02-01,1100.67,15.7333333333333,24.6966666666667,177.8,4.91,1895.08073917323,27.0888976377953,827475.246190552,42.5215344488189,18566.7641800776,29.0857041520084,31.1763856379747,0.0105006387824446,0.975575381026056,33.9624597862375,0.0154228890340067,0.038783770458148,-0.0233608814241413
2002-03-01,1153.79,15.73,24.7,178.8,5.28,1975.42979991611,26.9316866610738,863539.12783818,42.2894253355705,18486.3939344275,30.2921306409187,32.475809252848,0.00548987694159866,1.0098121952754,32.947632377824,0.0132139940358822,0.0394539648224586,-0.0262399707865764
2002-04-01,1111.93,15.8333333333333,25.38,179.8,5.21,1893.17214168521,26.9578350945495,828563.054446036,43.2119908231368,18912.0990726398,29.0058832531187,31.1046903997042,0.00807858081079275,1.00821634112456,33.0858769261803,0.0170681775400578,0.0400036189702169,-0.022935441430159
2002-05-01,1079.25,15.9366666666667,26.06,179.8,5.16,1837.53117005006,27.1337704393771,805200.915775696,44.3697588987764,19442.7017513223,28.1281075086883,30.1719841375415,0.00950750547391829,1.02231183127312,33.357721777411,0.0169052596254355,0.0417831623087777,-0.0248779026833421
2002-06-01,1014.02,16.04,26.74,179.9,4.93,1725.51088132296,27.2945252918288,757110.643469699,45.502219844358,19965.2261359537,26.3876725411833,28.3152274174313,0.0138430299042632,1.02631949751445,34.083037554186,0.022153703784096,0.0415515938146749,-0.0193978900305789
2002-07-01,903.59,15.96,27.84,180.1,4.65,1535.88977082177,27.1282337590228,674901.615998883,47.3214303164908,20794.0116528612,23.4631204674314,25.1896195763453,0.0212613970435735,1.03537440932092,34.9412407948388,0.0371235467683728,0.0401301298676551,-0.00300658309928226
2002-08-01,912.55,15.88,28.94,180.7,4.26,1545.96928680133,26.9026270060874,680315.893757932,49.0278353624792,21575.0829711847,23.5887135288424,25.3359970739866,0.0249839926454969,1.03562618700427,36.0571428082803,0.0391791761921041,0.0349959891944798,0.00418318699762432
2002-09-01,867.81,15.8,30.04,181,3.87,1467.73760096685,26.7227320441989,646869.389937365,50.8070171270718,22391.9480919999,22.3650368012243,24.0337540173479,0.0310829252106638,0.99748650991017,37.2798289650274,0.0470807672275342,0.0308594649678631,0.0162213022596711
2002-10-01,854.63,15.89,29.2233333333333,181.3,3.94,1443.05430405405,26.8304797297297,636976.237917878,49.3439932432432,21780.8512760923,21.9562338636591,23.6065727519944,0.0310231200903391,0.994311797490239,37.1245940081167,0.0485119897097159,0.0311960844675641,0.0173159052421519
2002-11-01,909.93,15.98,28.4066666666667,181.3,4.05,1536.42910135135,26.9824459459459,679185.177435976,47.9650405405405,21203.1551222233,23.3483965027251,25.1143580413003,0.0270630215656303,1.00500770758308,36.9134217993059,0.0393084778592576,0.033363706824878,0.00594477103437963
2002-12-01,899.18,16.07,27.59,180.9,4.03,1521.63474543947,27.1944108623549,673647.051938563,46.6890974295191,20669.8571620643,23.1014425376856,24.8604325042662,0.027566733863024,1.00172714499823,37.1803038768946,0.0426853272155425,0.0323801512108934,0.0103051760046491
2003-01-01,895.84,16.12,28.5,181.7,4.05,1509.30797798569,27.1589174463401,669191.801741679,48.0166964777105,21289.4784220819,22.8983485766132,24.6538670278357,0.0276985831367295,1.0156947309973,37.0805371776871,0.0474403953858402,0.0307183318257769,0.0167220635600633
2003-02-01,837.03,16.17,29.41,183.1,3.9,1399.44238844893,27.0348534953577,621478.858016133,49.1709982250136,21836.3657386885,21.2141021234153,22.8538261143656,0.0330936265794522,1.01067297435028,37.3745351321923,0.0567926132155194,0.0285796026591187,0.0282130105564007
2003-03-01,846.63,16.22,30.32,184.2,3.81,1407.03976832248,26.9565040716612,625850.374699324,50.3897166123778,22413.313207521,21.309719026991,22.9696236512013,0.0340385612272247,0.990889696479796,37.5478583424639,0.0586177246128237,0.028189574612294,0.0304281500005297
2003-04-01,890.03,16.2033333333333,31.73,183.8,3.96,1482.38660949401,26.987409820457,660364.932557114,52.8477996463547,23542.3292586061,22.4279395777309,24.1861663024464,0.029690936600993,1.03582988985098,37.2867561108514,0.0545828504479289,0.0310358943629412,0.0235469560849877
2003-05-01,935.96,16.1866666666667,33.14,183.5,3.57,1561.43375967302,27.0037264305177,696580.850738117,55.2864596730245,24664.183718814,23.5910804534815,25.4500230101764,0.0310830312091452,1.02322070893593,38.6858799135826,0.0534842190969664,0.0256291697116786,0.0278550493852878
2003-06-01,988,16.17,34.55,183.7,3.33,1646.45601524224,26.9465523952096,735512.428274139,57.5759669297768,25720.6016162667,24.832223259531,26.7965705169099,0.0313339946398063,0.949588284598299,39.5410969075993,0.0463446999384225,0.0199087683241408,0.0264359316142817
2003-07-01,992.54,16.31,35.8933333333333,183.9,3.98,1652.22288662316,27.1502964926591,739099.357144428,59.7495182164219,26728.1314530773,24.8673291012688,26.8419109075211,0.0248886152111617,0.965688179717709,37.5069274054999,0.0491512320244631,0.0229325045359527,0.0262187274885104
2003-08-01,989.53,16.45,37.2366666666667,184.6,4.45,1640.96611633261,27.2795090736728,735080.72093576,61.7506374593716,27661.5724420461,24.6422514099321,26.6061088837636,0.0206617441974362,1.01823978436945,36.0826508543371,0.0498639207379501,0.0255660535965934,0.0242978671413567
2003-09-01,1019.44,16.59,38.58,185.2,4.27,1685.08973326134,27.4225444114471,755869.837244974,63.7710526457883,28605.369929482,25.2436867526062,27.2614105495571,0.0216153297509582,1.00194522351997,36.6217599862231,0.0480619610559225,0.0235406341931477,0.0245213268627749
2003-10-01,1038.73,16.8566666666667,41.9666666666667,185,4.29,1718.83144905405,27.8934552702703,772047.806768564,69.4440581081081,31192.1990867573,25.6827560705797,27.7409054179726,0.0202046675344166,1.0027688186956,36.732665600491,0.0483098827621544,0.0254150944678906,0.0228947882942638
2003-11-01,1049.9,17.1233333333333,45.3533333333333,184.5,4.3,1742.02310162602,28.4115079945799,783528.272009779,75.2515043360433,33846.6700605298,25.9467982184201,28.030020810958,0.0193610502795354,1.00600524183935,36.9341938372509,0.050951445981843,0.0243955236332938,0.0265559223485492
2003-12-01,1080.64,17.39,48.74,184.3,4.27,1794.97353011394,28.8852806565382,808427.019830507,80.9585151926207,36462.4046366402,26.6351705110815,28.7754021206173,0.0185539559879516,1.01330006242356,37.196313810768,0.0492622033538779,0.0223176824093818,0.0269445209444961
2004-01-01,1132.52,17.6,49.8266666666667,185.2,4.15,1872.0060275378,29.092030237581,844213.091242493,82.3613007559395,37142.235274411,27.6585403557366,29.879678114425,0.0185830605275434,1.00915952934786,37.5078633677396,0.0453476479357471,0.0216835781820344,0.0236640697537127
2004-02-01,1143.36,17.81,50.9133333333333,186.2,4.08,1879.77410526316,29.2810460526316,848816.637553959,83.7055394736842,37797.4429809193,27.6508620367402,29.8699121015432,0.0194949267225887,1.02400010995023,37.6481340816836,0.0442598385157045,0.0224882572357878,0.0217715812799166
2004-03-01,1123.98,18.02,52,187.4,3.83,1836.07890848452,29.4365931163287,830193.644108606,84.9446638207044,38408.2185569561,26.8865303840358,29.0437145573543,0.0233325198214875,0.961367187538358,38.3048309410559,0.0487222802562945,0.0202083045281056,0.0285139757281889
2004-04-01,1133.36,18.2133333333333,53.3833333333333,188,4.35,1845.49289042553,29.6574585106383,835567.712759601,86.9260977393617,39356.7707814081,26.9005775084449,29.0582918177569,0.0183014911508881,0.974368894549756,36.7074809709641,0.047913877518051,0.0245467174527876,0.0233671600652634
2004-05-01,1102.78,18.4066666666667,54.7666666666667,189.1,4.72,1785.25269407721,29.7979209413009,809417.563418916,88.6598770491803,40197.5932551455,25.9028142929437,27.9806448432373,0.0165618271511678,1.00314299117446,35.558572179864,0.0524854930284029,0.0290213028057782,0.0234641902226247
2004-06-01,1132.76,18.6,56.15,189.7,4.73,1827.98622509225,30.0156642066421,829926.632613527,90.611803505535,41138.7941145958,26.4012853664749,28.5179333952882,0.0157107638767185,1.02231313879903,35.5575111643847,0.0529693897626047,0.0286929547840531,0.0242764349785516
2004-07-01,1105.85,18.7866666666667,56.69,189.4,4.5,1787.38698983632,30.3649171066526,812642.950866574,91.6281308078141,41659.1118909672,25.6958886462685,27.7555145363308,0.0186117086506468,1.02150243250591,36.4084888466281,0.056798486103663,0.0270621141274734,0.0297363719761896
2004-08-01,1088.94,18.9733333333333,57.23,189.5,4.28,1759.12654274406,30.6504437994723,800955.500054054,92.4521204485488,42094.774062936,25.1744622264778,27.1925000702597,0.02125846103996,1.01575514891265,37.1717338732435,0.0580563386230772,0.0263980721397994,0.0316582664832779
2004-09-01,1117.66,19.16,57.77,189.9,4.13,1801.71912401264,30.8867977883096,821520.445533246,93.1278866508689,42463.0353939979,25.6684067763577,27.7253405613542,0.0219354352715907,1.00588276487654,37.6778489960828,0.057161161741679,0.0241499397215286,0.0330112220201504
2004-10-01,1117.21,19.2533333333333,58.03,190.9,4.1,1791.55947760608,30.8746715557884,818061.151574329,93.0569870350969,42491.6431341094,25.4116556654893,27.4473022252428,0.0230985912739388,0.996123928588194,37.7009682841071,0.0550411882830357,0.0266250311044318,0.0284161571786039
2004-11-01,1168.94,19.3466666666667,58.29,191,4.19,1873.5323552356,31.0080979057592,856671.481974288,93.4249841623037,42718.5147948408,26.465310814818,28.5827052580995,0.0205485524364935,1.0002564602904,37.5351744206083,0.0566035617007725,0.0275580123044152,0.0290455493963573
2004-12-01,1199.21,19.44,58.55,190.3,4.23,1929.11802036258,31.2722995270625,883279.595384552,94.1868897792958,43125.0742653626,27.1448086947412,29.3126391848572,0.018826546160026,1.00433417688926,37.6829055919445,0.054643338171426,0.0290283008535701,0.0256150373178559
2005-01-01,1181.41,19.7033333333333,59.1066666666667,190.7,4.22,1896.49758665443,31.6294293392763,869550.61280718,94.8829370739381,43504.1503127531,26.5872506979704,28.7073565240656,0.0195044785108485,1.00757195170314,37.7668461635164,0.0556181163034626,0.0324995544917981,0.0231185618116645
2005-02-01,1199.63,19.9666666666667,59.6633333333333,191.8,4.17,1914.70142244526,31.8683302919708,879114.778459803,95.2272527372263,43722.5795166065,26.7448631281012,28.8741100812095,0.0199638565786609,0.977115931288354,37.8345766484455,0.0569519220246997,0.0310980016253806,0.0258539203993191
2005-03-01,1194.9,20.23,60.22,193.3,4.5,1892.35255949302,32.0380720382825,870079.364225796,95.3698812726332,43849.8446009519,26.3391421310579,28.4333465499335,0.017699015247125,1.01662502887604,36.6818914902016,0.0574772206871645,0.0332931185429259,0.0241841021442386
2005-04-01,1164.43,20.4633333333333,61.2333333333333,194.6,4.34,1831.77823651079,32.1911052158273,843461.491067803,96.3268615107913,44354.7131526885,25.4089225691145,27.4279716442846,0.0210380143578795,1.01986042663239,37.0426064482079,0.0614817757626529,0.0331733805463259,0.028308395216327
2005-05-01,1178.28,20.6966666666667,62.2466666666667,194.4,4.14,1855.47279166667,32.591660622428,855622.495021976,98.0216895576131,45201.1815868339,25.650230187183,27.6869953919991,0.0223601526666656,1.01489493102358,37.8171549677132,0.0604584004668796,0.0282730764002224,0.0321853240666572
2005-06-01,1202.25,20.93,63.26,194.5,4,1892.24569087404,32.9421520565553,873845.643922549,99.5661987146529,45980.0169969145,26.068394871884,28.1360678407683,0.0229856943711453,0.9887410843788,38.3607060090038,0.0573956195207785,0.0251780208917503,0.0322175986290283
2005-07-01,1222.24,21.11,64.33,195.4,4.18,1914.84787922211,33.0724233623337,885556.159825449,100.783941018424,46609.3629414609,26.2878710912547,28.3699050626393,0.0213385584726246,0.997021916036733,37.7541083831265,0.0558988164398455,0.0273705792996741,0.0285282371401714
2005-08-01,1224.27,21.29,65.4,196.4,4.26,1908.26229340631,33.184595086558,883789.437654238,101.93858706721,47211.6683595834,26.1043814109361,28.1689807423174,0.0210607298846047,1.00840956924509,37.4500152631365,0.053671331073349,0.0299107450518405,0.0237605860215084
2005-09-01,1225.92,21.47,66.47,198.8,4.2,1887.76571830986,33.0611540492958,875572.678492219,102.355608274648,47473.9917281534,25.7301229901645,27.7624634084656,0.0232628679614674,0.982693855169831,37.3090388249965,0.0499680239934071,0.0306459683804439,0.0193220556129632
2005-10-01,1191.96,21.72,67.59,199.2,4.46,1831.78581777108,33.3789623493976,850898.53837927,103.871273719879,48250.1360859885,24.8765387236479,26.8405427018635,0.0218683125841247,0.997338372447674,36.5897419843805,0.0574823595004226,0.0338073012900928,0.0236750582103298
2005-11-01,1237.37,21.97,68.71,197.6,4.54,1916.96854592611,34.0365444078947,891785.048497623,106.44747229251,49519.9905301338,25.931783309069,27.9772054723672,0.018671943606584,1.0093824010189,36.7878383644802,0.0558018090351666,0.0318921225949349,0.0239096864402317
2005-12-01,1262.07,22.22,69.83,196.8,4.47,1963.18259108232,34.5637858231707,914624.033977408,108.622374618902,50605.9064018972,26.4438031142924,28.5271590439077,0.0182760880558126,1.00773358416879,37.2839437573524,0.0523292868934855,0.0312402916445305,0.021088995248955
2006-01-01,1278.73,22.4066666666667,70.7766666666667,198.3,4.42,1974.05152836611,34.590503530005,921030.688904469,109.262148386283,50978.300390514,26.4687026266857,28.5513118913445,0.0189196230164024,0.991740564263194,37.2880743904705,0.0444690157548457,0.0326243827214958,0.0118446330333499
2006-02-01,1276.65,22.5933333333333,71.7233333333333,198.7,4.57,1966.87303912934,34.8084582284852,919034.808532589,110.500678032209,51632.1935670067,26.2496247635833,28.3129532206715,0.0176100583715008,0.991947750042694,36.9056518579111,0.0440345535412996,0.036654461497917,0.00738009204338264
2006-03-01,1293.74,22.78,72.67,199.8,4.72,1982.22918843844,34.9028250750751,927569.122306865,111.342769894895,52102.0051308918,26.3278377786677,28.3950737339767,0.0160347565184813,0.982846997740772,36.4069301453512,0.0490738770319785,0.0367390794200164,0.0123347976119621
2006-04-01,1302.17,23,73.2766666666667,201.5,4.99,1978.31288672457,34.9425930521092,927099.112068819,111.325075806452,52170.4021763898,26.1472809438745,28.1984038566074,0.0140714687018303,0.994837877108101,35.480555382954,0.0515635443303439,0.0398371006541243,0.0117264436762197
2006-05-01,1290.01,23.22,73.8833333333333,202.5,5.11,1950.16067296296,35.10262,915276.955311586,111.692445061728,52421.0761014289,25.6506407087573,27.6618952848572,0.0139231010600181,1.00425833333333,35.1230922456917,0.0521689604023683,0.0406272158160825,0.0115417445862858
2006-06-01,1253.17,23.44,74.49,202.9,5.11,1890.7333621242,35.3653454903894,888768.87060269,112.38756764416,52829.5388264915,24.7495822416464,26.6909439977516,0.0154794271092282,1.00581316171598,35.2031210509348,0.0560403298919809,0.0418098994397353,0.0142304304522456
2006-07-01,1260.24,23.66,75.85,203.5,5.09,1895.7942044226,35.5920228501228,892542.014610905,114.102068181818,53719.3802833089,24.6967867668533,26.634874022227,0.0158725403655585,1.02072496946672,35.3033661351995,0.0591955006262614,0.0431582973704334,0.016037203255828
2006-08-01,1287.15,23.88,77.21,203.9,4.88,1932.47676128004,35.8524997547817,911218.81946276,115.920079818538,54659.6783985703,25.051393562011,27.0174189099733,0.0174049923884774,1.01671795551002,35.9643357513794,0.0581686874075553,0.0406852075138482,0.0174834798937071
2006-09-01,1317.74,24.1,78.57,202.9,4.72,1988.15402587481,36.3611274026614,938901.041065112,118.543310374569,55981.7982276366,25.6441564407974,27.6559175752741,0.0172523585685797,1.00314299117446,36.7458007311862,0.0542905157443441,0.0376699276007921,0.0166205881435519
2006-10-01,1363.38,24.36,79.55,201.8,4.73,2068.22651610505,36.9537457879088,978169.361973728,120.676127973241,57073.8699005487,26.5380402821017,28.6176602020083,0.0149573944797807,1.01427776593418,37.0622212083571,0.0493173124438535,0.0355616202131592,0.0137556922306943
2006-11-01,1388.64,24.62,80.53,201.5,4.6,2109.68184416873,37.4037669975186,999249.870501802,122.344652977667,57948.4906610138,26.9280202708565,29.034995488567,0.0153653179929299,1.00701954036934,37.6473542532216,0.0484974079173683,0.030694994606735,0.0178024133106334
2006-12-01,1416.42,24.88,81.51,201.8,4.56,2148.68738131814,37.7425777998018,1019214.55548975,123.649417864222,58652.2206816975,27.2826897875717,29.4132824716607,0.015434945553058,0.988014932440402,37.8552611858497,0.0504493547699509,0.0270727733116269,0.023376581458324
2007-01-01,1424.16,25.0833333333333,82.0566666666667,202.416,4.76,2153.85414394119,37.9352330102363,1023164.89817252,124.099884519998,58952.2953842099,27.2075366568071,29.3278385127927,0.0135259718821528,1.0071294888775,37.2877414759293,0.0509329969381402,0.0287817271497375,0.0221512697884028
2007-02-01,1444.8,25.2866666666667,82.6033333333333,203.499,4.72,2173.44071469639,38.0392240256709,1033975.12796571,124.261799443732,59115.3046468214,27.3151814135166,29.4391866294404,0.0140063462140005,1.01667816147735,37.3537278403716,0.0521733038014485,0.0285752077732218,0.0235980960282267
2007-03-01,1406.95,25.49,83.15,205.352,4.56,2097.40390220207,37.9990941164439,999308.437541336,123.955460014999,59058.5995106877,26.2276055546509,28.2640702216881,0.0177969290207276,0.993506637215472,37.6340352662906,0.0575149553665646,0.0273881731702672,0.0301267821962974
2007-04-01,1463.64,25.7166666666667,83.74,206.686,4.69,2167.83165816746,38.0895603717717,1034376.06834812,124.029285244284,59180.2984090838,26.9762683141891,29.0666424430299,0.0159747216693736,0.999170636903257,37.1483421481325,0.0534004999617184,0.0302567309456307,0.0231437690160876
2007-05-01,1511.14,25.9433333333333,84.33,207.949,4.75,2224.59117548053,38.1919017403306,1062977.34460025,124.144535799643,59320.036178077,27.5484904518513,29.6781593055392,0.0152939492475641,0.97676125696679,36.8920954673285,0.0522068436002412,0.0310794417687084,0.0211274018315328
2007-06-01,1514.19,26.17,84.92,208.352,5.1,2224.76961692232,38.4510668244125,1064593.70014703,124.771287532637,59705.385068245,27.4182627404106,29.5333181529447,0.0120369508715579,1.01205618244066,35.9650701276743,0.0538065470688236,0.0348174842395019,0.0189890628293217
2007-07-01,1520.71,26.44,82.8133333333333,208.299,5,2234.91783697953,38.8576570218772,1070999.3218518,121.706963067513,58323.4303978322,27.4100881672043,29.5203107089906,0.0128937221575726,1.03032002569805,36.4079329229435,0.0542842748564367,0.0326180659996105,0.0216662088568262
2007-08-01,1454.62,26.71,80.7066666666667,207.917,4.67,2141.716088872,39.3265847669984,1027906.41169779,118.828811977857,57031.320986528,26.1486071893123,28.1608843390069,0.0175737492485138,1.01586200781488,37.5807417908457,0.0585695348184871,0.0302414301472078,0.0283281046712793
2007-09-01,1497.12,26.98,78.6,208.49,4.52,2198.2330222073,39.6149453211185,1056615.8610138,115.408995635282,55473.1796219972,26.7257430476969,28.7815969772121,0.0182753634504339,1.00296901202489,38.0719251104728,0.0568327891462388,0.0286418653723786,0.0281909237738602
2007-10-01,1539.66,27.23,74.46,208.936,4.53,2255.86910178236,39.8966756566604,1085917.64577456,109.096822232645,52516.4178483389,27.320648130462,29.421547626363,0.0173255787102558,1.03462380878571,38.1034505429636,0.0568610103679494,0.0273493836918399,0.0295116266761095
2007-11-01,1463.39,27.48,70.32,210.177,4.15,2131.46025599852,40.0252344452533,1027636.00532245,102.422652335888,49380.7965711633,25.7290535794984,27.7110391433795,0.0240611401575591,1.0075268303498,39.189963719671,0.0643827863847306,0.0247541174220869,0.0396286689626437
2007-12-01,1479.22,27.73,66.18,210.036,4.1,2155.96336128092,40.4164789607496,1041073.45611806,96.4573594526652,46577.4133164053,25.9555101052402,27.9599815457638,0.0242803623121104,1.03320593476902,39.5114467007943,0.066090525626558,0.0237262983916386,0.0423642272349194
2008-01-01,1378.76,27.92,64.25,211.08,3.74,1999.60371375782,40.4921347356453,967199.780456388,93.1812197981808,45071.358245324,24.0223177608368,25.8867059431372,0.0312992074540855,1.00311666666667,40.6215487082804,0.0784918940401909,0.0189290278343095,0.0595628662058814
2008-02-01,1354.87,28.11,62.32,211.693,3.74,1959.26632399276,40.6496389819219,949327.261956441,90.1204376148479,43666.2373254448,23.4952634018118,25.3294694319054,0.0323403749780854,1.0223551030242,40.6301579981688,0.0768588182131238,0.0161833042884156,0.0606755139247082
2008-03-01,1316.94,28.3,60.39,213.528,3.51,1888.05004425649,40.5727035798584,916458.925514961,86.5789953776554,42025.4184031532,22.6068108422493,24.3840517988303,0.0370096816865717,0.988818267036564,41.1814795327046,0.0804868574665016,0.0150016683046796,0.065485189161822
2008-04-01,1370.47,28.4366666666667,57.3833333333333,214.823,3.68,1952.94989328424,40.5228754602626,949600.442078568,81.7725121378995,39760.9861589638,23.3560406432016,25.2040924412522,0.0343223553444703,0.98662501786302,40.4755241414054,0.0744250375074966,0.0163326163577562,0.0580924211497404
2008-05-01,1403.22,28.5733333333333,54.3766666666667,216.632,3.88,1982.92140842535,40.3776131873407,965809.859815134,76.8408777327449,37426.4340663243,23.6964321166232,25.5836478780518,0.032380178781063,0.985331946460899,39.600691816464,0.0742488989632351,0.0174488412567495,0.0568000577064856
2008-06-01,1341.25,28.71,51.37,218.815,4.1,1876.44132886228,40.1659873637548,915577.518411893,71.8678777734616,35066.7042839284,22.4168128022819,24.2167355156544,0.0334948862553059,1.01077069626306,38.6305468465487,0.0820913522187174,0.0206422102553274,0.06144914196339
2008-07-01,1257.33,28.7566666666667,49.5633333333333,219.964,4.01,1749.84674571748,40.0211237975305,855435.154365276,68.9781024394901,33720.835183172,20.9072064626616,22.6031773856422,0.0380290824635468,1.0132020522151,38.8426614854031,0.0911727689439632,0.0204988995926481,0.0706738693513151
2008-08-01,1281.47,28.8033333333333,47.7566666666667,219.086,3.89,1790.59003051313,40.2467178413956,876992.628651685,66.7300921784139,32682.9692740699,21.4016173600479,23.1551266077593,0.0375860080220244,1.01983004998402,39.5131836630165,0.0910398682969187,0.0189422796353642,0.0720975886615545
2008-09-01,1216.95,28.85,45.95,218.783,3.69,1702.79162971986,40.3677542359324,835638.458350509,64.2945687050639,31552.312881553,20.3627339460975,22.0503738710286,0.0417014406140254,0.993177700866296,40.3525403815927,0.0980242779243354,0.0159689762709185,0.0820553016534169
2008-10-01,968.8,28.6966666666667,35.5933333333333,216.573,3.81,1369.40579850674,40.5629456349591,673689.483440903,50.3114337890688,24751.0883023051,16.3873565487898,17.7701079109558,0.0511189777366728,1.02657370573883,40.4862079603408,0.11734462068573,0.0144069243609823,0.102937696324748
2008-11-01,883.04,28.5433333333333,25.2366666666667,212.425,3.53,1272.55656160998,41.1340438978463,627730.123028425,36.368778039308,17940.0886386732,15.2596594057046,16.5757385076396,0.0564421097656048,1.10071748765845,42.3736547105206,0.123287734930392,0.0106562173258404,0.112631517604551
2008-12-01,877.56,28.39,14.88,210.228,2.42,1277.87568211656,41.3406383783321,632053.338203222,21.6677949654661,10717.1631255572,15.3760807474238,16.732842670212,0.0660421291145351,0.993250110395989,47.1288516701671,0.116469797026003,0.00301587479493559,0.113453922231068
2009-01-01,865.58,28.0133333333333,12.2066666666667,211.143,2.52,1254.96863002799,40.6153729936583,622397.295699708,17.6979409689168,8777.23182471996,15.1746519368797,16.545978292697,0.0661007849143006,0.971924942774088,46.607880176717,0.119903801413137,0.00521620596130301,0.114687595451834
2009-02-01,805.23,27.6366666666667,9.53333333333333,212.193,2.87,1161.69264219366,39.8709838448959,577785.219191422,13.7535898922208,6840.55374194316,14.1221818019189,15.4314950989967,0.0678959919812928,1.00671265260277,45.0752052960603,0.134197285615792,0.00864738566490564,0.125549899950887
2009-03-01,757.13,27.26,6.86,212.709,2.82,1089.64977539737,39.2321700069108,543579.680241116,9.87280580511403,4925.12066151659,13.3236676568639,14.5927037724663,0.0725776409549966,0.99289340879635,45.2676998310668,0.142702043146203,0.0088387323571455,0.133863310789057
2009-04-01,848.15,26.7033333333333,7.07666666666667,213.24,2.93,1217.60476048115,38.3353248686925,609004.605560753,10.1592678437441,5081.32121914551,14.9818664530392,16.4412199723984,0.0626831639484654,0.972015754499183,44.8340784225,0.133328958535574,0.009845542808403,0.123483415727171
2009-05-01,902.41,26.1466666666667,7.29333333333333,213.856,3.29,1291.76884106595,37.4280529889271,647658.983586245,10.4401555252132,5234.41989076179,15.9963557552632,17.5852307746965,0.0551458268811751,0.967126714026335,43.453902503117,0.124400775408977,0.0141587555473905,0.110242019861587
2009-06-01,926.12,25.59,7.51,215.693,3.72,1314.4181790786,36.3192255891475,660532.225894256,10.6587488931027,5356.32209267251,16.3841828162153,18.0407170812997,0.0502435973614632,1.01645186300762,41.6675105132444,0.123735317107595,0.0216643925700966,0.102070924537499
2009-07-01,935.82,25.0266666666667,9.18666666666667,215.351,3.56,1330.29443582802,35.5761101643363,670000.326186799,13.0591049031581,6577.19397238364,16.6946208169956,18.4105695419606,0.0502375648169609,1.00046671534577,42.4202797288488,0.126172857940278,0.0237784193415032,0.102394438598775
2009-08-01,1009.73,24.4633333333333,10.8633333333333,215.834,3.59,1432.14748637842,34.697494718163,722754.703663987,15.4079759213099,7775.86608710888,18.0940698015761,19.9792497813774,0.0452887213360823,1.01896674108695,42.3451042055054,0.114122875611868,0.0241042183490185,0.0900186572628499
2009-09-01,1044.55,23.9,12.54,215.969,3.4,1480.60823601998,33.8773029925591,748635.871704413,17.7749531182716,8987.50067605508,18.8319022648401,20.81718057649,0.04459761953591,1.0036745227795,43.1212813043367,0.113502545716296,0.0216508231432704,0.0918517225730255
2009-10-01,1067.66,23.4033333333333,25.35,216.177,3.39,1511.90962336419,33.1413791707721,765859.138165691,35.8980470864153,18184.1870562728,19.3580084434868,21.4200187183051,0.0431700977801865,1.00198420660946,43.2380887801941,0.110730973591518,0.0211928441261049,0.0895381294654127
2009-11-01,1088.07,22.9066666666667,38.16,216.33,3.4,1539.72240985994,32.4151093237184,781316.054577007,54.0000249618638,27401.7486399391,19.8127610799661,21.938367056893,0.0418960147094018,0.987000308301004,43.2932411444672,0.113393936058626,0.020333961691599,0.0930599743670275
2009-12-01,1110.38,22.41,50.97,215.949,3.59,1574.06542030757,31.768228956837,800086.427848594,72.254646583221,36726.5307619399,20.3223765002165,22.5112789920344,0.038549596504991,0.991401527753188,42.8058319097406,0.113569011998597,0.0212742662420211,0.0922947457565757
2010-01-01,1123.58,22.24,54.29,216.687,3.73,1587.3528935746,31.4198618283515,808171.232081197,76.6989342923202,39049.8372965772,20.5278598014544,22.7414302771975,0.0367026787502513,1.0064260099968,42.2932311524035,0.115686929524201,0.0231921989998036,0.0924947305243973
2010-02-01,1089.16,22.07,57.61,216.741,3.69,1538.34220521267,31.1719237476989,784540.901223254,81.3690315860866,41497.4855112854,19.9205393066005,22.0703778046402,0.038007944073646,0.999763531739006,42.5544030072167,0.118834222474014,0.024851064787258,0.0939831576867558
2010-03-01,1152.05,21.9,60.93,217.631,3.73,1620.51447806149,30.8053184059256,827757.235963224,85.7063036745684,43778.6974412909,21.0046012097154,23.269199472973,0.0345957081505271,0.993229514928738,42.3703555481141,0.0899958318527729,0.0316173602777252,0.0583784715750477
2010-04-01,1197.32,21.9466666666667,62.9866666666667,218.009,3.85,1681.27269195308,30.8174350600205,860104.26616547,88.4456641698278,45246.9688233241,21.8048455996252,24.1504822665328,0.0317664045761175,1.03932842159748,42.0105202496993,0.0911579857588241,0.0353276362866821,0.0558303494721419
2010-05-01,1125.06,21.9933333333333,65.0433333333333,218.178,3.42,1578.58173211781,30.8590423874084,808885.269848473,91.2628817983481,46764.2563375976,20.4800686384234,22.6796280145834,0.0389928479151877,1.02152280255682,43.6289066885758,0.104174367816515,0.0313772766799247,0.0727970911365905
2010-06-01,1083.36,22.04,67.1,217.965,3.2,1521.5575363017,30.9547408987681,780987.149891067,94.2406131718395,48371.9518513612,19.7420398537395,21.8594180864798,0.0423821948869016,1.01893888508605,44.6114757483757,0.114457053778662,0.0279874094280081,0.0864696443506543
2010-07-01,1079.8,22.1433333333333,68.6866666666667,218.011,3.01,1516.23759580939,31.0933084798473,779586.49152118,96.448700065593,49589.9217271268,19.6686604707177,21.7746560150682,0.0442555476901107,1.02945201965776,45.4467761345102,0.117907852383371,0.0267060104400476,0.0912018419433236
2010-08-01,1087.28,22.2466666666667,70.2733333333333,218.312,2.7,1524.63587984169,31.1953371779838,785241.153272375,98.5406200758547,50751.888484071,19.7702991743586,21.8827176412247,0.0472353935458632,1.006606134302,46.7207697807098,0.123161072190145,0.0233069178466385,0.099854154343507
2010-09-01,1122.08,22.35,71.86,218.439,2.65,1572.51930836526,31.3220149561205,811247.133075793,100.706934888001,51953.7100588429,20.381395233204,22.5526147271217,0.0457466955342799,1.01184232488544,47.0020706531564,0.118647169836275,0.0223115399117948,0.0963356299244797
2010-10-01,1171.58,22.4766666666667,73.69,218.711,2.54,1639.84827672133,31.460355331922,847333.987996419,103.143122545277,53295.5850863416,21.2401276517594,23.4938168100472,0.0448138028873391,0.983049941840362,47.4995380721091,0.115649980897436,0.0201756368609185,0.095474344036518
2010-11-01,1198.89,22.6033333333333,75.52,218.803,2.76,1677.36821924288,31.6243466725776,868082.831039505,105.660108865052,54681.9269491808,21.7007238277606,23.9931858499035,0.0415987637055609,0.957506295975649,46.674784558024,0.117346340618255,0.0213150704881413,0.0960312701301134
2010-12-01,1241.53,22.73,77.35,219.179,3.29,1734.04603121193,31.7470107765799,898784.272219662,108.034812299536,55996.2010230851,22.3963797730442,24.7505537779706,0.0351019004482638,0.994329772204978,44.6147323018282,0.118018865622628,0.0253295397670734,0.0926893258555546
2011-01-01,1282.62,22.9633333333333,78.67,220.223,3.39,1782.94389800339,31.9208612406515,925507.590662809,109.357562221021,56766.3705208427,22.978299430555,25.3805514437166,0.0328125394488806,0.98698454237293,44.151453078433,0.11735056505854,0.0245893984774657,0.0927611665810746
2011-02-01,1321.12,23.1966666666667,79.99,221.309,3.58,1827.450138946,32.0869805340045,949998.317793161,110.646827399699,57519.654111871,23.4898287032985,25.9318915235725,0.0300599455536531,1.01727009241038,43.3629631120265,0.116571821620756,0.0242371850337355,0.0923346365870206
2011-03-01,1304.49,23.43,81.31,223.467,3.41,1787.0211819866,32.0967629448643,930371.81685423,111.386589630684,57990.8871884165,22.8993364301436,25.2679900361059,0.0336184151466104,0.99864955434184,43.6858615098617,0.119030205926993,0.0195387957442605,0.0994914101827324
2011-04-01,1331.51,23.7333333333333,82.1633333333333,224.906,3.46,1812.36528827599,32.3042782317946,944968.18816784,111.835414906672,58311.0425260271,23.1439294472859,25.5260610335617,0.0329082239694833,1.02753241399699,43.3477314655683,0.122922328770398,0.0193534148875076,0.10356891388289
2011-05-01,1338.31,24.0366666666667,83.0166666666667,225.964,3.17,1813.09188421607,32.5639689286789,946761.94150033,112.467847201324,58728.5610286249,23.0594915060953,25.4227514104959,0.0359849825227146,1.01720792647436,44.3326500546725,0.122663362240448,0.0165784874431365,0.106084874797312
2011-06-01,1287.29,24.34,83.87,225.722,3,1745.84165245302,33.0102663896297,913081.599540148,113.745728927619,59489.4342016424,22.100831286611,24.3592266577038,0.0392835539848696,1.0025,45.1438706354893,0.127717537347547,0.0148633354233749,0.112854201924172
2011-07-01,1325.19,24.62,84.9066666666667,225.922,3,1795.65116157346,33.3604476323687,940586.125566129,115.049732208461,60264.5904622996,22.6109817011566,24.915089078412,0.0386415041246109,1.06451643362379,45.216666280853,0.127238653575799,0.0162081660468139,0.111030487528985
2011-08-01,1185.31,24.9,85.9433333333333,226.545,2.3,1601.69497020459,33.6470668079189,840458.007106194,116.134179853892,60939.1320898303,20.0498527216605,22.0926187121208,0.0515730265272626,1.03070736478481,48.0015158821575,0.142230251853871,0.0104303518998592,0.131799899954011
2011-09-01,1173.88,25.18,86.98,226.889,1.98,1583.84474214263,33.9738394104606,832577.04232132,117.356813023108,61690.7615268242,19.6981145688777,21.7064000310751,0.0553583545514406,0.986479828167891,49.4005031480483,0.142901196862473,0.00652341023912051,0.136377786623352
2011-10-01,1207.22,25.5966666666667,86.97,226.421,2.15,1632.19507267435,34.6074064463985,859509.281992814,117.585862949991,61920.3809205572,20.1558247866887,22.2126681634939,0.0526393162400521,1.01436936357985,48.8333275134852,0.13884072918841,0.00501329433026276,0.133827434858147
2011-11-01,1226.42,26.0133333333333,86.96,226.23,2.01,1659.55394311099,35.2004451222207,875461.089855996,117.671605887813,62075.0610507635,20.3452467976458,22.4238887699982,0.0536640488217246,1.00437412794858,49.5768524669664,0.14147135410419,0.00331984043405198,0.138151513670138
2011-12-01,1243.32,26.43,86.95,225.672,1.98,1686.58248830161,35.8526969451239,891295.51120801,117.94899732798,62331.6159150794,20.5235754994317,22.6236088152648,0.0536890495545471,1.00255014402088,49.9168286382757,0.139380289155484,0.0032849756444806,0.136095313511003
2012-01-01,1300.58,26.7366666666667,87.48,226.665,1.97,1756.52749189332,36.1098048882712,929849.042051812,118.148076235855,62543.7836954993,21.2130080918035,23.3860460137314,0.0524237161229664,1.00164166666667,49.8248847097546,0.13126854152476,7.92819466455263e-05,0.131189259578115
2012-02-01,1352.49,27.0433333333333,88.01,227.663,1.97,1818.62833431431,36.3638712702547,964327.381666442,118.342819320663,62751.2609043051,21.7974359637175,24.0319322606442,0.0512057600956493,0.983811582999333,49.6879060261019,0.122821766689227,-0.00194901353657551,0.124770780225803
2012-03-01,1389.24,27.35,88.54,229.392,2.17,1853.96425376648,36.4990371285834,984677.047984416,118.158126046244,62756.1154505631,22.0539439729047,24.3159420054878,0.0488728193026747,1.01256842617079,48.5150868125186,0.117992608505796,-0.00252432359350097,0.120516932099297
2012-04-01,1386.43,27.6733333333333,88.3333333333333,230.085,2.05,1844.6415447552,36.8192987374231,981355.194442672,117.527272529717,62524.8844219345,21.7792469068249,24.0151309657655,0.0503822201228445,1.02439778581204,48.9768844862406,0.117881654869303,-0.00932621721997784,0.127207872089281
2012-05-01,1341.27,27.9966666666667,88.1266666666667,229.815,1.8,1786.65288133934,37.2932557709462,952158.384529819,117.390057872637,62560.5169483633,20.9414674197435,23.0952379895969,0.0545987544394901,1.01797973968729,50.230756780313,0.110889437405646,-0.0139636874049375,0.124853124810583
2012-06-01,1323.48,28.32,87.92,229.478,1.62,1765.54451276375,37.7793548836925,942586.939786011,117.286754285814,62616.9218620501,20.5475040868561,22.6655363379158,0.0571069644426978,1.00962602490208,51.2089854081771,0.106698274653016,-0.0189900501475132,0.125688324800529
2012-07-01,1359.78,28.7433333333333,87.4466666666667,229.104,1.53,1816.93052914833,38.4066833184929,971729.558810611,116.845753238704,62491.3668530634,20.9993412933806,23.1682896036712,0.056678853537402,0.987581856773907,51.7863249972431,0.103859262455,-0.0178201011631451,0.121679363618145
2012-08-01,1403.45,29.1666666666667,86.9733333333333,230.379,1.68,1864.90365821103,38.756652082004,999113.832512719,115.570121842703,61916.1782700295,21.4104284534429,23.6254648368311,0.0544923442645206,0.997755577997571,50.8601899938208,0.107735372369024,-0.015773679081038,0.123509051450062
2012-09-01,1443.42,29.59,86.5,231.407,1.72,1909.49520131197,39.1445061082854,1024751.17778506,114.430543371635,61410.3842806721,21.7836903017277,24.0405891087529,0.0535782901870353,0.998703991721953,50.5206046027255,0.0963805834479343,-0.0203035819513407,0.116684165399275
2012-10-01,1437.82,30.1433333333333,86.5033333333333,231.317,1.75,1902.82703843643,39.8920238244487,1022956.67669135,114.479476973158,61543.9779592655,21.5771096545288,23.8168136593662,0.0535082223728747,1.01060040664365,50.4747603842253,0.0926938274568123,-0.0240646010697639,0.116758428526576
2012-11-01,1394.51,30.6966666666667,86.5066666666667,230.221,1.65,1854.29591577224,40.8177091794406,998695.052970558,115.028905269285,61952.7863184725,20.8981620595737,23.0739353423916,0.0555273776575105,0.994997261495749,51.2526528822376,0.1010879063691,-0.0244186488565165,0.125506555225617
2012-12-01,1422.29,31.25,86.51,229.601,1.72,1896.34227191955,41.665691242634,1023210.61031498,115.343966380808,62236.2175775327,21.2382611398456,23.4563138671896,0.0540111379717348,0.984280925917926,51.1339563041852,0.0987718287052188,-0.0214113731690756,0.120183201874294
2013-01-01,1480.4,31.5366666666667,86.9066666666667,230.28,1.91,1968.00048202189,41.9239227245093,1063760.35296676,115.531182039257,62447.8967903933,21.9004754138218,24.1937714165969,0.0505379382364351,0.995293701453323,50.1817750830686,0.0951355801015421,-0.0193232042103775,0.11445878431192
2013-02-01,1512.31,31.8233333333333,87.3033333333333,232.166,1.98,1994.08905492191,41.9613443613621,1079752.07875381,115.115698142708,62332.428965492,22.0527243368619,24.367396962423,0.0495719749669617,1.00345115802528,49.5398716561851,0.0962866850892665,-0.0201137444273847,0.116400429516651
2013-03-01,1550.83,32.11,87.7,232.773,1.96,2039.54801813355,42.228927001843,1106272.52971931,115.337181503009,62560.1135239734,22.4192071146026,24.7772008053697,0.048684797595349,1.01982012266671,49.5812110798305,0.0904675389156073,-0.0194335999804915,0.109901138896099
2013-04-01,1570.7,32.4966666666667,88.7833333333333,232.531,1.76,2067.82951197905,42.781922947908,1123546.49349525,116.883425758286,63508.1192127628,22.5956553961056,24.9769320988704,0.0504525471882447,0.986134609554497,50.6165397182817,0.0924446022394056,-0.0200826818488272,0.112527284088233
2013-05-01,1639.84,32.8833333333333,89.8666666666667,232.945,1.93,2155.01564575329,43.214031745691,1172875.39389332,118.099371096181,64276.0281884489,23.4118417818424,25.8819105047125,0.0475590954888848,0.9688282184179,49.82601101475,0.0882870218322889,-0.0194049005665283,0.107691922398817
2013-06-01,1618.77,33.27,90.95,233.504,2.3,2122.23350852662,43.6175051605112,1157011.84136291,119.236912965088,65006.2868548077,22.9253331739153,25.3472116693516,0.0448994526567771,0.97744062666194,48.1572820631434,0.0946871062073069,-0.017554058565415,0.112241164772722
2013-07-01,1668.68,33.6466666666667,92.09,233.596,2.58,2186.80472568023,44.0939483124711,1194218.44354321,120.683922134797,65905.7317555758,23.4924601771596,25.9760123066142,0.0409753287319043,0.988270071788277,47.0523454500945,0.0950376604993772,-0.0163676594984545,0.111405319997832
2013-08-01,1670.09,34.0233333333333,93.23,233.877,2.74,2186.02289440603,44.5339985334171,1195818.15940534,122.031096794469,66754.5623297906,23.3566490949161,25.8273972509442,0.0393568901358091,0.996231073600151,46.4445551946751,0.0935489712917887,-0.0170338082801265,0.110582779571915
2013-09-01,1687.17,34.4,94.37,234.149,2.81,2205.81396535966,44.9747212245194,1208694.65815657,123.379780289474,67607.0075275374,23.4422871679606,25.9231070761214,0.0382872516907264,1.01891870202142,46.2157599483628,0.0937494985370539,-0.015617214317258,0.109366712854312
2013-10-01,1720.03,34.5966666666667,96.3133333333333,233.546,2.62,2254.58146928228,45.3486297132042,1237487.99386895,126.245621633426,69293.3225871047,23.8347378876314,26.3569189545896,0.0393315132308556,0.993500105334867,47.2116856031204,,,
2013-11-01,1783.54,34.7933333333333,98.2566666666667,233.069,2.72,2342.61373820628,45.6997547936448,1287897.18018798,129.056492819723,70951.3013078876,24.6420770924121,27.2463160081329,0.0370246860121494,0.986770176934887,47.0008102114869,,,
2013-12-01,1807.78,34.99,100.2,233.049,2.9,2374.65585327549,45.9620132461414,1307618.66101202,131.620283717158,72477.5082329734,24.8618692964619,27.4837535986627,0.0349681733050411,1.00586688464186,46.3829780012905,,,
2014-01-01,1822.36,35.4033333333333,100.416666666667,233.916,2.86,2384.93523700816,46.3325891559363,1315405.17618915,131.4159917449,72482.167688598,24.8596090936327,27.4741026093493,0.0352532757884677,1.01541438608389,46.4821763740673,,,
2014-02-01,1817.04,35.8166666666667,100.633333333333,234.781,2.71,2369.21178715484,46.7008259825113,1308879.42317751,131.214326329643,72489.8182130077,24.5909308778941,27.1706751368894,0.037019397023219,1.00139001053349,47.0247772560916,,,
2014-03-01,1863.52,36.23,100.85,236.293,2.72,2414.2683820511,46.9374857697858,1335931.9965526,130.655408221996,72297.9854535127,24.9560391539654,27.5668123650828,0.0363239881840611,1.0031354035167,46.7888201255895,,,
2014-04-01,1864.26,36.6133333333333,101.606666666667,237.072,2.71,2407.2908363282,47.2782454275494,1334251.094013,131.203157057771,72719.9028885534,24.7863153969626,27.3726105711137,0.0367080659453649,1.01538303784309,46.7812955124486,,,
2014-05-01,1889.77,36.9966666666667,102.363333333333,237.9,2.56,2431.73840132408,47.6069654266498,1350000.12341077,131.720182114334,73125.5722298151,24.9432741099026,27.5386323868957,0.0377139623445997,0.998640095861824,47.3356091374073,,,
2014-06-01,1947.09,37.38,103.12,238.343,2.6,2500.84036021616,48.0108329172663,1390583.79481861,132.447220182678,73646.8272764461,25.5580076235113,28.2086010727221,0.0362158968013169,1.00742157114964,47.1833758112469,,,
2014-07-01,1973.1,37.75,104.066666666667,238.25,2.54,2535.23681112277,48.5049868835257,1411957.4107203,133.715292759706,74470.4785408538,25.8175459761587,28.4856362371394,0.0365445676216865,1.01268702569281,47.5521051363174,,,
2014-08-01,1961.53,38.12,105.013333333333,237.852,2.42,2524.58787428737,49.0623593663286,1408303.7026791,135.157447488354,75395.5668095862,25.6176064217994,28.2560555335151,0.0378218159142647,0.99237806645546,48.2359788018181,,,
2014-09-01,1993.23,38.49,105.96,238.031,2.53,2563.45819168512,49.5013148497465,1432288.06052807,136.273300116371,76140.3565537115,25.9184368926062,28.5781558788541,0.0361299973837449,1.02248516152401,47.8323302563897,,,
2014-10-01,1937.27,38.8066666666667,104.743333333333,237.433,2.3,2497.76409313364,50.0342743005395,1397912.26478461,135.047844128659,75581.6124345543,25.1627482830833,27.7369456182882,0.0387945171496859,0.999262645159403,49.0310274907661,,,
2014-11-01,2044.57,39.1233333333333,103.526666666667,236.151,2.33,2650.41902289213,50.716398511969,1485713.3060509,134.203791853517,75228.9949464987,26.6068171471434,29.3186545233815,0.0357308939138589,1.01261914479234,49.2608541650773,,,
2014-12-01,2054.27,39.44,102.31,234.812,2.21,2678.17888108359,51.4184479498492,1503676.23177543,133.382895784713,74888.459293542,26.7940854825726,29.5153328822314,0.0364624524210645,1.0316759538025,50.1669356035991,,,
2015-01-01,2028.18,39.8966666666667,101.29,233.707,1.88,2656.66699307252,52.2597390108127,1494043.4034385,132.677474251948,74614.5097251159,26.4922954203831,29.1746711653515,0.0394916906653373,0.992569573504747,52.000730981533,,,
2015-02-01,2082.2,40.3533333333333,100.27,234.722,1.98,2715.63245243309,52.6293447141725,1529670.56318791,130.773444436397,73662.5047405875,26.9955136993832,29.7199166956193,0.0376433553553971,0.996267357373706,51.3911493021716,,,
2015-03-01,2079.99,40.81,99.25,236.119,2.04,2696.70013308967,52.910029582541,1521489.91438786,128.677295664474,72600.2884643655,26.7286054529285,29.4183691718077,0.0372238803167478,1.01071449858221,50.8964032843177,,,
2015-04-01,2094.86,41.12,97.8033333333333,236.599,1.94,2710.46899881234,53.2037869982544,1531759.85211664,126.544448307051,71513.7142354054,26.7913716801923,29.4803738461988,0.0376597012649435,0.978470998529446,51.3373703579854,,,
2015-05-01,2111.94,41.43,96.3566666666667,237.805,2.2,2718.71033977418,53.3330347343412,1538928.92089082,124.040392233132,70213.1978436745,26.8061113796508,29.4898961863533,0.0356626868782199,0.987698915185162,49.977381725373,,,
2015-06-01,2099.29,41.74,94.91,238.638,2.36,2692.99273156413,53.5445396374425,1526897.18638725,121.751611331808,69031.821215751,26.4958952927848,29.1429360791733,0.0348038208352846,1.00550706117902,49.1902984931354,,,
2015-07-01,2094.14,41.9966666666667,93.4933333333333,238.654,2.32,2686.20615137395,53.8701826703093,1525594.58688126,119.926254745364,68110.5003690386,26.3811363363997,29.0117038642389,0.0349037508085825,1.01530589608383,49.4578764662295,,,
2015-08-01,2039.87,42.2533333333333,92.0766666666667,238.316,2.17,2620.30372876769,54.2762856879102,1490734.98442454,118.276573016499,67289.5372005062,25.6936584170577,28.2525251817719,0.0367528378336552,1.00180833333333,50.2860925842314,,,
2015-09-01,1944.41,42.51,90.66,237.945,2.17,2501.57545766879,54.6911262056357,1425781.36057509,116.638379247305,66478.4372378963,24.4967521704864,26.9361052685383,0.0372582690419318,1.01076643189746,50.4555736476913,,,
2015-10-01,2024.81,42.8033333333333,89.2833333333333,237.838,2.07,2606.18582091592,55.0932879733264,1488021.10666012,114.918909614948,65613.8030101447,25.4914410460667,28.0280902614516,0.0364149701817411,0.984859588039427,51.0217437943202,,,
2015-11-01,2080.62,43.0966666666667,87.9066666666667,237.336,2.26,2683.68472987663,55.588173833721,1534914.55632308,113.386288215863,64850.487962486,26.2258518909719,28.8327831370352,0.0340224225535027,1.00366034743352,50.3555380204051,,,
2015-12-01,2054.08,43.39,86.53,236.525,2.24,2658.53662488109,56.1584281788394,1523207.89309279,111.993288553007,64166.5266149903,25.9654240371242,28.5443767836092,0.0346694211981527,1.01529086340699,50.713148503829,,,
2016-01-01,1918.6,43.5533333333333,86.5,236.916,2.09,2479.09057007547,56.2767945178882,1423081.30223109,111.769693688902,64159.560431038,24.2061672038785,26.6116849608233,0.0383634760589548,1.02990387088175,51.4036208912902,,,
2016-02-01,1904.42,43.7166666666667,86.47,237.111,1.78,2458.7443583385,56.4413876834057,1414101.83069727,111.639042157471,64207.1524665739,24.0026067772898,26.3895620404543,0.041692460653196,0.991543381211897,52.8972496484076,,,
2016-03-01,2021.95,43.88,86.44,238.132,1.89,2599.29156360758,56.4093641341777,1497638.5520586,111.121819411083,64025.2609807094,25.3722986201879,27.8939513222889,0.0382188111755389,1.00883210787797,52.2250367574257,,,
2016-04-01,2075.54,44.0733333333333,86.6,239.261,1.81,2655.59314451582,56.3905498597766,1532785.49023819,110.802184643548,63954.0666306731,25.9223375436739,28.4958383197948,0.0378016958359209,1.00150833333333,52.4376832948307,,,
2016-05-01,2065.55,44.2666666666667,86.76,240.229,1.81,2632.16205214608,56.409692418484,1521974.53125272,110.559598965987,63928.0144908069,25.69470992345,28.2432928379646,0.0380505797486107,1.0170574109451,52.3051610507331,,,
2016-06-01,2083.89,44.46,86.92,241.018,1.64,2646.8398043922,56.4705899559369,1533182.57916796,110.400892464463,63949.7429237047,25.8403729276705,28.4007428845818,0.0396640157747591,1.01425930491936,53.02320405983,,,
2016-07-01,2148.9,44.65,87.6433333333333,240.628,1.5,2733.8355667254,56.8038336145419,1586316.86445714,111.500052051299,64698.2631690193,26.6940032560963,29.3346491159755,0.0393614274118523,0.995740700499458,53.8664413440536,,,
2016-08-01,2170.95,44.84,88.3666666666667,240.849,1.56,2759.35335469526,56.9932077774871,1603879.51716605,112.317122969163,65284.5467039343,26.9488724337239,29.6093277441378,0.0383008060502644,0.994894326517987,53.5877913963075,,,
2016-09-01,2157.69,45.03,89.09,241.428,1.63,2735.92228521547,57.0974424051891,1593025.82899186,112.964937683284,65775.2833376828,26.7278733464785,29.3609650106029,0.038651942503325,0.989536920266635,53.1863299136485,,,
2016-10-01,2143.02,45.2533333333333,90.91,241.729,1.76,2713.93732258024,57.3091759780581,1583005.55282715,115.129136450322,67153.3792533508,26.5251430850706,29.1324610515877,0.0383180539483978,0.967540536222196,52.5643026368868,,,
2016-11-01,2164.99,45.4766666666667,92.73,241.353,2.14,2746.03164752458,57.6817287334319,1604529.52178125,117.616947272253,68724.5772750798,26.8509535310563,29.4829974517928,0.0340535797028329,0.971056307872668,50.9373245745016,,,
2016-12-01,2246.63,45.7,94.55,241.432,2.49,2848.6498282125,57.9460334586964,1667311.72265411,119.886158939163,70169.24165392,27.8650982239235,30.5861418594489,0.029079989463698,1.00735764746594,49.4468253305144,,,
2017-01-01,2275.12,45.9266666666667,96.4633333333333,242.839,2.43,2868.05989894539,57.8960366745045,1681496.29053508,121.603527748838,71294.1458791839,28.0635737421245,30.7921384711158,0.0297075138313806,1.00290586325218,49.5220366852333,,,
2017-02-01,2329.91,46.1533333333333,98.3766666666667,243.603,2.42,2927.91765095257,57.9993044010131,1719423.5746201,123.626568740943,72599.8686040278,28.6551065251841,31.4274853621097,0.0288484261142454,0.99674665450456,49.5101761258957,,,
2017-03-01,2366.82,46.38,100.29,243.801,2.48,2971.88563439034,58.2368138358743,1748093.80256946,125.928634316512,74072.52239701,29.0869217424646,31.8860262950056,0.0268905110330753,1.0180137495985,49.3090241475232,,,
2017-04-01,2359.31,46.66,101.533333333333,244.524,2.3,2953.69645525593,58.4151623153555,1740258.10645532,127.112862132142,74892.3229286373,28.9042459562752,31.6708213330815,0.0285503708482296,1.00191666666667,50.0488430475096,,,
2017-05-01,2395.35,46.94,102.776666666667,244.733,2.3,2996.25513161282,58.7155179317869,1768215.64907544,128.559548671409,75868.3742917778,29.3133449802714,32.103121568919,0.0275350158419584,1.01171377760442,50.1019467692104,,,
2017-06-01,2433.99,47.22,104.02,244.955,2.19,3041.82920832398,59.0122289808332,1798012.95291262,129.996866975567,76840.622747822,29.7485032406327,32.5625837944021,0.0280313722755173,0.990318717834857,50.6428911068659,,,
2017-07-01,2454.1,47.5366666666667,105.04,244.786,2.32,3069.07869628982,59.4489918745353,1817048.35337168,131.362220878645,77773.0161925598,30.0022207440186,32.8224408384885,0.0264028165660062,1.0117210216152,50.1872282933826,,,
2017-08-01,2456.22,47.8533333333333,106.06,245.519,2.21,3062.55926445611,59.6663447635417,1816132.3118824,132.24183321861,78420.9040713971,29.9149593974975,32.710126862242,0.0280905688960866,1.00273188467194,50.6238830780447,,,
2017-09-01,2492.84,48.17,107.08,246.819,2.2,3091.84818470215,59.7448400447291,1836453.42034248,132.810410462728,78884.8992515654,30.1681144106789,32.9702807707014,0.028167211336622,0.987698915185162,50.4948163873927,,,
2017-10-01,2557,48.4233333333333,108.013333333333,246.663,2.36,3173.43102735311,60.0970310707321,1887885.50802915,134.052742811042,79748.4578310213,30.9203932903338,33.7753504529593,0.0254791571793293,1.00285049175572,49.9052175669998,,,
2017-11-01,2593.61,48.6766666666667,108.946666666667,246.669,2.35,3218.78851933157,60.4099675070641,1917863.68500851,135.207791412784,80561.4011369198,31.2989133338803,34.1729359722271,0.0245885658555861,0.997549792830243,50.0462546188174,,,
2017-12-01,2664.34,48.93,109.88,246.524,2.4,3308.51253163992,60.7600824868978,1974341.21377312,136.446308270189,81423.7719545516,32.086132007706,35.0171411066058,0.0233131297724968,0.986265402854104,49.9529949096847,,,
2018-01-01,2789.8,49.2866666666667,111.733333333333,247.867,2.58,3445.53530522417,60.871370735112,2059136.05065578,137.995965578314,82469.7593829686,33.3073438280307,36.3339404116958,0.0204186633335549,0.977998474173678,48.9999712776552,,,
2018-02-01,2705.16,49.6433333333333,113.586666666667,248.991,2.86,3325.91888020049,61.0350957464326,1990690.02559488,139.651643232085,83586.8652404676,32.0353823392503,34.9340847841563,0.0189758375966554,1.00411008393878,47.7055671868334,,,
2018-03-01,2702.77,50,115.44,249.554,2.84,3315.48371564872,61.3349214999559,1987503.45460517,141.610066759098,84889.7238017369,31.8084090576431,34.6757286473025,0.0187511323837986,0.99978023319016,47.7935737845823,,,
2018-04-01,2653.63,50.33,117.786666666667,250.546,2.87,3242.31525478355,61.4952826027955,1946713.81229302,143.916637264215,86408.7800122675,30.9701792933252,33.7537212506935,0.0190908600638814,0.993298828410901,47.5938803112485,,,
2018-05-01,2701.49,50.66,120.133333333333,251.588,2.976,3287.1217227173,61.6421258168116,1976700.20386166,146.175958312797,87902.4480899726,31.2436150748646,34.0441870614189,0.0173182662553253,1.00815934729909,47.0791472901916,,,
2018-06-01,2754.35,50.99,122.48,251.989,2.91,3346.1074873308,61.9449310287354,2015275.30495273,148.794178317307,89614.9433988457,31.6305564964546,34.4589196336743,0.0167309792950137,1.00414765058715,47.3877522166685,,,
2018-07-01,2793.64,51.44,125.116666666667,252.006,2.89,3393.60979143354,62.4873955382015,2047020.94658171,151.987065288128,91678.3971568093,31.886366962159,34.7317775713253,0.0161531508509479,1.00240833333333,47.581090079414,,,
2018-08-01,2857.82,51.89,127.753333333333,252.146,2.89,3469.64572926003,62.999040139443,2096052.46873123,155.10382298351,93699.9845063639,32.3902768803011,35.2746294082956,0.0161270836525876,0.992983106398944,47.6691989469146,,,
2018-09-01,2901.5,52.34,130.39,252.439,3,3518.58841640951,63.4716242339734,2128814.63053444,158.121228197703,95666.427597927,32.6228911205002,35.5220185122414,0.0150651115839449,0.989738410387535,47.2797689680055,,,
2018-10-01,2785.46,52.81,131.056666666667,252.885,3.15,3371.91176285663,63.9286366332523,2043295.56653803,158.649384997133,96137.623934737,31.0379610780065,33.7937438499361,0.0163400871283167,1.00518094337454,46.7120741962526,,,
2018-11-01,2723.23,53.28,131.723333333333,252.038,3.12,3307.65833654052,64.7143414881883,2007627.51262761,159.992281818615,97109.4575393992,30.1955834067052,32.880333947032,0.0191635407465583,1.02764979720232,47.1118809161022,,,
2018-12-01,2567.31,53.75,132.39,251.233,2.83,3128.26814958624,65.4943941480617,1902056.96180439,161.317262163012,98084.5013548356,28.2918570120729,30.8183350950223,0.0250243755539649,1.01278317553378,48.5696445077543,,,
2019-01-01,2607.39,54.1466666666667,133.056666666667,251.712,2.71,3171.05971199228,65.8521790776761,1931411.82135027,161.821068224797,98561.0970777145,28.3801644635476,30.9291056942933,0.0258662213027126,1.0048682752251,49.096910792719,,,
2019-02-01,2754.86,54.5433333333333,133.723333333333,252.776,2.68,3336.30726275438,66.0553781806817,2035412.62270196,161.947296123841,98800.723309514,29.5415489651312,32.2086400106895,0.0247054122012904,1.01185351705009,49.128260300191,,,
2019-03-01,2803.98,54.94,134.39,254.202,2.57,3376.74521620601,66.1625197677437,2063446.68826688,161.841664207992,98897.4958580965,29.5761960147848,32.2610386316494,0.0260911244831999,1.00564661219801,49.4317408072062,,,
2019-04-01,2903.8,55.3190915805927,134.683333333333,255.548,2.53,3478.53645694742,66.2681578718593,2129023.40548989,161.340617516083,98747.8369708875,30.1335171713875,32.8836903637197,0.0261496180521302,1.01357053864137,49.4490299842946,,,
2019-05-01,2854.71,55.6981831611854,134.976666666667,256.092,2.4,3412.46597131109,66.5805474816698,2091981.10817174,161.348536951564,98913.2474789596,29.2420309369398,31.9266483401299,0.0283841389333228,1.03247222756492,50.0136130481122,,,
2019-06-01,2890.17,56.0772747417781,135.27,256.143,2.06,3454.16629255923,67.0203594223292,2120968.96101344,161.666986507537,99268.7182263631,29.2837962753063,31.9879420345962,0.0308851193899542,1.04106580377046,51.6273850241394,,,
2019-07-01,2996.11363636364,56.4581831611854,134.48,256.571,1.63,3574.81078226264,67.363039726531,2198495.47199431,160.454713120345,98679.0579253958,29.9866853350425,32.7703881546062,0.0347160140553524,1.00135833333333,53.6578459585394,,,
2019-08-01,2897.49818181818,56.8390915805927,133.69,256.558,1.63,3457.32300163918,67.8209566953199,2129716.72261681,159.520207808761,98264.7134805025,28.7053973718331,31.38611285417,0.0359714123806792,0.9949744014301,53.7334537786214,,,
2019-09-01,2982.156,57.22,132.9,256.759,1.7,3555.55194127567,68.222011886633,2193727.98564149,158.45343201212,97763.6479418761,29.2295202330353,31.9741341204769,0.0346628074168119,1.00050511892679,53.4215579665895,,,
2019-10-01,2977.68,57.56,135.09,257.346,1.71,3542.11736028537,68.4708481965913,2188959.49533402,160.697131391201,99307.6953281323,28.8411228819534,31.5642812305707,0.0351579414647967,0.992353615152538,53.3266273749304,,,
2019-11-01,3104.9045,57.9,137.28,257.208,1.81,3695.43969209259,68.9122509797518,2287258.5772534,163.389875898106,101128.668364952,29.8368676590834,32.663322842582,0.032874241630863,0.996983609500104,52.9472640609619,,,
2019-12-01,3176.74952380952,58.24,139.47,256.974,1.86,3784.39215582121,69.3800368908917,2345893.40217031,166.147557437717,102992.618822632,30.3318223222433,33.2092875773066,0.0319140832649583,1.01064339466669,52.8356226760009,,,
2020-01-01,3278.20285714286,58.6868678621267,131.756666666667,257.971,1.76,3890.15837109598,69.6421851350081,2415053.96597043,156.352221664451,97065.213546213,30.9852203002307,33.9231583992878,0.0322657301883274,1.02541013770738,53.1916018826733,,,
2020-02-01,3277.31421052632,59.1337357242534,124.043333333333,258.678,1.5,3878.47441986908,69.9806813216678,2411420.83729805,146.796695215674,91270.0643005698,30.7296892647357,33.6436527315925,0.0353872755164987,1.06108508010022,54.3941342607859,,,
2020-03-01,2652.39363636364,59.5806035863801,116.33,258.115,0.87,3145.77081113422,70.6633137337604,1959527.47812298,137.968781647715,85941.9312446257,24.8171686290994,27.1816336779165,0.0488014708947206,1.02087776762849,57.8426961047064,,,
2020-04-01,2761.97523809524,59.6137357242534,110.63,256.389,0.66,3297.78802795752,71.1785758473506,2057915.11134993,132.091803177983,82429.1056735362,25.9273588252802,28.4079625075492,0.0483174365444449,0.999590818618744,59.4478467684448,,,
2020-05-01,2919.615,59.6468678621267,104.93,256.394,0.67,3485.94132823896,71.2167466534443,2179031.6551585,125.283581421562,78313.6788842985,27.3284809976985,29.9517732962635,0.0461632298698543,0.994820277110528,59.422362984246,,,
2020-06-01,3104.66090909091,59.68,99.23,257.797,0.73,3686.70730244234,70.8685097188873,2308220.32984703,117.833147107996,73774.466854027,28.8383159551228,31.6132845033273,0.0443015232359107,1.01118544552722,58.7928543525152,,,
2020-07-01,3207.61909090909,59.4033333333333,98.8933333333333,259.101,0.62,3789.79785200471,70.1849623312917,2376426.42219316,116.842346806844,73267.0319172724,29.599194927667,32.4533413372533,0.045001885969565,0.997636276251347,59.1512770594638,,,
2020-08-01,3391.71,59.1266666666667,98.5566666666667,259.918,0.65,3994.7048800968,69.6384961795643,2508554.14827925,116.078555448257,72893.8308426258,31.1582089653552,34.1656651999897,0.0431914041795455,0.997665544232981,58.8259691162086,,,
2020-09-01,3365.51666666667,58.85,98.22,260.28,0.68,3958.34179873598,69.2162416436146,2489341.37285438,115.521142807745,72649.5019511884,30.8394260438112,33.8190048502986,0.0433056084279171,0.990077997517369,58.6070177485316,,,
2020-10-01,3418.70136363636,58.6596153786701,96.8566666666667,260.388,0.79,4019.22708303221,68.9637057269683,2531245.39465307,113.870413479116,71713.7782343966,31.2836940325928,34.3079085753454,0.0416606974902217,0.993060227923782,58.001451780491,,,
2020-11-01,3548.9925,58.4692307573401,95.4933333333333,260.229,0.87,4174.95437304739,68.7818784173464,2632929.78031013,112.336193890765,70844.6808930748,32.4732040966126,35.6120313019685,0.0395848371504078,0.995043227191343,57.6341278922123,,,
2020-12-01,3695.31,58.2788461360102,94.13,260.474,0.93,4342.99013346821,68.4934291733588,2742500.93151627,110.628245333507,69859.2574597601,33.7655914181171,37.0265964006042,0.037727217459252,0.98667487501524,57.2945070695398,,,
2021-01-01,3793.74842105263,58.0636931123077,105.486666666667,261.582,1.08,4439.79600953349,67.9515150631082,2807207.49414452,123.450273910284,78055.50825556,34.5124322941069,37.8411804678567,0.035534737619675,0.984128411931971,56.2915983304614,,,
2021-02-01,3883.43210526316,57.8485400886052,116.843333333333,263.014,1.26,4520.00791518302,67.3311266927786,2861471.81149042,135.9964014273,86094.9530289924,35.1039071719698,38.4806381927521,0.033301489166803,0.968990480532131,55.0965417101268,,,
2021-03-01,3910.50826086956,57.6333870649026,128.2,264.877,1.61,4519.50949923681,66.6088965773207,2864670.27642382,148.165169116231,93913.8099035416,35.0425451121921,38.4006800763065,0.0295822469860887,0.998597711794002,53.0125222527293,,,
2021-04-01,4141.17619047619,57.7106054214072,138.386666666667,267.054,1.64,4747.08453814584,66.1544233044321,3012411.97285629,158.634449586975,100666.485166477,36.719814109133,40.2197494362748,0.0281584582537585,1.00319774885414,52.5066361455386,,,
2021-05-01,4167.8495,57.7878237779117,148.573333333333,269.195,1.62,4739.66213269656,65.716086939106,3011177.03611347,168.957012946006,107340.874355507,36.5521339897991,40.0146914376845,0.0288183454256166,1.01055006162021,52.2556005366801,,,
2021-06-01,4238.48954545455,57.8650421344162,158.76,271.696,1.52,4775.6249938392,65.1981651772697,3037476.54993619,178.879342721277,113773.968744366,36.6962580130884,40.1480495217305,0.0307615937653314,1.01984717906753,52.3208053768073,,,
2021-07-01,4363.71285714286,58.3281890057922,164.316666666667,273.003,1.32,4893.17885764992,65.4053716621086,3115711.90385322,184.253837412043,117322.887892771,37.4433831846154,40.9373560421151,0.032616581086395,1.00482337570414,53.1037688407352,,,
2021-08-01,4454.20636363636,58.7913358771682,169.873333333333,273.567,1.28,4984.35505226906,65.7888000882336,3177258.87416613,190.092002507612,121173.450836006,37.9735006140705,41.4868367187197,0.0325734288473695,0.992725830987976,53.2498986983278,,,
2021-09-01,4445.54333333333,59.2544827485442,175.43,274.31,1.37,4961.18649256316,66.1274713557835,3166002.88683384,195.778306751486,124936.783828582,37.6203466866512,41.0706765307405,0.0320424160757775,0.981877871664002,52.7193656744432,,,
2021-10-01,4460.70714285714,59.6353609264937,182.91,276.589,1.58,4937.09122877265,66.0041576202423,3154136.45891169,202.443990993857,129334.448826876,37.2530250003253,40.6388878864022,0.0312587288141007,1.00315309983351,51.3374608529732,,,
2021-11-01,4667.38666666667,60.0162391044431,190.39,277.948,1.56,5140.58533178868,66.1009298014212,3287660.92065191,209.692513437765,134108.82949836,38.5826274977192,42.054857617859,0.0311199858999043,1.00960024837217,51.2475319591836,,,
2021-12-01,4674.77272727273,60.3971172823926,197.87,278.802,1.47,5132.94914695081,66.3166638720871,3286311.60067959,217.263321012762,139100.340136928,38.3048498734674,41.7172658195547,0.0327733520767954,0.974854155466597,51.58103737192,,,
2022-01-01,4573.8155,60.9214029629533,197.883333333333,281.148,1.76,4980.19087625112,66.3341613155401,3192049.01668343,215.464915720546,138102.050593144,36.9367580702974,40.1942548331765,0.0312477863138659,0.986134609554497,49.8644009443753,,,
2022-02-01,4435.98052631579,61.445688643514,197.896666666667,283.716,1.93,4786.39071666644,66.2994510363086,3071374.18734894,213.529063658729,137019.247527492,35.2871492256949,38.3704950091122,0.0312936789228796,0.983743872386653,48.7279316391474,,,
2022-03-01,4391.26521739131,61.9699743240747,197.91,287.504,2.13,4675.71596512381,65.9841717502824,3003883.86167818,210.729915149007,135382.088221467,34.2707986932917,37.2394117416022,0.0307166730545959,0.948015898863032,47.3042274688982,,,
2022-04-01,4391.296,62.6533162160498,196.026666666667,289.109,2.75,4649.79113842876,66.3414250678076,2990780.34106809,207.565843332445,133507.898577498,33.8891647559138,36.8008523483729,0.0251061798781962,0.989377925223517,44.5962000535237,,,
2022-05-01,4040.36,63.3366581080249,194.143333333333,292.296,2.9,4231.55057168076,66.3337603147645,2725320.41983831,203.330231255303,130954.368103043,30.6731550795451,33.2921108950378,0.0279425478744792,0.981988461726157,43.6414137103953,,,
2022-06-01,3898.94666666667,64.02,192.26,296.311,3.14,4028.11504027863,66.1409213630273,2597848.05911645,198.629389897776,128101.846613033,29.0477213951038,31.5155035552046,0.0289158136599704,1.02327865297571,42.2746765571571,,,
2022-07-01,3911.7295,64.4527684478357,190.583333333333,296.276,2.9,4041.79877044124,66.5958932651137,2610252.22806813,196.920436940555,127174.072354948,29.0046183172089,31.457727149067,0.0315222012424608,1.00241666666667,43.263884375135,,,
2022-08-01,4158.56304347826,64.8855368956714,188.906666666667,296.171,2.9,4298.36313512259,67.0668201681787,2779554.60715271,195.257218296187,126263.901776998,30.6987633651753,33.2818904022345,0.0290139174288998,0.950580898268726,43.3838139546457,,,
2022-09-01,3850.52047619048,65.3183053435071,187.23,296.808,3.52,3971.42330083758,67.3692404485205,2571767.97124436,193.108850923829,125051.176908029,28.229884655822,30.5974323457038,0.0254265540029992,0.96529350397213,41.1513172235564,,,
2022-10-01,3726.05095238095,65.8522035623381,182.403333333333,298.012,3.98,3827.5192372287,67.6454989934286,2482230.68008302,187.370563685355,121513.9449073,27.0807669254007,29.3469983360966,0.0227846900773503,1.01071195582799,39.5626136736294,,,
2022-11-01,3917.48857142857,66.386101781169,177.576666666667,297.711,3.89,4028.2387370638,68.2628837127779,2616090.87015602,182.596884310623,118585.335464041,28.3789490162733,30.7479321353022,0.0223790464740162,1.02570958339298,40.0268348052797,,,
2022-12-01,3912.38095238095,66.92,172.75,296.797,3.62,4035.37569449826,69.0237849439179,2624461.43585165,178.180795712221,115882.302506217,28.3169012845273,30.6761579981774,0.0251174627093332,1.01053767922558,41.1823416081239,,,
2023-01-01,3960.6565,67.35,173.556666666667,299.17,3.53,4052.76556039626,68.9162921583046,2639506.22546797,177.592901945382,115663.62852677,28.3348134237557,30.6916344927556,0.0265093591496973,0.984745631113092,41.2862096462773,,,
2023-02-01,4079.6847368421,67.78,174.363333333333,300.84,3.75,4151.38841004398,68.9712868966893,2707481.15927757,177.427906279085,115716.157085769,28.9197629438666,31.3205283040231,0.0233296729483026,1.0106002730113,40.4307257951752,,,
2023-03-01,3968.55913043478,68.21,175.17,301.675,3.66,4027.13212961689,69.216729178752,2630204.69399776,177.755379713268,116095.77710818,27.9530414690701,30.2708018681804,0.0254420091289783,1.01981844929931,40.7462089073245,,,
2023-04-01,4121.46736842105,68.3766666666667,177.17,303.363,3.46,4159.0256617528,68.9997726321272,2720102.56743094,178.784522749973,116929.367332675,28.7646840771004,31.1455128795112,0.0271121943849129,0.993708236195877,41.3225185072305,,,
2023-05-01,4146.17318181818,68.5433333333333,179.17,304.127,3.57,4173.44606272066,68.9942006957619,2733294.17752481,180.348552331756,118114.776279646,28.7618058273031,31.1378385302862,0.0260913051119685,0.988087334547075,40.9593734608717,,,
2023-06-01,4345.37285714286,68.71,181.17,305.109,3.75,4359.87836912382,68.9393643746989,2859155.86591632,181.774772868057,119205.712664355,29.9395930272315,32.4060308458713,0.0230084871035798,0.9908052690027,40.3411799374542,,,
2023-07-01,4508.0755,,,305.691,3.9,4514.51263735684,,2960563.16163842,,,30.8909260883331,33.3844922047334,0.0206351528572389,0.981351460803067,39.8941549400882,,,
2023-08-01,4457.35869565217,,,305.982,4.17,4459.47825069207,,2924472.27190764,,,30.4697425071386,32.9064995380872,0.0183568756955532,1.0099876229275,39.1129539773652,,,
2023-09-01,4515.77,,,306.1275,4.09,4515.77,,2961387.72495703,,,30.8109606107915,33.2517463004377,0.0187228535699092,,39.4848236622705,,,
